Time	  Pressure(m)	  Flow(cms)	
0	 0.05002022516772983	 9.888772780611847	
1	 0.04983416301742029	 9.827542747191055	
2	 0.04967357688652407	 9.774818832659609	
3	 0.04954592814388174	 9.73298994664228	
4	 0.04944403417807661	 9.699652093089151	
5	 0.04936214949498973	 9.672894082278537	
6	 0.049292868704173494	 9.650277827100233	
7	 0.0492330273736866	 9.630760069931279	
8	 0.04918220773477918	 9.61419722738257	
9	 0.04913717457054103	 9.599529810550651	
10	 0.04908224786681817	 9.581652170223864	
11	 0.04904701922290291	 9.570192906692963	
12	 0.0490163496963118	 9.560221111348056	
13	 0.04897747574430933	 9.547587730772102	
14	 0.04893140909100864	 9.532625495666524	
15	 0.048880302110014213	 9.5160371704821	
16	 0.04883269310334218	 9.500594618199871	
17	 0.048781850358738506	 9.48411424354419	
18	 0.04874429954070974	 9.471949717302856	
19	 0.04873392379530634	 9.468589612761097	
20	 0.04872944606475014	 9.467139681816407	
21	 0.048725029852606766	 9.465709758105595	
22	 0.04871401283573273	 9.46214293887142	
23	 0.04869752811808745	 9.45680692600749	
24	 0.04867645233100642	 9.44998656289034	
25	 0.04865412538342666	 9.442763457262604	
26	 0.04863270201999674	 9.43583475187918	
27	 0.04861331437492345	 9.429566188522346	
28	 0.04859914087926134	 9.424984558710237	
29	 0.04858428255760983	 9.420182512912959	
30	 0.048568294384278565	 9.41501640496067	
31	 0.04855109682731159	 9.40946078575825	
32	 0.048534008440860164	 9.403941733068729	
33	 0.04851911739813507	 9.399133414788349	
34	 0.048494804421445374	 9.391284867965963	
35	 0.048484712450854214	 9.388027818157118	
36	 0.048475360226152515	 9.385009914990063	
37	 0.048461956969251395	 9.380685446349164	
38	 0.0484409959627921	 9.373924120206675	
39	 0.04841492848092619	 9.365518335046621	
40	 0.048381617776330176	 9.3547812727833	
41	 0.04834742890049292	 9.34376627272202	
42	 0.04831936866966533	 9.33472968354751	
43	 0.048335617494739094	 9.339962070869738	
44	 0.04834990150951281	 9.344562725782213	
45	 0.04836110205976606	 9.34817087950353	
46	 0.048369811117425186	 9.35097680695124	
47	 0.048376251554814856	 9.35305203570047	
48	 0.048380916984468524	 9.354555438977266	
49	 0.04836409430195876	 9.349134896969277	
50	 0.04834233950178262	 9.342127009978418	
51	 0.04831719175437262	 9.334028770325439	
52	 0.04829430039112083	 9.32665958866709	
53	 0.04827507797737321	 9.320473312688161	
54	 0.04825833970819734	 9.31508783684837	
55	 0.04824490509740726	 9.310766201562616	
56	 0.04823346163655019	 9.30708571053589	
57	 0.04822602743530852	 9.304695005309068	
58	 0.04820500215909028	 9.297934985141259	
59	 0.048212036221260766	 9.300196349139522	
60	 0.048193665978178785	 9.294291006102101	
61	 0.048168796352913566	 9.286298746548303	
62	 0.048140440699665055	 9.277189550893508	
63	 0.04811161509793816	 9.267933050945615	
64	 0.04808308812133667	 9.25877608504219	
65	 0.04805623629107555	 9.250160138101984	
66	 0.048031512124813935	 9.24222973227798	
67	 0.04801609884757608	 9.237287219726607	
68	 0.048001877818623445	 9.232727958598085	
69	 0.047987753492012786	 9.228200591467013	
70	 0.04797276670347669	 9.223397744805725	
71	 0.04795861298726156	 9.218862792852054	
72	 0.04794517593015286	 9.214558289145748	
73	 0.04793273254571012	 9.210572821391802	
74	 0.04792223427301494	 9.207210886153504	
75	 0.04791479796010522	 9.204829800746062	
76	 0.04791054798846941	 9.203469083021298	
77	 0.04790308469599386	 9.201079747835498	
78	 0.047891500887389256	 9.19737174183612	
79	 0.04787554694949158	 9.192265825317705	
80	 0.04785782012312477	 9.186593841809728	
81	 0.047843064895027626	 9.181873736991282	
82	 0.0478076878120831	 9.170560782880665	
83	 0.04777313301880897	 9.159516168748548	
84	 0.047731669718792266	 9.146270443301557	
85	 0.04768049947774431	 9.12993434325538	
86	 0.04761895341025488	 9.110301238366084	
87	 0.04755568648883174	 9.090136808998771	
88	 0.047529748667502245	 9.081875074418173	
89	 0.047479777557439	 9.065966710863618	
90	 0.04745264515801474	 9.057333752295408	
91	 0.047440944637346646	 9.053611908129989	
92	 0.04742987419489683	 9.050091050283859	
93	 0.04741427107757516	 9.04512954484832	
94	 0.047395034419384384	 9.03901413806079	
95	 0.04737368787966814	 9.032229928597404	
96	 0.047351826583546544	 9.02528423478367	
97	 0.0473290923635576	 9.018063465866511	
98	 0.047309152103944575	 9.011732008728547	
99	 0.047293931757740784	 9.006900421703607	
100	 0.047284674976395866	 9.003962431389251	
101	 0.047278306993555286	 9.001941533345432	
102	 0.04727673381198063	 9.001442307506634	
103	 0.04728041612156385	 9.002610851212216	
104	 0.04728869363942166	 9.005237859280388	
105	 0.04730085033134555	 9.009096543553026	
106	 0.04730109386491054	 9.009173850872331	
107	 0.04730469307278218	 9.010316414719826	
108	 0.047313448893618895	 9.013096180620078	
109	 0.0473272597751019	 9.017481505776969	
110	 0.047326433168483395	 9.017219012007198	
111	 0.04730654272809875	 9.010903607934532	
112	 0.04726619269857717	 8.99809752723568	
113	 0.04719053183158262	 8.974104320058652	
114	 0.047106457764061624	 8.947473225800747	
115	 0.047034865722822686	 8.924820871337893	
116	 0.046987651459427994	 8.909894432343552	
117	 0.046963538284537684	 8.902275086894113	
118	 0.04694828536844098	 8.897456776095655	
119	 0.04693632035576564	 8.893677825909402	
120	 0.046906750787534195	 8.884341524378478	
121	 0.04685152049337117	 8.866913607038965	
122	 0.04678310005571794	 8.845342527062359	
123	 0.04671583421441665	 8.82415595195509	
124	 0.04666045989745598	 8.80673007891106	
125	 0.04661332345724927	 8.79190746083027	
126	 0.04657467260362753	 8.779760690625858	
127	 0.04654323838901383	 8.769886841012857	
128	 0.04651734085252475	 8.761755465207212	
129	 0.04648547448638099	 8.751754121554455	
130	 0.04643169919095363	 8.734886965093045	
131	 0.046388866621798176	 8.72146141748943	
132	 0.04634582703009681	 8.707979301881826	
133	 0.046304325347873876	 8.694986837468907	
134	 0.04626334570884497	 8.682165418357139	
135	 0.04622120442625611	 8.668988446505628	
136	 0.0461812350258039	 8.656497989314465	
137	 0.046144756370771894	 8.645104680176054	
138	 0.04611488644228379	 8.635779932110362	
139	 0.04610759159116836	 8.633503248379688	
140	 0.04610716578145861	 8.633370362880482	
141	 0.046110810886326896	 8.634507943453082	
142	 0.04611420519099339	 8.63556730708817	
143	 0.04611339448386665	 8.635314280394121	
144	 0.046108340762749785	 8.633737049730321	
145	 0.04610163229065818	 8.63164356100057	
146	 0.046095560371348175	 8.629748894093872	
147	 0.046090646177496364	 8.628215602833755	
148	 0.046091398080276375	 8.628450199044874	
149	 0.04609263087821816	 8.62883484169424	
150	 0.046093608719272	 8.629139940667814	
151	 0.04609325063589822	 8.62902821355325	
152	 0.04609036791182194	 8.628128783648767	
153	 0.04609453822232992	 8.629429961565851	
154	 0.04608546572566137	 8.626599353681435	
155	 0.046073977844121816	 8.623015681648337	
156	 0.0460448174392189	 8.61392169885672	
157	 0.04600748378108684	 8.602284403504237	
158	 0.045967403128586076	 8.5897978465748	
159	 0.04592634159857008	 8.577013235985763	
160	 0.045884164257314064	 8.563889146099934	
161	 0.045844152225484	 8.551446255073174	
162	 0.04581394450685293	 8.54205709170969	
163	 0.04580981352606028	 8.540773420928192	
164	 0.04582115863984565	 8.544299013575491	
165	 0.04583044331884441	 8.547184741264546	
166	 0.04584030141528478	 8.550249116767498	
167	 0.04584877139670674	 8.55288234957998	
168	 0.04585252280509596	 8.554048728696287	
169	 0.04585345442760054	 8.554338396446468	
170	 0.04585398965744714	 8.55450481629783	
171	 0.045855750632548105	 8.555052368173428	
172	 0.045857063202491104	 8.555460503524836	
173	 0.04585912074965292	 8.556100300520288	
174	 0.04585974035409162	 8.556292971084444	
175	 0.0458589101504672	 8.556034813547415	
176	 0.04585812446866521	 8.555790503247342	
177	 0.04586519351189769	 8.557988745519472	
178	 0.04586393906779639	 8.55759863776368	
179	 0.04588069901039636	 8.562811241777116	
180	 0.04587078290456323	 8.55972702455501	
181	 0.045835879571690934	 8.54887453852414	
182	 0.04578044485700974	 8.531649555599598	
183	 0.04571148121395833	 8.510240190930869	
184	 0.045626105224759045	 8.483765524189073	
185	 0.04553177013205415	 8.454551068029154	
186	 0.045460744073286076	 8.432581750636912	
187	 0.04540978048504288	 8.416832117946988	
188	 0.0453638271009374	 8.402640922799232	
189	 0.04532954833699439	 8.392061289665095	
190	 0.04531102148430879	 8.386345470518808	
191	 0.04529791951582823	 8.38230425201471	
192	 0.04528737295547407	 8.379051798866863	
193	 0.04528028539056713	 8.376866348799572	
194	 0.04527712458504337	 8.375891788197011	
195	 0.04527815984555102	 8.376210981614333	
196	 0.045281185913721274	 8.377144012395302	
197	 0.045285500416111846	 8.378474379340718	
198	 0.04528973466322048	 8.37978008191207	
199	 0.045292961128433715	 8.380775072321045	
200	 0.04529538843133806	 8.381523644967535	
201	 0.04529593058438932	 8.3816908469317	
202	 0.04527960305127213	 8.376655961566726	
203	 0.04525825589705737	 8.370075012244047	
204	 0.04522566843216553	 8.360032864514356	
205	 0.04518367534665858	 8.347099394099065	
206	 0.045136583640349	 8.332605126167106	
207	 0.045086531808712936	 8.317210814924989	
208	 0.04503583937083209	 8.301631082583208	
209	 0.04498630698309392	 8.286419166726214	
210	 0.044946311612975715	 8.274144314018173	
211	 0.044933831253406435	 8.270315496395627	
212	 0.04493138832262172	 8.269566118862128	
213	 0.04493055856434236	 8.26931159379733	
214	 0.044931847373332716	 8.269706932195387	
215	 0.04493841244284506	 8.271720865451389	
216	 0.044949317466755144	 8.275066578140523	
217	 0.04495928942215588	 8.278126494715268	
218	 0.04496535723770232	 8.279988638778613	
219	 0.044968024315828935	 8.280807187937315	
220	 0.04497476467396727	 8.282876005936307	
221	 0.04498004320471821	 8.284496289610006	
222	 0.04498374725057584	 8.285633349303266	
223	 0.04498570238484424	 8.286233557207217	
224	 0.044985768249064854	 8.286253777208701	
225	 0.044986700191714725	 8.286539881271135	
226	 0.04497670275418053	 8.283470899124302	
227	 0.04496521260115743	 8.279944249507333	
228	 0.04494097864254016	 8.272508138909249	
229	 0.04491196745670817	 8.263609666872558	
230	 0.04487936686002026	 8.253614802383678	
231	 0.044843835335517536	 8.242726869654462	
232	 0.0448043984930105	 8.230648962000162	
233	 0.044764151765082034	 8.218330324246958	
234	 0.04472977845282752	 8.207815253925757	
235	 0.0447129188916631	 8.202659748232819	
236	 0.04470620762303326	 8.200607861810202	
237	 0.0447085674571023	 8.201329328147438	
238	 0.04472117257510565	 8.205183490226515	
239	 0.04473427739759272	 8.209191210717966	
240	 0.044744952933107755	 8.212456584558115	
241	 0.044751295789777074	 8.214396948514981	
242	 0.04475390915302565	 8.215196464320046	
243	 0.04475333808748172	 8.215021753485777	
244	 0.044753967152876835	 8.215214208780337	
245	 0.044754011769049765	 8.215227858651804	
246	 0.04475520117461774	 8.215591748723055	
247	 0.04475626569990308	 8.215917438038158	
248	 0.044758174262459524	 8.21650137174496	
249	 0.04476583268798119	 8.218844670064703	
250	 0.04476451936058054	 8.218442803741622	
251	 0.044772930020670364	 8.221016525774761	
252	 0.044781371961650836	 8.223600144122694	
253	 0.0448005577497461	 8.22947307647194	
254	 0.04481859698906664	 8.234996570156147	
255	 0.0448354854031555	 8.240169032387337	
256	 0.04485135426025663	 8.245030415812442	
257	 0.04486633924697917	 8.249622080601982	
258	 0.04488056347121908	 8.253981580273363	
259	 0.04489427854567002	 8.258185905935944	
260	 0.044907529627218	 8.26224880899705	
261	 0.044911668143161346	 8.263517879725228	
262	 0.044912409539257514	 8.26374523614365	
263	 0.04491170643755898	 8.263529623018323	
264	 0.04491154088171585	 8.263478854000569	
265	 0.044913132752973935	 8.263967019166952	
266	 0.04491467153896791	 8.264438916106362	
267	 0.0449532712571933	 8.276279753343406	
268	 0.04496712461222653	 8.280531057565282	
269	 0.044983511014013634	 8.285560828069436	
270	 0.04505498987045209	 8.307515393032851	
271	 0.04511207348754761	 8.325065179689238	
272	 0.0452080615387606	 8.354609133909786	
273	 0.0454207650289706	 8.420225752381686	
274	 0.04579637780856118	 8.536598907830905	
275	 0.045860847433086306	 8.55663722977304	
276	 0.046153155461524105	 8.647727420361955	
277	 0.046545831549898824	 8.770701214580999	
278	 0.04694759179268636	 8.897237704200538	
279	 0.047306726960349495	 9.010962095306196	
280	 0.04739657612913755	 9.039504192470094	
281	 0.04734356708187223	 9.022660611390936	
282	 0.047303228116105586	 9.009851359138182	
283	 0.0472782613252799	 9.001927041039528	
284	 0.047306687978949935	 9.010949720046554	
285	 0.047414573313310955	 9.045225639938465	
286	 0.047577575273182224	 9.097111178938272	
287	 0.047651066301758985	 9.120543094241162	
288	 0.04767611504264682	 9.12853515567586	
289	 0.04769427236032483	 9.134330187195397	
290	 0.04772948050701329	 9.145571298234122	
291	 0.047769418418040055	 9.158329202288474	
292	 0.04779401351734789	 9.166189484721771	
293	 0.04782274625067831	 9.175375518445996	
294	 0.04785505235099092	 9.185708374948087	
295	 0.04788859283531192	 9.196440961003825	
296	 0.04793915104164708	 9.212628503031853	
297	 0.04811125922312461	 9.267818795243619	
298	 0.04825111558190169	 9.312763885745872	
299	 0.04841671765895322	 9.366095181436615	
300	 0.04857782873331477	 9.4180970129832	
301	 0.048701379318583524	 9.458053430741453	
302	 0.04878920101760485	 9.486496208336035	
303	 0.04884490598321591	 9.504555055563339	
304	 0.04887682270649032	 9.514908244438528	
305	 0.048897276005294976	 9.52154528272722	
306	 0.048923930308491265	 9.53019730751495	
307	 0.0489600283258886	 9.54191978599465	
308	 0.048999887152337274	 9.554870245734698	
309	 0.0490420084744132	 9.568563443191318	
310	 0.04908379171786818	 9.582154483500863	
311	 0.049127251445344196	 9.596299027730065	
312	 0.04916149743800117	 9.607450718249877	
313	 0.049195507735369806	 9.618530784867772	
314	 0.049234876071774895	 9.631362801861787	
315	 0.049332552515630984	 9.66322975353057	
316	 0.049498613557354965	 9.717503783744709	
317	 0.049705637707034525	 9.785336031488077	
318	 0.04990576795936271	 9.85108876369407	
319	 0.05013524003262026	 9.926698352113354	
320	 0.05038971144164394	 10.010815244433479	
321	 0.05064217527648341	 10.094548850772393	
322	 0.050863824828947614	 10.168292224909408	
323	 0.050982795537865375	 10.207962589217422	
324	 0.05127464908944201	 10.305541632387632	
325	 0.05126765934036495	 10.303200323437954	
326	 0.051263821360503684	 10.301914831795147	
327	 0.051321235783231646	 10.321151896859098	
328	 0.05132896183981304	 10.323741656691835	
329	 0.0513485524181581	 10.330309547147163	
330	 0.05137411594544396	 10.338882426629755	
331	 0.05140466703330948	 10.349131644808967	
332	 0.05149418025784119	 10.37918474478563	
333	 0.051766625084284555	 10.470869515895671	
334	 0.05200114143114779	 10.550048470631856	
335	 0.05222900468086678	 10.627209531063771	
336	 0.0524257140777165	 10.694001770732397	
337	 0.05264288558028323	 10.767936157773626	
338	 0.05282974351160701	 10.831713499506506	
339	 0.05294035576366769	 10.869538032230667	
340	 0.05378906345486907	 11.161510319040005	
341	 0.05467063882045247	 11.468058729392695	
342	 0.05526988350863809	 11.678325506971474	
343	 0.05554797189409172	 11.776421437234191	
344	 0.055885419937678246	 11.89589690701318	
345	 0.056189155119208065	 12.003848269472336	
346	 0.05651496150616328	 12.12007724025387	
347	 0.056566546734280056	 12.13852094495165	
348	 0.05660985541906212	 12.154014128347	
349	 0.05671864003575052	 12.19296542919251	
350	 0.0568941638141901	 12.255918345348775	
351	 0.05708707145099781	 12.325255608296267	
352	 0.05715674006437833	 12.350335213561072	
353	 0.057216570622329044	 12.3718895466545	
354	 0.05724759565517476	 12.383072427432554	
355	 0.05727120380133981	 12.391584620959343	
356	 0.057309864030353735	 12.405529071639672	
357	 0.057359271964945835	 12.423359268427015	
358	 0.05741403724788271	 12.443134777902971	
359	 0.057471762809536114	 12.46399284907185	
360	 0.05753089262717325	 12.485372807716217	
361	 0.057591854944642154	 12.507430698108779	
362	 0.057654253492030266	 12.530024383008351	
363	 0.05772724472155511	 12.55647423231276	
364	 0.05779970178940893	 12.582752578234242	
365	 0.05787092997710037	 12.608606655353798	
366	 0.05794053131109814	 12.63389072619914	
367	 0.058008468724776524	 12.658589880825241	
368	 0.05807510550304192	 12.682834921333793	
369	 0.058143755544689625	 12.707831867560856	
370	 0.05821239122661313	 12.732843262525884	
371	 0.058277736035742066	 12.75667371279816	
372	 0.05833851308560322	 12.778854352636833	
373	 0.05839591193934383	 12.799816266300693	
374	 0.05844808947834348	 12.818883291866639	
375	 0.05849202339755835	 12.834946687791962	
376	 0.0585337762493041	 12.850220084522261	
377	 0.058568137562140306	 12.862795069903873	
378	 0.058597922902380986	 12.873699396803906	
379	 0.05863750532336513	 12.888196125600897	
380	 0.05867221841569445	 12.900914874400343	
381	 0.05870327383112725	 12.912297716367062	
382	 0.058730742618956826	 12.922369286555927	
383	 0.05875512701060508	 12.931312578914566	
384	 0.05877630823128198	 12.939083075203134	
385	 0.05879496928979257	 12.945930577377865	
386	 0.058811547440863324	 12.952014991475293	
387	 0.05882620999902654	 12.957397309046357	
388	 0.05883803833223458	 12.961739893898503	
389	 0.058854050043337776	 12.96761926677661	
390	 0.058868211574649415	 12.972820157088824	
391	 0.0588806081609645	 12.977373547585115	
392	 0.05889083799775875	 12.981131550593643	
393	 0.058903563923611894	 12.98580711706712	
394	 0.05890927042939299	 12.987903933497385	
395	 0.058915108258956406	 12.990049144077473	
396	 0.058911758412065446	 12.988818168065615	
397	 0.058904296308765536	 12.986076219396537	
398	 0.05889436096357833	 12.982425837793166	
399	 0.058994650359751814	 13.019292371139917	
400	 0.05897840557395063	 13.013317925393045	
401	 0.058976019546175144	 13.012440493532006	
402	 0.058965794877624635	 13.008680767598184	
403	 0.05896874252319126	 13.009764605530883	
404	 0.05906304691850749	 13.044459028213865	
405	 0.05942721087213693	 13.17878097561231	
406	 0.05951160472108676	 13.209988185288173	
407	 0.05963126233507774	 13.25428584338182	
408	 0.0596966559417344	 13.278519841800376	
409	 0.059785987102188326	 13.311653388565047	
410	 0.05990923522461247	 13.357421176087378	
411	 0.06010073102552705	 13.428657117805571	
412	 0.06012654644302871	 13.438271976529975	
413	 0.060243831016426906	 13.48198884436845	
414	 0.06035341398423954	 13.522886308716574	
415	 0.06050572544436198	 13.579812741144657	
416	 0.06071112792990371	 13.656733353398641	
417	 0.06092064778966744	 13.735374817728676	
418	 0.06122684580741703	 13.850628212652802	
419	 0.061601819570629955	 13.992293125879023	
420	 0.0620408656249539	 14.15889654413732	
421	 0.06264242498988733	 14.38844728634883	
422	 0.0633453644547254	 14.658551572710389	
423	 0.06449884909542859	 15.106120200356855	
424	 0.06526112170125793	 15.404840908481662	
425	 0.06599867417629784	 15.696097198407523	
426	 0.06649962833859871	 15.895164401942205	
427	 0.0670056587795702	 16.097266335589	
428	 0.06750051464491107	 16.295891862677067	
429	 0.06810363200448058	 16.539287003703105	
430	 0.06822239653233607	 16.587385814197145	
431	 0.06829154200841915	 16.615414980348444	
432	 0.06843120895434096	 16.672088809734216	
433	 0.06862266341375332	 16.74990227248767	
434	 0.06876204905569072	 16.80664436867448	
435	 0.0689030696409904	 16.86413011642849	
436	 0.06900659034415306	 16.906379341008584	
437	 0.06913986028274503	 16.960832166110674	
438	 0.06928599807242795	 17.02062315639504	
439	 0.06948661054234379	 17.102838991521086	
440	 0.06967458649376287	 17.18001982176356	
441	 0.0698249110304843	 17.24184139186676	
442	 0.06995885173410817	 17.29699985102185	
443	 0.07008607938992648	 17.349459033884	
444	 0.0702097336291073	 17.400505680462956	
445	 0.07032985713681023	 17.450152206350612	
446	 0.07044559202047349	 17.498038434409136	
447	 0.07055493836886934	 17.543329567447966	
448	 0.07065747891627662	 17.585844284643294	
449	 0.07075645618621824	 17.626920650586268	
450	 0.07085803264154021	 17.669115546278157	
451	 0.07095635051100317	 17.709995247954833	
452	 0.07105018275558349	 17.749045100206413	
453	 0.07113558294996722	 17.78461571302212	
454	 0.07120921180919217	 17.815306230250894	
455	 0.07127093246017904	 17.841049387272232	
456	 0.07132060929750438	 17.861779970781907	
457	 0.07135891703473032	 17.877772703693402	
458	 0.07138845571703999	 17.89010843628527	
459	 0.07141067394380507	 17.899389295429774	
460	 0.07142493435350615	 17.905347079265017	
461	 0.07142728745623658	 17.906330246282128	
462	 0.07142224989497878	 17.90422549243387	
463	 0.07142751047182136	 17.90642342717068	
464	 0.07144180524600222	 17.91239650749681	
465	 0.07169415192256168	 18.01797086577029	
466	 0.07205873177819684	 18.17093819661206	
467	 0.07205985997564184	 18.171412358741797	
468	 0.07201003265533996	 18.150475504423042	
469	 0.07193790665014427	 18.120186110082766	
470	 0.07186460722620243	 18.089424672847837	
471	 0.07179433413093743	 18.0599529222407	
472	 0.07172306770561108	 18.0300842149397	
473	 0.0716548966816354	 18.00153134061485	
474	 0.07159292218449675	 17.97558954099479	
475	 0.0715340782173843	 17.95097199634476	
476	 0.07147601276105954	 17.926693373838507	
477	 0.07141660150445427	 17.90186564444517	
478	 0.07135539107644717	 17.876300445679004	
479	 0.07129226339296756	 17.84994979444539	
480	 0.07122694281941239	 17.822700161136385	
481	 0.07115973440946964	 17.79468036740532	
482	 0.07109055362630988	 17.765856694559705	
483	 0.07101987864614359	 17.736429778879984	
484	 0.07094649483005469	 17.70589563882614	
485	 0.07087156527504353	 17.674740052954547	
486	 0.07079499270254609	 17.642923982408416	
487	 0.07071712259779721	 17.610592304097306	
488	 0.07063971625486057	 17.578476694167698	
489	 0.07056217966521366	 17.546330557343552	
490	 0.07048123792109738	 17.512797780821852	
491	 0.07040201907561353	 17.48000362123408	
492	 0.07032162893763957	 17.446749722346357	
493	 0.07028289869403864	 17.430737749522176	
494	 0.07020974671605988	 17.40051108616183	
495	 0.07017967171361805	 17.388090073618326	
496	 0.07015156497649594	 17.37648516443825	
497	 0.0700580068584468	 17.33787855530499	
498	 0.06996231254054784	 17.29842598829357	
499	 0.06987229786972385	 17.26134782990146	
500	 0.06991922192966246	 17.28067246090229	
501	 0.06993377460695523	 17.286667414547743	
502	 0.0698347377978331	 17.24588578208226	
503	 0.06973520970609569	 17.20494067362618	
504	 0.06963844918606264	 17.165171454205108	
505	 0.0695425639925637	 17.125798323338433	
506	 0.06944560711116943	 17.08602191150557	
507	 0.0693488435138045	 17.046361689048744	
508	 0.06925462229503428	 17.007778938649682	
509	 0.06916000840424594	 16.969070590354352	
510	 0.0690646512171846	 16.930093849374693	
511	 0.06897011887351914	 16.891489654885422	
512	 0.06887501506888744	 16.852687671687615	
513	 0.06878091550043614	 16.814330551928823	
514	 0.06868044959984776	 16.77341696828609	
515	 0.06856396297808219	 16.726029056951326	
516	 0.06842685174653933	 16.670319582537065	
517	 0.06828177077742686	 16.611452915411157	
518	 0.06813458895269621	 16.551818969347124	
519	 0.06799146731533133	 16.493912395930103	
520	 0.06785288317163111	 16.43791906199027	
521	 0.06772735898210218	 16.387268209157376	
522	 0.06762997883695819	 16.348016971214104	
523	 0.06755121295712288	 16.31629617716254	
524	 0.06748041226805772	 16.287804180173826	
525	 0.06741234131563777	 16.260429483462712	
526	 0.0673451958257249	 16.233445008886605	
527	 0.06727560721015222	 16.205497610228658	
528	 0.06720299647489428	 16.17635704059443	
529	 0.06712787234257113	 16.146229864477963	
530	 0.067051365729642	 16.115571362477123	
531	 0.0669746476440704	 16.084851526121405	
532	 0.06690262292907326	 16.056032374623573	
533	 0.06682751291086697	 16.02600072886542	
534	 0.06675423533597048	 15.996723436361476	
535	 0.06667491730816268	 15.965056882750888	
536	 0.06659237685753568	 15.932130479257578	
537	 0.06650939025076708	 15.899053516192746	
538	 0.06641805339521144	 15.862680088413654	
539	 0.06631604470618632	 15.822096176620006	
540	 0.06620912270409414	 15.779602165621762	
541	 0.06610210667793898	 15.737116571806872	
542	 0.06599617973616531	 15.695108479517932	
543	 0.06589115170861341	 15.653501230727516	
544	 0.06578568981083312	 15.611766566971454	
545	 0.06568194686363377	 15.570755642873067	
546	 0.06559081315631458	 15.534764924040706	
547	 0.06550307768094153	 15.50014772367382	
548	 0.06541468506212939	 15.465302483937192	
549	 0.06532129589216448	 15.42852164137416	
550	 0.06522503017789905	 15.390644562524253	
551	 0.06512767013498837	 15.352374792802324	
552	 0.06503099183224224	 15.3144107193161	
553	 0.0649373189022863	 15.27766268114019	
554	 0.06484857817776989	 15.24288213653631	
555	 0.06476317115744887	 15.209438135761701	
556	 0.06467659982154038	 15.17556820185257	
557	 0.06459000459346757	 15.14171914333864	
558	 0.06450288334836216	 15.10769498763783	
559	 0.06441507479396089	 15.073433397769186	
560	 0.06432633167773513	 15.038838776528182	
561	 0.06423936308640736	 15.004966771209657	
562	 0.06415150453205844	 14.970779176425571	
563	 0.06406341555592412	 14.936533242707384	
564	 0.06397359656610095	 14.90164704865621	
565	 0.06388310395253609	 14.866532221761872	
566	 0.06379286141335448	 14.831547441912186	
567	 0.06370202333231316	 14.796365090407713	
568	 0.06360557282006843	 14.759045590023426	
569	 0.0635087178191579	 14.72160752689976	
570	 0.0634203711548539	 14.687491430159776	
571	 0.06333331577663097	 14.653904956164034	
572	 0.06324532829360667	 14.61999013021584	
573	 0.0631550735137061	 14.58523403971143	
574	 0.06306368122982889	 14.550073635221622	
575	 0.06297216652824626	 14.514900155886233	
576	 0.06288052270832357	 14.479711183214263	
577	 0.06278947645464773	 14.444785501388616	
578	 0.0627004944317194	 14.410684272821632	
579	 0.06271498673311897	 14.416236065029574	
580	 0.06273318203612513	 14.423207634978306	
581	 0.06281694050285769	 14.455317258871231	
582	 0.06295434224359577	 14.508053392850208	
583	 0.06316633840833327	 14.589570215307106	
584	 0.06314289032834372	 14.58054496847167	
585	 0.06300099737178695	 14.525977554564447	
586	 0.06285194102116788	 14.468743508601	
587	 0.06270014913998978	 14.410552006959705	
588	 0.0625358703902893	 14.347679234515496	
589	 0.0623668319974919	 14.283099692348058	
590	 0.06220613994302098	 14.221816881974577	
591	 0.062055597409301874	 14.164500439723616	
592	 0.061914370993766406	 14.110815147377537	
593	 0.061782287773001265	 14.060679338692738	
594	 0.06167431439739173	 14.019748124617353	
595	 0.06158202662837941	 13.984800950348932	
596	 0.06149715704283462	 13.952693667181803	
597	 0.061416066821458316	 13.922043750463727	
598	 0.06133891532190658	 13.892907598285968	
599	 0.06126534450397696	 13.865146432587444	
600	 0.06119307387025872	 13.837897507947602	
601	 0.061120197048668785	 13.810441742820684	
602	 0.06104452528347723	 13.781956091979376	
603	 0.060961747828453976	 13.750822546334946	
604	 0.060881552809121324	 13.720687150104482	
605	 0.060800126253377	 13.690116035940825	
606	 0.060717084466157825	 13.658966592742184	
607	 0.060631992867045334	 13.627077702209577	
608	 0.06054560662301497	 13.5947341367575	
609	 0.060460420991851616	 13.562870200822926	
610	 0.06035875689595063	 13.524881603732766	
611	 0.06025263316940362	 13.485272065951603	
612	 0.06013638749568076	 13.441937965592793	
613	 0.06001245135091303	 13.395798478328475	
614	 0.05988772868035152	 13.349430265843436	
615	 0.059763665249994914	 13.303370963428344	
616	 0.05964242937942623	 13.25842294728504	
617	 0.059526612501656515	 13.215540863340069	
618	 0.05943090482695447	 13.180146310600241	
619	 0.05934818026017084	 13.149583762682399	
620	 0.05926982229536731	 13.120660632563874	
621	 0.05919161083315592	 13.091816988136202	
622	 0.05911239571935174	 13.062629094268303	
623	 0.05903168597253236	 13.032917289141837	
624	 0.05894895740429775	 13.002490385892608	
625	 0.05886381180519635	 12.971204231324784	
626	 0.05877685257360291	 12.939282796044948	
627	 0.05868907830620501	 12.907094086403605	
628	 0.05859738976400729	 12.873504183902014	
629	 0.05850614376417926	 12.840111173636513	
630	 0.05841537433718295	 12.80692700352151	
631	 0.0583255903938014	 12.774136914303071	
632	 0.058236956981841365	 12.741800001286409	
633	 0.05815170898741178	 12.710729158374567	
634	 0.05806437736292224	 12.678930355268347	
635	 0.05797780848600863	 12.647440732733344	
636	 0.05788735068823323	 12.61456997953322	
637	 0.057791843275641144	 12.579901431662956	
638	 0.05768736149981128	 12.54201897498789	
639	 0.05757344863884574	 12.500769134943278	
640	 0.0574531927307762	 12.457281367716227	
641	 0.057336436533050025	 12.415117208747331	
642	 0.05723931139668196	 12.380085995619503	
643	 0.05715180616466594	 12.348558416344789	
644	 0.05706499078653348	 12.317311172516236	
645	 0.05697544249031798	 12.285113463618233	
646	 0.05688423136639043	 12.252352537743548	
647	 0.05679363600538905	 12.219847427658037	
648	 0.05670279428851727	 12.187288616561153	
649	 0.05660962393802229	 12.153931297658099	
650	 0.05651656530571418	 12.120650491353828	
651	 0.05642683414451844	 12.088594274957154	
652	 0.056336529902988666	 12.056367619600586	
653	 0.05624652095827163	 12.024280597374982	
654	 0.05615708763577145	 11.992432662901704	
655	 0.056068209218783985	 11.960815816033412	
656	 0.05597993201948585	 11.92944589777695	
657	 0.05589041009444656	 11.897667319802695	
658	 0.05579785223272168	 11.864846703051631	
659	 0.05570019940223813	 11.830258758371874	
660	 0.0555939619920413	 11.792676103026139	
661	 0.055480769738825784	 11.752685745801886	
662	 0.055363146282398946	 11.711187452163783	
663	 0.05524397644180071	 11.669203484107356	
664	 0.05512382052546542	 11.62693320295665	
665	 0.05501420447068282	 11.588424334804001	
666	 0.05492661824283686	 11.557691434488326	
667	 0.05484687583687749	 11.529739229991712	
668	 0.05477204438290323	 11.503533097288303	
669	 0.054698287012674505	 11.4777264579955	
670	 0.05462379056215515	 11.451684763637596	
671	 0.054548766848709	 11.425482672584325	
672	 0.054473932115447994	 11.399370506056009	
673	 0.05439977541758803	 11.37351850707585	
674	 0.054326160872639626	 11.347878736086185	
675	 0.054252074437976826	 11.322097981764522	
676	 0.054171241714687374	 11.293996401742648	
677	 0.054091141267418	 11.266176960664657	
678	 0.05401178640884597	 11.238643536179948	
679	 0.053934105058397616	 11.211716870182258	
680	 0.05385816153247989	 11.185417567626553	
681	 0.05378394991154564	 11.159741897039678	
682	 0.053708402088655585	 11.133628177479208	
683	 0.05363164825660639	 11.107122657071804	
684	 0.05355215181567063	 11.079696674842758	
685	 0.053467764502940815	 11.050613043447235	
686	 0.05338009616000864	 11.020431015226995	
687	 0.05328899719567459	 10.989102901718667	
688	 0.053195283170058144	 10.956912727422166	
689	 0.05310493287291935	 10.925913746401923	
690	 0.05303699303830875	 10.902626889868047	
691	 0.052979523740156666	 10.882944402144686	
692	 0.05292341905919388	 10.863743003774111	
693	 0.05286691037157376	 10.844417049715437	
694	 0.05281026818779527	 10.825059255424177	
695	 0.052755042429765336	 10.806198854762457	
696	 0.052701359191825066	 10.787877858874166	
697	 0.05264831423845761	 10.76978691289248	
698	 0.052595458673658765	 10.751772640186509	
699	 0.05254233760153521	 10.733680033010685	
700	 0.05248929969518945	 10.715627913296844	
701	 0.052435713981027726	 10.697401685729156	
702	 0.0523806939240272	 10.67870050791722	
703	 0.05232559301988039	 10.659984970316462	
704	 0.052270572012412995	 10.64130967600309	
705	 0.05221800641798332	 10.623480037573307	
706	 0.05216459963010991	 10.605377326322316	
707	 0.05211143689320566	 10.587369605446112	
708	 0.05205308375549812	 10.5676178438647	
709	 0.051989416769111965	 10.546084248161273	
710	 0.05192160986011316	 10.52316976264374	
711	 0.0518504941474077	 10.499158533779122	
712	 0.051779799923738226	 10.475311365169347	
713	 0.05171220152405375	 10.452528797010126	
714	 0.051660831143670434	 10.435228799960706	
715	 0.051616195314073486	 10.4202061053775	
716	 0.05157254984509881	 10.405525100076039	
717	 0.05153045098342172	 10.391372171968039	
718	 0.051490059355247746	 10.377800430799295	
719	 0.051450117144334374	 10.36438667330808	
720	 0.05140962226853358	 10.35079440010672	
721	 0.05136804794463147	 10.33684722934006	
722	 0.05132518542423303	 10.32247577672499	
723	 0.051281177968620154	 10.307728759070885	
724	 0.051237303116863496	 10.293034573696923	
725	 0.05119416398378212	 10.278594965175879	
726	 0.051152258674532776	 10.26457610926551	
727	 0.05111140333367033	 10.250915875150273	
728	 0.05107059600200271	 10.23727895788109	
729	 0.051032893987316676	 10.22468622395432	
730	 0.05099566670285255	 10.21225813721498	
731	 0.05096277761748749	 10.20128336097135	
732	 0.050933628957975936	 10.191560675313793	
733	 0.05090430423236716	 10.181783004311354	
734	 0.05087490407660521	 10.171983951715008	
735	 0.05084531533725216	 10.162125855190512	
736	 0.050815607588411846	 10.152231955093127	
737	 0.050785667771770765	 10.142264667538846	
738	 0.0507559244131291	 10.132366661094755	
739	 0.050726347726194394	 10.122527953405143	
740	 0.05069703904935119	 10.112782171313288	
741	 0.050665265237960916	 10.102220920057311	
742	 0.050631477489925324	 10.090995102529476	
743	 0.05059754286220635	 10.079725510620172	
744	 0.050563962026169064	 10.068578371108837	
745	 0.05053106201637532	 10.05766201674182	
746	 0.05049832785734762	 10.046805393844478	
747	 0.05046539786148723	 10.035888552471993	
748	 0.05043360968882026	 10.025354748358776	
749	 0.0504024099462333	 10.015020238466278	
750	 0.05037248632533576	 10.005112433195182	
751	 0.05034271627310399	 9.99525936786868	
752	 0.05031408112595584	 9.9857855891496	
753	 0.050288408965112545	 9.977295153185503	
754	 0.05026731570461674	 9.97032123798873	
755	 0.05024688160484923	 9.963567116608877	
756	 0.050218116305072946	 9.95406237089102	
757	 0.050180464923874804	 9.941626934210785	
758	 0.05013420968585326	 9.926358342721382	
759	 0.05008398948529781	 9.909791569971764	
760	 0.050029855420665535	 9.891946080151987	
761	 0.049982000518887675	 9.876181254826864	
762	 0.04994982472596511	 9.865587248784616	
763	 0.0499238771718502	 9.85704722781853	
764	 0.04989744358295365	 9.848350282262201	
765	 0.0498683345830232	 9.838776649597863	
766	 0.04983940432799316	 9.829265494746608	
767	 0.049812014935320295	 9.820264307282836	
768	 0.04978765901498177	 9.81226280435842	
769	 0.04976522241288977	 9.804894152220145	
770	 0.049744611802137524	 9.798127145480715	
771	 0.04972590610466465	 9.791987189772462	
772	 0.049708092384997155	 9.786141447976709	
773	 0.049691674308518834	 9.780754936405392	
774	 0.049676348123979634	 9.775727727941861	
775	 0.0496614798719073	 9.770851715914214	
776	 0.049646823824888636	 9.76604624848248	
777	 0.04963165014658052	 9.761072054925945	
778	 0.04961129250867792	 9.754400062366976	
779	 0.04959157847924817	 9.747940744745184	
780	 0.04956473559428167	 9.739148403841865	
781	 0.0495321566491246	 9.728481490015238	
782	 0.04949433835055432	 9.71610498556971	
783	 0.04945042064681866	 9.701740285426643	
784	 0.04939694481338904	 9.684260770777593	
785	 0.04934887330268633	 9.668558517142602	
786	 0.04931305467742391	 9.65686521810083	
787	 0.04928248832756732	 9.646891046247935	
788	 0.04925618063385393	 9.638309827292645	
789	 0.04923188899145319	 9.63038893012798	
790	 0.04920769717007171	 9.622503171151612	
791	 0.049182566316970315	 9.614314054464453	
792	 0.04915844945288529	 9.606457977889752	
793	 0.04913610334371901	 9.599181018311581	
794	 0.049115966039245014	 9.592625240591952	
795	 0.0490981083035254	 9.586813084231178	
796	 0.04908205420015054	 9.581589158840382	
797	 0.04906679242811479	 9.576624110185893	
798	 0.0490522661374557	 9.5718992888474	
799	 0.04903866541384655	 9.567476362908364	
800	 0.04902602429413107	 9.563366231289631	
801	 0.04901203113611391	 9.558817321996372	
802	 0.0489920452919092	 9.55232180579455	
803	 0.04896934946850609	 9.544947672293121	
804	 0.04894350832124389	 9.536554360546456	
805	 0.04891869601139824	 9.52849799919669	
806	 0.04889654836817821	 9.52130913476028	
807	 0.04887665005523568	 9.514852227468353	
808	 0.048856446376008514	 9.508298023044047	
809	 0.04884076924974759	 9.503213506557682	
810	 0.04883249366119268	 9.500529947849193	
811	 0.048880274869888135	 9.516028331952299	
812	 0.048938025578142884	 9.534773922684277	
813	 0.04894649746651278	 9.53752509625259	
814	 0.04894009009776799	 9.535444328585749	
815	 0.048932830055889935	 9.533086878155041	
816	 0.04892416805425137	 9.530274494270618	
817	 0.04891270994466539	 9.526554778337013	
818	 0.04889804808354473	 9.521795856218889	
819	 0.04888085490217608	 9.516216534164501	
820	 0.04885640661385464	 9.508285125724976	
821	 0.04883560598216405	 9.501539157242288	
822	 0.04881673096110682	 9.495419351764232	
823	 0.04880012619384571	 9.490036929665534	
824	 0.048780417889830535	 9.48365008301137	
825	 0.04875375966203174	 9.47501371969195	
826	 0.04872525798029672	 9.465783621370445	
827	 0.0487071638303015	 9.459925807106254	
828	 0.048695333415854455	 9.456096603728854	
829	 0.04868527618785283	 9.452841823257996	
830	 0.04867412776868813	 9.449234428749618	
831	 0.04866290535254402	 9.445603646655213	
832	 0.048655341760502104	 9.443156916762893	
833	 0.048638457678835026	 9.437696036772603	
834	 0.04862357079118707	 9.432882164766964	
835	 0.04861766801189802	 9.430973695020173	
836	 0.048612076429549136	 9.429165983046838	
837	 0.04860585584984621	 9.427155084353064	
838	 0.04859872309808937	 9.424849523064873	
839	 0.0485900755705524	 9.422054634419327	
840	 0.048580956268182374	 9.419107626936473	
841	 0.048572598594130156	 9.416407072266525	
842	 0.04856490376094457	 9.41392097045094	
843	 0.048557115627504845	 9.411404991908249	
844	 0.04855111063800789	 9.409465246736	
845	 0.048545333626881904	 9.407599294592428	
846	 0.04854060448206726	 9.406071909383911	
847	 0.0485364622839549	 9.404734173501135	
848	 0.04853360870865834	 9.403812646677023	
849	 0.0485311031586026	 9.403003540078279	
850	 0.048526078744471075	 9.40138111135508	
851	 0.04852107817029643	 9.399766491961104	
852	 0.04851430426077715	 9.397579462908007	
853	 0.04850722486729716	 9.395294022641986	
854	 0.048498440445360086	 9.392458457253463	
855	 0.0484892895661036	 9.389504965463763	
856	 0.048484912908953647	 9.388092508953877	
857	 0.04848360073948427	 9.387669055674046	
858	 0.048489304855549795	 9.389509899898677	
859	 0.04849447636509464	 9.391178985018565	
860	 0.04849903732885893	 9.392651117279028	
861	 0.04850318495440082	 9.39398991739933	
862	 0.04850697634903184	 9.395213797541787	
863	 0.048506935333657575	 9.395200557243497	
864	 0.048504727267280646	 9.394487775606121	
865	 0.04850190117044681	 9.3935755203128	
866	 0.0484985139018169	 9.392482167193446	
867	 0.048494434353465926	 9.39116542544641	
868	 0.04848821433317503	 9.38915795308269	
869	 0.04848252709004171	 9.387322581433418	
870	 0.048475592579242444	 9.385084889146233	
871	 0.04846834887401966	 9.38274765101143	
872	 0.04846251839867623	 9.380866571693032	
873	 0.048460704415114755	 9.380281359106792	
874	 0.04846137219596064	 9.380496791420057	
875	 0.048461129335476555	 9.38041844213956	
876	 0.04846859751881234	 9.38282787433889	
877	 0.048475511506712435	 9.385058729171986	
878	 0.04848184660570389	 9.38710298699092	
879	 0.04847760345285436	 9.385733754533861	
880	 0.048473595024463564	 9.384440339223838	
881	 0.04847021630078824	 9.383350168584272	
882	 0.04847820188050028	 9.385926857646345	
883	 0.04848598781475974	 9.388439400014581	
884	 0.04849320061225813	 9.390767229595903	
885	 0.04850003974578529	 9.39297467756152	
886	 0.04850672251587456	 9.395131857004529	
887	 0.04851315382512058	 9.397208052688322	
888	 0.04851429607748141	 9.397576820966664	
889	 0.048515333325923844	 9.397911694470528	
890	 0.04851695287667766	 9.398434572609894	
891	 0.04851930564434426	 9.39919419335764	
892	 0.048521938916572305	 9.400044407668043	
893	 0.04852326993398193	 9.400474169869087	
894	 0.048523894994001296	 9.400675993509749	
895	 0.0485282400437292	 9.402079000689731	
896	 0.048531253390564286	 9.403052053060444	
897	 0.048535932658946894	 9.404563134929987	
898	 0.048544766069980635	 9.407415983904693	
899	 0.048553387295461964	 9.410200638908345	
900	 0.04856175903556157	 9.412905025638091	
901	 0.048569582698657666	 9.415432643867685	
902	 0.04856367793625498	 9.413524946478708	
903	 0.048552941810083954	 9.410056739096843	
904	 0.04854339276434963	 9.40697243675694	
905	 0.04853505834010246	 9.404280782696341	
906	 0.04853631558138949	 9.404686796842595	
907	 0.04854199163677263	 9.4065199123612	
908	 0.048548246171749326	 9.408540016764109	
909	 0.04855396735341324	 9.410388009407251	
910	 0.04855960977067392	 9.412210702635742	
911	 0.048564646035203156	 9.41383770711734	
912	 0.04856983811558545	 9.415515166884544	
913	 0.04857494506187241	 9.417165238114391	
914	 0.04858100733772446	 9.41912412961979	
915	 0.048587409903189535	 9.42119315519953	
916	 0.04859434607418163	 9.423434823577063	
917	 0.04860215227927453	 9.425957929306792	
918	 0.04861125428783253	 9.428900203170217	
919	 0.0486204482555918	 9.431872576230203	
920	 0.04862856218874588	 9.434496089704952	
921	 0.04863679242951774	 9.437157507582873	
922	 0.048645636376891586	 9.440017714807418	
923	 0.04864875845668855	 9.441027504560976	
924	 0.04864675860074873	 9.440380676261734	
925	 0.04864074023455492	 9.438434218213121	
926	 0.04863097594270515	 9.435276595647922	
927	 0.04861776245678249	 9.43100422945461	
928	 0.04860508144528674	 9.426904758098424	
929	 0.04859545949856332	 9.423794685820122	
930	 0.048600088899466334	 9.425290981612994	
931	 0.04861337969902933	 9.429587306819665	
932	 0.04862806866991151	 9.434336509767009	
933	 0.04863954130518552	 9.438046480041525	
934	 0.04864808218476539	 9.440808770913062	
935	 0.048655483222976796	 9.443202675823551	
936	 0.048661615268633884	 9.445186302290114	
937	 0.048666254079822585	 9.446687000115574	
938	 0.048669826579088686	 9.44784280128985	
939	 0.04867339772781155	 9.448998222055108	
940	 0.048677673894265715	 9.450381820843578	
941	 0.048682590303913156	 9.451972677213279	
942	 0.048688179043424824	 9.453781216782994	
943	 0.04869477911255971	 9.455917205100453	
944	 0.04870096660463458	 9.45791984590228	
945	 0.04870854308482038	 9.460372276973287	
946	 0.04871822237445046	 9.463505736488267	
947	 0.04872856644451302	 9.466854863011852	
948	 0.048738283095091074	 9.47000128004107	
949	 0.04875269001831476	 9.474667257017591	
950	 0.04876621119396835	 9.479047202792097	
951	 0.04877893258869261	 9.483168812934114	
952	 0.048790875770035914	 9.48703894163363	
953	 0.048802131158260674	 9.490686772483654	
954	 0.04881276114692847	 9.494132428619107	
955	 0.04882284441116957	 9.497401329189392	
956	 0.04883234329151683	 9.500481189668072	
957	 0.048841364797553	 9.503406638956388	
958	 0.048849796371988566	 9.506141113843672	
959	 0.04885784973401698	 9.50875322308851	
960	 0.04886113986720692	 9.509820460901691	
961	 0.048861478370795366	 9.50993026580985	
962	 0.048862030826184	 9.510109474196389	
963	 0.04886327226308579	 9.510512182960504	
964	 0.04886486569059875	 9.511029083685024	
965	 0.048867353948688914	 9.511836285902307	
966	 0.04887014723500375	 9.512742473306055	
967	 0.04887306252706981	 9.51368827818125	
968	 0.04887658318547695	 9.514830531505764	
969	 0.04888116251484825	 9.516316345394054	
970	 0.04889033996904437	 9.519294350912192	
971	 0.0488985968423377	 9.521973954287292	
972	 0.04890659481787228	 9.524569825187685	
973	 0.04891666858570511	 9.52783983042711	
974	 0.048928468950247786	 9.531670870272295	
975	 0.04894898803420991	 9.538333947278213	
976	 0.0490122490714421	 9.558888161986392	
977	 0.04906831550513659	 9.577119560242386	
978	 0.04909656845914358	 9.586311977146815	
979	 0.049101840085876765	 9.588027550786139	
980	 0.04910505201845581	 9.589072887359267	
981	 0.04910891933908001	 9.590331583132981	
982	 0.049113344620831334	 9.591771959432517	
983	 0.049117639777343	 9.593170064267946	
984	 0.04912263969087897	 9.594797675332048	
985	 0.049128658137112244	 9.596756993634616	
986	 0.049135026858730974	 9.598830519116547	
987	 0.049141657463787874	 9.60098949887587	
988	 0.04914790101284311	 9.6030226275442	
989	 0.049153976648470946	 9.605001242749374	
990	 0.04922914763668839	 9.62949520646274	
991	 0.04922907977845582	 9.629473084059775	
992	 0.049229538314598247	 9.629622571421391	
993	 0.04923072599781674	 9.630009772327377	
994	 0.04927812219453084	 9.645466660451376	
995	 0.04936708397266286	 9.674505717604287	
996	 0.04952285970155339	 9.725438365115783	
997	 0.0497107976745045	 9.787029124569498	
998	 0.049676402155870665	 9.775745449361503	
999	 0.04964238100780863	 9.764589711438843	
1000	 0.04960850779318463	 9.753487544289788	
1001	 0.049577894786772436	 9.743458278209888	
1002	 0.04955359207304188	 9.735499294846761	
1003	 0.049532989747440234	 9.728754202650498	
1004	 0.0495153685870219	 9.722986611872225	
1005	 0.04950007601067602	 9.717982300030965	
1006	 0.04948665553664309	 9.713591460232681	
1007	 0.049475336648184126	 9.709888823151948	
1008	 0.049466145828308376	 9.706882735705328	
1009	 0.04945884751825548	 9.704495906138254	
1010	 0.049453625755716116	 9.702788331985339	
1011	 0.049448856367166304	 9.701228794162695	
1012	 0.049444844551467255	 9.69991705201454	
1013	 0.04944296170436887	 9.699301442540387	
1014	 0.04944322314463023	 9.699386921251149	
1015	 0.04944479348483708	 9.699900355231462	
1016	 0.04944714353683287	 9.700668741874562	
1017	 0.049450239810486	 9.701681154652421	
1018	 0.04945717037202478	 9.703947447652908	
1019	 0.04946609744161563	 9.70686691061285	
1020	 0.04947703678835528	 9.710444937310893	
1021	 0.049486966445230686	 9.713693172680657	
1022	 0.04949509981284553	 9.716354121321116	
1023	 0.04950220011004671	 9.718677324396111	
1024	 0.04950814823136494	 9.720623708832637	
1025	 0.049521436324457324	 9.724972491588652	
1026	 0.04953749861280028	 9.730230221428574	
1027	 0.049554188868458034	 9.735694710370122	
1028	 0.049574156713406134	 9.742233913780987	
1029	 0.049592439725133414	 9.748222896900634	
1030	 0.04961010852654265	 9.754012081359809	
1031	 0.04962639672507264	 9.759350128949405	
1032	 0.049641852906175954	 9.7644165839156	
1033	 0.04965692112452401	 9.769356879210624	
1034	 0.04967189683427865	 9.77426783478462	
1035	 0.04968699688583302	 9.779220565030316	
1036	 0.049700756723050035	 9.783734586552713	
1037	 0.049715111257312546	 9.78844459108274	
1038	 0.04972982439509414	 9.793273201446427	
1039	 0.0497450446882744	 9.79826925419555	
1040	 0.04976061098212596	 9.803379935673638	
1041	 0.04977597573584333	 9.808425493393527	
1042	 0.049794399976595724	 9.814477110518817	
1043	 0.049815704608203615	 9.821476680696207	
1044	 0.04984183736734947	 9.830065242766274	
1045	 0.049866341047555995	 9.838121133794584	
1046	 0.04988343522752344	 9.843742622013156	
1047	 0.04989560809535452	 9.847746500389269	
1048	 0.04990493907460745	 9.85081607069597	
1049	 0.04992126330994147	 9.856187101292571	
1050	 0.04999265872262899	 9.879691512946701	
1051	 0.05006705166733944	 9.904206574148759	
1052	 0.050118953067116744	 9.921324278390594	
1053	 0.05018362870782864	 9.942671624305273	
1054	 0.05021491119603408	 9.953003550592701	
1055	 0.0502414433597805	 9.961769911714887	
1056	 0.05026082969903106	 9.96817720805143	
1057	 0.05028098108385883	 9.97483910296549	
1058	 0.05030368287150899	 9.982346274089334	
1059	 0.050328622116319215	 9.990595945629194	
1060	 0.05035488862372201	 9.999287610553163	
1061	 0.05038094703546926	 10.007913403248853	
1062	 0.05040896338657895	 10.017190626823401	
1063	 0.05044802324760717	 10.03013049236037	
1064	 0.05048686744282855	 10.0430055372015	
1065	 0.050516788305165705	 10.052927415898274	
1066	 0.05054302227981369	 10.061629931820766	
1067	 0.05056908242810813	 10.070277766830893	
1068	 0.050591802043491944	 10.07781949947645	
1069	 0.05061261974779392	 10.084731878972264	
1070	 0.05063346775506055	 10.091656220207097	
1071	 0.05066092958555974	 10.100780141093898	
1072	 0.050693787437015796	 10.111701169843565	
1073	 0.05082897059154062	 10.156681906770464	
1074	 0.051030279436578875	 10.223813175798977	
1075	 0.05128766161058313	 10.309900915337932	
1076	 0.05158682154347341	 10.410324753323733	
1077	 0.05186940049509894	 10.50553985731853	
1078	 0.052070284367210846	 10.57343848883376	
1079	 0.05214439791696697	 10.598532993389407	
1080	 0.052141056698585146	 10.597401160175275	
1081	 0.05213627872570621	 10.5957827123246	
1082	 0.05216251658160277	 10.604671508535665	
1083	 0.05223956749486142	 10.630791857443976	
1084	 0.05226755464009938	 10.640285894867128	
1085	 0.052271132531394086	 10.641499861963945	
1086	 0.052261634988215316	 10.63827749753039	
1087	 0.052250174435692937	 10.634389635183028	
1088	 0.05224028400893368	 10.63103487715603	
1089	 0.052233811342370935	 10.628839626775955	
1090	 0.052226121428386785	 10.626231774081637	
1091	 0.052220991337236816	 10.62449216718428	
1092	 0.05221944858299143	 10.623969043610026	
1093	 0.052221125358788915	 10.624537612260172	
1094	 0.0522230684774366	 10.625196508861697	
1095	 0.05222596130850057	 10.626177475924662	
1096	 0.05222903192273453	 10.627218769387978	
1097	 0.05223926889075454	 10.630690580697504	
1098	 0.052257254428300884	 10.636791375192379	
1099	 0.05227555924487761	 10.643001908390538	
1100	 0.052289526345473056	 10.647741698810552	
1101	 0.05230198883529113	 10.651971606266882	
1102	 0.052313568367370035	 10.655902430319983	
1103	 0.05232296306043651	 10.659092008357023	
1104	 0.052330426330074876	 10.66162612389072	
1105	 0.05233742693079978	 10.664003361539589	
1106	 0.05234260233239824	 10.66576094123084	
1107	 0.05234400921761677	 10.666238743097285	
1108	 0.052347111900161745	 10.667292496498378	
1109	 0.05235120896570298	 10.668684032571159	
1110	 0.052356181320173306	 10.670372951168565	
1111	 0.05236141661536532	 10.672151296238468	
1112	 0.05236580873178051	 10.673643318561451	
1113	 0.05236874720580159	 10.674641578399914	
1114	 0.05236950394670439	 10.674898664838087	
1115	 0.05236412072774112	 10.673069885887251	
1116	 0.052359540827802246	 10.671514107925745	
1117	 0.05236261365424403	 10.672557927628416	
1118	 0.052371540467602604	 10.6755905412922	
1119	 0.05237624648804226	 10.677189407509852	
1120	 0.05237445199792409	 10.676579719806384	
1121	 0.052370431721762645	 10.675213859829759	
1122	 0.05236820866551031	 10.674458622432672	
1123	 0.052372482314205264	 10.67591052516345	
1124	 0.05238117545832325	 10.678864123424633	
1125	 0.0523928590846624	 10.682834288066077	
1126	 0.05240228895717721	 10.686039044426602	
1127	 0.05240670357523756	 10.687539491150979	
1128	 0.05241125469018302	 10.689086418846129	
1129	 0.05241334090217979	 10.689795553946	
1130	 0.05241366864166592	 10.689906959278552	
1131	 0.05241215899407854	 10.689393803145506	
1132	 0.052410341869419064	 10.68877614314158	
1133	 0.05240795987163171	 10.687966498375166	
1134	 0.05240407362504732	 10.686645609757404	
1135	 0.052398311130040065	 10.684687127001801	
1136	 0.05239273426600526	 10.682791870836112	
1137	 0.052384619365029604	 10.680034321733354	
1138	 0.0523769568046318	 10.677430745252288	
1139	 0.05236295610263769	 10.672674257710476	
1140	 0.05234065622811456	 10.665100025619555	
1141	 0.052311748802890495	 10.655284716873698	
1142	 0.05228074404153895	 10.644761290974106	
1143	 0.05227891087187719	 10.644139219191691	
1144	 0.052285591267809586	 10.646406229345846	
1145	 0.05228353642149825	 10.645708891212168	
1146	 0.05227407164544804	 10.642497135426694	
1147	 0.05225502553077339	 10.63603524473795	
1148	 0.05223675667054715	 10.629838533053812	
1149	 0.05221847195898534	 10.62363789117523	
1150	 0.052199523951814424	 10.617213842019197	
1151	 0.05217975176081123	 10.610512022483883	
1152	 0.05215877720482657	 10.6034045095049	
1153	 0.052134927577891926	 10.595325054518039	
1154	 0.05210657232295279	 10.585722449412126	
1155	 0.052074290965462684	 10.57479449598314	
1156	 0.052046320840146244	 10.565329640981865	
1157	 0.05201926875198482	 10.556178667315208	
1158	 0.051995328341336904	 10.548082933841082	
1159	 0.05197410297946342	 10.540907404220983	
1160	 0.051954755922811374	 10.534368563549274	
1161	 0.0519384828674932	 10.528869918273246	
1162	 0.05192669849812549	 10.524888711367725	
1163	 0.051904719242092605	 10.517464894389198	
1164	 0.051877658812245334	 10.508327714365375	
1165	 0.051844960376572435	 10.497291053333512	
1166	 0.05180809564300217	 10.484853711104257	
1167	 0.05177162111893838	 10.472553822137712	
1168	 0.051743496695661674	 10.463073686348752	
1169	 0.051721819080108415	 10.455768974075278	
1170	 0.05171393954684168	 10.45311431120309	
1171	 0.051710637624990424	 10.452001953740224	
1172	 0.051705709840566376	 10.450341960790142	
1173	 0.051697396936772055	 10.447541882168391	
1174	 0.05168502982127946	 10.443376757761252	
1175	 0.05166853196505405	 10.437821474274633	
1176	 0.051648370615142984	 10.431034196791058	
1177	 0.05162678074701275	 10.423767969774213	
1178	 0.051606860454031435	 10.417065447004077	
1179	 0.05158958517548181	 10.411254280788546	
1180	 0.05157450587925647	 10.406182873119587	
1181	 0.051561333066587244	 10.401753455123588	
1182	 0.0515490498372095	 10.397623843198227	
1183	 0.05153777238307162	 10.39383294969492	
1184	 0.051526363880445514	 10.38999856715548	
1185	 0.051514457389562174	 10.385997414962475	
1186	 0.051503957799909565	 10.38246956059434	
1187	 0.0514878837218525	 10.377069611055832	
1188	 0.0514687446453174	 10.370641467017299	
1189	 0.05146319386502526	 10.368777452807548	
1190	 0.051448112473505586	 10.363713629366861	
1191	 0.05142695161584544	 10.35661019414685	
1192	 0.05141557673592484	 10.35279259436567	
1193	 0.051407677150762096	 10.350141692846696	
1194	 0.05140745665377357	 10.350067703514824	
1195	 0.05141071527744816	 10.35116117939274	
1196	 0.051409870752717225	 10.35087778309765	
1197	 0.051405916149446965	 10.349550782240177	
1198	 0.05139973136145676	 10.34747556032418	
1199	 0.05139155285085923	 10.344731627372521	
1200	 0.0513818809749271	 10.341487038248323	
1201	 0.05137096846772301	 10.337826747878717	
1202	 0.05135831319920922	 10.333582546865046	
1203	 0.051344605010543415	 10.3289860142948	
1204	 0.051330200590656815	 10.32415690785178	
1205	 0.05131783240330404	 10.320011172680855	
1206	 0.05130650600567575	 10.316215222849987	
1207	 0.05129443281114993	 10.312169605210567	
1208	 0.05128006051452165	 10.307354406968116	
1209	 0.051263410471127306	 10.301777212452075	
1210	 0.05124709635637404	 10.296313713726853	
1211	 0.051225527319496714	 10.289092152970932	
1212	 0.05120371953481324	 10.281792717348663	
1213	 0.05118371527742966	 10.275098775201775	
1214	 0.05116406050120846	 10.268523476972392	
1215	 0.05114214207260748	 10.261192883474884	
1216	 0.05112244944491654	 10.254608492543378	
1217	 0.05110255486591657	 10.247958294315813	
1218	 0.05109052579160347	 10.243938150265317	
1219	 0.051079629134660846	 10.240297007345433	
1220	 0.05106745684826049	 10.236230222189059	
1221	 0.05105498877348911	 10.232065283472611	
1222	 0.05104182210444021	 10.227667716622909	
1223	 0.05102658542986426	 10.22257972761766	
1224	 0.05100910875720549	 10.216744982173019	
1225	 0.0509895606134565	 10.21022023620955	
1226	 0.05096583847005755	 10.202304539269567	
1227	 0.05093593358777075	 10.192329261449736	
1228	 0.05090818695476485	 10.183077395248544	
1229	 0.05087922653971852	 10.173424389176892	
1230	 0.050849511761180695	 10.16352374737282	
1231	 0.05082158885114937	 10.154223651215128	
1232	 0.050796913854496036	 10.146008150413463	
1233	 0.05077642355942893	 10.1391879609429	
1234	 0.05075350482938821	 10.131561641111292	
1235	 0.050721521138035866	 10.120922748018932	
1236	 0.050687813829909494	 10.109715359207982	
1237	 0.0506520611912694	 10.09783334446691	
1238	 0.05061541543255048	 10.085660311789903	
1239	 0.05057841195631432	 10.073374412499662	
1240	 0.05054683950826229	 10.062896460320507	
1241	 0.050519395520436196	 10.053792164617072	
1242	 0.05050899544379922	 10.050342894202037	
1243	 0.05050699291865126	 10.04967879472713	
1244	 0.05050624845765754	 10.049431912837756	
1245	 0.0505034467888752	 10.048502831126035	
1246	 0.050499083897179914	 10.047056089372239	
1247	 0.05049392497985303	 10.045345491783225	
1248	 0.05048845216782815	 10.043530940118917	
1249	 0.050481820775897086	 10.041332428341564	
1250	 0.050474100398214636	 10.038773126611204	
1251	 0.0504653365050312	 10.035868216217475	
1252	 0.05045854105443832	 10.033616004098542	
1253	 0.05045102384143423	 10.03112481425176	
1254	 0.0504422844277851	 10.028228900540606	
1255	 0.05043280288592396	 10.025087451670254	
1256	 0.05042264304051284	 10.021721702488398	
1257	 0.05041295495247148	 10.018512657970128	
1258	 0.05040780917524621	 10.016808357946259	
1259	 0.050401718591182955	 10.01479128436234	
1260	 0.05038051508512968	 10.00777039583921	
1261	 0.05035353616823962	 9.998840005211564	
1262	 0.05032811988788249	 9.990429786212585	
1263	 0.050298905260950065	 9.98076619584005	
1264	 0.05027074141696861	 9.971453724311415	
1265	 0.050245799821221536	 9.963209603661973	
1266	 0.050227683600660204	 9.957223232338073	
1267	 0.05021007425214344	 9.951405732574324	
1268	 0.0501931385650089	 9.945812069443328	
1269	 0.05017647762391523	 9.940310379425432	
1270	 0.05015864213187952	 9.934422184800153	
1271	 0.050139818245112176	 9.928209196172558	
1272	 0.0501209590534382	 9.921986114053457	
1273	 0.05010346394334419	 9.91621454181759	
1274	 0.050089864326767965	 9.911729006511928	
1275	 0.05008008840992763	 9.908505136240318	
1276	 0.05007147586640572	 9.905665267064132	
1277	 0.05006459648056795	 9.903397117008423	
1278	 0.05005841536899586	 9.901359366862426	
1279	 0.05005176405870816	 9.899166791912338	
1280	 0.05004385234353197	 9.896558983014428	
1281	 0.05003428390067175	 9.893405461341727	
1282	 0.050025044663805564	 9.890360819319984	
1283	 0.05001025302248729	 9.885487252115658	
1284	 0.04998560212366393	 9.877367380351155	
1285	 0.04998246654722977	 9.876334729899002	
1286	 0.050035364867304206	 9.893761701016047	
1287	 0.05003249741314585	 9.89281672385649	
1288	 0.04999268429827662	 9.879699936835275	
1289	 0.049962289747048395	 9.869690866195713	
1290	 0.04994234510063117	 9.863125204341486	
1291	 0.04992307796900096	 9.856784236152057	
1292	 0.04990256617707742	 9.850035432978414	
1293	 0.04988153353354366	 9.843117178980709	
1294	 0.04986274044956299	 9.836937226778241	
1295	 0.04984578325204735	 9.831362323346886	
1296	 0.049828990298037376	 9.82584266305586	
1297	 0.0498123913319643	 9.820387983061446	
1298	 0.04979675270381346	 9.81524999365111	
1299	 0.049784435311669574	 9.811203936156497	
1300	 0.04977996799318929	 9.809736661583141	
1301	 0.04978396636642849	 9.811049908667108	
1302	 0.04978669794571122	 9.81194712359992	
1303	 0.049779092267214886	 9.809449042849225	
1304	 0.04977196159811707	 9.80710720976259	
1305	 0.049765949844547235	 9.805133021347707	
1306	 0.049761605040493866	 9.803706338309462	
1307	 0.04975065300842623	 9.800110439126405	
1308	 0.04973343209238917	 9.794457333907475	
1309	 0.049711643037852804	 9.787306517107835	
1310	 0.04968980269975304	 9.780140966456244	
1311	 0.04966915776677485	 9.7733695438999	
1312	 0.04965076579694976	 9.767338660812477	
1313	 0.04964074635368711	 9.764053826868276	
1314	 0.049636685550406325	 9.762722634801774	
1315	 0.04963501263434243	 9.7621742490041	
1316	 0.04963209679293094	 9.761218458825969	
1317	 0.049627695131091484	 9.759775699153133	
1318	 0.04962164071060294	 9.757791344018157	
1319	 0.049614379180396	 9.755411567802419	
1320	 0.04960645118982303	 9.75281364180249	
1321	 0.04959805955881974	 9.750064086843212	
1322	 0.04958959539973842	 9.747291081889957	
1323	 0.04958155744950405	 9.744658002417427	
1324	 0.049575971882257985	 9.74282844449858	
1325	 0.04957033916768642	 9.740983582587894	
1326	 0.04956532603214573	 9.739341766614341	
1327	 0.04956481938233903	 9.739175843538495	
1328	 0.04956350103009039	 9.738744100799254	
1329	 0.04956148300509965	 9.738083239418279	
1330	 0.049558819250641546	 9.737210942480496	
1331	 0.049545811048981904	 9.732951609062455	
1332	 0.04952737804087331	 9.726917283714535	
1333	 0.04950778949934412	 9.720506317699765	
1334	 0.04948937190808027	 9.714480124219817	
1335	 0.04947116436949771	 9.70852412893899	
1336	 0.049452018406405666	 9.702262735161696	
1337	 0.049438448208093524	 9.697825788328634	
1338	 0.04942790096229046	 9.694377794510242	
1339	 0.049415345283075084	 9.690273864384363	
1340	 0.04940111129915334	 9.685622206835019	
1341	 0.049385216741243965	 9.680428930554402	
1342	 0.04936796325475996	 9.674792908633044	
1343	 0.04935003753626439	 9.66893868620706	
1344	 0.04933234449535846	 9.66316184215634	
1345	 0.04931531171479757	 9.657601880308578	
1346	 0.04930340543966098	 9.653716109096644	
1347	 0.0492949869056466	 9.650968986086776	
1348	 0.04929110918299424	 9.649703718828777	
1349	 0.049287820969832294	 9.648630855394869	
1350	 0.04927859290441682	 9.645620218486394	
1351	 0.04925558288662445	 9.63811488560828	
1352	 0.04922204717701035	 9.627180502051099	
1353	 0.04918407880527054	 9.614806833636475	
1354	 0.04914571918759138	 9.602312125610732	
1355	 0.04909901810748966	 9.587109164016615	
1356	 0.04904857616738669	 9.570699237725051	
1357	 0.04900343528423223	 9.55602340342975	
1358	 0.04896091492328517	 9.542207772358053	
1359	 0.04892005440599439	 9.52893898873828	
1360	 0.04889046022963413	 9.519333376920608	
1361	 0.04887233779687991	 9.513453151280558	
1362	 0.04885855208476775	 9.508981044274643	
1363	 0.04884536789408501	 9.504704858667566	
1364	 0.04883188944054758	 9.500334026642244	
1365	 0.04881920694960538	 9.496222046049724	
1366	 0.0488087092480345	 9.492818967434598	
1367	 0.04880131344010491	 9.490421734073967	
1368	 0.048797887520738846	 9.489311358946603	
1369	 0.048793933386489206	 9.48802984863721	
1370	 0.04878681512166818	 9.485723037793656	
1371	 0.04877674610590412	 9.48246036243167	
1372	 0.048763465762595354	 9.478157803329838	
1373	 0.048751276587562925	 9.474209447864173	
1374	 0.048741383229679074	 9.471005244451234	
1375	 0.04873326233235895	 9.46837541929418	
1376	 0.048727441821059876	 9.466490717779148	
1377	 0.048726661386580175	 9.466238021829357	
1378	 0.048733503848858724	 9.468453626407694	
1379	 0.04873855975271024	 9.47009087261589	
1380	 0.04874185775996309	 9.471158922670703	
1381	 0.04873191094739437	 9.467937822832182	
1382	 0.04871885582336795	 9.463710816269971	
1383	 0.048705135680107425	 9.459269302581731	
1384	 0.04869182626814304	 9.454961548647605	
1385	 0.04867728810928013	 9.450256992714259	
1386	 0.04866698880240936	 9.446924698337495	
1387	 0.04865610772605487	 9.443404685750572	
1388	 0.0486431542356325	 9.439214934377707	
1389	 0.048626960125962716	 9.433978064618506	
1390	 0.048608400505055854	 9.427977662809372	
1391	 0.04858867372223267	 9.421601587019552	
1392	 0.04856850977405974	 9.41508599430034	
1393	 0.04854785763348338	 9.408414520707456	
1394	 0.0485276055835915	 9.40187412965878	
1395	 0.04850944275825464	 9.396010000357963	
1396	 0.048497838354468	 9.392264118004702	
1397	 0.04848895629171909	 9.389397406511161	
1398	 0.048483697253264325	 9.38770020160153	
1399	 0.048482522963566026	 9.387321249800506	
1400	 0.048489160090919206	 9.389463179369843	
1401	 0.04849448273597109	 9.391181041267993	
1402	 0.04849869214443949	 9.39253969963346	
1403	 0.04850195417554295	 9.393592629867369	
1404	 0.04850427474094844	 9.394341699126747	
1405	 0.0484990179278495	 9.392644855062338	
1406	 0.04849253549727272	 9.390552563368667	
1407	 0.04848416763713598	 9.387851999604347	
1408	 0.0484759989390029	 9.385216011198283	
1409	 0.048468796151971416	 9.38289196199506	
1410	 0.048464902721426006	 9.381635804670411	
1411	 0.048460692832810834	 9.380277622565258	
1412	 0.048453070802184826	 9.377818825181487	
1413	 0.048442821310384014	 9.374512839341483	
1414	 0.04843128855333377	 9.37079349227267	
1415	 0.04841977534014976	 9.367081037058925	
1416	 0.048409061911067634	 9.363627002144037	
1417	 0.048398785490446274	 9.360314338608536	
1418	 0.04838855770731366	 9.357017819205971	
1419	 0.04837851965925207	 9.353782905003502	
1420	 0.04837000661696746	 9.351039797830133	
1421	 0.04836257702013621	 9.348646065867767	
1422	 0.04835707599592946	 9.346873856114382	
1423	 0.0483525065218399	 9.34540185669771	
1424	 0.04834866954105324	 9.344165892544746	
1425	 0.04834719927515404	 9.343692309392125	
1426	 0.04835563471024	 9.346409553789357	
1427	 0.04836312632854156	 9.348823038423182	
1428	 0.048369819423090134	 9.35097948307239	
1429	 0.04836483228822211	 9.349372661793263	
1430	 0.04835672213382801	 9.34675986051364	
1431	 0.04834874141200054	 9.344189042936597	
1432	 0.0483410742814979	 9.341719508479724	
1433	 0.04833702440924387	 9.340415175512058	
1434	 0.04833759309360116	 9.340598325967866	
1435	 0.048341064823317285	 9.341716462220552	
1436	 0.048343976536057987	 9.342654275687442	
1437	 0.04834706533106402	 9.343649165520754	
1438	 0.04835203900407336	 9.34525125687583	
1439	 0.04836051800044249	 9.347982716422452	
1440	 0.04836831499409431	 9.3504947545443	
1441	 0.048375467049646785	 9.352799243687867	
1442	 0.04838194072701927	 9.354885346049118	
1443	 0.048381602056162286	 9.354776206853892	
1444	 0.0483800682611337	 9.354281936407904	
1445	 0.04837665965825227	 9.353183540426336	
1446	 0.048371998976521	 9.351681755197832	
1447	 0.04836691354544898	 9.35004321543083	
1448	 0.04835990687273621	 9.347785834495904	
1449	 0.048350181857600934	 9.344653030528656	
1450	 0.04834074007723077	 9.341611869328348	
1451	 0.04832795168650212	 9.337493409153925	
1452	 0.0483134053105141	 9.332809678618023	
1453	 0.04830157219349902	 9.329000273068052	
1454	 0.04829595801176235	 9.32719313127995	
1455	 0.04829437460679316	 9.326683476395072	
1456	 0.04829595525573878	 9.327192244181433	
1457	 0.04830237298814427	 9.329258051245523	
1458	 0.04831682102587542	 9.333909406958666	
1459	 0.048329353539525846	 9.337944835967257	
1460	 0.04833704728514472	 9.340422542895821	
1461	 0.04834323983157132	 9.342416992063793	
1462	 0.048348546159834006	 9.344126150203305	
1463	 0.048353436112536355	 9.345701305299862	
1464	 0.048358217602275294	 9.347241624920933	
1465	 0.04836399052956296	 9.34910146371516	
1466	 0.04837329892342494	 9.352100620068027	
1467	 0.04838198493577831	 9.354899592687149	
1468	 0.04839011405531799	 9.35751941616846	
1469	 0.048397731205829186	 9.359974510392377	
1470	 0.04840489442154521	 9.362283531312341	
1471	 0.04841167956011129	 9.36447089135576	
1472	 0.048414275933930474	 9.36530795181747	
1473	 0.048414530234357746	 9.36538993886012	
1474	 0.048414688622202134	 9.365441003610544	
1475	 0.04841231236749015	 9.364674903147712	
1476	 0.04840559926768113	 9.362510746675563	
1477	 0.048396776517240475	 9.359666789283798	
1478	 0.048387909572657026	 9.35680893440822	
1479	 0.04837991327265906	 9.354231991448039	
1480	 0.048369621200712365	 9.350915615048978	
1481	 0.04836446503081152	 9.349254338294527	
1482	 0.04836186820473843	 9.348417706382842	
1483	 0.04835884218414963	 9.347442836597663	
1484	 0.048354615991194554	 9.346081384569336	
1485	 0.048347985165783404	 9.34394544918538	
1486	 0.04834093280793628	 9.341673943189718	
1487	 0.04833756606542495	 9.340589621242268	
1488	 0.04834096470919503	 9.341684217823307	
1489	 0.04835054418809729	 9.344769743679068	
1490	 0.04836393878203287	 9.349084791781783	
1491	 0.04837772125883589	 9.353525627492242	
1492	 0.0483906899449683	 9.357705022948798	
1493	 0.04840188810299108	 9.361314434270723	
1494	 0.04841229447810868	 9.364669135736735	
1495	 0.04842063735139789	 9.367358973675934	
1496	 0.04842794728173476	 9.36971603294654	
1497	 0.048434830565537275	 9.371935738502374	
1498	 0.04844322979783275	 9.37464458853544	
1499	 0.04860631631616772	 9.427303931340594	
1500	 0.04878581316930746	 9.485398353842914	
1501	 0.04896185798269562	 9.542514102643045	
1502	 0.04890870821099082	 9.525255808006744	
1503	 0.048815091453612444	 9.494887852399126	
1504	 0.04872999204013823	 9.46731646898801	
1505	 0.04865879730692219	 9.44427471247973	
1506	 0.04860172570433073	 9.425820045642462	
1507	 0.0485531672180492	 9.410129549824878	
1508	 0.0485096783693184	 9.396086061408129	
1509	 0.04847087402412204	 9.383562384000316	
1510	 0.048435814995140804	 9.372253212290735	
1511	 0.04840261791198868	 9.361549687002555	
1512	 0.04837301062801692	 9.352007725765867	
1513	 0.04834964749712233	 9.34448090450009	
1514	 0.048331971710680016	 9.338787966745956	
1515	 0.04831909221197499	 9.334640669798722	
1516	 0.04830421897285181	 9.329852290065732	
1517	 0.04828834052686833	 9.324741372713351	
1518	 0.048272212238386625	 9.31955118349527	
1519	 0.048257127574319596	 9.314697885630482	
1520	 0.0482442244212071	 9.310547263516533	
1521	 0.048231401264904286	 9.306423107514167	
1522	 0.048213276640557065	 9.300595151418314	
1523	 0.04819480551638432	 9.294657281177045	
1524	 0.048183407438517664	 9.290993923878975	
1525	 0.04817643037444324	 9.288751771291668	
1526	 0.048166175866257134	 9.285456770604421	
1527	 0.04815010954229321	 9.280295245040774	
1528	 0.04812794003630056	 9.273174874131245	
1529	 0.04811045631937316	 9.267561020341422	
1530	 0.048103579612335336	 9.26535334829977	
1531	 0.04810199380633499	 9.26484427698625	
1532	 0.0481018810397361	 9.26480807737236	
1533	 0.04809918293941752	 9.26394196729853	
1534	 0.04809134484561211	 9.261426065175412	
1535	 0.048076914330965	 9.256794816840483	
1536	 0.04805704488701719	 9.250419545429569	
1537	 0.048036031257658575	 9.243679064601123	
1538	 0.04801725528761339	 9.237658013925246	
1539	 0.04800113787330681	 9.232490756811416	
1540	 0.047994722232469283	 9.230434218557091	
1541	 0.04798848313144803	 9.22843444603419	
1542	 0.047982876202504916	 9.226637446782679	
1543	 0.04798164220918326	 9.226241975443427	
1544	 0.04798674062880247	 9.227875965618562	
1545	 0.0480000367856726	 9.232137789356711	
1546	 0.04801248986589949	 9.236130095141268	
1547	 0.04802986215740584	 9.241700593436041	
1548	 0.04804504938098493	 9.246571541078946	
1549	 0.04805828625590384	 9.250817797198673	
1550	 0.04806974720115709	 9.2544949828446	
1551	 0.04807977675661811	 9.257713393984902	
1552	 0.04808846930805743	 9.260503132377902	
1553	 0.04808265271562919	 9.258636350818891	
1554	 0.04807192421737862	 9.255193533423633	
1555	 0.04806415420220298	 9.252700424718917	
1556	 0.0480591847967746	 9.251106068321462	
1557	 0.04805618508046519	 9.2501437092187	
1558	 0.048053040341407206	 9.249134867393296	
1559	 0.048048656748684	 9.247728670992952	
1560	 0.048040889409278496	 9.245237225115703	
1561	 0.04803307357580165	 9.242730495370337	
1562	 0.04803000034182982	 9.241744908238003	
1563	 0.04802534814731063	 9.240253027936086	
1564	 0.04801219936952409	 9.236036957678092	
1565	 0.04800096317133344	 9.232434753541876	
1566	 0.04799398573574665	 9.230198145732809	
1567	 0.04799269625723243	 9.229784828820472	
1568	 0.04799175642110702	 9.229483587546127	
1569	 0.04799061872881567	 9.229118933622898	
1570	 0.047990189676185964	 9.228981414872612	
1571	 0.04798063347771157	 9.225918701270308	
1572	 0.04796073864218347	 9.21954381096905	
1573	 0.04793377140000492	 9.21090552765712	
1574	 0.0479017764651077	 9.200660949922646	
1575	 0.04786691552790319	 9.189503888084085	
1576	 0.047834432742235054	 9.179112815414593	
1577	 0.047803779337767464	 9.16931126541659	
1578	 0.047781904739374575	 9.162319335458537	
1579	 0.04776502928004887	 9.15692677297884	
1580	 0.047747816961619935	 9.151427875248492	
1581	 0.047730479367975316	 9.14589029108625	
1582	 0.047709862357412335	 9.139307014581489	
1583	 0.04768739848295149	 9.132136169409046	
1584	 0.047661496018027966	 9.123870463528764	
1585	 0.04762893057226611	 9.113482790139651	
1586	 0.04759335568130829	 9.102140579070769	
1587	 0.04755901961957131	 9.091198698211297	
1588	 0.04752849489361065	 9.081475797542373	
1589	 0.04750200750512957	 9.073042264127476	
1590	 0.047482028227662405	 9.066682974529966	
1591	 0.04746922046066233	 9.062607273822469	
1592	 0.04746273279749851	 9.060543042718677	
1593	 0.04745949130295521	 9.059511741229088	
1594	 0.04745009777987159	 9.056523399114393	
1595	 0.047429102609224394	 9.049845674598837	
1596	 0.04740304071961269	 9.04155917035501	
1597	 0.04736694532773178	 9.030087480865179	
1598	 0.04732387258238843	 9.016405902304577	
1599	 0.04728196272237764	 9.00310166743269	
1600	 0.04724206106616384	 8.990442237967235	
1601	 0.04720242593644023	 8.977874423263637	
1602	 0.04717153388862934	 8.96808381001995	
1603	 0.0471483982385187	 8.960754229735166	
1604	 0.047128727124747485	 8.954524131175015	
1605	 0.04711469344828075	 8.950080542002445	
1606	 0.047107263448624905	 8.947728282202045	
1607	 0.04710406143213833	 8.94671463369662	
1608	 0.047103168519074395	 8.946431976262042	
1609	 0.04710192527305712	 8.94603842460315	
1610	 0.04709508485503577	 8.943873202420672	
1611	 0.047084660684517374	 8.940574005321565	
1612	 0.047071740697820955	 8.9364855707962	
1613	 0.04705823152732571	 8.932211493395288	
1614	 0.04704173192153367	 8.926992401416651	
1615	 0.0470223788580997	 8.920872269703402	
1616	 0.04700229551371271	 8.914522972251588	
1617	 0.0469815680619303	 8.907971938219488	
1618	 0.046952262402681695	 8.898712998381741	
1619	 0.046921918219283834	 8.889130002410047	
1620	 0.046893064960152046	 8.880021686372913	
1621	 0.046865497241492124	 8.871322675661325	
1622	 0.04684113092357963	 8.863636708480803	
1623	 0.04681454812249336	 8.855254626615595	
1624	 0.04678433212399551	 8.845730778431912	
1625	 0.046755238415249076	 8.83656454148448	
1626	 0.04673184902097451	 8.829198257233095	
1627	 0.046714329053397945	 8.823682107160613	
1628	 0.04669431106381284	 8.817381144523248	
1629	 0.04667327635525916	 8.810762094406916	
1630	 0.04665334545678573	 8.804492217906214	
1631	 0.04663391535127032	 8.798381599945092	
1632	 0.046615841095724794	 8.792698909903978	
1633	 0.04659991582175761	 8.787693093943108	
1634	 0.04658521532475208	 8.783073276177808	
1635	 0.04657002276670428	 8.778299843111046	
1636	 0.046558857567053726	 8.774792449601446	
1637	 0.046545701094169285	 8.770660244669608	
1638	 0.0465314532493882	 8.766186138151832	
1639	 0.04651833280393537	 8.762066865117871	
1640	 0.046508570146192044	 8.759002300011517	
1641	 0.04649814240299818	 8.755729433672771	
1642	 0.046486373319400254	 8.752036160061055	
1643	 0.04647282752738989	 8.747786106498149	
1644	 0.04646396595589393	 8.745006195137607	
1645	 0.04645570682485312	 8.742415590028717	
1646	 0.046448661172777114	 8.740205854176905	
1647	 0.046445212031659924	 8.73912417760369	
1648	 0.04644065353737662	 8.737694681697455	
1649	 0.046437073238952485	 8.736572003318908	
1650	 0.046435973084171474	 8.736227038082985	
1651	 0.04643405040337891	 8.735624174147164	
1652	 0.046432054904820386	 8.734998495520417	
1653	 0.04643109208982293	 8.734696616088197	
1654	 0.04643156436064723	 8.734844690584953	
1655	 0.04643274846251729	 8.735215955046865	
1656	 0.04643102316873494	 8.734675006843576	
1657	 0.04642800326010445	 8.733728177663663	
1658	 0.04642465819297109	 8.732679449762687	
1659	 0.046420916201323985	 8.731506339866465	
1660	 0.04641645518801423	 8.730107899916025	
1661	 0.04641229942184085	 8.72880522955226	
1662	 0.046405316341879235	 8.726616481863891	
1663	 0.046396336058800586	 8.723802061835801	
1664	 0.04638803607573498	 8.72120117069807	
1665	 0.04638070544877419	 8.71890429596852	
1666	 0.04637493425931037	 8.717096203535906	
1667	 0.04635857917313266	 8.711973030091412	
1668	 0.04633428911262974	 8.704366477200123	
1669	 0.04630739242039338	 8.695946745778071	
1670	 0.04628179928072739	 8.687938104513858	
1671	 0.046258828647321934	 8.68075261525683	
1672	 0.04624111257813025	 8.67521244108538	
1673	 0.04622834857525059	 8.671221755389906	
1674	 0.04622825052135427	 8.671191101526926	
1675	 0.04623168170846803	 8.67226379390768	
1676	 0.046234461792690515	 8.673132970848679	
1677	 0.04623534589433922	 8.673409387318747	
1678	 0.046234374699495054	 8.67310574114593	
1679	 0.04623355061032932	 8.672848091217158	
1680	 0.04623474168902248	 8.673220480717212	
1681	 0.0462393095110903	 8.674648664774784	
1682	 0.04624861221341033	 8.677557556463817	
1683	 0.04625907385309959	 8.680829306003183	
1684	 0.046267585524440935	 8.683491590811917	
1685	 0.04626782940861261	 8.683567877837017	
1686	 0.04626218227774912	 8.681801522764856	
1687	 0.0462566983085049	 8.68008634026623	
1688	 0.04625096105425557	 8.678292084690728	
1689	 0.046245461828126354	 8.67657240874512	
1690	 0.04624602120714207	 8.676747327245623	
1691	 0.0462441193051147	 8.676152605916903	
1692	 0.04623788502482043	 8.674203272057465	
1693	 0.046230534905789496	 8.671905262962861	
1694	 0.046220254925761754	 8.668691643607682	
1695	 0.046204164373584405	 8.663662540792908	
1696	 0.046183737962661835	 8.657279946866943	
1697	 0.046159820810038804	 8.64980900038444	
1698	 0.046143901819289845	 8.64483785168553	
1699	 0.04612431055646645	 8.638721502835562	
1700	 0.046091396928498306	 8.62844983968427	
1701	 0.04604628583902887	 8.61437954319719	
1702	 0.046003992061771394	 8.601196319557241	
1703	 0.04596596664117111	 8.589350464041011	
1704	 0.045929689153049305	 8.578055220305089	
1705	 0.04589534365187018	 8.567366993430358	
1706	 0.04586380845493851	 8.557558020110088	
1707	 0.045835281116990104	 8.548688509153843	
1708	 0.045807446022967865	 8.54003777218137	
1709	 0.04578322161304284	 8.53251203405211	
1710	 0.045762943820106254	 8.52621442251091	
1711	 0.045747874878059154	 8.521535712416966	
1712	 0.04573832127706429	 8.5185699759371	
1713	 0.04573435121381923	 8.517337665622323	
1714	 0.04573095526640127	 8.516283617838255	
1715	 0.04572345185560949	 8.513954864114156	
1716	 0.04572063381366802	 8.513080324244218	
1717	 0.04572227658363252	 8.513590130539237	
1718	 0.04572392409492504	 8.51410142049082	
1719	 0.04572673329252356	 8.514973257410498	
1720	 0.045732047102666526	 8.516622500667369	
1721	 0.04574027329668166	 8.519175910297152	
1722	 0.04575655054426843	 8.52422926823469	
1723	 0.0457791783065276	 8.531256168377839	
1724	 0.04579847639989137	 8.537250891930908	
1725	 0.04581488402766023	 8.542349051407447	
1726	 0.04582879773479132	 8.546673256555929	
1727	 0.04583783148311718	 8.549481300552559	
1728	 0.0458426239912595	 8.550971150216641	
1729	 0.045845622853184324	 8.551903460903654	
1730	 0.045848484256598876	 8.552793075270886	
1731	 0.045852768988205735	 8.554125273597098	
1732	 0.04585995719290399	 8.556360399120306	
1733	 0.045866251251529794	 8.558317687532663	
1734	 0.04587176888733429	 8.56003367595367	
1735	 0.045876618742557045	 8.561542097803466	
1736	 0.04588089502120224	 8.562872211711404	
1737	 0.04588467896688391	 8.564049256973766	
1738	 0.04588810151258375	 8.565113939833006	
1739	 0.045892473918684604	 8.56647418154658	
1740	 0.04588661880042368	 8.56465269238574	
1741	 0.04587201777523733	 8.560111083501434	
1742	 0.04585665734961498	 8.555334305299095	
1743	 0.04584308850187402	 8.55111555840905	
1744	 0.04583131723804782	 8.547456380078447	
1745	 0.04582533953719678	 8.54559841050108	
1746	 0.04583446024313367	 8.548433343524485	
1747	 0.04584158178297077	 8.550647149512438	
1748	 0.045840537511971764	 8.550322512480177	
1749	 0.04583995527235148	 8.55014151127739	
1750	 0.04584597082978903	 8.552011645345047	
1751	 0.045851567028237075	 8.55375155475261	
1752	 0.04584837643761658	 8.552759553525755	
1753	 0.04584054920814883	 8.55032614849392	
1754	 0.045827875452990614	 8.546386595885714	
1755	 0.04581412213164832	 8.542112288990793	
1756	 0.04580163720057839	 8.538232917658409	
1757	 0.04579028649681255	 8.534706590059901	
1758	 0.045779931241400604	 8.531490027078567	
1759	 0.04576921093501296	 8.528160582447947	
1760	 0.045760331163433296	 8.525403153056407	
1761	 0.04575341660136429	 8.523256225846941	
1762	 0.045754619223835336	 8.523629616879193	
1763	 0.0457593486870128	 8.525098087241558	
1764	 0.04576368304236542	 8.526443967819048	
1765	 0.04577077970970526	 8.528647770052727	
1766	 0.045782430401616496	 8.532266275093217	
1767	 0.04580478294635595	 8.53921031085137	
1768	 0.045825498326644995	 8.54564776283312	
1769	 0.04584468838215918	 8.551612940558794	
1770	 0.04586250975849942	 8.557154158997426	
1771	 0.045879114380527136	 8.562318342782694	
1772	 0.045894626096703556	 8.567143749054383	
1773	 0.04590916577313678	 8.571667759174227	
1774	 0.04592285965680921	 8.575929475018873	
1775	 0.04593577559995856	 8.579949862051247	
1776	 0.04594802118770009	 8.583762281436007	
1777	 0.04595966948414129	 8.587389374761246	
1778	 0.04596410368687294	 8.588770275684352	
1779	 0.04596845261010477	 8.590124705105028	
1780	 0.04597270932516396	 8.591450499926475	
1781	 0.04597285552645863	 8.59149603717876	
1782	 0.045971744931235216	 8.591150122996845	
1783	 0.045970831546526966	 8.59086563763194	
1784	 0.04597092192527653	 8.590893787082965	
1785	 0.045971850209495076	 8.591182913501349	
1786	 0.04597327387550111	 8.59162634070251	
1787	 0.04597283891514849	 8.59149086325651	
1788	 0.045960194478150876	 8.587552863939056	
1789	 0.04593685810442142	 8.580286850917881	
1790	 0.04591060189295898	 8.572114658688715	
1791	 0.045886225626189485	 8.56453038399338	
1792	 0.045868245290261206	 8.558937819030495	
1793	 0.045858298184202166	 8.555844520415706	
1794	 0.04585717963965617	 8.555496709303563	
1795	 0.04585694167201502	 8.555422714062066	
1796	 0.04585714484908622	 8.55548589127631	
1797	 0.045857412015037055	 8.555568965897487	
1798	 0.04585942575699248	 8.556195144582299	
1799	 0.045864553961097045	 8.557789856750924	
1800	 0.04587052477655402	 8.55964674465381	
1801	 0.04587600389654529	 8.561350859992094	
1802	 0.04588181750239192	 8.563159155455667	
1803	 0.04589154128165191	 8.566184033865195	
1804	 0.04590473963976097	 8.570290469735735	
1805	 0.04592177764297698	 8.575592707320924	
1806	 0.045938756070073465	 8.580877709568991	
1807	 0.04595181724014143	 8.58494424416431	
1808	 0.04595910932780544	 8.587214937003168	
1809	 0.04596192504942623	 8.588091792570973	
1810	 0.04596586245061654	 8.58931801508738	
1811	 0.045966671655110335	 8.589570033837548	
1812	 0.04595569968332969	 8.586153173393113	
1813	 0.04593804089554866	 8.580655065559982	
1814	 0.045915669275694904	 8.573691628647156	
1815	 0.04589243170062686	 8.566461047229199	
1816	 0.04587268295375148	 8.56031796450682	
1817	 0.04585905106300655	 8.556078631052864	
1818	 0.045857709489830166	 8.555661465361203	
1819	 0.0458605779766949	 8.55655343876161	
1820	 0.04586481555942149	 8.557871208890012	
1821	 0.0458681813879037	 8.558917945584755	
1822	 0.045871281771945924	 8.559882177204363	
1823	 0.04587187134702111	 8.560065542286125	
1824	 0.045871298267644696	 8.559887307547699	
1825	 0.04587072073923527	 8.559707690607063	
1826	 0.04587246734396277	 8.56025090624407	
1827	 0.04587614411049488	 8.561394471100988	
1828	 0.0458858444890999	 8.564411820775268	
1829	 0.04589491755320791	 8.567234426157833	
1830	 0.04590294872465679	 8.569733211989723	
1831	 0.04591167328474262	 8.57244806623426	
1832	 0.04592118490136913	 8.575408223727294	
1833	 0.045930879008184274	 8.578425595523447	
1834	 0.04594172965525255	 8.58180345373737	
1835	 0.045950786433528804	 8.584623279305314	
1836	 0.04594465850249636	 8.582715309026774	
1837	 0.045925648568407224	 8.576797524668695	
1838	 0.04589829763595655	 8.568286055754568	
1839	 0.045870393794998555	 8.559606008444549	
1840	 0.0458423767655477	 8.55089429248233	
1841	 0.04582343412534877	 8.545006210532568	
1842	 0.04581858664705061	 8.543499693458813	
1843	 0.04581785902797252	 8.54327357050599	
1844	 0.04581668451571552	 8.54290857113689	
1845	 0.04581522807719538	 8.54245596711979	
1846	 0.045814385244408014	 8.542194052099921	
1847	 0.045814196979873364	 8.542135548277864	
1848	 0.0458148528067391	 8.54233934932223	
1849	 0.04581699648522826	 8.543005520283307	
1850	 0.04582107091853165	 8.544271751182578	
1851	 0.04582633737432612	 8.54590854376521	
1852	 0.04583096280610799	 8.547346212187488	
1853	 0.045836732249814285	 8.549139595926324	
1854	 0.045843706384667074	 8.55130764883007	
1855	 0.04585191689386974	 8.55386033588795	
1856	 0.04586207968563091	 8.55702041910286	
1857	 0.04587350790887514	 8.560574541335077	
1858	 0.04588705356027217	 8.56478793801813	
1859	 0.04590006222813068	 8.568835085713483	
1860	 0.0459056208446899	 8.570564669109928	
1861	 0.04590026631834216	 8.568898586642524	
1862	 0.0458873116942314	 8.564868239054208	
1863	 0.04587062872864635	 8.559679074560112	
1864	 0.04585590005923559	 8.555098831067305	
1865	 0.045850081924066935	 8.553289808448996	
1866	 0.045855173952272454	 8.554873055538751	
1867	 0.045862602769255016	 8.557183082691177	
1868	 0.04586782965006216	 8.5588085564782	
1869	 0.04587327988816578	 8.560503622223871	
1870	 0.04587951074275513	 8.562441630157723	
1871	 0.04588514804577092	 8.564195174539046	
1872	 0.045891909263701756	 8.566298514308192	
1873	 0.045896951042546076	 8.567867090153834	
1874	 0.04590046892593785	 8.568961626454493	
1875	 0.0459044816020391	 8.57021017831404	
1876	 0.045910170144059397	 8.571980303757	
1877	 0.045918187274166807	 8.574475273148535	
1878	 0.04592633726560724	 8.577011887308835	
1879	 0.04593534424108933	 8.579815579427398	
1880	 0.045945193961789615	 8.582882020917294	
1881	 0.045954840979147364	 8.585885781108502	
1882	 0.045966874419276466	 8.589633183198575	
1883	 0.0459898113466347	 8.596777913804868	
1884	 0.046000722216505065	 8.600177425563349	
1885	 0.04599982782941462	 8.599898740162939	
1886	 0.045991683930639314	 8.597361318651584	
1887	 0.045980897938132245	 8.594001152293325	
1888	 0.04596751582665808	 8.58983294588364	
1889	 0.045962233316229624	 8.588187793391945	
1890	 0.045962981030244786	 8.588420649178689	
1891	 0.04596600217061361	 8.589361529289729	
1892	 0.04596956502848793	 8.590471170603832	
1893	 0.04597305990120173	 8.591559693850991	
1894	 0.045978245554758906	 8.593174934288012	
1895	 0.045984895140071876	 8.59524634160134	
1896	 0.04599183334680781	 8.597407870044819	
1897	 0.045998169473369495	 8.599382016392763	
1898	 0.046004916625103136	 8.601484425134013	
1899	 0.0460108745488632	 8.603341081785242	
1900	 0.04601453646364613	 8.604482316982013	
1901	 0.0460234418378758	 8.60725792820261	
1902	 0.04603937178215039	 8.612223838058446	
1903	 0.04605632803837994	 8.61751094325481	
1904	 0.04607221071167112	 8.622464473325985	
1905	 0.04608532418634473	 8.626555196530214	
1906	 0.0460994285208779	 8.630955882814158	
1907	 0.046123337563091206	 8.638417781595175	
1908	 0.04614587797301149	 8.645454898636894	
1909	 0.046167065679861945	 8.652071791472725	
1910	 0.04618736676048486	 8.658413691586325	
1911	 0.046206727145533026	 8.66446345712213	
1912	 0.0462252526035082	 8.670253905609089	
1913	 0.04624300030450493	 8.675802704066554	
1914	 0.04624785673984977	 8.677321310470166	
1915	 0.04625680687324477	 8.680120293981307	
1916	 0.04627442339875362	 8.685630581081144	
1917	 0.046291349724713736	 8.690926297666257	
1918	 0.0463075902501985	 8.696008662454508	
1919	 0.04631353579326001	 8.697869577925413	
1920	 0.046322996466804094	 8.700831034231216	
1921	 0.04633386035268311	 8.704232232768124	
1922	 0.04634447910681084	 8.707557200798389	
1923	 0.04635098250133517	 8.709593809031615	
1924	 0.04635687048511116	 8.711437859063935	
1925	 0.04636060443817669	 8.712607371914585	
1926	 0.046356902237271715	 8.711447803905402	
1927	 0.046348480206610636	 8.70881016586397	
1928	 0.046340966259204884	 8.706457193879237	
1929	 0.04633406564742684	 8.704296510301917	
1930	 0.046329809220765725	 8.702963867148004	
1931	 0.04632413480151448	 8.701187392118982	
1932	 0.04631011145369568	 8.696797762946089	
1933	 0.04630125680926441	 8.694026512731673	
1934	 0.04630255586626794	 8.694433058271054	
1935	 0.046313548923422265	 8.69787368775521	
1936	 0.0463337201488873	 8.704188335239822	
1937	 0.04635191708617707	 8.70988650002478	
1938	 0.04636199010821197	 8.713041394126314	
1939	 0.04636484264450452	 8.71393489821137	
1940	 0.046360600740415245	 8.712606213706263	
1941	 0.04635194237460906	 8.709894419848679	
1942	 0.046340719908416594	 8.706380054112655	
1943	 0.046324974715115444	 8.701450332442837	
1944	 0.04630833658011599	 8.696242250017542	
1945	 0.04629578545993843	 8.692314313622616	
1946	 0.04628811108447052	 8.689912928810882	
1947	 0.0462844226317502	 8.68875887143476	
1948	 0.046284623112043996	 8.688821596910103	
1949	 0.04628848765522574	 8.69003075517679	
1950	 0.046296718179203514	 8.692606188407938	
1951	 0.04631108546951574	 8.69710262358114	
1952	 0.04633113083653807	 8.7033776426371	
1953	 0.046355810521465264	 8.711105878893598	
1954	 0.04637755180314268	 8.717916251803334	
1955	 0.04640423666384328	 8.72627809164573	
1956	 0.04641844114618782	 8.730730447686204	
1957	 0.046423753530706977	 8.732395833449198	
1958	 0.04642345226245859	 8.732301385108064	
1959	 0.04642870734428063	 8.733948924858671	
1960	 0.046436672631504826	 8.73644638796093	
1961	 0.0464554002282958	 8.742319427152681	
1962	 0.04647940495404885	 8.749849700755352	
1963	 0.04650150370523082	 8.756784363344421	
1964	 0.046522271639506625	 8.763303413973686	
1965	 0.04652933727103072	 8.76552175676098	
1966	 0.04653281524939429	 8.766613793756505	
1967	 0.046533292573548	 8.76676367117081	
1968	 0.046531035773098244	 8.766055056067719	
1969	 0.04652778213974133	 8.765033484698536	
1970	 0.04652470411900185	 8.76406709577716	
1971	 0.04652189618061899	 8.763185540276336	
1972	 0.04652056134931197	 8.762766480883785	
1973	 0.04651353850815834	 8.76056184926451	
1974	 0.04650421529198302	 8.757635419765906	
1975	 0.046496321968787176	 8.755158119760424	
1976	 0.04648794920892894	 8.75253065615408	
1977	 0.04647785199946877	 8.749362461018142	
1978	 0.04646752326324571	 8.746122094597965	
1979	 0.04644945268964282	 8.74045408736829	
1980	 0.04643563398583406	 8.736120711290196	
1981	 0.04642155136441693	 8.73170545829271	
1982	 0.04640393381762004	 8.726183175218411	
1983	 0.04638465443900784	 8.720141586516835	
1984	 0.046362426334192006	 8.713178031449734	
1985	 0.04634055547108286	 8.706328564039705	
1986	 0.046325506196975355	 8.701616717879674	
1987	 0.046306821965682476	 8.695768206126777	
1988	 0.046283451050968386	 8.688454889677754	
1989	 0.04625991902126777	 8.681093643522049	
1990	 0.04623926844961612	 8.674635825996102	
1991	 0.04621985015392268	 8.668565117837334	
1992	 0.04620311832088672	 8.663335637388451	
1993	 0.04619080207544746	 8.659487041206496	
1994	 0.04617946938447688	 8.65594639168682	
1995	 0.04617348688501086	 8.654077525170704	
1996	 0.046178433712694075	 8.655622847749326	
1997	 0.0461851755735411	 8.657729092299332	
1998	 0.04619466299061965	 8.660693431328843	
1999	 0.04620538184261192	 8.66404301996957	
2000	 0.04621619738530253	 8.667423349081199	
2001	 0.04622574902988075	 8.670409093443324	
2002	 0.04623916293086495	 8.674602833258051	
2003	 0.04625352891952865	 8.679095134572668	
2004	 0.04627008798944336	 8.684274375178381	
2005	 0.04628211159255726	 8.688035815780944	
2006	 0.04628934583332742	 8.69029927551385	
2007	 0.04629543957504224	 8.692206077249454	
2008	 0.0463036047260314	 8.694761309044233	
2009	 0.0463256861667227	 8.701673059404348	
2010	 0.04634582155823785	 8.707977588357087	
2011	 0.04636408739235022	 8.713698325915269	
2012	 0.046361956441394646	 8.713030848839061	
2013	 0.04635542260829272	 8.710984385915191	
2014	 0.046349363208352305	 8.709086692132802	
2015	 0.0463463658575452	 8.708148037549893	
2016	 0.046347823296649826	 8.708604446169343	
2017	 0.046352352804758336	 8.71002295864824	
2018	 0.046357115960852	 8.711514742684942	
2019	 0.046361235094361616	 8.71280490617554	
2020	 0.046365759394476846	 8.71422206091814	
2021	 0.04637017086424593	 8.715603962378635	
2022	 0.04636922067754036	 8.715306307144118	
2023	 0.04636693695648523	 8.714590925925307	
2024	 0.04636369763028341	 8.71357623934126	
2025	 0.0463599830244689	 8.71241273433645	
2026	 0.04636307883385351	 8.713382412915406	
2027	 0.046360500331194814	 8.712574763676413	
2028	 0.0463452867037518	 8.707810098142426	
2029	 0.04632770134385234	 8.702303942911007	
2030	 0.04631390558898247	 8.69798532679055	
2031	 0.04630516087305774	 8.695248329389218	
2032	 0.04630374217458894	 8.694804325262577	
2033	 0.04630578882765946	 8.695444860610252	
2034	 0.04631258641683866	 8.69757241872821	
2035	 0.04631890043104861	 8.699548810595413	
2036	 0.04632463595751177	 8.701344281826291	
2037	 0.046329346864271564	 8.702819113027333	
2038	 0.04633658205682845	 8.705084410442385	
2039	 0.04634499604055561	 8.707719077213664	
2040	 0.046350699962076226	 8.70950532485258	
2041	 0.0463526572991179	 8.710118320893793	
2042	 0.04635098317218797	 8.709594019126243	
2043	 0.046345599370942014	 8.707908010027777	
2044	 0.046338254173341226	 8.705607974108885	
2045	 0.04632721978926284	 8.702153182863148	
2046	 0.04631413666853989	 8.698057656757003	
2047	 0.04630234518562526	 8.694367124330977	
2048	 0.04629339827775507	 8.691567313256668	
2049	 0.04628487006083098	 8.68889886151137	
2050	 0.046281759753946945	 8.687925738020997	
2051	 0.04627231943850853	 8.68497240812279	
2052	 0.04626170567077395	 8.681652452374115	
2053	 0.046254762342162824	 8.67948087406066	
2054	 0.046253407208729114	 8.679057071218143	
2055	 0.046257006919606845	 8.680182858790962	
2056	 0.046263893786003714	 8.682336846920881	
2057	 0.04627650801371457	 8.68628272201242	
2058	 0.04630445713632961	 8.695028082714948	
2059	 0.04633025029125932	 8.703101957965941	
2060	 0.04635406209128902	 8.710558282352634	
2061	 0.04637610559992652	 8.717463168110207	
2062	 0.04639656318210144	 8.723873237784943	
2063	 0.04641559727281296	 8.72983897064293	
2064	 0.046433354456622875	 8.735405961474923	
2065	 0.04644996790943892	 8.740615670600604	
2066	 0.04645799887586649	 8.743134496754747	
2067	 0.04646523378019129	 8.745403895159843	
2068	 0.04647254553547827	 8.747697639033452	
2069	 0.0464734612858113	 8.74798493265851	
2070	 0.04646982198119937	 8.746843214712078	
2071	 0.04646157207362607	 8.744255285075516	
2072	 0.04645316143753364	 8.741617251536729	
2073	 0.046444397999263656	 8.738868898737723	
2074	 0.0464408009996304	 8.737740922846685	
2075	 0.04643749581870201	 8.736704509143465	
2076	 0.04643652966445151	 8.736401559070174	
2077	 0.04643380829341816	 8.735548260820208	
2078	 0.04642841085247238	 8.733855967327802	
2079	 0.046419810806798446	 8.731159812069416	
2080	 0.04640721382946351	 8.727211200796354	
2081	 0.04638977896608976	 8.721747298861475	
2082	 0.04637571554067768	 8.717340967336122	
2083	 0.046357982317490616	 8.711786089938022	
2084	 0.046332358450818324	 8.703761994902118	
2085	 0.046299891896013474	 8.693599365385372	
2086	 0.04626512087237086	 8.682720662120373	
2087	 0.046223977266325045	 8.669855227582127	
2088	 0.04618384571651132	 8.65731361152926	
2089	 0.046146714923160206	 8.645716238646239	
2090	 0.046111020483553755	 8.634573357312565	
2091	 0.04607542843295136	 8.62346816343528	
2092	 0.04603788968877533	 8.61176177039645	
2093	 0.04599942463985566	 8.599773110009771	
2094	 0.045962061915523725	 8.588134415523706	
2095	 0.045925806042203414	 8.576846539487617	
2096	 0.045887360520331134	 8.564883428048134	
2097	 0.045848277597798644	 8.552728823517581	
2098	 0.0458036837344761	 8.538868777146444	
2099	 0.045758308233409956	 8.524775023865919	
2100	 0.045714132219309096	 8.51106278253554	
2101	 0.04567188824236001	 8.497958505961966	
2102	 0.04563229210441938	 8.485682935596492	
2103	 0.045593882022737814	 8.473781848994035	
2104	 0.045552563887672745	 8.460987183186885	
2105	 0.04551511624567645	 8.449397744496693	
2106	 0.0454865755040232	 8.440569114623788	
2107	 0.04546816269094578	 8.434875359625002	
2108	 0.04545298180379913	 8.430182162163376	
2109	 0.04543939063919606	 8.42598131664276	
2110	 0.04542486678174517	 8.421493114125429	
2111	 0.045411178400770656	 8.417263968479572	
2112	 0.04539632430243585	 8.41267562562438	
2113	 0.045379819764960354	 8.40757864567842	
2114	 0.0453621440903247	 8.402121362029364	
2115	 0.04534448672578592	 8.396671146798681	
2116	 0.04533519901112821	 8.393804919586655	
2117	 0.045325802581735665	 8.390905540894948	
2118	 0.04531654912950153	 8.38805067106946	
2119	 0.0453113049179946	 8.386432902438813	
2120	 0.045305657855761496	 8.38469099935438	
2121	 0.04530098631577859	 8.38325011703004	
2122	 0.045287576417800894	 8.379114539825963	
2123	 0.04527135938530382	 8.374114340239428	
2124	 0.04525627207592373	 8.369463540415852	
2125	 0.04524311768096554	 8.36540942236484	
2126	 0.04523148123925609	 8.361823784801176	
2127	 0.045223509822063725	 8.359367837885834	
2128	 0.04520709078045004	 8.354310136786973	
2129	 0.0451978276048293	 8.351457259991536	
2130	 0.04519788508799423	 8.351474962479465	
2131	 0.04520570838666555	 8.353884361814945	
2132	 0.04521607664139993	 8.357077978504352	
2133	 0.04522678596230939	 8.360377162564758	
2134	 0.045232482854032356	 8.362132396850843	
2135	 0.04522455641085588	 8.359690269301597	
2136	 0.04520921887021028	 8.354965601837582	
2137	 0.04518966930909698	 8.34894498738052	
2138	 0.045170587674589195	 8.34307015305395	
2139	 0.04515437330029144	 8.338079387963647	
2140	 0.045138396452230924	 8.33316290164864	
2141	 0.04512240625306278	 8.328243468307756	
2142	 0.045106161318374846	 8.323246854802738	
2143	 0.04508962094641715	 8.318160603227582	
2144	 0.04507332199857868	 8.313149807462237	
2145	 0.04505857905408784	 8.30861841514538	
2146	 0.04504982082065562	 8.305926951935833	
2147	 0.045043258656256926	 8.303910583885592	
2148	 0.04503773097613446	 8.302212235632716	
2149	 0.04503069999711451	 8.300052208134643	
2150	 0.04502344224102624	 8.297822746972903	
2151	 0.04501621231682608	 8.295602073504016	
2152	 0.04501037420286391	 8.293809068490813	
2153	 0.0450041573660347	 8.29189992033455	
2154	 0.045005199474268454	 8.292219932395026	
2155	 0.045011260506200246	 8.294081260514208	
2156	 0.04502085993826025	 8.297029564580695	
2157	 0.04502893135970694	 8.299508890256275	
2158	 0.04503320552846993	 8.300821921047495	
2159	 0.04503214296113353	 8.30049549107345	
2160	 0.04502413813741613	 8.298036504308955	
2161	 0.04501277491792365	 8.29454635875194	
2162	 0.04500043005930465	 8.290755374180728	
2163	 0.04498846814198744	 8.287082648440625	
2164	 0.04497980979607744	 8.284424640439397	
2165	 0.04496987288191042	 8.281374547718121	
2166	 0.04495860208834267	 8.277915570294246	
2167	 0.044948666220045695	 8.27486675738845	
2168	 0.04493941722627453	 8.272029115103567	
2169	 0.044929680945048435	 8.26904239096589	
2170	 0.044927420301023084	 8.268348972296176	
2171	 0.0449357585457124	 8.270906719195425	
2172	 0.04494576999022706	 8.273978136245029	
2173	 0.044950719637698255	 8.275496810055495	
2174	 0.044948608824997384	 8.274849147070759	
2175	 0.044941702187928485	 8.272730117728903	
2176	 0.044937580568910486	 8.271465664827959	
2177	 0.04493470516242515	 8.270583577629507	
2178	 0.044941200336212093	 8.272576152771595	
2179	 0.04495611599847602	 8.277152673550535	
2180	 0.044968719628168216	 8.281020590578438	
2181	 0.044975436182296644	 8.283082123298312	
2182	 0.04497819546848615	 8.283929099019819	
2183	 0.044981219306562535	 8.284857319954131	
2184	 0.04498549129755372	 8.286168754549124	
2185	 0.04499106055419077	 8.287878554137043	
2186	 0.04499254366410502	 8.288333902739065	
2187	 0.04498340441676298	 8.285528104326639	
2188	 0.04497319773778634	 8.282395047801174	
2189	 0.044961051115818176	 8.278667121344723	
2190	 0.044949578870896616	 8.275146784803999	
2191	 0.04494132745347953	 8.272615151443148	
2192	 0.04493273242317909	 8.269978423032212	
2193	 0.04492426492706439	 8.267381147522167	
2194	 0.04492140356825678	 8.266503543045008	
2195	 0.04491338459259492	 8.26404424966667	
2196	 0.04490152003924768	 8.260406115185841	
2197	 0.04489020726122034	 8.256937773337576	
2198	 0.044882844237908406	 8.254680684877458	
2199	 0.04487748301837515	 8.253037392064222	
2200	 0.04486593645791341	 8.249498645539722	
2201	 0.044851091663069866	 8.244949960509876	
2202	 0.04484671663619172	 8.243609573039114	
2203	 0.044848255945687594	 8.24408116503926	
2204	 0.0448491259381134	 8.244347705859239	
2205	 0.04484910264631649	 8.2443405698733	
2206	 0.044849812363443174	 8.244558009399004	
2207	 0.0448520890937584	 8.245255557942512	
2208	 0.04485307843307954	 8.245558680780224	
2209	 0.04485395120426486	 8.245826092105979	
2210	 0.04485530576693655	 8.2462411280303	
2211	 0.044857759933557416	 8.24699310220084	
2212	 0.04486242040454748	 8.248421179275498	
2213	 0.04486741588139668	 8.249952019789374	
2214	 0.04487207429746073	 8.251379671992344	
2215	 0.044877084633714204	 8.25291528651696	
2216	 0.044883374786707245	 8.254843313020901	
2217	 0.04489124606675463	 8.257256232505002	
2218	 0.044904269561859916	 8.261249168938681	
2219	 0.04492176447320307	 8.266614233783722	
2220	 0.044941469284186866	 8.272658664179984	
2221	 0.04496046016257323	 8.278485768683423	
2222	 0.04497568410407965	 8.283158222625577	
2223	 0.04499018670455379	 8.28761026703409	
2224	 0.04500671984810894	 8.292686819790948	
2225	 0.04502349296595243	 8.297838327989647	
2226	 0.045036489515636	 8.30183082306988	
2227	 0.045050491719583745	 8.306133111288963	
2228	 0.04506412080743855	 8.310321612869535	
2229	 0.04507687312700423	 8.314241430198608	
2230	 0.0450888946863508	 8.317937302931053	
2231	 0.045100354605847506	 8.32146111842744	
2232	 0.04511136348038302	 8.324846804117158	
2233	 0.0451220506856729	 8.328134090127381	
2234	 0.045131788439662104	 8.33112978563309	
2235	 0.045136773761888224	 8.332663623059902	
2236	 0.04513767083455912	 8.332939637999596	
2237	 0.04514156261711397	 8.334137119709297	
2238	 0.04514756363418054	 8.335983737045824	
2239	 0.045154724286635375	 8.33818740849295	
2240	 0.045156202874909006	 8.338642469061096	
2241	 0.04515247658960949	 8.337495660716806	
2242	 0.045147509570830205	 8.335967100082017	
2243	 0.04514271583124862	 8.334491971055902	
2244	 0.04512770598290175	 8.329873817546355	
2245	 0.04510606085255979	 8.323215957281056	
2246	 0.045084742668690024	 8.316660744600329	
2247	 0.04506751380153068	 8.311364481686114	
2248	 0.0450557431757186	 8.307746892732547	
2249	 0.045048807718239506	 8.305615641353045	
2250	 0.045052957046486854	 8.306890694841977	
2251	 0.04506084292398654	 8.309314174108462	
2252	 0.04506824167661278	 8.311588207794008	
2253	 0.04507396381963078	 8.313347100067716	
2254	 0.04507616949646307	 8.314025128454814	
2255	 0.045075600646302325	 8.313850260940233	
2256	 0.04507514426479062	 8.31370996794024	
2257	 0.04507486152220136	 8.313623052523548	
2258	 0.04507469526917455	 8.313571946310082	
2259	 0.045079317565066446	 8.314992887807579	
2260	 0.04508873491807154	 8.317888179934899	
2261	 0.045102549480121164	 8.322136089366381	
2262	 0.04512171687061472	 8.328031403832917	
2263	 0.045142958466292515	 8.33456663217642	
2264	 0.04515744748934527	 8.339025527920715	
2265	 0.04516202164246086	 8.340433389732274	
2266	 0.04516847958381264	 8.342421217668685	
2267	 0.04517381209644258	 8.344062768647884	
2268	 0.04517111585051747	 8.343232745064407	
2269	 0.04516805816193646	 8.342291493433997	
2270	 0.045165981551919344	 8.341652272514832	
2271	 0.04515863178049018	 8.339390027428276	
2272	 0.045145187197514515	 8.335252446575778	
2273	 0.045127629184659	 8.329850191287841	
2274	 0.04511752082941689	 8.326740684638116	
2275	 0.04511002416657704	 8.324434880119275	
2276	 0.045100914402354184	 8.32163326578558	
2277	 0.04508893609334261	 8.317950034109822	
2278	 0.045075547707131035	 8.313833987236928	
2279	 0.045058374571295516	 8.308555572250661	
2280	 0.045042269568502054	 8.303606682095646	
2281	 0.04502664458482833	 8.298806423842713	
2282	 0.04500899570941304	 8.293385727391861	
2283	 0.044989751082156706	 8.287476524646296	
2284	 0.04496664662348956	 8.280384358297333	
2285	 0.044946463313870394	 8.274190858308545	
2286	 0.04492766097511229	 8.268422794359191	
2287	 0.044908358901456426	 8.262503098657028	
2288	 0.04489027478436757	 8.256958473275585	
2289	 0.04487336868447123	 8.251776376829746	
2290	 0.04485956147494497	 8.247545124798242	
2291	 0.044839638694665014	 8.241441271720538	
2292	 0.044826789261489815	 8.237505478296852	
2293	 0.044818510716810714	 8.234970150644175	
2294	 0.04481312877541688	 8.233322083362488	
2295	 0.04481029520932712	 8.232454436939125	
2296	 0.044806367316259296	 8.231251764810152	
2297	 0.04480131700327077	 8.2297055249075	
2298	 0.0448027727904956	 8.230151227204379	
2299	 0.044803128395972294	 8.230260100473126	
2300	 0.044802547630839434	 8.230082291927951	
2301	 0.04480270767416309	 8.230131291049728	
2302	 0.04480366510702864	 8.230424422675215	
2303	 0.04480558931149581	 8.231013557742697	
2304	 0.04480747986926726	 8.23159240760471	
2305	 0.04480713850858542	 8.23148788878816	
2306	 0.04480715969297711	 8.231494375072002	
2307	 0.04480879724486224	 8.23199577051242	
2308	 0.0448044009793661	 8.230649723246868	
2309	 0.044804391442005556	 8.23064680319636	
2310	 0.04480940956775739	 8.232183258340461	
2311	 0.0448138682817318	 8.233548528429333	
2312	 0.04482131827240379	 8.2358299374786	
2313	 0.04483015605762325	 8.238536658400752	
2314	 0.04484248955545847	 8.24231459498308	
2315	 0.04485630098987541	 8.246546068136634	
2316	 0.04487146161328679	 8.251191898683146	
2317	 0.04487032785753553	 8.250844433681836	
2318	 0.044860304347816626	 8.24777275785088	
2319	 0.04484566856545695	 8.243288486038573	
2320	 0.04482795976380411	 8.237863973120595	
2321	 0.044811932110555064	 8.23295565653612	
2322	 0.04480789323100994	 8.231718972628228	
2323	 0.04480792304719609	 8.231728101917062	
2324	 0.044806564099626765	 8.231312015763644	
2325	 0.044803546441178524	 8.230388091218613	
2326	 0.044799792129908894	 8.229238681624278	
2327	 0.044796450377717366	 8.2282156339971	
2328	 0.04479116015669154	 8.226596184038996	
2329	 0.04478392505780489	 8.224381571755904	
2330	 0.04477912143099414	 8.222911347517337	
2331	 0.044780418994265825	 8.223308476449622	
2332	 0.044785361604716724	 8.224821269566405	
2333	 0.04479333475601401	 8.22726186003157	
2334	 0.0448027123354476	 8.230132718157853	
2335	 0.044811635593316135	 8.232864861972407	
2336	 0.04482027897734681	 8.235511659201046	
2337	 0.044831242957382215	 8.238869564367851	
2338	 0.04484631679642802	 8.243487077519738	
2339	 0.04486383292477305	 8.248854027968585	
2340	 0.04488208521929521	 8.254448026532028	
2341	 0.04489478348863414	 8.258340711427062	
2342	 0.04490095128794508	 8.260231729964678	
2343	 0.04490500376621754	 8.261474295200093	
2344	 0.04490349373016355	 8.26101128131289	
2345	 0.044899989344135034	 8.259936791074715	
2346	 0.04490340043244241	 8.260982674296335	
2347	 0.044906020129029604	 8.261785942674056	
2348	 0.04490338252325588	 8.260977182972793	
2349	 0.044894647536963865	 8.258299031229019	
2350	 0.04488106136422182	 8.254134193288612	
2351	 0.044865492939352485	 8.249362729742563	
2352	 0.04485038276787555	 8.244732768672241	
2353	 0.0448372363741661	 8.24070538154588	
2354	 0.04482401362783368	 8.236655397875838	
2355	 0.04481102159252222	 8.232676854162717	
2356	 0.0447987343175109	 8.228914836290203	
2357	 0.0447862665274893	 8.225098252860713	
2358	 0.044774702681695824	 8.221559013832623	
2359	 0.044763074562833176	 8.218000717759523	
2360	 0.04475252203287306	 8.214772093687532	
2361	 0.044746151908901244	 8.212823353096715	
2362	 0.04474265575822936	 8.211753893532979	
2363	 0.0447298798469051	 8.207846263263539	
2364	 0.044717999829737724	 8.204213318054837	
2365	 0.044705538169055134	 8.200403195894475	
2366	 0.044693692717441884	 8.196782134477472	
2367	 0.04468331470893536	 8.193610184657786	
2368	 0.04467467017863386	 8.190968432576225	
2369	 0.04466651772755921	 8.188477371192786	
2370	 0.04466836194480176	 8.189040863332727	
2371	 0.044674842796507214	 8.19102118093702	
2372	 0.044680644429915616	 8.192794116076898	
2373	 0.04468565236942642	 8.194324627806193	
2374	 0.044690051205701534	 8.195669081535229	
2375	 0.044691751145205	 8.196188672134058	
2376	 0.04469049684482465	 8.195805290930993	
2377	 0.04468732554298056	 8.194836003667556	
2378	 0.04468061039834235	 8.19278371583887	
2379	 0.04467493952676434	 8.19105073971131	
2380	 0.04467237719279424	 8.190267757629298	
2381	 0.044670916886146585	 8.189821539597816	
2382	 0.04467059313560247	 8.189722614205971	
2383	 0.04466871723711149	 8.189149423054124	
2384	 0.04466714720509536	 8.188669703430156	
2385	 0.04466868922559117	 8.189140864100876	
2386	 0.04467491044122418	 8.191041851764806	
2387	 0.04467965230574839	 8.192490919581672	
2388	 0.04468034062225626	 8.192701270953679	
2389	 0.04467755404365909	 8.191849698386983	
2390	 0.04467028665804835	 8.18962896719872	
2391	 0.044664942415632077	 8.1879960541244	
2392	 0.04466735160649075	 8.18873215716374	
2393	 0.0446727157094393	 8.190371197724383	
2394	 0.044676911070746894	 8.191653212243015	
2395	 0.04467948331329004	 8.192439275363197	
2396	 0.04467698754379883	 8.191676581550333	
2397	 0.04467851059336771	 8.192142013977817	
2398	 0.044688495903078176	 8.195193711088953	
2399	 0.044702412882071524	 8.19944775811219	
2400	 0.0447150433367596	 8.203309313529966	
2401	 0.044727759562307394	 8.207197826652036	
2402	 0.04474093615398695	 8.21122789339254	
2403	 0.044754291815439565	 8.215313536248479	
2404	 0.04477306227508117	 8.221056999142892	
2405	 0.04479012761563922	 8.22628011598078	
2406	 0.04479668785787488	 8.22828833474985	
2407	 0.044795706800236305	 8.227988001303348	
2408	 0.04479140761085998	 8.226671932217117	
2409	 0.04478836271008827	 8.225739877260189	
2410	 0.04479048178084409	 8.226388527886739	
2411	 0.04479071389224129	 8.22645957876472	
2412	 0.044778195634895414	 8.222628005394993	
2413	 0.044762611922011475	 8.217859158764611	
2414	 0.04475080746048197	 8.21424755559387	
2415	 0.04474406857107467	 8.212186061051101	
2416	 0.0447426650370902	 8.211756731828471	
2417	 0.04474497686351507	 8.212463904842425	
2418	 0.04475446725543579	 8.215367210670925	
2419	 0.0447679302358332	 8.21948651706437	
2420	 0.04478340433660362	 8.224222191902244	
2421	 0.04480028648736722	 8.229390029070663	
2422	 0.04481828709675298	 8.23490167070109	
2423	 0.044838105185613625	 8.240971516942631	
2424	 0.04485772295762335	 8.2469817723072	
2425	 0.04487755076017359	 8.253058155107633	
2426	 0.04489620148219361	 8.258775446316031	
2427	 0.04491374118306042	 8.264153604120493	
2428	 0.044930156420622785	 8.26918823893197	
2429	 0.04494563817848622	 8.273937694678972	
2430	 0.04495992485990629	 8.278321495530712	
2431	 0.04496845682330392	 8.28093993124194	
2432	 0.044974713263609876	 8.282860225773936	
2433	 0.044979984969090024	 8.284478413065836	
2434	 0.04499018068947603	 8.287608420312184	
2435	 0.045007202974348605	 8.292835183892619	
2436	 0.045024871132521405	 8.298261659577514	
2437	 0.045035776119694323	 8.301611650379403	
2438	 0.04504095389606342	 8.303202442545153	
2439	 0.04504439956578923	 8.304261139144865	
2440	 0.04505134526839599	 8.306395399762616	
2441	 0.045061295670550276	 8.309453320271544	
2442	 0.04507939460911488	 8.315016572766828	
2443	 0.045098085332333955	 8.320763291150328	
2444	 0.045114207393801516	 8.325721515025638	
2445	 0.04512725047178739	 8.329733684219688	
2446	 0.04513794155755666	 8.33302293586239	
2447	 0.045148844838584695	 8.336378007125388	
2448	 0.04515981525132521	 8.339754280828123	
2449	 0.04516632968122258	 8.341759432112786	
2450	 0.04516840218151411	 8.342397391237265	
2451	 0.04517057582706396	 8.343066505963717	
2452	 0.04517397810139675	 8.344113873384234	
2453	 0.045178906806613704	 8.345631235626866	
2454	 0.04518389679713911	 8.347167577728719	
2455	 0.045190702690338626	 8.349263190966791	
2456	 0.045198702589165966	 8.35172672137322	
2457	 0.04520785828041305	 8.3545465292384	
2458	 0.045226364116763104	 8.360247196187862	
2459	 0.04525383138660547	 8.368711272936059	
2460	 0.045280248032552976	 8.376854830063076	
2461	 0.04529694374164098	 8.382003311873097	
2462	 0.04530454602462218	 8.384348058953236	
2463	 0.04531065953305464	 8.386233818501308	
2464	 0.04531963451568968	 8.389002529479376	
2465	 0.04532882815783557	 8.391839074213483	
2466	 0.04534126215259412	 8.395675985798187	
2467	 0.045352424850102664	 8.399121195072764	
2468	 0.045364149637383805	 8.402740494217692	
2469	 0.04537869288409662	 8.407230684069344	
2470	 0.04539753806652619	 8.413050512605457	
2471	 0.04541963110495561	 8.419875405400818	
2472	 0.04544001727395611	 8.426174982570702	
2473	 0.04545551430946092	 8.43096501804785	
2474	 0.045471691512717724	 8.435966450624269	
2475	 0.04549116719732987	 8.44198923357721	
2476	 0.0455093623608054	 8.447617573527621	
2477	 0.04552720621859173	 8.453138700720045	
2478	 0.045545523432343075	 8.458807791284748	
2479	 0.04556005176947859	 8.46330532359143	
2480	 0.04557296554967463	 8.467303840798548	
2481	 0.045585834426018615	 8.471289205839959	
2482	 0.04560005469407355	 8.47569395607301	
2483	 0.04561195706035403	 8.479381436696814	
2484	 0.04561298096385165	 8.4796986829423	
2485	 0.04560982284917299	 8.478720187995743	
2486	 0.045609408016896606	 8.478591661729787	
2487	 0.04561286848975606	 8.479663833737966	
2488	 0.045620334403722165	 8.481977212132632	
2489	 0.04563247899165114	 8.485740857588617	
2490	 0.04566421281268828	 8.49557841938262	
2491	 0.04569473744577845	 8.5050454314552	
2492	 0.04572385023839606	 8.514078499534518	
2493	 0.045751674376926066	 8.522715310438848	
2494	 0.04577831753756368	 8.530988819960966	
2495	 0.04580352854088948	 8.538820557728759	
2496	 0.04581194145353887	 8.541434648528965	
2497	 0.04581601674884757	 8.54270105417208	
2498	 0.045818943448163695	 8.543610577794045	
2499	 0.04582237888095614	 8.544678248764967	
2500	 0.045828817236785335	 8.546679318144658	
2501	 0.04583667640701595	 8.549122236934197	
2502	 0.04584470706054427	 8.551618747496194	
2503	 0.045852297545609044	 8.553978689748432	
2504	 0.04585843747064461	 8.55588783189182	
2505	 0.04586497867561654	 8.557921935103092	
2506	 0.04587945891990109	 8.562425510761921	
2507	 0.04590025929537251	 8.568896401502274	
2508	 0.04592812117965255	 8.57756715512066	
2509	 0.04595463046048052	 8.585820228113802	
2510	 0.04597989708142974	 8.593689381477176	
2511	 0.046003960621878205	 8.601186522558477	
2512	 0.04602713625361097	 8.608409502223191	
2513	 0.046049363083547706	 8.615339053910583	
2514	 0.046070761941164357	 8.622012579762533	
2515	 0.046091360349635326	 8.62843842689642	
2516	 0.04611123932861947	 8.634641657570777	
2517	 0.04613046576999559	 8.640642960308606	
2518	 0.04614912456922836	 8.646468674971272	
2519	 0.046167229530195614	 8.652122969605383	
2520	 0.046184748006085956	 8.657595508606944	
2521	 0.04619329669579828	 8.660266508131928	
2522	 0.046201936077430186	 8.66296617875729	
2523	 0.046209889340010926	 8.66545174552383	
2524	 0.046221353979642395	 8.669035195538969	
2525	 0.0462273900572128	 8.670922102858022	
2526	 0.04622681654757017	 8.670742813881455	
2527	 0.04622390420758247	 8.669832389204553	
2528	 0.046220149036773184	 8.668658544183673	
2529	 0.04621241050752684	 8.666239724499738	
2530	 0.04620745208864959	 8.664690021390259	
2531	 0.046197344460336465	 8.661531328862417	
2532	 0.04618084020693815	 8.656374644158662	
2533	 0.04616231372246664	 8.65058758531525	
2534	 0.04613910790086634	 8.643341040961268	
2535	 0.04611195280218169	 8.634864329975073	
2536	 0.046081382118903814	 8.625325394587167	
2537	 0.04604660776842773	 8.614479921488302	
2538	 0.04601656855670812	 8.605115644605311	
2539	 0.04598809996747537	 8.596244746289608	
2540	 0.04595689374964919	 8.5865249997819	
2541	 0.04592527463317407	 8.576681135164586	
2542	 0.0458935156349281	 8.566798268920943	
2543	 0.0458566103986923	 8.555319706157423	
2544	 0.04582049288906371	 8.544092109662946	
2545	 0.0457886236447102	 8.53419004007773	
2546	 0.04576370021621141	 8.526449300717834	
2547	 0.04574287435471626	 8.519983342106412	
2548	 0.04572742020082866	 8.515186445434036	
2549	 0.04571594229177909	 8.511624455808676	
2550	 0.04570355378505055	 8.50778054540796	
2551	 0.04569373206751053	 8.504733552903074	
2552	 0.0456884450812939	 8.503093551353134	
2553	 0.04568749245046977	 8.502798062610326	
2554	 0.04568393855005135	 8.501695743629856	
2555	 0.04567410510789305	 8.498645987066942	
2556	 0.04567023916087639	 8.497447117086045	
2557	 0.04567202249772337	 8.49800013980096	
2558	 0.04567441810658529	 8.498743054145026	
2559	 0.04568035522047331	 8.500584354439038	
2560	 0.045681957932549824	 8.501081437137211	
2561	 0.045684245541828664	 8.501790961504947	
2562	 0.04568591489549322	 8.502308742802702	
2563	 0.045700394679233425	 8.50680044803694	
2564	 0.04571914549744883	 8.512618460639713	
2565	 0.04573954923372058	 8.518951148952917	
2566	 0.0457568771276226	 8.52433067003677	
2567	 0.04577467521219222	 8.529857577974422	
2568	 0.045790939371579874	 8.534909403126733	
2569	 0.045807295984385155	 8.5399911518945	
2570	 0.04582212305903139	 8.544598742054438	
2571	 0.0458356567572105	 8.5488052765555	
2572	 0.045847428146471754	 8.552464724829468	
2573	 0.04585845312292305	 8.55589269901338	
2574	 0.045868034060737486	 8.558872127338548	
2575	 0.04587529497420873	 8.561130363397035	
2576	 0.04588044981812221	 8.562733729788073	
2577	 0.04588420428643514	 8.563901597928746	
2578	 0.045890988540293345	 8.566012075335056	
2579	 0.04589899854698356	 8.568504133441495	
2580	 0.04591503881717129	 8.573495423578478	
2581	 0.04592978604916054	 8.57808538165216	
2582	 0.04594289555025707	 8.582166434063755	
2583	 0.045940114020070984	 8.581300465090905	
2584	 0.045936293684603564	 8.580111143642476	
2585	 0.04593141346411812	 8.578591961751155	
2586	 0.045925573222043936	 8.576774072626504	
2587	 0.04592527978881425	 8.576682739883116	
2588	 0.04592736729522883	 8.577332496458231	
2589	 0.04593199438316335	 8.578772792548115	
2590	 0.045938917941279044	 8.580928102699978	
2591	 0.04594500733203953	 8.582823914768802	
2592	 0.04594893022479586	 8.584045319007279	
2593	 0.04595195777028563	 8.584988001762119	
2594	 0.04595609431846261	 8.586276060123206	
2595	 0.04596100201368267	 8.587804342229589	
2596	 0.0459689837869576	 8.590290140772398	
2597	 0.04597689778952184	 8.59275511729455	
2598	 0.04598482062109033	 8.59522312714307	
2599	 0.045992855581140565	 8.597726355232682	
2600	 0.04600098909286343	 8.60026058326032	
2601	 0.04600924877944427	 8.60283443039662	
2602	 0.046017631123340876	 8.60544681442157	
2603	 0.046021730111959376	 8.606724392710683	
2604	 0.04601437005665984	 8.604430454956265	
2605	 0.0460015885304521	 8.600447366992604	
2606	 0.045989678994668874	 8.596736680057221	
2607	 0.04597894117925045	 8.59339161839656	
2608	 0.04597070867775645	 8.590827368867352	
2609	 0.045965173000439494	 8.589103294970373	
2610	 0.0459670153271708	 8.589677068002468	
2611	 0.04596958054318162	 8.590476002733661	
2612	 0.04597675352711034	 8.592710181310837	
2613	 0.04598924415923096	 8.596601209300193	
2614	 0.046002173765235244	 8.60062972672028	
2615	 0.04603016282518632	 8.609352950686253	
2616	 0.0460566083960915	 8.617598372085714	
2617	 0.04607425414780421	 8.62310186825013	
2618	 0.04608121950459384	 8.625274665506607	
2619	 0.046083549910035215	 8.626001669047492	
2620	 0.04608706378173842	 8.627097918274009	
2621	 0.0460883756196723	 8.627507196596376	
2622	 0.046086478646037474	 8.626915365181029	
2623	 0.04608365746997663	 8.62603522451207	
2624	 0.046080135928367176	 8.62493663664439	
2625	 0.046075016942643085	 8.62333980640819	
2626	 0.04607214287488184	 8.622443313787892	
2627	 0.04607012674772056	 8.621814456250544	
2628	 0.04606214198442905	 8.619324079980109	
2629	 0.046053348526496216	 8.616581812063009	
2630	 0.04604634322115039	 8.614397435033998	
2631	 0.04603955576491333	 8.612281198486638	
2632	 0.0460244343171523	 8.607567284557598	
2633	 0.046007643910311466	 8.602334304035498	
2634	 0.04599818742075507	 8.599387608515473	
2635	 0.04598884509832371	 8.596476884666687	
2636	 0.04597539171975078	 8.592285999540215	
2637	 0.045959291050399885	 8.587271526910188	
2638	 0.04594440181596598	 8.582635391745745	
2639	 0.04593162779217961	 8.57865867846733	
2640	 0.0459213640966563	 8.575463995906713	
2641	 0.04591231509563233	 8.572647794530072	
2642	 0.04589918256112941	 8.56856138698102	
2643	 0.04588714319505414	 8.564815821823391	
2644	 0.04587844220718082	 8.562109266745113	
2645	 0.045870476803333025	 8.559631824626779	
2646	 0.045864018484584594	 8.55762333463173	
2647	 0.04585693626582113	 8.555421033027146	
2648	 0.04585075700785618	 8.553499703226034	
2649	 0.0458463167160487	 8.552119180449587	
2650	 0.04584354075661813	 8.55125615740381	
2651	 0.04584021225135525	 8.550221398315541	
2652	 0.04583831225769477	 8.549630754526076	
2653	 0.04583739326971627	 8.549345078091163	
2654	 0.045836708462156456	 8.54913220142115	
2655	 0.045836068438912435	 8.548933248149796	
2656	 0.04583359632106845	 8.548164799807637	
2657	 0.045827709374760134	 8.546334976391602	
2658	 0.045824002909795276	 8.54518298641264	
2659	 0.045826549001749914	 8.545974319310334	
2660	 0.04582739241266229	 8.546236460375317	
2661	 0.04582660686827911	 8.545992304739134	
2662	 0.04582667963701247	 8.546014921926217	
2663	 0.045826467750904674	 8.545949065854945	
2664	 0.045822335272238314	 8.544664695622247	
2665	 0.04581262179491761	 8.541646060663265	
2666	 0.04579829588403167	 8.537194809018672	
2667	 0.045782178781384866	 8.53218811967914	
2668	 0.04576777406039886	 8.527714366568956	
2669	 0.045752659355692074	 8.523021119059198	
2670	 0.04573442459825694	 8.517360443554486	
2671	 0.04571712040325631	 8.511990036832733	
2672	 0.04570147303661193	 8.507134998144847	
2673	 0.045687804654948996	 8.502894902304865	
2674	 0.045676358239345405	 8.49934473753686	
2675	 0.04566236513649404	 8.495005510266232	
2676	 0.045651487554802056	 8.491633010892068	
2677	 0.045646153149067184	 8.489979320659272	
2678	 0.04563840062791402	 8.487576233233705	
2679	 0.04562655514675168	 8.483904956253879	
2680	 0.045612288690874865	 8.479484188572952	
2681	 0.04559720574008477	 8.474811414762192	
2682	 0.04558852298406486	 8.472121920680427	
2683	 0.04559056008678189	 8.472752885029811	
2684	 0.04558905571132437	 8.472286923754956	
2685	 0.045581268664121634	 8.469875148210955	
2686	 0.04557156568411426	 8.466870361376092	
2687	 0.04556538947764669	 8.46495795626569	
2688	 0.04556435649443235	 8.464638119451633	
2689	 0.0455648712472176	 8.464797498872725	
2690	 0.045565295747082145	 8.46492893479592	
2691	 0.04556557958286319	 8.465016818007074	
2692	 0.04556946000727439	 8.46621833863768	
2693	 0.045573392103407384	 8.467435928294009	
2694	 0.04557730214890469	 8.468646759330928	
2695	 0.04558058699198106	 8.46966403630359	
2696	 0.045581198018244715	 8.469853269287674	
2697	 0.045582404421174484	 8.470226893588563	
2698	 0.04558977845468792	 8.472510783093234	
2699	 0.045595469224646905	 8.474273499708218	
2700	 0.04559505684816674	 8.474145761119205	
2701	 0.045589898526958196	 8.472547973977255	
2702	 0.045581063252709296	 8.469811532663968	
2703	 0.045569264532215464	 8.46615781081334	
2704	 0.04555619716018939	 8.46211196032594	
2705	 0.045544415451877644	 8.458464833401134	
2706	 0.04554378227199343	 8.458268845048837	
2707	 0.045550308344319425	 8.460288949220505	
2708	 0.04555608383091788	 8.462076875300982	
2709	 0.045559893078538104	 8.463256192526313	
2710	 0.045561026809664465	 8.463607200687088	
2711	 0.04556202795778113	 8.46391716540423	
2712	 0.04556419001674445	 8.464586574348722	
2713	 0.04556760757691397	 8.46564475026747	
2714	 0.045571952190163315	 8.466990045138461	
2715	 0.04557681414565104	 8.468495634676486	
2716	 0.04558317026660076	 8.470464080171771	
2717	 0.045589326403933386	 8.472370766611355	
2718	 0.04559520833030846	 8.474192684450355	
2719	 0.04560049939984401	 8.475831719148404	
2720	 0.04560607307059717	 8.477558433428085	
2721	 0.04561247001043691	 8.479540368549914	
2722	 0.04562404699684585	 8.48312768537742	
2723	 0.04564003203982575	 8.488081907467391	
2724	 0.0456593041256775	 8.494056416389135	
2725	 0.04567737457018571	 8.499659933792291	
2726	 0.04569434875053554	 8.504924853699748	
2727	 0.04570976245232938	 8.509706886147	
2728	 0.04571287835061267	 8.5106737103782	
2729	 0.04571934021819696	 8.512678887031123	
2730	 0.045734905528140725	 8.517509720879046	
2731	 0.04573399558099831	 8.517227280434494	
2732	 0.04572602307076556	 8.51475283609708	
2733	 0.045718368671846685	 8.512377395237896	
2734	 0.04571456597398403	 8.51119737712615	
2735	 0.04571878872837517	 8.512507747317109	
2736	 0.04573849191684684	 8.518622944239372	
2737	 0.04575721142066932	 8.524434466143113	
2738	 0.045775052697440644	 8.529974815444083	
2739	 0.04579211330513568	 8.535274085976782	
2740	 0.045808483571633696	 8.540360164152718	
2741	 0.045824231030646145	 8.545253885851238	
2742	 0.04582857014535499	 8.546602517580101	
2743	 0.04583109686949096	 8.547387882970579	
2744	 0.04583429271519493	 8.548381268453126	
2745	 0.04583927438443058	 8.549929845158532	
2746	 0.04584768494286676	 8.55254456377569	
2747	 0.04586538547242689	 8.558048442143955	
2748	 0.04588244560159503	 8.563354531978709	
2749	 0.04589896169209712	 8.568492666555061	
2750	 0.04591463183279685	 8.573368766879058	
2751	 0.04592974767139628	 8.578073435604539	
2752	 0.045944022567248645	 8.582517316261066	
2753	 0.04597226923607162	 8.591313426155141	
2754	 0.045973637799670425	 8.591739693108728	
2755	 0.045977175130196744	 8.59284150580015	
2756	 0.04598387066526168	 8.594927195211154	
2757	 0.04599022224891487	 8.596905929339316	
2758	 0.045995204865381605	 8.59845831119579	
2759	 0.04601155510389785	 8.603553172079586	
2760	 0.04602794645400812	 8.608662055328766	
2761	 0.04604396820267734	 8.61365691291894	
2762	 0.04605965508847777	 8.618548498144126	
2763	 0.04607504826405032	 8.623349576532974	
2764	 0.04609018039749013	 8.628070279175823	
2765	 0.04610486451585368	 8.632652204528013	
2766	 0.0461060766334565	 8.633030468351327	
2767	 0.046104175948501094	 8.632437327242467	
2768	 0.04610272689759446	 8.631985137181333	
2769	 0.04610237162341699	 8.631874271955335	
2770	 0.04610467301336494	 8.632592443224079	
2771	 0.04611574511875299	 8.636047936205438	
2772	 0.046124696824791346	 8.638842078216841	
2773	 0.04613549677177181	 8.642213602387162	
2774	 0.04619360918506081	 8.660364150235523	
2775	 0.04628572370870354	 8.689165950433297	
2776	 0.0463726125016691	 8.71636884771725	
2777	 0.046435034663778234	 8.735932790690933	
2778	 0.04645668577340313	 8.742722636452301	
2779	 0.04642769951180925	 8.733632946012033	
2780	 0.04639214426550821	 8.722488478452037	
2781	 0.046349687245367734	 8.709188170443039	
2782	 0.046304830559910214	 8.695144951854884	
2783	 0.046259641809643405	 8.681006941566588	
2784	 0.04621627624003756	 8.667447996564077	
2785	 0.04617740601682125	 8.655301800268438	
2786	 0.0461386196491955	 8.643188599391602	
2787	 0.0460994149596681	 8.630951651156781	
2788	 0.04606656838197971	 8.620704598248276	
2789	 0.04603902678329269	 8.612116277947404	
2790	 0.046016436279668775	 8.605074418217885	
2791	 0.04599718691380246	 8.599075868524807	
2792	 0.045982021804501276	 8.59435124649891	
2793	 0.045973146852405986	 8.591586776629994	
2794	 0.045971779262970004	 8.591160816128804	
2795	 0.04596516699698949	 8.589101425284893	
2796	 0.045965044917913464	 8.58906340560223	
2797	 0.0459739539812557	 8.591838175493928	
2798	 0.04599148573072487	 8.597299568581269	
2799	 0.046017064199343934	 8.605270120759092	
2800	 0.04605393852764837	 8.6167657948811	
2801	 0.04608717573717135	 8.627132846776181	
2802	 0.04611776065837035	 8.636677025406026	
2803	 0.04614585307678268	 8.645447124768669	
2804	 0.04617160015310268	 8.653488164518558	
2805	 0.046195560645315104	 8.660973924138252	
2806	 0.046217681157848134	 8.667887133899882	
2807	 0.04623807590921859	 8.674262955163242	
2808	 0.046256957150823445	 8.680167293509994	
2809	 0.04627449976595861	 8.685654471085138	
2810	 0.04629086962552195	 8.690776071893643	
2811	 0.04629954046150399	 8.693489385895377	
2812	 0.04631446932714068	 8.698161782294237	
2813	 0.046321214029286205	 8.70027305043852	
2814	 0.046326511023618705	 8.7019312918676	
2815	 0.04633183978655296	 8.703599606108526	
2816	 0.046338708514839386	 8.70575023712559	
2817	 0.04634790883774237	 8.708631234338457	
2818	 0.04635608664583489	 8.711192360443174	
2819	 0.04636129611103667	 8.71282401792619	
2820	 0.04635170438579918	 8.709819886695254	
2821	 0.04634073738234341	 8.706385525710397	
2822	 0.04640358630095656	 8.72607425893185	
2823	 0.04655422426766212	 8.773337127098776	
2824	 0.04657476507882314	 8.779789744708234	
2825	 0.0465634125799074	 8.776223276369796	
2826	 0.04655962677963295	 8.775034069143393	
2827	 0.046559635836692266	 8.7750369140978	
2828	 0.046559872100729954	 8.775111128207717	
2829	 0.046561057156363134	 8.775483375904818	
2830	 0.04656563878325162	 8.776922608309095	
2831	 0.04657236428282029	 8.779035469229203	
2832	 0.04657913174108299	 8.781161717084291	
2833	 0.04658605360885217	 8.783336691469156	
2834	 0.04659510997427397	 8.786182688463628	
2835	 0.04660625632286683	 8.78968597682889	
2836	 0.046618799105338	 8.793628831200325	
2837	 0.04662417703107714	 8.795319611966336	
2838	 0.0466231243775064	 8.79498865509991	
2839	 0.04661846837074327	 8.793524854891563	
2840	 0.046611314754529835	 8.791276022097152	
2841	 0.046602151750786754	 8.78839584815759	
2842	 0.046593755203629246	 8.7857569232196	
2843	 0.046575278413185206	 8.779951026048684	
2844	 0.0465577345140976	 8.774439689035564	
2845	 0.046542160648080096	 8.769548388948124	
2846	 0.046527458417584724	 8.764931845461671	
2847	 0.0465110466278634	 8.759779643971768	
2848	 0.04649039735940755	 8.753298879913002	
2849	 0.046470483755475536	 8.747050821249966	
2850	 0.04646091093750583	 8.744047905251213	
2851	 0.04646503621041596	 8.745341919610482	
2852	 0.04647076023397006	 8.74713755645775	
2853	 0.04647495744088046	 8.748454321785609	
2854	 0.04647787575408049	 8.749369913949467	
2855	 0.046479733760679265	 8.749952865278212	
2856	 0.04647973153706974	 8.749952167609335	
2857	 0.04647898545147843	 8.749718080689762	
2858	 0.04647856356505792	 8.74958571348349	
2859	 0.046480013222593375	 8.750040548062337	
2860	 0.04648205420946619	 8.750680930098046	
2861	 0.0464836135608904	 8.751170206357155	
2862	 0.046485404481462114	 8.751732155354745	
2863	 0.046488956205708865	 8.75284664606747	
2864	 0.04649366122950536	 8.754323116481855	
2865	 0.046500278519258864	 8.756399838318972	
2866	 0.04651580410464758	 8.76127304794834	
2867	 0.04653744589634927	 8.768067837167402	
2868	 0.04656403943360113	 8.776420191800469	
2869	 0.046588406316179984	 8.784076003160989	
2870	 0.046597832526027234	 8.787038332721549	
2871	 0.046598809434918224	 8.787345364021617	
2872	 0.04659834623490995	 8.787199785017625	
2873	 0.046593093692427735	 8.785549032373554	
2874	 0.04658898581645001	 8.784258108392889	
2875	 0.046587108343744056	 8.783668126912191	
2876	 0.04658244284913861	 8.782202099445598	
2877	 0.04657308666202671	 8.779262421613305	
2878	 0.04656596763836656	 8.777025915624787	
2879	 0.04656180234718954	 8.775717457237848	
2880	 0.04655771868046345	 8.774434715595826	
2881	 0.04654962170978644	 8.771891556125633	
2882	 0.04654025849565288	 8.76895105274541	
2883	 0.046536965234836115	 8.76791690286195	
2884	 0.0465419907020353	 8.769495019836887	
2885	 0.04654967122294245	 8.771907106706326	
2886	 0.04656134708459623	 8.77557444863906	
2887	 0.046574890367393484	 8.779829108238017	
2888	 0.04658458421746775	 8.782874964458326	
2889	 0.04659314660567825	 8.78556566116608	
2890	 0.0466055353335312	 8.78945935356433	
2891	 0.04661976894945759	 8.793933733532876	
2892	 0.04662601477386667	 8.795897414750026	
2893	 0.046624270879707615	 8.795349118447975	
2894	 0.04662077176924149	 8.794249007294665	
2895	 0.04666172624851783	 8.807128435924763	
2896	 0.04666490171848754	 8.808127377617053	
2897	 0.0466652112189002	 8.808224742909621	
2898	 0.04667447544018456	 8.81113936034678	
2899	 0.04668926294641749	 8.815792458090472	
2900	 0.04670287699696829	 8.820077180157458	
2901	 0.04671292238562422	 8.823239278556304	
2902	 0.046717086421801626	 8.824550171322846	
2903	 0.04671554978552753	 8.824066409161468	
2904	 0.04670974073809204	 8.82223770701771	
2905	 0.046702451568491135	 8.819943273324489	
2906	 0.04669623426017565	 8.817986421260722	
2907	 0.0466915546348622	 8.816513658175824	
2908	 0.04668791208080083	 8.815367348357563	
2909	 0.04668077477257568	 8.813121414136178	
2910	 0.046666762540608184	 8.808712777475879	
2911	 0.04664507049236854	 8.801889598113911	
2912	 0.04662072223819401	 8.79423343525834	
2913	 0.046591860442751015	 8.78516146850047	
2914	 0.04655732739719194	 8.774311811524623	
2915	 0.04651862671999366	 8.76215913403008	
2916	 0.04647844602944624	 8.749548836732753	
2917	 0.046439481188282596	 8.737327060462372	
2918	 0.04640131553835043	 8.725362585492734	
2919	 0.0463654435693828	 8.71412313145708	
2920	 0.04632691018229767	 8.702056254921443	
2921	 0.04629272109702899	 8.691355413598407	
2922	 0.04626100231271629	 8.681432461953278	
2923	 0.046234185216075176	 8.673046499239794	
2924	 0.046211418149064674	 8.665929564138315	
2925	 0.046190860506936236	 8.659505298338168	
2926	 0.04617479634605637	 8.654486572486723	
2927	 0.046163787102691464	 8.651047763732635	
2928	 0.046149321468118606	 8.646530159796239	
2929	 0.0461316441102404	 8.641010819302398	
2930	 0.04610773752368788	 8.633548790779072	
2931	 0.04608583473158463	 8.626714475832026	
2932	 0.04606537666846865	 8.620332914330984	
2933	 0.04605062106373733	 8.615731315019863	
2934	 0.046039715319171594	 8.612330942947429	
2935	 0.04603316453474701	 8.610288689964749	
2936	 0.04602845618487471	 8.608820948541338	
2937	 0.046025049424273747	 8.607759016029535	
2938	 0.04607119254414745	 8.622146890394975	
2939	 0.04611259335050268	 8.635064244643734	
2940	 0.04614971298930965	 8.64665241906435	
2941	 0.0461829615565321	 8.65703738213716	
2942	 0.0462127153711762	 8.666335010132949	
2943	 0.0462393251393784	 8.674653551306944	
2944	 0.04626310928512697	 8.68209146973754	
2945	 0.046284357490085554	 8.688738490209326	
2946	 0.04630335290537878	 8.69468249889144	
2947	 0.046320352269818794	 8.700003285769762	
2948	 0.0463355667733417	 8.70476651676424	
2949	 0.04634918727865803	 8.709031596625026	
2950	 0.04636139366662609	 8.712854574494925	
2951	 0.04634915782266154	 8.709022371970297	
2952	 0.04634108631037166	 8.706494785572993	
2953	 0.04633693173616968	 8.705193899018653	
2954	 0.04633437831201226	 8.704394405566932	
2955	 0.04633311473544792	 8.703998782518518	
2956	 0.046330730981634524	 8.703252454016493	
2957	 0.046327421707379114	 8.702216397136853	
2958	 0.046323628177922724	 8.701028791900546	
2959	 0.04632078429417859	 8.700138525998982	
2960	 0.04631706282293378	 8.698973590043574	
2961	 0.04631111578232878	 8.697112111363625	
2962	 0.04630433076218181	 8.694988531959206	
2963	 0.046283159506409044	 8.688363673977687	
2964	 0.04625279099117211	 8.67886435879912	
2965	 0.0462202359998117	 8.668685727615404	
2966	 0.04618719645003073	 8.658360480190408	
2967	 0.046154871378948484	 8.648263280077598	
2968	 0.04612767528358689	 8.639771840028411	
2969	 0.04610708601040275	 8.633345468244235	
2970	 0.04609979072566068	 8.631068905968258	
2971	 0.04610262937859296	 8.631954705793481	
2972	 0.046107581428149566	 8.633500076723774	
2973	 0.04611086819222172	 8.634525828210817	
2974	 0.04611120792100119	 8.634631855424505	
2975	 0.046107000249711455	 8.633318704418233	
2976	 0.04610023764565203	 8.631208364652899	
2977	 0.04609735602029328	 8.630309186689935	
2978	 0.046099729933930536	 8.631049936345589	
2979	 0.04610851695481451	 8.633792036090327	
2980	 0.04612380951190277	 8.638565100542102	
2981	 0.046146876957723744	 8.645766834754008	
2982	 0.04617253590350406	 8.653780463958753	
2983	 0.046194047356129475	 8.660501064305095	
2984	 0.04620820488975203	 8.664925294538062	
2985	 0.046215903892586695	 8.667331612836579	
2986	 0.04622010012355045	 8.668643254608114	
2987	 0.04621234988195562	 8.666220775928055	
2988	 0.04618468156108674	 8.657574749457519	
2989	 0.04621742723124154	 8.66780776300833	
2990	 0.04618632493150741	 8.658088187049382	
2991	 0.046160726825452074	 8.650091963338367	
2992	 0.04614051753395058	 8.643781161577813	
2993	 0.046121978532787614	 8.63799356553831	
2994	 0.046112874442402384	 8.63515197380722	
2995	 0.046106453116877034	 8.633147958348461	
2996	 0.04609746424607372	 8.63034295661945	
2997	 0.0460859041890474	 8.62673614518025	
2998	 0.04607290039254907	 8.62267959861335	
2999	 0.046057471465388716	 8.61786752025243	
3000	 0.04603914596583834	 8.612153435365753	
3001	 0.046016231702524446	 8.605010658429544	
3002	 0.04598821953852646	 8.596281997336126	
3003	 0.04595498583641229	 8.585930888044338	
3004	 0.04592405082426952	 8.576300221982088	
3005	 0.04589281445698065	 8.566580125560469	
3006	 0.045871453787149276	 8.559935675880697	
3007	 0.04585455612774965	 8.55468095120351	
3008	 0.0458390647431905	 8.549864674872902	
3009	 0.04581765128521149	 8.543209010507077	
3010	 0.045805926118241407	 8.539565509069151	
3011	 0.045788786670525466	 8.534240682021418	
3012	 0.04577126019349283	 8.528796987936154	
3013	 0.04574787434291834	 8.521535546280962	
3014	 0.04570028502980878	 8.50676643064186	
3015	 0.045658491168915565	 8.493804358977197	
3016	 0.045623612182288824	 8.48299294007198	
3017	 0.04559902115173447	 8.475373783855657	
3018	 0.045585685717808716	 8.471243148078836	
3019	 0.04559381096244464	 8.47375983766697	
3020	 0.04561144286460558	 8.479222120084051	
3021	 0.04563379732182197	 8.486149452379461	
3022	 0.045658909290961884	 8.493933997430329	
3023	 0.04568379882980115	 8.501652407544166	
3024	 0.04569934003505965	 8.506473259815378	
3025	 0.045707867847103595	 8.509119035342332	
3026	 0.04571151269036491	 8.510249957690943	
3027	 0.045710233205049106	 8.50985295200536	
3028	 0.0457086245504185	 8.509353820381047	
3029	 0.04571037982591722	 8.509898445952555	
3030	 0.04571515385025336	 8.51137979718939	
3031	 0.04571890667392343	 8.512544348361766	
3032	 0.045722397764758144	 8.513627737566695	
3033	 0.04572591100205089	 8.514718055150242	
3034	 0.04572969964464103	 8.515893906132133	
3035	 0.04573077880156838	 8.516228847401624	
3036	 0.045719617751115084	 8.512765012267613	
3037	 0.0457019066338593	 8.507269519045328	
3038	 0.045674530232240794	 8.498777826633843	
3039	 0.04571938717939831	 8.51269346021329	
3040	 0.045907588364168715	 8.571176903281275	
3041	 0.04598057635641204	 8.59390097782396	
3042	 0.04595056138791937	 8.584553206923763	
3043	 0.04593605580907162	 8.580037091993416	
3044	 0.04593459910525325	 8.57958361957193	
3045	 0.045936961462565574	 8.580319027084142	
3046	 0.045940138518890575	 8.581308092113384	
3047	 0.045943447347244114	 8.58233822821832	
3048	 0.045947238950729684	 8.58351872730954	
3049	 0.04595180698389181	 8.584941050626318	
3050	 0.04595920727146586	 8.587245437444158	
3051	 0.04597141600555158	 8.591047674446036	
3052	 0.04598540769107862	 8.595406014269221	
3053	 0.046000208179556315	 8.600017254436944	
3054	 0.0460153595407536	 8.60473883717425	
3055	 0.04603269198327954	 8.61014137622279	
3056	 0.04605503751754742	 8.617108502229607	
3057	 0.04607735075818877	 8.624067808466148	
3058	 0.04609271218592069	 8.628860210577715	
3059	 0.04610129504673699	 8.631538323865497	
3060	 0.04610106366736795	 8.631466122113968	
3061	 0.04609041661313397	 8.628143978484449	
3062	 0.04607850152607965	 8.624426783927264	
3063	 0.046070206000481916	 8.621839175920448	
3064	 0.04605796365593934	 8.618021011384789	
3065	 0.04604493618980231	 8.613958724706874	
3066	 0.04604449696574284	 8.613821777114584	
3067	 0.046062537538574935	 8.619447443006193	
3068	 0.04609026757424891	 8.628097478305484	
3069	 0.04611693548405943	 8.63641947020367	
3070	 0.04614185946317567	 8.644200151785178	
3071	 0.046165838448942884	 8.65168847363294	
3072	 0.046186500399714725	 8.658143009233912	
3073	 0.046202653861668226	 8.663190490164522	
3074	 0.04621484703450537	 8.667001276709017	
3075	 0.04622603339165943	 8.670497988271393	
3076	 0.04623809405989366	 8.674268630274998	
3077	 0.046246317428042034	 8.676839956453595	
3078	 0.04624885126839899	 8.677632312472634	
3079	 0.046248157472536286	 8.677415353019368	
3080	 0.04624937991532352	 8.677797629051211	
3081	 0.046256896066808474	 8.680148189384253	
3082	 0.046273637869944644	 8.685384845102258	
3083	 0.046301415308159	 8.694076115242819	
3084	 0.04630574274986695	 8.695430439563362	
3085	 0.04628964200592487	 8.690391947450633	
3086	 0.04626366291096103	 8.682264633242943	
3087	 0.04623319406633727	 8.672736619357034	
3088	 0.04619741125740156	 8.661552201820866	
3089	 0.04616125411170626	 8.65025664488587	
3090	 0.046132488425034146	 8.641274404740617	
3091	 0.04610493172121482	 8.632673177036263	
3092	 0.046079751668635226	 8.624816765519848	
3093	 0.046053031902672854	 8.61648307842356	
3094	 0.046021132306633045	 8.606538063216844	
3095	 0.04598179811182788	 8.594281563819553	
3096	 0.04594828501583801	 8.583844426517013	
3097	 0.04591692892214508	 8.574083648740928	
3098	 0.0458942464158568	 8.567025624424856	
3099	 0.045876117251941934	 8.561386117208631	
3100	 0.045871804550482155	 8.560044767664078	
3101	 0.04586885039001919	 8.559126004195205	
3102	 0.04585683047944785	 8.555388139193237	
3103	 0.04583969396100847	 8.55006027775151	
3104	 0.04582544153731589	 8.545630112492134	
3105	 0.04581257553452596	 8.541631685448765	
3106	 0.045790590290544816	 8.5348009621892	
3107	 0.04576521926664663	 8.526921008270884	
3108	 0.045740007257880154	 8.519093327094517	
3109	 0.045719239907872064	 8.51264775837542	
3110	 0.045706691967739375	 8.50875419619646	
3111	 0.04569493934125178	 8.505108062033615	
3112	 0.04568335116096701	 8.50151355772259	
3113	 0.04567389472546216	 8.498580743568008	
3114	 0.04566732210709477	 8.496542553452072	
3115	 0.04567016269032881	 8.497423403464099	
3116	 0.04567229271132284	 8.498083935803013	
3117	 0.04567880264733493	 8.500102833467789	
3118	 0.04569247948685875	 8.504344996060448	
3119	 0.04570900470064259	 8.50947177192598	
3120	 0.04571993178300493	 8.512862464445938	
3121	 0.04573241234182555	 8.516735864362992	
3122	 0.04574443341896765	 8.520467328320999	
3123	 0.04575939548395967	 8.525112617922526	
3124	 0.04576547736388013	 8.527001155702163	
3125	 0.04576239310639199	 8.526043414996026	
3126	 0.04575952033177303	 8.525151383827891	
3127	 0.04575834978180827	 8.524787924650829	
3128	 0.045750758938528216	 8.522431096111585	
3129	 0.04573830501037239	 8.518564926599444	
3130	 0.04571894410704991	 8.512555964680535	
3131	 0.04568955641326196	 8.503438271493094	
3132	 0.045654217627573886	 8.49247939580522	
3133	 0.045619448538586654	 8.481702705915351	
3134	 0.04558605986563843	 8.47135902896923	
3135	 0.04554823568885978	 8.459647350998294	
3136	 0.04551143422967216	 8.44825856329855	
3137	 0.04546970019321684	 8.43535073937174	
3138	 0.045426071623544895	 8.421865401279552	
3139	 0.045393524016401676	 8.411810745995501	
3140	 0.04536420186177939	 8.40275661664827	
3141	 0.04533842663553012	 8.394800933467911	
3142	 0.045316397222580664	 8.388003808074584	
3143	 0.04529772545254787	 8.382244400291038	
3144	 0.045283713162056746	 8.377923273387903	
3145	 0.0452732957064482	 8.37471130360511	
3146	 0.045261834685201875	 8.371178144854017	
3147	 0.045245439863317395	 8.36612505012137	
3148	 0.04523028621851141	 8.361455587526079	
3149	 0.04522159184665268	 8.358776963973591	
3150	 0.04521157266684219	 8.355690609984197	
3151	 0.045201066744511416	 8.352454807302484	
3152	 0.0451920013527573	 8.349663088052887	
3153	 0.04518007939509775	 8.345992247598803	
3154	 0.04516686418067193	 8.341923960403458	
3155	 0.045155524601938356	 8.338433717840505	
3156	 0.04514970606816062	 8.336643040888418	
3157	 0.045147506186901006	 8.33596605874286	
3158	 0.045146728763316754	 8.335726822959199	
3159	 0.045146391017261235	 8.33562288955838	
3160	 0.045140862521673784	 8.333921698823906	
3161	 0.04514222682971599	 8.33434150142655	
3162	 0.04514457542734765	 8.335064193369364	
3163	 0.045148285156968074	 8.336205773178719	
3164	 0.045151953307164615	 8.337334619411548	
3165	 0.045155225332556705	 8.338341612743296	
3166	 0.045156524908046204	 8.33874158152726	
3167	 0.04516052865842711	 8.339973859201377	
3168	 0.04516630210446908	 8.341750943540346	
3169	 0.04517107931935664	 8.343221499386377	
3170	 0.04517509958240728	 8.344459125344539	
3171	 0.045177940279144055	 8.345333669613238	
3172	 0.04517881717390646	 8.345603640115323	
3173	 0.04518155132814868	 8.346445429451117	
3174	 0.045180609781279635	 8.346155542880828	
3175	 0.04518013517331987	 8.34600942053605	
3176	 0.04518054406452261	 8.346135309938253	
3177	 0.0451808722539228	 8.346236353423166	
3178	 0.04517697646106599	 8.345036941969552	
3179	 0.0451782664224517	 8.345434079284388	
3180	 0.04516153081060345	 8.340282313841781	
3181	 0.04513914738937945	 8.33339395830923	
3182	 0.0451149502515481	 8.32595000404744	
3183	 0.04508779718395774	 8.31759986278126	
3184	 0.0450578215811904	 8.308385624922444	
3185	 0.04502882701956126	 8.29947683785235	
3186	 0.04500472967713587	 8.292075665820006	
3187	 0.04499495607433716	 8.289074589130092	
3188	 0.044987504325748814	 8.286786751583842	
3189	 0.0449750483952671	 8.282963093043394	
3190	 0.044960289485440855	 8.278433391312342	
3191	 0.04494964657850997	 8.275167559589674	
3192	 0.04494896240914534	 8.274957636270374	
3193	 0.04495869308564236	 8.277943494815814	
3194	 0.04497779747488274	 8.2838069308954	
3195	 0.044983646203915116	 8.285602329397697	
3196	 0.04500007443784894	 8.29064617660474	
3197	 0.04501474027106274	 8.295149963321526	
3198	 0.04502112829203556	 8.297111990950548	
3199	 0.04502093688595343	 8.2970531994635	
3200	 0.04501794811639932	 8.296135203195002	
3201	 0.04501672720986975	 8.295760215199566	
3202	 0.04502106032789703	 8.297091115352563	
3203	 0.04502653667726775	 8.298773276682486	
3204	 0.045021722704406845	 8.297294569216415	
3205	 0.04501693047984801	 8.295822646864462	
3206	 0.04501623007825301	 8.295607528640506	
3207	 0.045015565162112574	 8.295403311325503	
3208	 0.04501242394328426	 8.294438568320738	
3209	 0.04501306783919942	 8.29463632041194	
3210	 0.04501654359077156	 8.295703819202167	
3211	 0.04502864709334553	 8.299421566167895	
3212	 0.04504108870753507	 8.303243862925227	
3213	 0.045048723544651344	 8.30558977633129	
3214	 0.04505555920605	 8.307690356419425	
3215	 0.04506060341669481	 8.309240564825293	
3216	 0.04505728352580972	 8.308220268733473	
3217	 0.04504365087273059	 8.304031095444083	
3218	 0.045028738075975606	 8.299449515179598	
3219	 0.04502099159676545	 8.297070004189372	
3220	 0.04503053384917352	 8.300001167589395	
3221	 0.045043051845536	 8.303847039966657	
3222	 0.04504933367485387	 8.305777259040795	
3223	 0.04504657049950931	 8.304928195439022	
3224	 0.045039882894329863	 8.302873383731061	
3225	 0.045033718173958064	 8.300979412058961	
3226	 0.04502663764568808	 8.298804292268573	
3227	 0.04501424239819864	 8.294997053599824	
3228	 0.04500357899242545	 8.29172231468578	
3229	 0.044996382905950566	 8.289512684112186	
3230	 0.044990355407291745	 8.287662061450943	
3231	 0.044983634286433885	 8.285598670901413	
3232	 0.04498276663712103	 8.285332316708137	
3233	 0.04498300581803161	 8.28540574100624	
3234	 0.04498652381992586	 8.286485735269977	
3235	 0.04499784319116534	 8.289961060291857	
3236	 0.04500847063513	 8.293224477158718	
3237	 0.04501759009158072	 8.2960252391121	
3238	 0.0450254572598949	 8.298441703010337	
3239	 0.04503217189626388	 8.300504380130414	
3240	 0.04503854917639718	 8.302463614244248	
3241	 0.04504444195722325	 8.304274164428511	
3242	 0.04504887902362147	 8.305637552232904	
3243	 0.04505159865443263	 8.3064732638287	
3244	 0.0450513779245726	 8.306405434800752	
3245	 0.04505224539340552	 8.306672004304579	
3246	 0.04505239196878745	 8.306717046637518	
3247	 0.045051520750595715	 8.306449324398328	
3248	 0.045049688343823	 8.30588624360463	
3249	 0.045050892213022234	 8.306256179189772	
3250	 0.04505529234138838	 8.307608345651767	
3251	 0.045056960901722114	 8.308121119924945	
3252	 0.04505861550751439	 8.308629618253985	
3253	 0.04505775237587763	 8.308364356542127	
3254	 0.04505150827436017	 8.306445490520764	
3255	 0.04504005216624466	 8.302925391157457	
3256	 0.04502887636371611	 8.299491995950207	
3257	 0.045014369907385075	 8.295036214884052	
3258	 0.04500652653090928	 8.292627453963513	
3259	 0.04501066930717304	 8.29389969738054	
3260	 0.04501673750599787	 8.295763377513586	
3261	 0.045019754621592314	 8.296690063808807	
3262	 0.045019613934366993	 8.296646851775245	
3263	 0.045018676416707176	 8.296358895842717	
3264	 0.04501912332889951	 8.296496163176592	
3265	 0.04502402523298371	 8.298001823492644	
3266	 0.045031159690832864	 8.300193426416307	
3267	 0.045032837643756964	 8.30070890306671	
3268	 0.04503053421525597	 8.30000128004956	
3269	 0.04502718997191065	 8.29897395724203	
3270	 0.04505608737988634	 8.30785267164053	
3271	 0.04508276126466636	 8.31605157977418	
3272	 0.04510743104051758	 8.323637352452634	
3273	 0.04513029701757005	 8.330670940748831	
3274	 0.04515154503198632	 8.337208972705659	
3275	 0.04517134649167654	 8.343303745308317	
3276	 0.04518984849947942	 8.349000164173711	
3277	 0.04520704723355305	 8.354296724283172	
3278	 0.045223203401013386	 8.3592734371159	
3279	 0.04523845226577419	 8.363971753732363	
3280	 0.045252897981017316	 8.368423586497057	
3281	 0.0452666312504014	 8.372656738626434	
3282	 0.045279777380010044	 8.376709712543525	
3283	 0.04529246444691478	 8.380621900585545	
3284	 0.045304759061976216	 8.384413769140634	
3285	 0.04531670381543211	 8.38809839149114	
3286	 0.0453283526456848	 8.391692353474689	
3287	 0.04533975672508513	 8.395211400080035	
3288	 0.04535096802764784	 8.398671535273925	
3289	 0.045362033433859424	 8.402087201816652	
3290	 0.04537299477456483	 8.405471293148922	
3291	 0.04538388867208519	 8.408835102817003	
3292	 0.04539475636620465	 8.412191357817282	
3293	 0.0454056178856534	 8.415546241156434	
3294	 0.04541649906172899	 8.418907732505724	
3295	 0.04542742386146628	 8.42228324057901	
3296	 0.04543841443274387	 8.425679616645368	
3297	 0.045449456359473464	 8.42909241446172	
3298	 0.045460360286837066	 8.43246310242863	
3299	 0.04547161959445343	 8.435944213355148	
3300	 0.04548298872875572	 8.439459863214504	
3301	 0.04549447536045851	 8.443012441531687	
3302	 0.045506091270296055	 8.446605611073721	
3303	 0.04551785354793615	 8.450244679943575	
3304	 0.04552979668330746	 8.453940344933688	
3305	 0.045541919375078885	 8.45769223256337	
3306	 0.04555423922302673	 8.461505820834011	
3307	 0.04556677607967564	 8.465387289694455	
3308	 0.045579535093035604	 8.469338270346311	
3309	 0.04559250896812765	 8.473356541623781	
3310	 0.045605695692572876	 8.47744151787961	
3311	 0.04561909566105323	 8.481593359473985	
3312	 0.04563270748755204	 8.485811675577663	
3313	 0.04564652834179751	 8.490095627913716	
3314	 0.04566055542977513	 8.494444389329741	
3315	 0.04567478503022552	 8.498856844979462	
3316	 0.045689218526539614	 8.503333463012082	
3317	 0.045703845890891284	 8.507871172119948	
3318	 0.04571866378418678	 8.512468974512304	
3319	 0.04573366851364719	 8.517125762213405	
3320	 0.04574885624654284	 8.521840383267849	
3321	 0.04576419084344648	 8.526601653025274	
3322	 0.04577953019375805	 8.531365462890768	
3323	 0.04579519243594369	 8.536230648601313	
3324	 0.04581099015332732	 8.541139041019676	
3325	 0.04582691297433583	 8.546087445459362	
3326	 0.045842956481741075	 8.551074515569004	
3327	 0.04585912553816194	 8.556101789535784	
3328	 0.04587543321368569	 8.561173359937001	
3329	 0.04589187651960177	 8.566288327484674	
3330	 0.04590846155483284	 8.571448620128495	
3331	 0.045925202301264956	 8.576658621512442	
3332	 0.045942090268880124	 8.581915723613255	
3333	 0.045959102486967614	 8.58721280671305	
3334	 0.04597622465203373	 8.592545443971437	
3335	 0.04599345772026476	 8.597913958645744	
3336	 0.046010791524281586	 8.60331520788872	
3337	 0.046028222066294956	 8.60874796899478	
3338	 0.04604574277207801	 8.614210214793701	
3339	 0.04606335068662202	 8.619701044901666	
3340	 0.04608103745874354	 8.625217874713824	
3341	 0.04609880041774136	 8.63075988957323	
3342	 0.04611663483025105	 8.636325630246088	
3343	 0.046134537263326524	 8.641914042033024	
3344	 0.04615249536196897	 8.647521283000685	
3345	 0.04617044513559564	 8.65312737827225	
3346	 0.046188140145030324	 8.6586553276722	
3347	 0.04620619141115643	 8.664296027208932	
3348	 0.04622438427991611	 8.669982461666978	
3349	 0.046242601652916424	 8.675678050512934	
3350	 0.04626083769309846	 8.681380973935022	
3351	 0.0462790902222686	 8.687090554888412	
3352	 0.04629736821455242	 8.69280960555298	
3353	 0.04631565565212617	 8.69853311818214	
3354	 0.04633394223803281	 8.70425787094845	
3355	 0.04635225110276827	 8.709991107477554	
3356	 0.04637046805830671	 8.715697062145836	
3357	 0.04638872129218352	 8.721415879073435	
3358	 0.04640698783782433	 8.727140368649062	
3359	 0.04642525999894269	 8.732868121097923	
3360	 0.04644354011657538	 8.738599871739593	
3361	 0.046461838239762195	 8.744338774469119	
3362	 0.04648013233697551	 8.750077920992178	
3363	 0.04649842543510034	 8.75581826007198	
3364	 0.04651668996810962	 8.761551137696292	
3365	 0.04653496115977778	 8.767287607016028	
3366	 0.046553258648755556	 8.773033837699373	
3367	 0.04657158075266947	 8.778789307493737	
3368	 0.04658989620549241	 8.784544196913503	
3369	 0.04660816419874464	 8.790285676668862	
3370	 0.0466262957700856	 8.795985763814837	
3371	 0.0466445811069775	 8.80173568756227	
3372	 0.0466628405277465	 8.807478961547696	
3373	 0.046681056050620666	 8.81320992104124	
3374	 0.04669922696506323	 8.818928331432403	
3375	 0.04671735043962728	 8.824633290195617	
3376	 0.04673545741935286	 8.830334530293758	
3377	 0.046753530495937626	 8.836026564137931	
3378	 0.04677158296026576	 8.841713570802932	
3379	 0.04678962275795635	 8.84739804913399	
3380	 0.04680766635089658	 8.853085185131404	
3381	 0.046825698652848476	 8.858770222685584	
3382	 0.04684370886524469	 8.864449753096018	
3383	 0.04686169849047624	 8.870124244780433	
3384	 0.046879665802825744	 8.875793148011986	
3385	 0.04689759983970192	 8.881452997054307	
3386	 0.04691550079596115	 8.887103845208863	
3387	 0.04693336898503923	 8.892745783303214	
3388	 0.04695120472095974	 8.898378902467737	
3389	 0.046969008305913724	 8.904003290211106	
3390	 0.04698678002973987	 8.9096190302508	
3391	 0.04700452017061926	 8.915226202727347	
3392	 0.0470222289956941	 8.920824884394868	
3393	 0.04703990676147977	 8.926415148746603	
3394	 0.04705754646564078	 8.93199477303402	
3395	 0.047075147115145224	 8.937563433831142	
3396	 0.047092568267345584	 8.943076670597339	
3397	 0.047110139103081004	 8.948638654842135	
3398	 0.0471274255080719	 8.9541119533187	
3399	 0.047144681854904384	 8.959577069730827	
3400	 0.047161953399175734	 8.965048334720699	
3401	 0.04717942501801714	 8.97058433840987	
3402	 0.04719688580606439	 8.976118275923838	
3403	 0.0472143236260205	 8.98164629639548	
3404	 0.047231736634639164	 8.987167809728609	
3405	 0.04724911071237448	 8.992678331120544	
3406	 0.04726631705844429	 8.998136984725638	
3407	 0.04728350309372087	 9.003590517359457	
3408	 0.047300660611955134	 9.009036319194575	
3409	 0.047317932425246734	 9.01451972858182	
3410	 0.04733517819744959	 9.019996202014887	
3411	 0.04735238919507519	 9.025462958937045	
3412	 0.04736948103352083	 9.030893178225615	
3413	 0.047386554564050054	 9.036318885215552	
3414	 0.04740360761450633	 9.04173938503037	
3415	 0.047420644918431745	 9.047156177978978	
3416	 0.04743766233117975	 9.052567942097355	
3417	 0.04745458332232651	 9.057950326284768	
3418	 0.047470951207063	 9.063157990876414	
3419	 0.047487962261691614	 9.068571557381548	
3420	 0.04750493462454924	 9.073974099261234	
3421	 0.04752186248270018	 9.079363756560815	
3422	 0.04753875580856155	 9.084743695276726	
3423	 0.047555610055467386	 9.090112458971193	
3424	 0.047572431644435295	 9.09547208474856	
3425	 0.047589213506135576	 9.100820311903655	
3426	 0.047605948059827576	 9.106154714593842	
3427	 0.047622664229425675	 9.11148450525925	
3428	 0.04763937934557794	 9.116815207288449	
3429	 0.04765604408371713	 9.122131084439044	
3430	 0.047672667745479604	 9.127435093486012	
3431	 0.047689089592171774	 9.132675921444223	
3432	 0.047705502440208096	 9.137915079870107	
3433	 0.04772190165921318	 9.143151088074756	
3434	 0.04773828764826714	 9.148384070393142	
3435	 0.0477546554599357	 9.153612443246816	
3436	 0.04777103063681752	 9.158844364391046	
3437	 0.047787376162266894	 9.164068004313974	
3438	 0.04780368809176451	 9.169282095391331	
3439	 0.04781996724023869	 9.174486890737834	
3440	 0.04783621447653273	 9.179682660964728	
3441	 0.04785231060742423	 9.184831268817769	
3442	 0.0478677456884799	 9.18976951372082	
3443	 0.04788398754529009	 9.194967021956089	
3444	 0.047900190564157445	 9.200153272998712	
3445	 0.04791602832317937	 9.205223742357353	
3446	 0.04793181318513396	 9.210278388515155	
3447	 0.04794756882233805	 9.215324783059947	
3448	 0.04796332968847732	 9.220373958560552	
3449	 0.04809165631464608	 9.261526036513517	
3450	 0.04822546587694533	 9.30451442823295	
3451	 0.04822008365474654	 9.30278376926321	
3452	 0.04821665055075425	 9.301679918484092	
3453	 0.048214954284087355	 9.301134534804891	
3454	 0.04821482416856413	 9.301092700588521	
3455	 0.04821613661726181	 9.301514677230752	
3456	 0.04821877058166796	 9.302361568832735	
3457	 0.04822247927986705	 9.303554069031167	
3458	 0.04822748235152542	 9.305162860825849	
3459	 0.04823332753445264	 9.307042583540754	
3460	 0.048240120052654364	 9.309227145783455	
3461	 0.04824774831619776	 9.311680739080352	
3462	 0.04825613138613153	 9.314377410410062	
3463	 0.04826520527527244	 9.317296656902748	
3464	 0.048274907176068166	 9.320418351716075	
3465	 0.0482850861140655	 9.323693988202217	
3466	 0.0482948573790297	 9.326838866433823	
3467	 0.048306216285924006	 9.330495259878534	
3468	 0.04831799610004349	 9.33428774741074	
3469	 0.04833014642880367	 9.33820016722679	
3470	 0.04834261193366861	 9.342214755630492	
3471	 0.048355346742462384	 9.346316787645994	
3472	 0.0483683456502507	 9.350504631888251	
3473	 0.048381606864617115	 9.354777756410556	
3474	 0.04839513549308655	 9.359137853723162	
3475	 0.04840884700068178	 9.363557719739921	
3476	 0.04842273468325095	 9.36803522609945	
3477	 0.04843676846189802	 9.372560704811688	
3478	 0.048450928559780046	 9.377127803788822	
3479	 0.048465196247155236	 9.381730504026564	
3480	 0.04847955409992128	 9.386363203264725	
3481	 0.048493985804416544	 9.391020653323148	
3482	 0.04850847608417379	 9.395697936751338	
3483	 0.048523010635417405	 9.40039044628933	
3484	 0.048537538762485476	 9.405081818302344	
3485	 0.04855212553201339	 9.409793068842392	
3486	 0.04856666324627624	 9.414489414416602	
3487	 0.04858122486489111	 9.419194421782462	
3488	 0.04859578813521934	 9.423900903266011	
3489	 0.04861027461213226	 9.428583500022258	
3490	 0.04862360856271021	 9.432894377445349	
3491	 0.048638192949169136	 9.43761042435447	
3492	 0.04865271509847289	 9.442307282907672	
3493	 0.048666793767819044	 9.446861600309026	
3494	 0.048841875864078156	 9.50357237586023	
3495	 0.049171650054948494	 9.61075776022636	
3496	 0.049467798332281696	 9.707423200995349	
3497	 0.049744552665067485	 9.798107731910726	
3498	 0.0499615961932858	 9.869462522992713	
3499	 0.050105647920494996	 9.916934954437934	
3500	 0.049991125745809994	 9.879186599370426	
3501	 0.04988919025002578	 9.845635472769674	
3502	 0.0497976235806562	 9.815536087398565	
3503	 0.049702094883016606	 9.784173624785724	
3504	 0.04961481317286659	 9.755553790936874	
3505	 0.049539591485829704	 9.730915373207615	
3506	 0.049475522687174305	 9.709949675699836	
3507	 0.04942132660336775	 9.692228822906367	
3508	 0.0493736117938767	 9.676637915218967	
3509	 0.049332972186157245	 9.663366761922559	
3510	 0.0492991945556102	 9.652341980828046	
3511	 0.04927237454412005	 9.643591703488958	
3512	 0.04925548626126484	 9.638083373589634	
3513	 0.04923549006604498	 9.631562986047863	
3514	 0.04921950587043728	 9.62635210646274	
3515	 0.04923551134075441	 9.631569922397134	
3516	 0.04936517764938821	 9.673883086202123	
3517	 0.049333485792489806	 9.663534438271212	
3518	 0.049305722292401405	 9.654472195779507	
3519	 0.04928280789797054	 9.646995304630908	
3520	 0.04926056045187292	 9.639738253590656	
3521	 0.04924357717504273	 9.63419982938177	
3522	 0.04923242814733518	 9.630564707112438	
3523	 0.04923036304602644	 9.629891444439417	
3524	 0.049233611051029906	 9.630950364907555	
3525	 0.049240733995985504	 9.633272763370224	
3526	 0.049249275367146364	 9.636057927499776	
3527	 0.0492597068746281	 9.639459862736734	
3528	 0.04927221585637104	 9.643539939587075	
3529	 0.04928566492729419	 9.64792741741178	
3530	 0.049300348987870286	 9.65271869631147	
3531	 0.04931608830253933	 9.65785535177422	
3532	 0.049331550425182696	 9.662902607654427	
3533	 0.049347303540924085	 9.668045936290117	
3534	 0.04936430052981353	 9.6735966122689	
3535	 0.04938225338217875	 9.679460826638012	
3536	 0.049400410329149276	 9.685393153333083	
3537	 0.04941821083741635	 9.691210433882675	
3538	 0.049450032039885426	 9.70161321695368	
3539	 0.049470852692968206	 9.708422186969662	
3540	 0.04948554593008148	 9.713228460546336	
3541	 0.04949616446743374	 9.716702460018835	
3542	 0.04950965623833512	 9.721117193833416	
3543	 0.04956464956788731	 9.739120231145876	
3544	 0.04966650075059654	 9.772498193712883	
3545	 0.049787122231747465	 9.812086487598426	
3546	 0.04987234086269945	 9.840094050268965	
3547	 0.04991891713378454	 9.855415085943543	
3548	 0.04996839616833491	 9.871701414084894	
3549	 0.05001992085071735	 9.888672510648487	
3550	 0.050069147555283904	 9.904897594028485	
3551	 0.050113947387155904	 9.919672829930203	
3552	 0.05015702363829986	 9.933887925734023	
3553	 0.05019939389389949	 9.947877986280167	
3554	 0.050240992806939014	 9.961621021010881	
3555	 0.05028173251193303	 9.97508755381491	
3556	 0.05032006928734905	 9.987766441779558	
3557	 0.05035755280327104	 10.000169364311473	
3558	 0.050393772755796776	 10.012160034760527	
3559	 0.05042857401152259	 10.023686457069529	
3560	 0.0504613773849801	 10.03455602284627	
3561	 0.050494017296474014	 10.045376101172305	
3562	 0.05052725882233662	 10.056400407247324	
3563	 0.05056013585571392	 10.067308589106267	
3564	 0.05061722200145176	 10.086260282401184	
3565	 0.0506480429957345	 10.096498288697482	
3566	 0.05067744013148249	 10.106267193672753	
3567	 0.05071382412294044	 10.118363119388668	
3568	 0.050747436089577554	 10.129542622557063	
3569	 0.050775193387881674	 10.138778557032614	
3570	 0.050790821802326566	 10.143980220785073	
3571	 0.05080563735507458	 10.14891232207061	
3572	 0.05082116082639509	 10.154081118386726	
3573	 0.050837821615453846	 10.159629774601068	
3574	 0.050855985118529484	 10.165680271289926	
3575	 0.05087447533192782	 10.171841079316993	
3576	 0.050890147945601406	 10.177064252118205	
3577	 0.050905218636321956	 10.18208783506302	
3578	 0.05091826462670266	 10.186437316015901	
3579	 0.05093060543985805	 10.190552377546538	
3580	 0.050941584215627965	 10.194213824575927	
3581	 0.05095146550101266	 10.197509705880355	
3582	 0.050959326828570184	 10.200132139018736	
3583	 0.05096602294920261	 10.20236608751268	
3584	 0.05097101693115623	 10.204032298755324	
3585	 0.0509753999835801	 10.20549476681263	
3586	 0.05098232136572846	 10.207804355563065	
3587	 0.05099076692831435	 10.210622829647454	
3588	 0.05099795986619358	 10.213023520123182	
3589	 0.051069056697317046	 10.236764698066267	
3590	 0.0510862003932789	 10.242492746517453	
3591	 0.05108721113875228	 10.242830496613541	
3592	 0.05109518153301673	 10.245494034813468	
3593	 0.05128738914234058	 10.309809629067496	
3594	 0.05140763360043311	 10.350127079207466	
3595	 0.05136479813545245	 10.335757314696968	
3596	 0.05133340063242233	 10.325229649287397	
3597	 0.05130463663468376	 10.31558877210756	
3598	 0.05127843838870886	 10.306810997269196	
3599	 0.051254520982995704	 10.29880003269579	
3600	 0.05123268980311597	 10.29149000981327	
3601	 0.051212530723638724	 10.284741722302817	
3602	 0.051188649852362	 10.276749849635927	
3603	 0.05116650394005155	 10.269340812040936	
3604	 0.051145707768343866	 10.262385283732709	
3605	 0.05112798435063009	 10.256458962675671	
3606	 0.05111233222026504	 10.251226373245348	
3607	 0.05109817137952221	 10.246493250104821	
3608	 0.05108501997687131	 10.242098304924044	
3609	 0.05107371031972011	 10.23831943876417	
3610	 0.05106471627438412	 10.235314680112081	
3611	 0.05105701129135848	 10.232740855982442	
3612	 0.05105026976453194	 10.23048908360127	
3613	 0.05105362364462981	 10.231609305730144	
3614	 0.05104436640217858	 10.228517433683168	
3615	 0.051035436746530154	 10.225535328158603	
3616	 0.05103032239748492	 10.223827521020592	
3617	 0.05102971678426462	 10.223625299402666	
3618	 0.05102927278765785	 10.223477044553567	
3619	 0.051029132678656615	 10.22343026095373	
3620	 0.051024155822815415	 10.221768501555992	
3621	 0.05101904221372638	 10.220061193148391	
3622	 0.05101333743767552	 10.218156643242802	
3623	 0.05100799892726316	 10.21637450039256	
3624	 0.05100470336443351	 10.21527441218213	
3625	 0.05100377911015346	 10.21496589638376	
3626	 0.051004267821066145	 10.21512902747385	
3627	 0.051003404259847895	 10.214840772527781	
3628	 0.05100101914645033	 10.214044643519186	
3629	 0.05099962530249058	 10.213579402661486	
3630	 0.05099767154050898	 10.212927285180431	
3631	 0.050994590409323616	 10.211898913554984	
3632	 0.0509909874270234	 10.2106964191923	
3633	 0.050988909630764835	 10.210002981007838	
3634	 0.050989668572445364	 10.210256265997396	
3635	 0.05099455829276218	 10.211888194411138	
3636	 0.05099085735728352	 10.210653009511331	
3637	 0.05098334094731099	 10.20814459633739	
3638	 0.0509754593342793	 10.205514570596593	
3639	 0.05097075530976569	 10.203945007692273	
3640	 0.05096484780129944	 10.201974022489958	
3641	 0.05096056523470699	 10.200545279240862	
3642	 0.05095729509446801	 10.19945435400264	
3643	 0.050957509317802505	 10.199525817901302	
3644	 0.05096231330426699	 10.20112845783854	
3645	 0.05097028308723873	 10.203787449441903	
3646	 0.05097618378043514	 10.205756300666952	
3647	 0.050981123502489956	 10.207404626876375	
3648	 0.05098456405708047	 10.20855276173015	
3649	 0.05098633793715472	 10.209144736925035	
3650	 0.050986903482256915	 10.209333472227627	
3651	 0.05098616458153955	 10.209086884480898	
3652	 0.05098656282918683	 10.20921978835955	
3653	 0.050986138272119515	 10.2090781044811	
3654	 0.0509853426892412	 10.208812603380453	
3655	 0.05098460877673103	 10.208567685300782	
3656	 0.05098361739946678	 10.20823685093888	
3657	 0.05098259626483487	 10.207896090673854	
3658	 0.050979848844269184	 10.206979278469928	
3659	 0.050976257361693256	 10.20578085307209	
3660	 0.0509725743893574	 10.204551957331665	
3661	 0.050969632030645	 10.203570224344839	
3662	 0.05096799193677528	 10.20302301506191	
3663	 0.050968560189958156	 10.203212608622833	
3664	 0.05096494339496291	 10.202005915213514	
3665	 0.05095993494063731	 10.200335008264316	
3666	 0.05095527334580661	 10.19877991800559	
3667	 0.05095232321725781	 10.197795815374574	
3668	 0.050952027261938586	 10.19769709282109	
3669	 0.05095234478100474	 10.197803008462325	
3670	 0.050950774396837525	 10.19727917572124	
3671	 0.050947980563522476	 10.19634726389434	
3672	 0.050944527254272134	 10.19519542416877	
3673	 0.05094110821495977	 10.194055066344871	
3674	 0.050938104365342476	 10.193053229531293	
3675	 0.05093575505443991	 10.192269720367507	
3676	 0.05093420538105088	 10.19175290825905	
3677	 0.05093274782617437	 10.191266827005117	
3678	 0.05093121677710264	 10.190756246094203	
3679	 0.0509304876835303	 10.190513108391624	
3680	 0.050929310531777794	 10.19012055740397	
3681	 0.050926963865679326	 10.189338020363135	
3682	 0.050924534146535194	 10.188527813154897	
3683	 0.05092247058721327	 10.187839724793347	
3684	 0.05092008943981192	 10.187045760632751	
3685	 0.050914686140272954	 10.185244189017	
3686	 0.05090899717473986	 10.183347508203392	
3687	 0.050902659845218204	 10.181234831516216	
3688	 0.050900081247243656	 10.180375254031008	
3689	 0.05089708582831063	 10.179376765428762	
3690	 0.05089360987461235	 10.17821814517079	
3691	 0.05088335927105564	 10.17480167584143	
3692	 0.050874329363662846	 10.171792437879274	
3693	 0.05086668176564967	 10.16924413625468	
3694	 0.05085912464279627	 10.16672623328674	
3695	 0.05085202210460702	 10.164360017443714	
3696	 0.05084509149097025	 10.162051290774377	
3697	 0.050837815341735273	 10.15962768499359	
3698	 0.05083145715068801	 10.15751003037252	
3699	 0.050826417923081575	 10.155831794218853	
3700	 0.05082021156054442	 10.153765014416122	
3701	 0.050813539420215575	 10.151543313702659	
3702	 0.05080654553043762	 10.149214685073735	
3703	 0.05080017705536612	 10.147094475318891	
3704	 0.0507951015042735	 10.145404836155203	
3705	 0.05079301993594221	 10.14471191943969	
3706	 0.05078844609446531	 10.143189436250998	
3707	 0.05078398563843691	 10.141704783426398	
3708	 0.05077965672993	 10.140263999023347	
3709	 0.05077662753509563	 10.139255845151375	
3710	 0.050831456907371786	 10.15750994933717	
3711	 0.05083883224241561	 10.159966389595027	
3712	 0.05084118826888111	 10.160751141408364	
3713	 0.05090448992517144	 10.18184490759459	
3714	 0.05097752470235545	 10.206203739755718	
3715	 0.05101452704731461	 10.21855378487722	
3716	 0.05108804033491495	 10.24310758362824	
3717	 0.05106634865455202	 10.235860004553558	
3718	 0.05103673099417674	 10.225967527422181	
3719	 0.05100525948321635	 10.215460046259139	
3720	 0.05096743870648665	 10.202838435134725	
3721	 0.05091957504148019	 10.186874244120096	
3722	 0.05086607233978649	 10.169041076824927	
3723	 0.05081781371076731	 10.152966551904774	
3724	 0.050773608525942905	 10.138251121094461	
3725	 0.05073237889827031	 10.124533917110448	
3726	 0.05069293494975483	 10.111417767328517	
3727	 0.0506560308031034	 10.09915232750968	
3728	 0.05062265310328838	 10.088064064585383	
3729	 0.05059419126885382	 10.078612729472914	
3730	 0.05056778838618842	 10.069848280084194	
3731	 0.05053986742594082	 10.060583222493916	
3732	 0.05050719054367107	 10.04974433253508	
3733	 0.05047753456996359	 10.039911520779636	
3734	 0.05045730560421844	 10.033206561294312	
3735	 0.05044656427570357	 10.029647039737084	
3736	 0.05044547213064033	 10.029285146890361	
3737	 0.050449688189088814	 10.030682207537033	
3738	 0.050460448845920915	 10.034248281872172	
3739	 0.050485408634529765	 10.042521890679373	
3740	 0.05052247174798203	 10.054812511351397	
3741	 0.05056125674113838	 10.067680568026628	
3742	 0.05059817489463139	 10.079935360727644	
3743	 0.05063050629039305	 10.090672499952753	
3744	 0.05065647763757826	 10.099300801528925	
3745	 0.05068045597671173	 10.107269597050704	
3746	 0.050709737074713795	 10.11700408406216	
3747	 0.050741628523587615	 10.127610645048122	
3748	 0.05077266719579802	 10.13793785524973	
3749	 0.05080061796242363	 10.147241257566845	
3750	 0.05082488634524966	 10.15532174809064	
3751	 0.05084588767741386	 10.162316505811908	
3752	 0.0508644388137053	 10.168496797333246	
3753	 0.050883039121503236	 10.174694979159147	
3754	 0.05089359932898897	 10.178214630137237	
3755	 0.05089706066867318	 10.179368378917612	
3756	 0.050895515589049645	 10.178853359801746	
3757	 0.05089283765462263	 10.177960752550584	
3758	 0.05088903002140218	 10.176691648790106	
3759	 0.05088456194339969	 10.175202496108511	
3760	 0.050877104785596074	 10.172717315892685	
3761	 0.050873523015625206	 10.171523737808576	
3762	 0.050872389389705654	 10.171145983441152	
3763	 0.05087805993686501	 10.173035617045317	
3764	 0.05088835756502554	 10.176467522193922	
3765	 0.050897565310119464	 10.179536592565936	
3766	 0.050906686134697315	 10.18257705605517	
3767	 0.05091686570484284	 10.185970885504245	
3768	 0.05092985530992163	 10.190302226685654	
3769	 0.05094285103372265	 10.194636345187297	
3770	 0.05095403685245698	 10.198367444454126	
3771	 0.05096475317525943	 10.201942452631966	
3772	 0.050972489017523694	 10.204523472051857	
3773	 0.050979500048856784	 10.20686288805593	
3774	 0.05098692150837481	 10.209339487977356	
3775	 0.05099462079903701	 10.211909056354457	
3776	 0.050999055897071405	 10.213389347480268	
3777	 0.05099792585152504	 10.21301216697188	
3778	 0.050988450291206876	 10.209849684790845	
3779	 0.05096993670978495	 10.203671880339824	
3780	 0.05094685216174414	 10.19597088353816	
3781	 0.05092685189098818	 10.18930068103589	
3782	 0.05092132292883404	 10.187457049206502	
3783	 0.05092890696536714	 10.189985979382255	
3784	 0.05094423837983463	 10.195099073427567	
3785	 0.05096946708066409	 10.203515189061049	
3786	 0.05101311236528593	 10.218081505325737	
3787	 0.05107464147760961	 10.238630543041952	
3788	 0.051144841412333095	 10.262095561506984	
3789	 0.051212101750893524	 10.284598142157181	
3790	 0.05127429551942404	 10.305423194321596	
3791	 0.05132985444078257	 10.324040871628108	
3792	 0.05138085880258785	 10.341144157590152	
3793	 0.05142994597282103	 10.357615243992113	
3794	 0.051477613212235686	 10.373619909272819	
3795	 0.0515231693963544	 10.388925006725549	
3796	 0.051565523001491836	 10.403162257928399	
3797	 0.05160548273647557	 10.416601954162664	
3798	 0.05164244887547893	 10.42904099069908	
3799	 0.05167613559229146	 10.440381678514868	
3800	 0.05170684775252449	 10.450725272947688	
3801	 0.051734275209426306	 10.4599660701162	
3802	 0.05175235633502448	 10.46605970894166	
3803	 0.05176137981763991	 10.469101303027193	
3804	 0.05176509813794404	 10.47035476021218	
3805	 0.05176995700435218	 10.471992789456541	
3806	 0.05177984089169991	 10.475325178544074	
3807	 0.05179430413820875	 10.480202279802679	
3808	 0.05180483122009694	 10.483752651597927	
3809	 0.05182843680658336	 10.491715638532856	
3810	 0.05189320122770659	 10.513575352394982	
3811	 0.05196004457588473	 10.536155840128083	
3812	 0.05201592568871984	 10.555048021627488	
3813	 0.052097142355932706	 10.582529730234226	
3814	 0.05211264334424777	 10.587778128744992	
3815	 0.052110896458012534	 10.587186607634155	
3816	 0.052127135809049464	 10.592685998047516	
3817	 0.05212041756446952	 10.59041075320995	
3818	 0.05211123554816119	 10.587301427461083	
3819	 0.05209564134922271	 10.582021567506471	
3820	 0.052094702979458646	 10.581703889315486	
3821	 0.05208047493428956	 10.576887556584603	
3822	 0.052063528872016054	 10.571152292886735	
3823	 0.05204461320614568	 10.564751901815592	
3824	 0.052024511089424096	 10.557951757393658	
3825	 0.0520047021839671	 10.551252513826412	
3826	 0.05211181416366141	 10.587497354478877	
3827	 0.052082390571295205	 10.577535967390299	
3828	 0.05205164336571773	 10.567130477659342	
3829	 0.052114827215586364	 10.588517637966538	
3830	 0.052243602391857255	 10.632160400374618	
3831	 0.05219105665600081	 10.614343629720517	
3832	 0.05215428125041756	 10.601881242279669	
3833	 0.052107842385504505	 10.58615248597949	
3834	 0.05205976138052131	 10.569877383606249	
3835	 0.05201755074874482	 10.555597621421482	
3836	 0.05198262774803174	 10.543789086435332	
3837	 0.05195275994334213	 10.533694062766868	
3838	 0.051923472959946225	 10.523799107226322	
3839	 0.051894820879947186	 10.51412226132304	
3840	 0.05187309916660972	 10.506788424687844	
3841	 0.05185105232190481	 10.499346908183265	
3842	 0.05183005484537866	 10.492261547967795	
3843	 0.05180920987328795	 10.485229541211933	
3844	 0.05178067660127941	 10.475606960557647	
3845	 0.05174983182440305	 10.465208821782543	
3846	 0.051717729715664226	 10.454391208567317	
3847	 0.05168140519657691	 10.442156145247818	
3848	 0.05163569281931645	 10.426767147005043	
3849	 0.051576377236685046	 10.406812186731711	
3850	 0.051511284702959965	 10.38493134406256	
3851	 0.05143261645347025	 10.3585116183157	
3852	 0.0513605851953063	 10.334344455501212	
3853	 0.051285928094490174	 10.309320133098106	
3854	 0.05121055534974697	 10.284080557649668	
3855	 0.05113406392138201	 10.258491683119043	
3856	 0.051070031365751827	 10.237090319735723	
3857	 0.0510759051526556	 10.239052748930336	
3858	 0.05108398721844827	 10.24175320891162	
3859	 0.051047836164129994	 10.22967627278946	
3860	 0.051021887426366104	 10.221011125649484	
3861	 0.051001207022635844	 10.214107353968727	
3862	 0.050979738399046924	 10.206942423669895	
3863	 0.050957828468302734	 10.199632285381307	
3864	 0.050939664260541084	 10.193573477169553	
3865	 0.050928034522688216	 10.189695046772107	
3866	 0.05091733019617644	 10.186125755916445	
3867	 0.05090656692339133	 10.182537314145224	
3868	 0.05089530398551569	 10.178782827118836	
3869	 0.0508816642748105	 10.174236787196005	
3870	 0.05086596337850646	 10.169004771324023	
3871	 0.050849413797840415	 10.16349111342802	
3872	 0.05083165633145534	 10.157576366699079	
3873	 0.05081338744181872	 10.15149270994108	
3874	 0.050788419133452264	 10.143180462076904	
3875	 0.05075533187122875	 10.132169514045678	
3876	 0.05071189543929193	 10.117721779660528	
3877	 0.05066022646364884	 10.100546494671303	
3878	 0.05060399292982099	 10.081867171723916	
3879	 0.05054057971030863	 10.06081953856774	
3880	 0.050482232936482845	 10.041469066727922	
3881	 0.050409190158303745	 10.017265733142127	
3882	 0.05033985072478701	 9.994311155385118	
3883	 0.05028811345416995	 9.977197437025831	
3884	 0.050252311298768206	 9.965361624934202	
3885	 0.05022434738801044	 9.956120962427011	
3886	 0.05019929989494762	 9.94784694043652	
3887	 0.05017048932267572	 9.938333250973644	
3888	 0.05013516680870651	 9.92667418842631	
3889	 0.05009610466863085	 9.913787145646475	
3890	 0.05005809563228677	 9.901253962629665	
3891	 0.05002310107046076	 9.889720387091055	
3892	 0.049992132863996536	 9.879518310754463	
3893	 0.049963629329217524	 9.870131911503018	
3894	 0.049938232043287206	 9.861771427107593	
3895	 0.04991468578602352	 9.85402281114179	
3896	 0.049891298866812525	 9.846329042011792	
3897	 0.04986753147454214	 9.838512568773188	
3898	 0.04983092849823538	 9.82647966496326	
3899	 0.049790078416445664	 9.813057518952393	
3900	 0.049746782992210824	 9.798839916342745	
3901	 0.04970279683274891	 9.784403931321945	
3902	 0.04965929667035061	 9.770135821484669	
3903	 0.049617364132538505	 9.756389779532862	
3904	 0.04957038389711757	 9.740998232100516	
3905	 0.04952370669900441	 9.725715592929257	
3906	 0.04947803658980333	 9.710771977318883	
3907	 0.0494384747211718	 9.697834456321173	
3908	 0.04941138780376736	 9.688980472816274	
3909	 0.04938515988651659	 9.68041035623963	
3910	 0.04935894054634093	 9.671846074574495	
3911	 0.0493332536199817	 9.66345864108964	
3912	 0.049307385772534684	 9.655015074055393	
3913	 0.04928071696798038	 9.646313156454307	
3914	 0.04925327164645018	 9.637361141951265	
3915	 0.049225184452959626	 9.62820320648484	
3916	 0.04919770913160734	 9.61924814417852	
3917	 0.04917106807616226	 9.610568178253036	
3918	 0.04914612231659905	 9.602443401240524	
3919	 0.049122983057678746	 9.594909454838376	
3920	 0.049101252408056725	 9.587836293573238	
3921	 0.049084771247430437	 9.58247319244376	
3922	 0.04906642183481113	 9.576503559413629	
3923	 0.04904878011561977	 9.570765564145946	
3924	 0.0490159985737038	 9.560106972502032	
3925	 0.048973600968556026	 9.546328860060724	
3926	 0.04892571047685895	 9.530775264677105	
3927	 0.04887469323641969	 9.51421734375687	
3928	 0.04881886230422416	 9.496110313340063	
3929	 0.048761113881870946	 9.477395923579829	
3930	 0.04870269519376142	 9.458479350568398	
3931	 0.04865406866244552	 9.442745109979763	
3932	 0.04862157683807	 9.432237468261897	
3933	 0.04859848408527134	 9.42477226945245	
3934	 0.04858257960485972	 9.41963219988173	
3935	 0.04856922232493212	 9.415316210702485	
3936	 0.048551639976335235	 9.409636228361714	
3937	 0.048527245863258725	 9.4017579745723	
3938	 0.04850136187582776	 9.39340144170854	
3939	 0.04847679745006171	 9.385473672724506	
3940	 0.048451366015782246	 9.37726891196118	
3941	 0.04842057703989223	 9.367339527446664	
3942	 0.04838612421520487	 9.356233548144393	
3943	 0.0483491999042321	 9.34433672867097	
3944	 0.048311651085204986	 9.332244906008597	
3945	 0.04827582596305064	 9.32071400335932	
3946	 0.048236771975193986	 9.30815033487465	
3947	 0.0481965916728846	 9.295231406591425	
3948	 0.048144991558789145	 9.278651264179826	
3949	 0.04809317820259334	 9.262014518806472	
3950	 0.04804172739210753	 9.2455060029279	
3951	 0.04799056481857572	 9.229101654418365	
3952	 0.04793628245130082	 9.211709743538817	
3953	 0.04788167611148291	 9.194227275166071	
3954	 0.047829642928808806	 9.177580977093163	
3955	 0.047786878853683525	 9.163909058785048	
3956	 0.04775990860142247	 9.155290708397546	
3957	 0.047740833065785665	 9.149197075079863	
3958	 0.047724556804329694	 9.143998946267857	
3959	 0.047708255842114036	 9.138794113229789	
3960	 0.04769220013004263	 9.133668746434344	
3961	 0.04767668961309623	 9.128718511206268	
3962	 0.04766007036107632	 9.123415610704003	
3963	 0.04764078618804094	 9.117263927415623	
3964	 0.04761894696876241	 9.110299184424326	
3965	 0.04759430623023747	 9.102443565606636	
3966	 0.047567742766089695	 9.093978006509845	
3967	 0.047541192005861196	 9.085519644841336	
3968	 0.04751600800801284	 9.07749960675446	
3969	 0.047494986926194166	 9.070807450814591	
3970	 0.04747243557322526	 9.063630321320018	
3971	 0.047447134494476476	 9.055580777071883	
3972	 0.04741564589453247	 9.045566667729537	
3973	 0.04737928836105735	 9.034009637658949	
3974	 0.04734281494069205	 9.022421709568892	
3975	 0.04730706981935856	 9.01107094159498	
3976	 0.04726961019006327	 8.999181870366137	
3977	 0.047233655442987764	 8.987776330163344	
3978	 0.04720025866710736	 8.977187411465271	
3979	 0.04717722869679344	 8.969888343668094	
3980	 0.04716362351369412	 8.965577463005994	
3981	 0.047155147838614804	 8.962892315577994	
3982	 0.04714648369300226	 8.960147792038423	
3983	 0.04713588980882973	 8.956792446085997	
3984	 0.04712202275698439	 8.952401166415372	
3985	 0.047106446282101935	 8.947469590965829	
3986	 0.047089798741573326	 8.94220011347125	
3987	 0.047072908461452595	 8.936855070237767	
3988	 0.04705299573361228	 8.93055519506117	
3989	 0.04703269736203883	 8.924135141227728	
3990	 0.047011504826363786	 8.917434248179442	
3991	 0.04698922117496325	 8.910390525643823	
3992	 0.04696574672479355	 8.902972807280221	
3993	 0.046945081469375594	 8.896444814928826	
3994	 0.04692598251658084	 8.8904133085038	
3995	 0.04691095320631608	 8.885668157824245	
3996	 0.046897128273309815	 8.881304155723301	
3997	 0.04688176962002283	 8.876457022397295	
3998	 0.04686231596877205	 8.870319042573202	
3999	 0.04683717950051912	 8.862390546082521	
4000	 0.04680521576854716	 8.852312703564131	
4001	 0.04677193241890812	 8.841823674015192	
4002	 0.04673992736731937	 8.831742183655567	
4003	 0.04671614831597853	 8.824254836606134	
4004	 0.04669968059599543	 8.819071108657836	
4005	 0.04668479507448252	 8.814386475471952	
4006	 0.04667356059445347	 8.810851523490621	
4007	 0.046668371241343924	 8.809218874491679	
4008	 0.04666582658496974	 8.80841833132104	
4009	 0.04666302133904767	 8.807535840989308	
4010	 0.04665801921619337	 8.805962332287832	
4011	 0.04665118263343392	 8.803811942750732	
4012	 0.04664455808560221	 8.801728447420532	
4013	 0.046638056045192264	 8.799683673882582	
4014	 0.046631488257910886	 8.797618417079773	
4015	 0.04662580930390768	 8.795832812401777	
4016	 0.04662292698973235	 8.79492659645388	
4017	 0.04662858539507091	 8.796705666539859	
4018	 0.04662738422042099	 8.796327990877744	
4019	 0.04663173366500459	 8.797695582454333	
4020	 0.04662066861505538	 8.794216576724368	
4021	 0.04659733904851654	 8.78688324001084	
4022	 0.04656626358168803	 8.777118884368432	
4023	 0.04653283311446973	 8.766619403283029	
4024	 0.04649783084183879	 8.755631654170918	
4025	 0.046462477883378005	 8.744539415337375	
4026	 0.0464300097547545	 8.734357267511786	
4027	 0.046410910361022954	 8.728369830583965	
4028	 0.04640242577065167	 8.725710537432267	
4029	 0.04640290210262087	 8.725859823776528	
4030	 0.046407740677189564	 8.727376330611172	
4031	 0.046407497259804455	 8.727300036176237	
4032	 0.04639713905184517	 8.724053705010897	
4033	 0.04638440454770601	 8.720063288940247	
4034	 0.04636717551811944	 8.714665654843323	
4035	 0.0463454482825214	 8.707860696559104	
4036	 0.04633476155216445	 8.704514398638864	
4037	 0.04633499887841898	 8.704588706180244	
4038	 0.04633705161363653	 8.705231434142865	
4039	 0.04633852826411758	 8.70569379706429	
4040	 0.046340737511186086	 8.706385566054815	
4041	 0.046344186817407776	 8.707465671688743	
4042	 0.046339320614888636	 8.70594189883358	
4043	 0.046336713992089884	 8.705125720807635	
4044	 0.0463338741697112	 8.704236558856802	
4045	 0.04632869798964052	 8.702615965614314	
4046	 0.046319611603721084	 8.699771430770744	
4047	 0.046301186346473636	 8.694004461312243	
4048	 0.04626909212246464	 8.683962859308053	
4049	 0.046235395204347926	 8.673424804313266	
4050	 0.046204772085207124	 8.663852459875448	
4051	 0.04618674586977215	 8.658219702589777	
4052	 0.04618601395720221	 8.65799102853188	
4053	 0.04619855114994894	 8.661908402155474	
4054	 0.04621225803555996	 8.666192069293823	
4055	 0.04622327971340164	 8.669637171470855	
4056	 0.04622078996640775	 8.668858890639713	
4057	 0.0462159272263987	 8.667338906210484	
4058	 0.04620821734758929	 8.66492918801106	
4059	 0.04619601443357489	 8.661115722076532	
4060	 0.04617860350594877	 8.655675890842454	
4061	 0.04616372176048806	 8.65102735530244	
4062	 0.046152060913611216	 8.647385613571101	
4063	 0.04614477415768817	 8.64511023406722	
4064	 0.046141114401515124	 8.6439675203767	
4065	 0.04613938249007194	 8.643426773469127	
4066	 0.04613417816115348	 8.641801930722496	
4067	 0.04612915130567556	 8.640232612945423	
4068	 0.04612127126728416	 8.637772798641704	
4069	 0.04611252979932247	 8.635044410283529	
4070	 0.0461053367929152	 8.632799586573274	
4071	 0.046101020543108336	 8.631452665249123	
4072	 0.046101164641563046	 8.631497631003034	
4073	 0.04613714772201988	 8.642729041903346	
4074	 0.04638330142023241	 8.719717653188228	
4075	 0.046752984832139605	 8.835854688310022	
4076	 0.04739364731241928	 9.038573235432318	
4077	 0.0482489993043846	 9.312083137937943	
4078	 0.04926992603761259	 9.642793013684525	
4079	 0.05013976626728097	 9.928192042586794	
4080	 0.05081002961747456	 10.150374691631889	
4081	 0.051461053957084384	 10.368058883541439	
4082	 0.051845225779318244	 10.49738061570701	
4083	 0.052011178339595225	 10.553442520591487	
4084	 0.05218515584477254	 10.612343578320269	
4085	 0.05219607078054612	 10.616043261442137	
4086	 0.05220712210784775	 10.619789700807601	
4087	 0.05224907828175397	 10.63401780718768	
4088	 0.05232088120645778	 10.658385168329351	
4089	 0.052413564790220274	 10.689871658004826	
4090	 0.052386832280668476	 10.680786271066786	
4091	 0.05234456606798202	 10.666427861205571	
4092	 0.052309103260918616	 10.654386622647383	
4093	 0.05229271451626193	 10.648823735416768	
4094	 0.05229237416274877	 10.648708220386304	
4095	 0.05229594180146959	 10.64991909189948	
4096	 0.05231375837584936	 10.655966936028259	
4097	 0.052334018158213355	 10.66284579689117	
4098	 0.05235408394536168	 10.66966054013927	
4099	 0.052383621371130784	 10.679695210064873	
4100	 0.05241468436365494	 10.690252226838815	
4101	 0.052448310531583206	 10.701685062487655	
4102	 0.05249002929205561	 10.715876158330067	
4103	 0.05253989233001518	 10.732847486784815	
4104	 0.052595036343107256	 10.751628749756	
4105	 0.05265506039978267	 10.772087012594747	
4106	 0.05271766950217364	 10.793442920498732	
4107	 0.05278029218702797	 10.814820382186854	
4108	 0.052837923357318496	 10.834508841426475	
4109	 0.0528926277887619	 10.85321069195296	
4110	 0.052944950542153875	 10.871110385484059	
4111	 0.05299492174749929	 10.888216624323759	
4112	 0.05304355728392752	 10.904875963870529	
4113	 0.053087872235080574	 10.92006422404323	
4114	 0.05312289190801744	 10.93207265280706	
4115	 0.05316998615464175	 10.948229838196442	
4116	 0.053224258257606995	 10.966861452374877	
4117	 0.053282882527572156	 10.987001400145624	
4118	 0.05334642062521259	 11.008846145971885	
4119	 0.05339404442938935	 11.025230848244313	
4120	 0.053431844408505465	 11.038242656288423	
4121	 0.053460773238393336	 11.048204913597209	
4122	 0.05348418077866231	 11.056268428451574	
4123	 0.05350529499577232	 11.063543949506665	
4124	 0.05353316754794981	 11.07315118399494	
4125	 0.053562831465715395	 11.083379538018129	
4126	 0.05358889210622942	 11.092368570268485	
4127	 0.05360560982078789	 11.098136504844392	
4128	 0.053614098746516	 11.101065807386961	
4129	 0.05361581177955852	 11.10165696703564	
4130	 0.05361304372346188	 11.100701730157175	
4131	 0.05360723635340412	 11.098697754050724	
4132	 0.053600740836831695	 11.096456487500909	
4133	 0.053592901356151995	 11.09375172963644	
4134	 0.053583758506736634	 11.090597619950216	
4135	 0.05357287308071183	 11.086842822225615	
4136	 0.05356230977629486	 11.083199622738618	
4137	 0.053554293847567484	 11.080435312454624	
4138	 0.05353913862745307	 11.075209755884645	
4139	 0.053527551368905246	 11.071215106241278	
4140	 0.05351048789457729	 11.065333607981323	
4141	 0.053485401247942245	 11.056688924705817	
4142	 0.05345054666951691	 11.044682766511357	
4143	 0.053401859738030695	 11.027920592228696	
4144	 0.05334748684365766	 11.009212865765583	
4145	 0.053291372698132014	 10.98991936259599	
4146	 0.05323460646078379	 10.970415429109531	
4147	 0.053186286676987694	 10.953824476407904	
4148	 0.05315676035863863	 10.943691342623536	
4149	 0.05313181884764469	 10.935134591373995	
4150	 0.05310596110314043	 10.926266332204108	
4151	 0.053077267098096445	 10.916428708673974	
4152	 0.05304630945757599	 10.905818982302378	
4153	 0.05301255235366345	 10.894254534500137	
4154	 0.05297384128341648	 10.880999007478477	
4155	 0.05293400556205708	 10.867365115272706	
4156	 0.052900778257152156	 10.855998203747136	
4157	 0.05287108137794638	 10.845843062125452	
4158	 0.05284448451339936	 10.836751228504385	
4159	 0.0528206490113059	 10.82860592656438	
4160	 0.05279790857621213	 10.820837125445502	
4161	 0.052776647103659556	 10.813575598929745	
4162	 0.052744663634647505	 10.802655813705515	
4163	 0.052721766668523906	 10.79484104998072	
4164	 0.05270180495129449	 10.788029936301335	
4165	 0.052690460130167094	 10.784159749821557	
4166	 0.052677201627565076	 10.779637431594958	
4167	 0.05264996503034635	 10.77034973125153	
4168	 0.052621130818041255	 10.760520732805977	
4169	 0.05259387372745529	 10.751232643943453	
4170	 0.05256875840415457	 10.742677221006828	
4171	 0.052541041846324146	 10.733238861562405	
4172	 0.052512768244354406	 10.7236142305077	
4173	 0.0524834785256232	 10.713647345146251	
4174	 0.0524543937323367	 10.703753861743863	
4175	 0.052425636218790816	 10.693975300799602	
4176	 0.05239611966152029	 10.683942356526593	
4177	 0.05236482393445895	 10.67330877108626	
4178	 0.05233297701876895	 10.66249225260898	
4179	 0.05230325945348827	 10.65240290594471	
4180	 0.05227947366781534	 10.644330198043201	
4181	 0.05226144816947493	 10.638214116835856	
4182	 0.05225169181441838	 10.634904356041798	
4183	 0.05224111936232377	 10.63131820634438	
4184	 0.052229674371763984	 10.62743663909654	
4185	 0.05221205934799053	 10.621463613699628	
4186	 0.05218782589197959	 10.613248559220496	
4187	 0.052165084737048825	 10.605541702103185	
4188	 0.0521390008147321	 10.596704756325193	
4189	 0.052110290333633416	 10.58698136818441	
4190	 0.052078339312075894	 10.576164703241075	
4191	 0.052043066520683696	 10.56422862683736	
4192	 0.05200410727173253	 10.551051344668908	
4193	 0.05196273301516107	 10.537064432616193	
4194	 0.051916057542625335	 10.521294310497778	
4195	 0.05187474636301114	 10.50734449091964	
4196	 0.05184093356647439	 10.495932210130297	
4197	 0.05181246299094916	 10.486326849309608	
4198	 0.051790263541017	 10.47883967261328	
4199	 0.0517741805514316	 10.473416722044947	
4200	 0.05176193678708586	 10.469289055314299	
4201	 0.05175056886496325	 10.465457238692611	
4202	 0.05173851305401148	 10.461394166568633	
4203	 0.051725414401009154	 10.456980349223587	
4204	 0.051711332867445885	 10.45223616435281	
4205	 0.05169709114449071	 10.447438886287335	
4206	 0.05168366853836426	 10.442918331482067	
4207	 0.05167166643245012	 10.43887684496933	
4208	 0.051661971364291064	 10.435612667529654	
4209	 0.05166047647965202	 10.435109399645617	
4210	 0.051652804205667514	 10.432526604557898	
4211	 0.05165607778330822	 10.433628590785014	
4212	 0.05165696748711544	 10.433928100309457	
4213	 0.05163432288268165	 10.426306100159511	
4214	 0.051601423212142276	 10.41523629370581	
4215	 0.05156337561311803	 10.402440221243198	
4216	 0.05152255615900848	 10.388718923016121	
4217	 0.051480992365136584	 10.374754862657914	
4218	 0.05143955279698985	 10.360840018392475	
4219	 0.05140652099038493	 10.349753737367479	
4220	 0.051388805489819785	 10.343809938735458	
4221	 0.05137760403531859	 10.340052398661149	
4222	 0.05136934571360317	 10.337282485402513	
4223	 0.05136521509456252	 10.335897151056676	
4224	 0.051362049386404596	 10.33483548050576	
4225	 0.051358787445617976	 10.333741582445706	
4226	 0.051354779626690175	 10.332397616143252	
4227	 0.05134965934537599	 10.330680702789538	
4228	 0.05134387489177391	 10.328741218994129	
4229	 0.05133587347650676	 10.326058644728006	
4230	 0.05132448822997264	 10.32224207929755	
4231	 0.05131040538042865	 10.317522003458281	
4232	 0.05129801406348166	 10.313369584067223	
4233	 0.051292758544598666	 10.311608623838072	
4234	 0.05128825082496345	 10.310098323608308	
4235	 0.051291805398894434	 10.311289267368034	
4236	 0.05127543342333332	 10.305804368682223	
4237	 0.05124750544665226	 10.296450701424671	
4238	 0.051212816714566345	 10.284837445890355	
4239	 0.05117578210540683	 10.272444613481943	
4240	 0.05113939357940916	 10.260273800813847	
4241	 0.0510982083752043	 10.246505614412197	
4242	 0.05105395362349973	 10.231719523899104	
4243	 0.051017826523249855	 10.219655320757782	
4244	 0.05099498913096811	 10.212031990276378	
4245	 0.050978435492813313	 10.206507656968647	
4246	 0.050963278292439705	 10.201450396077627	
4247	 0.050945115672196395	 10.195391685316233	
4248	 0.05092464453120508	 10.188564621152938	
4249	 0.05090716846562711	 10.182737853118171	
4250	 0.050894275502321666	 10.17844001105865	
4251	 0.0508827697053059	 10.17460519079877	
4252	 0.05087135697616455	 10.170801960618148	
4253	 0.0508589800369721	 10.166678055552554	
4254	 0.05084584325401077	 10.162301708005845	
4255	 0.050834158958103906	 10.158409870868057	
4256	 0.050824427732199896	 10.15516902274273	
4257	 0.050818337544365544	 10.153140981659737	
4258	 0.05080682888742611	 10.149309025157446	
4259	 0.05079505154498475	 10.145388205383453	
4260	 0.05077444644449638	 10.138529975788593	
4261	 0.05074381710214476	 10.128338692570756	
4262	 0.05070697010514043	 10.116084045987513	
4263	 0.050666710122572844	 10.102701087361963	
4264	 0.05061951704184378	 10.087022497436998	
4265	 0.05056908760914232	 10.070279486407781	
4266	 0.05051990443702374	 10.053960963112791	
4267	 0.05047988039760182	 10.040689169257975	
4268	 0.05045659051907942	 10.032969576681621	
4269	 0.05043958404748836	 10.027334163489344	
4270	 0.050423470254549935	 10.021995724690296	
4271	 0.05041209995052046	 10.018229470197879	
4272	 0.050407647027875466	 10.016754656035666	
4273	 0.05040703901424977	 10.016553287817807	
4274	 0.05040465855566351	 10.01576491859395	
4275	 0.050399982802192364	 10.014216457240648	
4276	 0.05037570857082075	 10.006179140377862	
4277	 0.050329280142797264	 9.990813651612998	
4278	 0.05028930453868332	 9.977591293491441	
4279	 0.05033156066760926	 9.991568170734961	
4280	 0.05033871896465546	 9.9939366648646	
4281	 0.05034579201860205	 9.996277174824835	
4282	 0.05032922237555414	 9.990794539426917	
4283	 0.0502990701067175	 9.980820712893385	
4284	 0.0502578846939009	 9.967203760809129	
4285	 0.05022044462208334	 9.954831567767412	
4286	 0.050186505417615976	 9.943621559839839	
4287	 0.05013011344433066	 9.92500664913552	
4288	 0.05008067095807909	 9.908697235333172	
4289	 0.05002692162823193	 9.8909793124408	
4290	 0.04997676758836601	 9.874457982243657	
4291	 0.04993544878702074	 9.860855384559594	
4292	 0.04990999198195654	 9.852478462627111	
4293	 0.04989149727467053	 9.846394303613463	
4294	 0.049873028834907185	 9.840320285968607	
4295	 0.049856264386121944	 9.834807985886384	
4296	 0.04984848205973271	 9.832249507555227	
4297	 0.04984630540605228	 9.83153396953242	
4298	 0.04984199597297759	 9.830117377860283	
4299	 0.04982694447064367	 9.825170306700784	
4300	 0.04979713669629067	 9.815376139488693	
4301	 0.0497643357741097	 9.804603006873396	
4302	 0.04973291465236327	 9.794287494208545	
4303	 0.04970166900820069	 9.784033898239322	
4304	 0.04966967215756585	 9.77353823841347	
4305	 0.04963643110065809	 9.762639224784758	
4306	 0.04959091415577088	 9.747723108432252	
4307	 0.049527809513923875	 9.727058515864863	
4308	 0.049460965066478145	 9.705188402100795	
4309	 0.04938717315181015	 9.68106809428205	
4310	 0.0493018583460223	 9.65321124043592	
4311	 0.04920920672144925	 9.622995160965116	
4312	 0.04911789076075041	 9.59325176372197	
4313	 0.04903205798372316	 9.565327936025703	
4314	 0.048956323098828324	 9.540716284256346	
4315	 0.04889361075946277	 9.520355784557959	
4316	 0.04885216688090729	 9.506909958972674	
4317	 0.04881872018170208	 9.496064237917087	
4318	 0.048786318500221165	 9.485562106419582	
4319	 0.048756890843335295	 9.476027953300031	
4320	 0.04873591094766767	 9.469233099695822	
4321	 0.048721213452832146	 9.464474117015042	
4322	 0.04870466469916743	 9.45911685044552	
4323	 0.04868425927025468	 9.452512747233852	
4324	 0.04866065543923231	 9.444875800612353	
4325	 0.04863649383554983	 9.437060945823804	
4326	 0.04861196929508373	 9.429131348720388	
4327	 0.048586661360480975	 9.420951249966576	
4328	 0.048560356770215675	 9.41245201955075	
4329	 0.048530672718025636	 9.402864542540634	
4330	 0.048485229468414194	 9.388194667742033	
4331	 0.04842359385733351	 9.368312259216468	
4332	 0.04836653147685108	 9.349920116524528	
4333	 0.04830617552016903	 9.33048213649588	
4334	 0.04824254856081517	 9.310008235377126	
4335	 0.04817832319176826	 9.289360026559617	
4336	 0.04811325726456273	 9.268460285497424	
4337	 0.04805056402188599	 9.248340487557076	
4338	 0.04799094730532362	 9.229224248601524	
4339	 0.04793702879281096	 9.211948780189477	
4340	 0.04790083117325716	 9.200358342752779	
4341	 0.04787042948131694	 9.19062826520267	
4342	 0.04784210166737103	 9.181565640252208	
4343	 0.047815074201222704	 9.17292235630576	
4344	 0.04778908135303489	 9.164613011220204	
4345	 0.047764778622978336	 9.156846684943039	
4346	 0.04774181603917463	 9.149511043870717	
4347	 0.04772075849544027	 9.142786055274602	
4348	 0.04770493415097646	 9.137733655720776	
4349	 0.04768955183845943	 9.132823459005289	
4350	 0.04767356316292905	 9.127720823800923	
4351	 0.047658048844816225	 9.12277066578097	
4352	 0.04764383814074586	 9.11823739485496	
4353	 0.047629466322514045	 9.113653644594171	
4354	 0.04760124340017577	 9.104654903851243	
4355	 0.04755471480643068	 9.089827253806593	
4356	 0.04751018549499316	 9.075645785871584	
4357	 0.04746154366920518	 9.060164708761643	
4358	 0.04741067284148404	 9.0439855261271	
4359	 0.047356905525533816	 9.02689770770272	
4360	 0.04730474807696552	 9.010333876175759	
4361	 0.04725453289258586	 8.99439835600288	
4362	 0.04720706452679344	 8.979344900151013	
4363	 0.04716575986500162	 8.966254323366627	
4364	 0.047141006345112646	 8.958412917304946	
4365	 0.04712031757205413	 8.951861244933179	
4366	 0.04710015787647405	 8.945478964103714	
4367	 0.04708239565414644	 8.93985719908939	
4368	 0.04706814906314541	 8.935349157361667	
4369	 0.047055656702023885	 8.931396954190753	
4370	 0.047044900232238014	 8.92799449464314	
4371	 0.04703478332901397	 8.92479481444219	
4372	 0.04703059224852344	 8.923469432821	
4373	 0.047025114823997426	 8.921737378199605	
4374	 0.047018269823197414	 8.919573061799081	
4375	 0.04701020484630633	 8.91702327148074	
4376	 0.04700080052867388	 8.91405040890728	
4377	 0.04698092744877054	 8.907769499321686	
4378	 0.046953481406284074	 8.899098058175216	
4379	 0.046909604238641864	 8.885242302617197	
4380	 0.046865206215512406	 8.871230860424783	
4381	 0.04682175552562659	 8.857526949635782	
4382	 0.046783497854608315	 8.8454678813538	
4383	 0.04675033318013362	 8.8350194771485	
4384	 0.04672031023569114	 8.825565123380478	
4385	 0.04669579802910256	 8.817849127259697	
4386	 0.046677972158559435	 8.812239563473822	
4387	 0.046668461769282577	 8.80924735491358	
4388	 0.0466555588815997	 8.805188430562746	
4389	 0.04664124054573505	 8.80068511768236	
4390	 0.046625021861293615	 8.79558523226341	
4391	 0.04660954922848603	 8.790721041298779	
4392	 0.04659909650180559	 8.787435586679392	
4393	 0.046588013277484956	 8.783952493460706	
4394	 0.046576061759807816	 8.780197143151147	
4395	 0.04656208375795466	 8.775805855388795	
4396	 0.046539170689645006	 8.768609454466596	
4397	 0.046517246270702146	 8.761725773690591	
4398	 0.04649393272035337	 8.7544083153086	
4399	 0.04646958451425685	 8.746768718960917	
4400	 0.04644581996340817	 8.73931482568082	
4401	 0.046423121548125	 8.732197705816859	
4402	 0.046388556765075716	 8.721364325319485	
4403	 0.0463433900574809	 8.707216171861846	
4404	 0.04630789381423705	 8.696103672122929	
4405	 0.04627830681592774	 8.686845466397742	
4406	 0.04624952070244132	 8.677841655708395	
4407	 0.04622075764615275	 8.668848787694523	
4408	 0.04619489797256361	 8.660766856478613	
4409	 0.046169706175583795	 8.652896556694458	
4410	 0.046145382405339434	 8.645300157743836	
4411	 0.04612488687841855	 8.638901404551751	
4412	 0.046111805172552416	 8.634818255136844	
4413	 0.046099837260867145	 8.631083426956401	
4414	 0.04609028286039004	 8.628102247581706	
4415	 0.04608391010045009	 8.626114037821916	
4416	 0.046082550637882955	 8.62568992870606	
4417	 0.046081895456159344	 8.6254855358092	
4418	 0.046082177623673476	 8.62557356158575	
4419	 0.046092593647786236	 8.628823225406363	
4420	 0.0460920534946024	 8.628654692613193	
4421	 0.046085644271776416	 8.626655056268122	
4422	 0.04607749119441633	 8.624111616423843	
4423	 0.046072886916411135	 8.622675395115296	
4424	 0.046072376864032726	 8.622516299381038	
4425	 0.04607616487929963	 8.623697886583095	
4426	 0.04607344080722064	 8.622848166279766	
4427	 0.0460661142720919	 8.620562965010697	
4428	 0.046067137055259805	 8.620881964203146	
4429	 0.04607200015578281	 8.622398797152544	
4430	 0.0460758960643381	 8.623614033593396	
4431	 0.04607879288344136	 8.624517672137856	
4432	 0.0460806215710387	 8.625088135473563	
4433	 0.04608182175676535	 8.625462544396784	
4434	 0.046082697946541434	 8.625735883922955	
4435	 0.04608311023334668	 8.625864503696196	
4436	 0.046083145938960075	 8.625875642696332	
4437	 0.04608375069231954	 8.62606430711966	
4438	 0.04608349947995271	 8.62598593639748	
4439	 0.046082845445024216	 8.625781898456605	
4440	 0.04608205507481671	 8.625535330853307	
4441	 0.04608080622690298	 8.625145740137492	
4442	 0.04606979339861555	 8.6217104818893	
4443	 0.0460584625582386	 8.618176596712518	
4444	 0.046052883587648835	 8.616436829115242	
4445	 0.04605033798418301	 8.615643045041923	
4446	 0.04604919399568915	 8.615286329784746	
4447	 0.04604959137916442	 8.615410240106625	
4448	 0.0460502849000263	 8.61562649235958	
4449	 0.046051828945143994	 8.616107961139848	
4450	 0.046045758564559655	 8.614215138874409	
4451	 0.04603644061369512	 8.611310006333824	
4452	 0.04603773185401542	 8.611712563326385	
4453	 0.04603940027462834	 8.612232721167219	
4454	 0.04603797174082466	 8.611787351250474	
4455	 0.04602847389494666	 8.608826469142816	
4456	 0.04601143521483446	 8.603515809326057	
4457	 0.0459848367401061	 8.595228148602743	
4458	 0.04595117712253489	 8.584744928563222	
4459	 0.045916706470302895	 8.574014418006666	
4460	 0.04589139799035562	 8.566139455630562	
4461	 0.04587098690012199	 8.55979046903881	
4462	 0.045855998844178285	 8.555129547418366	
4463	 0.04584825048380562	 8.552720393590436	
4464	 0.04584716397156759	 8.552382592188629	
4465	 0.04584931170774249	 8.553050337900906	
4466	 0.045850958200705116	 8.553562257827204	
4467	 0.045852169589475765	 8.553938905009254	
4468	 0.04585766598520197	 8.555647937619359	
4469	 0.045862591518235296	 8.557179583942672	
4470	 0.04586649623382427	 8.558393874270537	
4471	 0.045870285942768804	 8.559572465680764	
4472	 0.045874344198516895	 8.560834646555099	
4473	 0.04587920488739996	 8.562346494632665	
4474	 0.045873240787281	 8.560491461071399	
4475	 0.04584886159742161	 8.55291039382866	
4476	 0.045825568094440446	 8.545669446951113	
4477	 0.04578847884142605	 8.53414505883769	
4478	 0.045746276153690084	 8.52103938961354	
4479	 0.04570301012319456	 8.50761187371694	
4480	 0.045659521023390735	 8.494123666075529	
4481	 0.0456207495739635	 8.482105863652272	
4482	 0.045586609361738396	 8.47152921979311	
4483	 0.04556535658214333	 8.464947770940489	
4484	 0.045558847937592996	 8.462932617434967	
4485	 0.045561881361622786	 8.463871777593887	
4486	 0.04557066563885411	 8.466591659944125	
4487	 0.04558171673580572	 8.470013915873214	
4488	 0.045590525972158416	 8.472742318342986	
4489	 0.04559521489510433	 8.474194717973534	
4490	 0.04560019520575666	 8.475737484355838	
4491	 0.045606940046195844	 8.477827033725402	
4492	 0.045616513779446234	 8.480793326927406	
4493	 0.045623289870110516	 8.48289305884222	
4494	 0.04562797395976705	 8.48434465631828	
4495	 0.04563296790871804	 8.485892388487931	
4496	 0.0456377689762835	 8.487380449034452	
4497	 0.04563786907003121	 8.48741147356952	
4498	 0.0456288119684205	 8.484604365335617	
4499	 0.04561666579032226	 8.480840428811797	
4500	 0.04561724180495179	 8.481018912875127	
4501	 0.04562200999259645	 8.482496442604264	
4502	 0.04562896766776104	 8.484652618794708	
4503	 0.04564307999439863	 8.48902668711297	
4504	 0.04563922228736197	 8.487830914195282	
4505	 0.04563326877514505	 8.485985637070078	
4506	 0.04562489233793896	 8.483389651788865	
4507	 0.04561965647143058	 8.481767138494765	
4508	 0.04562637527342457	 8.48384921290438	
4509	 0.04564290876955461	 8.488973611142749	
4510	 0.04565805556955435	 8.493669302536354	
4511	 0.045672230157391545	 8.49806453715946	
4512	 0.0456845834066713	 8.501895755594337	
4513	 0.045695610384999245	 8.505316229779927	
4514	 0.04569888946455104	 8.506333478315112	
4515	 0.045700678277998744	 8.506888431343254	
4516	 0.04569754169523417	 8.505915362299266	
4517	 0.04569803023686434	 8.506066920727848	
4518	 0.0457008498221561	 8.506941651152697	
4519	 0.04570534994510673	 8.50833781555811	
4520	 0.04571068324302861	 8.509992591400758	
4521	 0.04571569647715652	 8.51154817760396	
4522	 0.04571319753388945	 8.510772751434132	
4523	 0.04570524148474967	 8.508304164624155	
4524	 0.045704666838312966	 8.508125875584026	
4525	 0.045696420509627335	 8.505567545198351	
4526	 0.04568150086311049	 8.500939675424164	
4527	 0.045664299796724615	 8.495605390911148	
4528	 0.04564716410868436	 8.490292712880976	
4529	 0.04563072539030689	 8.485197369840115	
4530	 0.04561689475527962	 8.480911375781229	
4531	 0.045609159191986104	 8.47851456941241	
4532	 0.04561096740157602	 8.479074805346942	
4533	 0.04561933369178267	 8.481667118183148	
4534	 0.04563370003172053	 8.486119298640975	
4535	 0.04564974077091056	 8.491091485691696	
4536	 0.04566456103638163	 8.49568639486393	
4537	 0.04567844759179914	 8.49999271671883	
4538	 0.045691466844252585	 8.504030874401987	
4539	 0.045699003739216294	 8.50636892991406	
4540	 0.0457046723010574	 8.508127570440825	
4541	 0.04571102024470809	 8.510097158088458	
4542	 0.04571747336998761	 8.512099567536831	
4543	 0.04572392558033072	 8.51410188147833	
4544	 0.04573056716112024	 8.516163159486522	
4545	 0.045740543552255826	 8.519259802789316	
4546	 0.04574314719013297	 8.5200680386433	
4547	 0.04574089365774143	 8.51936848271047	
4548	 0.04574364733087706	 8.520223298646188	
4549	 0.04574301224938449	 8.520026148826709	
4550	 0.04574802502745303	 8.52158232677976	
4551	 0.04576141595645145	 8.525739993964317	
4552	 0.04577736503982957	 8.530692985178588	
4553	 0.045803922885877854	 8.53894308288727	
4554	 0.04588857185972325	 8.56526025919367	
4555	 0.045991123027231885	 8.597186567144265	
4556	 0.04605250753987259	 8.616319565987979	
4557	 0.04616082455086583	 8.6501224847531	
4558	 0.04638084572792901	 8.718948246779057	
4559	 0.046718039625409956	 8.824850263177835	
4560	 0.04758411960404926	 9.099196798573766	
4561	 0.04911026668493321	 9.590770118937122	
4562	 0.05088250618526798	 10.174517367758588	
4563	 0.052618160151649	 10.759508296823507	
4564	 0.05371371096881975	 11.13546243565154	
4565	 0.05424860838254256	 11.320892430827266	
4566	 0.05441882342806925	 11.380156652877844	
4567	 0.05434196827174441	 11.35338246403135	
4568	 0.054238092971081925	 11.317235312433596	
4569	 0.054172549953589125	 11.294450989943632	
4570	 0.05414312939910591	 11.284229673886143	
4571	 0.054144719786108214	 11.284782112952731	
4572	 0.05416381534899743	 11.291416019239584	
4573	 0.05420123373206828	 11.304419898128465	
4574	 0.054260232414998236	 11.324935662650889	
4575	 0.05433597878549514	 11.35129695406657	
4576	 0.05442502097431268	 11.382316803847125	
4577	 0.05452226500254462	 11.416232620983585	
4578	 0.05462481267528383	 11.452041903210812	
4579	 0.05473553148314223	 11.490754863006076	
4580	 0.05485741336223417	 11.533431409301842	
4581	 0.05498705824620096	 11.578895576849547	
4582	 0.05512141372789847	 11.626087129909827	
4583	 0.05525821190871756	 11.674215518569165	
4584	 0.05539590890581666	 11.722740411463294	
4585	 0.0555330415830856	 11.771146420727648	
4586	 0.055668411414309435	 11.81900839232913	
4587	 0.055801101517332925	 11.865998271036162	
4588	 0.055931094565501306	 11.912105328739306	
4589	 0.05605749892747128	 11.957008082963476	
4590	 0.056181291070962376	 12.001048368621364	
4591	 0.056300950829207226	 12.043680052992988	
4592	 0.05641738757046693	 12.085221487582821	
4593	 0.05653119028562757	 12.125878444108231	
4594	 0.056639040717641115	 12.16445929093439	
4595	 0.056743169303201245	 12.201755238652924	
4596	 0.056849613817970074	 12.239927877120836	
4597	 0.057003121839630966	 12.295062165341678	
4598	 0.05716810281892452	 12.35442756052027	
4599	 0.057831732296257495	 12.59437623643516	
4600	 0.05824113919255411	 12.743325097228933	
4601	 0.05834442952491638	 12.781014385752059	
4602	 0.058365373347594944	 12.788661940392183	
4603	 0.05837514203528036	 12.792229564108275	
4604	 0.0583970109216672	 12.800217745890471	
4605	 0.05842534123430216	 12.810569097885404	
4606	 0.05845733300268728	 12.822262298981448	
4607	 0.058492119111428216	 12.834981692083026	
4608	 0.05852816581422267	 12.848167337466718	
4609	 0.058563979813377506	 12.861273224096474	
4610	 0.0585986917183794	 12.873980907047795	
4611	 0.05863188923004113	 12.886138881379617	
4612	 0.058661295499376	 12.89691221713632	
4613	 0.05868853686711456	 12.906895628587334	
4614	 0.05871353792587137	 12.916060731120837	
4615	 0.05873587847243248	 12.924252721783335	
4616	 0.05876178174244938	 12.933753718120846	
4617	 0.058780678831066586	 12.940686696262768	
4618	 0.058796326380732844	 12.946428605822724	
4619	 0.05880587681983723	 12.949933665297209	
4620	 0.05884244955297884	 12.963359552609354	
4621	 0.058869160611600205	 12.9731687252865	
4622	 0.05886256472723575	 12.970746225288243	
4623	 0.058845902225093075	 12.964627319496126	
4624	 0.05883905611792244	 12.962113584960575	
4625	 0.05882820208334122	 12.958128630433691	
4626	 0.05881713435858116	 12.954065726309603	
4627	 0.058806996146011314	 12.950344488513535	
4628	 0.05880247555286219	 12.948685339594432	
4629	 0.05879507305424977	 12.945968656833351	
4630	 0.05878447594840629	 12.942079964846643	
4631	 0.058770524897911805	 12.936961228867316	
4632	 0.058755001440438444	 12.93126651808546	
4633	 0.05874071167526938	 12.926025268362395	
4634	 0.05872488398969224	 12.920220926937835	
4635	 0.058703928459698136	 12.91253770271051	
4636	 0.05868091292213032	 12.904101295246514	
4637	 0.058656852683185046	 12.895284307757722	
4638	 0.058632561835806556	 12.88638525823933	
4639	 0.05860687108907186	 12.87697602401397	
4640	 0.058581220084259845	 12.867584088224236	
4641	 0.05855069922184013	 12.856412659481267	
4642	 0.058509444778458736	 12.841318630516357	
4643	 0.05846213770399076	 12.824018817370288	
4644	 0.058440838668229855	 12.816232978689818	
4645	 0.058431344150465386	 12.812762877855084	
4646	 0.058428836170592406	 12.811846312379032	
4647	 0.05842971226093199	 12.812166485077476	
4648	 0.058508541293602834	 12.840988146061001	
4649	 0.05853711784656539	 12.851442771095078	
4650	 0.05852632392627053	 12.847493455753805	
4651	 0.058488278418568296	 12.833577111307966	
4652	 0.058454114278175665	 12.82108564100003	
4653	 0.058434020142688066	 12.813740873989467	
4654	 0.058418720751130304	 12.808149800830442	
4655	 0.05840912726617533	 12.804644415782265	
4656	 0.05841612951343122	 12.807202944826143	
4657	 0.058420201231019826	 12.808690790891545	
4658	 0.0584983374176912	 12.837255920830707	
4659	 0.05862251332081913	 12.882704662967114	
4660	 0.05880049978916812	 12.947960221147673	
4661	 0.0590032848551069	 13.022468379560701	
4662	 0.05913522574114884	 13.071038455618853	
4663	 0.05927467966188407	 13.122452820565725	
4664	 0.05937505731406609	 13.159510363598107	
4665	 0.05930102662566318	 13.132175578355941	
4666	 0.0592355758601692	 13.108027747670405	
4667	 0.059178234610869955	 13.086886507275565	
4668	 0.0591396022126586	 13.07265076136619	
4669	 0.05912091022282955	 13.065765129711572	
4670	 0.05909752939805389	 13.057154298925349	
4671	 0.05927301400937979	 13.12183824556812	
4672	 0.0591877653454647	 13.090399463757073	
4673	 0.05910342196944893	 13.059324236537948	
4674	 0.05902345755951288	 13.029889670958772	
4675	 0.05895438000891523	 13.004483905072446	
4676	 0.05890613433470916	 12.9867515802433	
4677	 0.05887476758825046	 12.975228167013354	
4678	 0.05885274848638892	 12.967141305601622	
4679	 0.05883270709556422	 12.959782542897678	
4680	 0.05881354756622336	 12.952749142857966	
4681	 0.05879767660306493	 12.946924121214877	
4682	 0.05878611426459123	 12.94268112741855	
4683	 0.058776513767568546	 12.939158486942626	
4684	 0.058769817963130286	 12.93670187121579	
4685	 0.058763352039683026	 12.934329773338922	
4686	 0.058756795361966985	 12.931924558902438	
4687	 0.0587500283506038	 12.929442374492027	
4688	 0.058746093952886796	 12.927999299074926	
4689	 0.05874555371632624	 12.927801153802703	
4690	 0.05873637456683009	 12.924434656788728	
4691	 0.0587199032731213	 12.918394610313674	
4692	 0.05871932718704142	 12.918183379182006	
4693	 0.05871704975583478	 12.917348336303364	
4694	 0.05870171408749093	 12.9117259227087	
4695	 0.058680761556881005	 12.904045819205754	
4696	 0.058653396357958965	 12.89401791917797	
4697	 0.05862435001099963	 12.883377379042763	
4698	 0.05859528764530232	 12.872734487775936	
4699	 0.058570727031044614	 12.863742920280052	
4700	 0.05855718374189854	 12.858785837613226	
4701	 0.0585459588927406	 12.854677924082354	
4702	 0.058535625270787726	 12.85089663359402	
4703	 0.058522122984410826	 12.845956532477699	
4704	 0.058503390895375686	 12.839104254111625	
4705	 0.05848055332408515	 12.830752151231941	
4706	 0.05845565064547698	 12.821647280089772	
4707	 0.058430105356052094	 12.812310145189848	
4708	 0.058403918139291806	 12.802741201972857	
4709	 0.058377865083341654	 12.793224119791084	
4710	 0.05835146823460875	 12.783584338822266	
4711	 0.058324274728496314	 12.77365666877513	
4712	 0.05829813501963246	 12.764116622106243	
4713	 0.058268998893066894	 12.75348635184313	
4714	 0.05822796288802295	 12.7385204387651	
4715	 0.058180051141520785	 12.72105582444148	
4716	 0.05815099833522206	 12.71047027029055	
4717	 0.058129474539626365	 12.702630226932081	
4718	 0.058113155607862656	 12.696687345149142	
4719	 0.058098642492904945	 12.691403024097667	
4720	 0.05807645817392335	 12.683327267539012	
4721	 0.05805175166932149	 12.674335780130093	
4722	 0.05803506820661426	 12.668265577099804	
4723	 0.05800636814205554	 12.65782590920759	
4724	 0.05797151208929952	 12.645151626391788	
4725	 0.05793724221298115	 12.632695439728836	
4726	 0.05790612176325438	 12.62138824034951	
4727	 0.057867812737580175	 12.6074747300716	
4728	 0.05782258090930541	 12.591054820831529	
4729	 0.057776531582483574	 12.574346940232433	
4730	 0.05773284288367157	 12.558503760742264	
4731	 0.05769039090811822	 12.543116718657906	
4732	 0.05765208425833218	 12.529238658666161	
4733	 0.05761372130641618	 12.515346360728067	
4734	 0.05757459873901662	 12.501185334678622	
4735	 0.057534832846381286	 12.486798019650339	
4736	 0.05749512630509108	 12.472438790913687	
4737	 0.057455038078942165	 12.457948237166812	
4738	 0.05740488877114486	 12.439830426791467	
4739	 0.05734927753131058	 12.419751678820885	
4740	 0.05730290323012796	 12.40301790086412	
4741	 0.057252871939345806	 12.384974650444184	
4742	 0.057193533610880296	 12.363588539181109	
4743	 0.057126739777861625	 12.339533082262806	
4744	 0.057058807570838595	 12.315086871185668	
4745	 0.05699027017604884	 12.290442531586384	
4746	 0.0569236233313497	 12.266496927469111	
4747	 0.05686297383538771	 12.24472235293647	
4748	 0.056810340953070505	 12.225838472304199	
4749	 0.056757983221401444	 12.207064880198567	
4750	 0.05670307293461656	 12.187388433687723	
4751	 0.05664489487869108	 12.16655487601547	
4752	 0.056588964955104994	 12.146539818478743	
4753	 0.05653703506853549	 12.12796801534673	
4754	 0.056487838711023516	 12.110384297236465	
4755	 0.05644153068756385	 12.093842249980824	
4756	 0.056398670165072676	 12.078539771684092	
4757	 0.05635802103257434	 12.064033986505647	
4758	 0.056320012743645065	 12.050476904070559	
4759	 0.056284323237244076	 12.037752453790878	
4760	 0.05624819779244117	 12.024878054325528	
4761	 0.05620914202815117	 12.010965546456838	
4762	 0.05617292717893634	 11.998070791042188	
4763	 0.056137392675492434	 11.985423667177846	
4764	 0.05611627925242438	 11.977911692761923	
4765	 0.056090599565590274	 11.96877762020978	
4766	 0.056058280009611175	 11.957285757643222	
4767	 0.056018642966456526	 11.943198045790771	
4768	 0.055963049220451276	 11.923450231622382	
4769	 0.05589316271763358	 11.898643943297499	
4770	 0.05581675610619146	 11.871546987509698	
4771	 0.05574865525845512	 11.847416432768556	
4772	 0.05568738274679124	 11.825722188124375	
4773	 0.05562892158234819	 11.805038163004392	
4774	 0.05557247536891532	 11.785080789528685	
4775	 0.055518637926492	 11.76605837203528	
4776	 0.05547082040903794	 11.749173286828904	
4777	 0.05542483674675719	 11.73294491337966	
4778	 0.055373973108772206	 11.715004770688667	
4779	 0.05532056244433622	 11.696178086172573	
4780	 0.0552643970213019	 11.676393446181892	
4781	 0.055208293951993406	 11.65664414865928	
4782	 0.05515187786998772	 11.636798152199988	
4783	 0.05509396162065235	 11.616438502077811	
4784	 0.05503423221791239	 11.595456403410696	
4785	 0.0549702174356595	 11.57298575961329	
4786	 0.05490522463948667	 11.550189650881144	
4787	 0.05484907924624865	 11.53051123007616	
4788	 0.05482882743637093	 11.523416459500629	
4789	 0.054808254957163814	 11.516211138097594	
4790	 0.05478189170386242	 11.506980286830093	
4791	 0.054750598398799144	 11.496027066603068	
4792	 0.054714132280608944	 11.483268533192948	
4793	 0.05468252332997908	 11.472213980176646	
4794	 0.05466037119726546	 11.464469284898895	
4795	 0.05465059581606078	 11.461052340282642	
4796	 0.054646451091425234	 11.459603691694147	
4797	 0.05463655569197086	 11.456145385038745	
4798	 0.05461845541622898	 11.44982066682942	
4799	 0.05458814434620179	 11.439232301028559	
4800	 0.05455100841426977	 11.426265193154494	
4801	 0.05451144349690575	 11.412456406743672	
4802	 0.05446985803039417	 11.397949617036396	
4803	 0.054427182787841095	 11.383070341215493	
4804	 0.054393929711046965	 11.371481615394666	
4805	 0.05435811364826115	 11.359004968869543	
4806	 0.05432605357995607	 11.347841383193304	
4807	 0.05432562885247576	 11.347693518979616	
4808	 0.05428759170606907	 11.33445442900551	
4809	 0.054250047355474194	 11.321392922984051	
4810	 0.05421147820989298	 11.30798116931034	
4811	 0.05429531851337433	 11.337143296987456	
4812	 0.05438506701974789	 11.368393756817992	
4813	 0.054887668465432055	 11.544034938298593	
4814	 0.055002060860279076	 11.584161346210458	
4815	 0.05551100485036983	 11.763362367397542	
4816	 0.05551603008348961	 11.765137253359326	
4817	 0.055692049659033106	 11.827374003031212	
4818	 0.0557078929305169	 11.832982286047107	
4819	 0.0557111884476802	 11.834148983832035	
4820	 0.055700748707781966	 11.830453205553773	
4821	 0.05568317286670044	 11.824232215130499	
4822	 0.0556701189242129	 11.819612603338053	
4823	 0.055733209586991524	 11.841946214077675	
4824	 0.056445869446030895	 12.095391747438788	
4825	 0.057290934165397	 12.398700429451424	
4826	 0.05757543775882884	 12.501488963748601	
4827	 0.05794740738998053	 12.636389698383889	
4828	 0.059094211653539834	 13.055932603991254	
4829	 0.06074035740951085	 13.667693542551346	
4830	 0.06260847186185307	 14.375451713362645	
4831	 0.06351120695686169	 14.722569195059934	
4832	 0.0637027485891315	 14.796645856094377	
4833	 0.06362413912032744	 14.766226499937908	
4834	 0.0634445454658361	 14.696823476273389	
4835	 0.06328197957699666	 14.634113568727797	
4836	 0.06315786791398308	 14.586309635090915	
4837	 0.06307386618222402	 14.553990305431734	
4838	 0.06305405859516193	 14.546373594275513	
4839	 0.06308652515269386	 14.558858958382489	
4840	 0.06308805536861964	 14.559447525114456	
4841	 0.06311072847693182	 14.568169394699119	
4842	 0.06315182663588458	 14.583984320601127	
4843	 0.06320757939886287	 14.605449434080741	
4844	 0.06327623895298286	 14.631901079906093	
4845	 0.0633825434278548	 14.672893493267518	
4846	 0.06349495159932068	 14.716289458000999	
4847	 0.06360634253946876	 14.759343267544503	
4848	 0.06371194189301328	 14.800205006692272	
4849	 0.0638192934443519	 14.841791066225488	
4850	 0.06390720187221557	 14.875879960623545	
4851	 0.06399403921985707	 14.909584220503346	
4852	 0.06407908752971067	 14.942623667409485	
4853	 0.06416116161104239	 14.974535421177682	
4854	 0.06423966518632222	 15.005084378391922	
4855	 0.06431381800821626	 15.03396314602488	
4856	 0.06438335294287445	 15.061063655755357	
4857	 0.0644577908677863	 15.090096686913755	
4858	 0.06453600350871949	 15.120626061179172	
4859	 0.0646196634214146	 15.153309026844779	
4860	 0.0646981510248282	 15.183997012299495	
4861	 0.06477294736184716	 15.213264849179874	
4862	 0.06483691237765599	 15.238312266281895	
4863	 0.06488511352379668	 15.25719775629736	
4864	 0.06492339664256945	 15.272203971358081	
4865	 0.06494705941700774	 15.281482255184775	
4866	 0.06495990189263083	 15.28651879315624	
4867	 0.06496415190858883	 15.288185702633148	
4868	 0.06496001687499214	 15.286563889721277	
4869	 0.06494795632220064	 15.281833980215524	
4870	 0.06491489410528678	 15.268870637468174	
4871	 0.0648788621810295	 15.254747915736312	
4872	 0.06485798136808778	 15.246566068485857	
4873	 0.06484383587793519	 15.24102435858182	
4874	 0.06483639449477813	 15.238109407557614	
4875	 0.06483490268785691	 15.237525061298863	
4876	 0.06483278459238	 15.236695410907052	
4877	 0.0648193461149702	 15.231432028584502	
4878	 0.0647937097098414	 15.22139316147576	
4879	 0.06476132279667329	 15.208714672592778	
4880	 0.06472661716588009	 15.195133167457806	
4881	 0.06470567072591774	 15.186938454999007	
4882	 0.06470003845600544	 15.184735287597613	
4883	 0.06469048716787966	 15.180999415400317	
4884	 0.06467727717837259	 15.175833091851873	
4885	 0.0646518842531412	 15.165904093142947	
4886	 0.0646190415132363	 15.153065965210992	
4887	 0.06458988151014562	 15.141671053031162	
4888	 0.06454600382692482	 15.124531345933272	
4889	 0.06450098881679701	 15.10695544124542	
4890	 0.06445977464802925	 15.090870726854455	
4891	 0.06442349684470039	 15.07671820736657	
4892	 0.06437818515540498	 15.059048893397476	
4893	 0.06432162052907696	 15.037003124014612	
4894	 0.06425516434042773	 15.011118677651671	
4895	 0.06418437673050885	 14.983566781845845	
4896	 0.0641101847631694	 14.954711579355495	
4897	 0.06403317558489759	 14.924784226629972	
4898	 0.06395862257151753	 14.895834239826682	
4899	 0.06388848015001378	 14.868617479838875	
4900	 0.06381860874114104	 14.841525676635946	
4901	 0.06374307446372475	 14.812260399082762	
4902	 0.0636678114211655	 14.783123195473394	
4903	 0.06359645286019265	 14.755518764089102	
4904	 0.06352718229950341	 14.728741801397822	
4905	 0.06347381313115275	 14.708124890424493	
4906	 0.06343268188153939	 14.692243462474323	
4907	 0.06338145053259323	 14.672471825020063	
4908	 0.06333717407726129	 14.655392859704229	
4909	 0.06329581589030782	 14.639446759909768	
4910	 0.06325922179495405	 14.625343298358885	
4911	 0.0632216394163457	 14.610864610085729	
4912	 0.0631747467567641	 14.592807161758605	
4913	 0.0631233445195777	 14.573023426584513	
4914	 0.063071607120014	 14.553121536294661	
4915	 0.06302057695013229	 14.533502355489688	
4916	 0.06296760736115192	 14.513148740359712	
4917	 0.06291482909156224	 14.492879989509047	
4918	 0.06286646947343873	 14.474318108273005	
4919	 0.06282238705657167	 14.457406237224617	
4920	 0.06278001215049515	 14.44115689507283	
4921	 0.06273886696960235	 14.425386106032605	
4922	 0.0627012426693837	 14.410970890966368	
4923	 0.06266884457893913	 14.398562643557083	
4924	 0.06263767747214252	 14.386629889615428	
4925	 0.06261325671150596	 14.377282832095764	
4926	 0.06259093884419592	 14.368742783172145	
4927	 0.06256659071411469	 14.359428158769449	
4928	 0.06254382554334653	 14.350721297237678	
4929	 0.06250966068654962	 14.337658428816694	
4930	 0.06244461234367406	 14.312800474385426	
4931	 0.06238106139601448	 14.288531408951123	
4932	 0.062333197835715975	 14.270263977542399	
4933	 0.06240348855190857	 14.29709409115573	
4934	 0.06294030998346249	 14.502664152388052	
4935	 0.06350325646403594	 14.719497642756345	
4936	 0.0640385021512489	 14.926853468004849	
4937	 0.06399427949127665	 14.909677519595286	
4938	 0.06395745445412888	 14.895380822279405	
4939	 0.06390253845164805	 14.874070806226966	
4940	 0.06384985036405065	 14.85363679948623	
4941	 0.06380190682743389	 14.835052636324889	
4942	 0.06377126657949127	 14.823180553253708	
4943	 0.06374815869048929	 14.81422952523552	
4944	 0.06372182418660972	 14.80403127873184	
4945	 0.0636917979924133	 14.792406823492591	
4946	 0.0636633036896827	 14.781378808588308	
4947	 0.06363943259947806	 14.772142626372807	
4948	 0.06361903331787175	 14.764251583399721	
4949	 0.06360014543605237	 14.756946698207523	
4950	 0.06358081913153948	 14.749473749971878	
4951	 0.06356145139492153	 14.741986300144871	
4952	 0.06354525054965861	 14.735724319507732	
4953	 0.06353101254127047	 14.730221896840858	
4954	 0.0635255442770697	 14.728108849191193	
4955	 0.06351156671538424	 14.722708188370364	
4956	 0.0635030909415996	 14.719433698397944	
4957	 0.06348556054485671	 14.712662013120934	
4958	 0.06346958322571979	 14.706491340242662	
4959	 0.06346275717138439	 14.703855334537407	
4960	 0.06344683881100777	 14.697708902935418	
4961	 0.06343101873180945	 14.691601438350924	
4962	 0.06341485789272358	 14.685363469213769	
4963	 0.06341315028696554	 14.68470440741642	
4964	 0.06341090774832552	 14.683838902687768	
4965	 0.06346083306924465	 14.703112341459004	
4966	 0.06343648293573022	 14.693710821975296	
4967	 0.06344250964940469	 14.69603749552764	
4968	 0.06345025171982618	 14.69902661607109	
4969	 0.06345560383788676	 14.701093146822158	
4970	 0.0634519045853567	 14.699664799128707	
4971	 0.06344075504447773	 14.695360097407073	
4972	 0.06342098878360358	 14.687729824812541	
4973	 0.06339212210557595	 14.676589410953277	
4974	 0.06335094868253324	 14.660705350322019	
4975	 0.06329897711182593	 14.640665358219268	
4976	 0.06324388381578802	 14.619433617683717	
4977	 0.06318530225883438	 14.596871100617653	
4978	 0.06312651383591994	 14.574242925082025	
4979	 0.06306522270668632	 14.550666390145084	
4980	 0.06301465634929762	 14.53122679260509	
4981	 0.06296105787031124	 14.510632884904796	
4982	 0.06290432394178523	 14.488846986927088	
4983	 0.06284787692806902	 14.467184260727743	
4984	 0.06279399785949326	 14.446519132948296	
4985	 0.06274210879306895	 14.426628434297774	
4986	 0.06269191096516752	 14.407396473603029	
4987	 0.06264364471351917	 14.388914223441633	
4988	 0.06260033993485595	 14.37233991237875	
4989	 0.06255949079940598	 14.35671246930424	
4990	 0.06259040158617211	 14.368537223592035	
4991	 0.0625844218179345	 14.366249391803235	
4992	 0.06271037613552305	 14.414469718632693	
4993	 0.06316718506658732	 14.589896138774835	
4994	 0.06396543643833454	 14.898479226822554	
4995	 0.06517583281835249	 15.371301561752121	
4996	 0.06644980248280662	 15.875319871252294	
4997	 0.06881954724957284	 16.830073499426714	
4998	 0.07223704798616666	 18.245942864928505	
4999	 0.07605753952836686	 19.882459831107493	
5000	 0.07941416948816218	 21.366316535292935	
5001	 0.08141860826428578	 22.27267866706026	
5002	 0.08232305878056828	 22.68656924360096	
5003	 0.08234802489197295	 22.69803732796868	
5004	 0.0820770225832092	 22.573677529117827	
5005	 0.08191122427405488	 22.497729418204543	
5006	 0.08186761876798548	 22.477771819964094	
5007	 0.08193617389008834	 22.50915167655113	
5008	 0.08209818654691166	 22.583379585773656	
5009	 0.08234200565787259	 22.695272204547248	
5010	 0.08266294002989329	 22.842891306562098	
5011	 0.08303838974166858	 23.016071186813317	
5012	 0.0834582879683473	 23.210372647759566	
5013	 0.08390910870062887	 23.419709690103392	
5014	 0.08437528190552622	 23.63696554364779	
5015	 0.08484584159533581	 23.857078729201632	
5016	 0.08531414217702571	 24.076944663472805	
5017	 0.08577336438691135	 24.29333110554643	
5018	 0.08621477016367754	 24.502051703587593	
5019	 0.0866346032691687	 24.70123375737546	
5020	 0.08702694744075455	 24.887956830431623	
5021	 0.08738733701969376	 25.059967453624182	
5022	 0.08772113372051517	 25.219707999721667	
5023	 0.08803233119213137	 25.368999020108586	
5024	 0.08830663942451521	 25.50088523877713	
5025	 0.08855700363367662	 25.621497928607315	
5026	 0.08877654132933821	 25.727447227503898	
5027	 0.08896622390559354	 25.819129166437623	
5028	 0.08912705550612161	 25.896968325973177	
5029	 0.08925937056136561	 25.96107632227357	
5030	 0.08936290120213417	 26.01128217896377	
5031	 0.0894351413590632	 26.04633709500241	
5032	 0.08949519493854141	 26.075492783085263	
5033	 0.08952449355118666	 26.089721836188502	
5034	 0.08952618159527957	 26.090541739879825	
5035	 0.08950387327074848	 26.079707145346124	
5036	 0.08945822071883988	 26.057540455763682	
5037	 0.08939303488297479	 26.025902410326847	
5038	 0.0893047028291135	 25.983054849155167	
5039	 0.08919493982575089	 25.929851052744905	
5040	 0.08906655470907528	 25.867676197832424	
5041	 0.08891927115056757	 25.79642268456314	
5042	 0.08875343274346276	 25.716286746590114	
5043	 0.08859156351928621	 25.638164993955396	
5044	 0.08841611332508265	 25.553596164627027	
5045	 0.08822819732021157	 25.463142687030555	
5046	 0.08802986851632646	 25.367816215324343	
5047	 0.08782267054814916	 25.268379604829736	
5048	 0.08760863150876425	 25.16582399055468	
5049	 0.08739396025277685	 25.063133095321177	
5050	 0.08717757321106685	 24.95979147755294	
5051	 0.08695206074829324	 24.85227358940718	
5052	 0.08672919963551491	 24.746202265499594	
5053	 0.08649285691231222	 24.633912697218477	
5054	 0.0862466154165815	 24.517137481001253	
5055	 0.08599312593938584	 24.39715701147514	
5056	 0.08572985971830509	 24.272798417790273	
5057	 0.08546208806772403	 24.14657250352859	
5058	 0.08520576279173625	 24.025989076183546	
5059	 0.08495806831119415	 23.909695369965007	
5060	 0.08471215295130674	 23.794460357666143	
5061	 0.08446704342781876	 23.679824662165117	
5062	 0.08421908940019775	 23.564084043292123	
5063	 0.08396910719575269	 23.447626449195326	
5064	 0.08372177006078028	 23.33262835003315	
5065	 0.083479324726288	 23.220124265940772	
5066	 0.08324127843189895	 23.109873236255293	
5067	 0.08300610454867276	 23.001158767070446	
5068	 0.08277199163419305	 22.893138515459217	
5069	 0.08253846367140598	 22.785590891541133	
5070	 0.08230497916459191	 22.678265890959864	
5071	 0.08207241107206825	 22.57156372567388	
5072	 0.08184062149345804	 22.465419116130033	
5073	 0.0816079206933066	 22.359058635424535	
5074	 0.0813712617323705	 22.251096179350526	
5075	 0.0811381150444119	 22.144940496830817	
5076	 0.08092092312299304	 22.04623207167333	
5077	 0.08070050633703722	 21.94623843942057	
5078	 0.08047970221744494	 21.8462514795405	
5079	 0.0802607212473552	 21.747270556961073	
5080	 0.08004390729050612	 21.649446351950896	
5081	 0.07983402128317746	 21.554916085941183	
5082	 0.07963056109887594	 21.463437948434642	
5083	 0.07943907165922524	 21.377484216596546	
5084	 0.07926184356028133	 21.298054942600047	
5085	 0.07909330959675241	 21.222631914730204	
5086	 0.07892620379801168	 21.147953734024643	
5087	 0.07875924204584873	 21.073445123850238	
5088	 0.0785928311657614	 20.999287052655127	
5089	 0.07842762098706108	 20.925767529977605	
5090	 0.07826363004771629	 20.852892611639714	
5091	 0.07810038756431725	 20.78045132824682	
5092	 0.07793546407187982	 20.707366508212548	
5093	 0.07776995829885934	 20.634127233751617	
5094	 0.07760403985997229	 20.56080957156227	
5095	 0.07743938980183358	 20.488155627605465	
5096	 0.077276125403926	 20.416214738937335	
5097	 0.07711821636755269	 20.346729967513536	
5098	 0.07694881618227478	 20.272294128728756	
5099	 0.0767722001643058	 20.194803834082055	
5100	 0.07660313843387376	 20.120739226433997	
5101	 0.07643593013758593	 20.04759370194893	
5102	 0.07627456198017019	 19.97710403049087	
5103	 0.0761193718699754	 19.90940680166035	
5104	 0.0759667802361735	 19.842932737068935	
5105	 0.07581646407794493	 19.777536922662353	
5106	 0.07566806505106949	 19.713059900484986	
5107	 0.07552502920063123	 19.65099282658712	
5108	 0.07538869836409737	 19.591908131700844	
5109	 0.0752522785247889	 19.53285612198438	
5110	 0.07511456693701997	 19.473317294485927	
5111	 0.07497645689503793	 19.41367923961366	
5112	 0.07483809889040714	 19.35400750030505	
5113	 0.07470412979163595	 19.29629867040966	
5114	 0.07457098994194775	 19.23901536348934	
5115	 0.07443777437007608	 19.181767677600593	
5116	 0.0743070045948173	 19.12563743337146	
5117	 0.07417169401517008	 19.06762742574392	
5118	 0.07403340151787804	 19.00841187464138	
5119	 0.07389488491527224	 18.94917423922436	
5120	 0.07375569652219327	 18.889723828293704	
5121	 0.0736183824224693	 18.83114721359595	
5122	 0.07348514734349153	 18.7743802437269	
5123	 0.07335136286606278	 18.717448192782886	
5124	 0.07322709593172111	 18.664628311584348	
5125	 0.07309776195010038	 18.609718099339755	
5126	 0.07295994985816762	 18.551279645203355	
5127	 0.07281425895702646	 18.489580195773353	
5128	 0.07266222241864227	 18.425281095785444	
5129	 0.07250732512780574	 18.35986430535268	
5130	 0.07235256217402651	 18.294597227802132	
5131	 0.0722036646266192	 18.23189151010987	
5132	 0.07206348780311897	 18.17293710625391	
5133	 0.07193034445557905	 18.117011530371816	
5134	 0.0717915893696843	 18.05880219013195	
5135	 0.07165332598167606	 18.00087367916499	
5136	 0.07151794385209802	 17.94422449522041	
5137	 0.07138285535156984	 17.887769390367556	
5138	 0.07124937276411919	 17.832055332195623	
5139	 0.07111732867732498	 17.777010108801765	
5140	 0.07099398160465185	 17.725651922626046	
5141	 0.07087051893749245	 17.674305142913685	
5142	 0.07074186163545591	 17.620861384902017	
5143	 0.0706079980021943	 17.565323680064353	
5144	 0.07047191073017194	 17.508935334403976	
5145	 0.07033457101105739	 17.452101583760925	
5146	 0.07020204079087763	 17.39732819164064	
5147	 0.07007568079141784	 17.345169044158954	
5148	 0.06996196078493609	 17.29828103386508	
5149	 0.06984555414145927	 17.250337889612155	
5150	 0.06972590406832352	 17.20111439455187	
5151	 0.06970654193720904	 17.193154191726983	
5152	 0.06957566138846576	 17.13938494837451	
5153	 0.0694411916575831	 17.0842113593114	
5154	 0.06930569288587513	 17.02868755056033	
5155	 0.06917265666636645	 16.9742431927861	
5156	 0.06904292989475982	 16.92122038886451	
5157	 0.0689132280547689	 16.868274131864545	
5158	 0.06879417292378955	 16.819732462685746	
5159	 0.06867799885445501	 16.772419428577575	
5160	 0.06856584747628366	 16.726795262673342	
5161	 0.06846216760906175	 16.68466161290858	
5162	 0.06835360829837307	 16.64059061017877	
5163	 0.0682379769402744	 16.593699916408287	
5164	 0.06810951106237909	 16.541666666895825	
5165	 0.06797545185459161	 16.487437640703657	
5166	 0.06783589590867906	 16.431060794092467	
5167	 0.06800881391476202	 16.500926453083753	
5168	 0.0680447763628329	 16.515471584997698	
5169	 0.06787813427052027	 16.44811580401101	
5170	 0.06772151054874892	 16.384909805091826	
5171	 0.06757127490221304	 16.32437323523626	
5172	 0.06742034934126845	 16.263648950639666	
5173	 0.06726882211277659	 16.202773686276576	
5174	 0.06711370330977723	 16.1405501481461	
5175	 0.06693228530035099	 16.06789863524501	
5176	 0.06677504593111039	 16.005035915863328	
5177	 0.06660824398439812	 15.938457960597466	
5178	 0.0664452269673583	 15.873498042307949	
5179	 0.06628783691141321	 15.810881113925232	
5180	 0.06614026690508648	 15.752261008361018	
5181	 0.06613796336883787	 15.75134665152841	
5182	 0.0660786728295827	 15.727819399062403	
5183	 0.06593025228441202	 15.668985909007562	
5184	 0.06578058993886876	 15.609749513479422	
5185	 0.06567552306479482	 15.5682176511837	
5186	 0.0655593809424811	 15.522359374491392	
5187	 0.06541250094788574	 15.464441881778589	
5188	 0.06525854212828767	 15.40382607794122	
5189	 0.0651079040282904	 15.344609891005694	
5190	 0.06496116281457803	 15.28701333494781	
5191	 0.06481790418197982	 15.230867316997804	
5192	 0.06467797809685435	 15.176107197915583	
5193	 0.06453883075359178	 15.121730104773475	
5194	 0.06440402644549345	 15.06912470078097	
5195	 0.06427109231406863	 15.017320940686156	
5196	 0.0641506561699866	 14.970449213126296	
5197	 0.06402708891635767	 14.922419844536263	
5198	 0.06389910436209863	 14.872738621899584	
5199	 0.06376835092437387	 14.822051031399491	
5200	 0.06362634569208982	 14.767080031201145	
5201	 0.06348313833711751	 14.711726454697475	
5202	 0.06334056964913767	 14.656702367899625	
5203	 0.06320147749102732	 14.603099551379055	
5204	 0.06306741220058587	 14.55150834821682	
5205	 0.06293572665362844	 14.50090404878563	
5206	 0.06280547734024802	 14.450921056952518	
5207	 0.0626775834836734	 14.40190916331287	
5208	 0.06255304220650908	 14.354246085925709	
5209	 0.06243378050533375	 14.308662808200951	
5210	 0.06231996062010359	 14.265213560436676	
5211	 0.06220823575373723	 14.222615478677668	
5212	 0.06208956359853657	 14.177424384715957	
5213	 0.06203014966381236	 14.154820804491585	
5214	 0.06203280893558888	 14.155832195822354	
5215	 0.0619865314852751	 14.138235784211092	
5216	 0.06191866398192198	 14.112445866315353	
5217	 0.061843441217709766	 14.083882932005467	
5218	 0.06171416000267064	 14.034847485657105	
5219	 0.061583543905514855	 13.985375224861379	
5220	 0.061458650195963346	 13.938135755964119	
5221	 0.06133602454242908	 13.891816374195292	
5222	 0.06121558260602404	 13.846381904062362	
5223	 0.06109750111661105	 13.801895684832708	
5224	 0.06097965702604832	 13.757556012316655	
5225	 0.060862979900261883	 13.713711661207512	
5226	 0.06074724799824506	 13.670277821505922	
5227	 0.06063241620437792	 13.62723627812192	
5228	 0.060519138376591876	 13.584830408636854	
5229	 0.060408783534973365	 13.54356962061457	
5230	 0.06030114866074836	 13.503374184469786	
5231	 0.060194053615713616	 13.463427787363997	
5232	 0.060081986473088746	 13.421677502260012	
5233	 0.05997543326716622	 13.382029535083328	
5234	 0.05987091532046259	 13.343184474060848	
5235	 0.05976786804592905	 13.304930234817862	
5236	 0.059670503749533255	 13.268826063453082	
5237	 0.059575449631411204	 13.233616408153425	
5238	 0.059480533660427416	 13.198495275342836	
5239	 0.05938482784095956	 13.163119690707807	
5240	 0.05928699551798826	 13.126997353310642	
5241	 0.059188417984625735	 13.090640035398723	
5242	 0.05908893133170538	 13.053988322402555	
5243	 0.05898060826404527	 13.01412795812333	
5244	 0.05887638185567989	 12.975821111453149	
5245	 0.05877207669956126	 12.937530555484221	
5246	 0.05866876237933338	 12.899648370517667	
5247	 0.05856417386881929	 12.861344251908625	
5248	 0.0584607873139812	 12.823525127658241	
5249	 0.058357989733284835	 12.785965633775975	
5250	 0.05825755469881269	 12.749311924543997	
5251	 0.05816432399468254	 12.71532511201668	
5252	 0.05808590678445686	 12.686766593394628	
5253	 0.05801874229444429	 12.662326593330796	
5254	 0.057957275800471816	 12.6399765186	
5255	 0.057903169275106484	 12.620315703609291	
5256	 0.05787762930567228	 12.611039438626472	
5257	 0.057893350282518116	 12.616749065742956	
5258	 0.057949215989862086	 12.637047030371287	
5259	 0.05805691844747686	 12.676215925062301	
5260	 0.05806122625305908	 12.67778358273837	
5261	 0.05804055310614321	 12.670261104832877	
5262	 0.0580342693662873	 12.667974951813648	
5263	 0.05807949584310172	 12.684432948603083	
5264	 0.058145691817625654	 12.708537191340573	
5265	 0.05822866446539314	 12.738776246373677	
5266	 0.0583476561906115	 12.782192470824954	
5267	 0.05849642260736432	 12.836555597736352	
5268	 0.05862905250170737	 12.885099802753402	
5269	 0.05873320986233912	 12.92327406757119	
5270	 0.058778804409772005	 12.939998940768954	
5271	 0.058825098123842026	 12.95698913164395	
5272	 0.058855215411135364	 12.968047222191686	
5273	 0.05888177831059611	 12.977803388295692	
5274	 0.0588609815776218	 12.970164801767309	
5275	 0.058808389559134824	 12.950855916395462	
5276	 0.058747929660988796	 12.928672600017235	
5277	 0.05869379728034939	 12.908823819813575	
5278	 0.058649223320455815	 12.892488995376096	
5279	 0.058612337710741945	 12.878977943570687	
5280	 0.05858435049807904	 12.868730120476139	
5281	 0.05856117811549864	 12.860247769331414	
5282	 0.05854091048355665	 12.852830548960787	
5283	 0.058523316507786645	 12.84639317799603	
5284	 0.05851024174252158	 12.841610153704716	
5285	 0.05849738237197944	 12.83690662031953	
5286	 0.05848453648502668	 12.832208706964812	
5287	 0.05847100459704704	 12.82726065777316	
5288	 0.05845649062716965	 12.821954350505623	
5289	 0.058436440579564305	 12.81462549790905	
5290	 0.05841327337592798	 12.806159325059085	
5291	 0.05838468904114781	 12.795716611966247	
5292	 0.05836485783191897	 12.788473679901516	
5293	 0.05834620508079862	 12.781662652023634	
5294	 0.05833384409873993	 12.777149855092162	
5295	 0.05831489458553945	 12.77023292846863	
5296	 0.05829549354400622	 12.763152737821011	
5297	 0.0582723063931145	 12.754692909808062	
5298	 0.05824615625752654	 12.745154729646577	
5299	 0.05821976756832196	 12.735532431385884	
5300	 0.05819664384528231	 12.727103051171603	
5301	 0.05817901220551975	 12.720677221468515	
5302	 0.058169286090013865	 12.717133106025747	
5303	 0.05816681708916801	 12.716233485559776	
5304	 0.05816540741568524	 12.715719859600512	
5305	 0.05815959440969168	 12.713601931418765	
5306	 0.058146176902337414	 12.708713895009433	
5307	 0.05812677569843384	 12.701647310450575	
5308	 0.058153340415877754	 12.711323489984444	
5309	 0.058268455391999936	 12.753288089988049	
5310	 0.0584396071726864	 12.815782864714356	
5311	 0.05857228287190208	 12.864312434411154	
5312	 0.058606967773786475	 12.877011429630342	
5313	 0.058582263919426815	 12.867966227657982	
5314	 0.058535347538949914	 12.850795011790252	
5315	 0.05848408812971978	 12.832044749831395	
5316	 0.05850771304281504	 12.840685184358685	
5317	 0.058560305197457856	 12.85992827762292	
5318	 0.058548810172522406	 12.855721345893313	
5319	 0.05853171504665205	 12.849465916060014	
5320	 0.05848727154435362	 12.833208897252227	
5321	 0.058437526936988546	 12.815022548952248	
5322	 0.058401207346455215	 12.801750827716761	
5323	 0.05836502852078493	 12.788536013420883	
5324	 0.05840703594553635	 12.803880314382546	
5325	 0.058344959263361765	 12.781207795109715	
5326	 0.058290283821413776	 12.761251776004142	
5327	 0.05823716461133858	 12.74187571428176	
5328	 0.05818786095015795	 12.72390197345112	
5329	 0.058138988531088946	 12.706095460064631	
5330	 0.05808858681279362	 12.687742200582177	
5331	 0.05803679364917958	 12.668893317704297	
5332	 0.057988073967680735	 12.651173187642039	
5333	 0.05794195707275859	 12.634408874271587	
5334	 0.057898599933465314	 12.618655891838236	
5335	 0.05785561958450958	 12.603047569135773	
5336	 0.0578088723663286	 12.586080081070216	
5337	 0.05775853788866443	 12.567820776597813	
5338	 0.057707671802903794	 12.549379400043618	
5339	 0.057657358954544935	 12.531149255771586	
5340	 0.05762142658367546	 12.518136162373175	
5341	 0.057582842891407	 12.504168901456895	
5342	 0.057537735009847345	 12.487847799309625	
5343	 0.05748836126892497	 12.469992983893313	
5344	 0.05744176592785257	 12.453152282945767	
5345	 0.05739225117467184	 12.435266413059942	
5346	 0.057343950171195264	 12.417828886770188	
5347	 0.05742581253329983	 12.447388426406292	
5348	 0.05737188062822474	 12.427911087914742	
5349	 0.057321536300365725	 12.409740403542317	
5350	 0.0572899799566486	 12.398356253916866	
5351	 0.057346193618753	 12.41863859471399	
5352	 0.05730190318086372	 12.40265714087725	
5353	 0.057249598489934994	 12.38379448212728	
5354	 0.05730173468053634	 12.402596356109086	
5355	 0.05739353401638422	 12.435729675288727	
5356	 0.0573838099168708	 12.43221826221823	
5357	 0.05735560172969333	 12.422034412042429	
5358	 0.057344254405488175	 12.417938690160106	
5359	 0.05727837190950489	 12.394169629326598	
5360	 0.057281569623712295	 12.395322878756401	
5361	 0.057379988157801244	 12.430838317591203	
5362	 0.05743560578964887	 12.450926539023877	
5363	 0.05738032288507881	 12.430959177054943	
5364	 0.05729097691377038	 12.39871584854041	
5365	 0.05718773164176496	 12.36149824654782	
5366	 0.05709345692803107	 12.327553430698897	
5367	 0.05700601334622021	 12.296101636316626	
5368	 0.056922416772534803	 12.266063594037398	
5369	 0.056846531481725214	 12.238821833504462	
5370	 0.05677521898129656	 12.213243727176176	
5371	 0.05670926180157615	 12.189605505467567	
5372	 0.056653917896748916	 12.169785083945513	
5373	 0.05661117754096381	 12.15448722657495	
5374	 0.05657317598772426	 12.140891971641786	
5375	 0.05653899146364013	 12.128667479303028	
5376	 0.05650729650023424	 12.117337662939512	
5377	 0.056478336685946116	 12.106989267866673	
5378	 0.05645133182992099	 12.097342637287896	
5379	 0.05642605268360236	 12.088315249310059	
5380	 0.05640410733537993	 12.080480573598187	
5381	 0.05638282875325844	 12.07288587929284	
5382	 0.05635968886955729	 12.064629022792104	
5383	 0.05633477603679987	 12.05574206231321	
5384	 0.056308605153216666	 12.046409148613868	
5385	 0.056265742477232435	 12.031129947359595	
5386	 0.05621648585247784	 12.013581083691832	
5387	 0.05615689206246382	 11.992363054680121	
5388	 0.056107989409393516	 11.974962752943789	
5389	 0.056056792983599	 11.95675712215492	
5390	 0.05600418333660349	 11.938060489353544	
5391	 0.05595094805420379	 11.919153430571034	
5392	 0.05589680994999074	 11.89993802117212	
5393	 0.055842671881982206	 11.880735027825217	
5394	 0.05579496966028316	 11.863825137711624	
5395	 0.05575684897102948	 11.850318717446555	
5396	 0.055726377507090176	 11.839526896004228	
5397	 0.055697149622806606	 11.82917919846251	
5398	 0.055666170299141504	 11.818215381150594	
5399	 0.055632869789416506	 11.806434614000622	
5400	 0.055600086997124626	 11.794841591599736	
5401	 0.055568797170074735	 11.783780778031982	
5402	 0.055536352093283135	 11.772315972928583	
5403	 0.05549704033182037	 11.758430735152965	
5404	 0.05546201828741229	 11.746066182309784	
5405	 0.05542431769476278	 11.732761782801262	
5406	 0.05538212509398273	 11.717879323076888	
5407	 0.05534915180961004	 11.706254023356868	
5408	 0.055317251598992874	 11.695011447509117	
5409	 0.05527690274957358	 11.680797511776985	
5410	 0.055234882646915374	 11.66600218425606	
5411	 0.055189387543612585	 11.649991763046017	
5412	 0.0551546270194795	 11.637764931891338	
5413	 0.05511390654967784	 11.623448253901152	
5414	 0.055069181287267115	 11.607731678010483	
5415	 0.05502408585679826	 11.59189363732868	
5416	 0.05498004753866196	 11.576435216080625	
5417	 0.054936011744672976	 11.560985932617193	
5418	 0.054893103484063045	 11.545940166364675	
5419	 0.05485238342364168	 11.531668940776626	
5420	 0.05481407746973095	 11.51825023660423	
5421	 0.0547797729438094	 11.506238550978859	
5422	 0.05474616920687835	 11.494477106766086	
5423	 0.054712090048682764	 11.482554177661234	
5424	 0.05467778634970536	 11.470557689806114	
5425	 0.05464407757080269	 11.45877414066365	
5426	 0.05461055236290274	 11.44705956779208	
5427	 0.054576607823910446	 11.435203353499894	
5428	 0.05453830946739631	 11.421832330555945	
5429	 0.05450110991214821	 11.408850921183822	
5430	 0.05446730064990501	 11.397057734233847	
5431	 0.054451046449443236	 11.391389757584049	
5432	 0.05453474886271464	 11.420589542228948	
5433	 0.05491146300813822	 11.552376967614371	
5434	 0.055244412798687866	 11.669357104195386	
5435	 0.055198602520379905	 11.653233943686622	
5436	 0.05512931738783692	 11.628865633600272	
5437	 0.05505245543881917	 11.60185635598431	
5438	 0.05497342535218099	 11.57411139624964	
5439	 0.05489499702028052	 11.546603968854276	
5440	 0.054814360101627484	 11.51834922061997	
5441	 0.05474231758416396	 11.493129330550316	
5442	 0.054676987203260655	 11.470278276801615	
5443	 0.0546197832045315	 11.450284583925663	
5444	 0.05457589904120119	 11.434955840885662	
5445	 0.05454282342543605	 11.4234079537215	
5446	 0.054520886987895166	 11.415751728658961	
5447	 0.05450468041459583	 11.41009665176788	
5448	 0.054489375395416685	 11.404757189767878	
5449	 0.05447382349781683	 11.399332623355354	
5450	 0.05445958370150838	 11.39436662869367	
5451	 0.05444586616998313	 11.38958358749003	
5452	 0.054432865971559496	 11.385051408039205	
5453	 0.05441996770741021	 11.380555478400803	
5454	 0.05440578006498037	 11.375610932410728	
5455	 0.05439181860706192	 11.370746053243197	
5456	 0.0543771721773745	 11.365643389893023	
5457	 0.05436494397103975	 11.361383912103044	
5458	 0.0543411870470498	 11.3531104367037	
5459	 0.05431533075036224	 11.344108583567873	
5460	 0.05429997907220921	 11.338765258039016	
5461	 0.05428023019106808	 11.331892917183737	
5462	 0.05425620300814367	 11.323534033201744	
5463	 0.05423007115849038	 11.314445751936	
5464	 0.054200113008681876	 11.304030330107075	
5465	 0.05416902587928546	 11.293226457671345	
5466	 0.0541392644927829	 11.282887199677484	
5467	 0.05411428541057605	 11.2742122628502	
5468	 0.05409765190184489	 11.26843712442787	
5469	 0.05409562294978628	 11.267732755197224	
5470	 0.05412793443123707	 11.278952073920122	
5471	 0.054184678270975936	 11.298665698588536	
5472	 0.054233829086169985	 11.315752525407007	
5473	 0.05426889228787743	 11.327948234847467	
5474	 0.05429000086831498	 11.335292771088314	
5475	 0.05429804970646462	 11.33809379166083	
5476	 0.05429523849178429	 11.337115448798079	
5477	 0.054291878205424624	 11.335946065455431	
5478	 0.05428678400339487	 11.334173369575462	
5479	 0.05427824096453263	 11.331200785915975	
5480	 0.054262211516735145	 11.325624118736904	
5481	 0.054249609611735375	 11.321240669490622	
5482	 0.05423947941340139	 11.317717471337438	
5483	 0.05422774843747241	 11.313638084246938	
5484	 0.054236500849314404	 11.316681635137947	
5485	 0.05423905737707269	 11.317570700154226	
5486	 0.054232984430298545	 11.315458801380508	
5487	 0.054219553834363755	 11.310788801778545	
5488	 0.05419340337886321	 11.301698147725416	
5489	 0.0541629275373245	 11.291107553889026	
5490	 0.05413121836335188	 11.28009258366422	
5491	 0.05410071461476235	 11.269500406536443	
5492	 0.05407065333448595	 11.259065767441301	
5493	 0.054042214607034046	 11.249197895687267	
5494	 0.05401769785168867	 11.240693675820745	
5495	 0.05400050795193225	 11.234732484464073	
5496	 0.05399528066188348	 11.232919991934603	
5497	 0.05399871447145579	 11.234110606045249	
5498	 0.054003782102186745	 11.235867811613288	
5499	 0.05401052401821942	 11.238205747545734	
5500	 0.05402220848140615	 11.242258101932089	
5501	 0.05403002610811144	 11.244969703296938	
5502	 0.054036860329343385	 11.247340417522887	
5503	 0.05404662851751623	 11.250729238812953	
5504	 0.054048633808753	 11.251424973477453	
5505	 0.05404849034155325	 11.251375197041796	
5506	 0.0540530861024558	 11.252969755788657	
5507	 0.05407130688343761	 11.259292581181654	
5508	 0.054127553182824924	 11.278819669321086	
5509	 0.054186649277314064	 11.299350701940028	
5510	 0.054238940945552226	 11.317530209006167	
5511	 0.05429065494355217	 11.33552038096011	
5512	 0.05433860786118372	 11.352212366556607	
5513	 0.054473194047072716	 11.399113090060764	
5514	 0.055484831172521294	 11.754119693662389	
5515	 0.058039009356472576	 12.669699441853426	
5516	 0.05925472343259524	 13.115090337716504	
5517	 0.05945082957352412	 13.187511738353079	
5518	 0.0596585448455204	 13.264394225097567	
5519	 0.05983838114124865	 13.33110206544896	
5520	 0.059761763909797025	 13.302665574804843	
5521	 0.05965045603928666	 13.261396938182349	
5522	 0.059562358792598434	 13.228770271835423	
5523	 0.059495205361757314	 13.203921709001698	
5524	 0.059430095620109244	 13.179847212113804	
5525	 0.05936615980786848	 13.156223883224344	
5526	 0.059314438051112556	 13.137125871252536	
5527	 0.05927891404809815	 13.124015231833736	
5528	 0.05925810947148559	 13.116339437907461	
5529	 0.059237425396795614	 13.108709883627583	
5530	 0.05926080878356478	 13.117335240602399	
5531	 0.05930441088062492	 13.1334246707218	
5532	 0.059361577882195024	 13.154531581040812	
5533	 0.059409155073681025	 13.17210812575903	
5534	 0.05944472423900341	 13.18525465141653	
5535	 0.05947212250790528	 13.195384752817022	
5536	 0.05950545945703195	 13.20771478915286	
5537	 0.05953982387868018	 13.22042966858406	
5538	 0.05957921801080801	 13.235011567266632	
5539	 0.0596269281449405	 13.25268027607486	
5540	 0.05969564965396775	 13.278146790837267	
5541	 0.059780483671292683	 13.309611173207925	
5542	 0.05987149807873819	 13.343400936327	
5543	 0.05996027572571092	 13.376393294594068	
5544	 0.0600395223800137	 13.40587118177106	
5545	 0.060106554437796056	 13.430825786166809	
5546	 0.06016228582184591	 13.451587521658302	
5547	 0.060209755508927314	 13.469281623799104	
5548	 0.060249801918262645	 13.484215968431137	
5549	 0.06028384557239597	 13.496916935234438	
5550	 0.06031141724278703	 13.507206847122113	
5551	 0.06033397933127567	 13.515629486654355	
5552	 0.060350644732294595	 13.52185218587307	
5553	 0.06035336478633112	 13.522867936446266	
5554	 0.06034504857427437	 13.519762506937498	
5555	 0.060318106111822235	 13.509703645731435	
5556	 0.06030198456107256	 13.503686161031458	
5557	 0.06028211648026173	 13.496271732262793	
5558	 0.060257548894138764	 13.487105780781695	
5559	 0.06022818607844401	 13.476154038915995	
5560	 0.06019500195689735	 13.463781310381902	
5561	 0.06015778994675772	 13.449912187741582	
5562	 0.060116146394347286	 13.434398184977717	
5563	 0.060071265525715824	 13.417686163431775	
5564	 0.06003410704405139	 13.403855978264247	
5565	 0.05999777122215488	 13.39033750018317	
5566	 0.059960819618585376	 13.376595521454789	
5567	 0.05991877358172185	 13.360965833109587	
5568	 0.0598723559222231	 13.343719579994298	
5569	 0.059822224445847276	 13.325103486009974	
5570	 0.05976848218526747	 13.30515809161635	
5571	 0.05971164578319301	 13.284077371602015	
5572	 0.059650758949692004	 13.26150917599209	
5573	 0.059585832562376206	 13.2374606009267	
5574	 0.059517422602592684	 13.212140612833513	
5575	 0.05944660441684617	 13.185949719687398	
5576	 0.05937449585661561	 13.159302967816567	
5577	 0.059290735266037425	 13.12837743940767	
5578	 0.059210946238539015	 13.098945339237929	
5579	 0.059110668832598974	 13.061993089439413	
5580	 0.05902216649634397	 13.029414653943272	
5581	 0.05893021668923427	 12.99560165382777	
5582	 0.05883409451021833	 12.960291917542131	
5583	 0.0587352786290298	 12.92403273979106	
5584	 0.058634184433914105	 12.886979626981441	
5585	 0.058532132872280686	 12.84961879183983	
5586	 0.05842989009857509	 12.812231477348078	
5587	 0.05833065319985084	 12.775985012437749	
5588	 0.05824448123547017	 12.744543867860102	
5589	 0.05816455270450149	 12.71540844269421	
5590	 0.05808666272115658	 12.687041772997938	
5591	 0.05801021487059663	 12.659224959520925	
5592	 0.05793029054058283	 12.63016929119087	
5593	 0.0578426548759903	 12.598340949618771	
5594	 0.05775434191341452	 12.566299126008749	
5595	 0.05766635602652659	 12.534408438355413	
5596	 0.0575858447507401	 12.505255348000446	
5597	 0.05750895954919727	 12.477440609858464	
5598	 0.05743585120558501	 12.451015208183671	
5599	 0.05736508989990151	 12.42545950254127	
5600	 0.05729230749173521	 12.39919578408774	
5601	 0.05721515243900386	 12.3713784632888	
5602	 0.05712540005177971	 12.339050778495752	
5603	 0.05700635320069585	 12.296223813295073	
5604	 0.05689727397580154	 12.257034997121465	
5605	 0.056779110165564826	 12.214638850741586	
5606	 0.05666682549594575	 12.174406554187302	
5607	 0.05655991002824709	 12.13614743831154	
5608	 0.05645270441706381	 12.097832876431532	
5609	 0.05634579565109279	 12.059672680275858	
5610	 0.05624022976153073	 12.022039146312913	
5611	 0.05614333682781518	 11.987538885307634	
5612	 0.05606936983936768	 11.961228470102846	
5613	 0.05600773707728507	 11.939323063743517	
5614	 0.055954935421399454	 11.92056916977417	
5615	 0.05590775245142149	 11.903820877988492	
5616	 0.05585892660299605	 11.886499340427106	
5617	 0.05581231275319437	 11.869971950494886	
5618	 0.05576861116201884	 11.854485485468699	
5619	 0.05572882436285978	 11.840393333048702	
5620	 0.05571100721748319	 11.834084822488329	
5621	 0.055691106904079385	 11.827040315291173	
5622	 0.05566864968721511	 11.819092705659264	
5623	 0.055643551215843905	 11.810212884950651	
5624	 0.055612862378640555	 11.799358824997768	
5625	 0.05556323784330686	 11.781816015233632	
5626	 0.05548776322226556	 11.755154939692039	
5627	 0.05538469099737723	 11.718784170101712	
5628	 0.055303953396862296	 11.690326044708755	
5629	 0.05519817468511599	 11.653083406918446	
5630	 0.05507366673330212	 11.609307491874908	
5631	 0.0549480037902222	 11.565192340314757	
5632	 0.05482765251114089	 11.52300490422161	
5633	 0.0547079712367674	 11.48111350601343	
5634	 0.05459270765735038	 11.440826121795618	
5635	 0.05449662657890858	 11.407286785515032	
5636	 0.054435274642104806	 11.3858910736218	
5637	 0.05438238788041965	 11.367460381403795	
5638	 0.05431792749777611	 11.345012510496792	
5639	 0.05424300638567442	 11.318944072986277	
5640	 0.05418303287862506	 11.298093871812334	
5641	 0.05414098287948165	 11.283484072963384	
5642	 0.054113667574321504	 11.273997729524568	
5643	 0.0540930449860914	 11.266837816970275	
5644	 0.0540816516853574	 11.262882981401512	
5645	 0.054073065822811864	 11.259903029030795	
5646	 0.05406450533458854	 11.256932197524153	
5647	 0.05405595878002256	 11.25396651436951	
5648	 0.05403718414631521	 11.247452750936537	
5649	 0.053989217781154994	 11.230817916090977	
5650	 0.05391246307183989	 11.204219716353464	
5651	 0.053817190577357545	 11.17123955475251	
5652	 0.05378798182897757	 11.161136249887512	
5653	 0.05377123253342267	 11.15534431897086	
5654	 0.05375111419659974	 11.148388958483453	
5655	 0.05373692640343108	 11.143484963404644	
5656	 0.053712208119688035	 11.134943177667076	
5657	 0.053871945840184156	 11.190189248975427	
5658	 0.05385396597749711	 11.183965363835684	
5659	 0.0538801779671688	 11.193039333237758	
5660	 0.05391619367315431	 11.205511917282122	
5661	 0.053944278053382	 11.215241662466623	
5662	 0.053948619855326126	 11.216746167554001	
5663	 0.053925885883050084	 11.208869371193524	
5664	 0.053898269407003846	 11.19930387766619	
5665	 0.053869074982523205	 11.189195383820776	
5666	 0.05383759213591692	 11.178298621872578	
5667	 0.05380569459672334	 11.167262659152401	
5668	 0.053782585873430516	 11.159270189258185	
5669	 0.053757090196223746	 11.150454814488148	
5670	 0.05373320918613385	 11.14220025402844	
5671	 0.053711858860764995	 11.134822504609398	
5672	 0.05368172425894853	 11.124412615794974	
5673	 0.05362767430050763	 11.105751012745776	
5674	 0.05355999674683276	 11.082401941236162	
5675	 0.05348377224732842	 11.056127675911206	
5676	 0.05344394745780228	 11.042410161122106	
5677	 0.05339548972341336	 11.025728245916158	
5678	 0.05334076675537352	 11.006901611126958	
5679	 0.05328360951301468	 10.987251243560692	
5680	 0.05324601289261226	 10.974333376511007	
5681	 0.05320107052818768	 10.958899553877217	
5682	 0.05315632114999418	 10.943540638976144	
5683	 0.053121404912521805	 10.931562646965522	
5684	 0.05309094976469818	 10.921119313434263	
5685	 0.05310128046973884	 10.92466135404456	
5686	 0.05307029468684874	 10.914038781009141	
5687	 0.052959982545231606	 10.876255038185752	
5688	 0.052838868835119866	 10.83483196315571	
5689	 0.052742470928685	 10.801907342424572	
5690	 0.05265702599639708	 10.772757218556208	
5691	 0.05257309520524176	 10.74415433836739	
5692	 0.05250762268143228	 10.721862998336718	
5693	 0.05245821721858852	 10.705054250112765	
5694	 0.05242350264666969	 10.693249954077087	
5695	 0.05240541446960345	 10.687101339366734	
5696	 0.05238024876047819	 10.678549251337936	
5697	 0.052339141510656745	 10.664585624434261	
5698	 0.052212377748441535	 10.621571567229958	
5699	 0.05200996283911163	 10.553031467462498	
5700	 0.051812795466088996	 10.48643899898177	
5701	 0.0517145791390915	 10.453329783682442	
5702	 0.05163453018894972	 10.426375867753988	
5703	 0.05155389496403129	 10.399252692635642	
5704	 0.051442946373207975	 10.36197925436844	
5705	 0.05134402003483781	 10.328789882590405	
5706	 0.051268019757155545	 10.303321044608088	
5707	 0.05121283233772834	 10.284842675105365	
5708	 0.051170244441486164	 10.270592067488545	
5709	 0.05114442914352002	 10.26195769388527	
5710	 0.05113042614899075	 10.257275365006961	
5711	 0.05112258218876072	 10.25465287087243	
5712	 0.05111737908485243	 10.252913449922923	
5713	 0.05111888006551376	 10.253415222370128	
5714	 0.05112465811469705	 10.255346895153371	
5715	 0.05113104843653523	 10.257483427703203	
5716	 0.05114052871878145	 10.260653381867423	
5717	 0.05114688610073931	 10.262779340713148	
5718	 0.05115078927908021	 10.26408468173047	
5719	 0.051151172965651796	 10.264213001722021	
5720	 0.05113751877109807	 10.259646892991286	
5721	 0.05109524765947394	 10.245516134043923	
5722	 0.05102914492732762	 10.22343435088685	
5723	 0.05095027046389588	 10.197111081189119	
5724	 0.0508705825375573	 10.170543903753309	
5725	 0.05082323463402944	 10.154771706618906	
5726	 0.050779559138497285	 10.140231518750685	
5727	 0.05074027373293288	 10.127159973986988	
5728	 0.050695811394419046	 10.112374030886324	
5729	 0.05065605303279641	 10.099159713964466	
5730	 0.050618438154476204	 10.0866641809724	
5731	 0.05058064333290863	 10.074115104742543	
5732	 0.05054678923633053	 10.062879780046615	
5733	 0.050523035126650157	 10.054999381594168	
5734	 0.05049738041188172	 10.046491233584439	
5735	 0.050469922576949475	 10.037388289557788	
5736	 0.050444187372758034	 10.028859436606435	
5737	 0.05042021831511724	 10.020918507331734	
5738	 0.05039434764793467	 10.01235040001336	
5739	 0.050365866846488715	 10.002921232738526	
5740	 0.050334494990880975	 9.992539034753696	
5741	 0.05029976670622558	 9.981051090475583	
5742	 0.05026267641090619	 9.968787642883402	
5743	 0.05022449357596392	 9.95616926125802	
5744	 0.05019135493554341	 9.945223030322191	
5745	 0.05015329704839915	 9.932657835147348	
5746	 0.05008535919576211	 9.910243266847658	
5747	 0.049990661787053726	 9.87903378821713	
5748	 0.049883514616937574	 9.843768732530291	
5749	 0.049825041587002135	 9.8245449449931	
5750	 0.049774137338546465	 9.80782173623778	
5751	 0.049732951788289	 9.794299683319988	
5752	 0.049699398109837555	 9.783288845856001	
5753	 0.04968849070895961	 9.779710584993763	
5754	 0.04967372875322704	 9.774868640193581	
5755	 0.04962450162101165	 9.758728996183503	
5756	 0.04956980892933341	 9.74080992280256	
5757	 0.04951396584742284	 9.722527539267181	
5758	 0.049460043276677045	 9.704886949291861	
5759	 0.049416590736650626	 9.690680920382723	
5760	 0.04938094626316504	 9.679033814408925	
5761	 0.049350157741374946	 9.668977938348341	
5762	 0.04931505695330838	 9.657518728960152	
5763	 0.04928389495190621	 9.64734995438148	
5764	 0.04925683153996271	 9.63852210733205	
5765	 0.04923265684171728	 9.630639267029485	
5766	 0.04921127360610704	 9.62366881199006	
5767	 0.04919217229911646	 9.617443921699904	
5768	 0.049171279242890074	 9.610636966506616	
5769	 0.04913212863953465	 9.597886896013991	
5770	 0.049077548517412826	 9.58012323677285	
5771	 0.04901331271175667	 9.55923390182871	
5772	 0.048933582653297884	 9.533331247604895	
5773	 0.048926163875466284	 9.530922469270154	
5774	 0.04891594136926514	 9.52760375658879	
5775	 0.04890263345803131	 9.523284067106667	
5776	 0.048889982320565614	 9.5191782900556	
5777	 0.04887597617213867	 9.514633586303589	
5778	 0.04886075347405962	 9.509695122040648	
5779	 0.04884324453915554	 9.504016237605432	
5780	 0.04879165378386245	 9.487291075069967	
5781	 0.048738598079126824	 9.47010328423771	
5782	 0.048687438089319704	 9.453541432965336	
5783	 0.04863342250763357	 9.436067737626493	
5784	 0.048577773537207984	 9.418079177614503	
5785	 0.04851786638360518	 9.398729506939212	
5786	 0.04845231377073486	 9.37757462783438	
5787	 0.048366894361381536	 9.350037034489398	
5788	 0.04826239191971489	 9.316391506602912	
5789	 0.048173551326418595	 9.287826622157302	
5790	 0.04809701230751016	 9.26324520197935	
5791	 0.048030610035832755	 9.241940433959746	
5792	 0.04796780612111082	 9.221808237178067	
5793	 0.04788970313349693	 9.196796329927656	
5794	 0.0478137095905694	 9.172486045208684	
5795	 0.04769760670316732	 9.135394525277828	
5796	 0.04755272324319464	 9.089192801711455	
5797	 0.047457055848953364	 9.058736917405616	
5798	 0.0473549317729553	 9.026270674365747	
5799	 0.04724913807102929	 8.99268700950715	
5800	 0.047135326939740964	 8.95661418554485	
5801	 0.04703493463998478	 8.924842666291402	
5802	 0.04694898545641076	 8.897677907118288	
5803	 0.046880665938645455	 8.876108745461723	
5804	 0.04684064346168146	 8.86348297357228	
5805	 0.04684365620940107	 8.864433145924481	
5806	 0.04686328445805584	 8.870624578337567	
5807	 0.04688925655096925	 8.878819737476812	
5808	 0.04692102858560843	 8.888849109538212	
5809	 0.04695384323112649	 8.899212352966819	
5810	 0.046988231247340716	 8.910077667377383	
5811	 0.04702487753573041	 8.921662346660668	
5812	 0.047062318473553424	 8.933504449083395	
5813	 0.047094871859544876	 8.94380578555551	
5814	 0.04712160933178582	 8.952270260270385	
5815	 0.04714576176180136	 8.95991912255514	
5816	 0.047172514642613565	 8.968394574590537	
5817	 0.047186522557876066	 8.972833633611272	
5818	 0.04717515748985389	 8.969232016324927	
5819	 0.047148515010700935	 8.960791218184715	
5820	 0.04710469961894118	 8.946916658066362	
5821	 0.04713919632942361	 8.957839649229092	
5822	 0.04716599402734744	 8.966328514284859	
5823	 0.04713385805361594	 8.956148996252141	
5824	 0.04711166323539062	 8.949121178584884	
5825	 0.04707156882336542	 8.93643118743371	
5826	 0.04703467185806154	 8.924759561999853	
5827	 0.04700460325267483	 8.915252466008427	
5828	 0.04699191558258305	 8.911242092677336	
5829	 0.04701484448196322	 8.918490084211246	
5830	 0.04696375518911955	 8.902343613361618	
5831	 0.04694040157758672	 8.894966739759969	
5832	 0.04694952815032915	 8.89784932489038	
5833	 0.04697571041454105	 8.90612094316957	
5834	 0.0469920506631435	 8.911284785720548	
5835	 0.04700442775823785	 8.915196990049454	
5836	 0.04700335064947069	 8.914856505689846	
5837	 0.047002182551893625	 8.914487264778385	
5838	 0.04700676322636903	 8.915935271678281	
5839	 0.047009101595506746	 8.916674494864829	
5840	 0.04700717426657042	 8.916065211083456	
5841	 0.04698627091271954	 8.909458133139355	
5842	 0.04692350105329859	 8.889629775084611	
5843	 0.04684785538441624	 8.865757566399333	
5844	 0.046743616186155815	 8.83290391538453	
5845	 0.04666291268551982	 8.80750166085157	
5846	 0.04656689899421362	 8.777318496570336	
5847	 0.04646833141533968	 8.746375613520595	
5848	 0.04637064629496262	 8.715752897204716	
5849	 0.0462760225762991	 8.686130858353748	
5850	 0.0461835197962496	 8.657211787062396	
5851	 0.04609820924722683	 8.630575422410383	
5852	 0.0460470228296215	 8.614609339167348	
5853	 0.04603313046157958	 8.61027806792233	
5854	 0.046038879164175886	 8.612070254977732	
5855	 0.04604257977331819	 8.613224017492975	
5856	 0.04603534859557003	 8.610969564713812	
5857	 0.04602180836741222	 8.60674878421353	
5858	 0.0459978309570653	 8.599276540315826	
5859	 0.04597171461941209	 8.591140681930883	
5860	 0.04596195045923883	 8.58809970570933	
5861	 0.04595111067262731	 8.584724237935044	
5862	 0.04593701499050163	 8.58033569075148	
5863	 0.045925038629063795	 8.576607677845448	
5864	 0.04591557269794642	 8.573661572558597	
5865	 0.045876348299174634	 8.56145798059528	
5866	 0.04581350114672802	 8.541919317235012	
5867	 0.04571578199984599	 8.511574715934033	
5868	 0.04557369878283042	 8.4675308957765	
5869	 0.04546874578607432	 8.435055645326232	
5870	 0.04535747787580742	 8.400680926135678	
5871	 0.04524386010879054	 8.365638213947333	
5872	 0.04511647104654317	 8.3264177797072	
5873	 0.044993276622844934	 8.288558941499835	
5874	 0.04493477591628884	 8.270605282309964	
5875	 0.044854564287808055	 8.246013938927883	
5876	 0.04480016722911207	 8.229353518075536	
5877	 0.04477596685353082	 8.22194589751689	
5878	 0.04477881984328572	 8.222819045445036	
5879	 0.04479660447180798	 8.2282628074096	
5880	 0.044818432348349875	 8.234946151573654	
5881	 0.04483873330824132	 8.241163926383727	
5882	 0.04486001495035336	 8.247684079622777	
5883	 0.0448822956934558	 8.254512541907031	
5884	 0.0449244788341394	 8.267446756242718	
5885	 0.0449832862858895	 8.285491839996562	
5886	 0.045058955081869564	 8.308733978785293	
5887	 0.045124790128175496	 8.328976801020994	
5888	 0.04517630042974827	 8.344828816849846	
5889	 0.04519843738113401	 8.35164504717506	
5890	 0.04518944803805855	 8.348876853197783	
5891	 0.04515732857101129	 8.338988927750739	
5892	 0.04510461259158039	 8.322770560378208	
5893	 0.04514419169964615	 8.33494611399392	
5894	 0.04517494360166771	 8.344411105771085	
5895	 0.045136739929012744	 8.332653213295801	
5896	 0.0450870749908981	 8.31737781893211	
5897	 0.04504105184489373	 8.303232536992033	
5898	 0.04499244639897356	 8.288304039816603	
5899	 0.04493843104277547	 8.27172657153687	
5900	 0.04490735773722349	 8.262196100831991	
5901	 0.04494220359587477	 8.272883947685003	
5902	 0.04490501671201844	 8.261478264743303	
5903	 0.04484904258154282	 8.244322167638545	
5904	 0.04478471911264936	 8.224624614641604	
5905	 0.04471688752274399	 8.203873204147557	
5906	 0.04465190461484841	 8.184012949849679	
5907	 0.044613804564432036	 8.17237766373846	
5908	 0.044625718459703055	 8.17601530905281	
5909	 0.044666891128792234	 8.188591460978708	
5910	 0.044648230339574525	 8.182890582958688	
5911	 0.04467478873187257	 8.191004659916794	
5912	 0.044707465995480616	 8.200992577802138	
5913	 0.04467304735262911	 8.190472538013355	
5914	 0.04461159477618197	 8.171703024795635	
5915	 0.04451628377268425	 8.142626188600406	
5916	 0.04441531893063099	 8.111869754963003	
5917	 0.04438318736471173	 8.10209143878365	
5918	 0.04434234201859321	 8.089668145922994	
5919	 0.04429000202947593	 8.073759854957581	
5920	 0.044220510766144874	 8.052657940979637	
5921	 0.04415054873162391	 8.03143539215237	
5922	 0.044088454913797925	 8.01261838721757	
5923	 0.044047906608750326	 8.000340097971305	
5924	 0.044052721688280665	 8.001797741117626	
5925	 0.044110347324817785	 8.019250681635585	
5926	 0.04410877504783954	 8.018774287993002	
5927	 0.04407341229736077	 8.008062506819828	
5928	 0.044045317623357186	 7.999556392250372	
5929	 0.04402261322070969	 7.992684911186296	
5930	 0.044013402568828956	 7.989897983493073	
5931	 0.0440187274551114	 7.991509122048637	
5932	 0.04407257176023426	 8.007807968209992	
5933	 0.04412020057057422	 8.02223643349905	
5934	 0.04414446492548066	 8.029590966166808	
5935	 0.04414545362986465	 8.029890699896066	
5936	 0.04413174939521805	 8.025736549248291	
5937	 0.044094062432575146	 8.014316972973997	
5938	 0.044048245695276676	 8.00044274433612	
5939	 0.04399703749776947	 7.984947255073067	
5940	 0.04392054484295346	 7.961823130885787	
5941	 0.04391966933196513	 7.961558614687829	
5942	 0.043967984696384174	 7.976161283961449	
5943	 0.04397175312471795	 7.977300690702762	
5944	 0.044110494808506685	 8.019295369184826	
5945	 0.04408342881731842	 8.011096043753742	
5946	 0.044062086527625624	 8.004633012784373	
5947	 0.04404714857346866	 8.000110631702361	
5948	 0.044037774295810635	 7.997273144282519	
5949	 0.04404426868925301	 7.999238880599478	
5950	 0.044056149447686786	 8.002835473022197	
5951	 0.044073502720525945	 8.008089889725463	
5952	 0.044096959131569025	 8.01519447480336	
5953	 0.044125001335175454	 8.023691332655321	
5954	 0.04415634611059635	 8.033193139751043	
5955	 0.044190157460630375	 8.043447702971834	
5956	 0.04422578337109706	 8.054258260638377	
5957	 0.04426029361430925	 8.06473581022456	
5958	 0.044289855200331886	 8.07371524511772	
5959	 0.044315254664917564	 8.0814336132033	
5960	 0.044339262203633406	 8.08873171575199	
5961	 0.044348369424933747	 8.091500928620356	
5962	 0.044350464307800264	 8.0921379687107	
5963	 0.04431547255710419	 8.081499838860823	
5964	 0.04423949168901949	 8.05841954890849	
5965	 0.044235774443843405	 8.057291059367977	
5966	 0.04423403183949333	 8.056762057436284	
5967	 0.04425756934401274	 8.063908504768214	
5968	 0.04422109454622677	 8.052835121278912	
5969	 0.044171285409434255	 8.037723398602166	
5970	 0.044106317913882295	 8.018029808891391	
5971	 0.04403177689583957	 7.9954580106030555	
5972	 0.044041121586030706	 7.998286284813322	
5973	 0.04403512646384862	 7.996471748534763	
5974	 0.044009216841389864	 7.988631608817461	
5975	 0.043991641226783604	 7.983315055119312	
5976	 0.04398510919910865	 7.9813395035379235	
5977	 0.043982830297093795	 7.980650316641043	
5978	 0.043986729022414704	 7.9818293859352	
5979	 0.04399826133475239	 7.9853174453147515	
5980	 0.044026523023122044	 7.99386804342928	
5981	 0.0440562207814967	 8.002857069441754	
5982	 0.04408809618850364	 8.012509729856708	
5983	 0.04412009935622116	 8.0222057610467	
5984	 0.04414188697942078	 8.028809462019646	
5985	 0.0441445551677811	 8.029618323664339	
5986	 0.04414255401555842	 8.029011671054944	
5987	 0.04414140833864697	 8.02866436545541	
5988	 0.0441063994509334	 8.018054513096294	
5989	 0.04416507024428617	 8.035838560416328	
5990	 0.044219035506513904	 8.052210198937638	
5991	 0.044268195270677484	 8.06713557451254	
5992	 0.04427858966989171	 8.070292829588977	
5993	 0.04431257738195528	 8.080619903606415	
5994	 0.04428259221799619	 8.07150871853215	
5995	 0.04427322459022241	 8.068663147480796	
5996	 0.044365592248902117	 8.096738871497811	
5997	 0.04450011979546099	 8.137699104161863	
5998	 0.04471309912039126	 8.202714853742847	
5999	 0.044843559456945806	 8.242642354617045	
6000	 0.04494442893013658	 8.273566685159539	
6001	 0.04495838884500922	 8.277850132037814	
6002	 0.04497711749513608	 8.283598205966342	
6003	 0.04499402319592325	 8.288788162754432	
6004	 0.0450106503233519	 8.293893867285561	
6005	 0.04502979918764693	 8.299775481525351	
6006	 0.04504862801951833	 8.30556042322407	
6007	 0.04506682674412121	 8.311153303868295	
6008	 0.04507788697706499	 8.31455309990087	
6009	 0.04505992309150181	 8.309031477625217	
6010	 0.04501470763812042	 8.295139940860613	
6011	 0.044949628665519784	 8.275162063329343	
6012	 0.044862707754051975	 8.24850923310681	
6013	 0.04481786159715559	 8.234771369117974	
6014	 0.04476189551320088	 8.217639953679369	
6015	 0.04470258864410883	 8.199501489497091	
6016	 0.0446208935207629	 8.17454204228166	
6017	 0.04453897028322197	 8.149543475859861	
6018	 0.04446044548789261	 8.125610686546494	
6019	 0.04437592350080896	 8.099881544965509	
6020	 0.044342700628467874	 8.089777185521427	
6021	 0.04436280419432174	 8.095890854078771	
6022	 0.04441222504649961	 8.110928015229575	
6023	 0.044464709563876534	 8.126909568757496	
6024	 0.04449987535837869	 8.137624604295619	
6025	 0.04450437245747539	 8.138995279933097	
6026	 0.044491198231569475	 8.134980154530096	
6027	 0.044483227122499254	 8.132551174415989	
6028	 0.04449579835110304	 8.136382048699371	
6029	 0.044511382517469486	 8.141132067760365	
6030	 0.04452734233609982	 8.145997734040662	
6031	 0.04455024336132506	 8.152981595716492	
6032	 0.04456915055347087	 8.15874930815738	
6033	 0.044558395374969834	 8.155468199082119	
6034	 0.04452114797079947	 8.144109121218479	
6035	 0.04446997786276886	 8.128514462466912	
6036	 0.044410728446378674	 8.110472484517619	
6037	 0.04441085043815643	 8.110509615630503	
6038	 0.04440924053763927	 8.110019609407512	
6039	 0.04440292334961263	 8.108096958143621	
6040	 0.04439022865501247	 8.104233848935811	
6041	 0.04437203600637542	 8.09869894704491	
6042	 0.044349707427718835	 8.091907804145398	
6043	 0.04432253706284062	 8.083647126341775	
6044	 0.044300545119610076	 8.076963329337074	
6045	 0.04430214167412492	 8.077448480146028	
6046	 0.044308269133300125	 8.07931056159239	
6047	 0.04432252149809984	 8.083642395119782	
6048	 0.04434610326734069	 8.090811827601273	
6049	 0.04437337734916935	 8.09910698334857	
6050	 0.044403549161035456	 8.108287417207618	
6051	 0.04443350555227171	 8.117406419810715	
6052	 0.044459419557889006	 8.125298189914606	
6053	 0.04448233775515156	 8.132280181739537	
6054	 0.04450714440185071	 8.139840189820104	
6055	 0.044537807845428753	 8.149188982747523	
6056	 0.044567721859251196	 8.158313422450176	
6057	 0.04457240552746086	 8.159742415233525	
6058	 0.04454234695978132	 8.150573250746486	
6059	 0.044494234095188503	 8.135905328234767	
6060	 0.04444121653996095	 8.119754379266524	
6061	 0.044443673282928704	 8.12050250299058	
6062	 0.04445569057133295	 8.124162387089426	
6063	 0.044499478807545366	 8.137503743573854	
6064	 0.04453925338328618	 8.149629810035487	
6065	 0.04457359822146684	 8.160106323596374	
6066	 0.04460306093048201	 8.169097887187997	
6067	 0.0446280717038492	 8.176733896862093	
6068	 0.04464909068679548	 8.183153384430645	
6069	 0.04466399232183261	 8.187705770190272	
6070	 0.04463887862272346	 8.18003422738722	
6071	 0.04461583647555286	 8.17299801721112	
6072	 0.04459035634706579	 8.165220158875707	
6073	 0.04455115907802934	 8.15326090105903	
6074	 0.044510485905185644	 8.14085875227747	
6075	 0.04447658246961244	 8.130526617728757	
6076	 0.04444500729935861	 8.120908747244776	
6077	 0.04442099423788146	 8.113597361382432	
6078	 0.04440546314132477	 8.108869927899082	
6079	 0.04439235408062344	 8.104880583649479	
6080	 0.04436116632784923	 8.095392695570771	
6081	 0.04429192922973693	 8.074345388827926	
6082	 0.044198078045075626	 8.045850674459457	
6083	 0.04409091334833621	 8.013363059262296	
6084	 0.04398255956868668	 7.9805684443778455	
6085	 0.043943920504056384	 7.968886867459317	
6086	 0.04389916367597719	 7.955364291599067	
6087	 0.04385043684588901	 7.940652688501004	
6088	 0.04381870969998615	 7.931079485476282	
6089	 0.04387662790156371	 7.94855893737903	
6090	 0.044130501652254586	 8.025358364907591	
6091	 0.044183675078404865	 8.041481271386946	
6092	 0.04419614568976811	 8.045264404031684	
6093	 0.04429323729545662	 8.07474282309975	
6094	 0.044348523657258145	 8.091547828970883	
6095	 0.044352621123166666	 8.092793863025557	
6096	 0.04436870709931906	 8.097686329478604	
6097	 0.044438502919923115	 8.11892806376379	
6098	 0.0444609894751224	 8.125776386133577	
6099	 0.04448387473041905	 8.132748504602658	
6100	 0.044554466148026536	 8.154269631704494	
6101	 0.04501778123745644	 8.29608394776541	
6102	 0.04593895205911067	 8.580938724149279	
6103	 0.04608110935695231	 8.625240303970058	
6104	 0.046072207593748145	 8.622463500788198	
6105	 0.04606212808481671	 8.619319745066223	
6106	 0.04617631521078398	 8.654961042672477	
6107	 0.046758216103263	 8.837502514490062	
6108	 0.04687569947907319	 8.874541600539784	
6109	 0.047027297040833055	 8.922427416091729	
6110	 0.047231121093053545	 8.986972603712259	
6111	 0.04844632048306188	 9.375641449254614	
6112	 0.04846162529642757	 9.380578444502488	
6113	 0.04845030514227082	 9.3769267123354	
6114	 0.0484337404026177	 9.37158417125027	
6115	 0.0484320004523654	 9.371023064645485	
6116	 0.048446873101661486	 9.375819693735535	
6117	 0.04863816950417984	 9.437602842362265	
6118	 0.049568614665004014	 9.740418790624277	
6119	 0.05033051331407785	 9.991221647550104	
6120	 0.050504732206456474	 10.048929093510408	
6121	 0.050523349801283396	 10.055103758399838	
6122	 0.050548610583033234	 10.06348411164116	
6123	 0.050588366141702874	 10.07667881354286	
6124	 0.050644345063370025	 10.09526970357991	
6125	 0.05070729860420735	 10.116193272632925	
6126	 0.050818910930285316	 10.153331913065504	
6127	 0.050898183649955527	 10.179742707155738	
6128	 0.05098289908160317	 10.20799714242	
6129	 0.05106861289046719	 10.23661643042546	
6130	 0.05114741371053767	 10.262955785523058	
6131	 0.05123281908763132	 10.291533293747234	
6132	 0.051319586208676535	 10.320598996197353	
6133	 0.05142028458334718	 10.354372558344457	
6134	 0.051518996143537915	 10.387522581354746	
6135	 0.05161450226739383	 10.419636461736543	
6136	 0.051733642826559234	 10.45975297230841	
6137	 0.05184483121787732	 10.497247467763545	
6138	 0.05192691601439052	 10.524962191155744	
6139	 0.052005820873609304	 10.551630802104215	
6140	 0.052116986653874216	 10.589248893907675	
6141	 0.05221980625700488	 10.624090324295848	
6142	 0.05231909857220711	 10.657779935573494	
6143	 0.052414122230838356	 10.690061144251166	
6144	 0.05250493419201575	 10.72094804790519	
6145	 0.05259146491202309	 10.750411973591069	
6146	 0.052673701482378994	 10.778443700112561	
6147	 0.052751652286685095	 10.805041500133655	
6148	 0.05282545191738583	 10.830247025722906	
6149	 0.05289509719555106	 10.854055214475048	
6150	 0.05296068681786996	 10.876496097013474	
6151	 0.05301909656952306	 10.896496056673593	
6152	 0.05307354435033885	 10.915152639445358	
6153	 0.05311392153100461	 10.928996160738942	
6154	 0.053103770543118926	 10.925515182596145	
6155	 0.05307672857679429	 10.916244112711565	
6156	 0.05304334340407697	 10.90480268038346	
6157	 0.05307121455012193	 10.914354069800487	
6158	 0.05312626168689024	 10.933228446008753	
6159	 0.05317597965200527	 10.950286783506881	
6160	 0.05322015152132601	 10.965451166573024	
6161	 0.053223924401453605	 10.966746800815491	
6162	 0.053220682149692354	 10.965633384480162	
6163	 0.05321132486099483	 10.962420266963255	
6164	 0.05320400435059851	 10.959906803536976	
6165	 0.05320557589279609	 10.960446365856903	
6166	 0.05321821410781385	 10.964785868596783	
6167	 0.0532442576784829	 10.973730448945801	
6168	 0.05327988156307475	 10.985970081375411	
6169	 0.053310313108559965	 10.996430055037058	
6170	 0.05332338741971527	 11.000925198429668	
6171	 0.05332672407571365	 11.00207250828255	
6172	 0.05332815652589724	 11.002565071257001	
6173	 0.053320162948487335	 10.9998165088067	
6174	 0.053309320243094996	 10.996088723087603	
6175	 0.053296801088776796	 10.991785193093307	
6176	 0.05327198622680602	 10.983256935845155	
6177	 0.053227274643551446	 10.967897349436981	
6178	 0.053168089497182644	 10.947578944826574	
6179	 0.053091372583963826	 10.921264274484658	
6180	 0.05300174950116253	 10.890554749409992	
6181	 0.052945093595495055	 10.87115934042209	
6182	 0.05288011581794335	 10.848932075907827	
6183	 0.05286232559402839	 10.842849660897253	
6184	 0.05291301370323727	 10.860183341327682	
6185	 0.05312344314489031	 10.932261717011786	
6186	 0.0533112442489898	 10.99675017071528	
6187	 0.05335260802828137	 11.01097433630117	
6188	 0.053467107295546774	 11.050386660475736	
6189	 0.053992012609433766	 11.23178689812143	
6190	 0.05460301161298063	 11.444425295455568	
6191	 0.05479314427043588	 11.510919907602249	
6192	 0.05476449470860521	 11.500890510217937	
6193	 0.05472897628605955	 11.488461375463883	
6194	 0.05470698575811731	 11.480768817538534	
6195	 0.054716177800431566	 11.483984056622107	
6196	 0.054706235289484095	 11.48050633072308	
6197	 0.05469612305661874	 11.476969671098528	
6198	 0.05468953978500785	 11.474667467181575	
6199	 0.054685829089947735	 11.47336989946114	
6200	 0.05468498038935491	 11.473073131370162	
6201	 0.05468038672898288	 11.471466903442325	
6202	 0.054665059523936015	 11.466108214914799	
6203	 0.05461054594302443	 11.447057324979918	
6204	 0.054543603484458865	 11.423680246645558	
6205	 0.054536259906032857	 11.42111694800424	
6206	 0.05453038717079055	 11.419067217283727	
6207	 0.054524525429701105	 11.417021470543816	
6208	 0.05450925527310902	 11.411692876711399	
6209	 0.05449304982774619	 11.4060389977711	
6210	 0.05447008039490546	 11.398027167662159	
6211	 0.05444163097836497	 11.388107019368817	
6212	 0.054423367246087845	 11.381740381839565	
6213	 0.05442097526149414	 11.380906654522297	
6214	 0.054418071947770305	 11.379894736025685	
6215	 0.054416168260415856	 11.379231245990447	
6216	 0.05441713516005754	 11.379568236512837	
6217	 0.054421547119868574	 11.381105973796535	
6218	 0.054426631455591915	 11.38287816296125	
6219	 0.054429357732023	 11.383828475635246	
6220	 0.05442920563105828	 11.38377545615726	
6221	 0.05441934626200139	 11.380338879992506	
6222	 0.05439885673853253	 11.373198390729096	
6223	 0.05436759429661167	 11.362307051581924	
6224	 0.05431971085966717	 11.345633314876897	
6225	 0.05423916184636647	 11.317607031272876	
6226	 0.05414166250227377	 11.283720140129441	
6227	 0.054035562985870415	 11.246890368339947	
6228	 0.053925771401989064	 11.208829711750774	
6229	 0.05388071132665368	 11.19322400020364	
6230	 0.05382783745625152	 11.174923219041895	
6231	 0.05378192321503279	 11.159041033494205	
6232	 0.0537315194711601	 11.141616290357257	
6233	 0.05367936612314725	 11.123598170658767	
6234	 0.05363426432949797	 11.108025653588532	
6235	 0.05376643967416386	 11.153687162525586	
6236	 0.05376139436660788	 11.151942827142024	
6237	 0.05377295302862743	 11.155939213310072	
6238	 0.05374616087515802	 11.146676750324268	
6239	 0.05370038896360768	 11.130859811189936	
6240	 0.05364911575114095	 11.113152512976564	
6241	 0.05360534731659061	 11.098045926555145	
6242	 0.05357288470425121	 11.086846831355482	
6243	 0.05354976004213004	 11.078871942006835	
6244	 0.05354017779761824	 11.075568032785986	
6245	 0.053537203180679956	 11.074542480154726	
6246	 0.0535395858714782	 11.075363952587283	
6247	 0.05354120583219888	 11.075922475009923	
6248	 0.05352952568522095	 11.071895701212076	
6249	 0.05348549957548979	 11.05672280241658	
6250	 0.05341707054178658	 11.033156348148744	
6251	 0.053333461651457	 11.004389370980553	
6252	 0.053233099058615174	 10.969897699728195	
6253	 0.053187987752426016	 10.95440838257331	
6254	 0.053142855732871606	 10.938920715040085	
6255	 0.05309593366418147	 10.922828062424442	
6256	 0.053040405878121186	 10.903796190610878	
6257	 0.052978528359318336	 10.882603622483787	
6258	 0.052909871928795746	 10.859108634976343	
6259	 0.05283184826153377	 10.83243273925789	
6260	 0.05274110089296738	 10.801439696822676	
6261	 0.052658076749246635	 10.773115498716768	
6262	 0.0525809877799721	 10.74684276306239	
6263	 0.052521620320851496	 10.72662719892387	
6264	 0.052485180045209	 10.714226247253642	
6265	 0.052477151600901835	 10.711494867252602	
6266	 0.05249101659130798	 10.716212090156702	
6267	 0.05251390235412419	 10.724000226892466	
6268	 0.05253019088218507	 10.72954467101318	
6269	 0.052540345494740306	 10.73300177468711	
6270	 0.05254414610698652	 10.73429579490407	
6271	 0.05254220305277167	 10.733634222266758	
6272	 0.05251276531456503	 10.723613233355593	
6273	 0.05244459739632619	 10.700422363207542	
6274	 0.05233544651632045	 10.663330838340169	
6275	 0.05218546010599251	 10.612446702501432	
6276	 0.05204696028016271	 10.565545984235275	
6277	 0.05196587208405607	 10.538125360815217	
6278	 0.051915022071584126	 10.520944565683441	
6279	 0.051928489861348154	 10.525493862985659	
6280	 0.051883034306570396	 10.510142542055405	
6281	 0.05182847261974043	 10.491727721396042	
6282	 0.05176801519456835	 10.471338150968943	
6283	 0.05170951096068781	 10.451622411847461	
6284	 0.051660383250091146	 10.435078013301931	
6285	 0.05162665282150192	 10.423724921549965	
6286	 0.05161065559359295	 10.418342253548309	
6287	 0.05161639130234687	 10.420272048530137	
6288	 0.05159412705065548	 10.412781979478535	
6289	 0.05156786125178946	 10.403948492719437	
6290	 0.051535325667044295	 10.393010564026762	
6291	 0.05157889060695117	 10.407657425016719	
6292	 0.05170764788887845	 10.45099480682673	
6293	 0.051978885101909046	 10.542523896954709	
6294	 0.052229231853540226	 10.62728657047624	
6295	 0.05230272069461531	 10.652220028340187	
6296	 0.05232994558844171	 10.661462883235167	
6297	 0.05229344732558223	 10.649072450551932	
6298	 0.052228914478110615	 10.627178941322688	
6299	 0.0521704721163679	 10.607367254041465	
6300	 0.05207655565453931	 10.575560996057959	
6301	 0.0520182958915266	 10.555849634598404	
6302	 0.05195516258202995	 10.534505987903376	
6303	 0.05188427342216621	 10.51056089927595	
6304	 0.05181840177268872	 10.488330176377906	
6305	 0.0517591301076407	 10.468342948028907	
6306	 0.05170458123613514	 10.44996178948128	
6307	 0.05165569042971933	 10.433498193306432	
6308	 0.05161269339293184	 10.419027860365135	
6309	 0.05157894092021999	 10.407674345486503	
6310	 0.05154710874442322	 10.396971309369757	
6311	 0.051512969548688246	 10.385497472374038	
6312	 0.051481663607387776	 10.374980318169307	
6313	 0.051461780832929495	 10.368302962201136	
6314	 0.051452037050555115	 10.365031274948903	
6315	 0.051452558385734544	 10.3652063141375	
6316	 0.05145166021924895	 10.364904753921998	
6317	 0.05145054676797171	 10.364530916513681	
6318	 0.051451833815191354	 10.364963038644158	
6319	 0.05145637726246322	 10.36648854465971	
6320	 0.0514542925000681	 10.365788554533145	
6321	 0.05142937674047391	 10.357424179306218	
6322	 0.051386697618965194	 10.343102809456536	
6323	 0.051324888328905915	 10.322376191002602	
6324	 0.05123332201718352	 10.291701673224155	
6325	 0.05116593180492576	 10.269149429390001	
6326	 0.051094625372317966	 10.245308168609903	
6327	 0.051013998188234655	 10.218377228753857	
6328	 0.05113361328985447	 10.258341007755659	
6329	 0.05111407096669913	 10.251807592579404	
6330	 0.051165207092162414	 10.268907010647013	
6331	 0.05117380409932913	 10.271782884591925	
6332	 0.05116544905098105	 10.268987946393093	
6333	 0.0512656893120389	 10.302540474819974	
6334	 0.051316368514748835	 10.319520530932918	
6335	 0.0513064760118784	 10.316205171414907	
6336	 0.051298021014649274	 10.31337191326603	
6337	 0.05128041312359793	 10.30747253199274	
6338	 0.051266897630399696	 10.30294519146347	
6339	 0.05133278389723323	 10.32502289933254	
6340	 0.05131724562767053	 10.319814505891097	
6341	 0.05130506367518225	 10.315731877639623	
6342	 0.05128841664320997	 10.310153879030857	
6343	 0.051290155200287485	 10.310736369019347	
6344	 0.05131543418413281	 10.319207382460137	
6345	 0.051317204881009416	 10.319800849082748	
6346	 0.05129198442660989	 10.31134925124182	
6347	 0.05124127351838608	 10.294363961117849	
6348	 0.05114056715328505	 10.2606662341403	
6349	 0.051133633646392236	 10.25834781424818	
6350	 0.05104786888051075	 10.229687199731737	
6351	 0.05095898651245565	 10.200018608554803	
6352	 0.05114094005706153	 10.26079093131324	
6353	 0.05126555115325854	 10.302494200038305	
6354	 0.051477847517081565	 10.373698603451707	
6355	 0.05172132563206656	 10.455602720502782	
6356	 0.05253991095491763	 10.732853827943005	
6357	 0.05255853683784643	 10.73919607004389	
6358	 0.0525562549648836	 10.738418995947548	
6359	 0.05310354308953327	 10.925437189262526	
6360	 0.053536084779668106	 11.074156901138872	
6361	 0.05368160098066335	 11.124370037758096	
6362	 0.054705289911417924	 11.480175675046238	
6363	 0.05560153999121626	 11.795355319346008	
6364	 0.055544875183576654	 11.775327263160676	
6365	 0.056083710896251436	 11.966327846191398	
6366	 0.05615672103872526	 11.99230218424474	
6367	 0.05630317595600908	 12.044473380871379	
6368	 0.05633231688175869	 12.054864969169818	
6369	 0.05640458574417727	 12.080651347938195	
6370	 0.05645313793087789	 12.09798771374627	
6371	 0.05647241301321825	 12.104872959828034	
6372	 0.0567027076743502	 12.187257589538932	
6373	 0.05670839397813693	 12.189294610589739	
6374	 0.05679566245112467	 12.22057412739561	
6375	 0.0568825836808282	 12.251761049001857	
6376	 0.056894253755483994	 12.25595063670231	
6377	 0.0569085274918961	 12.261075724812267	
6378	 0.05692888177371939	 12.26838555910002	
6379	 0.05695609673882854	 12.278161993494798	
6380	 0.05699361918847794	 12.291646294115564	
6381	 0.057049093888655984	 12.311592872141011	
6382	 0.057116402585822526	 12.335811870163633	
6383	 0.05718539994268416	 12.360658238223921	
6384	 0.05725174128701995	 12.38456701417663	
6385	 0.05731310939781821	 12.406699936407541	
6386	 0.05737126708053946	 12.427689577283411	
6387	 0.057428402746011555	 12.448324180644626	
6388	 0.057485285488245136	 12.46888104057656	
6389	 0.05754133810095363	 12.489151169829306	
6390	 0.05759514516677796	 12.508621636452837	
6391	 0.057642946966733104	 12.525929230500545	
6392	 0.05767899738848275	 12.538988335051762	
6393	 0.057683208805537754	 12.540514257164807	
6394	 0.05765964626288384	 12.53197779936454	
6395	 0.05763406017914985	 12.522710867640955	
6396	 0.05759496542044719	 12.508556573778526	
6397	 0.05758918458981441	 12.506464162077771	
6398	 0.05759612566732304	 12.50897655004539	
6399	 0.05775119523650937	 12.565158046862313	
6400	 0.058140987126003026	 12.706823446263206	
6401	 0.058578306961253095	 12.866517641962586	
6402	 0.058987308573045544	 13.016592100807735	
6403	 0.05934023701676785	 13.146650629096243	
6404	 0.0598214493020172	 13.324815721520109	
6405	 0.06005425004883398	 13.411352387219877	
6406	 0.06007771892674179	 13.42008866568221	
6407	 0.06004497914666053	 13.407901925410298	
6408	 0.05999431538180455	 13.389052064096129	
6409	 0.059942229761994724	 13.3696842502128	
6410	 0.05989262191685174	 13.351248214749376	
6411	 0.05984433236177605	 13.333311877859531	
6412	 0.05981265217393703	 13.32155004881601	
6413	 0.059782991910408936	 13.310541916047194	
6414	 0.059756059166899016	 13.300549230750955	
6415	 0.059733156266428056	 13.292054074496399	
6416	 0.0597054133687022	 13.281766571793037	
6417	 0.05964826000977009	 13.260583251703396	
6418	 0.05957202945988039	 13.232350216228504	
6419	 0.05948034064364649	 13.198423892652324	
6420	 0.05937954196690684	 13.16116698856355	
6421	 0.05933497634884219	 13.144708211297699	
6422	 0.05929425421821621	 13.129676097794073	
6423	 0.05925894320532485	 13.116647007268574	
6424	 0.05920222559739967	 13.095730123112437	
6425	 0.059143753478757576	 13.074180174248573	
6426	 0.05908586519310972	 13.052859384370548	
6427	 0.05903072633635555	 13.03256417959448	
6428	 0.059003809008943836	 13.022661187949717	
6429	 0.05899453594370053	 13.019250287802654	
6430	 0.059004135537423036	 13.02278130103135	
6431	 0.059006521082703774	 13.023658834243314	
6432	 0.05899295695341704	 13.018669525365139	
6433	 0.05896592179335356	 13.00872743327925	
6434	 0.058927530723996036	 12.994614463499653	
6435	 0.058887677365357494	 12.979970423430743	
6436	 0.058850369430768414	 12.966267680735314	
6437	 0.058814706012125795	 12.953174361148319	
6438	 0.05877697100851991	 12.939326250337073	
6439	 0.058735568134349866	 12.924138910576024	
6440	 0.05868611148572858	 12.906006649953996	
6441	 0.05861021164508619	 12.878199346928136	
6442	 0.05853419858130575	 12.850374612744256	
6443	 0.058513624495471116	 12.842847567602467	
6444	 0.058648676928468695	 12.892288812821619	
6445	 0.058751175157682016	 12.929863017480836	
6446	 0.058845807584477286	 12.96459256828976	
6447	 0.058906756782587416	 12.986980294522674	
6448	 0.05884819524855094	 12.965469309042147	
6449	 0.05876646837153082	 12.935473013553834	
6450	 0.05868601511809055	 12.905971328686748	
6451	 0.05861383545803164	 12.879526452052177	
6452	 0.058555175920941005	 12.858051004783833	
6453	 0.05850305297422003	 12.83898065453539	
6454	 0.05845810967804736	 12.822546231973853	
6455	 0.058425178263433006	 12.81050954188924	
6456	 0.05839787418723711	 12.800533117103896	
6457	 0.058349363984292066	 12.78281601945074	
6458	 0.05829831844454732	 12.764183555621331	
6459	 0.058250746698904614	 12.746828872238325	
6460	 0.05823819530486732	 12.742251563804622	
6461	 0.058207240861194505	 12.730965745265893	
6462	 0.058175409860128056	 12.719364510766455	
6463	 0.058156454127209954	 12.712457850112116	
6464	 0.05817992651527607	 12.721010408637353	
6465	 0.05817641900016322	 12.719732240425145	
6466	 0.05817880016356089	 12.720599950933519	
6467	 0.058792743164927934	 12.945113645402857	
6468	 0.059565142875887385	 13.229800860416054	
6469	 0.059848205965903546	 13.334750306647289	
6470	 0.06023880084298466	 13.480112722681639	
6471	 0.06082337221893733	 13.698840812839128	
6472	 0.06146732931450667	 13.94141645571027	
6473	 0.0626902963085213	 14.406778031276737	
6474	 0.06463708612096594	 15.160119009627545	
6475	 0.06603332116307468	 15.709832767995044	
6476	 0.06657932847244344	 15.926927806790511	
6477	 0.06701798846757875	 16.102203392369027	
6478	 0.06736075812356215	 16.239697599537706	
6479	 0.06748303914128764	 16.288860944908084	
6480	 0.06745333748847036	 16.276913866174244	
6481	 0.06740305893474453	 16.25669800617965	
6482	 0.06738863649967396	 16.250900928817078	
6483	 0.06740919519692457	 16.25916471886502	
6484	 0.06745986299010519	 16.279538358331262	
6485	 0.06753585061047589	 16.310112286324728	
6486	 0.0676334038338326	 16.34939685365651	
6487	 0.06775041575357486	 16.39656726689422	
6488	 0.06788043383015437	 16.44904452356332	
6489	 0.06801963898588313	 16.50530414986651	
6490	 0.06816248318119585	 16.56311433907476	
6491	 0.06829676317794067	 16.617532229096952	
6492	 0.06840743210206739	 16.66243522512674	
6493	 0.06852849380165353	 16.71161049693341	
6494	 0.06862452494933757	 16.750659573829704	
6495	 0.06869248879344739	 16.778317688811615	
6496	 0.06873978842422804	 16.79757720280862	
6497	 0.0687744213161357	 16.811684664767192	
6498	 0.06880927357113993	 16.825886264699232	
6499	 0.06887231384989526	 16.85158610617221	
6500	 0.06894859090724188	 16.882703202881178	
6501	 0.06902898929649193	 16.9155264421376	
6502	 0.06910292837104487	 16.945735124299212	
6503	 0.06916719506432184	 16.972009551974402	
6504	 0.06922239828102243	 16.99459151806641	
6505	 0.06926358368926151	 17.011447044855426	
6506	 0.06930352863490659	 17.027801284503294	
6507	 0.06933971341668266	 17.042621465473047	
6508	 0.06936301222876723	 17.052166676222605	
6509	 0.06936683989091948	 17.053735022509134	
6510	 0.06935911505355341	 17.050569906931877	
6511	 0.06933906663276761	 17.042356517277707	
6512	 0.06930088514130861	 17.02671879245111	
6513	 0.06922615340465563	 16.996128061819718	
6514	 0.06910958123595323	 16.948454287994668	
6515	 0.06897422387204158	 16.893165281878208	
6516	 0.06882740130405747	 16.833274851077295	
6517	 0.06873640751572734	 16.79620026761142	
6518	 0.06864116315727976	 16.75742886126009	
6519	 0.06853816163570015	 16.715540070983323	
6520	 0.06843130164847311	 16.672126448640125	
6521	 0.06831787396670556	 16.626094014961122	
6522	 0.06819977744889738	 16.578220935396647	
6523	 0.06808332002175291	 16.531066387018694	
6524	 0.06799070555593313	 16.49360440763015	
6525	 0.06790956690527541	 16.46081226908727	
6526	 0.06782902144920458	 16.428285693869494	
6527	 0.06774121008662795	 16.392854263829808	
6528	 0.0676473911738798	 16.355032637279944	
6529	 0.06755120874638795	 16.316294482063523	
6530	 0.06745876669476414	 16.27909742736909	
6531	 0.06736685807981035	 16.24214869118688	
6532	 0.06727851289676608	 16.2066641740931	
6533	 0.06718435016960601	 16.168877180819788	
6534	 0.06708563058574034	 16.12929943956209	
6535	 0.0669847780862682	 16.088906664393722	
6536	 0.06687828712258706	 16.046299594327156	
6537	 0.06674650035085265	 15.993634253133669	
6538	 0.06658653994772273	 15.929803093449827	
6539	 0.06641250032346596	 15.860469741949856	
6540	 0.06622177335711942	 15.784627530140265	
6541	 0.06607174800533346	 15.725072456771166	
6542	 0.06591149226906484	 15.661555770729715	
6543	 0.06573415138435758	 15.591387369252542	
6544	 0.06555410015872944	 15.520275563319402	
6545	 0.06538232648490883	 15.45255425920333	
6546	 0.06522456733509914	 15.390462540577753	
6547	 0.06508860209223118	 15.337028850122357	
6548	 0.06498483195859857	 15.296297714725364	
6549	 0.06489542512321318	 15.26123911588727	
6550	 0.06482127581095948	 15.232187778390893	
6551	 0.06474194836243252	 15.201132192689947	
6552	 0.06465793312507274	 15.168269053153898	
6553	 0.06457038258365666	 15.134053331998663	
6554	 0.06447979745728442	 15.098684202078191	
6555	 0.0643863795188697	 15.062243675276676	
6556	 0.06429086209655674	 15.025020607774636	
6557	 0.06419415858390543	 14.987372861213911	
6558	 0.06409624416836186	 14.949292199579213	
6559	 0.06399704960352948	 14.910753190646034	
6560	 0.06389111267592412	 14.869638596590235	
6561	 0.06375557099817841	 14.817100507069199	
6562	 0.06359270820894544	 14.75407074865304	
6563	 0.06340098732544552	 14.680010373813282	
6564	 0.0631822195409976	 14.59568418684988	
6565	 0.06301405504605602	 14.53099569171289	
6566	 0.06285193968790227	 14.468742997063417	
6567	 0.06269369234225237	 14.408078785154425	
6568	 0.06255148990087152	 14.353652403294705	
6569	 0.06241302290122472	 14.300734924773606	
6570	 0.0622680050071777	 14.245397760331768	
6571	 0.06215218654931598	 14.201264424568608	
6572	 0.062053485474395285	 14.163697015998197	
6573	 0.06195565124094536	 14.126498834777038	
6574	 0.061866872737893576	 14.092777662987572	
6575	 0.061806622990988706	 14.06991107356061	
6576	 0.061757629620382413	 14.051327568633257	
6577	 0.06170442513313864	 14.031157888728407	
6578	 0.061647028532287526	 14.009411986505595	
6579	 0.06157490230332446	 13.982104589329714	
6580	 0.06149466282071528	 13.951750516626864	
6581	 0.06141669353682099	 13.922280528580274	
6582	 0.06135252887204896	 13.898046961685646	
6583	 0.06128614010876445	 13.872991180984869	
6584	 0.061217298619111404	 13.847028819808564	
6585	 0.06109746672948715	 13.801882738110955	
6586	 0.06097588146823795	 13.756136375600262	
6587	 0.06081761210978293	 13.69667869640861	
6588	 0.060632672737497464	 13.627332371998824	
6589	 0.06052159040944592	 13.585747774097493	
6590	 0.06039076603072125	 13.536837788818696	
6591	 0.06025520104910573	 13.486229950736915	
6592	 0.060115776642666305	 13.434260468755989	
6593	 0.060200221041727515	 13.46572694942507	
6594	 0.060667082855267014	 13.640224398456054	
6595	 0.06048638623958456	 13.572579409197997	
6596	 0.06032376917878154	 13.511817680680542	
6597	 0.060192277712505425	 13.462765775420188	
6598	 0.06008089192046589	 13.421269985687928	
6599	 0.05998598626723291	 13.385954165373867	
6600	 0.05990015695533504	 13.35404784695531	
6601	 0.0598378415334979	 13.330901705071554	
6602	 0.0598031597910043	 13.318026642531303	
6603	 0.05973787825838886	 13.29380538064634	
6604	 0.05966122571274617	 13.265387673521147	
6605	 0.05959029794010655	 13.239114006772766	
6606	 0.05952468497534045	 13.214827652145557	
6607	 0.05946122143731876	 13.191353871746434	
6608	 0.05939303673067361	 13.16615243999629	
6609	 0.05928605737592691	 13.126651158126457	
6610	 0.05914569379555276	 13.074895051906736	
6611	 0.05899017033882928	 13.01764461648706	
6612	 0.05883070418472853	 12.959047209452534	
6613	 0.05877961953658718	 12.940298022186383	
6614	 0.058749331115203286	 12.92918663477799	
6615	 0.058712603282101365	 12.915718054568847	
6616	 0.05861902535441821	 12.8814271802139	
6617	 0.05851393106363653	 12.842959712854318	
6618	 0.05840356056969979	 12.802610564002217	
6619	 0.05829586120970737	 12.763286898659189	
6620	 0.05820376686708139	 12.729699395938967	
6621	 0.05812898494615473	 12.702451914999374	
6622	 0.05805878510468597	 12.676895212563522	
6623	 0.057992917215215205	 12.652934310375386	
6624	 0.05792440203294163	 12.628029641170592	
6625	 0.05788327448295437	 12.613089564865845	
6626	 0.05783809109049599	 12.596684311346081	
6627	 0.05775437082567287	 12.566309610650407	
6628	 0.0577048182802783	 12.548345183197165	
6629	 0.0576498277302914	 12.528421336105088	
6630	 0.057592241118107484	 12.507570476226578	
6631	 0.05753149531488603	 12.485590800945978	
6632	 0.05743228453474083	 12.449726589294071	
6633	 0.05727697550641001	 12.393666032721526	
6634	 0.057094958261017084	 12.328093712248505	
6635	 0.05689852238107102	 12.25748322770508	
6636	 0.05666279252579554	 12.172962503722134	
6637	 0.056478204897573284	 12.106942183171073	
6638	 0.05629842223402555	 12.042778554439556	
6639	 0.05611579857732288	 11.977740694626256	
6640	 0.05596973518629058	 11.92582450526483	
6641	 0.0558175265069564	 11.871820080262845	
6642	 0.05565266915823513	 11.813438497506569	
6643	 0.055495649534081724	 11.757939613999861	
6644	 0.05536383512668002	 11.711430309807684	
6645	 0.05528430714832464	 11.683405386553018	
6646	 0.0552224422950664	 11.661623360917815	
6647	 0.055136080547076284	 11.631243409160824	
6648	 0.05500537654505213	 11.585325248028836	
6649	 0.05484518886604899	 11.529148186472002	
6650	 0.054705562407527906	 11.48027098296535	
6651	 0.05458710821325668	 11.438870424818843	
6652	 0.05447568760321117	 11.39998277659893	
6653	 0.05445492741592312	 11.392742980800769	
6654	 0.05449670281768042	 11.407313382817001	
6655	 0.05459083808551856	 11.440173128535756	
6656	 0.05459076685469057	 11.440148249738066	
6657	 0.054444677505446355	 11.389169160692445	
6658	 0.05424593677369775	 11.319963236489341	
6659	 0.05401599555940978	 11.240103290761459	
6660	 0.05371554662645706	 11.136096697343456	
6661	 0.05350149483286776	 11.062234350959946	
6662	 0.05336970145348592	 11.016854566371629	
6663	 0.05352739922801125	 11.07116266026019	
6664	 0.05344547194762275	 11.04293514111667	
6665	 0.05331652923163402	 10.998567159328713	
6666	 0.05313431958709598	 10.935992406022423	
6667	 0.052971393791224265	 10.880161148976676	
6668	 0.052813899622404514	 10.826299904172222	
6669	 0.05271871311259806	 10.793799038412097	
6670	 0.05260493027708765	 10.754999871906264	
6671	 0.05249924689820489	 10.719012643139001	
6672	 0.052401168756213	 10.685658322318801	
6673	 0.052307867249208106	 10.653967038480396	
6674	 0.05221883217648494	 10.623760032789546	
6675	 0.05212972782374385	 10.593563879034066	
6676	 0.05205808893119199	 10.569311450834277	
6677	 0.05198447336806974	 10.544413014709088	
6678	 0.051910162812679586	 10.519303345203138	
6679	 0.051833048987052016	 10.49327177014411	
6680	 0.05173542749268868	 10.46035436631066	
6681	 0.051591023885271106	 10.411738193469821	
6682	 0.051409042493149454	 10.350599847901151	
6683	 0.05121389402212391	 10.285198033060768	
6684	 0.05100083438980798	 10.213982974479821	
6685	 0.05085062737869718	 10.163895389356204	
6686	 0.05069598639336277	 10.112432209815427	
6687	 0.050536931703390985	 10.059609255120543	
6688	 0.050387403198610146	 10.01005096666544	
6689	 0.05024099480900172	 9.96162168261505	
6690	 0.05009407048230326	 9.913116227969327	
6691	 0.049946451893277975	 9.864476993764713	
6692	 0.04980385751435383	 9.817584108638645	
6693	 0.04969521138473767	 9.781915294989888	
6694	 0.049602150145532826	 9.751404346906137	
6695	 0.04951472399635058	 9.722775656518023	
6696	 0.0494315305171769	 9.695564274779516	
6697	 0.04935151800705441	 9.6694221280696	
6698	 0.049272144695783615	 9.643516727058314	
6699	 0.04919163463045972	 9.617268725150216	
6700	 0.04912271992782793	 9.59482379559334	
6701	 0.04905719467964299	 9.5735022419539	
6702	 0.04899300719299396	 9.552634388813095	
6703	 0.04892908578716945	 9.531871146013305	
6704	 0.04885814378918488	 9.508848605360763	
6705	 0.048745450523093675	 9.472322483389606	
6706	 0.048589715649979985	 9.421938314955447	
6707	 0.048428891369911096	 9.370020467888931	
6708	 0.048267933157520704	 9.31817434117651	
6709	 0.04817475060800306	 9.288211993090576	
6710	 0.0480846460466751	 9.259276075032313	
6711	 0.0480080386400381	 9.23470300708068	
6712	 0.0479149761369593	 9.204886849567407	
6713	 0.04782539727296827	 9.176223252226341	
6714	 0.047735825667917176	 9.147597742977164	
6715	 0.04765022401477255	 9.120274402475156	
6716	 0.04757400733611041	 9.095974189902744	
6717	 0.0475481016104504	 9.087720556895158	
6718	 0.04751911197505842	 9.078487935893323	
6719	 0.04744243833505297	 9.054087007623808	
6720	 0.04731990605300802	 9.015146395641434	
6721	 0.047216397169231976	 8.982303727690073	
6722	 0.047144373760433206	 8.959479483957361	
6723	 0.047084088366019815	 8.9403928835197	
6724	 0.047022016019885995	 8.920757543300352	
6725	 0.046957833577220394	 8.900472879644271	
6726	 0.0468945354804993	 8.880485805785966	
6727	 0.046833324640504756	 8.861174904361844	
6728	 0.04676801373371913	 8.840589053377373	
6729	 0.04667818075598719	 8.812305198046152	
6730	 0.04655911126811434	 8.774872140066051	
6731	 0.04641789283785398	 8.73055856508604	
6732	 0.04622927408277351	 8.67151109208377	
6733	 0.04613475997286866	 8.641983572003793	
6734	 0.046054905832123044	 8.61706743735847	
6735	 0.04597904353853433	 8.593423503068193	
6736	 0.0461446721658591	 8.645078387559076	
6737	 0.04650689385263165	 8.758476143122463	
6738	 0.04685551301066146	 8.868172986709597	
6739	 0.04702092066430616	 8.920411204623816	
6740	 0.04702658488141504	 8.922202222107217	
6741	 0.046981918472840965	 8.908082671657025	
6742	 0.04697470533140745	 8.905803356058206	
6743	 0.04699732178332715	 8.912950819610634	
6744	 0.04712406726771299	 8.953048547543167	
6745	 0.047278753272953555	 9.00208315550955	
6746	 0.04740072305549457	 9.040822404828985	
6747	 0.047571424036196235	 9.095151009159553	
6748	 0.04750709754558462	 9.07466267991333	
6749	 0.04744895637043752	 9.056160311757216	
6750	 0.04740420667451043	 9.041929826486998	
6751	 0.04738304374733497	 9.035203094875726	
6752	 0.04745778906848111	 9.058970183632406	
6753	 0.04745449510140157	 9.057922260844625	
6754	 0.047403179971312895	 9.041603438039838	
6755	 0.047371292501142984	 9.031468773129243	
6756	 0.047347868611009473	 9.024026950238692	
6757	 0.04740397863178197	 9.0418573314074	
6758	 0.047496827735294754	 9.071393401799696	
6759	 0.04750932104959893	 9.075370569356247	
6760	 0.04750732651291477	 9.074735574446683	
6761	 0.047476493939278296	 9.06492175768562	
6762	 0.04746571072102822	 9.061490528848706	
6763	 0.047449235380138836	 9.056249065431674	
6764	 0.04743514760212171	 9.051768143222011	
6765	 0.04743120345286333	 9.050513780268998	
6766	 0.04743239491247	 9.050892694397778	
6767	 0.04741011303806231	 9.043807548124343	
6768	 0.04739608199417505	 9.039347123475268	
6769	 0.047386840311678134	 9.036409702533598	
6770	 0.04738068415359703	 9.034453211476313	
6771	 0.04737642064059626	 9.033098322029764	
6772	 0.04736827280125429	 9.030509269869276	
6773	 0.04736175740185165	 9.028439154384364	
6774	 0.04735685955748288	 9.026883104103565	
6775	 0.0473524912183431	 9.025495368702158	
6776	 0.04734984576726745	 9.02465500243432	
6777	 0.047335549703495246	 9.020114190088277	
6778	 0.047293507531486076	 9.006765769044312	
6779	 0.047240253367466394	 8.98986888577983	
6780	 0.04716758601170146	 8.96683291777867	
6781	 0.047164689928250375	 8.965915332662757	
6782	 0.04715279680918113	 8.962147551594615	
6783	 0.047138708551708104	 8.957685162806287	
6784	 0.04730534170021463	 9.010522326816275	
6785	 0.04732725325148055	 9.01747943415086	
6786	 0.0473054347102618	 9.010551853772633	
6787	 0.047282892412277455	 9.003396711147198	
6788	 0.04725685647855369	 8.99513548459417	
6789	 0.0472391672175122	 8.989524395994524	
6790	 0.04723012909604651	 8.986658016377172	
6791	 0.047211961794942726	 8.980897484876639	
6792	 0.047213523356604725	 8.981392570560034	
6793	 0.04724043621969961	 8.989926880801935	
6794	 0.047238407756730515	 8.989283524028876	
6795	 0.04726043001171888	 8.996269190459481	
6796	 0.04725254030309989	 8.99376625115177	
6797	 0.047245500143402515	 8.99153305883137	
6798	 0.04723825967291746	 8.989236557797616	
6799	 0.04723315988295676	 8.987619169374126	
6800	 0.04722986779659068	 8.986575152445333	
6801	 0.0472010683481163	 8.977444073184527	
6802	 0.04714797369619378	 8.960619753338738	
6803	 0.0470981324163485	 8.944837832097642	
6804	 0.04701557963594347	 8.918722510718558	
6805	 0.047012458841893305	 8.917735856205494	
6806	 0.04699290264596672	 8.911554062025315	
6807	 0.04696932810178485	 8.904104330948883	
6808	 0.04695875564364825	 8.90076416512054	
6809	 0.04695776521562454	 8.900451284020129	
6810	 0.046956475424462824	 8.900043839222176	
6811	 0.046966522222866944	 8.90321781833409	
6812	 0.04698874048777925	 8.910238607969303	
6813	 0.047057963481741814	 8.93212669649502	
6814	 0.04715481460990671	 8.962786753190546	
6815	 0.04717735908860839	 8.969929663076167	
6816	 0.04715737937155739	 8.963599248114589	
6817	 0.04714277232061875	 8.958972251119347	
6818	 0.04712343990885199	 8.95284989641719	
6819	 0.04710324437353324	 8.946455988345228	
6820	 0.04709075423296885	 8.942502523380378	
6821	 0.04707853625656401	 8.938635882004803	
6822	 0.047068130440276884	 8.935343265131856	
6823	 0.04706184563228903	 8.933354856106488	
6824	 0.047052829343005545	 8.930502560837333	
6825	 0.04702937446050853	 8.923084335950616	
6826	 0.04700255555118794	 8.914605170872461	
6827	 0.04695107132337823	 8.898336765774697	
6828	 0.04684284740805141	 8.864178058939062	
6829	 0.046827176376550775	 8.859236168836734	
6830	 0.04680090113870665	 8.850952695628871	
6831	 0.046766950498542695	 8.840254082483083	
6832	 0.04671725361550386	 8.82460280770234	
6833	 0.04666070523930146	 8.806807255718502	
6834	 0.046603008668060976	 8.788665183874626	
6835	 0.04653460823314493	 8.767176787057766	
6836	 0.0464670663815666	 8.745978771205223	
6837	 0.04641802488487532	 8.730599958798528	
6838	 0.04637792848217742	 8.718034263824292	
6839	 0.046343500590077955	 8.70725078420464	
6840	 0.046318613225356	 8.699458906519032	
6841	 0.04630447219864676	 8.695032796706247	
6842	 0.0462992936055247	 8.693412134011941	
6843	 0.04630341507234334	 8.694701954727313	
6844	 0.046322464374663454	 8.700664463757326	
6845	 0.046338245823118344	 8.705605359503027	
6846	 0.046336632091167715	 8.70510007672894	
6847	 0.04633482283304055	 8.70453358583532	
6848	 0.046326490761443184	 8.701924948486326	
6849	 0.046293569205629784	 8.69162079939121	
6850	 0.04623894726687511	 8.6745354013659	
6851	 0.046173552012756046	 8.654097869487282	
6852	 0.04608450856610218	 8.626300742729644	
6853	 0.04611345690467403	 8.635333762207688	
6854	 0.04613112734622481	 8.64084949306375	
6855	 0.04614427512565581	 8.644954413917235	
6856	 0.0461569238158792	 8.648904248102438	
6857	 0.04620073907459909	 8.662592114148397	
6858	 0.0462076127413415	 8.664740230008377	
6859	 0.046499097439826095	 8.756029162539422	
6860	 0.04645326048492323	 8.741648316339717	
6861	 0.04645527333557334	 8.742279627843478	
6862	 0.04644405554373379	 8.738761506287373	
6863	 0.046430621963079996	 8.734549214838076	
6864	 0.04641823322008018	 8.730665267266403	
6865	 0.04640601452709713	 8.726835308270944	
6866	 0.04639387680290511	 8.723031394565803	
6867	 0.046366398261021284	 8.71442218167457	
6868	 0.04645898582860131	 8.743444063884064	
6869	 0.046517917219327604	 8.761936401525773	
6870	 0.04650507562483795	 8.757905450052357	
6871	 0.04648101708260052	 8.750355517816525	
6872	 0.046461266608625346	 8.744159469043252	
6873	 0.04640627152019261	 8.726915856039822	
6874	 0.04632563093647353	 8.701655768947004	
6875	 0.04622686583726257	 8.67075822262866	
6876	 0.04610713601255534	 8.633361072715294	
6877	 0.046084459640605965	 8.626285479252894	
6878	 0.04609156035583617	 8.628500829903263	
6879	 0.046096557322499565	 8.630059968886163	
6880	 0.04610087113110374	 8.631406041507143	
6881	 0.046104240610247746	 8.632457505773838	
6882	 0.04610593866474604	 8.632987412316927	
6883	 0.04610554960396694	 8.632865998190448	
6884	 0.04606304387853951	 8.619605358271606	
6885	 0.046019787229743356	 8.606118823109625	
6886	 0.04598979865309984	 8.596773959179307	
6887	 0.045969041439698224	 8.590308096864224	
6888	 0.04593123331652672	 8.578535885000244	
6889	 0.04586901667660135	 8.559177719375816	
6890	 0.04580774129341348	 8.540129519498874	
6891	 0.04576265718427007	 8.52612541623589	
6892	 0.045725459502831245	 8.514577931246022	
6893	 0.04569693032571434	 8.505725700959106	
6894	 0.045676820881242176	 8.499488216804112	
6895	 0.045662687543589	 8.49510547794881	
6896	 0.04564268556606619	 8.488904423124806	
6897	 0.04559180516498378	 8.473138540011167	
6898	 0.04552133334847043	 8.451321397208952	
6899	 0.045467612888653246	 8.434705369062991	
6900	 0.045376917845221965	 8.406682593994306	
6901	 0.04533090565522962	 8.392480104467987	
6902	 0.04528631563125885	 8.378725758558693	
6903	 0.04523673984640395	 8.36344408881435	
6904	 0.045209455925143735	 8.35503861752354	
6905	 0.046062665757857224	 8.619487431409254	
6906	 0.04646751545250315	 8.746119644366798	
6907	 0.04684036859419955	 8.863396286801265	
6908	 0.04721681506447334	 8.982436226612885	
6909	 0.048175486126008214	 9.288448343801209	
6910	 0.04901725561354522	 9.56051559888366	
6911	 0.049363670485286615	 9.67339083702221	
6912	 0.049402613519406155	 9.686113089358992	
6913	 0.04936605569264115	 9.674169865214457	
6914	 0.04936027768363864	 9.672282763543171	
6915	 0.04952621615496416	 9.726536972857456	
6916	 0.04965474291664389	 9.768642665947931	
6917	 0.04994438820975763	 9.863797703662875	
6918	 0.050391853367027235	 10.011524473972726	
6919	 0.05080253869357705	 10.147880697558612	
6920	 0.05093835228097556	 10.193135912275238	
6921	 0.050945829954066976	 10.195629929204864	
6922	 0.050941002603303226	 10.19401984232717	
6923	 0.050930199782092955	 10.190417099825948	
6924	 0.050884807824399435	 10.175284442803035	
6925	 0.05090238507107927	 10.181143233977929	
6926	 0.051043926686845736	 10.22837058029039	
6927	 0.05107206060646147	 10.237768271005443	
6928	 0.051418116727266046	 10.35364500908225	
6929	 0.051792149764315024	 10.47947575328847	
6930	 0.05186846857346403	 10.5052252761733	
6931	 0.051905854557473693	 10.517848312534928	
6932	 0.05195277779647412	 10.533700095794186	
6933	 0.05201146508677467	 10.553539492548097	
6934	 0.05207924061761365	 10.576469769638235	
6935	 0.05215134803775606	 10.600887492308129	
6936	 0.052225795648929256	 10.62612129932526	
6937	 0.052301258037286476	 10.651723546759893	
6938	 0.05237548124710808	 10.676929411068963	
6939	 0.052449436316506934	 10.70206791186768	
6940	 0.05252831636732407	 10.7289065474452	
6941	 0.0526059728594143	 10.755355131600467	
6942	 0.052683805609200864	 10.781889876684884	
6943	 0.05275876612138109	 10.807470136045486	
6944	 0.05282885768036638	 10.83141079702805	
6945	 0.05288573516115246	 10.850853593138353	
6946	 0.05289955122619247	 10.855578533081214	
6947	 0.05288707760497519	 10.851312657842834	
6948	 0.05291776361872643	 10.861808225044314	
6949	 0.05294492704003297	 10.87110234272423	
6950	 0.05296926448646367	 10.879432237676568	
6951	 0.05299349437986702	 10.887727855842487	
6952	 0.05303347357356115	 10.901421110026718	
6953	 0.05307638910416201	 10.916127747896502	
6954	 0.05311763493479248	 10.930269672477307	
6955	 0.05315180740187508	 10.941991905393898	
6956	 0.053189581767645815	 10.954955550861369	
6957	 0.05322776814601887	 10.96806683338322	
6958	 0.05326727609163866	 10.981638477323202	
6959	 0.053304462237044214	 10.99441867606697	
6960	 0.05333806489800537	 11.00597241013297	
6961	 0.053368790421265064	 11.016541134714736	
6962	 0.05339695683792541	 11.026233162284923	
6963	 0.053424025805312754	 11.035550771246216	
6964	 0.053443481687695735	 11.04224976847833	
6965	 0.0534593918026483	 11.047729105111832	
6966	 0.053472894509405136	 11.052380199474227	
6967	 0.053483276493653906	 11.055956873355724	
6968	 0.05349294847051302	 11.059289360688695	
6969	 0.053486376821491634	 11.057025050034397	
6970	 0.053450094000902164	 11.044526872654139	
6971	 0.0534111959198624	 11.03113410927066	
6972	 0.05341182591560644	 11.031350967513731	
6973	 0.05339561824037253	 11.025772475438508	
6974	 0.05336442557496692	 11.015039501847673	
6975	 0.053330877893879934	 11.003500866391008	
6976	 0.0533031712073037	 10.993974873106238	
6977	 0.05326420595162575	 10.980583592021992	
6978	 0.05322566161729628	 10.967343393850749	
6979	 0.05318262187134188	 10.952566548276055	
6980	 0.053146670816352444	 10.940229573769129	
6981	 0.053117296468397926	 10.930153592977085	
6982	 0.053095710604725094	 10.922751583351259	
6983	 0.053082817457862586	 10.9183313505512	
6984	 0.05319180429270406	 10.955718482295653	
6985	 0.05357191211062859	 11.086511371500842	
6986	 0.05446153307214053	 11.395046402181643	
6987	 0.05474696305902077	 11.494754902744475	
6988	 0.05508705361586086	 11.61401104129073	
6989	 0.055513856865904244	 11.764369671170167	
6990	 0.055936222094850954	 11.91392547120372	
6991	 0.056290206179353514	 12.03984954063003	
6992	 0.05636513552946315	 12.066572316225654	
6993	 0.05641615435944382	 12.084781211974965	
6994	 0.056497598912467584	 12.113871968227691	
6995	 0.05652755755735544	 12.124579778195994	
6996	 0.05651056370226229	 12.118505375065487	
6997	 0.056495660854590304	 12.113179398484547	
6998	 0.05647887938793019	 12.107183162509223	
6999	 0.056461531677670644	 12.10098584877997	
7000	 0.057036052464812734	 12.306902512345891	
7001	 0.05712369838147066	 12.338438185036352	
7002	 0.057214731463098495	 12.37122675407501	
7003	 0.057979150832057465	 12.647928775013709	
7004	 0.05952545728586332	 13.21511341579127	
7005	 0.060551514587854814	 13.596945137361189	
7006	 0.06071045454697968	 13.656480896192646	
7007	 0.06066968920217078	 13.641201085869335	
7008	 0.06062284942609975	 13.623652884414113	
7009	 0.06059650435931016	 13.613786856057986	
7010	 0.06058944868736612	 13.611145045642088	
7011	 0.060601214208637406	 13.615550449154577	
7012	 0.06062819952715508	 13.625656806051934	
7013	 0.060668265902377914	 13.640667723243324	
7014	 0.060717514227536615	 13.659127725593478	
7015	 0.06077279112815141	 13.67985934256299	
7016	 0.06083738987916132	 13.70410305662056	
7017	 0.06090414892775175	 13.729175562300918	
7018	 0.060971947196785586	 13.754657123767538	
7019	 0.06102022305826234	 13.772812827258706	
7020	 0.06110534132214784	 13.804847642100869	
7021	 0.06117394817704984	 13.830689943651706	
7022	 0.061237508751604094	 13.854648699826962	
7023	 0.06129695539204657	 13.877071743493834	
7024	 0.061364863940506775	 13.902704331496444	
7025	 0.06144938765575497	 13.934634863993317	
7026	 0.061525303349929394	 13.96333851457761	
7027	 0.06158445274145107	 13.985719214865455	
7028	 0.06163944053551229	 14.006538125053325	
7029	 0.06167694955783059	 14.02074650922723	
7030	 0.061712562097848964	 14.03424183975367	
7031	 0.06174543341190477	 14.046702994578629	
7032	 0.06177594649358536	 14.058274128151107	
7033	 0.061804450363750284	 14.069086773715476	
7034	 0.06183094587846725	 14.079140552457217	
7035	 0.06185413520200011	 14.087942147260035	
7036	 0.061866698176743104	 14.092711390332015	
7037	 0.061877607025468656	 14.09685320644639	
7038	 0.06188642262963335	 14.100200625794066	
7039	 0.06189377739958518	 14.102993587361714	
7040	 0.06189938197611594	 14.105122064459648	
7041	 0.06188619667303939	 14.10011482265948	
7042	 0.061873832632669046	 14.095420109133983	
7043	 0.061824453073962324	 14.076676578413794	
7044	 0.06179978654203758	 14.06731737411456	
7045	 0.06176168151660408	 14.052864106617223	
7046	 0.06170731380329777	 14.032252678377821	
7047	 0.061640723906194426	 14.007024169512997	
7048	 0.06157079394038276	 13.98054978153703	
7049	 0.061508711300027046	 13.957063059065993	
7050	 0.06146582151595521	 13.940846486918444	
7051	 0.06145488568816287	 13.936712871111494	
7052	 0.06144002941607452	 13.931098158476368	
7053	 0.06141143284962483	 13.920293048534305	
7054	 0.06138609006154646	 13.910720170142241	
7055	 0.061362900700375984	 13.901963026286879	
7056	 0.06164252915525389	 14.007707873738967	
7057	 0.06265473296849888	 14.393159329867148	
7058	 0.0654940578774272	 15.496590591333876	
7059	 0.06926943739494602	 17.013843273008366	
7060	 0.07402807631156126	 19.006133144458058	
7061	 0.0796684445595372	 21.48045901488767	
7062	 0.08426328964692713	 23.584699332410064	
7063	 0.08701551229382447	 24.882506699060897	
7064	 0.08903761698111172	 25.85367036612207	
7065	 0.09028524589882579	 26.46027190733618	
7066	 0.0899830168267671	 26.31281081229794	
7067	 0.08966528012217763	 26.158139007624666	
7068	 0.08959622445536955	 26.12457150031487	
7069	 0.08973427438276811	 26.19169388187956	
7070	 0.09003825005912887	 26.339735132524904	
7071	 0.09048443605770949	 26.557639253775836	
7072	 0.09105624928205484	 26.837944846145664	
7073	 0.09171013568182934	 27.159924226082264	
7074	 0.09242397011541917	 27.513173943353717	
7075	 0.09318036487004926	 27.889474965620966	
7076	 0.09396801377269776	 28.283494886867643	
7077	 0.09475987114874818	 28.681845795097747	
7078	 0.09553961560847248	 29.076277834831007	
7079	 0.09629615091059045	 29.461026465155644	
7080	 0.0970195071322026	 29.830790866193453	
7081	 0.09770266182124748	 30.181696925683116	
7082	 0.09833808511928892	 30.509557310487548	
7083	 0.09892350455596585	 30.812869893904615	
7084	 0.0994539138414607	 31.088716454113612	
7085	 0.099931152463303	 31.33775065156682	
7086	 0.10035515790640472	 31.55967278408301	
7087	 0.10072438535719717	 31.75343433448984	
7088	 0.10103818880869506	 31.918483435732565	
7089	 0.1012980129400819	 32.05540029643358	
7090	 0.10148172898893706	 32.15235269114242	
7091	 0.10158577537326627	 32.207312982049935	
7092	 0.10167676925746617	 32.25540933943329	
7093	 0.10170976014254299	 32.27285432053815	
7094	 0.10168112646834195	 32.25771313719344	
7095	 0.10160195220640995	 32.21586142270817	
7096	 0.10149621262701079	 32.16000111544884	
7097	 0.1013573577433135	 32.08670549896386	
7098	 0.10130394430105864	 32.05852862139347	
7099	 0.10114876767480603	 31.97672539334738	
7100	 0.10099448996110828	 31.895478935048	
7101	 0.10081263186564464	 31.799814165191844	
7102	 0.1006056315131684	 31.691063468979383	
7103	 0.10037024680566407	 31.567581771178094	
7104	 0.10011455218410567	 31.433664184940977	
7105	 0.09984317836464379	 31.291783983385525	
7106	 0.09955809902006825	 31.143014876417414	
7107	 0.09925938944918489	 30.98743721571469	
7108	 0.09892668661402297	 30.814521833495846	
7109	 0.09858313131553889	 30.63637252491907	
7110	 0.09823663094766272	 30.457114806149495	
7111	 0.09789422106273436	 30.280386844731538	
7112	 0.09755594408622675	 30.10619619740864	
7113	 0.09719678296574222	 29.921691805695207	
7114	 0.09683229752707237	 29.734916370831062	
7115	 0.09646227262057393	 29.545781148310713	
7116	 0.0961253199593863	 29.37397074490433	
7117	 0.09577941861884606	 29.198014613425528	
7118	 0.09542811482355397	 29.01974340843007	
7119	 0.09507570084090651	 28.841347889145126	
7120	 0.09472714376841453	 28.66533786482836	
7121	 0.09438243019692463	 28.491692810166644	
7122	 0.09405038280561302	 28.32482747561518	
7123	 0.09374314147341474	 28.170777458384276	
7124	 0.09345181384813366	 28.02501708564019	
7125	 0.09316462968816397	 27.881626007687405	
7126	 0.09288286021656644	 27.741224580039724	
7127	 0.09260776584045585	 27.604422909377877	
7128	 0.09233843403505208	 27.47074910873636	
7129	 0.09207528922453082	 27.34039681399373	
7130	 0.09181613139030446	 27.21226203178607	
7131	 0.09156092715609199	 27.08631741987362	
7132	 0.09130752456412457	 26.961493267092127	
7133	 0.0910586982147444	 26.839147855461025	
7134	 0.09081512781885426	 26.719602413565728	
7135	 0.09057754020242424	 26.603199101238584	
7136	 0.09034799770902498	 26.490930564101134	
7137	 0.09011351132346952	 26.376440163542483	
7138	 0.08986783278754219	 26.256697956365258	
7139	 0.08958340042796671	 26.1183397229059	
7140	 0.08934433794687424	 26.002277311746052	
7141	 0.08910288296875166	 25.885263334778596	
7142	 0.08886159206636039	 25.76853985944373	
7143	 0.08862240067112823	 25.653040370423103	
7144	 0.08836722138120057	 25.530049651834076	
7145	 0.08811258795912298	 25.407557817878512	
7146	 0.08787118725826674	 25.2916493061347	
7147	 0.0876605951149071	 25.19070672708369	
7148	 0.08747547818010058	 25.102108516354466	
7149	 0.08728790898495085	 25.01246403784778	
7150	 0.08709425598347514	 24.920046583266636	
7151	 0.08689609798889776	 24.82562090672096	
7152	 0.08670024831184306	 24.732436129199353	
7153	 0.08650826365422633	 24.6412264200536	
7154	 0.08631803035985054	 24.550981769530356	
7155	 0.08612807908109005	 24.461003103755004	
7156	 0.08593704354730237	 24.37064416634333	
7157	 0.08575359925272441	 24.284001790053818	
7158	 0.08557817820425025	 24.201264356427036	
7159	 0.08540867832685714	 24.121426977374767	
7160	 0.08524256979264	 24.043289391380544	
7161	 0.0850575148676801	 23.95635886998682	
7162	 0.08485445271618636	 23.86111434513238	
7163	 0.08463260190131353	 23.757230718611265	
7164	 0.08445054322503269	 23.67211561078804	
7165	 0.08424096611623956	 23.574286587900342	
7166	 0.08400148099385492	 23.462695210788937	
7167	 0.08374451196897617	 23.34319263807383	
7168	 0.08347747130809129	 23.219265045559293	
7169	 0.08320533364716674	 23.093243669328032	
7170	 0.08293487739494813	 22.96827286412676	
7171	 0.08268569824579268	 22.853373858939538	
7172	 0.08247140053981222	 22.754743471682488	
7173	 0.08226584232670793	 22.66029583745228	
7174	 0.08206267181976432	 22.567099751817636	
7175	 0.08186618055972651	 22.477113693909384	
7176	 0.08167504893119606	 22.389720195707312	
7177	 0.08148629473514307	 22.303547465019395	
7178	 0.081297949864119	 22.217694143473963	
7179	 0.08110828099845206	 22.131371202186884	
7180	 0.08090388453331118	 22.038495911426082	
7181	 0.08069684602593671	 21.944579448473434	
7182	 0.08048968945717663	 21.850770067662722	
7183	 0.08028403635040263	 21.757800592524948	
7184	 0.08007256612191471	 21.66236679980882	
7185	 0.07983214298504229	 21.554070868983136	
7186	 0.07957849827162229	 21.440054888414593	
7187	 0.07931298560743806	 21.320963409257057	
7188	 0.0791407729049013	 21.243862066820025	
7189	 0.07893634787218583	 21.15248403346047	
7190	 0.0787046173841649	 21.049091079123254	
7191	 0.07845397653950893	 20.93748899435911	
7192	 0.07820222058380523	 20.825629415971598	
7193	 0.07795265368363226	 20.71497916919436	
7194	 0.07770641207305426	 20.606034472106643	
7195	 0.0774701219741375	 20.501708782303513	
7196	 0.07724893004914293	 20.40424120323118	
7197	 0.07705761378909168	 20.320088158525184	
7198	 0.07686976603595312	 20.23759619420826	
7199	 0.0767794977596888	 20.198003303342933	
7200	 0.07680672662745182	 20.20994298749566	
7201	 0.0767523426918651	 20.186098791030073	
7202	 0.07653244495768584	 20.089801255605312	
7203	 0.07629704551790835	 19.986919450206116	
7204	 0.07606016790987138	 19.88360500119819	
7205	 0.07582392278590046	 19.78077983546844	
7206	 0.07578117101816095	 19.762195015806512	
7207	 0.07611772118892624	 19.908687233563064	
7208	 0.07616426199743899	 19.928979381416042	
7209	 0.07607834319608799	 19.891524586594326	
7210	 0.0758517805663326	 19.792893780594856	
7211	 0.07553432121868106	 19.655022503245988	
7212	 0.0752701378684757	 19.540582833462864	
7213	 0.07501624678590989	 19.43085362678205	
7214	 0.07479153575705837	 19.333942044972233	
7215	 0.07456403989822505	 19.23602698413841	
7216	 0.07444777787445976	 19.186064185527005	
7217	 0.07604143788623978	 19.87544501787829	
7218	 0.08151187142749547	 22.315216311817696	
7219	 0.09050122248419064	 26.565851263230282	
7220	 0.09396090670114307	 28.279929706438356	
7221	 0.09621163409504943	 29.417943683760758	
7222	 0.1024112594628659	 32.644686778202676	
7223	 0.1102262975931858	 36.90130237158142	
7224	 0.11591269548860134	 40.12835307902284	
7225	 0.11939864069243039	 42.15980869938759	
7226	 0.12149067439765496	 43.39815155186685	
7227	 0.1270394380994733	 46.7516849516889	
7228	 0.13132851953743147	 49.41188343031684	
7229	 0.13393758306859999	 51.058778827970485	
7230	 0.13501461101116935	 51.74490689817827	
7231	 0.13613902613042256	 52.46512677460549	
7232	 0.13751371905769333	 53.35105848133193	
7233	 0.13912412383732484	 54.39642995617206	
7234	 0.1409098926157561	 55.565104302859304	
7235	 0.14277413584396229	 56.79571366973301	
7236	 0.14465027114559098	 58.04503545308759	
7237	 0.14647426200658603	 59.27003607685298	
7238	 0.14820110583719065	 60.439203790024656	
7239	 0.1497970005519588	 61.52781931746719	
7240	 0.15121843752037706	 62.50396545591159	
7241	 0.152437392446812	 63.345948896047794	
7242	 0.1534576210851427	 64.05412403455277	
7243	 0.15427730189199376	 64.62537145869202	
7244	 0.15491979025380168	 65.07454814768853	
7245	 0.15535941828524188	 65.38261776816056	
7246	 0.15561791909102984	 65.56403399514969	
7247	 0.1557100640325479	 65.62875004724982	
7248	 0.15564781403391267	 65.58502727761552	
7249	 0.15544333388018672	 65.44148780766197	
7250	 0.15511018978196714	 65.20789928883289	
7251	 0.1546628094398104	 64.8947383036096	
7252	 0.1541064528765826	 64.50613697287044	
7253	 0.1534618608787549	 64.05707358684681	
7254	 0.15274200236174704	 63.557059105912714	
7255	 0.151957554576131	 63.01396690878523	
7256	 0.15112149821087945	 62.43719894557196	
7257	 0.1502188969883535	 61.81690755222695	
7258	 0.1492627284972832	 61.16250829384552	
7259	 0.14826135036895355	 60.48015743056744	
7260	 0.14728958243138274	 59.8209141759663	
7261	 0.14627896946835336	 59.13838779733357	
7262	 0.1452000246149148	 58.41317473933807	
7263	 0.14410755500799546	 57.68252244005037	
7264	 0.14304038797058252	 56.97234904301255	
7265	 0.14197945671961626	 56.26981803349477	
7266	 0.14094168866785833	 55.58600280997567	
7267	 0.13996489504728907	 54.94542437812027	
7268	 0.1390326959943352	 54.33686373813495	
7269	 0.13813167929687006	 53.75123907985253	
7270	 0.1372390500378549	 53.17357165371315	
7271	 0.13635784947170002	 52.6057519463974	
7272	 0.13546690132022457	 52.03413292707328	
7273	 0.13458734067362826	 51.47227303065343	
7274	 0.13373788134042042	 50.93196033033497	
7275	 0.1329195577555973	 50.413611090721076	
7276	 0.13211833718118052	 49.90815239218016	
7277	 0.1313405067705205	 49.419400581292784	
7278	 0.13058713568705302	 48.94785380210012	
7279	 0.12985959493222063	 48.49419268895389	
7280	 0.1291622262026682	 48.06093294934161	
7281	 0.12846737210564022	 47.63078377892351	
7282	 0.12777178770447487	 47.2017332287071	
7283	 0.127087348597992	 46.78107448788872	
7284	 0.12647942192845063	 46.4087047236205	
7285	 0.12588879495942318	 46.048072354483715	
7286	 0.12531212224781627	 45.697046954254176	
7287	 0.12475049660027612	 45.35621436450555	
7288	 0.12431532251329877	 45.0928234371809	
7289	 0.12407268854683932	 44.94623476340252	
7290	 0.12350890086807481	 44.60635695594822	
7291	 0.12299457366009604	 44.29719702205577	
7292	 0.12254080904041395	 44.02515559438888	
7293	 0.12208737966044429	 43.75398515309171	
7294	 0.12164004758520643	 43.48711827929335	
7295	 0.12120589106502429	 43.228736479368166	
7296	 0.12078658390298992	 42.97977706544805	
7297	 0.12038922777922074	 42.744381950513656	
7298	 0.11999820699855833	 42.51324499719046	
7299	 0.11961260855002072	 42.28580443111306	
7300	 0.11920415788619164	 42.04541731821644	
7301	 0.11880086604706169	 41.80860449401073	
7302	 0.11840776379713719	 41.5782902020876	
7303	 0.11802583706879073	 41.35501119704674	
7304	 0.11765499122844927	 41.13867063385965	
7305	 0.11726962414694214	 40.9143399569169	
7306	 0.11685953727144929	 40.676158522081884	
7307	 0.1164340129885557	 40.42959933110469	
7308	 0.11605436368005588	 40.210127655083916	
7309	 0.11567195498954898	 39.98954415126431	
7310	 0.11530468578757541	 39.77815066988472	
7311	 0.11491804474306762	 39.556091630435965	
7312	 0.11451950897706492	 39.32772183145615	
7313	 0.11411981338981096	 39.09921895727764	
7314	 0.11372488584885214	 38.87396535821963	
7315	 0.11342333297468775	 38.70232025659506	
7316	 0.11308524120619064	 38.510238520641686	
7317	 0.11270735590358284	 38.29600134464347	
7318	 0.11232708628833159	 38.08089528010827	
7319	 0.11194583397484498	 37.86572014725028	
7320	 0.1115971100941715	 37.669331049965685	
7321	 0.1112045287192634	 37.44873199773104	
7322	 0.11080605857348054	 37.225354233129636	
7323	 0.11040049556988432	 36.99854955042505	
7324	 0.10997769578598238	 36.76269612562155	
7325	 0.10956060263559456	 36.530617607817085	
7326	 0.10914175755165112	 36.29815625732228	
7327	 0.10871859138801003	 36.06389988331682	
7328	 0.10829632545263128	 35.83074699960748	
7329	 0.10785109790949492	 35.585571495604064	
7330	 0.10738919767649288	 35.33192692314416	
7331	 0.10691570540901517	 35.07267063591789	
7332	 0.10653206516337382	 34.86317244825285	
7333	 0.10610601647627918	 34.63110461701049	
7334	 0.10565883062457378	 34.38819074938686	
7335	 0.10519992542246465	 34.139622447979114	
7336	 0.10474111250299015	 33.89182573861888	
7337	 0.10428358055763223	 33.64544042257102	
7338	 0.10382298621151971	 33.3981328241841	
7339	 0.10338774516962033	 33.16510934661627	
7340	 0.10291207831856368	 32.91118922426055	
7341	 0.10244384759648804	 32.662001642737216	
7342	 0.1019819491460309	 32.41692685465972	
7343	 0.10153099709747063	 32.17837284201417	
7344	 0.10107784560317123	 31.939365809503695	
7345	 0.10063118611621051	 31.704480894067895	
7346	 0.10021281098772215	 31.485099341292354	
7347	 0.09974633458375352	 31.241214099307182	
7348	 0.09929684223064443	 31.006926751892962	
7349	 0.09888611899426991	 30.793464136391734	
7350	 0.09872884598822054	 30.71188186162694	
7351	 0.09874895561520278	 30.72230850734486	
7352	 0.09884107577387762	 30.77009000673652	
7353	 0.09879325875000299	 30.74528424593299	
7354	 0.0989399639496657	 30.821415036712626	
7355	 0.09897670413746984	 30.840492678879453	
7356	 0.09903604280453676	 30.871314736684734	
7357	 0.09923039716795116	 30.972353688488244	
7358	 0.09958354706118704	 31.15628344781942	
7359	 0.10016223234361057	 31.458618932750223	
7360	 0.10054051799877198	 31.656885937124184	
7361	 0.10270482920219907	 32.80079992755436	
7362	 0.10402941718872277	 33.50888186312201	
7363	 0.10485497858710738	 33.95325541769507	
7364	 0.10624338073453929	 34.70585891604976	
7365	 0.10748869847376641	 35.38650473659112	
7366	 0.10978777404872836	 36.656947179981124	
7367	 0.11267859997622999	 38.2797181221142	
7368	 0.1152236261043142	 39.73155457793062	
7369	 0.11674815605738878	 40.61156358923895	
7370	 0.11822381561890041	 41.47069183111945	
7371	 0.12019904065949412	 42.631897505787194	
7372	 0.12244936079733532	 43.970411633555614	
7373	 0.12464591228837966	 45.2928582671482	
7374	 0.12626346462082316	 46.27671232128416	
7375	 0.12785056516693097	 47.25024676704253	
7376	 0.12901326005909602	 47.968585270229	
7377	 0.12985873281184993	 48.493656112778666	
7378	 0.13051686626687242	 48.903963308239504	
7379	 0.1312159707901606	 49.34132682434322	
7380	 0.13198870634470158	 49.82656493673653	
7381	 0.1329194876411092	 50.41356676912821	
7382	 0.13373016125984996	 50.927060306652926	
7383	 0.13446085374099281	 51.391674438033924	
7384	 0.13518703170343407	 51.85508867739815	
7385	 0.13573634326229492	 52.206739309869896	
7386	 0.1361549937724752	 52.47538316643237	
7387	 0.13641786826174337	 52.64434887855052	
7388	 0.13659942525193347	 52.7611736173329	
7389	 0.13667985227764765	 52.81295832798772	
7390	 0.13667092527242483	 52.80720947665537	
7391	 0.13657429254205888	 52.744995536296955	
7392	 0.13639302127256556	 52.62836888308828	
7393	 0.13613281855312173	 52.46113971827031	
7394	 0.13580116689527666	 52.24829989629976	
7395	 0.13540375991414266	 51.99371717732131	
7396	 0.13494043003978357	 51.697531970952156	
7397	 0.1344226551811996	 51.36734391118549	
7398	 0.13385414096505793	 51.00577444827213	
7399	 0.13324023402304386	 50.616483743684626	
7400	 0.13258927993290792	 50.205004933835205	
7401	 0.13190288803593156	 49.77258172312645	
7402	 0.1312660902274469	 49.372741628063544	
7403	 0.13050452716729982	 48.8962578947089	
7404	 0.12976312086348213	 48.43416281035789	
7405	 0.12898417523812583	 47.950563183845496	
7406	 0.12818522253320547	 47.4565610161697	
7407	 0.12738717809218172	 46.96516537328006	
7408	 0.12667693594251891	 46.529556269822116	
7409	 0.12593819339012152	 46.07819153000742	
7410	 0.12515452154904302	 45.60130113715323	
7411	 0.12533418047561654	 45.710454210164045	
7412	 0.12445495579893245	 45.177270204039054	
7413	 0.1236034315932903	 44.663272516022005	
7414	 0.12278092195390314	 44.169024827567206	
7415	 0.12198726123552817	 43.69420034239838	
7416	 0.12121962648638182	 43.23690147495105	
7417	 0.1204743948440187	 42.794791664545635	
7418	 0.11974845244694997	 42.36587462382862	
7419	 0.11904390554538764	 41.95125314287211	
7420	 0.11835058135242513	 41.54483004351375	
7421	 0.11767728521846009	 41.15166346754135	
7422	 0.11702501179415548	 40.77220038241352	
7423	 0.11639286474604559	 40.40578883489358	
7424	 0.1157800261596107	 40.0518332716751	
7425	 0.11517556527031239	 39.70393775710075	
7426	 0.11457680033464357	 39.36051848918727	
7427	 0.11397960666911468	 39.01919008578202	
7428	 0.11346301436841259	 38.72488970295523	
7429	 0.11309929693962262	 38.51821645638855	
7430	 0.11269472575744559	 38.28884910478727	
7431	 0.11233947511637704	 38.08789559533828	
7432	 0.11195132087159357	 37.86881343924431	
7433	 0.11153600459673044	 37.63496063984056	
7434	 0.11109013010667432	 37.3845467554456	
7435	 0.1106151225607804	 37.118507226682716	
7436	 0.11091696620416765	 37.28747407857504	
7437	 0.11677336733703017	 40.62618113894672	
7438	 0.1248542084456138	 45.41907690819608	
7439	 0.12448915728597201	 45.19796405462744	
7440	 0.12356176826674321	 44.63818406178174	
7441	 0.12294392335466062	 44.26679786851744	
7442	 0.12257241272535159	 44.04408094622463	
7443	 0.12240124635701123	 43.94161966841806	
7444	 0.1223800101438031	 43.92891419272016	
7445	 0.12247814905592017	 43.987642304392146	
7446	 0.12266150281764512	 44.09744860794842	
7447	 0.12290080356141322	 44.24092493450225	
7448	 0.12317296447678253	 44.404329566588665	
7449	 0.12346257755320059	 44.57847696831996	
7450	 0.12374894246868332	 44.75093920071712	
7451	 0.12402029731747878	 44.91460737545487	
7452	 0.12427052673394326	 45.06574544586049	
7453	 0.12448516935010598	 45.19555093071702	
7454	 0.12466226043634275	 45.3027594705706	
7455	 0.12479828330217628	 45.38517484552289	
7456	 0.12489356576665207	 45.44294155583594	
7457	 0.1249417333517253	 45.47215520563302	
7458	 0.12494240022442123	 45.47255971675819	
7459	 0.12489565352880701	 45.44420762829336	
7460	 0.12480347615250471	 45.388322347271405	
7461	 0.12465996507842284	 45.30136924216251	
7462	 0.12446917034922093	 45.185870357448124	
7463	 0.12423907184427938	 45.04673559581975	
7464	 0.12397668324724002	 44.88828535068467	
7465	 0.12367952490425248	 44.709108266809004	
7466	 0.12334987172793557	 44.5106733587488	
7467	 0.12299017033499618	 44.29455391586054	
7468	 0.122602685818662	 44.06221254574853	
7469	 0.1221896531804464	 43.815090615932775	
7470	 0.12175370470476166	 43.55486131781938	
7471	 0.12129829470825593	 43.28367753482791	
7472	 0.12082797258240036	 43.00432558913144	
7473	 0.12033963462959756	 42.71503910599441	
7474	 0.11980089245149478	 42.396800436775855	
7475	 0.11924242500857697	 42.067915544826256	
7476	 0.11871255989938415	 41.756822576772656	
7477	 0.11825397047683858	 41.48832292536773	
7478	 0.117767732430243	 41.20439251556625	
7479	 0.11722392919366569	 40.88777246307338	
7480	 0.11665586571634588	 40.55807141897956	
7481	 0.11608685628300464	 40.228892620058396	
7482	 0.11551010313280166	 39.89632993013312	
7483	 0.11493549899988416	 39.56610539194913	
7484	 0.11436990946399525	 39.24213458321052	
7485	 0.11380679959171514	 38.92064345113642	
7486	 0.11324246462930264	 38.59951508465086	
7487	 0.1126748954625583	 38.27762061964414	
7488	 0.11210464913432283	 37.95529462469499	
7489	 0.11153591753991646	 37.63491168137602	
7490	 0.11097057407682699	 37.3175149317569	
7491	 0.11042780757384504	 37.013805941168656	
7492	 0.10998400432808532	 36.76621082996058	
7493	 0.10957297409479501	 36.537492859883926	
7494	 0.10918435275378756	 36.32176971298989	
7495	 0.10875564527655797	 36.08438793905855	
7496	 0.10884653360037432	 36.134662157866224	
7497	 0.10896223918018688	 36.19870436491218	
7498	 0.10848283995140716	 35.93365584180191	
7499	 0.10781967456400587	 35.56829290309853	
7500	 0.10721389562571704	 35.23585288372499	
7501	 0.10662590957528091	 34.91437259636623	
7502	 0.10605512269030876	 34.60342434222579	
7503	 0.10549429489417612	 34.298986206986356	
7504	 0.10495521015446169	 34.007366220931296	
7505	 0.10442977074464338	 33.72408705199171	
7506	 0.10406393344508887	 33.527413946016615	
7507	 0.1039428844407209	 33.462439685878415	
7508	 0.10401236942343697	 33.49973027947471	
7509	 0.1039764157228198	 33.48043288731443	
7510	 0.10344786765331934	 33.197259437383316	
7511	 0.10293215306267901	 32.921889728212655	
7512	 0.10243540306260222	 32.65751450486468	
7513	 0.10195927396335734	 32.40491483906961	
7514	 0.10150406827128652	 32.16414977676319	
7515	 0.1010667808011429	 31.933538784767105	
7516	 0.1006326165784185	 31.705232024315293	
7517	 0.10021227697658369	 31.48481971363941	
7518	 0.09980154773703502	 31.270041293805676	
7519	 0.099396044602009	 31.058572987974177	
7520	 0.09899906790033747	 30.85210755695036	
7521	 0.09860548269606031	 30.647950181276503	
7522	 0.09820258017463995	 30.439521768070264	
7523	 0.09779746545882108	 30.23052295869316	
7524	 0.09740525403507089	 30.028730082811666	
7525	 0.09701101664530556	 29.826440013497166	
7526	 0.09662244183458728	 29.627591082382768	
7527	 0.0962185934588795	 29.421490294165086	
7528	 0.09582530595733212	 29.22133265596599	
7529	 0.09563217728864719	 29.12324296324959	
7530	 0.09520094872650088	 28.904699229263386	
7531	 0.09477813393694669	 28.691059331704178	
7532	 0.09437019166886713	 28.48553556760308	
7533	 0.09397082765628836	 28.284906488776244	
7534	 0.09358069876497639	 28.08946495636447	
7535	 0.09319516215496744	 27.89685689193152	
7536	 0.09280937598741806	 27.704655133775635	
7537	 0.09242079260609894	 27.51159746983612	
7538	 0.09203004246215762	 27.31800821944057	
7539	 0.09164095791750673	 27.125787861377457	
7540	 0.09125378589234676	 26.935051660690846	
7541	 0.09086823325859153	 26.7456486028012	
7542	 0.09048516037821609	 26.55799357426977	
7543	 0.09010519667912778	 26.37238409450782	
7544	 0.08972506787277279	 26.187215365606566	
7545	 0.08932569417748902	 25.993234643200633	
7546	 0.08890752312946122	 25.790742559070008	
7547	 0.08847309989071378	 25.58105202954521	
7548	 0.08807347142239533	 25.388761627418017	
7549	 0.08767909721923765	 25.199568821350336	
7550	 0.08727645943874028	 25.006996139631188	
7551	 0.0868756827453612	 24.815900842244634	
7552	 0.08647707358658337	 24.626421107130458	
7553	 0.08608467854236843	 24.440463104985014	
7554	 0.08569466727846504	 24.25619389382774	
7555	 0.08532376183531157	 24.081469522607197	
7556	 0.08496799389605648	 23.91435113637044	
7557	 0.08461850010479223	 23.75063355592947	
7558	 0.08426975252715695	 23.587714266999413	
7559	 0.08391870177750267	 23.42417236884049	
7560	 0.08356561218096786	 23.260140075887843	
7561	 0.08321169254406006	 23.096185213454604	
7562	 0.0828585388483844	 22.933047906142644	
7563	 0.08250659428750812	 22.770929660759595	
7564	 0.08215698423921808	 22.61034257629799	
7565	 0.08180977687484817	 22.451309370151094	
7566	 0.08146545567214183	 22.29404187044375	
7567	 0.081124809115964	 22.138888205908344	
7568	 0.08078547901465453	 21.984765357638242	
7569	 0.08043136121045937	 21.82438554511691	
7570	 0.08006179397435284	 21.657509960596908	
7571	 0.0796809492266465	 21.486078555638468	
7572	 0.07933657464187167	 21.33153315382851	
7573	 0.07898380168733199	 21.173681855588438	
7574	 0.07862550293851901	 21.013838401053864	
7575	 0.07826703750105855	 20.854405794067315	
7576	 0.0779021970053008	 20.692636899817135	
7577	 0.07754282343938233	 20.53378502955214	
7578	 0.07719132479953672	 20.378888118172537	
7579	 0.07686523319200798	 20.235607287798192	
7580	 0.07656362817216487	 20.103445788160787	
7581	 0.07627184399096988	 19.97591759500822	
7582	 0.07598152139664939	 19.84935060319865	
7583	 0.07569035963977652	 19.722741169253407	
7584	 0.0753974369314216	 19.595693222102256	
7585	 0.07510508951450087	 19.46922245861852	
7586	 0.07481553162802655	 19.344281548142014	
7587	 0.0745274306588442	 19.220288811065988	
7588	 0.07423648721661538	 19.095396607156314	
7589	 0.07394595656487277	 18.971006795125135	
7590	 0.07365633689977592	 18.847330879197425	
7591	 0.07336893240519377	 18.724920973598238	
7592	 0.07308204034713588	 18.603047725864634	
7593	 0.07278124393024164	 18.475609907314677	
7594	 0.07245986906831761	 18.33984111662643	
7595	 0.07213121564272802	 18.20141198200626	
7596	 0.07184260822972884	 18.080196472829474	
7597	 0.07154527885777813	 17.955656776914605	
7598	 0.07124497824089844	 17.830222292196357	
7599	 0.07094201058496022	 17.7040304796655	
7600	 0.07063033392700528	 17.57458559394018	
7601	 0.07031753912296539	 17.44505862126277	
7602	 0.070008440638165	 17.317439054270526	
7603	 0.0697357447235287	 17.205160671691562	
7604	 0.06948243488773012	 17.101126092746984	
7605	 0.06924000428864631	 17.00179612912879	
7606	 0.06900216973369219	 16.904574322070175	
7607	 0.06876535994484714	 16.80799312210402	
7608	 0.06852745700400985	 16.711189103581933	
7609	 0.06828949314582661	 16.614584170735125	
7610	 0.06805161429399004	 16.518237789023342	
7611	 0.06781410942945795	 16.42226661426916	
7612	 0.06758018619112922	 16.327961485847634	
7613	 0.06734754670676693	 16.234389479676516	
7614	 0.06711665856202118	 16.141734707453967	
7615	 0.06688815280593108	 16.050244957904372	
7616	 0.06666135033097603	 15.959642980995158	
7617	 0.06642343597181327	 15.864822688524626	
7618	 0.06616538469628319	 15.762232545760403	
7619	 0.0658941173130887	 15.654675459956223	
7620	 0.06566923889125739	 15.565734984471433	
7621	 0.06544290597310624	 15.476424035727538	
7622	 0.06520124203620362	 15.381290527669776	
7623	 0.06495097595541159	 15.283018165501977	
7624	 0.06470439543434034	 15.18643958972079	
7625	 0.06446855110710312	 15.094295354096866	
7626	 0.0642453001134343	 15.007278117227912	
7627	 0.06405107417192724	 14.93173784704738	
7628	 0.06388654676286039	 14.86786756624	
7629	 0.06371951371599519	 14.803136664621201	
7630	 0.06355030626501389	 14.737678349714635	
7631	 0.06337943283486551	 14.6716933559605	
7632	 0.06320747092682122	 14.605407659501699	
7633	 0.06303479449106714	 14.538967401273432	
7634	 0.06286146068824058	 14.472396129156612	
7635	 0.06267202217829908	 14.39977945330886	
7636	 0.06248000731057334	 14.32632437424634	
7637	 0.06229033253116096	 14.253912097533346	
7638	 0.062103813882988836	 14.182847942085965	
7639	 0.06192312398558402	 14.11414010699099	
7640	 0.06174288696656166	 14.0457375069917	
7641	 0.0615541981001444	 13.974269798530068	
7642	 0.06132792043586034	 13.888757383365652	
7643	 0.061074153160701444	 13.793106318210805	
7644	 0.06086153829874031	 13.71317029348993	
7645	 0.06064338255700647	 13.631344369061956	
7646	 0.060408437236284224	 13.543440221345973	
7647	 0.06015619281282288	 13.449317055033333	
7648	 0.059921543232386534	 13.361995164871418	
7649	 0.059669446518659554	 13.268434241451684	
7650	 0.05944996358012978	 13.187191579024672	
7651	 0.059277867654664494	 13.123629124823687	
7652	 0.05913699184493131	 13.07168908418472	
7653	 0.05901573249624054	 13.027047514781131	
7654	 0.05881217977046864	 12.952247087955099	
7655	 0.058595868211585786	 12.872947061761616	
7656	 0.058394588011373906	 12.799332616385906	
7657	 0.05820509090300257	 12.730182030997867	
7658	 0.05802708062049454	 12.665359741513234	
7659	 0.05785704086522171	 12.603563583979607	
7660	 0.057679011126317584	 12.53899331255866	
7661	 0.057508003405739895	 12.477094862077594	
7662	 0.0573453588931236	 12.418337322011979	
7663	 0.05718942921233614	 12.362109820705191	
7664	 0.057034492388496096	 12.306341477373058	
7665	 0.05684808209775153	 12.239378240533943	
7666	 0.05664196693539874	 12.165506756585481	
7667	 0.05642101046228344	 12.086514953690356	
7668	 0.0562413106987544	 12.022424254770199	
7669	 0.056062735929412806	 11.958869886341438	
7670	 0.05588435167065726	 11.895517919870306	
7671	 0.05570548002019183	 11.83212808294705	
7672	 0.05552905815844132	 11.769739199841377	
7673	 0.05535810296337556	 11.70940945046195	
7674	 0.055191766769653545	 11.650828831044068	
7675	 0.055034909244724435	 11.595694148378945	
7676	 0.05490951982895413	 11.551695626159647	
7677	 0.05479869639092816	 11.512863951690585	
7678	 0.05469335711180408	 11.47600238347767	
7679	 0.054586242889759676	 11.43856820843545	
7680	 0.05447391591967355	 11.399364857433262	
7681	 0.054356760523993464	 11.358533710863668	
7682	 0.054238175022595515	 11.317263847014628	
7683	 0.05411949842478903	 11.276022460026923	
7684	 0.054006364664156876	 11.23676335961425	
7685	 0.05389229095543531	 11.197233557011304	
7686	 0.05377837892263852	 11.157815403732549	
7687	 0.05366462524658845	 11.11850755609838	
7688	 0.05355614341967761	 11.081073116901258	
7689	 0.053441982112682744	 11.04173338099624	
7690	 0.053283612270413866	 10.987252191201641	
7691	 0.05311301771951049	 10.928686207590557	
7692	 0.052977854287485485	 10.882372848945733	
7693	 0.05284094597449161	 10.835541849376924	
7694	 0.05270895050773187	 10.790467865473191	
7695	 0.05258390525920198	 10.747836603604355	
7696	 0.052467233775811736	 10.708121080229168	
7697	 0.05235865032727197	 10.671211618161452	
7698	 0.05225474559137197	 10.635940279708505	
7699	 0.052153346563506585	 10.601564573472123	
7700	 0.052081745051419916	 10.57731746802758	
7701	 0.05200974436043344	 10.552957583889311	
7702	 0.051935300329908715	 10.527794677014443	
7703	 0.05184757467305056	 10.498173282840579	
7704	 0.05175986291967972	 10.468589969308974	
7705	 0.051683374777928164	 10.442819405634443	
7706	 0.05160646188237058	 10.416931358359301	
7707	 0.05152887188531537	 10.390841455721846	
7708	 0.051450772746322995	 10.364606787525897	
7709	 0.05137240555092252	 10.338308746957017	
7710	 0.051293936046391854	 10.312003157455866	
7711	 0.05119406279061937	 10.278561103150507	
7712	 0.05109573367510576	 10.245678559351347	
7713	 0.05099786433308885	 10.212991633839923	
7714	 0.05087676925291267	 10.17260550162805	
7715	 0.05073523145821394	 10.125482731977263	
7716	 0.050626871075140474	 10.089465030011622	
7717	 0.05051869969247095	 10.053561372807495	
7718	 0.05041749930476101	 10.020017860318646	
7719	 0.05032954338024768	 9.990900743424193	
7720	 0.05024609734580725	 9.963307930476391	
7721	 0.05019254585328903	 9.945616326348363	
7722	 0.05013810051828407	 9.927642322805957	
7723	 0.050082287971952334	 9.909230464122974	
7724	 0.05002852706611193	 9.891508345016497	
7725	 0.049974183876074066	 9.873607176291266	
7726	 0.04990403144826649	 9.850517476137709	
7727	 0.04982989285145762	 9.826139290962404	
7728	 0.04975577663625897	 9.80179262281885	
7729	 0.04968109121763061	 9.777283420257133	
7730	 0.04959905204045164	 9.750389261663473	
7731	 0.04950496667514564	 9.719582599121999	
7732	 0.04941292646314497	 9.689483332449461	
7733	 0.04933403877699516	 9.663714971658482	
7734	 0.04926846033634742	 9.642314922385333	
7735	 0.04921072192903473	 9.623489004356335	
7736	 0.049152438178294795	 9.604500203132224	
7737	 0.04907336817783685	 9.578763245207432	
7738	 0.04897917750135367	 9.54814063332607	
7739	 0.04888593340923617	 9.517864413367471	
7740	 0.04883337758823589	 9.5008165679999	
7741	 0.04878099329139438	 9.483836528337207	
7742	 0.0487218834337072	 9.464691032990215	
7743	 0.04865463176365367	 9.442927254448493	
7744	 0.04858086077304684	 9.419076768535733	
7745	 0.04849627818968483	 9.391760544956407	
7746	 0.04841404240813006	 9.365232662815174	
7747	 0.04834926926986424	 9.344359072237339	
7748	 0.04831135908782396	 9.332150898817082	
7749	 0.048353589520884296	 9.345750723025848	
7750	 0.04840315971542523	 9.361724337979982	
7751	 0.048470729426909234	 9.383515729328996	
7752	 0.04881856620261845	 9.496014318756066	
7753	 0.049470516870488535	 9.708312347914346	
7754	 0.049907884157098	 9.851784980692804	
7755	 0.05033740763284571	 9.993502762508603	
7756	 0.0516480550092637	 10.43092796275196	
7757	 0.054605954589717606	 11.445453360926614	
7758	 0.05753614901072673	 12.487274102365467	
7759	 0.05841801879594906	 12.80789329883392	
7760	 0.05821128376381467	 12.73243953803493	
7761	 0.05791417857697213	 12.624315187360097	
7762	 0.05764745396634267	 12.527561573295415	
7763	 0.05739611878570203	 12.43666311304714	
7764	 0.05721326869780167	 12.37069961574034	
7765	 0.05706941702449886	 12.31890353119286	
7766	 0.05697376094144832	 12.284509173578988	
7767	 0.056938300113760734	 12.271768557774024	
7768	 0.056899073951384604	 12.257681266993016	
7769	 0.056885624742671725	 12.252852743055266	
7770	 0.05689322040844641	 12.255579639259018	
7771	 0.05693738679170133	 12.271440482852533	
7772	 0.057015013939480316	 12.299337494767839	
7773	 0.05710726415433624	 12.332522565216346	
7774	 0.057207621498946856	 12.368664612794952	
7775	 0.05731157272179795	 12.406145528405254	
7776	 0.057414989792239135	 12.443478848909677	
7777	 0.057513384378379676	 12.479040707180923	
7778	 0.05760438368254692	 12.511965878883585	
7779	 0.05769176784828353	 12.543615682706731	
7780	 0.05778679378015027	 12.57806956111173	
7781	 0.05788156225174882	 12.612467729721573	
7782	 0.057976145861657176	 12.646836255995067	
7783	 0.058071004280020634	 12.681342201700302	
7784	 0.058161812716363726	 12.714410139329003	
7785	 0.05823096813383949	 12.739616219382114	
7786	 0.05825632108559549	 12.748861979789504	
7787	 0.05825725617798712	 12.74920304228143	
7788	 0.05829536986429976	 12.763107607349463	
7789	 0.058328174884953635	 12.775080328998902	
7790	 0.0583520360273497	 12.783791658653662	
7791	 0.058370197166692325	 12.790423598252	
7792	 0.058391744037395346	 12.798293696536236	
7793	 0.05840670543056955	 12.803759556497075	
7794	 0.058414838460083135	 12.806731195540245	
7795	 0.05842733421777295	 12.811297421766424	
7796	 0.05845557484366045	 12.82161956951706	
7797	 0.05847991095198413	 12.830517255853044	
7798	 0.058500562379048285	 12.838069697818057	
7799	 0.058517995546622806	 12.84444657244836	
7800	 0.05853409050632431	 12.850335068820174	
7801	 0.058545677570096266	 12.85457497629394	
7802	 0.058550034006936126	 12.85616921676017	
7803	 0.058546340927334496	 12.854817727137231	
7804	 0.05852919861756173	 12.848545209897743	
7805	 0.058505796670617095	 12.839984215143332	
7806	 0.05847636243666366	 12.829219705822306	
7807	 0.05844011941799926	 12.815970090587404	
7808	 0.058399477241105884	 12.801118758624298	
7809	 0.05834425690209285	 12.780951360808835	
7810	 0.05826088159024932	 12.750525397608627	
7811	 0.05815757286956204	 12.712865430445893	
7812	 0.05807013534693329	 12.681025945678721	
7813	 0.05797332456523518	 12.645810549802412	
7814	 0.05787479877718314	 12.610011542214501	
7815	 0.05778278707626412	 12.5766160734398	
7816	 0.057698975610332735	 12.546227700723675	
7817	 0.05761660481006775	 12.516390343774871	
7818	 0.05753146320687714	 12.485579187383017	
7819	 0.057449918819051274	 12.456098281018221	
7820	 0.05737967440267953	 12.430725030938321	
7821	 0.057310550980029594	 12.40577690588742	
7822	 0.05724636662741784	 12.382629351158828	
7823	 0.05718555866552849	 12.36071541833897	
7824	 0.057122400742114596	 12.337971049031538	
7825	 0.0570549747661674	 12.31370816888405	
7826	 0.05698763751396711	 12.28949628574239	
7827	 0.056921129365499236	 12.265601230865032	
7828	 0.05685793378088844	 12.242913553042534	
7829	 0.05684482978752158	 12.238211226788023	
7830	 0.056779264994764454	 12.214694363660286	
7831	 0.05671611679425475	 12.192061395407498	
7832	 0.05665350664415038	 12.169637849537756	
7833	 0.05657533277385254	 12.141663410275385	
7834	 0.05648092380739268	 12.107913596605991	
7835	 0.0563719330383064	 12.06899774962111	
7836	 0.0562860990986393	 12.03838547803481	
7837	 0.05620937058723635	 12.011046945404864	
7838	 0.056125549202538164	 11.98120962933313	
7839	 0.056111401728001234	 11.976176579383031	
7840	 0.05601521068206413	 11.941978463259444	
7841	 0.05592169441332733	 11.908768802774233	
7842	 0.05584747092743811	 11.882436767695749	
7843	 0.05642681333833813	 12.088586845943249	
7844	 0.0576357471604332	 12.523321784892069	
7845	 0.05893705801014091	 12.998116224640034	
7846	 0.06018812658809748	 13.461218391685465	
7847	 0.061035356517899805	 13.77850622765501	
7848	 0.06180484279281624	 14.06923566078953	
7849	 0.062434607641275223	 14.308978749919584	
7850	 0.06404157863996202	 14.928048661262496	
7851	 0.06537893040397927	 15.451216557843638	
7852	 0.0657086282718418	 15.581299025531456	
7853	 0.06590931422621207	 15.660693221000885	
7854	 0.0659604697706446	 15.680956885441129	
7855	 0.06584593246162587	 15.635601062945605	
7856	 0.06577253127194013	 15.606562437694878	
7857	 0.06574661658620404	 15.59631535242812	
7858	 0.06576882318259926	 15.605096034239274	
7859	 0.06582306419290987	 15.626551712988439	
7860	 0.06592098989397235	 15.665317247462097	
7861	 0.06604390797117742	 15.714030796859438	
7862	 0.06618749727614769	 15.771013130304205	
7863	 0.06634809136637293	 15.83484138311764	
7864	 0.06652828952070168	 15.906584005835668	
7865	 0.06671980887307714	 15.982976095665625	
7866	 0.06691938330719896	 16.062736836356546	
7867	 0.06711812574991974	 16.142322816052324	
7868	 0.0673167257569343	 16.222008851227322	
7869	 0.06751414201077681	 16.301375401718392	
7870	 0.06770883169707836	 16.379797473854815	
7871	 0.06789876159659393	 16.456447279681953	
7872	 0.06808205160332732	 16.530553090003192	
7873	 0.06825741739576677	 16.601579685918065	
7874	 0.06842371447791934	 16.669045753382488	
7875	 0.06857997412574657	 16.732539371184284	
7876	 0.06872852748192614	 16.79299115876627	
7877	 0.06886148605718771	 16.84717078772146	
7878	 0.06900859792911118	 16.907199101407205	
7879	 0.06923270551759428	 16.998809227304527	
7880	 0.06943256294593822	 17.0806733865315	
7881	 0.06958532996055942	 17.143354752654272	
7882	 0.06966833750514238	 17.177451823297115	
7883	 0.06970461888314576	 17.192363661884297	
7884	 0.06973530210344177	 17.204978667144005	
7885	 0.06975773157857158	 17.21420259441226	
7886	 0.06977312355094158	 17.22053355376705	
7887	 0.06978098322929761	 17.223766721736826	
7888	 0.06978162602349396	 17.22403115317097	
7889	 0.06976344614097636	 17.216552974767463	
7890	 0.06973549980849202	 17.20505996299378	
7891	 0.06969984321470953	 17.190400541058644	
7892	 0.06966598218188533	 17.176483951872584	
7893	 0.06962965608942934	 17.16155925768022	
7894	 0.06959361685355209	 17.146757548087177	
7895	 0.06955139481895878	 17.129422994441388	
7896	 0.06950722295562001	 17.111295432257723	
7897	 0.06945400853120733	 17.089467117075785	
7898	 0.0693948514684752	 17.065214242278028	
7899	 0.06933097367456717	 17.03904146176789	
7900	 0.06926267631356803	 17.01107562057221	
7901	 0.069190913578219	 16.98171060693154	
7902	 0.06911623975497419	 16.951175937378874	
7903	 0.06903972230431929	 16.919910201509143	
7904	 0.06896048614827174	 16.887557915885505	
7905	 0.06887896464273857	 16.854298372045026	
7906	 0.06879135782253806	 16.818585354773443	
7907	 0.06869857873524904	 16.78079690207989	
7908	 0.06860644281589104	 16.743304063095163	
7909	 0.06851053574410225	 16.70431227126146	
7910	 0.06840556243022594	 16.661676218851856	
7911	 0.06829926002093524	 16.618544767920763	
7912	 0.06820579484478134	 16.580658886957504	
7913	 0.06811051065688951	 16.542071285864754	
7914	 0.06803281660851859	 16.510633853615044	
7915	 0.06803226103408584	 16.51040913703645	
7916	 0.06813626892313698	 16.552499162172705	
7917	 0.06826468157306749	 16.604524447600227	
7918	 0.06823641438259723	 16.593066632313192	
7919	 0.06811896514718924	 16.545493679033182	
7920	 0.0679978104052065	 16.49647707123202	
7921	 0.06787505448467779	 16.446872008577895	
7922	 0.06775412647025858	 16.398064038188977	
7923	 0.06763500354348628	 16.35004136984481	
7924	 0.06751836318236643	 16.303074115862838	
7925	 0.067416725905806	 16.262192189013767	
7926	 0.06731559873180416	 16.221556202216224	
7927	 0.0672150057768177	 16.18117523664787	
7928	 0.06711749842752726	 16.142071358667632	
7929	 0.06703414280422408	 16.10867283238913	
7930	 0.06692606273735748	 16.065409044147405	
7931	 0.06677582994493933	 16.005349112168563	
7932	 0.06662888586386824	 15.946691018373214	
7933	 0.06646241402151261	 15.880341829417224	
7934	 0.06629141717315765	 15.812304404495608	
7935	 0.0661199812295038	 15.744209619964904	
7936	 0.06594765488805254	 15.675879687733309	
7937	 0.06577886564794116	 15.609067561698161	
7938	 0.0656238207667198	 15.547796512174033	
7939	 0.06551001645156691	 15.502884383058223	
7940	 0.0654200487986252	 15.46741602756756	
7941	 0.06533816365528915	 15.435162330422528	
7942	 0.06525942908720227	 15.404175013684883	
7943	 0.06518322778191551	 15.37420842945316	
7944	 0.06510719973279849	 15.344333245111352	
7945	 0.0650315379553246	 15.314625067797316	
7946	 0.06495544419616951	 15.284770506904996	
7947	 0.06487820879659598	 15.254491869801086	
7948	 0.06480072345998646	 15.224139387435438	
7949	 0.06472301443598429	 15.19372357360941	
7950	 0.0646448213524146	 15.163142859508822	
7951	 0.06456394190025237	 15.131537462201315	
7952	 0.06448266769876264	 15.099804385308671	
7953	 0.06438867964788476	 15.063140488042533	
7954	 0.06426357943788834	 15.014395341411694	
7955	 0.06409946199197938	 14.95054305265483	
7956	 0.06394665123631765	 14.89118769670221	
7957	 0.06376673550047487	 14.821425232631169	
7958	 0.0635703948382513	 14.745443592255697	
7959	 0.06336295111409591	 14.665334989623332	
7960	 0.06315347055770154	 14.584617058647199	
7961	 0.06295466918262754	 14.508178966850116	
7962	 0.06278024000306409	 14.441244249273764	
7963	 0.06264714788908958	 14.390255349974092	
7964	 0.06254504309307186	 14.351186912881404	
7965	 0.062451858600669805	 14.315568747430136	
7966	 0.06235840213201045	 14.27988219194858	
7967	 0.062266019662745434	 14.244640771234275	
7968	 0.06217554997575396	 14.210162791288937	
7969	 0.0620922206778115	 14.178435587342191	
7970	 0.062015375270686415	 14.14920223877828	
7971	 0.06193784864538168	 14.11973420416959	
7972	 0.06185647315556026	 14.088829648404763	
7973	 0.06176855842020892	 14.05547208231353	
7974	 0.06167745122028548	 14.020936577565394	
7975	 0.061584093619158266	 13.985583288410956	
7976	 0.06149011313957674	 13.950030192514525	
7977	 0.06138469331008434	 13.91019264370123	
7978	 0.061248520210343445	 13.858801085068448	
7979	 0.06107328190890959	 13.792778377752937	
7980	 0.060913979458580646	 13.732869135109782	
7981	 0.0607489412467335	 13.670912895331911	
7982	 0.06058310250177267	 13.608769058880938	
7983	 0.06041928967061407	 13.547495617794139	
7984	 0.06027086364977622	 13.49207309047781	
7985	 0.06012624545704158	 13.438159859529906	
7986	 0.059989224956426654	 13.387158716859306	
7987	 0.05986988158992618	 13.342800504154228	
7988	 0.05978369884646196	 13.310804246484752	
7989	 0.059716418374275576	 13.285847019646196	
7990	 0.05964678321664614	 13.260036072385104	
7991	 0.05957042917244442	 13.231757785676301	
7992	 0.05948832838535426	 13.20137809900771	
7993	 0.059402645468626246	 13.169702713952198	
7994	 0.05931521980930966	 13.1374144491349	
7995	 0.05922644719954835	 13.104661173105056	
7996	 0.05913790051818532	 13.072023842365732	
7997	 0.05904788548327423	 13.038878669375691	
7998	 0.058957372768722385	 13.005584189600375	
7999	 0.05886726840069123	 12.972473745999165	
8000	 0.05878015382868791	 12.940494062923444	
8001	 0.05868793534868228	 12.90667515086107	
8002	 0.058570803533578006	 12.863770923727067	
8003	 0.05843811380554317	 12.815237044651928	
8004	 0.05833779880191744	 12.77859358465094	
8005	 0.0582360944045064	 12.741485460652365	
8006	 0.05813193525103808	 12.703526443193669	
8007	 0.05802569944231993	 12.664857304275628	
8008	 0.05793628252563799	 12.632346689641047	
8009	 0.05784661067414659	 12.59977696110221	
8010	 0.057763540716073127	 12.56963512462471	
8011	 0.05770253586173228	 12.547517979074255	
8012	 0.05763942932681228	 12.524655272605841	
8013	 0.05757618811627152	 12.501760509694948	
8014	 0.05751092968732715	 12.478153036884708	
8015	 0.05744391925128567	 12.453930346296032	
8016	 0.05737553633528495	 12.429230949572535	
8017	 0.057306043483786706	 12.404150750208467	
8018	 0.057235694697297175	 12.378782284782238	
8019	 0.05716463518177891	 12.353178617968686	
8020	 0.05707825640085569	 12.322083782314905	
8021	 0.0569900476381021	 12.290362544649518	
8022	 0.05689927688390398	 12.25775412948812	
8023	 0.056809347628875906	 12.225482194727213	
8024	 0.056723327605413675	 12.19464497549786	
8025	 0.056645074598926363	 12.166619211863742	
8026	 0.05654229122098453	 12.12984726800989	
8027	 0.05642727910928175	 12.08875315363934	
8028	 0.05636648367062568	 12.067053333801853	
8029	 0.05630469418830368	 12.045014690561066	
8030	 0.05624181042423032	 12.022602294998459	
8031	 0.05617799527736587	 11.999875018200305	
8032	 0.05611325489052097	 11.976835805054643	
8033	 0.05604761880629149	 11.95349592281808	
8034	 0.05598027762335423	 11.929568646262751	
8035	 0.05591135669633063	 11.905099925642626	
8036	 0.055811897758235494	 11.869824851343301	
8037	 0.05571980222792856	 11.837198700749193	
8038	 0.05563673207590727	 11.807800739468277	
8039	 0.0555560721199953	 11.779283717273318	
8040	 0.05547418020133376	 11.750359363237271	
8041	 0.055387633582975486	 11.719821885747377	
8042	 0.05529833762840595	 11.688347646599501	
8043	 0.05521359012155154	 11.658507924720249	
8044	 0.055132523681414816	 11.629992870486129	
8045	 0.05506347733785471	 11.60572790667083	
8046	 0.05500170676828408	 11.584037052382948	
8047	 0.05494321211385377	 11.563511507401607	
8048	 0.05488691753087552	 11.54377171052613	
8049	 0.054821243803586314	 11.520760152171087	
8050	 0.05473811349852432	 11.491658291167134	
8051	 0.05464082052664194	 11.457635835180193	
8052	 0.054573420105125225	 11.434090193354017	
8053	 0.05450533540130891	 11.410325179287026	
8054	 0.054436181925172265	 11.386207360062862	
8055	 0.05435801657204296	 11.358971159485982	
8056	 0.05428881896243643	 11.334881487496299	
8057	 0.05422708766443888	 11.313408321293215	
8058	 0.05421044723111701	 11.307622751527958	
8059	 0.05412291653037128	 11.277209445859627	
8060	 0.05405203758424808	 11.252605950862835	
8061	 0.053969530900011116	 11.223993315699355	
8062	 0.053903576126601176	 11.201141707727105	
8063	 0.05384750687521404	 11.1817298278252	
8064	 0.053795561094995815	 11.163757566369663	
8065	 0.05374398108392574	 11.14592329806603	
8066	 0.053693373845003785	 11.128436461221996	
8067	 0.05364494512088129	 11.111712674113322	
8068	 0.05359908356750302	 11.09588467862987	
8069	 0.05355619098057737	 11.081089517944166	
8070	 0.05351099082607331	 11.06550694229513	
8071	 0.05346437875851115	 11.049446802998018	
8072	 0.05341580441197162	 11.032720491917374	
8073	 0.05336635677754895	 11.015703881069847	
8074	 0.05329852262766665	 10.992376941848486	
8075	 0.05321002150774596	 10.961972749777395	
8076	 0.053145817104145815	 10.939936681245557	
8077	 0.05306973172249325	 10.913845823312855	
8078	 0.05298426336631013	 10.884567124234016	
8079	 0.052892167453311295	 10.853053262857161	
8080	 0.05280363098060474	 10.822791857006322	
8081	 0.05271723915303679	 10.793296071056886	
8082	 0.05263610263175292	 10.765623872554427	
8083	 0.05256317197105782	 10.740774597867116	
8084	 0.05250819091010529	 10.722056382701686	
8085	 0.05245565669891455	 10.704183396523808	
8086	 0.05238949876714197	 10.681692372024104	
8087	 0.05231315811175036	 10.655763153756135	
8088	 0.0522374381609602	 10.630069665466346	
8089	 0.05217264740451183	 10.608104401575492	
8090	 0.052119078571419994	 10.589957304394735	
8091	 0.05207163609512055	 10.573895964588427	
8092	 0.05202788393808814	 10.559092602426494	
8093	 0.05198662089861279	 10.545139025104138	
8094	 0.05194646319665004	 10.531566318138884	
8095	 0.05191470235851767	 10.520836579067046	
8096	 0.051880872821304935	 10.509412785110493	
8097	 0.05182802265802258	 10.491575910948738	
8098	 0.05176055571843296	 10.468823504781836	
8099	 0.05165726403428977	 10.434027930592658	
8100	 0.051566681437241364	 10.40355177805128	
8101	 0.051453146168203304	 10.3654036645365	
8102	 0.05132565998633391	 10.322634849730063	
8103	 0.05119070611590315	 10.27743789242968	
8104	 0.05104591779512035	 10.229035564988434	
8105	 0.05090205297480751	 10.181032528217203	
8106	 0.0507582125154178	 10.133127959406034	
8107	 0.0506302049936889	 10.090572419304449	
8108	 0.05053513297634314	 10.059012520680595	
8109	 0.050456864807605084	 10.033060477704707	
8110	 0.05039006430795351	 10.010932083353426	
8111	 0.05033523258294192	 9.99278308387162	
8112	 0.050291854881902326	 9.978434637574392	
8113	 0.050255368708203484	 9.966372152535591	
8114	 0.05022445898331909	 9.9561578322346	
8115	 0.050196009478666044	 9.94676021072686	
8116	 0.050167635264780935	 9.937390995842021	
8117	 0.05013976471106581	 9.928191529008982	
8118	 0.05011037117000871	 9.918493049913467	
8119	 0.05007961615119825	 9.908349406904724	
8120	 0.050058982658271904	 9.901546380246813	
8121	 0.050019879614924254	 9.888658923823657	
8122	 0.04994965533238644	 9.865531487319657	
8123	 0.04985579687123656	 9.83465428053585	
8124	 0.049777080374817345	 9.80878828049656	
8125	 0.049676996223920696	 9.775940293087922	
8126	 0.049567475820726487	 9.740045814857178	
8127	 0.04945488546350876	 9.703200259377445	
8128	 0.04934554039891394	 9.667470223140423	
8129	 0.04924236272546967	 9.633803833451731	
8130	 0.04914778099944393	 9.602983545154585	
8131	 0.049065893766779674	 9.576331784533378	
8132	 0.04900331022071666	 9.555982756318036	
8133	 0.04894528450323299	 9.537131177288083	
8134	 0.048891718011362106	 9.519741546060494	
8135	 0.048842311922145616	 9.503713788724488	
8136	 0.04879894894740341	 9.489655372511013	
8137	 0.048760128923664076	 9.477076858676883	
8138	 0.048726496273752466	 9.466184560489522	
8139	 0.048697010238908614	 9.456639310858987	
8140	 0.04868896269565042	 9.454034820997391	
8141	 0.04867713485147852	 9.450207403396952	
8142	 0.04866189133916764	 9.44527561096255	
8143	 0.04863043659015498	 9.435102189603851	
8144	 0.04859848343299531	 9.42477205862444	
8145	 0.04856056854264645	 9.41252043271991	
8146	 0.048496367330109084	 9.391789316443749	
8147	 0.048412852828963314	 9.364849144801694	
8148	 0.04835432551716771	 9.345987812376922	
8149	 0.04828939299324866	 9.325080103484686	
8150	 0.04821978875489428	 9.302688947639846	
8151	 0.04814357019690175	 9.278194719928054	
8152	 0.04807241963699341	 9.255352504251935	
8153	 0.04800639751634602	 9.234176875845451	
8154	 0.047957218582666876	 9.21841606391747	
8155	 0.04794794165055447	 9.21544421010954	
8156	 0.04793795629738865	 9.21224584281459	
8157	 0.04792518274013717	 9.208155044807834	
8158	 0.04791087007744013	 9.203572203755362	
8159	 0.04789432447148017	 9.198275523036484	
8160	 0.0478756322998162	 9.192293137915625	
8161	 0.04785524443484564	 9.18576982539574	
8162	 0.047833503735699556	 9.178815700271732	
8163	 0.04781060162580428	 9.17149235720602	
8164	 0.047786639554419	 9.163832576387577	
8165	 0.04776254634895028	 9.156133458126376	
8166	 0.04773708665566221	 9.148000484176885	
8167	 0.04771101449151793	 9.139674855790561	
8168	 0.047680480729992175	 9.129928360176152	
8169	 0.04763387675490393	 9.1150602106337	
8170	 0.04755883922823936	 9.091141226765576	
8171	 0.04746592756541734	 9.061559523790551	
8172	 0.04739175212571126	 9.03797084965223	
8173	 0.04730882767118755	 9.011629009123896	
8174	 0.047218004967099686	 8.982813504433162	
8175	 0.04711879528147722	 8.951379245236437	
8176	 0.04702954777682408	 8.923139142760826	
8177	 0.046943286942632126	 8.895878028369713	
8178	 0.046864873003438695	 8.871125736443888	
8179	 0.046800655359000444	 8.850875226296294	
8180	 0.04676155332682816	 8.838553788674279	
8181	 0.0467276875629659	 8.82788790009535	
8182	 0.04669762636858273	 8.818424562051993	
8183	 0.046661840285115934	 8.807164308857635	
8184	 0.04662481889047903	 8.795521416582561	
8185	 0.046592289781253335	 8.785296392627318	
8186	 0.046566612313582924	 8.777228436817843	
8187	 0.046548934684369034	 8.771675783415857	
8188	 0.04653279451597194	 8.76660728358806	
8189	 0.04651975017111359	 8.762511822025939	
8190	 0.046506373481765874	 8.758312811107315	
8191	 0.046492575516409486	 8.753982403037712	
8192	 0.04647833170659202	 8.74951296804302	
8193	 0.046451035671829816	 8.740950546045417	
8194	 0.04640005532134762	 8.724967634379373	
8195	 0.04633740854020801	 8.705343192670126	
8196	 0.04631045884564337	 8.696906493882418	
8197	 0.046276963081623886	 8.686425085875664	
8198	 0.04624679748214768	 8.676990071723646	
8199	 0.046224173883714796	 8.669916690875356	
8200	 0.046206798008909145	 8.664485603733118	
8201	 0.04621970085774966	 8.668518450218698	
8202	 0.04622995907076688	 8.671725238871266	
8203	 0.04623747142844363	 8.674073954999749	
8204	 0.04624369925393532	 8.676021258870158	
8205	 0.04624832148872358	 8.677466642928056	
8206	 0.04625129814097514	 8.678397500306259	
8207	 0.04623648441983384	 8.673765355196302	
8208	 0.04622050198339225	 8.668768870580873	
8209	 0.0462102506158989	 8.665564658833707	
8210	 0.046205182105841465	 8.663980598471996	
8211	 0.04620040119358385	 8.662486527154858	
8212	 0.04619019240562104	 8.659296548565235	
8213	 0.04618094349583651	 8.656406912521593	
8214	 0.04617243804504715	 8.653749895823106	
8215	 0.04616552380423351	 8.65159019743592	
8216	 0.0461589262245882	 8.649529610821595	
8217	 0.04614200332200665	 8.644245069272083	
8218	 0.04610313035073752	 8.632111037604432	
8219	 0.046042238220905564	 8.613117526929106	
8220	 0.04600809228253208	 8.602474029377357	
8221	 0.045969701251089484	 8.590513597859294	
8222	 0.04593146502546132	 8.57860801191002	
8223	 0.045890519328494854	 8.56586610403941	
8224	 0.04585712965554998	 8.555481166891811	
8225	 0.04583012614457314	 8.547086155381393	
8226	 0.04584065770241492	 8.550359876350884	
8227	 0.04585074009500989	 8.55349444471569	
8228	 0.04585966636964668	 8.55626996498509	
8229	 0.04586624175979683	 8.558314735715939	
8230	 0.04587155495986046	 8.559967141802131	
8231	 0.04586139457134501	 8.556807370625725	
8232	 0.04585175157027912	 8.553808932976848	
8233	 0.045841524116898125	 8.55062922248295	
8234	 0.04581961926243025	 8.543820604545337	
8235	 0.04578691003905577	 8.533657737047337	
8236	 0.045783583886992246	 8.532624561264667	
8237	 0.04577683947978561	 8.530529754062846	
8238	 0.04576594246568593	 8.527145585422952	
8239	 0.04575563921471312	 8.523946309459687	
8240	 0.04575153663038966	 8.522672544305054	
8241	 0.04573303875354808	 8.516930292751535	
8242	 0.04567787841911096	 8.49981619497226	
8243	 0.0455935792764227	 8.473688071772257	
8244	 0.04555806258094341	 8.46268947468239	
8245	 0.045835848390211355	 8.548864845735475	
8246	 0.046116229431060335	 8.636199097843523	
8247	 0.04606532942954493	 8.620318181099679	
8248	 0.04661063246354522	 8.791061547023245	
8249	 0.04699747818442667	 8.913000254940195	
8250	 0.047759001844007866	 9.155001010216294	
8251	 0.048687033179094	 9.453410398995244	
8252	 0.049460968608510736	 9.705189560458516	
8253	 0.050184963065778035	 9.943112246105974	
8254	 0.050810816379794184	 10.150636646919608	
8255	 0.051250239119105534	 10.297366115872018	
8256	 0.05143449616400697	 10.359142581116414	
8257	 0.05147883227256184	 10.374029348363782	
8258	 0.05145134699274419	 10.364799588663116	
8259	 0.05144361427112175	 10.362203476047206	
8260	 0.05143567934564457	 10.359539747809992	
8261	 0.05144770174228725	 10.363575733494914	
8262	 0.051478631454398675	 10.373961900226446	
8263	 0.051533297482835416	 10.392328874230733	
8264	 0.05159984668144346	 10.414705953923537	
8265	 0.051661617721553366	 10.43549360928381	
8266	 0.05172751299383535	 10.457687456196668	
8267	 0.051832996679015995	 10.493254121100245	
8268	 0.05201282870390922	 10.554000644495513	
8269	 0.052115445783245305	 10.588727103002064	
8270	 0.05217783387422782	 10.60986204145222	
8271	 0.052249071163678815	 10.634015392671897	
8272	 0.05235159693491289	 10.668815807023668	
8273	 0.05243027999885282	 10.69555410648625	
8274	 0.052506546492282834	 10.721496744410176	
8275	 0.05259152925652184	 10.750433895087044	
8276	 0.05268351390913523	 10.781790381462274	
8277	 0.052765181402136624	 10.809660475536399	
8278	 0.05284592958320682	 10.83724513071885	
8279	 0.052925511426811	 10.864458857109184	
8280	 0.05300601537875918	 10.892015676654239	
8281	 0.05315510938260113	 10.943124855093929	
8282	 0.05379901107404045	 11.16495083560993	
8283	 0.055107696709832066	 11.621265591191078	
8284	 0.057638877602575585	 12.524455463380837	
8285	 0.0599875580063925	 13.386538730020105	
8286	 0.062292000784540655	 14.254548347931205	
8287	 0.06485406291889963	 15.24503087600258	
8288	 0.0666610208376272	 15.95951150582197	
8289	 0.06804176652742355	 16.514254050483277	
8290	 0.06891497544709602	 16.86898700278817	
8291	 0.06937286607108109	 17.05620430648283	
8292	 0.06940913233591013	 17.071067769217102	
8293	 0.06946503205499861	 17.093988001179316	
8294	 0.06949907507304369	 17.107952485244194	
8295	 0.06957006935155645	 17.13708909032288	
8296	 0.0697009990304175	 17.190875650802617	
8297	 0.069890259400202	 17.268743865249323	
8298	 0.0701478629829085	 17.37495689002476	
8299	 0.07052817661677732	 17.53224055215241	
8300	 0.07096138109052098	 17.71208793461201	
8301	 0.07137238659347711	 17.883397342040638	
8302	 0.07174339608974566	 18.038602095267766	
8303	 0.07211637382428662	 18.19517049739805	
8304	 0.07250208168532521	 18.35765150428621	
8305	 0.07289282230128963	 18.522841209111146	
8306	 0.0733036865349142	 18.697176224433964	
8307	 0.07379025308536634	 18.9044767198487	
8308	 0.0742263645154569	 19.091057137114024	
8309	 0.07467773123311644	 19.284935298970627	
8310	 0.07517569146815356	 19.49973516692288	
8311	 0.07552002428815333	 19.648822479270958	
8312	 0.0759241658964496	 19.824384380591482	
8313	 0.07626596750942789	 19.973352535389868	
8314	 0.07692644764205439	 20.262473365001924	
8315	 0.07780206386471536	 20.64832640746543	
8316	 0.07849400213202153	 20.95529514321468	
8317	 0.07955215040251001	 21.42822511393231	
8318	 0.08017268702506242	 21.70752915837049	
8319	 0.0808381548083221	 22.008662322441797	
8320	 0.08138996310245974	 22.259620029457647	
8321	 0.08242645607204209	 22.734079458940396	
8322	 0.0838839380205025	 23.40800196086658	
8323	 0.08490945525158577	 23.88689781502262	
8324	 0.08686549188030725	 24.811049357916602	
8325	 0.08992885215198605	 26.28641807540235	
8326	 0.09413495187126802	 28.36728915103015	
8327	 0.09833204865616305	 30.50643600285728	
8328	 0.10082898127954232	 31.8084099204909	
8329	 0.10189973615966863	 32.373383590929485	
8330	 0.1024057314304012	 32.641749965033576	
8331	 0.10298378432304887	 32.94941729213137	
8332	 0.10313304493806129	 33.0290483710802	
8333	 0.10344904920371464	 33.19789138829149	
8334	 0.1038955098186103	 33.43702461315423	
8335	 0.10443730221768208	 33.72814078361272	
8336	 0.10504385930882904	 34.055252885429844	
8337	 0.10567995179732298	 34.39964849675747	
8338	 0.10631349643820358	 34.74404107508776	
8339	 0.1069323138048113	 35.081751480727526	
8340	 0.10756087599316405	 35.42611637036615	
8341	 0.10815426762057263	 35.752446215888945	
8342	 0.10870208716519456	 36.05477576890433	
8343	 0.10919744591816397	 36.32902939044849	
8344	 0.10962152808759462	 36.564481011004055	
8345	 0.10999104142232627	 36.770131594167374	
8346	 0.11031881127806958	 36.9529360038038	
8347	 0.11060178116305605	 37.11104602778649	
8348	 0.11082571774470808	 37.23636239912657	
8349	 0.11098717880060471	 37.32682187248493	
8350	 0.11108707203663548	 37.382831578870814	
8351	 0.11112347360909727	 37.40325013372526	
8352	 0.11110366672154921	 37.39213940065246	
8353	 0.11103329258520891	 37.352673498195706	
8354	 0.1109164662043054	 37.28719393351809	
8355	 0.11075771295249788	 37.198288608466434	
8356	 0.1105646875340263	 37.09030450715286	
8357	 0.11033315746704671	 36.960945468626086	
8358	 0.11006867936048952	 36.813399191187855	
8359	 0.10977803579382964	 36.65152817736754	
8360	 0.10946784860936708	 36.47908744252777	
8361	 0.1091410317011984	 36.29775392163006	
8362	 0.10878470640909271	 36.10045984932055	
8363	 0.10838188885698287	 35.877941707051946	
8364	 0.10800063794059381	 35.66784428761722	
8365	 0.10760955388848495	 35.45284121955719	
8366	 0.10722796535087567	 35.24355991412445	
8367	 0.10683644598440227	 35.029347522875206	
8368	 0.10643596211733117	 34.81077117555515	
8369	 0.10600406752874043	 34.575665194190584	
8370	 0.10556710951065218	 34.33845188122058	
8371	 0.10514253627875482	 34.10858808812344	
8372	 0.10471902654191134	 33.8799157236542	
8373	 0.1042973175246537	 33.65282743717234	
8374	 0.10387931780702798	 33.428339852794785	
8375	 0.10346821988349467	 33.20814547733998	
8376	 0.10306600052010795	 32.99327041966669	
8377	 0.10267033390306249	 32.78244073363718	
8378	 0.10227925172945677	 32.57458544872749	
8379	 0.10189559934391554	 32.37119318763086	
8380	 0.10151803443833095	 32.17152600805702	
8381	 0.1011492999156434	 31.977005827624904	
8382	 0.10078281192482966	 31.784138631650098	
8383	 0.10041933198494847	 31.5933157085454	
8384	 0.10006405216361625	 31.407242222482285	
8385	 0.09971692479614612	 31.22586337370672	
8386	 0.09937693593250271	 31.048622055891048	
8387	 0.0990452521380796	 30.876099409662203	
8388	 0.09871755505378131	 30.706028242692227	
8389	 0.09839521039098269	 30.53910171687274	
8390	 0.09807944812413752	 30.375936982640084	
8391	 0.0978091768142186	 30.23655676418115	
8392	 0.09752287722878238	 30.089190488100726	
8393	 0.09724458172540135	 29.946220295675527	
8394	 0.09696178194284992	 29.80121525883443	
8395	 0.09668101667161612	 29.657532055882328	
8396	 0.09639906764400469	 29.513522724764954	
8397	 0.09612120837353764	 29.371876744410688	
8398	 0.09585093199836074	 29.23435798735198	
8399	 0.09558692342792925	 29.100277692896043	
8400	 0.09533262731985567	 28.971363213047066	
8401	 0.09508218717031906	 28.84462735900742	
8402	 0.09483149909119987	 28.717988717375224	
8403	 0.09458325268237176	 28.592803256370903	
8404	 0.09434482852192287	 28.47277698207404	
8405	 0.09410925050169015	 28.354381939747352	
8406	 0.09387410001835311	 28.23639864468022	
8407	 0.09364212201241513	 28.120199991085524	
8408	 0.09341455615948839	 28.00639771111436	
8409	 0.0931906026988439	 27.89458223128472	
8410	 0.09296839750695651	 27.783816534377436	
8411	 0.09274615649793642	 27.67320938062321	
8412	 0.09251158482087556	 27.556656895819938	
8413	 0.09226646160233966	 27.435071965729488	
8414	 0.092024051934927	 27.315044590809013	
8415	 0.09178220297164694	 27.195504713358613	
8416	 0.09155039412867567	 27.081124338928877	
8417	 0.09132645251949738	 26.970809060182834	
8418	 0.09112224351925965	 26.870371277901615	
8419	 0.09091666559478011	 26.76941166285425	
8420	 0.09070956880573988	 26.66785989762768	
8421	 0.09050008382187752	 26.565294191440625	
8422	 0.09028857179675708	 26.46189648514584	
8423	 0.09007511442304121	 26.357711383232047	
8424	 0.0898597222490185	 26.252748646450687	
8425	 0.08964233287968396	 26.146982590660233	
8426	 0.08942300112559268	 26.040444662776917	
8427	 0.08920184007234441	 25.933194422159563	
8428	 0.08897946245670499	 25.825532810427244	
8429	 0.08874628071831077	 25.71283300995663	
8430	 0.08851312433978077	 25.600342674644285	
8431	 0.08828809870202664	 25.491962320694025	
8432	 0.08806085464834607	 25.382700230275358	
8433	 0.08782141841848957	 25.26777916880356	
8434	 0.08757516507322335	 25.149803819062157	
8435	 0.0873331346367167	 25.034066883669734	
8436	 0.0870819424578328	 24.914174799726556	
8437	 0.08683036101830095	 24.794327795597336	
8438	 0.08657962244656338	 24.675112423547642	
8439	 0.08634034944053318	 24.561562845257274	
8440	 0.08609153583282311	 24.443707968206358	
8441	 0.08583296504725749	 24.321471813399928	
8442	 0.08557929431635289	 24.201790414238374	
8443	 0.0853504974277435	 24.094047097421186	
8444	 0.08511856424982282	 23.98502321524752	
8445	 0.08488331495109998	 23.874642670109598	
8446	 0.08464528682796209	 23.763165661295442	
8447	 0.0844046579287741	 23.650682843570866	
8448	 0.08415431674769694	 23.533886675300106	
8449	 0.08390104701759783	 23.415959675502666	
8450	 0.08365553807572847	 23.30187253538767	
8451	 0.08340801883326811	 23.187076956927996	
8452	 0.08315138798766408	 23.068295128280752	
8453	 0.08289249449600666	 22.948713418142134	
8454	 0.08263208296747797	 22.828681456030584	
8455	 0.08237111832044541	 22.708647266702325	
8456	 0.08211134224642955	 22.589411307008884	
8457	 0.08185605133649275	 22.472478765897616	
8458	 0.08158396604461526	 22.34812115569225	
8459	 0.08132220871288	 22.228744633067436	
8460	 0.08104814832636685	 22.104031421346566	
8461	 0.08075617362182241	 21.971475133426008	
8462	 0.0804622518936298	 21.838357219707927	
8463	 0.08017215768686878	 21.70729028651753	
8464	 0.07988367462756271	 21.577264443345967	
8465	 0.07959905939287128	 21.44928831920514	
8466	 0.0793231665662918	 21.32552502333409	
8467	 0.07907108113639912	 21.212692130952963	
8468	 0.07882423677657947	 21.10243726887709	
8469	 0.07857460877429596	 20.991172918735177	
8470	 0.07831921198973885	 20.877580933784987	
8471	 0.07806162477513946	 20.76326458077303	
8472	 0.07780569804092437	 20.649933923196873	
8473	 0.0775535160974995	 20.538504375269444	
8474	 0.0773042470845034	 20.42859907085676	
8475	 0.07705642771973126	 20.31956688383373	
8476	 0.07681680745451397	 20.21436408146047	
8477	 0.07657331606655905	 20.10768557927467	
8478	 0.07633909605865132	 20.00528222253551	
8479	 0.07611475957110016	 19.907396225429522	
8480	 0.07594698880516204	 19.834317437781966	
8481	 0.0758279765705737	 19.78254243774012	
8482	 0.07588986326216249	 19.809458825563222	
8483	 0.07603907276187338	 19.874414715338737	
8484	 0.07620887714118868	 19.948439686819	
8485	 0.07628452003175376	 19.98145108243044	
8486	 0.07628095151522105	 19.979893251591943	
8487	 0.0762775064499451	 19.97838935931677	
8488	 0.07599116604802694	 19.853550048956443	
8489	 0.07569469954143626	 19.724625962188377	
8490	 0.07542104110210375	 19.605918776460307	
8491	 0.07515933068704735	 19.492662673409733	
8492	 0.07491535170820861	 19.38731642635154	
8493	 0.07468531680887418	 19.288200268067126	
8494	 0.07446338037536325	 19.192766232342613	
8495	 0.07424838370921176	 19.100496982711324	
8496	 0.07403881135953198	 19.010726933361838	
8497	 0.0738335463260964	 18.92296597548673	
8498	 0.07363176536395129	 18.836853021569677	
8499	 0.07343154072236359	 18.751559615379957	
8500	 0.07323540231732555	 18.668157093290436	
8501	 0.0730400540635554	 18.585238442711738	
8502	 0.07284538873561036	 18.502756611264044	
8503	 0.07265207331075743	 18.42099203853616	
8504	 0.0726055755958801	 18.401347008583606	
8505	 0.07247953674961989	 18.348138463117007	
8506	 0.0722679842915465	 18.258968098086395	
8507	 0.07206074947537054	 18.17178620378478	
8508	 0.07188536150999056	 18.098132463972274	
8509	 0.07172742439488647	 18.03190959384789	
8510	 0.07154317184984166	 17.95477546229946	
8511	 0.07135685628042364	 17.876912233272048	
8512	 0.07120133962465337	 17.81202387846459	
8513	 0.07099837634174395	 17.72748074401857	
8514	 0.07078041892580944	 17.636871143991243	
8515	 0.0705700130284413	 17.549577147025456	
8516	 0.07036894398599691	 17.466318830423194	
8517	 0.07017251657587782	 17.385135515500263	
8518	 0.06997817081706613	 17.3049615057508	
8519	 0.0697847253524443	 17.225306171915435	
8520	 0.0695923355244989	 17.146231386235723	
8521	 0.06940150010425926	 17.067939324786185	
8522	 0.06921199911453901	 16.990336615490953	
8523	 0.06902337396984877	 16.913233115048204	
8524	 0.06883531497665159	 16.83650074969748	
8525	 0.06864841281598309	 16.7603787412671	
8526	 0.06846232638036895	 16.684726102238354	
8527	 0.0682771495288971	 16.60957921081754	
8528	 0.06809350874492397	 16.53518973815335	
8529	 0.06791452741135769	 16.462816305515016	
8530	 0.06772153942138516	 16.384921447763997	
8531	 0.06753573282995848	 16.310064879100025	
8532	 0.06734803205110891	 16.23458447039734	
8533	 0.06715878089782419	 16.158622462173998	
8534	 0.06696769356266997	 16.08206809738271	
8535	 0.06677728577905151	 16.005930692424208	
8536	 0.06658733929427223	 15.930121813622108	
8537	 0.06639785895784868	 15.854642478765653	
8538	 0.06620903535908645	 15.7795674707839	
8539	 0.06602807579345539	 15.707752967066966	
8540	 0.06584519287216731	 15.635308362445201	
8541	 0.06566324381262918	 15.563366677103573	
8542	 0.06548255592711026	 15.49205505059139	
8543	 0.06530614807888423	 15.422559055565742	
8544	 0.06513435892313577	 15.355002766897092	
8545	 0.06496732383479008	 15.28942981918582	
8546	 0.06480270706493951	 15.224916101665807	
8547	 0.06463885217642014	 15.160809373222998	
8548	 0.06447560108890207	 15.09704652461952	
8549	 0.06431365754047084	 15.033900627988608	
8550	 0.06415265169349833	 14.971225359854671	
8551	 0.06399305036157217	 14.909200242294334	
8552	 0.06383395638753608	 14.847474849135656	
8553	 0.06367780086507017	 14.78698917054647	
8554	 0.06350944057151207	 14.72188675672377	
8555	 0.0633605551405213	 14.664410755729953	
8556	 0.06321125019508006	 14.606863153419235	
8557	 0.06305257093774319	 14.545801602271402	
8558	 0.06292464176613304	 14.496647551424195	
8559	 0.06277245438841184	 14.438259517268717	
8560	 0.06262422306009825	 14.381479906544739	
8561	 0.062476507029622604	 14.324986740390392	
8562	 0.06232924020498489	 14.268753941105098	
8563	 0.0621829419822194	 14.212978629615208	
8564	 0.06203821775281648	 14.157889401132707	
8565	 0.061893957376690956	 14.103061936139667	
8566	 0.06175031567797793	 14.048554185433785	
8567	 0.061607628124787886	 13.99449212875156	
8568	 0.06146594246848567	 13.940892208310805	
8569	 0.061325260423544484	 13.887753389010625	
8570	 0.061185569275101125	 13.83506920383912	
8571	 0.06103654620926443	 13.778953844613332	
8572	 0.060886618978982815	 13.722590114592856	
8573	 0.06074027220325751	 13.66766158761881	
8574	 0.06059796244138687	 13.614332822034948	
8575	 0.060459395217167755	 13.562486689042705	
8576	 0.06032370862183867	 13.511795073945011	
8577	 0.0601953005637091	 13.463892625921078	
8578	 0.060054344476633256	 13.411387533362847	
8579	 0.05993222888704863	 13.3659667513091	
8580	 0.059810916697182984	 13.320905842392747	
8581	 0.0596838049870084	 13.273756051445035	
8582	 0.05954378395324413	 13.221895215634342	
8583	 0.059396736191055066	 13.167519285710297	
8584	 0.05925072496716478	 13.113615376376067	
8585	 0.05910559974526678	 13.060126238319526	
8586	 0.058963604487313165	 13.007875392901587	
8587	 0.058839465075160954	 12.96226373926306	
8588	 0.058721607878511176	 12.919019639106766	
8589	 0.058609605264462246	 12.877977284839035	
8590	 0.05850043699164008	 12.838023836973015	
8591	 0.0583935284829107	 12.798945560676948	
8592	 0.05828514528736358	 12.75937690093698	
8593	 0.05817646035086989	 12.719747308673599	
8594	 0.05806773226911698	 12.680151340295671	
8595	 0.05795926915705176	 12.640701083056442	
8596	 0.057852433723745225	 12.601890930764418	
8597	 0.05774677450550576	 12.56355502761847	
8598	 0.05764354957036851	 12.526147476247028	
8599	 0.0575423315913645	 12.489510561406057	
8600	 0.0574442183820433	 12.45403843316681	
8601	 0.05735375975470917	 12.421369529827885	
8602	 0.05725150746143741	 12.384482713257299	
8603	 0.05717023566969	 12.355195776730383	
8604	 0.057088608301272305	 12.325808630255054	
8605	 0.05700627126765555	 12.29619435849276	
8606	 0.05692334107120717	 12.266395553697096	
8607	 0.05683973898026633	 12.236384601720438	
8608	 0.056754605069091156	 12.205853993084764	
8609	 0.056670431267359885	 12.175697699339734	
8610	 0.056586647727917896	 12.145710860979833	
8611	 0.05650530223974911	 12.116624927744164	
8612	 0.05642448261422495	 12.087754653726464	
8613	 0.05634381078719569	 12.058964655611186	
8614	 0.05626330864421112	 12.030262594868418	
8615	 0.056173135206882656	 11.998144846203422	
8616	 0.05608383918565846	 11.966373467110841	
8617	 0.05599680575304405	 11.93543954909268	
8618	 0.05591267604581329	 11.905568140328114	
8619	 0.05583011343836129	 11.876282269419834	
8620	 0.055756691088379995	 11.850262791344058	
8621	 0.05568361412768306	 11.824388383976476	
8622	 0.055610682498093235	 11.798587994425974	
8623	 0.05553796833683393	 11.77288698373586	
8624	 0.05546560884106982	 11.74733358993719	
8625	 0.05539269545334453	 11.721607062404132	
8626	 0.055304158351786765	 11.690398251507254	
8627	 0.055224059116311265	 11.662192421358563	
8628	 0.0551366135133879	 11.63143079646426	
8629	 0.05505228047582815	 11.601794902675133	
8630	 0.05496716785681872	 11.57191572322221	
8631	 0.05486844638155745	 11.537297708446935	
8632	 0.05476122416800344	 11.499745809294701	
8633	 0.05478627115500914	 11.508513506394971	
8634	 0.054719668015450564	 11.48520497602455	
8635	 0.054670303177228624	 11.467941385226213	
8636	 0.05462138342432505	 11.4508436960854	
8637	 0.05456145438513287	 11.42991211784746	
8638	 0.05449791885287122	 11.407737622479397	
8639	 0.05443397545774389	 11.385438173241981	
8640	 0.05437327923447274	 11.364287283304414	
8641	 0.0543157956815273	 11.344270423837655	
8642	 0.0542624783546875	 11.325716943043737	
8643	 0.05421818167498234	 11.310311726844567	
8644	 0.05417339608168837	 11.294745007304556	
8645	 0.0541281889719978	 11.279040474286516	
8646	 0.05408263313783772	 11.263223640724371	
8647	 0.05403679327526572	 11.24731715624897	
8648	 0.05399077881866935	 11.231359132089715	
8649	 0.05394498157073918	 11.21548543720848	
8650	 0.053882373235391925	 11.193799416636606	
8651	 0.05382580166066307	 11.174218825997308	
8652	 0.053763986123974865	 11.152838872677288	
8653	 0.05369957428057231	 11.130578370745553	
8654	 0.05363388633352289	 11.107895177944004	
8655	 0.05355882888399261	 11.081999195651095	
8656	 0.05347555997698885	 11.053298429507919	
8657	 0.053396801958979744	 11.026179859318582	
8658	 0.053320574280409094	 10.999957937084739	
8659	 0.053251496538101385	 10.97621713006424	
8660	 0.05319382032736779	 10.956410549665863	
8661	 0.05314847346952673	 10.940848040308312	
8662	 0.05310948035130107	 10.927473136213713	
8663	 0.05307474386846509	 10.915563799162177	
8664	 0.05304063989454201	 10.903876370713462	
8665	 0.053007022107087555	 10.89236046048291	
8666	 0.05297272035825432	 10.880615274071785	
8667	 0.05293768564922072	 10.868624349207115	
8668	 0.052903689927209084	 10.856994082757785	
8669	 0.05286881944418825	 10.845069727312255	
8670	 0.052832457398051216	 10.832640898286037	
8671	 0.05279492773651856	 10.819818948315918	
8672	 0.0527575476574595	 10.807054141635561	
8673	 0.052722965456367975	 10.795250141681327	
8674	 0.05266954015274032	 10.777024539164906	
8675	 0.05261844032870073	 10.759603782635963	
8676	 0.05255552734181248	 10.738171214297344	
8677	 0.05255093001936643	 10.736605714638458	
8678	 0.05254811645815305	 10.735647673925163	
8679	 0.052482610825249965	 10.713352135274812	
8680	 0.0524420249675277	 10.699547610740106	
8681	 0.05239130673084839	 10.682306755146017	
8682	 0.052335549111473784	 10.663365677913538	
8683	 0.0522995863057026	 10.651156108753602	
8684	 0.05226495355251305	 10.639403388927532	
8685	 0.05222870192075334	 10.62710685858112	
8686	 0.052189778105882594	 10.613910258553327	
8687	 0.05214944749104425	 10.600243621539727	
8688	 0.05211105766108154	 10.587241192786498	
8689	 0.05207781873811273	 10.575988505302147	
8690	 0.052048113864687426	 10.565936283698324	
8691	 0.05202069538605357	 10.556661178961237	
8692	 0.05199123490436564	 10.546698938363816	
8693	 0.05196313927948903	 10.537201737575225	
8694	 0.05193565012011022	 10.527912853786486	
8695	 0.05190813589062222	 10.518618780135775	
8696	 0.05188079499098776	 10.509386508550469	
8697	 0.051851030078767915	 10.499339401476819	
8698	 0.051806777522659095	 10.48440911579562	
8699	 0.05177127179155242	 10.472436050356452	
8700	 0.05173483099025095	 10.460153356312913	
8701	 0.05169727743225888	 10.447501631030086	
8702	 0.051782185064378976	 10.476115587231716	
8703	 0.051829552235638725	 10.492091971460576	
8704	 0.05181375493420566	 10.486762647027001	
8705	 0.051761176837804304	 10.469032879629568	
8706	 0.05175838591502777	 10.468092092893519	
8707	 0.05172432948624088	 10.45661480186724	
8708	 0.051690155784371736	 10.44510305174199	
8709	 0.05165679543910894	 10.43387018187096	
8710	 0.051626234428071176	 10.42358412843855	
8711	 0.05159895260192086	 10.414405193290028	
8712	 0.051571849597076405	 10.405289625473852	
8713	 0.05154399457279841	 10.39592445786532	
8714	 0.051516202336789566	 10.386583762398944	
8715	 0.05148965960238954	 10.377666147771334	
8716	 0.0514629206953597	 10.368685722833666	
8717	 0.051437815577603546	 10.360256846865985	
8718	 0.05141447452673251	 10.352422704462384	
8719	 0.05139160430323901	 10.34474888900433	
8720	 0.05137004831211134	 10.337518131527796	
8721	 0.05134947036131095	 10.330617335551933	
8722	 0.05131817397111335	 10.320125655024318	
8723	 0.05129578153012164	 10.312621517173287	
8724	 0.05126838695838168	 10.3034440387986	
8725	 0.05123373371114105	 10.291839508086762	
8726	 0.05118442630725214	 10.275336674289044	
8727	 0.051122960950686004	 10.254779497289773	
8728	 0.05106035394141347	 10.233857425393717	
8729	 0.0509965804768713	 10.212563122340807	
8730	 0.05093894715730785	 10.193334311537582	
8731	 0.050904230811889675	 10.181758528613878	
8732	 0.05087950316754446	 10.173516576681918	
8733	 0.05085866668241298	 10.166573656802168	
8734	 0.050837451774368644	 10.159506590743396	
8735	 0.05081376801468656	 10.15161942826385	
8736	 0.05078945489283446	 10.143525224587913	
8737	 0.050766707102073386	 10.135954481819786	
8738	 0.0507466764627868	 10.129289912464568	
8739	 0.050728650034456646	 10.123293680795596	
8740	 0.050702216817374024	 10.114503620392705	
8741	 0.05068146847102671	 10.107606137733505	
8742	 0.0506654209929508	 10.102272680466939	
8743	 0.050651575688574646	 10.097672031201435	
8744	 0.050638512706347664	 10.093332107954014	
8745	 0.05062374985211084	 10.088428333399408	
8746	 0.0505960029819086	 10.079214240296837	
8747	 0.05057519701101671	 10.072307268756418	
8748	 0.050546628667400985	 10.062826503199956	
8749	 0.05050568650215566	 10.049245555941935	
8750	 0.05045351760389066	 10.031951214877987	
8751	 0.05039714932955706	 10.013278147510837	
8752	 0.050340000727434574	 9.994360790501942	
8753	 0.05028551913705461	 9.976339594513197	
8754	 0.05023773650847201	 9.960544963770422	
8755	 0.05020994449069996	 9.951362869076002	
8756	 0.05019012062914593	 9.944815411925221	
8757	 0.050172166233433416	 9.93888689262786	
8758	 0.050153181155055335	 9.932619581496022	
8759	 0.05013156864960862	 9.925486834956617	
8760	 0.050108562833192885	 9.917896508054378	
