Time	  Pressure(m)	  Flow(cms)	
0	 0.02324875070699201	 1.8265045538111255	
1	 0.023099589745421815	 1.8070153269557654	
2	 0.022966384903235267	 1.7896816699689513	
3	 0.022849598918022913	 1.7745395931110943	
4	 0.022748282876315497	 1.7614450186052804	
5	 0.022651481878112507	 1.748970255464946	
6	 0.022559770314156964	 1.7371841080735047	
7	 0.022474332789115516	 1.726232957325993	
8	 0.022394849252642963	 1.7160698609509961	
9	 0.022322755874571085	 1.7068724730685805	
10	 0.02225078492163741	 1.6977104345861591	
11	 0.02218713777840291	 1.689624475753531	
12	 0.02212348824512653	 1.6815536632483774	
13	 0.022055756793609767	 1.6729822450943288	
14	 0.021987928861094807	 1.6644161849059127	
15	 0.021922406652115253	 1.6561580277669288	
16	 0.021852847515224844	 1.6474090615631478	
17	 0.021783814938720794	 1.6387446606885154	
18	 0.021716858335698398	 1.6303582877669152	
19	 0.021650694965522826	 1.622088183098403	
20	 0.021584421207207192	 1.613821154129001	
21	 0.02152076831509207	 1.6058969688293516	
22	 0.021460449193422125	 1.5984022111294058	
23	 0.021404319800886563	 1.5914406370276624	
24	 0.021351754345716654	 1.584932114233351	
25	 0.021301570707987928	 1.5787284608736456	
26	 0.02125291636826747	 1.5727231529657584	
27	 0.021205463144171596	 1.5668749182837047	
28	 0.021161087447088712	 1.5614138527849268	
29	 0.02112183056781234	 1.5565890910619078	
30	 0.02108776554553746	 1.5524072620113738	
31	 0.02105559485052878	 1.548462113532587	
32	 0.021022419806186788	 1.5443980064738947	
33	 0.02098903256659067	 1.5403122189477882	
34	 0.02095632564532916	 1.5363138849340379	
35	 0.020929042172482138	 1.532981733915535	
36	 0.02089855704422705	 1.5292619864709873	
37	 0.02086620578091041	 1.5253184905861847	
38	 0.02083368503127757	 1.5213584409688234	
39	 0.020802081645382244	 1.51751404488291	
40	 0.020761104392457357	 1.5125351588015674	
41	 0.020722744729734857	 1.5078802525265882	
42	 0.020692715468956305	 1.504240238101388	
43	 0.020659749663779647	 1.5002483218233003	
44	 0.020625348133308696	 1.4960870753302533	
45	 0.0205924058144975	 1.492106671079892	
46	 0.020562869533641812	 1.4885414241115162	
47	 0.020537311832357533	 1.4854591748778567	
48	 0.020516104893425167	 1.4829035663378782	
49	 0.02049705649995548	 1.4806095808891744	
50	 0.020480316817752805	 1.478594804925356	
51	 0.020465291964876592	 1.4767873592274146	
52	 0.020450759220237917	 1.475039954149895	
53	 0.020436903382405777	 1.4733747104849124	
54	 0.020422252682724965	 1.4716147560012471	
55	 0.020407696793102528	 1.4698670241914717	
56	 0.020393894062932634	 1.4682104920328936	
57	 0.02038213987250122	 1.4668004041306208	
58	 0.020371778022801962	 1.4655577974744338	
59	 0.0203621322759667	 1.4644014454347227	
60	 0.020350039153032046	 1.4629522127454948	
61	 0.0203341552043338	 1.4610495619036266	
62	 0.02031190080530302	 1.458385496081027	
63	 0.02028870354998206	 1.4556106318402675	
64	 0.020266680095799624	 1.452978134644195	
65	 0.02024478021992426	 1.4503622993709817	
66	 0.020231797317995834	 1.4488124442298815	
67	 0.020222506826560148	 1.4477037835267625	
68	 0.020211890978297915	 1.4464373798435624	
69	 0.020198084724334462	 1.4447910441540508	
70	 0.020182462074130984	 1.4429290156958023	
71	 0.02016584105860271	 1.4409490490241936	
72	 0.020148738451232082	 1.4389128484461349	
73	 0.020133538336580263	 1.437104121487244	
74	 0.020120064764774855	 1.4355016041984368	
75	 0.02010851343880454	 1.4341282841146097	
76	 0.020097134490563565	 1.4327759718868307	
77	 0.02008755478440873	 1.4316378832843741	
78	 0.020077959515787742	 1.4304983084882827	
79	 0.020068779076250078	 1.4294083403621727	
80	 0.020061209140660372	 1.4285098329118668	
81	 0.020063850669894565	 1.4288233414411222	
82	 0.020059968023889176	 1.4283625411129908	
83	 0.020057660023227192	 1.428088651073853	
84	 0.02005726545817248	 1.4280418302099631	
85	 0.02005524867829526	 1.4278025196301858	
86	 0.020050224117062757	 1.4272063762660558	
87	 0.020077302027363658	 1.430420235663268	
88	 0.020076673563641203	 1.4303456109415433	
89	 0.020068277842415303	 1.4293488398268408	
90	 0.02006356434871261	 1.4287893582301707	
91	 0.020077900584451806	 1.4304913106744337	
92	 0.020093126774802305	 1.4322998030791245	
93	 0.020107990136756477	 1.4340660819566065	
94	 0.020111612989202235	 1.43449673346955	
95	 0.02011251552790136	 1.4346040270502416	
96	 0.02011176636624856	 1.4345149666690589	
97	 0.020112396552065627	 1.4345898830481927	
98	 0.020112593862290997	 1.4346133395747884	
99	 0.02011333591148377	 1.4347015568355719	
100	 0.02011374535903936	 1.4347502342432847	
101	 0.020111572241132226	 1.4344918894246461	
102	 0.020110421415910774	 1.4343550844434143	
103	 0.02011552373078645	 1.434961664655057	
104	 0.020120848035950906	 1.435594745185934	
105	 0.02012752105726984	 1.436388351011799	
106	 0.020128987671164042	 1.4365627952693147	
107	 0.02014451175492495	 1.438409804351095	
108	 0.020156727687796312	 1.4398638868544695	
109	 0.020150668047434924	 1.439142524480024	
110	 0.020141319161169912	 1.4380298815538006	
111	 0.02014333205401218	 1.438269413736261	
112	 0.020132606569160254	 1.4369932760809103	
113	 0.020123104635878176	 1.4358630973695707	
114	 0.02012348664362921	 1.4359085272633363	
115	 0.020114369332665003	 1.434824416976457	
116	 0.020103144250835463	 1.4334901282910775	
117	 0.02009203299739671	 1.4321698590810639	
118	 0.02008191823627623	 1.4309684189372278	
119	 0.02007340473655504	 1.4299574906433934	
120	 0.020067542940479965	 1.4292616027775227	
121	 0.02006548122012333	 1.429016876186432	
122	 0.02006770281162452	 1.4292805802125257	
123	 0.020073283422413178	 1.4299430873638064	
124	 0.020079379895403544	 1.430666975905994	
125	 0.020086716472513054	 1.4315383073375347	
126	 0.02010304884918797	 1.4334787903380135	
127	 0.0201194625977704	 1.4354300004629452	
128	 0.020126187506963704	 1.4362297411648068	
129	 0.020130333879520547	 1.4367229255238911	
130	 0.02013456342456637	 1.4372260724947807	
131	 0.02014229121777042	 1.438145553299224	
132	 0.020156944498142874	 1.4398896994526609	
133	 0.02017153140167067	 1.4416267846747524	
134	 0.020185276139783444	 1.4432643469092925	
135	 0.020198069745184576	 1.4447892583629267	
136	 0.020209708622640772	 1.4461770935275287	
137	 0.020207806756741605	 1.4459502760878833	
138	 0.02022012583773829	 1.4474197080267681	
139	 0.020232115945697297	 1.4488504729984157	
140	 0.02024294347627888	 1.4501429948438034	
141	 0.020239691000001954	 1.4497546864370088	
142	 0.020233046432727275	 1.4489615305240033	
143	 0.020221935610341094	 1.4476356297528163	
144	 0.020207484595009293	 1.4459118563345756	
145	 0.020193179370296573	 1.444206282618105	
146	 0.020180885766204793	 1.4427411924576108	
147	 0.020169461641395894	 1.4413802557313338	
148	 0.02015975962016819	 1.4402248737567265	
149	 0.02015217848232846	 1.439322318800188	
150	 0.02014521502367094	 1.438493499639379	
151	 0.020138452602218457	 1.43768879152612	
152	 0.020132664617059027	 1.4370001815057087	
153	 0.02012766621289341	 1.4364056159585854	
154	 0.020120689391430514	 1.4355758801227874	
155	 0.020110618187682536	 1.434378475426129	
156	 0.020099484289470074	 1.4330551880297369	
157	 0.020088044376277075	 1.431696039023757	
158	 0.020075698646499336	 1.4302298509046774	
159	 0.02006288731426376	 1.4287090028890133	
160	 0.020050501174859972	 1.4272392454311575	
161	 0.02003888099856136	 1.4258609284649923	
162	 0.020033208156142138	 1.4251882427783122	
163	 0.020032513570322926	 1.425105887513104	
164	 0.020031139736549748	 1.4249430011604893	
165	 0.020028036258109956	 1.4245750697338027	
166	 0.020023111521967372	 1.4239912979653921	
167	 0.020017082741485524	 1.4232767845317664	
168	 0.020011313462666935	 1.42259316079833	
169	 0.0200066952838966	 1.4220460299511692	
170	 0.020003787023027086	 1.4217015219112294	
171	 0.020002679270487177	 1.4215703080566675	
172	 0.02000333822198442	 1.421648360614584	
173	 0.020007637013433287	 1.4221575929172932	
174	 0.020008803245848087	 1.4222957567017922	
175	 0.020009355448624495	 1.4223611781466403	
176	 0.02001499125011095	 1.4230289406043717	
177	 0.02002124457192594	 1.4237700171734138	
178	 0.02002484713840833	 1.424197024742307	
179	 0.020031104547135966	 1.4249388290830654	
180	 0.02003026773390912	 1.4248396174584486	
181	 0.020031455587370635	 1.4249804488368	
182	 0.020034819946192352	 1.4253793559386994	
183	 0.020050200865774668	 1.4272036178285774	
184	 0.020054125437945592	 1.4276692431758862	
185	 0.020053954808265755	 1.4276489977941453	
186	 0.020052200359864176	 1.4274408374020124	
187	 0.02005255711894429	 1.4274831648848698	
188	 0.020052570749560385	 1.4274847820917005	
189	 0.020052063700710214	 1.4274246236856027	
190	 0.020051325142167283	 1.4273369998111838	
191	 0.020052212118409275	 1.4274422324800622	
192	 0.020053265682175175	 1.4275672334644807	
193	 0.02005327603457528	 1.427568461755669	
194	 0.020052322374062886	 1.4274553136523422	
195	 0.020049879137694453	 1.4271654495472774	
196	 0.02004678603711592	 1.426798519715132	
197	 0.02004283938654108	 1.4263303893420263	
198	 0.020037610147530922	 1.42571021990633	
199	 0.020030418306261524	 1.4248574689414673	
200	 0.020023500871590445	 1.4240374474751842	
201	 0.02001895536253566	 1.4234987067446658	
202	 0.020016719145476373	 1.4232336967824903	
203	 0.020015542447280082	 1.4230942563731155	
204	 0.020013297703026175	 1.4228282661440044	
205	 0.020011984880714012	 1.4226727129148509	
206	 0.020012413576979554	 1.422723507379417	
207	 0.02001443285554269	 1.4229627731808823	
208	 0.020021352253423646	 1.4237827797801657	
209	 0.020038234103370155	 1.4257842132155618	
210	 0.020054927950518234	 1.4277644636334441	
211	 0.02005863914982931	 1.4282048412923964	
212	 0.020060509246174318	 1.428426770908873	
213	 0.020062280361196037	 1.4286369668493692	
214	 0.02006527047665493	 1.4289918618417092	
215	 0.020069883617410456	 1.4295394618839845	
216	 0.020076181538933577	 1.430287188279239	
217	 0.020084863370378705	 1.4313182029119875	
218	 0.020101043334702064	 1.433240454443512	
219	 0.020117741299104423	 1.4352253285546777	
220	 0.020133776137661413	 1.4371324114524393	
221	 0.02014942429616185	 1.438994481537063	
222	 0.02015809919070771	 1.4400271757847891	
223	 0.020161107633397665	 1.4403853820739556	
224	 0.020162296903725098	 1.4405269947694146	
225	 0.020161750343882033	 1.4404619123123268	
226	 0.020160941679347448	 1.4403656214919722	
227	 0.020161395801374646	 1.440419695244868	
228	 0.020162729530707215	 1.4405785113291618	
229	 0.02016310360941338	 1.4406230566437805	
230	 0.02016228322761468	 1.4405253662511062	
231	 0.020161695990676215	 1.4404554401847334	
232	 0.020162371679920844	 1.4405358989518275	
233	 0.02016555128620383	 1.4409145397384655	
234	 0.020178856104906915	 1.4424993648007318	
235	 0.02019252777068695	 1.444128613312815	
236	 0.0202057679284207	 1.4457071402491701	
237	 0.020209699893313022	 1.4461760524312044	
238	 0.020210464585013056	 1.446267253915136	
239	 0.020209554926368792	 1.4461587631078456	
240	 0.02020727323422217	 1.445886650492229	
241	 0.020204614737500768	 1.4455696263277196	
242	 0.020202726917947132	 1.4453445218447982	
243	 0.02020147835395387	 1.4451956501966803	
244	 0.020201147330485347	 1.4451561818753165	
245	 0.020200601032773487	 1.4450910470931315	
246	 0.020199544361655507	 1.4449650640968252	
247	 0.02019866164356143	 1.4448598242454729	
248	 0.02019866456247561	 1.4448601722406442	
249	 0.020199031632796804	 1.4449039349110784	
250	 0.02020128860054167	 1.4451730256192032	
251	 0.020214542190134036	 1.446753611146481	
252	 0.02022810888530937	 1.4483722524579885	
253	 0.020241243025983593	 1.4499399753702766	
254	 0.020253578668732702	 1.451413005352604	
255	 0.020265648765933533	 1.4528549049292738	
256	 0.020277265348395048	 1.454243168188295	
257	 0.020288829945460024	 1.4556257455859658	
258	 0.020299559300042586	 1.4569089375133393	
259	 0.02030592318010518	 1.4576702481774744	
260	 0.020306757483644335	 1.4577700676646124	
261	 0.020304581108677437	 1.4575096830002972	
262	 0.020302534720350214	 1.457264867098574	
263	 0.02030049339428144	 1.4570206732000486	
264	 0.020299158415470094	 1.4568609850378504	
265	 0.020300479564623376	 1.4570190188812153	
266	 0.02031080506167191	 1.4582543752585841	
267	 0.020321296568899375	 1.4595100222235182	
268	 0.020321385460671637	 1.4595206628357154	
269	 0.020318221491345937	 1.4591419453060421	
270	 0.02031297252117069	 1.458513746212252	
271	 0.02030742881528794	 1.4578503905128732	
272	 0.02032185317112757	 1.459576649693588	
273	 0.020335955816161128	 1.4612651975133673	
274	 0.020349722879746786	 1.4629143184444884	
275	 0.020363208593072425	 1.4645304584538525	
276	 0.020376394781044933	 1.4661113931683136	
277	 0.020389273103202984	 1.4676560753450394	
278	 0.02040172599232858	 1.469150347920009	
279	 0.020413807511041725	 1.470600639499132	
280	 0.020425629776973542	 1.4720203638563065	
281	 0.020437386169601342	 1.473432720907893	
282	 0.020448916459022012	 1.4748184412019907	
283	 0.020460190426978206	 1.476173860312037	
284	 0.020471212079027207	 1.4774994260079881	
285	 0.02048198658443534	 1.4787957275527222	
286	 0.020492519168655104	 1.4800633625844821	
287	 0.020502814984487867	 1.481302921563781	
288	 0.02051287908564025	 1.482514984523912	
289	 0.020522716422529865	 1.4837001204983462	
290	 0.02053233184292351	 1.4848588875320272	
291	 0.020541730093614128	 1.4859918328204333	
292	 0.020550915822303863	 1.4870994928761545	
293	 0.02055989357951227	 1.4881823937011058	
294	 0.02056866782046929	 1.4892410509594145	
295	 0.020577242906983016	 1.4902759701496746	
296	 0.020585623109279885	 1.491287646776178	
297	 0.020593812607816286	 1.4922765665189202	
298	 0.02060181549505225	 1.4932432054011426	
299	 0.020609635777236124	 1.494188029960242	
300	 0.02061727737609994	 1.4951114974098474	
301	 0.02062474413055988	 1.4960140558043757	
302	 0.02063203979838435	 1.4968961442014697	
303	 0.020639168057831267	 1.4977581928224335	
304	 0.02064613250603508	 1.4986006228211124	
305	 0.020652936584058614	 1.499423837180162	
306	 0.020659583736866768	 1.5002282400289724	
307	 0.020666077272580963	 1.5010142195849057	
308	 0.02067242059916655	 1.501782176772797	
309	 0.020678616897600734	 1.5025324856371653	
310	 0.020684669336485707	 1.5032655192905526	
311	 0.020690581097959255	 1.5039816530328676	
312	 0.020696355095543312	 1.50468123014649	
313	 0.020701994620708177	 1.5053646402084422	
314	 0.020707502909330287	 1.506032266563655	
315	 0.020712882411693882	 1.5066843978000488	
316	 0.020718135796397245	 1.507321349381338	
317	 0.02072326576809672	 1.507943441553236	
318	 0.020728274988984986	 1.5085509898095122	
319	 0.02073316446644638	 1.5091441092736264	
320	 0.020737937000318275	 1.5097231328002472	
321	 0.02074259484180662	 1.5102883270388903	
322	 0.020747069945352976	 1.5108314270977383	
323	 0.020751473028895955	 1.5113658630124	
324	 0.02075581239199004	 1.5118926386594556	
325	 0.020759827095131467	 1.5123800677029628	
326	 0.020763711542786913	 1.512851742120871	
327	 0.020767500617180905	 1.5133118923904574	
328	 0.02077121120166646	 1.5137625649869033	
329	 0.02077484704881527	 1.5142042123532127	
330	 0.020778466827631563	 1.5146439590856493	
331	 0.0207819779927116	 1.5150705597401084	
332	 0.020785416197645394	 1.515488342424922	
333	 0.020788780021949692	 1.515897131570626	
334	 0.020792072696599967	 1.5162973169566676	
335	 0.020795296548290813	 1.516689178667926	
336	 0.020798453592439103	 1.5170729591212913	
337	 0.020801541256690054	 1.5174483430985815	
338	 0.020804561064778966	 1.5178155133695155	
339	 0.02080751344409639	 1.5181745195097618	
340	 0.02081041255208002	 1.5185270809608589	
341	 0.020813241782199537	 1.5188711761133142	
342	 0.020816003722949138	 1.5192071175136421	
343	 0.020818713822441378	 1.5195367822247527	
344	 0.020821364299543038	 1.5198592219613378	
345	 0.02082396535411553	 1.5201756758798222	
346	 0.02082645456407404	 1.5204785470461852	
347	 0.02082892242807747	 1.5207788447975934	
348	 0.020831291213182265	 1.5210671086166325	
349	 0.02083357182851586	 1.521344663468197	
350	 0.02083577532450796	 1.5216128520023144	
351	 0.020837913681191984	 1.5218731304793147	
352	 0.020839995234295566	 1.5221265119891916	
353	 0.020842015221779604	 1.522372415423818	
354	 0.020843974947047806	 1.5226109980149396	
355	 0.02084587147060578	 1.5228419004870413	
356	 0.020847784065688966	 1.5230747738572197	
357	 0.020849655994635043	 1.5233027096000737	
358	 0.020851491534245935	 1.5235262276376214	
359	 0.02085326946492434	 1.523742743004717	
360	 0.020855022941248417	 1.5239562923889274	
361	 0.020856742894209513	 1.5241657707162821	
362	 0.020858420109135672	 1.5243700549388004	
363	 0.020860052980572228	 1.5245689486597171	
364	 0.020861639462181236	 1.5247622017575073	
365	 0.020863179847706668	 1.5249498491567397	
366	 0.02086467698414002	 1.5251322368692068	
367	 0.02086613162135247	 1.5253094554975697	
368	 0.020867544882323525	 1.5254816411417942	
369	 0.020868917953680174	 1.5256489377019982	
370	 0.020870132932881997	 1.525796978255659	
371	 0.020871416870789434	 1.525953427407088	
372	 0.020872657636044376	 1.5261046220227932	
373	 0.020873866808348955	 1.5262519726148571	
374	 0.020875043955808966	 1.5263954261031936	
375	 0.020876193780067952	 1.526535555046746	
376	 0.02087729548182227	 1.5266698241334185	
377	 0.02087835091630835	 1.5267984588612853	
378	 0.020879362094054856	 1.526921703712307	
379	 0.020880350564911353	 1.5270421848374316	
380	 0.020881310943505964	 1.5271592455405785	
381	 0.020882257607973725	 1.527274638139368	
382	 0.020883188770666236	 1.5273881445690145	
383	 0.02088408694293911	 1.5274976327450382	
384	 0.02088495279668355	 1.5276031842291777	
385	 0.020885792682421807	 1.5277055728834468	
386	 0.020886610167448336	 1.5278052333515035	
387	 0.020887402464809312	 1.5279018256459984	
388	 0.020888167559215094	 1.527995103832411	
389	 0.020888905982229932	 1.5280851324769114	
390	 0.020889618291891458	 1.5281719793879474	
391	 0.02089030504212098	 1.528255711886345	
392	 0.020890966776513545	 1.528336396047514	
393	 0.020891604027190303	 1.5284140965608444	
394	 0.020892217314745297	 1.5284888767225546	
395	 0.020892807148438934	 1.5285607984586511	
396	 0.02089337398587208	 1.5286299174070208	
397	 0.020893918166646302	 1.528696274826883	
398	 0.02089443607994172	 1.5287594302597072	
399	 0.020894820668794497	 1.5288063285057671	
400	 0.02089504532827168	 1.5288337246140242	
401	 0.020895276802336604	 1.5288619519328328	
402	 0.0208954928492976	 1.5288882981672811	
403	 0.020895723399216387	 1.5289164131912478	
404	 0.020896010629289013	 1.52895144051687	
405	 0.020896321182696558	 1.5289893124533274	
406	 0.020896667703747276	 1.5290315710808258	
407	 0.020897004195421696	 1.529072607061819	
408	 0.02089734971935286	 1.529114745006984	
409	 0.02089768427088892	 1.529155545269821	
410	 0.020898002189932416	 1.5291943175190392	
411	 0.020898302962209705	 1.5292309989730573	
412	 0.020898586878692234	 1.5292656250583392	
413	 0.02089885428357305	 1.5292982376969133	
414	 0.020899105521254832	 1.5293288788410333	
415	 0.020899340930337164	 1.529357589739636	
416	 0.020899560842432236	 1.5293844107936625	
417	 0.020899765582028686	 1.5294093815392154	
418	 0.020899955466581945	 1.5294325406583555	
419	 0.02090013080665193	 1.5294539259956819	
420	 0.020900291906045136	 1.529473574575458	
421	 0.020900437262399867	 1.5294913031331774	
422	 0.02090056452324208	 1.5295068247180457	
423	 0.02090068206466041	 1.529521160912836	
424	 0.020900786651026328	 1.5295339170616657	
425	 0.020900877937990323	 1.5295450511490432	
426	 0.02090095788623634	 1.5295548023024255	
427	 0.020901026151711792	 1.5295631285475715	
428	 0.020901082192600878	 1.5295699637904627	
429	 0.02090112651354543	 1.5295753695738286	
430	 0.020901154320088298	 1.529578761115262	
431	 0.02090112028002277	 1.5295746092765488	
432	 0.020901015682168945	 1.529561851590807	
433	 0.020900913823280843	 1.5295494280146225	
434	 0.020900822245098503	 1.5295382583951966	
435	 0.02090073012652857	 1.5295270228986242	
436	 0.020900635785709307	 1.5295155163934728	
437	 0.0209005373118585	 1.5295035058301127	
438	 0.020900442669867823	 1.5294919626629138	
439	 0.020900328879890757	 1.5294780841259648	
440	 0.020900178341258645	 1.529459723570719	
441	 0.02090002498891118	 1.5294410199292567	
442	 0.02089947226128652	 1.5293736071829256	
443	 0.020899269543985043	 1.5293488833139584	
444	 0.020899035435858183	 1.5293203311465593	
445	 0.020898771244383364	 1.5292881102264049	
446	 0.020898683200576213	 1.5292773724213922	
447	 0.020898375661805395	 1.5292398652914099	
448	 0.02089806206501776	 1.5292016197104867	
449	 0.020897744973815142	 1.5291629483473523	
450	 0.02089743599368961	 1.5291252665598567	
451	 0.02089717226654735	 1.5290931039107816	
452	 0.020896931160798528	 1.5290637002738323	
453	 0.020896706557992598	 1.5290363094283803	
454	 0.020896481422954846	 1.5290088538729603	
455	 0.020896266143575953	 1.5289826004143556	
456	 0.020896041326720526	 1.528955184046831	
457	 0.020895826436666817	 1.5289289784344688	
458	 0.020895627035433812	 1.528904661827941	
459	 0.020895436891850746	 1.5288814743185577	
460	 0.020895233049453118	 1.5288566164310353	
461	 0.02089504807582732	 1.528834059666014	
462	 0.020894864427424796	 1.5288116646381589	
463	 0.020894674298806346	 1.5287884795177955	
464	 0.020894476939904184	 1.528764412853592	
465	 0.020894273497493347	 1.5287396045027826	
466	 0.0208939845082214	 1.528704364599327	
467	 0.02089375211854239	 1.5286760267939838	
468	 0.020893472437381485	 1.528641922501648	
469	 0.020893251593711908	 1.5286149930620667	
470	 0.020892888766950606	 1.5285707507689479	
471	 0.020892488829777532	 1.528521983907732	
472	 0.02089207207977943	 1.5284711676148923	
473	 0.020891643263540264	 1.5284188807337784	
474	 0.020891215431011946	 1.5283667145125686	
475	 0.020890821435437745	 1.5283186747086506	
476	 0.02089045323040823	 1.5282737800868385	
477	 0.020890091423269745	 1.528229666063005	
478	 0.02088973829513822	 1.5281866107347835	
479	 0.02088939644804988	 1.528144931315737	
480	 0.020889065298240347	 1.5281045565870104	
481	 0.02088874432810499	 1.5280654234004023	
482	 0.02088843432758644	 1.528027628027381	
483	 0.02088813246806266	 1.5279908255666637	
484	 0.020887830650553916	 1.5279540285828697	
485	 0.020887531762613796	 1.52791758911551	
486	 0.02088723693507037	 1.52788164501937	
487	 0.020886944551634267	 1.5278459992322435	
488	 0.020886652014852927	 1.5278103350830214	
489	 0.020886356901335067	 1.5277743571325455	
490	 0.020885923761005842	 1.527721552637825	
491	 0.02088557443233133	 1.527678966222866	
492	 0.020885175825890275	 1.5276303729698348	
493	 0.020884719854178883	 1.527574787198362	
494	 0.020884233374600644	 1.5275154832213156	
495	 0.020883713129117715	 1.5274520640526366	
496	 0.020883173225755385	 1.527386249655127	
497	 0.020882620269054884	 1.5273188452272144	
498	 0.020882084137643715	 1.5272534929079427	
499	 0.020881771836438495	 1.5272154251297116	
500	 0.02088132880637225	 1.5271614228822576	
501	 0.02088089980399824	 1.5271091312397014	
502	 0.02088048512480349	 1.5270585861483548	
503	 0.02088009220564129	 1.5270106939966528	
504	 0.020879769370106264	 1.5269713446514457	
505	 0.020879443392233965	 1.526931612708785	
506	 0.020879113347596078	 1.5268913855080914	
507	 0.020878779108673567	 1.5268506475227406	
508	 0.020878440713129467	 1.526809403359504	
509	 0.020878098233286634	 1.526767661849483	
510	 0.02087775174771786	 1.5267254325853197	
511	 0.020877401335070756	 1.5266827251685415	
512	 0.02087704707274259	 1.5266395490480438	
513	 0.02087668903661348	 1.5265959134875693	
514	 0.02087632730100106	 1.5265518275601826	
515	 0.020875961938698687	 1.526507300152926	
516	 0.020875593020980233	 1.5264623399674038	
517	 0.02087522061763361	 1.526416955523871	
518	 0.020874844796991893	 1.5263711551650234	
519	 0.020874465625961486	 1.5263249470594358	
520	 0.02087408299707497	 1.5262783181255448	
521	 0.020873697321464803	 1.52623131848039	
522	 0.020873308490091464	 1.5261839348500426	
523	 0.020872916562668712	 1.526136174525514	
524	 0.020872521598991306	 1.5260880448074357	
525	 0.0208721236578878	 1.5260395528784416	
526	 0.020871722797015872	 1.5259907057782316	
527	 0.02087131907283162	 1.5259415103998277	
528	 0.020870912540602082	 1.525891973491108	
529	 0.020870503254426756	 1.525842101657428	
530	 0.02087009126726057	 1.525791901364425	
531	 0.020869676630937205	 1.525741378940862	
532	 0.020869259396192757	 1.5256905405815167	
533	 0.020868839612687155	 1.5256393923497917	
534	 0.020868417329027066	 1.525587940180512	
535	 0.020867992592787477	 1.5255361898825557	
536	 0.02086756545053274	 1.525484147141425	
537	 0.020867135947837196	 1.5254318175217592	
538	 0.020866704129286293	 1.525379206467479	
539	 0.020866270038558614	 1.525326319311781	
540	 0.02086583371838529	 1.5252731612721986	
541	 0.02086539521055786	 1.5252197374515628	
542	 0.020864954027693283	 1.5251659884840005	
543	 0.02086451005636427	 1.525111900564833	
544	 0.02086406239655128	 1.525057364063733	
545	 0.020863602120386095	 1.5250012913791933	
546	 0.02086313934421711	 1.5249449149655978	
547	 0.020862536227358702	 1.5248714431909158	
548	 0.020862085049884096	 1.5248164816177072	
549	 0.020861442125291094	 1.5247381631480375	
550	 0.02086081983306739	 1.5246623595624966	
551	 0.020860217061427516	 1.5245889352846438	
552	 0.020859642794612675	 1.524518984526617	
553	 0.0208591775629514	 1.5244623161523496	
554	 0.02085872953825857	 1.5244077445000614	
555	 0.020858281313300826	 1.5243531492364515	
556	 0.020857831219742388	 1.5242983271582016	
557	 0.020857379165885693	 1.5242432671064783	
558	 0.020856925160420595	 1.5241879701500365	
559	 0.02085646923321803	 1.524132439937372	
560	 0.020856011418187402	 1.5240766806086692	
561	 0.020855551749552982	 1.524020696342264	
562	 0.020854969908929207	 1.5239498336037316	
563	 0.020854497396646188	 1.523892287002939	
564	 0.020854018044217583	 1.5238339082387207	
565	 0.020853529561761133	 1.5237744184785909	
566	 0.02085301566555211	 1.523711834711307	
567	 0.020852430245558204	 1.5236405418233516	
568	 0.02085196358146551	 1.5235837120742899	
569	 0.020851324020285274	 1.523505828519033	
570	 0.02085066793627476	 1.523425934525294	
571	 0.020850020889365654	 1.523347142657279	
572	 0.02084940062104895	 1.523271613188738	
573	 0.020848721465459387	 1.5231889147924196	
574	 0.020848031776526776	 1.523104935625761	
575	 0.020847341074692556	 1.5230208349805008	
576	 0.02084664920514801	 1.522936594015772	
577	 0.020845974615029433	 1.5228544587618238	
578	 0.020845339432558813	 1.5227771232369556	
579	 0.020844776434168797	 1.5227085776712344	
580	 0.020844207594434776	 1.5226393221700703	
581	 0.020843659318715527	 1.5225725715035603	
582	 0.02084310224220434	 1.5225047505700398	
583	 0.020842508413019763	 1.522432456535794	
584	 0.020841919472666087	 1.5223607590345132	
585	 0.020841351402311487	 1.5222916035231717	
586	 0.02084016506498049	 1.5221471857375433	
587	 0.02083959774052025	 1.5220781249046287	
588	 0.020839124569227107	 1.52202052636612	
589	 0.02083865652020941	 1.5219635522134458	
590	 0.020838180501240467	 1.5219056087783926	
591	 0.020837696444424472	 1.5218466878408607	
592	 0.020837221725731558	 1.5217889044556572	
593	 0.02083675626782158	 1.5217322491572658	
594	 0.02083630310189589	 1.5216770908434947	
595	 0.020835866840962683	 1.5216239909220641	
596	 0.02083542098110171	 1.5215697234236976	
597	 0.02083495073408989	 1.5215124885004225	
598	 0.020834507685199583	 1.5214585647154963	
599	 0.020834030008473864	 1.5214004272093415	
600	 0.02083356512354966	 1.5213438474324628	
601	 0.020833101614509977	 1.521287435948393	
602	 0.020832636482248097	 1.521230827750773	
603	 0.020832183584143814	 1.5211757093018912	
604	 0.02083172730059973	 1.5211201796472178	
605	 0.02083127023057155	 1.5210645550904678	
606	 0.02083081101765417	 1.5210086705675439	
607	 0.020830349680248158	 1.5209525283291825	
608	 0.020829886253656418	 1.5208961326829165	
609	 0.020829420776065338	 1.520839488286966	
610	 0.02082889878322255	 1.520775967501879	
611	 0.02082842964208102	 1.5207188790927832	
612	 0.020827959240719836	 1.5206616381919489	
613	 0.020827487059012346	 1.5206041815160063	
614	 0.02082701301673695	 1.52054649931337	
615	 0.020826537123588677	 1.5204885927740317	
616	 0.020826059408262224	 1.5204304653997724	
617	 0.020825579903020374	 1.520372121126347	
618	 0.020825098640343532	 1.5203135639157852	
619	 0.02082461445881851	 1.520254652467331	
620	 0.020824124705548515	 1.5201950640211719	
621	 0.020823552815572983	 1.5201254831566982	
622	 0.02082306546388848	 1.5200661889253102	
623	 0.020822474163290406	 1.5199942488659852	
624	 0.020821874434412278	 1.5199212847786698	
625	 0.020821291799616757	 1.519850401729702	
626	 0.02082071700602313	 1.5197804739330598	
627	 0.020820147291518834	 1.5197111653143274	
628	 0.02081945113078707	 1.5196264755960467	
629	 0.020818753316343322	 1.5195415865941237	
630	 0.020818075732305097	 1.5194591604325955	
631	 0.02081742372324962	 1.519379847083144	
632	 0.020816793633097606	 1.5193032016223749	
633	 0.02081617379767748	 1.5192278050773176	
634	 0.020814908195059965	 1.5190738623035989	
635	 0.020814270220643357	 1.5189962640464	
636	 0.020813623525870233	 1.5189176067309826	
637	 0.02081295264145057	 1.518836008957041	
638	 0.020812251399776934	 1.5187507207904567	
639	 0.02081152898453792	 1.5186628594030134	
640	 0.020810799478936867	 1.5185741377367619	
641	 0.02081007455345102	 1.5184859751529352	
642	 0.020809631143234208	 1.5184320503570763	
643	 0.020808978713525078	 1.5183527073018634	
644	 0.020808356736139094	 1.5182770691481193	
645	 0.02080784908962571	 1.518215335794026	
646	 0.02080735938477037	 1.518155785222053	
647	 0.020806876761264158	 1.5180970966919085	
648	 0.020806407271333767	 1.5180400061165438	
649	 0.020805934893412894	 1.5179825652246006	
650	 0.02080545669173979	 1.5179244170531947	
651	 0.020804989017917403	 1.517867549904861	
652	 0.020804512476627325	 1.5178096053867511	
653	 0.02080404168933383	 1.5177523613884467	
654	 0.020803576264198598	 1.51769577023493	
655	 0.020803115043589504	 1.517639691143395	
656	 0.020802652048630504	 1.5175833971450936	
657	 0.020802189787651512	 1.5175271932222316	
658	 0.020801545261434278	 1.5174488300010343	
659	 0.02080107939343092	 1.517392189531116	
660	 0.020800602790250294	 1.5173342447480016	
661	 0.020800115827803924	 1.51727504141327	
662	 0.02079961933420447	 1.5172146802627957	
663	 0.020799109305204493	 1.5171526745477968	
664	 0.020798586379871448	 1.5170891020403425	
665	 0.02079811195497342	 1.5170314266967069	
666	 0.020797577668750684	 1.5169664751238692	
667	 0.020797038690302746	 1.516900954258378	
668	 0.02079648213116287	 1.5168332973856975	
669	 0.020795887016149574	 1.516760954889523	
670	 0.02079517035389744	 1.5166738388783703	
671	 0.020794428095603033	 1.5165836135741808	
672	 0.020793700374933142	 1.5164951574772179	
673	 0.020792989700742292	 1.5164087754102578	
674	 0.020792316982218853	 1.516327008647706	
675	 0.020791683618149287	 1.5162500269037453	
676	 0.020791081170889392	 1.5161768043701478	
677	 0.02079049522767712	 1.516105589125327	
678	 0.020789929977596593	 1.5160368901813752	
679	 0.02078937630141719	 1.5159695991048372	
680	 0.02078883132548633	 1.5159033665804023	
681	 0.020788291025165755	 1.515837703439262	
682	 0.02078703322592	 1.5156848464724844	
683	 0.020786550610656557	 1.5156261971715426	
684	 0.02078606067758741	 1.5155666595106758	
685	 0.020785565744451645	 1.5155065151814757	
686	 0.02078505888113668	 1.5154449220851207	
687	 0.02078454531957471	 1.515382516051394	
688	 0.020784011243534257	 1.5153176182672192	
689	 0.020783481280824887	 1.5152532214098258	
690	 0.02078296998323107	 1.5151910936265127	
691	 0.02078247973896326	 1.515131524990254	
692	 0.020781989178612605	 1.515071918885064	
693	 0.020781495803357166	 1.5150119716976855	
694	 0.02078098956161244	 1.5149504621634922	
695	 0.020780498609465153	 1.5148908113046289	
696	 0.020779999337232975	 1.5148301505160562	
697	 0.02077939870581491	 1.5147571760338467	
698	 0.020778789589420796	 1.5146831720947718	
699	 0.020778197128902293	 1.5146111931307902	
700	 0.020777604222459705	 1.5145391613605712	
701	 0.020777008913310708	 1.5144668390659595	
702	 0.020776406556834288	 1.514393662019094	
703	 0.020775809483606914	 1.514321128201539	
704	 0.020775219238530544	 1.5142494252492746	
705	 0.020774633561943763	 1.5141782786193365	
706	 0.020773621092139823	 1.5140552892955874	
707	 0.020773032056493917	 1.5139837382885046	
708	 0.020772432528282595	 1.5139109141233418	
709	 0.020771817546426045	 1.5138362142733188	
710	 0.020771193461906937	 1.5137604102597049	
711	 0.02077055408878345	 1.5136827508004893	
712	 0.020769906476301992	 1.5136040921980276	
713	 0.020769262260227905	 1.5135258477432678	
714	 0.020768625973298212	 1.5134485679256182	
715	 0.020768004144080317	 1.513373045585013	
716	 0.02076738364781281	 1.5132976866364192	
717	 0.020766762127434214	 1.5132222048148396	
718	 0.02076614289028507	 1.513147001782501	
719	 0.020765520037681465	 1.5130713611807163	
720	 0.020764901636228735	 1.5129962626329148	
721	 0.020764287726324573	 1.5129217110126574	
722	 0.02076367830508755	 1.5128477059378043	
723	 0.020763074148800333	 1.512774341641516	
724	 0.020762496795471368	 1.51270423342919	
725	 0.020761934860306953	 1.5126359986979416	
726	 0.020761383431282972	 1.5125690409044739	
727	 0.020760841560910296	 1.5125032449342817	
728	 0.0207603080753373	 1.5124384681969207	
729	 0.020759772956937025	 1.5123734943136773	
730	 0.020758840559962854	 1.512260285676847	
731	 0.02075830855424886	 1.5121956927758238	
732	 0.020757762794515102	 1.5121294310920705	
733	 0.020757199809468396	 1.5120610792686655	
734	 0.020756626631649677	 1.5119914912139365	
735	 0.02075602407842317	 1.5119183381472225	
736	 0.02075541092727899	 1.5118438998920174	
737	 0.02075495864082534	 1.5117889919974379	
738	 0.020754311347544747	 1.5117104115242066	
739	 0.0207537044587529	 1.5116367375818458	
740	 0.020753129138537305	 1.511566897268173	
741	 0.020752559656122535	 1.5114977668985474	
742	 0.020751999484479818	 1.5114297680120827	
743	 0.020751453146433833	 1.5113634495560249	
744	 0.020750922753183666	 1.5112990677079265	
745	 0.020750466002081146	 1.5112436257998771	
746	 0.020750007450787394	 1.5111879661972518	
747	 0.020749546138002346	 1.5111319722283445	
748	 0.020749081908264844	 1.5110756250386697	
749	 0.02074861477340686	 1.511018926080184	
750	 0.020748144780758943	 1.5109618811134335	
751	 0.020747671984457903	 1.510904496724799	
752	 0.020747196439203835	 1.510846779568723	
753	 0.020746718198913435	 1.5107887362042505	
754	 0.020746232882153593	 1.5107298348903164	
755	 0.02074574943538234	 1.5106711614440809	
756	 0.020745263504023663	 1.5106121873748186	
757	 0.020744770529830033	 1.5105523595072805	
758	 0.020744098813664246	 1.5104708408512852	
759	 0.020743606715665053	 1.51041112155411	
760	 0.020742771669964268	 1.510309785480912	
761	 0.020741957095780077	 1.5102109363270408	
762	 0.020741193516528325	 1.510118277794325	
763	 0.02074050061377128	 1.5100341976548617	
764	 0.020739856866237846	 1.5099560839237458	
765	 0.020739235557861713	 1.509880694541806	
766	 0.020738632424602537	 1.5098075119636405	
767	 0.020738042853772228	 1.5097359763857352	
768	 0.020737464728683493	 1.5096658308934796	
769	 0.020736892183377126	 1.5095963636962877	
770	 0.020736335862897828	 1.5095288662899708	
771	 0.020735795524700902	 1.50946330914216	
772	 0.020735288368396117	 1.5094017788613472	
773	 0.02073479788351617	 1.5093422721804608	
774	 0.020734307043119737	 1.5092827233069899	
775	 0.020733785956928638	 1.5092195060349631	
776	 0.02073323347008752	 1.5091524804474403	
777	 0.020732641254613795	 1.5090806364565765	
778	 0.020731226278869752	 1.5089089857173414	
779	 0.0207305803638906	 1.5088306323531233	
780	 0.020729895313008687	 1.5087475333474007	
781	 0.020729185089805802	 1.5086613827862678	
782	 0.02072845159555302	 1.5085724114963783	
783	 0.020727697135140666	 1.5084808992457166	
784	 0.02072692438509252	 1.5083871708562775	
785	 0.020726147812419708	 1.5082929811599939	
786	 0.02072538220266977	 1.5082001234484208	
787	 0.020724658587957308	 1.5081123612472551	
788	 0.02072396598005935	 1.508028361560599	
789	 0.020723297067276693	 1.5079472374009768	
790	 0.020722629662802503	 1.5078662979052178	
791	 0.020721955685085735	 1.5077845630028808	
792	 0.020721286556106343	 1.5077034178717899	
793	 0.020720628095137177	 1.5076235681533754	
794	 0.020719985894379806	 1.5075456918948087	
795	 0.020719352563995166	 1.5074688928749465	
796	 0.020718724763412022	 1.5073927659554025	
797	 0.020718115153919848	 1.5073188463539697	
798	 0.020717515981880125	 1.5072461937828112	
799	 0.020716928372137983	 1.5071749445578722	
800	 0.020716344305244033	 1.5071041262476752	
801	 0.020715744940983973	 1.5070314545104326	
802	 0.020714388326985127	 1.5068669729092152	
803	 0.02071380361014043	 1.5067960815882089	
804	 0.020713201555015694	 1.5067230895607049	
805	 0.020712571772137547	 1.5066467373862873	
806	 0.020711870672354114	 1.5065617408767178	
807	 0.020711155968794144	 1.506475097113226	
808	 0.020710448404131332	 1.506389320764231	
809	 0.020709778029778733	 1.506308054708722	
810	 0.020709145346866825	 1.506231359402442	
811	 0.020708565662088108	 1.5061610900254168	
812	 0.020708145717814565	 1.5061101852082481	
813	 0.02070772427465725	 1.506059099391232	
814	 0.020707299190738375	 1.5060075729563873	
815	 0.02070687008201149	 1.505955559370709	
816	 0.020706436930443297	 1.5059030564685962	
817	 0.02070592623635839	 1.505841155471063	
818	 0.02070540294246108	 1.5057777283117961	
819	 0.020704887530914592	 1.5057152575974229	
820	 0.020704364732556182	 1.505651892619932	
821	 0.020703838231245133	 1.5055880799097363	
822	 0.02070330464329058	 1.5055234093920105	
823	 0.020702763041276315	 1.505457768711711	
824	 0.02070221782494462	 1.5053916911423268	
825	 0.02070163537563414	 1.5053211023985715	
826	 0.020700000042724525	 1.5051229186744293	
827	 0.020699351470256786	 1.5050443219684448	
828	 0.02069860027541285	 1.5049532911085668	
829	 0.020697751818717015	 1.504850476567751	
830	 0.020696822545214943	 1.5047378720075877	
831	 0.020695873297784814	 1.5046228505900332	
832	 0.02069487698605179	 1.5045021301189603	
833	 0.020694464905678986	 1.5044522005571623	
834	 0.020693519158866226	 1.5043376120101506	
835	 0.020692687591686	 1.5042368605768226	
836	 0.020691948688525735	 1.5041473384420672	
837	 0.020691258898574184	 1.5040637685629463	
838	 0.020690604620634722	 1.503984502774462	
839	 0.020689973064930738	 1.503907991370335	
840	 0.020689360515435615	 1.5038337840085791	
841	 0.02068876168472182	 1.5037612400256297	
842	 0.020688173028554486	 1.5036899299792943	
843	 0.0206875943124747	 1.5036198253977975	
844	 0.020687005111576392	 1.5035484520481706	
845	 0.020686416275869732	 1.503477124290293	
846	 0.020685827935557507	 1.5034058578931357	
847	 0.02068526308529034	 1.5033374381459172	
848	 0.02068478098402271	 1.5032790426873521	
849	 0.020684297530326527	 1.5032204843244	
850	 0.0206831127755018	 1.5030769846708123	
851	 0.020682659448966873	 1.503022078388052	
852	 0.02068221166511693	 1.5029678442152667	
853	 0.020681713700334173	 1.5029075332048896	
854	 0.020681171531604398	 1.5028418695337662	
855	 0.02068061635804991	 1.502774631998772	
856	 0.020679670898876082	 1.5026601294145259	
857	 0.020678698738640845	 1.5025423967597078	
858	 0.020677776879390482	 1.5024307591721768	
859	 0.020677253690853603	 1.502367402270897	
860	 0.02067685512063632	 1.5023191370722182	
861	 0.020676465655581417	 1.5022719750700533	
862	 0.020676071880522343	 1.502224291753003	
863	 0.020675671244997727	 1.5021757783044283	
864	 0.020675267623877065	 1.5021269039600753	
865	 0.020674859144743516	 1.5020774420081997	
866	 0.020674440260580358	 1.5020267208079092	
867	 0.020673994369437773	 1.501972730180879	
868	 0.02067342970142596	 1.5019043585978287	
869	 0.020672861627989616	 1.5018355759327078	
870	 0.020672434297780796	 1.5017838353706348	
871	 0.02067197584620068	 1.501728327467952	
872	 0.020671527940955926	 1.5016740972755869	
873	 0.020671076365121832	 1.5016194234590996	
874	 0.020670633200403028	 1.5015657687789907	
875	 0.020670164938191463	 1.5015090763374765	
876	 0.020669675736547724	 1.501449849676279	
877	 0.02066914693644129	 1.5013858299596958	
878	 0.02066858127945147	 1.5013173493361895	
879	 0.02066776047084294	 1.5012179812925641	
880	 0.02066691833017245	 1.50111603349905	
881	 0.02066604446167164	 1.5010102477284557	
882	 0.020665173125424176	 1.5009047714678132	
883	 0.020664380788339164	 1.5008088607209975	
884	 0.020663701879593873	 1.5007266821877616	
885	 0.020663099955645005	 1.5006538237873306	
886	 0.020662529200699706	 1.5005847394690044	
887	 0.02066197247387541	 1.5005173543435462	
888	 0.020661423272106738	 1.500450881222095	
889	 0.020660879782369246	 1.5003851006210107	
890	 0.02066034089100195	 1.5003198777168905	
891	 0.020659806570904406	 1.500255209200785	
892	 0.020659284451798793	 1.5001920184422273	
893	 0.02065876884500465	 1.500129616897131	
894	 0.020658254933474257	 1.5000674215552612	
895	 0.02065774623754311	 1.5000058584389835	
896	 0.020657238797394364	 1.4999444483062163	
897	 0.020656699118665186	 1.4998791377813994	
898	 0.020656173270875895	 1.4998155021353499	
899	 0.02065562521783776	 1.4997491804630372	
900	 0.020655051651410232	 1.4996797725891975	
901	 0.020654444771091802	 1.4996063347655617	
902	 0.020653798496017832	 1.4995281314137445	
903	 0.02065311982129915	 1.49944600925706	
904	 0.020652436062871933	 1.4993632737721005	
905	 0.02065174589768565	 1.4992797649144494	
906	 0.02065105333775769	 1.4991959681671831	
907	 0.020650379534660025	 1.4991144427130692	
908	 0.02064970571768269	 1.4990329173530483	
909	 0.020649024138507065	 1.4989504546460835	
910	 0.020648360997589918	 1.4988702244834977	
911	 0.02064778924430483	 1.4988010522406519	
912	 0.02064724472420893	 1.4987351759290874	
913	 0.02064670719914175	 1.498670147015555	
914	 0.020646202268737368	 1.4986090623796933	
915	 0.020645711799595956	 1.4985497281681528	
916	 0.02064522693384829	 1.4984910727474892	
917	 0.020644713779585218	 1.4984289961947521	
918	 0.02064417709375671	 1.4983640741161321	
919	 0.020643579061357	 1.4982917323603786	
920	 0.02064297131204692	 1.4982182166174616	
921	 0.020642323354655448	 1.4981398387363922	
922	 0.0206417093097514	 1.498065564473425	
923	 0.020641073358592842	 1.4979886420043675	
924	 0.020640404508570742	 1.497907741906398	
925	 0.020639711448264177	 1.4978239153209554	
926	 0.020638993910135257	 1.4977371300867552	
927	 0.020638254990679197	 1.497647760913144	
928	 0.020637524538887595	 1.4975594179642215	
929	 0.020636787867062314	 1.4974703248577033	
930	 0.0206360618798722	 1.497382526025503	
931	 0.020635372097204684	 1.4972991075733117	
932	 0.020634712775626063	 1.4972193746522102	
933	 0.020634067768032296	 1.497141374390031	
934	 0.020633433591209456	 1.4970646854692433	
935	 0.020632819516701924	 1.4969904289528733	
936	 0.02063221793284367	 1.4969176842879337	
937	 0.020631622113431454	 1.4968456380645405	
938	 0.02063111353231543	 1.496784141755162	
939	 0.020630595729183875	 1.4967215313818691	
940	 0.020630104803069805	 1.4966621718213895	
941	 0.02062961433267469	 1.4966028683038368	
942	 0.02062910872131397	 1.4965417350531534	
943	 0.020628597646696493	 1.4964799422576027	
944	 0.02062807893324613	 1.4964172269128493	
945	 0.020627528807969878	 1.496350714852199	
946	 0.02062694712337518	 1.4962803884463607	
947	 0.020626360348408954	 1.4962094479476837	
948	 0.020625767304062997	 1.4961377508543796	
949	 0.020625207068695427	 1.4960700215200424	
950	 0.02062463848880806	 1.496001284633756	
951	 0.020624072583094875	 1.4959328722887115	
952	 0.020623502314100366	 1.4958639337325093	
953	 0.020622922155253	 1.4957938009179614	
954	 0.020622353782727414	 1.4957250941747493	
955	 0.020621793970211907	 1.4956574234277837	
956	 0.020621237963871022	 1.4955902139875707	
957	 0.02062068152376761	 1.4955229533241237	
958	 0.0206201247238344	 1.4954556503767868	
959	 0.020619574647916607	 1.4953891613815677	
960	 0.020619026550343044	 1.4953229126896774	
961	 0.02061847604257481	 1.4952563738587157	
962	 0.020617928475204283	 1.4951901916029504	
963	 0.020617384688756797	 1.4951244674917297	
964	 0.02061684130014287	 1.4950587926185726	
965	 0.02061628612980018	 1.4949916949773818	
966	 0.020615726551895138	 1.494924065859103	
967	 0.020615169350356694	 1.494856725158247	
968	 0.020614624274037572	 1.4947908510272334	
969	 0.020614072810339366	 1.4947242061437063	
970	 0.020613531145983157	 1.494658746676543	
971	 0.020612988192289617	 1.494593132545371	
972	 0.02061244440940813	 1.4945274193644498	
973	 0.020611898319248367	 1.4944614285246829	
974	 0.020611340291238137	 1.4943939962905997	
975	 0.020610774936292018	 1.4943256799090492	
976	 0.02061005561153454	 1.4942387599237763	
977	 0.020609280317092547	 1.4941450790768211	
978	 0.020608728035840854	 1.4940783469274594	
979	 0.020607960667835837	 1.4939856278225365	
980	 0.02060723820710827	 1.493898336852153	
981	 0.02060653646557004	 1.4938135512211181	
982	 0.020605848504114	 1.4937304323920688	
983	 0.0206051731699172	 1.493648840975507	
984	 0.020604511864815888	 1.4935689462307222	
985	 0.02060387009993841	 1.4934914138479753	
986	 0.020603252674350616	 1.4934168234434653	
987	 0.020602706167680843	 1.4933508019070174	
988	 0.020602158554595275	 1.4932846478794535	
989	 0.020601608881737624	 1.4932182462013976	
990	 0.02060105698440246	 1.4931515769898949	
991	 0.02060050286200776	 1.4930846401890479	
992	 0.02059994654900709	 1.4930174399751308	
993	 0.020599388086780718	 1.492949981360869	
994	 0.02059882751751581	 1.4928822694561488	
995	 0.020598264882881512	 1.492814309307966	
996	 0.02059770022375488	 1.4927461058673301	
997	 0.020597133580172552	 1.4926776639834287	
998	 0.02059656335557643	 1.4926087908349686	
999	 0.02059598878585525	 1.4925393941572127	
1000	 0.020595249880896362	 1.492450150924588	
1001	 0.020594676756617126	 1.492380931769066	
1002	 0.020593823404663026	 1.492277870461072	
1003	 0.020593222788270103	 1.492205334323999	
1004	 0.0205924657059015	 1.4921139038797646	
1005	 0.020591729376443286	 1.4920249818485438	
1006	 0.02059102392628451	 1.4919397909108518	
1007	 0.02059034121529137	 1.4918573478325083	
1008	 0.020589687664900883	 1.491778427848761	
1009	 0.020589067283034	 1.491703514700811	
1010	 0.020588462166850716	 1.4916304463840258	
1011	 0.020587868467269486	 1.4915587580235083	
1012	 0.0205872854356987	 1.491488359150993	
1013	 0.02058670457164583	 1.4914182233198403	
1014	 0.02058612867578942	 1.4913486886708347	
1015	 0.020585551212742092	 1.4912789660986272	
1016	 0.0205849647165015	 1.491208154198251	
1017	 0.02058433760997988	 1.4911324406151214	
1018	 0.020583760288651998	 1.491062739197078	
1019	 0.02058318156779967	 1.4909928701190474	
1020	 0.020582590675563145	 1.490921532938727	
1021	 0.02058199180244409	 1.4908492336362862	
1022	 0.020581379509712484	 1.4907753156933226	
1023	 0.020580744678062493	 1.490698678327779	
1024	 0.020580120471265003	 1.4906233251392156	
1025	 0.020579508468485053	 1.4905494466782647	
1026	 0.020578911338600687	 1.4904773650238716	
1027	 0.020578323334181702	 1.4904063862991517	
1028	 0.02057773117516313	 1.4903349074341363	
1029	 0.0205771330740923	 1.4902627127024963	
1030	 0.02057653526938461	 1.490190555141738	
1031	 0.020575941567151344	 1.4901188941502392	
1032	 0.020575346471191525	 1.4900470663166125	
1033	 0.020574749937186557	 1.4899750663015217	
1034	 0.020574151977864805	 1.489902895651278	
1035	 0.020573552617386578	 1.4898305572918364	
1036	 0.02057294900565057	 1.4897577072570511	
1037	 0.020572336878591925	 1.4896838309613119	
1038	 0.020571647072870628	 1.4896005815513371	
1039	 0.020571043110091808	 1.4895276936505815	
1040	 0.02057033738859565	 1.4894425270334473	
1041	 0.02056951273743711	 1.489343010427837	
1042	 0.020568767783305998	 1.4892531137242038	
1043	 0.020567985860860706	 1.4891587582356116	
1044	 0.020567171856409258	 1.4890605339146508	
1045	 0.02056636779221301	 1.4889635116091515	
1046	 0.020565593476018443	 1.4888700812327047	
1047	 0.020564852114373148	 1.488780629408642	
1048	 0.020564032808946472	 1.4886817754803134	
1049	 0.02056322579711078	 1.4885844074115238	
1050	 0.020562453022243656	 1.4884911725093388	
1051	 0.020561738822152866	 1.4884050067017476	
1052	 0.020561081268300828	 1.4883256768340145	
1053	 0.020560460081726628	 1.4882507360104713	
1054	 0.02055984628069457	 1.4881766876717524	
1055	 0.020559247282625374	 1.4881044265684504	
1056	 0.020558649914497046	 1.4880323634935324	
1057	 0.02055805315336928	 1.4879603750374981	
1058	 0.02055745596988486	 1.4878883370263496	
1059	 0.020556858750890743	 1.4878162961269028	
1060	 0.02055625530077022	 1.4877435050008512	
1061	 0.020555649631658957	 1.4876704476416318	
1062	 0.02055504293447736	 1.4875972677126603	
1063	 0.020554437719585178	 1.4875242680124054	
1064	 0.020553834290715323	 1.4874514851648761	
1065	 0.020553223961446248	 1.4873778714715986	
1066	 0.020552563689236227	 1.4872982356474118	
1067	 0.0205517953380304	 1.4872055664984163	
1068	 0.020551004937505155	 1.4871102404395355	
1069	 0.020550207793950063	 1.487014103614739	
1070	 0.020549410888970502	 1.4869179980474974	
1071	 0.020548651194843108	 1.4868263823675367	
1072	 0.020547859477663362	 1.4867309072549257	
1073	 0.020547100762763455	 1.4866394142692396	
1074	 0.02054638547253991	 1.4865531599024502	
1075	 0.020545703938533222	 1.486470977943126	
1076	 0.02054501519821516	 1.4863879288657145	
1077	 0.020544306201800887	 1.4863024392243052	
1078	 0.02054359669399631	 1.4862168898892512	
1079	 0.02054289383890011	 1.486132144650644	
1080	 0.02054220215560182	 1.4860487483146143	
1081	 0.02054152603750818	 1.4859672304864338	
1082	 0.02054086739939713	 1.485887821894984	
1083	 0.020540229548739453	 1.4858109211572474	
1084	 0.020539656386545445	 1.4857418207670283	
1085	 0.020539082241488295	 1.4856726031717047	
1086	 0.020538506247589707	 1.4856031639805038	
1087	 0.020537928255213323	 1.4855334851669706	
1088	 0.02053734826378506	 1.4854635666754719	
1089	 0.02053676630455959	 1.4853934122873038	
1090	 0.02053618241509828	 1.4853230265437654	
1091	 0.020535596633705924	 1.4852524140754724	
1092	 0.020535007049438118	 1.4851813445490398	
1093	 0.020534412283764205	 1.4851096518250848	
1094	 0.02053381351674553	 1.4850374781795972	
1095	 0.020533211186212763	 1.4849648764140169	
1096	 0.020532510902530225	 1.4848804696740652	
1097	 0.020531781139287643	 1.4847925117396423	
1098	 0.020531068617619934	 1.4847066339329922	
1099	 0.02053045926866791	 1.484633192758065	
1100	 0.02052985731814519	 1.4845606446982489	
1101	 0.020529253084806565	 1.4844878229359042	
1102	 0.02052864525454402	 1.484414569116575	
1103	 0.020528033171773392	 1.484340804259323	
1104	 0.020527418891809708	 1.4842667760826034	
1105	 0.020526805718807103	 1.4841928827809532	
1106	 0.02052619583659761	 1.4841193875115435	
1107	 0.020525588539359946	 1.4840462051967125	
1108	 0.02052498452374075	 1.4839734197649241	
1109	 0.02052437909161613	 1.4839004650735799	
1110	 0.020523772199467424	 1.4838273358889102	
1111	 0.020523163861057	 1.4837540338796205	
1112	 0.02052255410169699	 1.483680562105962	
1113	 0.02052194294874588	 1.483606923874533	
1114	 0.02052133042955282	 1.4835331224905686	
1115	 0.02052071137719986	 1.483458535429515	
1116	 0.02052008411577272	 1.4833829608210298	
1117	 0.020519447563247455	 1.4833062683636609	
1118	 0.020518792144730697	 1.4832273045708737	
1119	 0.020518174129129086	 1.4831528485628251	
1120	 0.020517483680191146	 1.48306966784898	
1121	 0.02051679106163069	 1.4829862276282892	
1122	 0.020516056660429664	 1.482897755876181	
1123	 0.02051538616265838	 1.482816984278174	
1124	 0.020514694655412353	 1.4827336836146088	
1125	 0.020514013826384445	 1.4826516711042306	
1126	 0.020513349655371924	 1.4825716669631177	
1127	 0.02051269896639962	 1.482493288504666	
1128	 0.020512053554251987	 1.48241554730123	
1129	 0.020511411462836058	 1.4823382077048406	
1130	 0.02051077410311888	 1.482261439635464	
1131	 0.020510138462695063	 1.4821848802337259	
1132	 0.02050950541071091	 1.482108634167474	
1133	 0.020508871351522157	 1.4820322683641398	
1134	 0.020508234876159184	 1.4819556131408296	
1135	 0.020507599757955557	 1.481879122950721	
1136	 0.02050695866444558	 1.4818019147287427	
1137	 0.02050629724492203	 1.4817222602892162	
1138	 0.020505665014967745	 1.4816461227367466	
1139	 0.020505029892328552	 1.4815696384026518	
1140	 0.020504391287588623	 1.48149273633062	
1141	 0.020503751734450702	 1.4814157216508612	
1142	 0.020503110923294397	 1.4813385570873436	
1143	 0.020502470350574533	 1.4812614228425334	
1144	 0.020501818954372912	 1.4811829869411326	
1145	 0.020501162768239996	 1.4811039759544187	
1146	 0.020500480186011697	 1.481021788418394	
1147	 0.0204998483117193	 1.4809457080882982	
1148	 0.020499152752203532	 1.4808619615963223	
1149	 0.02049846437186914	 1.4807790813545678	
1150	 0.02049777964351825	 1.4806966426484107	
1151	 0.02049710373635748	 1.4806152677807773	
1152	 0.020496435970389068	 1.4805348748169747	
1153	 0.02049578264028105	 1.480456221489666	
1154	 0.020495115106861063	 1.4803758599755383	
1155	 0.020494445715716455	 1.4802952765700397	
1156	 0.020493787651887054	 1.4802160584926483	
1157	 0.02049313569478087	 1.480137577218145	
1158	 0.020492483310799944	 1.4800590462234489	
1159	 0.020491799715888732	 1.479976759988159	
1160	 0.020491120185128685	 1.4798949647798418	
1161	 0.020490376872053077	 1.4798054941565706	
1162	 0.020489711838600023	 1.4797254476777688	
1163	 0.020489039791934265	 1.4796445588160152	
1164	 0.02048835544812586	 1.4795621916635362	
1165	 0.02048764628089371	 1.4794768387158728	
1166	 0.020487005301465116	 1.4793996943141552	
1167	 0.020486351509763443	 1.479321009562485	
1168	 0.02048567395019862	 1.4792394660814738	
1169	 0.020484978568657313	 1.4791557796165318	
1170	 0.02048425656221802	 1.4790688909526437	
1171	 0.020483580698294458	 1.4789875570831803	
1172	 0.020482946911857043	 1.4789112884690756	
1173	 0.02048231290488965	 1.4788349948909092	
1174	 0.020481678054694676	 1.4787586014200007	
1175	 0.020481042245136586	 1.4786820940881447	
1176	 0.02048040546606595	 1.4786054716812764	
1177	 0.020479767730127284	 1.4785287357281096	
1178	 0.02047912905464296	 1.478451888320091	
1179	 0.020478489457667646	 1.478374931636614	
1180	 0.020477848214813063	 1.4782977785285232	
1181	 0.020477206832576537	 1.4782206102614213	
1182	 0.02047656459092204	 1.478143340207546	
1183	 0.020475921499209442	 1.4780659694994804	
1184	 0.020475277572456336	 1.4779884999503838	
1185	 0.02047463282657777	 1.4779109334812384	
1186	 0.020473987277425346	 1.4778332720052427	
1187	 0.020473340940583486	 1.4777555174033008	
1188	 0.02047269383134391	 1.4776776715209554	
1189	 0.020472045964683567	 1.4775997361657363	
1190	 0.02047139735527259	 1.4775217131081202	
1191	 0.020470748017481652	 1.47744360408242	
1192	 0.02047009796538819	 1.4773654107875374	
1193	 0.020469447212782245	 1.4772871348876668	
1194	 0.020468795773151683	 1.477208778010522	
1195	 0.02046814365972709	 1.4771303417527397	
1196	 0.020467490885479625	 1.4770518276796236	
1197	 0.020466837463112904	 1.4769732373241728	
1198	 0.020466183405066916	 1.4768945721875537	
1199	 0.020465528723524123	 1.4768158337398372	
1200	 0.02046487343041628	 1.4767370234208244	
1201	 0.020464217537430617	 1.4766581426407885	
1202	 0.020463561056014767	 1.476579192781075	
1203	 0.020462903997381147	 1.476500175194628	
1204	 0.020462246372518547	 1.4764210912073878	
1205	 0.020461588192177117	 1.4763419421164887	
1206	 0.02046092946688964	 1.4762627291928194	
1207	 0.02046027020697441	 1.4761834536813705	
1208	 0.020459610422537917	 1.4761041168015627	
1209	 0.020458950123472316	 1.4760247197469418	
1210	 0.020458289319484298	 1.4759452636886552	
1211	 0.020457628020069517	 1.4758657497723784	
1212	 0.02045696606598366	 1.475786158855238	
1213	 0.02045630337500956	 1.475706481057178	
1214	 0.0204556398341407	 1.4756267027972052	
1215	 0.02045497514378483	 1.4755467880628255	
1216	 0.0204543098004137	 1.475466796551159	
1217	 0.020453643363055402	 1.4753866752528095	
1218	 0.02045297620035485	 1.4753064684946289	
1219	 0.020452310275028585	 1.4752264122337622	
1220	 0.020451644938157484	 1.4751464284512705	
1221	 0.020450979385109664	 1.4750664204165191	
1222	 0.02045031343141173	 1.4749863659558653	
1223	 0.020449647078791246	 1.4749062652801295	
1224	 0.020448980333343907	 1.4748261191251804	
1225	 0.020448313201981278	 1.4747459283248947	
1226	 0.020447645691678788	 1.4746656937207534	
1227	 0.020446977809312428	 1.4745854161422152	
1228	 0.02044630956162543	 1.4745050964027115	
1229	 0.02044564095522362	 1.4744247352990907	
1230	 0.02044497199657676	 1.4743443336117785	
1231	 0.020444302692028345	 1.4742638921059605	
1232	 0.020443633047781323	 1.4741834115298653	
1233	 0.020442963069904695	 1.4741028926155595	
1234	 0.02044229276434425	 1.474022336080241	
1235	 0.020441621997114794	 1.4739417258248568	
1236	 0.02044095018912167	 1.4738609922619574	
1237	 0.020440277391658962	 1.4737801415637743	
1238	 0.020439603776400434	 1.473699194367671	
1239	 0.020438928583889616	 1.473618059420567	
1240	 0.020438251012712495	 1.4735366404357562	
1241	 0.020437570672884042	 1.473454890571996	
1242	 0.020436886513676974	 1.4733726835999263	
1243	 0.020436201673956475	 1.4732903966963484	
1244	 0.020435518710701407	 1.4732083370902194	
1245	 0.02043483819070743	 1.473126572866021	
1246	 0.02043413396642388	 1.4730419624914444	
1247	 0.020433345859475715	 1.472947276178611	
1248	 0.020432674019192562	 1.4728665605291251	
1249	 0.02043188191853739	 1.4727713989355988	
1250	 0.020431104170322782	 1.472677964012293	
1251	 0.02043034165818194	 1.4725863617794135	
1252	 0.020429675436597777	 1.4725063290050304	
1253	 0.02042901033012537	 1.4724264319238658	
1254	 0.020428345095139473	 1.4723465211394142	
1255	 0.0204276794767533	 1.4722665660356398	
1256	 0.020427013426139447	 1.4721865607505302	
1257	 0.020426346939244076	 1.4721065048005644	
1258	 0.020425680021657858	 1.4720263988606892	
1259	 0.020425012680951846	 1.4719462438436597	
1260	 0.02042434492501781	 1.4718660407006732	
1261	 0.02042367676169148	 1.4717857903761171	
1262	 0.020423008198675693	 1.4717054937983376	
1263	 0.020422339243524972	 1.471625151877789	
1264	 0.02042166990364233	 1.4715447655066534	
1265	 0.020421000186280833	 1.4714643355590284	
1266	 0.02042033001942722	 1.4713838533897325	
1267	 0.02041965956872474	 1.4713033388942252	
1268	 0.02041898876238232	 1.4712227834536495	
1269	 0.020418317606274744	 1.4711421877762962	
1270	 0.02041764610677112	 1.4710615526297535	
1271	 0.02041697427022932	 1.4709808787801955	
1272	 0.020416302102900033	 1.4709001669808606	
1273	 0.02041562961090811	 1.4708194179698122	
1274	 0.020414956800246742	 1.4707386324692433	
1275	 0.020414283676779697	 1.4706578111857442	
1276	 0.02041361024624373	 1.4705769548105951	
1277	 0.02041293651425095	 1.4704960640200522	
1278	 0.02041226248629163	 1.4704151394756837	
1279	 0.020411588167736916	 1.470334181824702	
1280	 0.020410913563841237	 1.4702531917002484	
1281	 0.02041023867973753	 1.4701721697208265	
1282	 0.02040956352046498	 1.47009111649363	
1283	 0.02040888809094436	 1.4700100326115866	
1284	 0.020408212395986475	 1.469928918654371	
1285	 0.02040753644029537	 1.4698477751887926	
1286	 0.020406860228432324	 1.4697666027644736	
1287	 0.020406183764891155	 1.4696854019228918	
1288	 0.020405506910635078	 1.469604155977026	
1289	 0.02040482924036571	 1.469522813881171	
1290	 0.02040415075795422	 1.4694413761065006	
1291	 0.02040347190373006	 1.469359895510199	
1292	 0.020402792405092362	 1.4692783393769766	
1293	 0.020402112471396915	 1.469196732838884	
1294	 0.020401432510339206	 1.46911512482994	
1295	 0.02040074878968255	 1.469033067427328	
1296	 0.020400055570041944	 1.4689498718666485	
1297	 0.020399349968831276	 1.4688651922886724	
1298	 0.020398603510534498	 1.468775611555509	
1299	 0.020397850303519323	 1.468685223139352	
1300	 0.02039708856423498	 1.4685938130734384	
1301	 0.020396413467069992	 1.4685128021178482	
1302	 0.020395739417991696	 1.4684319187149653	
1303	 0.020395065361021845	 1.4683510361471876	
1304	 0.020394391082139692	 1.4682701287343123	
1305	 0.020393716542416264	 1.4681891918071468	
1306	 0.020393041741038988	 1.468108225270285	
1307	 0.020392360406315445	 1.468026476637206	
1308	 0.02039166844464453	 1.467943454814023	
1309	 0.020390966541974656	 1.4678592421848176	
1310	 0.02039025230507487	 1.4677735517074968	
1311	 0.02038952845953065	 1.4676867104759361	
1312	 0.020388763324914298	 1.4675949179443422	
1313	 0.02038799442900531	 1.4675026764871715	
1314	 0.02038723408432699	 1.4674114631685171	
1315	 0.02038647081438076	 1.4673199012065539	
1316	 0.020385781225945858	 1.4672371800533515	
1317	 0.02038508697172103	 1.4671539010891024	
1318	 0.020384371042425336	 1.4670680240814011	
1319	 0.02038370150571426	 1.466987713767237	
1320	 0.020383035551599055	 1.466907834926669	
1321	 0.020382369402298324	 1.4668279344149004	
1322	 0.020381685886619802	 1.4667459527224749	
1323	 0.02038101913449329	 1.466665983436619	
1324	 0.020380352237764698	 1.466585998552043	
1325	 0.020379685031938564	 1.4665059783416299	
1326	 0.02037901749104746	 1.4664259196935678	
1327	 0.020378349617377403	 1.4663458228846633	
1328	 0.020377681419107247	 1.4662656888983934	
1329	 0.020377012905444365	 1.466185518841492	
1330	 0.020376344085568654	 1.4661053138173035	
1331	 0.02037567496840742	 1.466025074898787	
1332	 0.020375005562584092	 1.46594480312237	
1333	 0.020374335876417116	 1.4658644994878196	
1334	 0.020373665917940376	 1.4657841649606949	
1335	 0.020372995695159622	 1.4657038005030982	
1336	 0.020372325216444595	 1.4656234071206926	
1337	 0.020371600364647472	 1.4655364961479591	
1338	 0.020370929704415088	 1.4654560846728686	
1339	 0.0203699108299868	 1.465333926049551	
1340	 0.02036899703376681	 1.4652243693124172	
1341	 0.020368269414314834	 1.465137135999283	
1342	 0.020367567718206997	 1.465053012568628	
1343	 0.020366763647019583	 1.4649566181905758	
1344	 0.02036594254125286	 1.46485818427615	
1345	 0.02036516281572181	 1.464764713461106	
1346	 0.02036450104744991	 1.46468538482832	
1347	 0.020363851526179002	 1.4646075259604077	
1348	 0.020363135244640736	 1.4645216663813898	
1349	 0.02036242986319165	 1.4644371153471714	
1350	 0.020361780717789556	 1.4643593068108525	
1351	 0.020361131831566345	 1.4642815309932136	
1352	 0.020360482511627396	 1.4642037048442536	
1353	 0.02035983262936576	 1.4641258129532335	
1354	 0.02035918217332252	 1.464047853951105	
1355	 0.020358531157187415	 1.4639698294829813	
1356	 0.020357879599750127	 1.4638917418050494	
1357	 0.020357227520494434	 1.4638135932564922	
1358	 0.02035657493863232	 1.4637353861437223	
1359	 0.0203559218728832	 1.4636571227139321	
1360	 0.020355268049151862	 1.4635787701243317	
1361	 0.020354611749046184	 1.463500122459614	
1362	 0.020353951256445763	 1.4634209740944522	
1363	 0.02035328770168863	 1.4633414605080943	
1364	 0.020352627800186172	 1.4632623864041807	
1365	 0.02035194692632397	 1.4631808010341254	
1366	 0.02035128646178954	 1.4631016629401703	
1367	 0.02035063107992634	 1.4630231355538321	
1368	 0.020349975473129875	 1.462944582902958	
1369	 0.02034931954596061	 1.462865993554419	
1370	 0.02034866328934897	 1.46278736642408	
1371	 0.0203480067123675	 1.4627087026014653	
1372	 0.020347349827727314	 1.4626300036119277	
1373	 0.020346692648557756	 1.4625512710307926	
1374	 0.020346035187684842	 1.4624725063969153	
1375	 0.020345377457474476	 1.4623937111938963	
1376	 0.02034471946980817	 1.462314886847185	
1377	 0.0203440612360918	 1.4622360347251286	
1378	 0.02034340276727302	 1.4621571561410693	
1379	 0.0203427440738607	 1.4620782523556741	
1380	 0.0203420851659443	 1.4619993245792637	
1381	 0.020341426053212416	 1.4619203739740405	
1382	 0.02034076674497027	 1.4618414016561843	
1383	 0.02034010725015606	 1.4617624086978198	
1384	 0.02033944757735623	 1.4616833961288485	
1385	 0.020338787734819726	 1.46160436493866	
1386	 0.02033812773047141	 1.4615253160777442	
1387	 0.0203374675719246	 1.4614462504591963	
1388	 0.020336807266492323	 1.4613671689600694	
1389	 0.020336146821177535	 1.4612880724202064	
1390	 0.020335486242733996	 1.461208961649534	
1391	 0.020334825537652132	 1.4611298374263741	
1392	 0.02033416420243148	 1.46105063945586	
1393	 0.020333502540988837	 1.4609714041371857	
1394	 0.020332841505654634	 1.4608922455127293	
1395	 0.020332180377306625	 1.460813077465933	
1396	 0.020331519152758888	 1.4607338996160475	
1397	 0.020330857835313926	 1.4606547123592835	
1398	 0.020330196429458124	 1.4605755162335734	
1399	 0.020329534939782627	 1.4604963117893464	
1400	 0.020328873370753956	 1.4604170995620613	
1401	 0.020328211726669477	 1.4603378800668798	
1402	 0.02032755001165302	 1.4602586537981406	
1403	 0.020326888229659106	 1.4601794212298695	
1404	 0.020326226384478917	 1.4601001828164957	
1405	 0.02032556447974636	 1.4600209389935805	
1406	 0.020324902518934884	 1.4599416901774374	
1407	 0.020324240505368033	 1.4598624367663986	
1408	 0.020323578442499563	 1.45978317917435	
1409	 0.020322916333631192	 1.4597039177969406	
1410	 0.020322253680061634	 1.4596245929367175	
1411	 0.020321589753977992	 1.45954511747585	
1412	 0.02032092560621496	 1.4594656172106628	
1413	 0.020320255870903674	 1.4593854498550958	
1414	 0.020319574890415415	 1.4593039382572772	
1415	 0.020318908455409436	 1.4592241694791597	
1416	 0.020318246704132664	 1.4591449630447342	
1417	 0.02031758502450369	 1.4590657669054885	
1418	 0.02031692332983175	 1.4589865706852432	
1419	 0.020316261603425003	 1.4589073723864026	
1420	 0.020315599843376376	 1.4588281717809937	
1421	 0.020314938050958086	 1.4587489690215538	
1422	 0.02031427622808489	 1.458669764337503	
1423	 0.020313614376757338	 1.4585905579685086	
1424	 0.020312952498939423	 1.4585113501498421	
1425	 0.020312290596531737	 1.458432141109168	
1426	 0.020311628671365593	 1.4583529310658407	
1427	 0.020310966725194144	 1.4582737202298424	
1428	 0.020310304759711104	 1.4581945088040253	
1429	 0.020309635443615144	 1.4581144195466944	
1430	 0.020308767385879833	 1.458010551814275	
1431	 0.02030810665929817	 1.4579314943426587	
1432	 0.020306996314240565	 1.4577986428371565	
1433	 0.020305886547651055	 1.457665865383522	
1434	 0.02030478899516214	 1.4575345540377629	
1435	 0.02030373229797553	 1.4574081350974593	
1436	 0.02030275521224735	 1.457291244450203	
1437	 0.02074487375670699	 1.510564887151373	
1438	 0.021082741646858	 1.551790907992329	
1439	 0.021348645740014462	 1.584547548651518	
1440	 0.021543688252837093	 1.6087484875076214	
1441	 0.02165992128770454	 1.6232404197038077	
1442	 0.021706574341682886	 1.6290717336472718	
1443	 0.021674780636565597	 1.6250968292668269	
1444	 0.021643709098694758	 1.6212159652755067	
1445	 0.021613363187053942	 1.6174293160761701	
1446	 0.021583710786428758	 1.6137326273553676	
1447	 0.0215547125721482	 1.6101207673923945	
1448	 0.02152635269940252	 1.6065915476175514	
1449	 0.02149861608498921	 1.6031428856376815	
1450	 0.02147148810593295	 1.5997727670455857	
1451	 0.021444954527034175	 1.5964792358531181	
1452	 0.021419001476463286	 1.5932603909471823	
1453	 0.02139361338929757	 1.5901141308533546	
1454	 0.02136877426550259	 1.5870383099687657	
1455	 0.021344429905741005	 1.5840260674757223	
1456	 0.02132029703124813	 1.5810422528378398	
1457	 0.02129669738144482	 1.5781265433992289	
1458	 0.02127364331494769	 1.5752803192566205	
1459	 0.02125141137933253	 1.5725375411786955	
1460	 0.02122947564695297	 1.5698331801858263	
1461	 0.02136684478947365	 1.5867994832761134	
1462	 0.0214551218753365	 1.5977409565341685	
1463	 0.02147775593362542	 1.600551169521574	
1464	 0.021458834510064674	 1.5982017766234498	
1465	 0.021432376271468042	 1.5949188845603663	
1466	 0.021406507195454016	 1.5917117059223047	
1467	 0.0213812034633272	 1.5885771158528934	
1468	 0.021356451467511764	 1.5855132659388644	
1469	 0.02133223831084774	 1.5825184042662428	
1470	 0.021308551496049336	 1.5795908364530387	
1471	 0.021285378851920368	 1.5767289161059577	
1472	 0.021262708510596563	 1.5739310416283816	
1473	 0.021240528896150954	 1.5711956544555001	
1474	 0.021218828715906794	 1.5685212376421873	
1475	 0.021197596952554774	 1.565906314566881	
1476	 0.021176822856653562	 1.5633494476985135	
1477	 0.02115649593948964	 1.5608492374226388	
1478	 0.021136605784566272	 1.5584042985943274	
1479	 0.02111714181616028	 1.556013231914388	
1480	 0.021098094086293866	 1.5536747204081183	
1481	 0.021079452743111245	 1.5513874638213616	
1482	 0.021061208686286807	 1.549150258780121	
1483	 0.021043353850940954	 1.5469620331673894	
1484	 0.02102588110995665	 1.5448218336758959	
1485	 0.02100878138143905	 1.5427284713690943	
1486	 0.0209920224171963	 1.5406779275684732	
1487	 0.02097551681870271	 1.5386594508020561	
1488	 0.020959486228105628	 1.5367000763071308	
1489	 0.020943722027945658	 1.5347742360274292	
1490	 0.02092834031446594	 1.5328960536534293	
1491	 0.02091330826297937	 1.5310614556282809	
1492	 0.020898593474942228	 1.529266429532145	
1493	 0.02088418839552903	 1.5275100001233126	
1494	 0.0208700859687894	 1.5257912557544298	
1495	 0.020856279371392155	 1.5241093157221617	
1496	 0.020842761953869388	 1.5224633229727929	
1497	 0.020829527224759926	 1.520852442052038	
1498	 0.020816568844181937	 1.5192758582110901	
1499	 0.020803880619540117	 1.5177327767781978	
1500	 0.02079145650177754	 1.5162224226015306	
1501	 0.02077929058182662	 1.514744039520979	
1502	 0.020767377087176978	 1.5132968898586325	
1503	 0.02075571037854026	 1.511880253925309	
1504	 0.020744284946617127	 1.5104934295435577	
1505	 0.02073309540891665	 1.5091357315809164	
1506	 0.020722136506692315	 1.507806491501026	
1507	 0.020711402494343827	 1.5065049832669724	
1508	 0.0207008891781828	 1.5052306704710567	
1509	 0.02069059160371598	 1.503982925791389	
1510	 0.02068050504872157	 1.502761151377439	
1511	 0.02067062459349995	 1.501564726734695	
1512	 0.020660941338396268	 1.500392550919876	
1513	 0.02065143011862213	 1.4992415567851074	
1514	 0.020642141156954293	 1.4981178001293634	
1515	 0.02063279533584676	 1.4969875049305748	
1516	 0.020623643759417103	 1.4958810326251861	
1517	 0.020614704851226313	 1.494800588952428	
1518	 0.02060596585682291	 1.493744610700504	
1519	 0.02059741796783151	 1.4927120135090144	
1520	 0.020589053642485415	 1.4917018675766764	
1521	 0.020580230966016393	 1.4906366637676853	
1522	 0.0205721391545688	 1.4896599683881278	
1523	 0.020564120351692073	 1.4886923378925354	
1524	 0.020556160654018638	 1.4877320883726954	
1525	 0.020548289466611015	 1.4867827603703445	
1526	 0.020540532477108003	 1.4858474426974049	
1527	 0.02053289968590564	 1.4849273303565809	
1528	 0.02052538707199907	 1.4840219277041264	
1529	 0.020518008538069316	 1.4831328990788737	
1530	 0.020510789928286165	 1.4822633457102221	
1531	 0.020503763876665408	 1.481417183795574	
1532	 0.020496993643450038	 1.4806020134734137	
1533	 0.020490426246881528	 1.4798114372066147	
1534	 0.02048402926952234	 1.4790415382138153	
1535	 0.020477799660800274	 1.4782919366685974	
1536	 0.020471732053646628	 1.477561974714878	
1537	 0.020465823937487464	 1.476851338869593	
1538	 0.020460056365108826	 1.4761577397228276	
1539	 0.0204544166308581	 1.4754796402215582	
1540	 0.02044891883046495	 1.4748187262576742	
1541	 0.02044362902305289	 1.4741829278269043	
1542	 0.02043845179064555	 1.4735607663267587	
1543	 0.020433379115055755	 1.472951271587468	
1544	 0.020428402194762472	 1.4723533801147919	
1545	 0.020423414842719406	 1.4717543328527443	
1546	 0.020418607004241456	 1.4711769398697774	
1547	 0.02041384470678375	 1.4706051054400726	
1548	 0.02040889853819697	 1.4700112867684931	
1549	 0.02040397471740374	 1.469420246375931	
1550	 0.02039909372050822	 1.468834440273955	
1551	 0.020394268808249856	 1.4682554571561928	
1552	 0.020389534396875127	 1.467687422782946	
1553	 0.0203848564351635	 1.4671262475945681	
1554	 0.020380255147332195	 1.46657435406547	
1555	 0.020375778778381953	 1.4660375234257998	
1556	 0.020371718241018643	 1.4655506295865115	
1557	 0.020367763715875585	 1.4650765097202327	
1558	 0.020363913894209846	 1.464615002016733	
1559	 0.020359987507548173	 1.4641443757875372	
1560	 0.020356193629781038	 1.463689689869878	
1561	 0.020352615581997458	 1.4632609223497948	
1562	 0.02034910556877413	 1.4628403564275336	
1563	 0.020345659034028067	 1.4624274434820361	
1564	 0.02034227912394464	 1.4620225578060475	
1565	 0.020338957300599775	 1.4616246741442565	
1566	 0.02033568026850701	 1.461232197967943	
1567	 0.020332444141293145	 1.460844662170565	
1568	 0.02032915360306472	 1.4604506526543835	
1569	 0.020325322187147877	 1.4599919319384622	
1570	 0.020322092782653192	 1.4596053325077147	
1571	 0.020318889744390632	 1.4592219298934268	
1572	 0.020315683786343686	 1.458838218127573	
1573	 0.020312482339236153	 1.4584550865438983	
1574	 0.020309290523961045	 1.458073147718231	
1575	 0.02030611459498742	 1.4576931495950525	
1576	 0.02030294319667585	 1.4573137330980395	
1577	 0.020432826768327316	 1.4728849118270793	
1578	 0.021466941255326312	 1.5992081877703008	
1579	 0.02238879980478393	 1.7152973365602502	
1580	 0.022808390856761507	 1.7692089839928098	
1581	 0.023100409349101018	 1.8071221870012588	
1582	 0.02332073070105233	 1.8359392846173124	
1583	 0.023452857878492543	 1.8533083307005187	
1584	 0.02351312181827308	 1.8612521598562575	
1585	 0.023499450346112397	 1.8594488316849105	
1586	 0.023424029189052713	 1.8495130181463597	
1587	 0.02335040316737897	 1.8398342417717652	
1588	 0.023278497589823602	 1.8304012496934725	
1589	 0.023208287047489885	 1.8212093465255574	
1590	 0.02313971190636123	 1.8122494262657287	
1591	 0.023072739939029023	 1.8035160432396953	
1592	 0.023007323424508955	 1.7950017966506884	
1593	 0.02294277406617918	 1.7866162187106351	
1594	 0.022880335755306007	 1.778519837164526	
1595	 0.0228193257224031	 1.7706228754956779	
1596	 0.02278343928702287	 1.7659844074070996	
1597	 0.022918039301209087	 1.7834071001471656	
1598	 0.023260578181417035	 1.8280534971901414	
1599	 0.02368009351940683	 1.8833328440432895	
1600	 0.024176407007700476	 1.9495796764821067	
1601	 0.024758188976317288	 2.0283964765492923	
1602	 0.02529972127444242	 2.1028790092220935	
1603	 0.02578539288741007	 2.170589244445859	
1604	 0.026117953816850607	 2.217447302229038	
1605	 0.026565180814265035	 2.2810913904374743	
1606	 0.026413879366360003	 2.2594793420973	
1607	 0.026266488569852274	 2.2385051012662402	
1608	 0.026122840576250708	 2.218138832107694	
1609	 0.02598278021826956	 2.1983529700819724	
1610	 0.0258461810322139	 2.179124422534881	
1611	 0.025713001271429742	 2.1604423258792775	
1612	 0.025583195004339178	 2.1422954245886285	
1613	 0.025456652085618557	 2.124663726708892	
1614	 0.025333284370322368	 2.1075305977375574	
1615	 0.025212998262696053	 2.0908789069019593	
1616	 0.02509570184096579	 2.0746920118502694	
1617	 0.02498074008530081	 2.0588761660328188	
1618	 0.024869208661301333	 2.0435785488671616	
1619	 0.02476040621033701	 2.0286992426315846	
1620	 0.024654194353678417	 2.0142161959696043	
1621	 0.024550469874411278	 2.0001124162107464	
1622	 0.024448874856994568	 1.9863366425408475	
1623	 0.024349694296782656	 1.972925018827196	
1624	 0.02425329888944559	 1.9599248667049782	
1625	 0.02415924129018974	 1.9472731569574953	
1626	 0.024067449696643595	 1.9349578670940064	
1627	 0.02397783457413973	 1.9229647547334598	
1628	 0.023890413987052214	 1.9112940924800028	
1629	 0.0238052003598839	 1.8999454274914578	
1630	 0.023721952097065502	 1.8888846292399248	
1631	 0.02364062330251174	 1.8781038214014762	
1632	 0.023561034603786817	 1.8675775877845027	
1633	 0.02348341355959255	 1.8573343992392413	
1634	 0.02340765670518487	 1.8473589575908242	
1635	 0.023333694654654763	 1.8376405922116035	
1636	 0.02326148898901792	 1.8281727996668484	
1637	 0.023190971280524587	 1.8189452276081222	
1638	 0.02312228883685932	 1.8099757720404064	
1639	 0.023055000200539154	 1.8012055458931995	
1640	 0.02298925217170991	 1.7926525854132889	
1641	 0.02292421250349578	 1.7842078028240405	
1642	 0.02286139189187925	 1.7760662938018583	
1643	 0.022799958470559514	 1.7681189746960293	
1644	 0.022739873679204547	 1.7603599174296403	
1645	 0.022681120271868752	 1.7527859936363486	
1646	 0.022623675128416305	 1.7453933537329167	
1647	 0.022567515052341447	 1.7381781766768356	
1648	 0.022512667343802997	 1.7311431504951054	
1649	 0.02245908218039453	 1.7242810900995258	
1650	 0.02244441518248137	 1.7224047503263968	
1651	 0.022632587594862794	 1.7465394836332677	
1652	 0.02273210232930885	 1.7593573602348496	
1653	 0.0227248168775513	 1.75841769470414	
1654	 0.022666509434193613	 1.7509045336518991	
1655	 0.022609617867005046	 1.74358622260198	
1656	 0.022554233684176285	 1.7364735985670308	
1657	 0.02250005197977371	 1.7295266589768703	
1658	 0.022447106090580468	 1.7227489352887468	
1659	 0.02239536905260911	 1.7161362467485335	
1660	 0.02234481635831058	 1.7096847628605598	
1661	 0.022295402256314083	 1.7033879820833409	
1662	 0.022247108015749004	 1.6972428872116183	
1663	 0.02219990224042733	 1.6912448802819506	
1664	 0.022153759813169346	 1.6853901950391783	
1665	 0.022107958821639913	 1.6795868660815572	
1666	 0.0220637713329717	 1.6739955713192323	
1667	 0.022020467190683436	 1.6685232893719855	
1668	 0.021978006924623334	 1.6631646082156635	
1669	 0.02193637373268068	 1.6579170047148606	
1670	 0.02189561410888281	 1.6527859370513733	
1671	 0.02185571976150287	 1.647769958226376	
1672	 0.021874730084847967	 1.6501593953569567	
1673	 0.02223289000647663	 1.695435440750689	
1674	 0.022570376608498154	 1.738545526580596	
1675	 0.022900940433837457	 1.7811900215209777	
1676	 0.023181383663856966	 1.8176920857423788	
1677	 0.023304389882742856	 1.8337957166656673	
1678	 0.023273976294828375	 1.8298087681430246	
1679	 0.023202417225215006	 1.8204417131157091	
1680	 0.02313257486792776	 1.8113179277774571	
1681	 0.023064400169309683	 1.802429689368841	
1682	 0.02299785033347312	 1.7937701684119267	
1683	 0.0229328778791607	 1.7853319983924834	
1684	 0.022869447649614526	 1.7771094819800908	
1685	 0.022807597623624387	 1.7691064355540804	
1686	 0.022747191873493038	 1.7613042233069365	
1687	 0.022688178033287012	 1.753695121897848	
1688	 0.02263052084380314	 1.746273675725593	
1689	 0.022574040342780512	 1.739015900764569	
1690	 0.022518996899577766	 1.731954426641184	
1691	 0.02246519937107539	 1.7250638999025758	
1692	 0.022412612817720876	 1.718339101333619	
1693	 0.022361202917198786	 1.7117749342832493	
1694	 0.022311012037422615	 1.7053761138490362	
1695	 0.022261886070316754	 1.6991223450787503	
1696	 0.022213839292267123	 1.6930148505256775	
1697	 0.022166863919569114	 1.6870520564210392	
1698	 0.022120948411253324	 1.681231931019069	
1699	 0.022076078807945383	 1.675552156914316	
1700	 0.022032256205341043	 1.6700123400959932	
1701	 0.02198945872464498	 1.6646091990459986	
1702	 0.021947654155093345	 1.6593381762294015	
1703	 0.021906786179383474	 1.6541917118403546	
1704	 0.021866821624789992	 1.6491652004683017	
1705	 0.02182773929527441	 1.6442555697635919	
1706	 0.021789527844336718	 1.6394610038379458	
1707	 0.021752177911286967	 1.6347799505432443	
1708	 0.021715666193726373	 1.6302091269207502	
1709	 0.02167996458434072	 1.6257446704020493	
1710	 0.021645053812454653	 1.6213838444311361	
1711	 0.021610915203853966	 1.6171240041670958	
1712	 0.021577530581726234	 1.612962583212384	
1713	 0.02154464187910421	 1.6088671740445584	
1714	 0.02151271201352512	 1.6048951477346651	
1715	 0.021481472536773374	 1.601012806563749	
1716	 0.021450882287918794	 1.5972147949712365	
1717	 0.021421016506537608	 1.5935102133835244	
1718	 0.02139162587427412	 1.5898679298184268	
1719	 0.021362495393026593	 1.5862611763962746	
1720	 0.02133393382025203	 1.5827280436146298	
1721	 0.02130596778486614	 1.5792716342807995	
1722	 0.021335919255964717	 1.5829735446935709	
1723	 0.02157501269996875	 1.6126489011101226	
1724	 0.021735224960495115	 1.63265701035953	
1725	 0.021778081108286138	 1.6380258196898516	
1726	 0.021741168935414498	 1.63340122142291	
1727	 0.021704334153372352	 1.6287915342130947	
1728	 0.021668350226366005	 1.6242933604844971	
1729	 0.021633177209798456	 1.6199013649066163	
1730	 0.02159879848752762	 1.6156131495514041	
1731	 0.021565192009290607	 1.6114256555635995	
1732	 0.021532326682439026	 1.6073347172116688	
1733	 0.021500192295402933	 1.6033387860199104	
1734	 0.021468771291747794	 1.599435412533959	
1735	 0.02143804965428771	 1.5956226005708192	
1736	 0.021408015049150568	 1.5918985747024454	
1737	 0.021377773994604284	 1.5881524683926214	
1738	 0.021348967297164675	 1.5845873267525503	
1739	 0.021320725320537533	 1.5810951873721797	
1740	 0.02129301720096477	 1.5776720554058727	
1741	 0.021265833716394886	 1.5743166227506344	
1742	 0.021239188442209556	 1.5710303987539087	
1743	 0.021213076679030645	 1.5678126392517602	
1744	 0.021292361657200623	 1.5775911037919845	
1745	 0.0215052179813535	 1.6039634707458887	
1746	 0.02168767940718135	 1.6267089877667216	
1747	 0.02182306281687832	 1.6436684898404994	
1748	 0.021854882371168886	 1.6476647371806434	
1749	 0.021815052268093094	 1.642663049277756	
1750	 0.021776194101228448	 1.6377892762747999	
1751	 0.021738438442299737	 1.6330593351695422	
1752	 0.021701548767624108	 1.6284431691801842	
1753	 0.021665341552157224	 1.6239174863562857	
1754	 0.021629948051124653	 1.6194983837034738	
1755	 0.02159535443834696	 1.6151838081236363	
1756	 0.021561535371768123	 1.6109702869874216	
1757	 0.02152847125362048	 1.606855082194979	
1758	 0.021496141855539736	 1.602835393661241	
1759	 0.021464529274029392	 1.5989087260905566	
1760	 0.02143361748655341	 1.5950728319940506	
1761	 0.02140244664102517	 1.5912085237758848	
1762	 0.02137278655094694	 1.5875349886864818	
1763	 0.021343698606042096	 1.5839356157308833	
1764	 0.021315410444288613	 1.5804383439450567	
1765	 0.021287727885619386	 1.5770189372225738	
1766	 0.02126062930881881	 1.5736745351452275	
1767	 0.0212341057514932	 1.5704038505953217	
1768	 0.021208118294338905	 1.5672019143513547	
1769	 0.02118268696240517	 1.564071030025645	
1770	 0.021157824327863124	 1.5610125802702302	
1771	 0.021133558709235615	 1.5580298812484485	
1772	 0.021109915663696712	 1.5551259033199525	
1773	 0.02108679104770048	 1.552287698670855	
1774	 0.02106417385681547	 1.5495137794060316	
1775	 0.021042046247330012	 1.5468018265089223	
1776	 0.021020397602146693	 1.544150414634922	
1777	 0.02099920245919997	 1.5415563083476618	
1778	 0.020978472452137343	 1.539020818689312	
1779	 0.02095819019676236	 1.5365417096379244	
1780	 0.020938336801554304	 1.5341165689159055	
1781	 0.020918919388192788	 1.5317461668288688	
1782	 0.020899926521230797	 1.5294290103524675	
1783	 0.020881343108667214	 1.527163166219437	
1784	 0.02086315600408343	 1.5249469444927914	
1785	 0.020844477650627094	 1.5226722010047595	
1786	 0.02082705090153461	 1.5205511091623949	
1787	 0.02080998289186445	 1.5184748277774214	
1788	 0.020793227647459254	 1.5164376974869809	
1789	 0.020776748382720086	 1.5144351884329206	
1790	 0.020760575358521462	 1.5124709220429031	
1791	 0.02074473980354866	 1.5105486305647788	
1792	 0.020729247476838495	 1.5086689502972452	
1793	 0.020714077440124146	 1.5068292806867765	
1794	 0.020699225481868685	 1.5050290543626208	
1795	 0.020684713175157746	 1.5032708292788	
1796	 0.020670562521175665	 1.5015572115997964	
1797	 0.020656871749499872	 1.4999000289950508	
1798	 0.02064343851866417	 1.498274731636149	
1799	 0.020630255627870766	 1.4966804084652348	
1800	 0.020617408490244314	 1.49512734420642	
1801	 0.020604763494829138	 1.4935993463930837	
1802	 0.020592396313484283	 1.492105523689025	
1803	 0.020580285499185075	 1.4906432468823712	
1804	 0.020568447847263537	 1.4892145063817468	
1805	 0.020556860596734925	 1.4878165187839059	
1806	 0.020545536270430438	 1.4864507601649566	
1807	 0.020534400743787318	 1.4851082608163713	
1808	 0.02052349426396984	 1.4837938457469022	
1809	 0.02051192116383286	 1.4823996008080398	
1810	 0.02050150843089348	 1.4811455967812899	
1811	 0.02049124935410587	 1.4799105127276746	
1812	 0.02048127352102135	 1.4787099234658971	
1813	 0.020471231903454304	 1.4775018107055005	
1814	 0.020461300025118537	 1.4763072892901175	
1815	 0.020451548408268613	 1.4751348242097204	
1816	 0.020441516499087063	 1.4739290476334703	
1817	 0.020782135592286942	 1.5150897089504236	
1818	 0.021246578615678025	 1.5719415708653406	
1819	 0.02166164862958866	 1.623456176543536	
1820	 0.022003539235902914	 1.6663860770270402	
1821	 0.022285661555471688	 1.7021478327984925	
1822	 0.022515280335912748	 1.7314780462770365	
1823	 0.022707043225960715	 1.7561261210715366	
1824	 0.022858652886890072	 1.775711659506662	
1825	 0.0230012922921788	 1.7942176298605625	
1826	 0.023136603694061578	 1.811843730942248	
1827	 0.0232753218801341	 1.8299850889121398	
1828	 0.0233429698137383	 1.8388581924367733	
1829	 0.02335096307269019	 1.8399077694956032	
1830	 0.023323762957778334	 1.8363371624107705	
1831	 0.023258063960821546	 1.8277241872222272	
1832	 0.023184990309488195	 1.8181634489778922	
1833	 0.023112143499252218	 1.8086523643110253	
1834	 0.023142270774756488	 1.8125834464654549	
1835	 0.023316492141171315	 1.8353831794620306	
1836	 0.02363109259093839	 1.876842062487982	
1837	 0.024083611013450922	 1.9371238953865975	
1838	 0.02466759186912003	 2.0160407929011783	
1839	 0.025348989056295266	 2.109708558866134	
1840	 0.025755859752979324	 2.1664473757467624	
1841	 0.02559182681091428	 2.1435002493039392	
1842	 0.025434433970018214	 2.1215740110834633	
1843	 0.025289385849049384	 2.1014474262984733	
1844	 0.025161128414617356	 2.083714666953847	
1845	 0.0250363256747708	 2.0665172999901027	
1846	 0.02491377833045593	 2.049686236842263	
1847	 0.024781301725383672	 2.0315534391458803	
1848	 0.02465055850151006	 2.013721146174734	
1849	 0.02452308112429465	 1.9963948902548616	
1850	 0.024400689609973138	 1.979816285929095	
1851	 0.024284635553680177	 1.9641472445633426	
1852	 0.024172515570563113	 1.9490566969442884	
1853	 0.024062624335711894	 1.9343113336912137	
1854	 0.02395612122090943	 1.9200633662315179	
1855	 0.02385472023478154	 1.906537144312556	
1856	 0.023757016023882	 1.8935402564844914	
1857	 0.023658964230920575	 1.8805329081590365	
1858	 0.023564857212659978	 1.8680826168757079	
1859	 0.02346957023884007	 1.8555099467628813	
1860	 0.023377643275335692	 1.8434128216280232	
1861	 0.02329538533300993	 1.8326149392831776	
1862	 0.023224921826582545	 1.8233854839189505	
1863	 0.023169724986457828	 1.8161687130043351	
1864	 0.02311494260057347	 1.8090174541750395	
1865	 0.023057646605980697	 1.8015501495583066	
1866	 0.022993365697196826	 1.7931872237926312	
1867	 0.022948018095339504	 1.787296881921721	
1868	 0.02290356020382771	 1.7815296353832555	
1869	 0.02285684476933437	 1.7754775679363703	
1870	 0.02280746317701013	 1.7690890546570734	
1871	 0.02275031448993346	 1.7617072129166653	
1872	 0.022692344452183575	 1.7542318974624787	
1873	 0.02263489229860622	 1.7468359140715892	
1874	 0.022578152984155934	 1.7395439692120318	
1875	 0.022522328739868428	 1.7323815386303105	
1876	 0.022468069147700234	 1.7254311908675302	
1877	 0.022426907483272765	 1.7201660714615095	
1878	 0.02238803582463067	 1.7151997849401113	
1879	 0.022362884025163402	 1.7119894241297944	
1880	 0.022323429083289693	 1.7069582669096393	
1881	 0.022271208334064232	 1.7003083689900587	
1882	 0.022199072000448537	 1.6911394652825138	
1883	 0.022117759759637794	 1.6808280449810937	
1884	 0.022035435479534658	 1.6704139998615153	
1885	 0.021954915662945055	 1.6602532797997067	
1886	 0.02187135755867076	 1.649735396239665	
1887	 0.021785565680699313	 1.6389641735039495	
1888	 0.021704499291342886	 1.6288121887675144	
1889	 0.021619916496341672	 1.6182467567887786	
1890	 0.02153460020566009	 1.607617581938069	
1891	 0.02145447688952588	 1.5976609049482404	
1892	 0.021383637170123055	 1.5888784925281503	
1893	 0.021316044686359746	 1.5805167215452383	
1894	 0.021251898590647553	 1.5725976284771086	
1895	 0.02119192162176625	 1.5652076313472032	
1896	 0.02113625321988469	 1.5583609744464821	
1897	 0.021081940371275375	 1.5516926130273285	
1898	 0.02102734807918123	 1.545001474089803	
1899	 0.020975161873728533	 1.5386160560541713	
1900	 0.020929353857229382	 1.5330197838648376	
1901	 0.020890143222381266	 1.528235981737003	
1902	 0.020856148769993463	 1.5240934092103178	
1903	 0.020832033429245903	 1.5211574353786268	
1904	 0.020808678433124343	 1.5183161902633453	
1905	 0.020778470132463762	 1.5146443605946114	
1906	 0.020756259392934854	 1.5119469063730542	
1907	 0.020735346812882534	 1.5094088695347503	
1908	 0.02071541553627026	 1.5069915154338993	
1909	 0.020696325078126958	 1.5046775929020797	
1910	 0.020677639613964904	 1.5024141365485733	
1911	 0.02065854633742507	 1.5001026881375454	
1912	 0.020639059371691016	 1.4977450474870848	
1913	 0.020619055307380275	 1.4953263885308348	
1914	 0.020598939074809842	 1.4928957445116904	
1915	 0.02057960299738407	 1.4905608577229028	
1916	 0.020562379311253362	 1.488482279437166	
1917	 0.02054648195434654	 1.486564794192028	
1918	 0.020531285624339046	 1.4847327888023614	
1919	 0.020516584319705766	 1.482961321654398	
1920	 0.02050215644817524	 1.4812236250281172	
1921	 0.020488016455152847	 1.4795213913805696	
1922	 0.020474146128486966	 1.4778523821072553	
1923	 0.020459577009549982	 1.4761000990464852	
1924	 0.020444209082812175	 1.4742526416630037	
1925	 0.020423085361350433	 1.4717147611953705	
1926	 0.02040166379611388	 1.469142883233145	
1927	 0.020381378257036363	 1.4667090558583957	
1928	 0.020368013678136045	 1.4651064766276896	
1929	 0.020350642425213752	 1.4630244949237194	
1930	 0.020339617035561842	 1.461703692888993	
1931	 0.020328922941581753	 1.460423034810093	
1932	 0.020318049610509814	 1.4591213728172472	
1933	 0.020306323558686966	 1.4577181507670538	
1934	 0.020293203323878798	 1.4561487311924666	
1935	 0.020279130796305046	 1.4544661517466098	
1936	 0.020247782790557917	 1.4507208305157817	
1937	 0.02021333997443131	 1.4466102098092852	
1938	 0.020177753998449875	 1.442368059131678	
1939	 0.02014301898902411	 1.4382321582759967	
1940	 0.020117330365334883	 1.4351764679884482	
1941	 0.020094457508114852	 1.4324579045002228	
1942	 0.020072221069663332	 1.4298169597526276	
1943	 0.020054314862131776	 1.4276917186790639	
1944	 0.020047206135224267	 1.4268483531019704	
1945	 0.020031367351754877	 1.424969987469994	
1946	 0.020012562343378466	 1.42274113427022	
1947	 0.01999327702332851	 1.4204568021374566	
1948	 0.019975659727813067	 1.418371329750468	
1949	 0.019960067123622093	 1.4165265556538251	
1950	 0.01994710951191067	 1.414994260459116	
1951	 0.019942371575599423	 1.414434144061664	
1952	 0.019938315483583102	 1.4139547054241055	
1953	 0.01993575444366893	 1.413652018587051	
1954	 0.019933412717862985	 1.4133752749601165	
1955	 0.0199310396535001	 1.4130948498732314	
1956	 0.01992845425284845	 1.4127893583353668	
1957	 0.01992585216976617	 1.4124819222745642	
1958	 0.019923229111520325	 1.4121720350869864	
1959	 0.01992041387664263	 1.4118394744793639	
1960	 0.019917879754859834	 1.41154014824767	
1961	 0.019915062698744726	 1.4112074320828076	
1962	 0.01991209721136516	 1.41085721893269	
1963	 0.019909136244701475	 1.4105075743525417	
1964	 0.019905652103375807	 1.410096195292972	
1965	 0.019901485475955456	 1.4096042968535667	
1966	 0.019889455901209458	 1.408184509750505	
1967	 0.01987524679104926	 1.4065082209255202	
1968	 0.019860245418153764	 1.4047393334247966	
1969	 0.01984546212880196	 1.402997032452846	
1970	 0.019831772137625905	 1.4013843547865485	
1971	 0.01982049910726467	 1.400056951571982	
1972	 0.01981902925992161	 1.3998839136219188	
1973	 0.019817728722194998	 1.399730814799961	
1974	 0.019816482082405894	 1.3995840671106488	
1975	 0.01981528911006009	 1.399443642624999	
1976	 0.01980509444115106	 1.3982438605040335	
1977	 0.01979324547775817	 1.3968499063621076	
1978	 0.019782502992725742	 1.395586602981662	
1979	 0.019811853164991386	 1.3990392298567682	
1980	 0.019817827379945977	 1.3997424285192774	
1981	 0.019820189707398475	 1.4000205267257362	
1982	 0.019817040523336348	 1.3996498029938111	
1983	 0.019816645900414268	 1.3996033505288041	
1984	 0.019815859685811375	 1.3995108042552094	
1985	 0.019813812151421258	 1.399269797989838	
1986	 0.01979191773498139	 1.3966937406384117	
1987	 0.01976087528001534	 1.39304459694549	
1988	 0.01973235976999528	 1.3896958698765929	
1989	 0.019710009847963665	 1.387073454493846	
1990	 0.019694124813145548	 1.3852107976935975	
1991	 0.01968426785634197	 1.384055488258894	
1992	 0.01968425773366812	 1.3840543020036231	
1993	 0.019684371222960437	 1.384067601603	
1994	 0.019672651766466837	 1.3826944901988858	
1995	 0.019657731189259352	 1.380947108097755	
1996	 0.019642795812078645	 1.379198878027494	
1997	 0.019627817898678374	 1.3774465587075249	
1998	 0.019613859913073912	 1.3758143666257514	
1999	 0.019600789205283544	 1.3742866312437447	
2000	 0.019588561905071477	 1.3728580900565814	
2001	 0.019575680179634014	 1.371353733909639	
2002	 0.01957722366731137	 1.3715339509953959	
2003	 0.019578396264110426	 1.3716708693226323	
2004	 0.019579218581705714	 1.3717668905414004	
2005	 0.019579373900173072	 1.3717850272283092	
2006	 0.019578106792118202	 1.3716370686019317	
2007	 0.019576185076751285	 1.3714126844793755	
2008	 0.019555420005844995	 1.3689890413851833	
2009	 0.01953085602440324	 1.366124214206675	
2010	 0.019504676534550052	 1.363073618026364	
2011	 0.019483545084580178	 1.3606132406705573	
2012	 0.01948474522610254	 1.360752927944006	
2013	 0.019486455153511755	 1.3609519602951419	
2014	 0.019490048700922143	 1.3613702804376941	
2015	 0.019495767620772972	 1.362036118435	
2016	 0.019499172900479485	 1.3624326475758741	
2017	 0.01949028873610694	 1.3613982244510179	
2018	 0.019480007023868495	 1.3602014709068146	
2019	 0.019469724446247415	 1.3590050377187632	
2020	 0.019459732783197202	 1.3578428574744745	
2021	 0.01944820429175442	 1.3565024152676461	
2022	 0.019435380877223945	 1.3550120317991476	
2023	 0.019422641093604632	 1.353532017241874	
2024	 0.019409715153088727	 1.3520310376382056	
2025	 0.019394765385356096	 1.3502958790676616	
2026	 0.019381958772692588	 1.348810176655986	
2027	 0.019366402368115224	 1.3470063494614786	
2028	 0.019350657566724137	 1.3451816602315712	
2029	 0.019333891045008093	 1.34323965018351	
2030	 0.019318374911747545	 1.3414434684236707	
2031	 0.019307715469921886	 1.3402100651175601	
2032	 0.019313261362144604	 1.3408517233026094	
2033	 0.019317432366991807	 1.3413343883423974	
2034	 0.019304685495764817	 1.3398595498495907	
2035	 0.019310037400067783	 1.340478696837958	
2036	 0.019317135397491966	 1.3413000209936357	
2037	 0.01932447064052592	 1.342149008755806	
2038	 0.01933124403785992	 1.342933158793114	
2039	 0.019337531380671763	 1.34366120268639	
2040	 0.019334022081405566	 1.3432548233391135	
2041	 0.01933008937254996	 1.3427994712891496	
2042	 0.019326150256331377	 1.3423434392649691	
2043	 0.019322983308584785	 1.3419768462238792	
2044	 0.01932558417108264	 1.3422779085901804	
2045	 0.019328440507703836	 1.3426085744403797	
2046	 0.0193295603648408	 1.3427382243924602	
2047	 0.019329460618823655	 1.3427266762284873	
2048	 0.019327760070979146	 1.3425298002405823	
2049	 0.01932525823688648	 1.342240178655967	
2050	 0.019333005629606083	 1.3431371266824594	
2051	 0.01934029603028168	 1.3439813857002967	
2052	 0.019347557395977075	 1.3448224932707487	
2053	 0.019353755854980958	 1.3455406474270664	
2054	 0.01934409559335755	 1.3444214751763583	
2055	 0.01933053031947017	 1.342850523630583	
2056	 0.019309401643150852	 1.340405141892318	
2057	 0.019285786360748035	 1.3376740767740272	
2058	 0.01926247583725182	 1.3349804420546008	
2059	 0.019245597475102332	 1.3330314280097537	
2060	 0.019249712063727185	 1.3335064515249144	
2061	 0.01925927327157083	 1.3346105410407787	
2062	 0.019271579776492492	 1.336032184271951	
2063	 0.019282381087959474	 1.337280446896913	
2064	 0.019290841187115822	 1.3382584709665268	
2065	 0.019299108885784344	 1.3392145290124249	
2066	 0.019307583757311814	 1.3401948274988131	
2067	 0.019308054544960245	 1.340249292478951	
2068	 0.01929934328919454	 1.3392416388758355	
2069	 0.019285162302271633	 1.337601935748638	
2070	 0.019276103558536414	 1.3365549221910837	
2071	 0.019271569945597627	 1.3360310483687314	
2072	 0.01926693385159877	 1.335495417484915	
2073	 0.019262275309996184	 1.3349572796603777	
2074	 0.019260564288759954	 1.334759650478814	
2075	 0.01924971669355609	 1.3335069860703308	
2076	 0.019235563999524346	 1.3318733610917572	
2077	 0.01922066917614337	 1.3301549384175806	
2078	 0.01919654159092209	 1.3273732111379415	
2079	 0.019172104918127323	 1.324558223248299	
2080	 0.019150091394031087	 1.3220244175625395	
2081	 0.0191294917457123	 1.3196551101563478	
2082	 0.01911095519397019	 1.3175245470887416	
2083	 0.01909431365569382	 1.3156129672149086	
2084	 0.019089578969039702	 1.3150693062066694	
2085	 0.01909092106348865	 1.3152234032474308	
2086	 0.019094667791965853	 1.3156536345710286	
2087	 0.01910741798909712	 1.3171181426058842	
2088	 0.019121559533269446	 1.3187432251722928	
2089	 0.019134764182583693	 1.320261367548971	
2090	 0.019140352710686797	 1.3209040926582545	
2091	 0.019143117243980125	 1.321222082196195	
2092	 0.019143882167092386	 1.32131007263467	
2093	 0.019142669770630536	 1.321170609643722	
2094	 0.01914414392456893	 1.3213401835915868	
2095	 0.01914531185716225	 1.3214745386591245	
2096	 0.019144149991476112	 1.321340881494222	
2097	 0.01914003818638432	 1.3208679165430601	
2098	 0.019133654414421372	 1.320133750288939	
2099	 0.01913711396956123	 1.320531596465648	
2100	 0.019117451100622452	 1.31827101999222	
2101	 0.019091786116740627	 1.3153227310433235	
2102	 0.01906214361891936	 1.3119208082892788	
2103	 0.019029810017894184	 1.3082140604848036	
2104	 0.018994641945827652	 1.3041871312300197	
2105	 0.018957564887481314	 1.2999469922812892	
2106	 0.018922162720000822	 1.2959035503181686	
2107	 0.018890178675183878	 1.2922548412883337	
2108	 0.018869306239102095	 1.2898759533378819	
2109	 0.01885511736574743	 1.2882598102984761	
2110	 0.01884731605725443	 1.2873715699106463	
2111	 0.018846430447558182	 1.2872707517637332	
2112	 0.01885002287175861	 1.2876797342884665	
2113	 0.01885480108611573	 1.2882237946064483	
2114	 0.018870862688221357	 1.2900532855501157	
2115	 0.018887824432404086	 1.2919864341532512	
2116	 0.018903701861373506	 1.2937970512126449	
2117	 0.01891903385650538	 1.2955464310078428	
2118	 0.01893378082721565	 1.2972299515180021	
2119	 0.01894816916999762	 1.2988733736645013	
2120	 0.018955059926536986	 1.2996607237091786	
2121	 0.018956675961636263	 1.299845402368596	
2122	 0.01897094682424891	 1.3014767159390364	
2123	 0.018983660584039923	 1.3029307251122204	
2124	 0.018980192197930224	 1.3025339987110731	
2125	 0.01897262843394139	 1.301668995968229	
2126	 0.018962562867285784	 1.3005182400305748	
2127	 0.01895089868868182	 1.299185230476182	
2128	 0.018937532197370977	 1.2976583490610307	
2129	 0.018924755833630173	 1.29619955054389	
2130	 0.018912971744415148	 1.2948546313393594	
2131	 0.01890425057928067	 1.2938596435807486	
2132	 0.01890669560710144	 1.294138563145852	
2133	 0.018909480127208823	 1.2944562400004476	
2134	 0.018907650877466698	 1.2942475433244653	
2135	 0.01890686503792041	 1.2941578920665118	
2136	 0.01892056193210764	 1.295720836160415	
2137	 0.018935262605324354	 1.2973991602905732	
2138	 0.01895048581464735	 1.2991380562883852	
2139	 0.018966068696822	 1.3009190012802747	
2140	 0.018981778162639813	 1.3027154010269586	
2141	 0.018996844108482968	 1.3044391446831936	
2142	 0.019011392683371715	 1.3061045594497502	
2143	 0.01902498621114977	 1.3076614154004615	
2144	 0.019037752724222704	 1.3091242294653254	
2145	 0.019038432914519093	 1.3092021854628428	
2146	 0.019050240160949857	 1.310555699192516	
2147	 0.019060779467149843	 1.3117643361704927	
2148	 0.019071559853575386	 1.313001081001669	
2149	 0.01908254950305122	 1.3142623126594735	
2150	 0.019092838101893158	 1.31544352691769	
2151	 0.01910196762471756	 1.3164920252857086	
2152	 0.019110902617028663	 1.3175185059335648	
2153	 0.019119294371058186	 1.3184828690230967	
2154	 0.019127755721831258	 1.3194555157714485	
2155	 0.01913743684613822	 1.3205687294698032	
2156	 0.01914906141982906	 1.3219059127640886	
2157	 0.0191612344983623	 1.323306771159993	
2158	 0.0191731737589321	 1.3246812986045955	
2159	 0.019185679644357707	 1.3261216716955142	
2160	 0.019197261880404107	 1.3274562213090044	
2161	 0.019208629267110477	 1.3287665372008541	
2162	 0.019219693530418937	 1.330042408688232	
2163	 0.019229930420282378	 1.331223308096188	
2164	 0.019239152974747827	 1.332287555495409	
2165	 0.01924790096462052	 1.3332973543193065	
2166	 0.01925615298653423	 1.3342501829990514	
2167	 0.01926380604263957	 1.3351340947719568	
2168	 0.01925980414712803	 1.3346718551079106	
2169	 0.019250641313838825	 1.3336137415243934	
2170	 0.019243106976235175	 1.3327439362809888	
2171	 0.019225957747643813	 1.3307649817522391	
2172	 0.019205306418051574	 1.3283834597156488	
2173	 0.019187485737098234	 1.3263297412838873	
2174	 0.019176721195509474	 1.3250898131923214	
2175	 0.019172411336187155	 1.3245935063436167	
2176	 0.019170592742279786	 1.3243841063649857	
2177	 0.01917269694288533	 1.324626393413278	
2178	 0.0191827813865908	 1.3257878073265246	
2179	 0.019193079339632893	 1.3269742309975439	
2180	 0.01920285835817794	 1.32810126131362	
2181	 0.019202677840226102	 1.3280804531815007	
2182	 0.019201922409161267	 1.3279933767779728	
2183	 0.019202640205141796	 1.3280761150376592	
2184	 0.019206182299198193	 1.3284844321318243	
2185	 0.019216920010786565	 1.3297225352833715	
2186	 0.019229306229970083	 1.3311512912207861	
2187	 0.01924103588093632	 1.3325048774605186	
2188	 0.01924166515052571	 1.3325775098925103	
2189	 0.01924303052573232	 1.332735111579127	
2190	 0.0192410829042052	 1.3325103049910811	
2191	 0.019236180125424225	 1.3319444629350723	
2192	 0.019229272975851808	 1.3311474545217017	
2193	 0.019220436098935857	 1.3301280552445247	
2194	 0.019211086991689212	 1.3290499064974761	
2195	 0.019197401526282947	 1.327472315118049	
2196	 0.019178303603593287	 1.32527205589561	
2197	 0.01915352446096276	 1.3224194434857308	
2198	 0.01913075166651945	 1.319799973513222	
2199	 0.019111731090879436	 1.3176136998851347	
2200	 0.01909702882310013	 1.3159247772145493	
2201	 0.019083822652729353	 1.3144084575139499	
2202	 0.019072612927190345	 1.3131219164458705	
2203	 0.019062625268974242	 1.3119760567146366	
2204	 0.019061827917601606	 1.3118845957791363	
2205	 0.01906194284126367	 1.311897778048049	
2206	 0.019059763723569143	 1.311647832318697	
2207	 0.019055818253930427	 1.3111953337395426	
2208	 0.01905202981144911	 1.3107609030890837	
2209	 0.019050451362196796	 1.3105799151620083	
2210	 0.01904992868083701	 1.3105199857484153	
2211	 0.01905092288119666	 1.3106339793604092	
2212	 0.019062521299929556	 1.3119641307034535	
2213	 0.01907442135652809	 1.313329435927732	
2214	 0.019086852945834055	 1.3147563310134844	
2215	 0.01909985153564105	 1.316248969039885	
2216	 0.019112613007765653	 1.3177150376132416	
2217	 0.01912308627373333	 1.3189187192461171	
2218	 0.019136259280152525	 1.3204333033819566	
2219	 0.019149081304816892	 1.3219082006126952	
2220	 0.019162374496682965	 1.3234379907337464	
2221	 0.01917536661008834	 1.3249338163232705	
2222	 0.019187804795921894	 1.3263664995785411	
2223	 0.019199392096775788	 1.3277017314574244	
2224	 0.01921099859815033	 1.3290397145317245	
2225	 0.01922256842580152	 1.3303740063645406	
2226	 0.01923389796084869	 1.3316811053593416	
2227	 0.019244985319948685	 1.3329607613366987	
2228	 0.019255853584904916	 1.3342156075044398	
2229	 0.019266325284622562	 1.335425113109457	
2230	 0.019276501884905463	 1.3366009540334522	
2231	 0.019286454242284944	 1.337751285459797	
2232	 0.019296459641896115	 1.3389081466831678	
2233	 0.01930641750058171	 1.3400599081681583	
2234	 0.01931462083016246	 1.3410090321218588	
2235	 0.019323094383796847	 1.341989703162687	
2236	 0.019330791495238336	 1.342880762635133	
2237	 0.01933855395599194	 1.3437796268858098	
2238	 0.01934671103436234	 1.344724445619171	
2239	 0.019355258034247348	 1.345714713171857	
2240	 0.019363421424466513	 1.3466608073964543	
2241	 0.019368959955435725	 1.347302845591613	
2242	 0.019379087592523554	 1.3484771791981702	
2243	 0.019389822622379198	 1.3497223888022214	
2244	 0.01939842163942388	 1.3507201632266945	
2245	 0.019403152878154188	 1.3512692713968433	
2246	 0.01940377302579457	 1.3513412524285764	
2247	 0.01939795702953699	 1.350666245357867	
2248	 0.01938422190383338	 1.3490726761929366	
2249	 0.01936518868742829	 1.3468656589493895	
2250	 0.0193450139817609	 1.3445278573904804	
2251	 0.019327625068097574	 1.3425141711688078	
2252	 0.019331184680511364	 1.34292628625128	
2253	 0.019334927533152645	 1.3433596705878197	
2254	 0.019338425699421992	 1.3437647732946292	
2255	 0.019341724376176334	 1.344146819013675	
2256	 0.01933306001142565	 1.34314342354	
2257	 0.019324371230908688	 1.3421375015591426	
2258	 0.019314764568477694	 1.3410256650186714	
2259	 0.019304299494808864	 1.3398148988916574	
2260	 0.01929403498069246	 1.33862776168652	
2261	 0.01928224816986289	 1.3372650832719222	
2262	 0.01926984507554896	 1.3358317555596564	
2263	 0.019257397407931795	 1.3343938950933314	
2264	 0.019244437255174905	 1.332897494474274	
2265	 0.019228521896456213	 1.3310607997974435	
2266	 0.019213734408113664	 1.329355173813249	
2267	 0.019194624763668233	 1.32715231540632	
2268	 0.019171208289126697	 1.3244549813414825	
2269	 0.01914346672518591	 1.3212622833374543	
2270	 0.019115792479400012	 1.3180804045309007	
2271	 0.01908750372303694	 1.3148310441484168	
2272	 0.0190566825141573	 1.3112944487966345	
2273	 0.019027968538646824	 1.308003078229946	
2274	 0.019002969317080304	 1.3051402103031513	
2275	 0.018984389094517006	 1.3030140608859808	
2276	 0.018975934476635346	 1.3020470514076898	
2277	 0.018973648775800156	 1.301785670293423	
2278	 0.018972682358173457	 1.3016751620061218	
2279	 0.018970675760632466	 1.3014457228184877	
2280	 0.018966937991720556	 1.3010183804704607	
2281	 0.018962019427896815	 1.3004561223647362	
2282	 0.018956180509178754	 1.2997887815076359	
2283	 0.018950283845898797	 1.299114979979784	
2284	 0.018948059805926853	 1.2988608790706972	
2285	 0.018946971151392874	 1.298736505412848	
2286	 0.018946568139661363	 1.2986904644271415	
2287	 0.018946041406898553	 1.298630290250997	
2288	 0.0189440883316331	 1.2984071798317716	
2289	 0.018940482542659887	 1.2979953112176308	
2290	 0.018938888442158738	 1.2978132429130318	
2291	 0.018937225917194222	 1.297623370472681	
2292	 0.01893748457334321	 1.2976529101558274	
2293	 0.018937112892964302	 1.2976104626871519	
2294	 0.018934046337043407	 1.297260270247799	
2295	 0.018931913726253476	 1.2970167541207998	
2296	 0.01892751804609715	 1.296514882903734	
2297	 0.018919736499762904	 1.295626625222204	
2298	 0.018912662551099458	 1.2948193505965546	
2299	 0.01891090317522258	 1.2946186029684184	
2300	 0.018918462982753622	 1.2954812773977926	
2301	 0.01893432350945168	 1.2972919210371934	
2302	 0.01894993705726653	 1.2990753573930742	
2303	 0.018965366248090604	 1.3008386984304159	
2304	 0.018980504444076608	 1.30256971256192	
2305	 0.018995161943320998	 1.3042466375046113	
2306	 0.0190045358987202	 1.3053195388457361	
2307	 0.019013764712655187	 1.3063761726487093	
2308	 0.019024288668206175	 1.3075815083039999	
2309	 0.019034148545121077	 1.3087111887300729	
2310	 0.01904385831653163	 1.3098240523722562	
2311	 0.019053853537956408	 1.3109700274099756	
2312	 0.019063411253326418	 1.3120662162815901	
2313	 0.01906999115058478	 1.3128210876621127	
2314	 0.019083224088938883	 1.3143397475654506	
2315	 0.019095397702023797	 1.315737455620554	
2316	 0.019106591551571777	 1.317023196918181	
2317	 0.01911596890383555	 1.3181006794167927	
2318	 0.019124770571924507	 1.3191123349278902	
2319	 0.019133457194530395	 1.3201110715981073	
2320	 0.01914157863592447	 1.3210451005296215	
2321	 0.019149708839711534	 1.3219804018645311	
2322	 0.019158082566730336	 1.322943994972017	
2323	 0.019167211256774543	 1.3239947841705588	
2324	 0.01917699402508471	 1.3251212337013925	
2325	 0.019186293153792895	 1.3261923491352337	
2326	 0.019195335762661487	 1.3272342494219254	
2327	 0.019204672359888472	 1.3283103667998282	
2328	 0.019214778657499033	 1.3294755914480432	
2329	 0.019225585679554954	 1.3307220595741474	
2330	 0.01923603247474468	 1.3319274236891812	
2331	 0.01924610099740925	 1.3330895553221005	
2332	 0.0192558944374246	 1.33422032521341	
2333	 0.019265439846715686	 1.3353228260113443	
2334	 0.019274830222766114	 1.336407775776373	
2335	 0.019284076668326676	 1.3374764404071549	
2336	 0.01929259478116464	 1.3384612298108378	
2337	 0.019298041704198778	 1.339091107187649	
2338	 0.0193061728696073	 1.3400316085300983	
2339	 0.019312546448081648	 1.3407690010470483	
2340	 0.01931467828726997	 1.3410156808481626	
2341	 0.019326650286584306	 1.342401324402408	
2342	 0.01934482853022016	 1.3445063751999298	
2343	 0.01936704885252247	 1.3470812926779674	
2344	 0.019391906015359704	 1.3499641052014608	
2345	 0.01942610354520042	 1.353934195431141	
2346	 0.019466390590113774	 1.358617216045072	
2347	 0.01951041018868911	 1.3637415055852953	
2348	 0.019550572854569584	 1.3684235418371278	
2349	 0.01960105845063123	 1.3743180944306117	
2350	 0.01966648505654714	 1.3819721858753125	
2351	 0.019727339871693252	 1.3891066904417473	
2352	 0.01977716792432288	 1.3949593752532863	
2353	 0.019818204566477284	 1.3997868302365406	
2354	 0.01984768188380533	 1.4032585889550149	
2355	 0.019902714034696862	 1.4097493293536216	
2356	 0.01993590610908092	 1.41366994305371	
2357	 0.019964873999386727	 1.417095158764439	
2358	 0.019991528237907747	 1.4202497323879122	
2359	 0.0200152478262569	 1.4230593442184054	
2360	 0.020032528039744906	 1.425107603096069	
2361	 0.02005070842776309	 1.427263833386479	
2362	 0.020069079513029685	 1.4294440051278166	
2363	 0.020085403564742206	 1.4313823637465353	
2364	 0.020098397045507393	 1.4329259929647502	
2365	 0.020110439377245406	 1.4343572195668568	
2366	 0.02012053226788876	 1.4355571960231186	
2367	 0.020126911630108785	 1.4363158660762505	
2368	 0.02012850539746789	 1.4365054309905583	
2369	 0.02012770468753742	 1.4364101921829524	
2370	 0.020123505380636883	 1.4359107555582238	
2371	 0.020121641975252465	 1.4356891572172177	
2372	 0.02011508116324211	 1.4349090466860366	
2373	 0.020108030975447798	 1.4340709361979058	
2374	 0.020100622907064228	 1.433190492717017	
2375	 0.02009352482780463	 1.4323470941261303	
2376	 0.02008604336801392	 1.4314583569788386	
2377	 0.020078280523915294	 1.4305364269061727	
2378	 0.020070443433332558	 1.4296059201993463	
2379	 0.02006278157431665	 1.4286964530711475	
2380	 0.020055528557572287	 1.427835729074278	
2381	 0.020048232705388115	 1.4269701310810652	
2382	 0.020041207942298325	 1.426136894189012	
2383	 0.020037729253457974	 1.4257243442515535	
2384	 0.020036087952990094	 1.42552971323725	
2385	 0.020040514555414567	 1.4260546591913836	
2386	 0.020047555462975833	 1.426889792011943	
2387	 0.020056521404363953	 1.4279535391095106	
2388	 0.02006251250743088	 1.4286645188828413	
2389	 0.02006894764041555	 1.4294283505230378	
2390	 0.02007514999232558	 1.4301647062703209	
2391	 0.020077651240451907	 1.4304617024203914	
2392	 0.02007981154359058	 1.430718234895294	
2393	 0.020075399616467718	 1.4301943453280421	
2394	 0.02006527089082352	 1.4289919110015703	
2395	 0.020054400500345078	 1.4277018798457763	
2396	 0.020047284328233796	 1.4268576286847436	
2397	 0.02004009603782309	 1.4260050243375326	
2398	 0.020032842226587532	 1.4251448552090773	
2399	 0.020025332639259465	 1.4242545744496733	
2400	 0.020017663855933624	 1.423345650269887	
2401	 0.020011194007750942	 1.4225790075204274	
2402	 0.020004490437371885	 1.4217848442145866	
2403	 0.01999774603626285	 1.420986022767121	
2404	 0.019990096882893944	 1.4200802578456695	
2405	 0.019982365861977904	 1.4191650334328794	
2406	 0.01997458036051951	 1.4182435979617356	
2407	 0.019966700791452983	 1.417311273088461	
2408	 0.019959475181927235	 1.416456541456979	
2409	 0.019956513323527172	 1.4161062369739155	
2410	 0.019949901859686193	 1.4153244119230228	
2411	 0.019944086115900025	 1.4146368258934885	
2412	 0.019938890292400552	 1.4140226450855735	
2413	 0.019933880645671136	 1.4134305726303211	
2414	 0.019932105931160207	 1.4132208491826537	
2415	 0.01992708355307845	 1.4126274068508853	
2416	 0.01993618479969492	 1.413702880138695	
2417	 0.0199376197702346	 1.413872477170176	
2418	 0.01993575322052658	 1.4136518740312294	
2419	 0.01993114327927128	 1.4131070948689681	
2420	 0.01992628191225192	 1.4125326944950725	
2421	 0.019921660996418823	 1.4119867915049795	
2422	 0.01991707083533326	 1.411444605369869	
2423	 0.01991444807051421	 1.4111348438935793	
2424	 0.019910782784430047	 1.410702001068162	
2425	 0.019906006071491733	 1.4101379867775778	
2426	 0.019900266401508326	 1.4094603898829607	
2427	 0.019893538754085515	 1.4086663231296601	
2428	 0.01988688085165716	 1.4078806646363613	
2429	 0.019881826427320837	 1.4072843398981834	
2430	 0.01987741134639722	 1.4067635280623743	
2431	 0.019874210214955012	 1.4063859643763506	
2432	 0.019870674492483288	 1.4059689838174956	
2433	 0.019870743548060506	 1.405977127318298	
2434	 0.019876857971107727	 1.4066982562372379	
2435	 0.0198880575834041	 1.4080195108236564	
2436	 0.019901556822916593	 1.409612719265325	
2437	 0.01991273791473636	 1.4109328806993426	
2438	 0.01991956378765982	 1.4117390605591087	
2439	 0.01991829702364703	 1.4115894335938008	
2440	 0.019915120231992347	 1.4112142268915113	
2441	 0.019911914755404388	 1.4108356726903557	
2442	 0.019910784917545273	 1.410702252957641	
2443	 0.01991331734810174	 1.4110013083828894	
2444	 0.019926739249526065	 1.4125867277225803	
2445	 0.019936714770125926	 1.4137655156070776	
2446	 0.019946256047020543	 1.4148933577279375	
2447	 0.019956375825958318	 1.4160899757233913	
2448	 0.01996623067236815	 1.417255655499944	
2449	 0.019975793360643646	 1.4183871441132856	
2450	 0.01998540296844756	 1.4195245482251142	
2451	 0.019994695426995654	 1.420624760995161	
2452	 0.02000284410630292	 1.4215898326365055	
2453	 0.020009063949313396	 1.4223266430270372	
2454	 0.02001436079698744	 1.4229542346327841	
2455	 0.02001867293842188	 1.423465236094571	
2456	 0.020022391477625953	 1.4239059528726676	
2457	 0.020029170744773235	 1.4247095638592888	
2458	 0.02003709701071849	 1.4256493694899284	
2459	 0.02004510789738367	 1.426599460335652	
2460	 0.02005188596895625	 1.4274035370835572	
2461	 0.020047487446312517	 1.4268817235159286	
2462	 0.020039916153081254	 1.4259836907922196	
2463	 0.020030120735860794	 1.4248221898223201	
2464	 0.020010818383527286	 1.4225345031135717	
2465	 0.01998496293040961	 1.4194724568551005	
2466	 0.01995216399224711	 1.4155918963171752	
2467	 0.0199267152118744	 1.412583887715022	
2468	 0.019907099127961528	 1.410267042354785	
2469	 0.01989212717270545	 1.4084997363678813	
2470	 0.019881226970248404	 1.4072136222107685	
2471	 0.019872491992542443	 1.4061833220055788	
2472	 0.019864539852685017	 1.4052456208829598	
2473	 0.019858750508879256	 1.4045631099253553	
2474	 0.019852640861556345	 1.403842981941586	
2475	 0.01984667362450282	 1.403139782085758	
2476	 0.019841564189638363	 1.4025377806110135	
2477	 0.019836188049593775	 1.401904467093332	
2478	 0.01983074179902152	 1.4012630111681101	
2479	 0.0198254644774214	 1.400641563616465	
2480	 0.019821247384917227	 1.4001450459321934	
2481	 0.01981990423390869	 1.3999869190061498	
2482	 0.019816361761394046	 1.3995699038979597	
2483	 0.019812919314721057	 1.3991647113080363	
2484	 0.0198095725360867	 1.3987708243011923	
2485	 0.019806216565686662	 1.3983759000473193	
2486	 0.019803151707967877	 1.3980152723552433	
2487	 0.019789305001457855	 1.3963864579697844	
2488	 0.019771537861724267	 1.3942975882741016	
2489	 0.019753570250235716	 1.3921864215428792	
2490	 0.0197357111412079	 1.3900892719205993	
2491	 0.01973151106910789	 1.389596251853017	
2492	 0.019729110352730124	 1.3893144782667963	
2493	 0.01972236686212849	 1.3885231128272526	
2494	 0.019714531485854253	 1.3876038384230582	
2495	 0.019706299154267474	 1.3866382541601585	
2496	 0.01969855265661651	 1.3857298997353873	
2497	 0.019691471200123805	 1.3848997363704594	
2498	 0.01968454144961028	 1.3840875502437655	
2499	 0.019677020433025584	 1.383206281760865	
2500	 0.019669671055795195	 1.3823453418722786	
2501	 0.01966287722910988	 1.3815496724589227	
2502	 0.01965689712210627	 1.3808494547180474	
2503	 0.019651709518448877	 1.3802421471430868	
2504	 0.019647152725303672	 1.3797087760889883	
2505	 0.019641948287129927	 1.3790996992871947	
2506	 0.019641024983103807	 1.3789916560036415	
2507	 0.01964221056028858	 1.379130390611602	
2508	 0.019644951263517754	 1.3794511252950545	
2509	 0.01965362504040678	 1.380466382939603	
2510	 0.019664548115269388	 1.3817453438575305	
2511	 0.019671432467645755	 1.3825516622304894	
2512	 0.019666996199749192	 1.3820320501406667	
2513	 0.019657421924786207	 1.3809108987953307	
2514	 0.019652055235461263	 1.380282616564606	
2515	 0.019647823641927478	 1.3797873014698638	
2516	 0.0196472664523942	 1.3797220868020663	
2517	 0.019645502023247448	 1.3795155823336323	
2518	 0.019639031544819205	 1.3787583991884818	
2519	 0.01963126220180894	 1.3778494410713031	
2520	 0.019626803883526	 1.3773279576794566	
2521	 0.019622481057435852	 1.3768223980263246	
2522	 0.019616888640789254	 1.3761684684023088	
2523	 0.019609662251490544	 1.3753236599575305	
2524	 0.01960623090156959	 1.374922587142361	
2525	 0.01960173271170543	 1.3743968877793034	
2526	 0.019596853514083027	 1.3738267513103788	
2527	 0.019592005836907716	 1.3732603917317594	
2528	 0.019586845762064313	 1.372657637021914	
2529	 0.019580823170018094	 1.37195426448588	
2530	 0.019580910396484668	 1.3719644505490034	
2531	 0.0195811068180717	 1.371987388224045	
2532	 0.019581515473715446	 1.3720351106106394	
2533	 0.019572950698756454	 1.3710350638568674	
2534	 0.019564084600279846	 1.3700001410048348	
2535	 0.019556099491801357	 1.3690683220144244	
2536	 0.019548155279597586	 1.3681415270708952	
2537	 0.019540413123080618	 1.3672385460957692	
2538	 0.019534086494880337	 1.3665008376764674	
2539	 0.019537959717143852	 1.3669524509182616	
2540	 0.019543466220230694	 1.3675946055680024	
2541	 0.01955429461006975	 1.3688577372140565	
2542	 0.01956409351162704	 1.3700011810525392	
2543	 0.019572741663215844	 1.371010659936723	
2544	 0.0195808577817585	 1.3719583063446257	
2545	 0.01958981436695812	 1.373004390491839	
2546	 0.01960279857938853	 1.3745214474972443	
2547	 0.019622350688503678	 1.3768071523779122	
2548	 0.019646698127122036	 1.3796555700534843	
2549	 0.01967131010599688	 1.3825373291825904	
2550	 0.019694230055885338	 1.3852231350142115	
2551	 0.019713797607299362	 1.3875177496358369	
2552	 0.019729969492529923	 1.3894153134174392	
2553	 0.019740969686585133	 1.3907066381318005	
2554	 0.01974335335282689	 1.390986522549941	
2555	 0.019746898767177827	 1.391402858340176	
2556	 0.01975113455779949	 1.39190032992164	
2557	 0.019755451670275655	 1.3924074255231202	
2558	 0.019758367463475292	 1.3927499615067687	
2559	 0.01975741686327676	 1.3926382850098815	
2560	 0.019753971538442792	 1.3922335583194207	
2561	 0.019750182118686812	 1.3917884647017909	
2562	 0.019746825782322532	 1.3913942872718479	
2563	 0.019747621012554305	 1.3914876772734273	
2564	 0.019752650111607015	 1.3920783411133348	
2565	 0.019755023842626878	 1.3923571688391545	
2566	 0.019756037082296132	 1.392476194734228	
2567	 0.01975658303152674	 1.3925403294176126	
2568	 0.019756856876084947	 1.392572499399688	
2569	 0.019756270633669894	 1.3925036307367344	
2570	 0.0197551796117578	 1.392375466871248	
2571	 0.019754168571584213	 1.3922567027845807	
2572	 0.019753528544643358	 1.392181522688496	
2573	 0.01975289543468189	 1.3921071566858443	
2574	 0.019752025095508694	 1.3920049279939646	
2575	 0.019750837391207504	 1.3918654269306412	
2576	 0.019750251468302983	 1.3917966097835432	
2577	 0.019753480910200044	 1.3921759274232948	
2578	 0.019754268395775623	 1.3922684286753462	
2579	 0.019757563168615183	 1.3926554727255913	
2580	 0.019776885586047187	 1.3949261847452574	
2581	 0.01981207795822058	 1.399065686723531	
2582	 0.019847947207745763	 1.4032898537108938	
2583	 0.019881138730487736	 1.4072032127249996	
2584	 0.019912315684055916	 1.4108830185673644	
2585	 0.01994694527955945	 1.4149748435108076	
2586	 0.01997058113270485	 1.4177703714407655	
2587	 0.01996908972727354	 1.4175939103935937	
2588	 0.019961364022366694	 1.4166799562150718	
2589	 0.01995383779121097	 1.4157898266024027	
2590	 0.019956252536451034	 1.4160753948631717	
2591	 0.019965639879186637	 1.4171857627618063	
2592	 0.019976618752228576	 1.4184848240832653	
2593	 0.01998612167297103	 1.419609629567154	
2594	 0.019992092426951574	 1.420316535424578	
2595	 0.019996063936919564	 1.420786819264148	
2596	 0.020003235285672934	 1.42163616773409	
2597	 0.02000931197296126	 1.422356027385125	
2598	 0.020013833036680126	 1.4228916985225977	
2599	 0.020017655812000018	 1.4233446970037733	
2600	 0.020018610308036564	 1.4234578136842109	
2601	 0.020014597408879845	 1.4229822719359706	
2602	 0.020019898187368722	 1.423610445092625	
2603	 0.020025417767709906	 1.424264665397886	
2604	 0.02002963241118174	 1.4247642961636073	
2605	 0.02003046063055412	 1.4248624868202733	
2606	 0.020024924191188658	 1.4242061582686445	
2607	 0.020013089724166704	 1.4228036227644425	
2608	 0.019995126402714575	 1.4206757961291927	
2609	 0.01997334782201261	 1.4180977455950126	
2610	 0.019951285378083904	 1.4154880027551302	
2611	 0.01992936637123146	 1.412897131437809	
2612	 0.0199149370561032	 1.4111925934437235	
2613	 0.01990726161189089	 1.4102862269977825	
2614	 0.01990422437157309	 1.4099276342029767	
2615	 0.0199067793785285	 1.4102292895184723	
2616	 0.01990998061431248	 1.4106072778717573	
2617	 0.019911699067389866	 1.410810202241292	
2618	 0.019913417031190674	 1.4110130805051284	
2619	 0.019916095552987696	 1.4113294165327888	
2620	 0.01991954686342432	 1.4117370614693519	
2621	 0.019917536108259234	 1.4114995592400505	
2622	 0.019907903065890412	 1.4103619651442256	
2623	 0.019907693414671124	 1.4103372108990821	
2624	 0.019911542799567857	 1.4107917487967379	
2625	 0.01990845870010274	 1.4104275716395922	
2626	 0.019907773280257807	 1.4103466408848542	
2627	 0.01990539761343058	 1.4100661490719002	
2628	 0.019901330359756317	 1.4095859856666113	
2629	 0.019896544037306972	 1.4090210157171958	
2630	 0.01989131548935412	 1.408403949709298	
2631	 0.019885684830857675	 1.40773954808704	
2632	 0.019871858491115044	 1.4061086115569141	
2633	 0.01986602056738298	 1.4054202049710423	
2634	 0.019860182513590275	 1.4047319179053812	
2635	 0.019855913057185866	 1.4042286486209765	
2636	 0.01985210984932413	 1.4037803999107898	
2637	 0.01984823156333664	 1.403323361392818	
2638	 0.019844219597815366	 1.4028506319900123	
2639	 0.019844529794583957	 1.4028871801645002	
2640	 0.019844519602809575	 1.4028859793375954	
2641	 0.01984401439392903	 1.4028264545540294	
2642	 0.01984179481478899	 1.4025649509941083	
2643	 0.01983974398737872	 1.4023233465449587	
2644	 0.019836526972274112	 1.4019443890719947	
2645	 0.01983052714777358	 1.401237732086113	
2646	 0.019824801683596082	 1.4005635220455972	
2647	 0.01981950274319454	 1.3999396535614468	
2648	 0.019815254844863787	 1.3994396093603125	
2649	 0.019816258238850762	 1.3995577181104943	
2650	 0.01981225306838783	 1.3990862963190764	
2651	 0.019809544519585602	 1.3987675271876554	
2652	 0.019809933070225928	 1.3988132539307427	
2653	 0.019816001804609067	 1.399527533049847	
2654	 0.01981849162227917	 1.399820622304645	
2655	 0.01981717975414986	 1.3996661924942904	
2656	 0.01981575420694156	 1.3994983883958634	
2657	 0.019813131264137755	 1.3991896574216616	
2658	 0.01980648163902564	 1.3984070917543399	
2659	 0.01979959164929831	 1.3975964233579816	
2660	 0.019795619696465813	 1.3971291733292392	
2661	 0.01979375279857498	 1.3969095779885317	
2662	 0.019791176231636384	 1.396606529942874	
2663	 0.01978854951280573	 1.3962976102565052	
2664	 0.01978652774808662	 1.3960598558333472	
2665	 0.019789640836116847	 1.3964259538509094	
2666	 0.019798010571027883	 1.3974104220036514	
2667	 0.0198080467789461	 1.3985912705546053	
2668	 0.019816103072359828	 1.3995394533191512	
2669	 0.01982031317342034	 1.4000350620157977	
2670	 0.019822860646791937	 1.4003349820025548	
2671	 0.019826188562655823	 1.4007268240167152	
2672	 0.019831552307039004	 1.4013584648488628	
2673	 0.019842882909681135	 1.4026931443413628	
2674	 0.019856668952100885	 1.4043177457379026	
2675	 0.01987104230841354	 1.4060123593775202	
2676	 0.01987345001924673	 1.4062963075689296	
2677	 0.019871756696760258	 1.4060966068355532	
2678	 0.019866840370998975	 1.4055168678810226	
2679	 0.019859581846296576	 1.4046611088873646	
2680	 0.019849473815022174	 1.4034697486729166	
2681	 0.019839024635705825	 1.4022386049059943	
2682	 0.019827910193569144	 1.4009295528800976	
2683	 0.01981707339627732	 1.3996536726122122	
2684	 0.019810322654212734	 1.398859102883951	
2685	 0.0198062858364083	 1.3983840512440515	
2686	 0.019803906368788107	 1.398104066365521	
2687	 0.019803624291428554	 1.3980708766483303	
2688	 0.01980377249863746	 1.3980883149293508	
2689	 0.019804609127032958	 1.398186755504675	
2690	 0.01980596958721701	 1.3983468378500132	
2691	 0.01980687782923286	 1.3984537127628631	
2692	 0.019807116169241933	 1.3984817593173962	
2693	 0.019806500489166864	 1.3984093098985488	
2694	 0.01980445413223734	 1.3981685180745504	
2695	 0.01979904493959237	 1.3975321061647688	
2696	 0.019794903431165866	 1.3970449204244666	
2697	 0.019796768538230987	 1.3972643136128333	
2698	 0.019792451971789006	 1.3967565753713274	
2699	 0.01978853448246318	 1.3962958426664436	
2700	 0.01978575562718787	 1.395969060639845	
2701	 0.019784686622509512	 1.3958433582061645	
2702	 0.019784837694274564	 1.395861122202179	
2703	 0.019785670669669006	 1.3959590704647333	
2704	 0.019786205239312765	 1.3960219311140774	
2705	 0.019786447506714787	 1.3960504199848758	
2706	 0.01978560017761534	 1.3959507813088683	
2707	 0.01977161115384282	 1.3943062026057336	
2708	 0.01976139774459401	 1.3931059827952572	
2709	 0.01975021353195441	 1.3917921541738167	
2710	 0.019738191314613174	 1.390380436740072	
2711	 0.019727032783341248	 1.389070651094524	
2712	 0.01971831923870184	 1.3880482007446846	
2713	 0.019711434599328045	 1.3872405677550323	
2714	 0.019705933351339418	 1.3865953547475574	
2715	 0.019702331617403316	 1.386172990986797	
2716	 0.019700748930101524	 1.385987410612497	
2717	 0.019700266641082837	 1.385930861065756	
2718	 0.01970013820386553	 1.3859158016489153	
2719	 0.019700712584140318	 1.3859831489290235	
2720	 0.019698938394930685	 1.3857751257826842	
2721	 0.019688938882005975	 1.3846029195131664	
2722	 0.0196887723367925	 1.384583399387341	
2723	 0.0196879903088752	 1.3844917423659595	
2724	 0.019686702947978297	 1.3843408634413807	
2725	 0.019685354612651605	 1.3841828453549494	
2726	 0.019668125858214893	 1.3821643575929707	
2727	 0.0196395624436073	 1.3788205193391418	
2728	 0.01954638116386655	 1.3679345878532763	
2729	 0.019448528707027662	 1.3565401284794534	
2730	 0.019355566225525648	 1.3457504260978757	
2731	 0.019275069388176774	 1.3364354131868181	
2732	 0.019220199255077543	 1.3301007378478193	
2733	 0.01918437800254657	 1.3259717251025342	
2734	 0.019161153649528674	 1.3232974652478826	
2735	 0.019144985667389078	 1.3214370143263439	
2736	 0.01913447745672091	 1.3202283951725087	
2737	 0.01913041542816083	 1.3197613128283492	
2738	 0.019128040032900685	 1.3194882027972945	
2739	 0.019131261801921085	 1.3198586297442783	
2740	 0.0191380021032485	 1.320633738890802	
2741	 0.019145014407613885	 1.321440320537217	
2742	 0.01915179380461667	 1.3222202995741215	
2743	 0.019158158018621002	 1.3229526787530757	
2744	 0.01916536432905113	 1.323782160287666	
2745	 0.01917311613626584	 1.3246746633275446	
2746	 0.01918026584818145	 1.3254980575155775	
2747	 0.019185214304605656	 1.3260680646865204	
2748	 0.01918613052402601	 1.3261736137337443	
2749	 0.019182919418536858	 1.325803707133262	
2750	 0.019178860863076533	 1.3253362367176187	
2751	 0.019184170831458323	 1.325947860023666	
2752	 0.019188796104426968	 1.3264807093634163	
2753	 0.019193141701131244	 1.3269814169376317	
2754	 0.01919908106785752	 1.3276658838464437	
2755	 0.019205734297804384	 1.328432785719192	
2756	 0.019211157737458164	 1.3290580636598017	
2757	 0.019216561051306563	 1.329681138297664	
2758	 0.019223038105528584	 1.330428183549702	
2759	 0.019228757850932487	 1.331088022468731	
2760	 0.019220854040008735	 1.330176260808383	
2761	 0.019203168284867643	 1.3281369865716572	
2762	 0.01918402229872765	 1.3259307498976647	
2763	 0.01916807321909595	 1.324094020544391	
2764	 0.019157849595694224	 1.3229171824084565	
2765	 0.019149256160694274	 1.3219283185597048	
2766	 0.019139893130863974	 1.3208512326074402	
2767	 0.01912893456025369	 1.3195910480344903	
2768	 0.019116247373265456	 1.3181326816770427	
2769	 0.01908720036496872	 1.3147962166072922	
2770	 0.01906333653487237	 1.312057645287492	
2771	 0.019032532935074203	 1.3085260559307064	
2772	 0.018999048074693492	 1.3046913840342682	
2773	 0.018967587766082577	 1.3010926657031903	
2774	 0.018933323287296158	 1.2971777054195244	
2775	 0.018896938014330747	 1.2930255972352165	
2776	 0.018856416870266207	 1.2884077929276307	
2777	 0.018819261529206696	 1.284179366601996	
2778	 0.018789228916601834	 1.2807655998121916	
2779	 0.018765762481801927	 1.2781007318499382	
2780	 0.01875179315862445	 1.2765154182079395	
2781	 0.01874681721888759	 1.2759509120222792	
2782	 0.01875582814844439	 1.2769732496366097	
2783	 0.0187674851333544	 1.278296282086911	
2784	 0.01877541790964769	 1.2791969414851372	
2785	 0.01878177616808442	 1.2799190188735372	
2786	 0.018784639416441512	 1.2802442376937233	
2787	 0.01878694372869171	 1.2805059943913115	
2788	 0.018794296124651694	 1.2813413276385588	
2789	 0.01880388802768867	 1.2824314272129282	
2790	 0.018814424904810202	 1.2836293484608012	
2791	 0.018820779752404503	 1.2843520375053512	
2792	 0.018826572286680495	 1.285010920622291	
2793	 0.018831202369224025	 1.2855376755967407	
2794	 0.01883604098324331	 1.2860882470399229	
2795	 0.018844038074486917	 1.2869984188871535	
2796	 0.01885372586079424	 1.2881013585482581	
2797	 0.01886454196085489	 1.2893332014700256	
2798	 0.018876840653779828	 1.2907344687177231	
2799	 0.018889663103158358	 1.292196059032918	
2800	 0.01890292271453594	 1.2937081758485627	
2801	 0.018915536248730557	 1.2951472709115375	
2802	 0.018927024886579196	 1.2964585818874064	
2803	 0.018936856018739942	 1.2975811268906592	
2804	 0.01894648541730498	 1.2986810141159397	
2805	 0.018957496184469288	 1.2999391405198695	
2806	 0.018969155458894063	 1.3012718986345315	
2807	 0.018980823136021785	 1.3026061640693067	
2808	 0.018991838450470012	 1.303866330001479	
2809	 0.0190023934795434	 1.3050742959434725	
2810	 0.019012465208045386	 1.3062273678916927	
2811	 0.019022022954886333	 1.3073219727808445	
2812	 0.019031221001750847	 1.3083757291631866	
2813	 0.019040422569899778	 1.3094302287341997	
2814	 0.01905059084722923	 1.3105959083725855	
2815	 0.019060226934251464	 1.3117009611872834	
2816	 0.019070475368664557	 1.3128766459020669	
2817	 0.01908186990660338	 1.3141843044425874	
2818	 0.019091218756025763	 1.3152575847854848	
2819	 0.01910055859022736	 1.3163301800859928	
2820	 0.019109955040111575	 1.3174096300809537	
2821	 0.019119431060824036	 1.3184985794655286	
2822	 0.019128699443747826	 1.319564016004011	
2823	 0.019137683316466425	 1.320597075516357	
2824	 0.019146966160530368	 1.321664853548551	
2825	 0.019156695512400672	 1.3227843625292837	
2826	 0.01916555921661921	 1.3238045956869218	
2827	 0.019174055417415986	 1.3247828236504542	
2828	 0.019182318880124307	 1.325734532074651	
2829	 0.01919042158970884	 1.326667991891958	
2830	 0.019198200370233957	 1.3275643812184734	
2831	 0.019207059842025885	 1.3285855991868105	
2832	 0.01925563474563059	 1.3341903357372547	
2833	 0.019322130974813317	 1.3418781903598214	
2834	 0.019435316217310053	 1.3550045184514812	
2835	 0.019589331051134404	 1.3729479334917745	
2836	 0.01964599586246231	 1.379573378820553	
2837	 0.019688920911294247	 1.3846008132296586	
2838	 0.01972938768687592	 1.389347027981626	
2839	 0.0197708428474689	 1.394215901377179	
2840	 0.01981258798030516	 1.3991257141238622	
2841	 0.01981647371007326	 1.3995830815857664	
2842	 0.019822700406190517	 1.4003161157451336	
2843	 0.01982689753822063	 1.4008103072780413	
2844	 0.01981176500840531	 1.3990288543895895	
2845	 0.01978579567623437	 1.3959737700267894	
2846	 0.01975494009574873	 1.392347331223306	
2847	 0.019719876746958367	 1.3882309371996913	
2848	 0.0196753806947152	 1.3830141766827326	
2849	 0.019629456427033763	 1.3776382125513915	
2850	 0.01959644644226532	 1.3737791890592774	
2851	 0.019566883379671225	 1.3703268034476708	
2852	 0.01954652692125517	 1.3679515890454035	
2853	 0.019533128350568422	 1.3663891283661806	
2854	 0.019521577803223243	 1.365042746386423	
2855	 0.01951077692070155	 1.3637842289994058	
2856	 0.019497662321995877	 1.3622567419697216	
2857	 0.019480180895894136	 1.3602217054724715	
2858	 0.01946100486196364	 1.35799079721612	
2859	 0.019441839675540508	 1.35576261471069	
2860	 0.01942665282618267	 1.3539980010996666	
2861	 0.0194120174705695	 1.352298337436551	
2862	 0.019399567549612612	 1.3508531495166107	
2863	 0.019387449902842285	 1.3494471256644285	
2864	 0.019373878252624467	 1.3478730875899556	
2865	 0.019349259626566733	 1.3450196986228269	
2866	 0.01933040541643881	 1.3428360624184448	
2867	 0.01930528060812079	 1.3399283910960247	
2868	 0.019279733193557268	 1.3369743976157722	
2869	 0.01925684829712439	 1.3343304802291482	
2870	 0.019236324482316512	 1.3319611221542351	
2871	 0.019217945132395182	 1.3298407602245546	
2872	 0.019198809069518787	 1.3276345350188492	
2873	 0.019179497263538754	 1.325409533903933	
2874	 0.019158471895272026	 1.3229888031570651	
2875	 0.019141641370893636	 1.321052316567526	
2876	 0.019145402913283725	 1.3214850136810494	
2877	 0.019150034779209284	 1.3220179035724737	
2878	 0.019154727152914552	 1.3225578424275852	
2879	 0.019160026896707323	 1.3231677757770774	
2880	 0.019169110704940477	 1.3242134686123646	
2881	 0.019183230644727618	 1.3258395573480592	
2882	 0.01919623298576988	 1.327337646397038	
2883	 0.01919750084072482	 1.3274837608857866	
2884	 0.01919448242987873	 1.3271359134054375	
2885	 0.01919035126350114	 1.326659888942062	
2886	 0.019187763776582382	 1.3263617737783455	
2887	 0.019186108491175434	 1.3261710754962184	
2888	 0.019183721710789536	 1.3258961241465792	
2889	 0.019179635152763358	 1.3254254154577587	
2890	 0.019173522078469625	 1.324721408045809	
2891	 0.01915644722650452	 1.3227557887701547	
2892	 0.019132134035195727	 1.3199589230166264	
2893	 0.01910714450831171	 1.3170867233262271	
2894	 0.019083813158726707	 1.314407367673309	
2895	 0.019066029689203227	 1.3123665926152062	
2896	 0.019049568848185334	 1.3104787288212196	
2897	 0.019035935158542353	 1.3089159290090255	
2898	 0.019021745487560783	 1.3072901905523746	
2899	 0.019015987693564558	 1.3066307393191918	
2900	 0.019019136274260898	 1.3069913358381229	
2901	 0.019019402400838083	 1.3070218162577665	
2902	 0.01901600955818849	 1.306633243264919	
2903	 0.019011386574736208	 1.306103859999341	
2904	 0.019008684698764107	 1.3057945047397042	
2905	 0.019009093178551224	 1.305841272352373	
2906	 0.019012625066496005	 1.3062456727306617	
2907	 0.019018676793366638	 1.3069387105328336	
2908	 0.019026323876533188	 1.30781465724649	
2909	 0.01903290471766434	 1.30856865757983	
2910	 0.019039196672025763	 1.3092897212360837	
2911	 0.01905293041404738	 1.3108641723371404	
2912	 0.01908426679953233	 1.3144594426558125	
2913	 0.019125419338311953	 1.3191869158157072	
2914	 0.019168275195301294	 1.3241172741792298	
2915	 0.019213673766472737	 1.3293481810554824	
2916	 0.019263513273409638	 1.3351002762385804	
2917	 0.019300961209516895	 1.3394287650023908	
2918	 0.019318146017338562	 1.341416978298889	
2919	 0.01931627747231681	 1.3412007379826412	
2920	 0.0193095184562513	 1.3404186566556708	
2921	 0.019300688377410415	 1.3393972089358686	
2922	 0.019292732273764015	 1.3384771278754328	
2923	 0.019286278127738442	 1.3377309260285184	
2924	 0.019289477810652534	 1.338100839416591	
2925	 0.019301315333235487	 1.339469723791159	
2926	 0.019306254149490807	 1.3400410112020331	
2927	 0.01930938760752547	 1.3404035180356928	
2928	 0.019320407064484853	 1.3416786601874193	
2929	 0.019330217947520798	 1.3428143574753373	
2930	 0.019344594523731315	 1.3444792687351905	
2931	 0.019405239067071655	 1.3515114231084937	
2932	 0.019555627782065037	 1.3690132839716045	
2933	 0.019676596725474792	 1.3831566408831388	
2934	 0.019752490303863012	 1.392059570273476	
2935	 0.019820645576902374	 1.4000741951959093	
2936	 0.019881449857529043	 1.4072399159593136	
2937	 0.019905858550615763	 1.410120569565538	
2938	 0.019913704596836425	 1.4110470409282423	
2939	 0.019911817294144676	 1.4108241635345513	
2940	 0.019899563060796	 1.4093773659361446	
2941	 0.019883862417598187	 1.4075245353891646	
2942	 0.019866912675313778	 1.40552539339854	
2943	 0.01984786530392799	 1.4032802024492994	
2944	 0.01982943797662965	 1.401109465218352	
2945	 0.019812773572089368	 1.399147557732302	
2946	 0.019810705333621215	 1.3989041398435786	
2947	 0.019806715878398058	 1.398434655398809	
2948	 0.019801429218746936	 1.3978126113130467	
2949	 0.019805701476065113	 1.3983152892228785	
2950	 0.019810657917727615	 1.398898559507441	
2951	 0.019814838664373377	 1.39939062223819	
2952	 0.019817424276544933	 1.3996949765376974	
2953	 0.01981769271509998	 1.3997265761532904	
2954	 0.0198161884932403	 1.399549508278301	
2955	 0.019813505602397696	 1.3992337168817999	
2956	 0.019806925204030122	 1.3984592875531385	
2957	 0.01979876898395429	 1.3974996420506722	
2958	 0.019790476261199577	 1.396524206070665	
2959	 0.019783083236210745	 1.3956548272395386	
2960	 0.019777782396241114	 1.3950316110964653	
2961	 0.01977837658255271	 1.395101463635367	
2962	 0.019772867432727662	 1.394453861668253	
2963	 0.01976711544931899	 1.3937778429004934	
2964	 0.01976253845433002	 1.3932400117874755	
2965	 0.019758518441699947	 1.3927676987559412	
2966	 0.019754237161182932	 1.3922647596864897	
2967	 0.01974993886321802	 1.3917598946052863	
2968	 0.019745084550590264	 1.3911898097944315	
2969	 0.01974070753570736	 1.3906758583746173	
2970	 0.019737616644516134	 1.3903129700462358	
2971	 0.019734444197701803	 1.389940546016508	
2972	 0.01973032390545107	 1.3894569108536483	
2973	 0.0197261047245283	 1.388961738022654	
2974	 0.019721358934205763	 1.3884048454657154	
2975	 0.019716651701289886	 1.3878525656579999	
2976	 0.01971225349661183	 1.3873366222607417	
2977	 0.020090092440613713	 1.4319393267884246	
2978	 0.020077788751251588	 1.4304780310552605	
2979	 0.020080999263025243	 1.430859282480455	
2980	 0.020079932635015205	 1.4307326148491086	
2981	 0.020039907873393978	 1.425982708860517	
2982	 0.019990374391685755	 1.4201131146632673	
2983	 0.019939038071316126	 1.4140401120597688	
2984	 0.019882728525125126	 1.4073907626588584	
2985	 0.019816556175697164	 1.3995927887998934	
2986	 0.019763322023697575	 1.393332081152763	
2987	 0.019713305067127096	 1.3874599726282915	
2988	 0.01966328458739493	 1.3815973756837316	
2989	 0.01961402166272527	 1.3758332765621308	
2990	 0.01956780420931606	 1.370434285846496	
2991	 0.019526296775870994	 1.3655927461934052	
2992	 0.01947279833417061	 1.3593626569740176	
2993	 0.01941477786625411	 1.352618848123355	
2994	 0.019351788161113277	 1.3453126535799445	
2995	 0.01929785328408173	 1.3390693164721406	
2996	 0.019257493990960724	 1.3344050492502595	
2997	 0.019222517837338526	 1.3303681710779771	
2998	 0.019192672181780036	 1.3269273144199063	
2999	 0.01917683000066356	 1.3251023437384724	
3000	 0.019173804036378136	 1.3247538762161468	
3001	 0.019175376666933832	 1.324934974463406	
3002	 0.019183959534016626	 1.3259235197863863	
3003	 0.01919729363030033	 1.327459880391635	
3004	 0.019201362121555265	 1.3279287954844012	
3005	 0.019210211018841426	 1.3289489063183515	
3006	 0.019219730055009526	 1.3300466213191582	
3007	 0.019225544027057936	 1.3307172545314028	
3008	 0.01922233343390406	 1.3303469005661868	
3009	 0.019207900446212324	 1.3286825106799827	
3010	 0.019190562864072322	 1.3266842695121197	
3011	 0.019168113713321867	 1.3240986826544485	
3012	 0.01914339592834819	 1.3212541394732413	
3013	 0.01911842097496275	 1.3183824869838556	
3014	 0.019094371204804336	 1.3156195758518634	
3015	 0.01907170456608477	 1.31301768584533	
3016	 0.01905378562033284	 1.3109622391461424	
3017	 0.019035486832235153	 1.308864551020226	
3018	 0.019017708248944616	 1.306827783896191	
3019	 0.01900221652373249	 1.3050540406210993	
3020	 0.01899457274863389	 1.3041792126829284	
3021	 0.01899153113905241	 1.3038311665767583	
3022	 0.01899020345677442	 1.3036792538477757	
3023	 0.01899074487042719	 1.303741201266807	
3024	 0.018993194192784522	 1.3040214623252238	
3025	 0.01899708518949008	 1.304466734953031	
3026	 0.019001913475532695	 1.3050193523717315	
3027	 0.01900730520979359	 1.3056365694266105	
3028	 0.019015095124038442	 1.3065285235283466	
3029	 0.019023223408675603	 1.3074594811689997	
3030	 0.01903116456594849	 1.308369262669605	
3031	 0.01903887290732046	 1.3092526136307217	
3032	 0.019046163114792854	 1.3100882672120282	
3033	 0.019043861199222918	 1.3098243828216247	
3034	 0.01902229898166393	 1.3073535903097941	
3035	 0.01902109142571064	 1.3072152728885396	
3036	 0.0190168746982596	 1.3067323210022341	
3037	 0.019007398699510934	 1.3056472726617272	
3038	 0.018991802987514027	 1.3038622722123387	
3039	 0.018972736851502785	 1.3016813931300655	
3040	 0.01896311163060465	 1.3005809674508302	
3041	 0.018953740424785235	 1.2995099403286245	
3042	 0.018948469580707075	 1.2989076951452265	
3043	 0.018949084676092343	 1.2989779700180681	
3044	 0.018953709758939764	 1.2995064361346735	
3045	 0.01896015577764462	 1.3002431074316403	
3046	 0.018966460220286016	 1.3009637604962154	
3047	 0.018971449331933735	 1.301534172904845	
3048	 0.018976010032824665	 1.3020556919873505	
3049	 0.0189807146168098	 1.3025937517585546	
3050	 0.01898512660245859	 1.3030984280693894	
3051	 0.01898960137967241	 1.3036103668263073	
3052	 0.018995267736926266	 1.3042587442023164	
3053	 0.01900203285520478	 1.3050330170577298	
3054	 0.01901082300335313	 1.3060393306463263	
3055	 0.019019660098579996	 1.3070513315640118	
3056	 0.01902791968764577	 1.3079974814505753	
3057	 0.01903187240876986	 1.308450369220654	
3058	 0.01903278104309103	 1.3085544859542302	
3059	 0.019040848161608507	 1.3094790097594615	
3060	 0.01904609671349921	 1.3100806548778874	
3061	 0.01905007062418364	 1.3105362605297841	
3062	 0.019071235910049878	 1.3129639108388527	
3063	 0.019072748147507375	 1.313137432689165	
3064	 0.019076334353846446	 1.3135489689899742	
3065	 0.019079165142857117	 1.3138738535512335	
3066	 0.019082396738222193	 1.3142447772211667	
3067	 0.01908903418902339	 1.315006757536868	
3068	 0.01909613683017184	 1.3158223374292108	
3069	 0.019102599536086784	 1.3165646107795173	
3070	 0.019109161813055057	 1.3173184916749983	
3071	 0.01911480010681342	 1.317966362330209	
3072	 0.019119777695843332	 1.31853842030782	
3073	 0.019125012189618238	 1.3191401106181613	
3074	 0.019130269059815786	 1.3197444835382515	
3075	 0.0191345285356585	 1.320234269030658	
3076	 0.019139316037708822	 1.3207848575812855	
3077	 0.019143084687949903	 1.3212183372713129	
3078	 0.0191458049613293	 1.3215312653572753	
3079	 0.01914809876536809	 1.3217951573531848	
3080	 0.019152735297231775	 1.322328634164873	
3081	 0.019161039370550987	 1.3232843114834463	
3082	 0.019170491774264196	 1.324372480902823	
3083	 0.019174947545052484	 1.32488555741174	
3084	 0.019179470684380584	 1.3254064726268404	
3085	 0.01918417275041605	 1.3259480810772633	
3086	 0.019188984195222306	 1.326502379962714	
3087	 0.019194061454034305	 1.3270874022356778	
3088	 0.01919898972119771	 1.3276553557686446	
3089	 0.019203951124198187	 1.3282272261944792	
3090	 0.019208709412413937	 1.3287757773661275	
3091	 0.019204311141192115	 1.3282687269736946	
3092	 0.019206794097468536	 1.3285549626425266	
3093	 0.019213254319923344	 1.3292998138998187	
3094	 0.019220533102401398	 1.3301392436177895	
3095	 0.019227082443330875	 1.330894731232958	
3096	 0.01923164675531347	 1.3314213408090263	
3097	 0.019233769863025985	 1.3316663237247004	
3098	 0.019233516384875804	 1.331637074229674	
3099	 0.019233832720261395	 1.3316735770223618	
3100	 0.01923538172152965	 1.3318523262316573	
3101	 0.019237645457435434	 1.3321135705233114	
3102	 0.019239768624858506	 1.3323586112682426	
3103	 0.01924126135712152	 1.3325309025051146	
3104	 0.019241599875891538	 1.3325699755990537	
3105	 0.019238036847126362	 1.3321587405568607	
3106	 0.019208929400475548	 1.3288011405071567	
3107	 0.019206303134468646	 1.3284983623783286	
3108	 0.019197233017339575	 1.3274528949287794	
3109	 0.01918491578372404	 1.3260336756210418	
3110	 0.019175544104463055	 1.3249542565256798	
3111	 0.019166643490088682	 1.3239294197053286	
3112	 0.019151208093441334	 1.3221529054247962	
3113	 0.01913452463227346	 1.3202338201577963	
3114	 0.019115278913913625	 1.3180213857429266	
3115	 0.019105229707189617	 1.3168667467193458	
3116	 0.019111215539269102	 1.3175544612467163	
3117	 0.01914187623203556	 1.3210793314159863	
3118	 0.019178462585553113	 1.325290366077026	
3119	 0.019180140988222946	 1.3254836763042983	
3120	 0.019181275599637664	 1.3256143616978282	
3121	 0.01918202556137822	 1.325700745682525	
3122	 0.019183579393561124	 1.3258797302651966	
3123	 0.019183649826324246	 1.3258878435831323	
3124	 0.019183694782798567	 1.325893022236994	
3125	 0.01918044948005307	 1.3255192081144824	
3126	 0.019175963494905315	 1.325002553912501	
3127	 0.019172110222814724	 1.3245588340635084	
3128	 0.01916544086886186	 1.3237909715099259	
3129	 0.019147468381148572	 1.32172263234039	
3130	 0.01911003123203072	 1.317418384340292	
3131	 0.019103149484901494	 1.3166277828183113	
3132	 0.019093409490820435	 1.3155091394229028	
3133	 0.0190748234821765	 1.3133755821211437	
3134	 0.01905677821114709	 1.3113054236993087	
3135	 0.019057112142894482	 1.311343720577576	
3136	 0.01905683399176942	 1.3113118208547945	
3137	 0.01905553757735155	 1.3111631458438981	
3138	 0.019034267621096165	 1.3087248340638356	
3139	 0.019036701544832915	 1.309003758393918	
3140	 0.019024439900406108	 1.3075988325568306	
3141	 0.019015492336537602	 1.30657401134301	
3142	 0.01902347853186225	 1.3074887055117264	
3143	 0.019031070992227426	 1.3083585408892544	
3144	 0.01902988530870644	 1.3082226870054245	
3145	 0.019029649637323034	 1.308195684795242	
3146	 0.019029596662140925	 1.308189615158154	
3147	 0.01902834473601487	 1.3080461788686424	
3148	 0.019028852040271993	 1.3081043012207907	
3149	 0.018990274099619158	 1.3036873365876935	
3150	 0.018917928723546723	 1.2954203037794794	
3151	 0.01885624617818672	 1.2883883547753272	
3152	 0.018795283767025946	 1.281453553989047	
3153	 0.01873048976992363	 1.274099311078689	
3154	 0.01867916004483349	 1.2682853139357992	
3155	 0.01869926572157542	 1.2705613693926436	
3156	 0.01872087495525598	 1.2730094541429382	
3157	 0.018704373470282788	 1.2711398501347848	
3158	 0.018678964622405012	 1.2682631992251525	
3159	 0.018643580290001224	 1.2642615228003398	
3160	 0.018608417001764795	 1.260289857411805	
3161	 0.0185761859863752	 1.2566537819693524	
3162	 0.018538802639621866	 1.2524417221722157	
3163	 0.018503251578879356	 1.248441359175799	
3164	 0.018485713798448673	 1.2464698163064432	
3165	 0.01848254978294963	 1.2461142602225423	
3166	 0.018486202358549027	 1.2465247218396254	
3167	 0.018494670011073466	 1.2474764902201387	
3168	 0.018509124969268632	 1.2491019060774984	
3169	 0.018524484993658268	 1.250830021497698	
3170	 0.01854111015600331	 1.2527015510432367	
3171	 0.01855702802293124	 1.2544945075467095	
3172	 0.018573609735634922	 1.2563633289512375	
3173	 0.018589542895715797	 1.258160104215036	
3174	 0.018607628278314955	 1.2602008290507838	
3175	 0.018619608984438547	 1.261553440614606	
3176	 0.018629413497686202	 1.2626607936507634	
3177	 0.018617640819554807	 1.2613311966265448	
3178	 0.018585394144094998	 1.257692152467537	
3179	 0.018571719102012812	 1.2561501912262256	
3180	 0.018558650370794943	 1.2546773031422773	
3181	 0.018544758097635214	 1.2531123572458815	
3182	 0.01852837755882912	 1.2512681154049397	
3183	 0.01850951862209701	 1.2491461829756036	
3184	 0.018492546747232167	 1.2472378070066947	
3185	 0.018477270022871157	 1.2455210377949342	
3186	 0.018463822689972847	 1.2440106349672069	
3187	 0.018460865555358703	 1.2436785882963135	
3188	 0.018478447968823173	 1.2456533794630296	
3189	 0.01849749953457675	 1.2477945948462665	
3190	 0.018515530088360273	 1.2498224127936577	
3191	 0.018525169444701676	 1.250907049501251	
3192	 0.01853343622013482	 1.2518375408366895	
3193	 0.018548665354055718	 1.2535524254615065	
3194	 0.018563273655877895	 1.255198283243938	
3195	 0.0185732165376562	 1.2563190011798668	
3196	 0.018583969374807524	 1.2575314639767365	
3197	 0.01859589835945509	 1.2588770935269742	
3198	 0.01860974318785873	 1.26043955835879	
3199	 0.018624399507703004	 1.2620944490567556	
3200	 0.018640760715848033	 1.263942869824186	
3201	 0.018649268858636076	 1.264904511769479	
3202	 0.018660894468695226	 1.2662189817167893	
3203	 0.01867644317414134	 1.267977876830644	
3204	 0.018692462867662966	 1.269791072196832	
3205	 0.01870844860314418	 1.2716014569677487	
3206	 0.018724238758703913	 1.2733907050256612	
3207	 0.01873942300962411	 1.2751122445417102	
3208	 0.018753381865030287	 1.2766956734575998	
3209	 0.018765182427377534	 1.2780348885047863	
3210	 0.01877506319602383	 1.2791566631339932	
3211	 0.01878385996261696	 1.280155701040361	
3212	 0.018793494078545855	 1.2812501935877234	
3213	 0.018803578511516112	 1.2823962455625113	
3214	 0.018805767554585354	 1.2826450749316705	
3215	 0.018805976279904466	 1.282668801827535	
3216	 0.018805609212429523	 1.2826270754699165	
3217	 0.018806688091428533	 1.2827497184769732	
3218	 0.01881094788636213	 1.2832340021595987	
3219	 0.018817876501374425	 1.28402185240412	
3220	 0.0188239245115868	 1.2847097275045136	
3221	 0.018832435350100547	 1.2856779638563116	
3222	 0.018843577416774726	 1.286945983123487	
3223	 0.018854897408191865	 1.2882347630419464	
3224	 0.018856267677809582	 1.288390803112958	
3225	 0.018834639960167626	 1.2859288191078402	
3226	 0.01878106663243691	 1.2798384321809124	
3227	 0.018737164496197087	 1.274856122957215	
3228	 0.018697839888723634	 1.270399904755316	
3229	 0.018651388918773337	 1.2651441793644913	
3230	 0.0185924689966364	 1.2584901909220048	
3231	 0.018522957422381064	 1.250658115729686	
3232	 0.01845394905205046	 1.24290209592445	
3233	 0.01839184923011737	 1.2359390525572798	
3234	 0.018338635608099098	 1.229984844060487	
3235	 0.01829837240400888	 1.2254873376593232	
3236	 0.01830948038224129	 1.2267274699052872	
3237	 0.01832641757845401	 1.228619361378743	
3238	 0.018346297827520924	 1.23084148051423	
3239	 0.018365972267906518	 1.233042176346432	
3240	 0.0183839942654095	 1.2350594169323046	
3241	 0.01840141375997832	 1.2370104714665127	
3242	 0.018412065215900317	 1.2382040848824842	
3243	 0.018422943299493066	 1.2394235696620997	
3244	 0.01843936957242353	 1.2412659426719905	
3245	 0.018455801650752664	 1.243110061877558	
3246	 0.018471905862345088	 1.244918448035012	
3247	 0.01848837851808711	 1.246769295517782	
3248	 0.018506276835202368	 1.248781575140256	
3249	 0.01851157226330977	 1.249377180605082	
3250	 0.018488256241874546	 1.2467555526602385	
3251	 0.018500733442050894	 1.2481582014168602	
3252	 0.01851620066339319	 1.2498978548522386	
3253	 0.01854633928154265	 1.2532904360859143	
3254	 0.018605922383770346	 1.2600082822099898	
3255	 0.018783120561542917	 1.2800717161652024	
3256	 0.01874051902497423	 1.2752365430894246	
3257	 0.018692282275664454	 1.2697706260442339	
3258	 0.01864050846960612	 1.2639143638880412	
3259	 0.018585012747933033	 1.2576491369975262	
3260	 0.01855143072584845	 1.2538639223375558	
3261	 0.01853122292645548	 1.2515883898977151	
3262	 0.0185254522813785	 1.2509388804465797	
3263	 0.018528479011316625	 1.2512795343301475	
3264	 0.018540598374586277	 1.2526439220348013	
3265	 0.018561938862987393	 1.2550478617164544	
3266	 0.018587146831647694	 1.2578898355384556	
3267	 0.018634652441251925	 1.2632526559684338	
3268	 0.01872532541824533	 1.2735138759366997	
3269	 0.01886962804150107	 1.2899126167186619	
3270	 0.019024145665906995	 1.3075651269036406	
3271	 0.019306152604265096	 1.3400292641858143	
3272	 0.019743755272921635	 1.391033717270666	
3273	 0.019915974044428256	 1.4113150656396387	
3274	 0.019889259941446365	 1.408161386393248	
3275	 0.019865737957257684	 1.4053868830738665	
3276	 0.019835393331842036	 1.401810858425116	
3277	 0.019798670309762935	 1.3974880338442797	
3278	 0.019754088096106116	 1.3922472497273493	
3279	 0.019701243931349834	 1.3860454516584528	
3280	 0.019640865445756446	 1.3789729875893266	
3281	 0.01957619910378348	 1.3714143222562962	
3282	 0.01951517435882627	 1.3642965618614058	
3283	 0.019459901159089035	 1.3578624388209102	
3284	 0.019412794058552733	 1.3523885043176633	
3285	 0.019372614656311335	 1.3477265732633132	
3286	 0.019338264004064368	 1.3437460471994642	
3287	 0.019312356403704246	 1.340747011475405	
3288	 0.019292478902904066	 1.3384478310387191	
3289	 0.0192761026126324	 1.3365548128802087	
3290	 0.01926223082942466	 1.3349521418442665	
3291	 0.019251517437738428	 1.3337149008033657	
3292	 0.019244102594798196	 1.33285886293052	
3293	 0.019238082095478372	 1.332163962679693	
3294	 0.01923197281614856	 1.3314589634155902	
3295	 0.019225036241053386	 1.3306586767656405	
3296	 0.019208593669093797	 1.328762433019041	
3297	 0.019181472046786913	 1.3256369891511852	
3298	 0.01913698622657591	 1.320516905268108	
3299	 0.019113035658836177	 1.3177636039514626	
3300	 0.019085452030635025	 1.3145955032900167	
3301	 0.019056311274117905	 1.311251873893987	
3302	 0.01902669471996606	 1.307857142036792	
3303	 0.01899230137647572	 1.303919299995044	
3304	 0.018967518759810436	 1.3010847765041	
3305	 0.018940343465249743	 1.2979794262488424	
3306	 0.01891334925813817	 1.2948977083565214	
3307	 0.018885595418907483	 1.2917323249588197	
3308	 0.018861103498288807	 1.288941544766808	
3309	 0.01879031686062029	 1.2808892014931685	
3310	 0.01874113472013711	 1.2753063708930605	
3311	 0.018720773228061986	 1.272997925172787	
3312	 0.01870354209356365	 1.2710456849544511	
3313	 0.018681073434011965	 1.2685018481418469	
3314	 0.018655433098625152	 1.2656014143381233	
3315	 0.018613228304869903	 1.2608329950578538	
3316	 0.018572222237518136	 1.2562069100348199	
3317	 0.01851624448001846	 1.2499027844406683	
3318	 0.0184474004325641	 1.2421670834124263	
3319	 0.01836961955248643	 1.2334503182211811	
3320	 0.018291955776879806	 1.224771192352988	
3321	 0.01817926271385885	 1.212221087452024	
3322	 0.01805442491547537	 1.1983789100337487	
3323	 0.01797420061174948	 1.18951712623334	
3324	 0.017909329363697813	 1.182370532111533	
3325	 0.017845176340349742	 1.1753200133459225	
3326	 0.017775940873385927	 1.167729862624333	
3327	 0.01770284069953483	 1.1597373938151458	
3328	 0.017643750162805234	 1.1532927380848794	
3329	 0.017585956830600075	 1.1470034639697422	
3330	 0.01753465984297331	 1.141432674738877	
3331	 0.01748851043224214	 1.1364301806986112	
3332	 0.017453629576713564	 1.132655007137368	
3333	 0.017437130596762017	 1.1308710646196676	
3334	 0.017428857943856832	 1.1299770122986428	
3335	 0.017437905165469732	 1.130954789242448	
3336	 0.017494808827662744	 1.1371123948783233	
3337	 0.01755742500014962	 1.1439036035743648	
3338	 0.017603808620830552	 1.148944690253991	
3339	 0.017623849870151684	 1.1511255652908714	
3340	 0.01763851938540063	 1.1527229403412005	
3341	 0.017651520520319146	 1.154139384659658	
3342	 0.017663868554145697	 1.1554853192343384	
3343	 0.017675686950480496	 1.1567741109850114	
3344	 0.017685633251189152	 1.157859196689662	
3345	 0.017678741568833735	 1.157107309442216	
3346	 0.017654126698110457	 1.1544234055613318	
3347	 0.017678024508430125	 1.1570290888843853	
3348	 0.017702214479879838	 1.1596690204394187	
3349	 0.017725332630320677	 1.1621942291513199	
3350	 0.017747427208220375	 1.1646096853474333	
3351	 0.017769347158924653	 1.1670080325515355	
3352	 0.0177912837295284	 1.169410173631973	
3353	 0.017816875131336993	 1.1722150295523794	
3354	 0.017847622340363276	 1.175588523265239	
3355	 0.017874307323416303	 1.1785194637994056	
3356	 0.017899699205634247	 1.1813110866990704	
3357	 0.01792854324615337	 1.1844854495421147	
3358	 0.017961801687047762	 1.188149857110144	
3359	 0.01799326303671884	 1.1916204275600226	
3360	 0.018023292979086194	 1.1949368722071334	
3361	 0.018060192601202285	 1.1990170369717734	
3362	 0.018125849888681253	 1.2062908213077208	
3363	 0.018212930186964786	 1.2159650612679997	
3364	 0.018259080652292398	 1.2211047009651288	
3365	 0.018360785428544708	 1.2324618468189976	
3366	 0.01850363164967739	 1.2484840993531574	
3367	 0.018619382555210902	 1.2615278715659122	
3368	 0.01876265118357399	 1.2777475769332172	
3369	 0.018893317266122946	 1.2926127066132704	
3370	 0.018998131873596225	 1.304586524354104	
3371	 0.019170011897458074	 1.3243172284223617	
3372	 0.019278736482318034	 1.336859202864235	
3373	 0.019311307536020877	 1.3406256521477353	
3374	 0.0193248548534936	 1.3421934838396572	
3375	 0.01934633591380596	 1.3446809902982562	
3376	 0.019373674072241557	 1.3478494123890192	
3377	 0.019437803897189927	 1.3552935936978996	
3378	 0.019460430508253187	 1.3579240004443556	
3379	 0.019464022190738162	 1.3583417311734598	
3380	 0.019458621744897375	 1.357713651631367	
3381	 0.019449065333558183	 1.3566025121288703	
3382	 0.01943767659117703	 1.3552787997901137	
3383	 0.01942678765512934	 1.3540136633059714	
3384	 0.019396645630203796	 1.3505140624162035	
3385	 0.019366681481190036	 1.347038705229216	
3386	 0.019338484406671297	 1.3437715722635672	
3387	 0.01931214249844661	 1.3407222611920397	
3388	 0.019289925184132632	 1.3381525632513034	
3389	 0.01927022538417939	 1.3358756956887012	
3390	 0.019250762906067777	 1.3336277806591734	
3391	 0.01923123781875453	 1.3313741561685746	
3392	 0.019205752713042357	 1.328434908645373	
3393	 0.019165156515063474	 1.3237582369703673	
3394	 0.019101601710548175	 1.3164499947106865	
3395	 0.01909463398927581	 1.3156497528062119	
3396	 0.019085792789647123	 1.3146346223469734	
3397	 0.019077654146638513	 1.3137004352350719	
3398	 0.019070828280616268	 1.3129171389249705	
3399	 0.019064502322162627	 1.3121913759265478	
3400	 0.019058800561201964	 1.3115373632550897	
3401	 0.01905344148196954	 1.3109227763247586	
3402	 0.019048655362409555	 1.3103739946447546	
3403	 0.019044831436639504	 1.3099356052074993	
3404	 0.019043443319425802	 1.3097764806710648	
3405	 0.019042338557599934	 1.309649843639925	
3406	 0.019041507715530242	 1.3095546088067627	
3407	 0.01904027316252467	 1.3094131039372991	
3408	 0.01903864256623083	 1.3092262138311388	
3409	 0.019038165775126188	 1.309171568636099	
3410	 0.019037776332264427	 1.3091269351306294	
3411	 0.0190191350749414	 1.306991198476456	
3412	 0.018995938534127368	 1.3043355092353963	
3413	 0.018972910862573047	 1.3017012907746535	
3414	 0.018952042136567114	 1.2993158821941369	
3415	 0.018932873115524274	 1.2971263015051075	
3416	 0.018906978416667025	 1.294170826547605	
3417	 0.01887510944013726	 1.2905371838673847	
3418	 0.0188229494985246	 1.284598823679468	
3419	 0.018786926820624845	 1.2805040736536266	
3420	 0.018725594923321702	 1.273544424591469	
3421	 0.018653929129390866	 1.2654313678580797	
3422	 0.018577690117786812	 1.2568233739624077	
3423	 0.01849721331484416	 1.2477624155786022	
3424	 0.01841294048218409	 1.2383021886211862	
3425	 0.018330133331551934	 1.229034568434554	
3426	 0.018255468147835217	 1.2207020743364723	
3427	 0.01819360441757995	 1.213815384512625	
3428	 0.018155919766767125	 1.209627958861217	
3429	 0.018122696529505107	 1.2059410770048886	
3430	 0.01808459675791545	 1.2017185749302406	
3431	 0.018048042977838314	 1.1976729816786527	
3432	 0.01801677979639627	 1.1942172567061802	
3433	 0.01799486787515697	 1.1917975693339966	
3434	 0.01797266523990185	 1.1893477817430511	
3435	 0.017958006224534022	 1.187731445056364	
3436	 0.01794747264839955	 1.1865705317292894	
3437	 0.017946269691445447	 1.1864379818331448	
3438	 0.01795181235144838	 1.1870487586532181	
3439	 0.017961545640687006	 1.188121628687157	
3440	 0.017962207365741726	 1.188194582644871	
3441	 0.017945754081990672	 1.186381170325529	
3442	 0.01791040255514186	 1.182488620963317	
3443	 0.017914261472682255	 1.1829132767629906	
3444	 0.01791318010003729	 1.182794270617885	
3445	 0.017914074541073046	 1.1828927044093578	
3446	 0.017933857535967965	 1.1850706728552913	
3447	 0.017954284787516914	 1.1873212508157722	
3448	 0.01797627331804618	 1.18974575155217	
3449	 0.017997427792121674	 1.1920801543009125	
3450	 0.018017752760949416	 1.1943247446506182	
3451	 0.018037310821471055	 1.196486235670619	
3452	 0.018057206903315175	 1.1986866874720308	
3453	 0.018079614218759383	 1.2011668107199185	
3454	 0.018103993123299623	 1.2038674851435716	
3455	 0.018125437964393785	 1.2062451317974416	
3456	 0.01814573739256494	 1.2084975119711567	
3457	 0.01816701555990623	 1.2108602948142322	
3458	 0.018187770389936766	 1.2131667430634887	
3459	 0.018208379048551417	 1.2154586843631148	
3460	 0.018228218690237035	 1.2176667357466997	
3461	 0.018247530812941375	 1.219817616341757	
3462	 0.01826651221327829	 1.2219331421964477	
3463	 0.01828540844692835	 1.2240406322082904	
3464	 0.01830350702455162	 1.226060521698408	
3465	 0.01831248626820047	 1.227063143427518	
3466	 0.018280159413319508	 1.2234550637003458	
3467	 0.01829839996038197	 1.2254904135251705	
3468	 0.018316335997917307	 1.2274931043836899	
3469	 0.01833317193488655	 1.2293741508793474	
3470	 0.018348798228214624	 1.2311210770421734	
3471	 0.01836373712035629	 1.2327920834613726	
3472	 0.018378691243802366	 1.2344657014696752	
3473	 0.018393413097718834	 1.2361142116545292	
3474	 0.018406715880093367	 1.237604575096261	
3475	 0.018420088759212697	 1.2391035156844274	
3476	 0.01843265215170474	 1.2405123835576712	
3477	 0.018391108091466893	 1.23585604568778	
3478	 0.018319497956730445	 1.2278462960171272	
3479	 0.018247691330716204	 1.2198355003124355	
3480	 0.018182401422971544	 1.2125699307467535	
3481	 0.018133651302378588	 1.2071562633762027	
3482	 0.018095733977941536	 1.202952272276613	
3483	 0.018060423777308324	 1.1990426167351866	
3484	 0.01803742019883401	 1.1964983280842363	
3485	 0.01801808927185505	 1.194361921484751	
3486	 0.018000411463828487	 1.1924095506658974	
3487	 0.01798410019393082	 1.1906092363971779	
3488	 0.017949976505953397	 1.1868464426060825	
3489	 0.01787273460459053	 1.1783466435466579	
3490	 0.017734342346696904	 1.1631789604984857	
3491	 0.01762549475053933	 1.1513046335030508	
3492	 0.017529400692086132	 1.1408621507458825	
3493	 0.017456497025156316	 1.1329651630355377	
3494	 0.01739282643886644	 1.1260862707819175	
3495	 0.017327046331406776	 1.1189970786247005	
3496	 0.017252307750841914	 1.1109641699002821	
3497	 0.017187151608974563	 1.103980082532836	
3498	 0.017129736101979536	 1.0978403248348885	
3499	 0.017074581903573756	 1.0919552864070585	
3500	 0.017019985217706153	 1.0861422036691584	
3501	 0.016977436459295628	 1.081620511440039	
3502	 0.016937800572656977	 1.0774151634663396	
3503	 0.01690389322805364	 1.07382281352635	
3504	 0.016876041908192013	 1.0708756665946428	
3505	 0.016857907787777987	 1.0689585077537493	
3506	 0.016850025898939174	 1.0681256544055278	
3507	 0.01684956987358148	 1.0680774756477882	
3508	 0.016857363055436704	 1.068900939320977	
3509	 0.016870508683520427	 1.0702905424215936	
3510	 0.016887829863858714	 1.0721226388694503	
3511	 0.01690753484419596	 1.0742083983974897	
3512	 0.01691952255107647	 1.075478082662415	
3513	 0.01691518782928024	 1.0750188990831835	
3514	 0.01690021724299212	 1.0734336457347118	
3515	 0.01691139767824124	 1.0746174669786497	
3516	 0.01691982720555254	 1.0755103581179197	
3517	 0.016929472849514616	 1.0765324293516165	
3518	 0.016940262059076894	 1.0776761350969668	
3519	 0.016947843503997796	 1.0784800936409547	
3520	 0.016949844243850886	 1.0786922979264402	
3521	 0.0169515589513927	 1.0788741780825242	
3522	 0.016954267834529187	 1.0791615360917566	
3523	 0.016958626300087494	 1.0796239458584476	
3524	 0.016973551884860317	 1.0812080704006877	
3525	 0.017008570386407344	 1.0849283994303516	
3526	 0.0170456596499056	 1.0888742961275453	
3527	 0.017084545935299258	 1.093017527488563	
3528	 0.017124379590927906	 1.0972682221457568	
3529	 0.01716369704984241	 1.1014703021252326	
3530	 0.017205650759668213	 1.105961215564219	
3531	 0.017246872893093363	 1.1103809340935296	
3532	 0.01728615536234797	 1.1145992459004894	
3533	 0.0173266300121007	 1.1189522684911424	
3534	 0.01734616520599452	 1.1210556938308487	
3535	 0.01735891690434723	 1.1224295677846774	
3536	 0.017364859284391528	 1.1230700324867315	
3537	 0.01735692405751003	 1.1222148131595777	
3538	 0.01733426780518154	 1.119774469307846	
3539	 0.017366146432926367	 1.1232087795236443	
3540	 0.017398869524107168	 1.1267384384486598	
3541	 0.017431310832684076	 1.1302420744179247	
3542	 0.017462092260480996	 1.1335704662223673	
3543	 0.01749097953586213	 1.1366976035050054	
3544	 0.0175193968890738	 1.1397772316427708	
3545	 0.017546481218202587	 1.1427154993568698	
3546	 0.017572415390551883	 1.1455318265140344	
3547	 0.017597208575866687	 1.1482268400192974	
3548	 0.017601897569251793	 1.1487368173293968	
3549	 0.0176109525407778	 1.1497218969869294	
3550	 0.017618694191905496	 1.1505643698714565	
3551	 0.017629502123966988	 1.151740938725779	
3552	 0.01764830670313495	 1.1537891817911767	
3553	 0.017699007278430122	 1.1593188695633985	
3554	 0.017774852246441073	 1.167610675661546	
3555	 0.017843694073430963	 1.1751573092715755	
3556	 0.017869620539299816	 1.1780044803444334	
3557	 0.017897755834913338	 1.1810973361523447	
3558	 0.017926653886878176	 1.1842774162841876	
3559	 0.01795658814146391	 1.187575130606411	
3560	 0.017990259706630665	 1.1912889488325222	
3561	 0.018013764793962928	 1.193884199862577	
3562	 0.018012515147047405	 1.1937461666025226	
3563	 0.01805072226067701	 1.1979693262239512	
3564	 0.01808317347367951	 1.201560950714059	
3565	 0.01811067210505297	 1.2046078004302132	
3566	 0.018138408032543414	 1.2076840683378665	
3567	 0.018161285420785336	 1.2102238236956	
3568	 0.018177171573371134	 1.2119886956110053	
3569	 0.01819188531416791	 1.2136242359824756	
3570	 0.018206968115566362	 1.215301715745425	
3571	 0.01822322070429895	 1.217110334242638	
3572	 0.018240967290073386	 1.2190864360591085	
3573	 0.018258661808156496	 1.2210580165562108	
3574	 0.01827511446845823	 1.2228923684329336	
3575	 0.018288733340461164	 1.2244116066443558	
3576	 0.018286106078200953	 1.2241184665724316	
3577	 0.018272285611940716	 1.2225768931132517	
3578	 0.018256354311105553	 1.2208008355073596	
3579	 0.0182403769793282	 1.2190206836926454	
3580	 0.0182228108854523	 1.2170647156129413	
3581	 0.018203260626041884	 1.2148892900822423	
3582	 0.018176118015185882	 1.2118716187292102	
3583	 0.01814106843565698	 1.2079793058921386	
3584	 0.01809247275200761	 1.2025909658057878	
3585	 0.018028863986680674	 1.1955525281315957	
3586	 0.01797395196114308	 1.1894897005546075	
3587	 0.017923645837963798	 1.1839462366932543	
3588	 0.017861489777065812	 1.1771112864499893	
3589	 0.0177889191366255	 1.169151146371476	
3590	 0.017713036831606056	 1.1608508785473812	
3591	 0.01763652441742912	 1.1525056546575398	
3592	 0.01756163396025262	 1.1443606779412538	
3593	 0.017488996708065523	 1.1364828460991225	
3594	 0.017419243669873394	 1.1289383220522808	
3595	 0.017354863617619763	 1.1219927918054806	
3596	 0.017303484563111354	 1.1164621594463489	
3597	 0.01727422640907512	 1.1133175898254002	
3598	 0.017255073101604287	 1.1112609775121787	
3599	 0.017243467835773473	 1.1100155865197778	
3600	 0.017239350703662924	 1.1095739007054137	
3601	 0.017244136104722068	 1.1100872850259988	
3602	 0.017271847869474784	 1.113062108203013	
3603	 0.017300305693332213	 1.116120333260671	
3604	 0.017329819006588268	 1.119295531196031	
3605	 0.017360835056294856	 1.1226362886085128	
3606	 0.017392482567391586	 1.1260491648332718	
3607	 0.017424481647686337	 1.1295041662312644	
3608	 0.01745035305958567	 1.132300646145077	
3609	 0.017445370861579965	 1.1317618978168411	
3610	 0.017416088377484533	 1.1285975193286948	
3611	 0.017443267448299427	 1.1315344767101267	
3612	 0.0174702618019445	 1.1344544949810729	
3613	 0.017497112048285506	 1.1373619103846284	
3614	 0.01752529244726732	 1.140416558894809	
3615	 0.017551807290737968	 1.14329365909749	
3616	 0.017582087337603653	 1.146582863564965	
3617	 0.017642797924692703	 1.15318900073379	
3618	 0.01767754053470973	 1.156976295790684	
3619	 0.017640490435606285	 1.1529376370673805	
3620	 0.01758204490232684	 1.1465782513403067	
3621	 0.017562912991116977	 1.14449958948024	
3622	 0.01757786781462067	 1.1461242864522483	
3623	 0.017609316955100377	 1.1495439385594752	
3624	 0.017638509074568303	 1.1527218172754088	
3625	 0.017666799059989583	 1.1558048362308215	
3626	 0.01769519486869448	 1.1589026992171603	
3627	 0.017723010866070844	 1.1619405222813737	
3628	 0.01775048546555278	 1.164944182722551	
3629	 0.017777420594754293	 1.1678918758746801	
3630	 0.017803901189526194	 1.170792730214395	
3631	 0.01783016776612025	 1.1736729826523906	
3632	 0.017852136955075575	 1.1760841800191257	
3633	 0.017859305467483762	 1.1768713782562747	
3634	 0.01782202850077683	 1.172780171631447	
3635	 0.017815055065816415	 1.1720154588745224	
3636	 0.017784585289186017	 1.1686764584329172	
3637	 0.017747629273736788	 1.1646317851094479	
3638	 0.01770638855639713	 1.1601247946476836	
3639	 0.017661862214603384	 1.1552665857120765	
3640	 0.01760675358496726	 1.1492650555472426	
3641	 0.01755021565239359	 1.1431208701465823	
3642	 0.017493169411795982	 1.136934804877234	
3643	 0.017441567908831595	 1.1313507358054677	
3644	 0.017402996085024585	 1.1271838622516983	
3645	 0.017425084859301724	 1.129569336787332	
3646	 0.017448724594829573	 1.1321245413664902	
3647	 0.01747123583904443	 1.1345599142467526	
3648	 0.017465307505234548	 1.133918356014323	
3649	 0.017453482767278518	 1.1326391284940234	
3650	 0.017438559964168147	 1.1310255696282574	
3651	 0.01742269193423416	 1.1293108157077592	
3652	 0.017407161352479442	 1.1276335354761768	
3653	 0.017394311494610605	 1.1262465234858856	
3654	 0.01738148660295799	 1.1248628872817898	
3655	 0.01736590917596414	 1.1231832041040188	
3656	 0.017339781272847923	 1.1203681387321403	
3657	 0.017291925006357196	 1.115219352587008	
3658	 0.017214288670369473	 1.1068867635092883	
3659	 0.017167938074668456	 1.101923948332264	
3660	 0.017103710867400587	 1.0950618154084422	
3661	 0.017029408294960312	 1.0871446223426788	
3662	 0.016949227022980736	 1.0786268319052739	
3663	 0.01686884298467078	 1.0701144241349272	
3664	 0.01678434767039506	 1.0611957526823634	
3665	 0.01670142173526829	 1.0524717870800113	
3666	 0.01662717080911062	 1.0446849111444905	
3667	 0.016565479556845508	 1.0382328031372985	
3668	 0.01652989246526813	 1.0345181283370006	
3669	 0.0165207852123031	 1.0335683451986981	
3670	 0.016517557213610073	 1.0332317853315622	
3671	 0.016513459831230034	 1.0328046443217098	
3672	 0.016520589966195535	 1.0335479870661262	
3673	 0.016544168668998355	 1.0360076765379036	
3674	 0.016592430740891777	 1.0410495819895098	
3675	 0.016645359735096118	 1.0465902888674925	
3676	 0.01669081055769155	 1.0513575506331485	
3677	 0.016735428815579604	 1.0560459119149894	
3678	 0.016778304434434912	 1.0605590199010413	
3679	 0.01681922074555097	 1.0648730660292218	
3680	 0.016853325348894384	 1.0684742648654622	
3681	 0.016855221809236078	 1.0686746600428718	
3682	 0.01682345293447803	 1.0653196901687731	
3683	 0.016857486697052945	 1.0689140059121571	
3684	 0.016890583769396453	 1.0724140405260492	
3685	 0.016923271248927178	 1.0758752510919967	
3686	 0.016957179290050663	 1.0794704170854603	
3687	 0.016992946916570027	 1.083267946767016	
3688	 0.01702295897603039	 1.0864585095185244	
3689	 0.017049558183976472	 1.089289390766373	
3690	 0.017073708019861272	 1.091862143505585	
3691	 0.017096792542663677	 1.0943236742548426	
3692	 0.017122444750810935	 1.0970616006830542	
3693	 0.017150447792948293	 1.1000535611680184	
3694	 0.017176050732659844	 1.1027919364902825	
3695	 0.017161192439137246	 1.1012024285906028	
3696	 0.017139337545052626	 1.0988661064178233	
3697	 0.017115024983025622	 1.0962693884134262	
3698	 0.01708721489114993	 1.0933021284999962	
3699	 0.017062515237206418	 1.090669441746577	
3700	 0.017096851879863397	 1.0943300043093813	
3701	 0.017131867038076627	 1.098067952838991	
3702	 0.01716961122718877	 1.1021029396120823	
3703	 0.01720595545646892	 1.105993858409101	
3704	 0.017233679584428462	 1.1089656183354988	
3705	 0.017233629659275062	 1.1089602639725613	
3706	 0.017207736348024617	 1.1061846569849454	
3707	 0.01723488221245081	 1.1090946006715587	
3708	 0.017261873899367716	 1.1119910482151225	
3709	 0.017293340731689994	 1.1153715322292255	
3710	 0.01732650827457431	 1.1189391655236105	
3711	 0.017356261207108505	 1.1221433862304935	
3712	 0.01737730762771983	 1.1244121780953544	
3713	 0.017359113214597367	 1.1224507236034267	
3714	 0.01731738577258252	 1.117957458471012	
3715	 0.017266757408125874	 1.11251541481827	
3716	 0.01722617128032988	 1.1081604853993585	
3717	 0.017195430730303874	 1.1048665443859773	
3718	 0.01717723351761141	 1.1029185076549688	
3719	 0.017167610495865075	 1.101888905817647	
3720	 0.01717222846201481	 1.1023829506849678	
3721	 0.017208054396443608	 1.1062187329805415	
3722	 0.01724602821009657	 1.1102902988627388	
3723	 0.01728318155986694	 1.1142796830426764	
3724	 0.017306823537009165	 1.1168212468285084	
3725	 0.01733243832495397	 1.119577505582358	
3726	 0.017366988923292102	 1.1232995987392222	
3727	 0.017402171636081987	 1.1270948650407424	
3728	 0.017433930205188818	 1.1305251544198003	
3729	 0.01744578123946938	 1.1318062700177787	
3730	 0.017445930671520164	 1.1318224275644648	
3731	 0.017465947812014323	 1.133987642368009	
3732	 0.017483692880439224	 1.135908475457031	
3733	 0.017497896419469396	 1.1374468889072151	
3734	 0.017506510252607552	 1.138380275900893	
3735	 0.017511151838766503	 1.1388833608507583	
3736	 0.017506807836530306	 1.1384125272922025	
3737	 0.017501868804443824	 1.1378772948195868	
3738	 0.017498704315658448	 1.137534418776281	
3739	 0.01749789431883247	 1.1374466613214924	
3740	 0.01750170674678589	 1.13785973467955	
3741	 0.017516520630457423	 1.1394653759041118	
3742	 0.017537298223844245	 1.1417189349423873	
3743	 0.01756111206313163	 1.1443039982659005	
3744	 0.01758770042760211	 1.1471930070537313	
3745	 0.0176169130669262	 1.1503705199130125	
3746	 0.01764795983505767	 1.1537513868514309	
3747	 0.01767641079753148	 1.1568530649139441	
3748	 0.017706402030473713	 1.1601262660200307	
3749	 0.017733614994787355	 1.1630994510308248	
3750	 0.01776026292914205	 1.1660138521099948	
3751	 0.017786648663619526	 1.1689024509935917	
3752	 0.017816435645455757	 1.1721668385615756	
3753	 0.017845775745269986	 1.1753858108171988	
3754	 0.017859696084967104	 1.1769142793168614	
3755	 0.01788497786360301	 1.1796922776898846	
3756	 0.017909034769212625	 1.182338117169087	
3757	 0.017931745833239667	 1.1848381128549847	
3758	 0.017952936792587547	 1.1871726824759248	
3759	 0.017972587639140225	 1.1893392229901123	
3760	 0.01798832400058515	 1.1910753237421694	
3761	 0.018001952426009583	 1.1925796866336473	
3762	 0.018014147167033492	 1.1939264372296383	
3763	 0.017990272161372653	 1.1912903233911405	
3764	 0.017956819933486946	 1.187600680340052	
3765	 0.01793056022982695	 1.184707551376342	
3766	 0.01791044840782405	 1.1824936664781638	
3767	 0.01789744787819944	 1.1810634655401446	
3768	 0.017887107355764872	 1.1799263889815197	
3769	 0.01787820578038422	 1.1789478945206366	
3770	 0.017871876241465676	 1.1782523254752753	
3771	 0.017869552581850863	 1.1779970138477165	
3772	 0.017876115176588426	 1.1787181346199298	
3773	 0.017891851339392414	 1.180447998037913	
3774	 0.017915434264230798	 1.183042349063837	
3775	 0.01793912524730048	 1.1856508809332849	
3776	 0.01795868153863971	 1.1878058874195467	
3777	 0.017946503480431142	 1.1864637418138726	
3778	 0.01791829702795622	 1.1833574359570376	
3779	 0.01793738791324991	 1.1854595110344757	
3780	 0.017954880301913684	 1.1873868873963258	
3781	 0.017970642409333472	 1.1891246875092665	
3782	 0.01796734383182733	 1.1887609294179262	
3783	 0.01793742222213391	 1.1854632900888709	
3784	 0.01791056186085019	 1.182506150603358	
3785	 0.017876457085698568	 1.1787557096219141	
3786	 0.017841977604449638	 1.174968908784756	
3787	 0.017823445449154766	 1.172935579773427	
3788	 0.017809451772140085	 1.17140114154117	
3789	 0.017800743954752302	 1.1704467153181621	
3790	 0.017795693915843333	 1.169893344956283	
3791	 0.0177896742212514	 1.1692338589616345	
3792	 0.01777990447014208	 1.1681638531818657	
3793	 0.017768990143291266	 1.1669689542708455	
3794	 0.017761715389793757	 1.1661727870137133	
3795	 0.017764172407118445	 1.1664416648405223	
3796	 0.017798961035476853	 1.1702513356248019	
3797	 0.017841132452177028	 1.174876148891398	
3798	 0.01789755169016632	 1.1810748832535585	
3799	 0.017945892083730926	 1.1863963756943525	
3800	 0.01797756058957664	 1.1898877500598997	
3801	 0.017972305770472	 1.1893081353028483	
3802	 0.017943372045387748	 1.186118723999683	
3803	 0.017991804413054577	 1.191459434083053	
3804	 0.018050108488789424	 1.1979014368296321	
3805	 0.018084715969934537	 1.2017317776587273	
3806	 0.018100263978464412	 1.2034542164678013	
3807	 0.018118944304836033	 1.2055249643922796	
3808	 0.018188678389993024	 1.2132676876156485	
3809	 0.018253357298865364	 1.220466837202761	
3810	 0.018393020426010622	 1.2360702300017536	
3811	 0.01849125657490875	 1.2470927833295844	
3812	 0.018625222293052843	 1.2621873780586805	
3813	 0.018646386115846736	 1.2645786539121406	
3814	 0.018647650631566138	 1.2647215873938704	
3815	 0.01864880916758325	 1.2648525472203087	
3816	 0.018649838970024712	 1.2649689596772908	
3817	 0.018651483378748484	 1.265154858255485	
3818	 0.018654028668565557	 1.2654426219855754	
3819	 0.018657686204806682	 1.265856179187878	
3820	 0.01866316595582122	 1.2664758751560075	
3821	 0.018666268033245025	 1.2668267377315132	
3822	 0.018667418523390794	 1.2669568745839872	
3823	 0.018666931847368177	 1.2669018239286305	
3824	 0.018654548519601712	 1.265501398187115	
3825	 0.018589169977181325	 1.2581180386222643	
3826	 0.018494576797898298	 1.2474660114309184	
3827	 0.0184448591026287	 1.2418818931454658	
3828	 0.018402060251540602	 1.2370829048682845	
3829	 0.018371187580595322	 1.2336258017865787	
3830	 0.018371083089790605	 1.2336141075409204	
3831	 0.018371851146235078	 1.2337000667686844	
3832	 0.018371636463543384	 1.2336760397016489	
3833	 0.01836993480625243	 1.2334855985818987	
3834	 0.01832937749523176	 1.2289501049466258	
3835	 0.018285248145285087	 1.224022747715677	
3836	 0.018243547302951857	 1.2193738300828387	
3837	 0.018246104262075517	 1.2196586828265235	
3838	 0.01824973825600395	 1.220063566194792	
3839	 0.018254590879112763	 1.2206043075936834	
3840	 0.018259820344448816	 1.2211871488699702	
3841	 0.018264764057375527	 1.2217382444271365	
3842	 0.018270656740822854	 1.222395255462874	
3843	 0.018278828834507058	 1.2233066456029553	
3844	 0.018288247115657574	 1.2243573533867218	
3845	 0.01830039920699479	 1.2257135793750056	
3846	 0.0183133767013566	 1.2271625869984926	
3847	 0.018325364844739744	 1.2285017366209268	
3848	 0.018329450386515386	 1.228958250328671	
3849	 0.0183009559840225	 1.2257757324895195	
3850	 0.018242887082136814	 1.2193002838713969	
3851	 0.01825175900550997	 1.2202887323323837	
3852	 0.0182624757280598	 1.2214831427940802	
3853	 0.018274908197324916	 1.2228693638852144	
3854	 0.018286987196811388	 1.2242167753541218	
3855	 0.01829870880810088	 1.2255248875820113	
3856	 0.018308265913857324	 1.2265918581205157	
3857	 0.018317269177475542	 1.227597336558913	
3858	 0.01832559687314727	 1.2285276613894152	
3859	 0.018332195303499686	 1.2292650022764653	
3860	 0.01833686527373857	 1.2297869545328102	
3861	 0.018340674648798936	 1.230212785600836	
3862	 0.018341994082910925	 1.2303602923192132	
3863	 0.018309380620761418	 1.2267163299636674	
3864	 0.01828410696269505	 1.223895431569951	
3865	 0.018267345314784116	 1.2220260270892223	
3866	 0.018257220926812732	 1.2208974212313901	
3867	 0.01825537663606285	 1.2206918757097018	
3868	 0.01825211552518553	 1.2203284599896398	
3869	 0.018264105761339362	 1.2216648557812386	
3870	 0.018277769061954375	 1.2231884394746806	
3871	 0.01829056333570127	 1.2246158072400888	
3872	 0.018289163449505357	 1.2244595992731508	
3873	 0.01824784816959019	 1.2198529745023639	
3874	 0.018220774082344505	 1.216838000787271	
3875	 0.01820166705145073	 1.2147120361048895	
3876	 0.018170848659436637	 1.2112861283286376	
3877	 0.018125086032409993	 1.2062060970170165	
3878	 0.01807226456538632	 1.2003530983550508	
3879	 0.018037682052591812	 1.1965272780020624	
3880	 0.018007880726034483	 1.1932343143531823	
3881	 0.017983159324829995	 1.190505423594545	
3882	 0.017945436459381427	 1.1863461741867927	
3883	 0.017902611192656362	 1.1816314039152476	
3884	 0.01788440412696761	 1.1796292056296418	
3885	 0.0179021219694716	 1.1815775871650287	
3886	 0.017922724608678373	 1.183844818779621	
3887	 0.017943200731191235	 1.18609984996187	
3888	 0.017954510915626592	 1.1873461740992084	
3889	 0.017965350596751934	 1.188541142492154	
3890	 0.017979891019202488	 1.19014483624499	
3891	 0.017997771106965436	 1.1921180542922294	
3892	 0.018019851932041937	 1.1945566630789377	
3893	 0.01804107079240904	 1.1969019541506145	
3894	 0.018062269096188986	 1.1992468101106781	
3895	 0.018083995117712567	 1.2016519441763414	
3896	 0.018105715301873975	 1.2040583583684201	
3897	 0.01810494970422467	 1.2039735038312116	
3898	 0.018082077128283237	 1.20143953957678	
3899	 0.01808323172552927	 1.2015674017593947	
3900	 0.0180722190922072	 1.200348064506501	
3901	 0.01806501350844342	 1.1995505181989785	
3902	 0.01806556664660206	 1.1996117344957578	
3903	 0.0180812348547482	 1.2013462681190257	
3904	 0.018102627786367807	 1.203716170144839	
3905	 0.018122941831638897	 1.2059682824167723	
3906	 0.018142053189677643	 1.2080885960373908	
3907	 0.018161151353312272	 1.2102089338491606	
3908	 0.01818013050967731	 1.21231753224426	
3909	 0.018199296677975745	 1.214448397597639	
3910	 0.018217573928041506	 1.216481828452734	
3911	 0.018236161467686824	 1.2185511758525032	
3912	 0.018254327034352813	 1.2205749041684422	
3913	 0.018271909251464	 1.222534923681792	
3914	 0.018289320371086295	 1.2244771091578226	
3915	 0.01830651458072894	 1.2263963087013907	
3916	 0.01832507675644983	 1.2284695485296442	
3917	 0.018339359490757365	 1.2300657639675687	
3918	 0.01835346784706914	 1.2316433050547873	
3919	 0.018367931571917764	 1.2332614215132023	
3920	 0.018386847403524694	 1.2353788956898344	
3921	 0.018404855710735052	 1.2373961297502716	
3922	 0.018407874764403833	 1.2377344435125532	
3923	 0.018420473506192653	 1.2391466519817083	
3924	 0.01843260236136143	 1.2405067987688467	
3925	 0.018444601711791322	 1.24185300998153	
3926	 0.018456276673767515	 1.2431633884652955	
3927	 0.018467255660313917	 1.2443961560986452	
3928	 0.01847799447319625	 1.2456024287789345	
3929	 0.018488408705092323	 1.246772688302396	
3930	 0.018498014540022912	 1.247852496994495	
3931	 0.018506402478666382	 1.2487957056250438	
3932	 0.018514351641918655	 1.2496898378218548	
3933	 0.01852405387753766	 1.250781504737018	
3934	 0.018534619541976695	 1.251970755765399	
3935	 0.018545656003867386	 1.253213481559007	
3936	 0.01855649208308506	 1.2544341236748895	
3937	 0.018567017027263842	 1.2556201726561305	
3938	 0.018577005073965126	 1.2567461336005323	
3939	 0.018586730055033942	 1.2578428267862598	
3940	 0.01859603320643191	 1.2588923080093377	
3941	 0.018605180915082918	 1.2599245952117133	
3942	 0.018613632153574592	 1.2608785889267333	
3943	 0.01862212577639878	 1.26183765805924	
3944	 0.01863337136043335	 1.2631079174080029	
3945	 0.01863042615074967	 1.2627751880633757	
3946	 0.018614260143179257	 1.2609494892526212	
3947	 0.01861781942665653	 1.2613513641862566	
3948	 0.018619167926648937	 1.261503635274171	
3949	 0.018592214694324906	 1.2584615022895738	
3950	 0.018559121142231738	 1.25473034859721	
3951	 0.018523075442275536	 1.250671396802911	
3952	 0.01848092425780095	 1.2459316076927842	
3953	 0.018434337991042715	 1.2407014835231451	
3954	 0.01838407531555336	 1.235068492026748	
3955	 0.018336293563707026	 1.2297230510046704	
3956	 0.018299271294033127	 1.225587674122428	
3957	 0.018274151461703348	 1.222784969842013	
3958	 0.018252386897335285	 1.2203586998448845	
3959	 0.01822757577358174	 1.2175951572567434	
3960	 0.018199585324745082	 1.214480500345523	
3961	 0.018174629165178934	 1.2117061776633313	
3962	 0.01815524218412642	 1.2095527205256442	
3963	 0.01814188014732506	 1.2080693911339229	
3964	 0.018142101710853377	 1.2080939811253515	
3965	 0.018145955092968888	 1.2085216766407025	
3966	 0.018150375777083935	 1.2090124128573256	
3967	 0.018155750711788817	 1.209609186931155	
3968	 0.01814969745312524	 1.2089371075413713	
3969	 0.018127425939374102	 1.2064656389115416	
3970	 0.018092583611868617	 1.2026032470954937	
3971	 0.01809376001013066	 1.2027335740720566	
3972	 0.018093299912523838	 1.2026826016052827	
3973	 0.018086590342626083	 1.201939372020785	
3974	 0.01807576047120471	 1.2007401179174497	
3975	 0.018063298226495363	 1.1993606943510142	
3976	 0.01805336143037748	 1.1982612626892595	
3977	 0.018039749640463728	 1.1967558753541139	
3978	 0.01802821736172404	 1.1954810626508523	
3979	 0.018029001654950617	 1.1955677435538605	
3980	 0.0180384804055358	 1.1966155437009964	
3981	 0.01805246722036488	 1.1981623448661265	
3982	 0.01807334480217909	 1.2004726822817149	
3983	 0.018094133162923968	 1.2027749148876914	
3984	 0.01811388737311489	 1.2049642538117649	
3985	 0.018132416109770053	 1.2070192219705607	
3986	 0.01815205143235869	 1.2091984466888823	
3987	 0.018169796906503517	 1.2111692791579072	
3988	 0.018186126193384767	 1.212983962324447	
3989	 0.018201239889102726	 1.2146645244140701	
3990	 0.018215160723124086	 1.2162132699793782	
3991	 0.018228161841148314	 1.2176604064417993	
3992	 0.01824121631155154	 1.2191141739967348	
3993	 0.0182550173990726	 1.2206518404908784	
3994	 0.01823295449055868	 1.2181940432512304	
3995	 0.01824753017991721	 1.2198175458140395	
3996	 0.01826234827624183	 1.22146893516534	
3997	 0.018277064916025362	 1.223109902163716	
3998	 0.01829138311346349	 1.2247072868176445	
3999	 0.018304874060434913	 1.22621314367522	
4000	 0.018317974331322106	 1.2276761015832933	
4001	 0.018330336870944302	 1.2290573140297127	
4002	 0.018342391868134918	 1.230404764281593	
4003	 0.018352789054690025	 1.2315673866334944	
4004	 0.018362777470238657	 1.2326847134806915	
4005	 0.01837438070969237	 1.2339831870166729	
4006	 0.018386910260424903	 1.2353859344328688	
4007	 0.018400235345610246	 1.2368784453973134	
4008	 0.018413108183632267	 1.2383209857004263	
4009	 0.01842607505002517	 1.2397747427710313	
4010	 0.018437910397570152	 1.2411022371228304	
4011	 0.018449315261909138	 1.2423819845387805	
4012	 0.018460303450320147	 1.243615475428048	
4013	 0.018467750168988228	 1.2444516931527545	
4014	 0.018473661092919032	 1.245115611243183	
4015	 0.018477728910556792	 1.2455725929396506	
4016	 0.01846782538231305	 1.2444601402633153	
4017	 0.018429665022488582	 1.240177346709352	
4018	 0.0183670340088766	 1.233160982709729	
4019	 0.018355765317724804	 1.2319002757850752	
4020	 0.018338400058427594	 1.2299585133770308	
4021	 0.018321996920501963	 1.2281254596832119	
4022	 0.018326187670820948	 1.2285936727985922	
4023	 0.018330376054966544	 1.229061692876629	
4024	 0.018334404411380067	 1.2295118983370854	
4025	 0.018338539807256804	 1.2299741350323457	
4026	 0.01834391563122646	 1.2305751253134771	
4027	 0.018349098377006583	 1.2311546415944936	
4028	 0.018353235705397108	 1.2316173413392735	
4029	 0.01835732198850764	 1.2320744006755813	
4030	 0.01833513066886069	 1.2295930712314909	
4031	 0.018309329812405146	 1.2267106564254253	
4032	 0.018288479379632697	 1.2243832694215697	
4033	 0.01827419994023335	 1.2227903762827617	
4034	 0.01826547863857238	 1.2218179098929747	
4035	 0.01826010914339535	 1.221219339714384	
4036	 0.018256438598163734	 1.2208102293023138	
4037	 0.01825816617444898	 1.221002774096301	
4038	 0.01826574800352523	 1.221847940727648	
4039	 0.01827861327688525	 1.22328260211918	
4040	 0.018290995448231824	 1.22466402664089	
4041	 0.018290612696301077	 1.2246213153468324	
4042	 0.018240215630918096	 1.2190027119817284	
4043	 0.018254159995504025	 1.220556289147779	
4044	 0.01826576820941623	 1.221850193444537	
4045	 0.018273357162198238	 1.2226963890373879	
4046	 0.018277392475508265	 1.223146436443366	
4047	 0.018278196620943328	 1.2232361284904678	
4048	 0.018232925974233326	 1.2181908678288025	
4049	 0.018185585002686726	 1.212923802075678	
4050	 0.01814291032354034	 1.2081837258389838	
4051	 0.01810613008763241	 1.2041043318879086	
4052	 0.01807258195454235	 1.200388233343781	
4053	 0.018079698558124656	 1.201176149581053	
4054	 0.018088739708509046	 1.2021774406455303	
4055	 0.01809788773877706	 1.203190908104783	
4056	 0.018107019863480737	 1.2042029541499226	
4057	 0.018096653793323914	 1.2030541851320073	
4058	 0.018083837183401587	 1.2016344534321663	
4059	 0.018071285432142918	 1.2002447108687553	
4060	 0.018087801246705375	 1.202073492174762	
4061	 0.018105062748722582	 1.203986032896995	
4062	 0.018121533341315815	 1.2058120761132762	
4063	 0.01813534207948546	 1.2073438607860265	
4064	 0.018144072912962363	 1.2083127616989755	
4065	 0.01814753301461482	 1.208696831174892	
4066	 0.018149567422210723	 1.2089226721471833	
4067	 0.01814665925126782	 1.2085998392919446	
4068	 0.018125734773659745	 1.206278052996099	
4069	 0.01808813448017502	 1.2021104022792588	
4070	 0.01807850567643413	 1.2010440650113399	
4071	 0.01829307345510808	 1.2248959218601132	
4072	 0.018459916821641675	 1.2435720657000366	
4073	 0.018882042476115277	 1.291327328174985	
4074	 0.019288886381440853	 1.338032461564502	
4075	 0.01958512145479964	 1.3724562421582271	
4076	 0.019803203907896905	 1.3980214141690308	
4077	 0.0200460823475201	 1.4267150473550336	
4078	 0.020354109065989744	 1.463439884623626	
4079	 0.020885718983166438	 1.527696588256718	
4080	 0.021579662193661503	 1.6132281622212055	
4081	 0.022049652986251687	 1.6722106688110463	
4082	 0.022100350033249876	 1.6786235512414305	
4083	 0.022037615514130856	 1.670689441086026	
4084	 0.022002866236049263	 1.6663011311356792	
4085	 0.02193207167754043	 1.6573751357480881	
4086	 0.021857390051241342	 1.6479798440437783	
4087	 0.02178463065161452	 1.638846935537841	
4088	 0.021702274651308508	 1.628533951756692	
4089	 0.02161353169262265	 1.6174503329005514	
4090	 0.021516132052205646	 1.6053204074865428	
4091	 0.02144040634714231	 1.595914956936731	
4092	 0.02135953306092705	 1.5858945825826198	
4093	 0.02127138781607349	 1.5750019687672168	
4094	 0.021177418170293064	 1.56342269538513	
4095	 0.02107976936213403	 1.5514263011074496	
4096	 0.02096781560077575	 1.5377180277141387	
4097	 0.020859170415064552	 1.5244614454977852	
4098	 0.02075294268015559	 1.5115442626515208	
4099	 0.020657323060130482	 1.4999546456674038	
4100	 0.020574241625307056	 1.4899137155527038	
4101	 0.02050333637978879	 1.481365705700994	
4102	 0.020440283748270213	 1.4737809054353714	
4103	 0.02038860701359311	 1.467576165694169	
4104	 0.020343664412816053	 1.4621884986969838	
4105	 0.020311757217298634	 1.45836831352948	
4106	 0.020281806768733493	 1.4547860440334002	
4107	 0.02025257707700426	 1.4512933804605537	
4108	 0.02022497420296402	 1.4479981894462064	
4109	 0.020199330522973066	 1.4449395694347018	
4110	 0.020174956745415296	 1.442034814081621	
4111	 0.020149904621073578	 1.439051653591488	
4112	 0.020121669457786966	 1.4356924253728691	
4113	 0.02007534530487555	 1.430187896634331	
4114	 0.02002990222977984	 1.4247962845715259	
4115	 0.01998468838178372	 1.4194399563838485	
4116	 0.019928976640579778	 1.4128510816604685	
4117	 0.019860595263162518	 1.4047805752724913	
4118	 0.019786402280173285	 1.3960451016574256	
4119	 0.019707427999231024	 1.386770642412059	
4120	 0.0196558027184763	 1.3807213250849306	
4121	 0.01960467220404601	 1.3747404144740536	
4122	 0.019555849472158413	 1.3690391501683665	
4123	 0.019512666299129913	 1.3640043456121222	
4124	 0.019480364887526372	 1.3602431178506098	
4125	 0.01945427074973857	 1.357207709219448	
4126	 0.019431004906603502	 1.3545035907031757	
4127	 0.019414438975759007	 1.3525794977715104	
4128	 0.019402434654228425	 1.3511859084890967	
4129	 0.019391866876729547	 1.3499595641564968	
4130	 0.019383489583878026	 1.3489877325030377	
4131	 0.019378135095167618	 1.3483667164895035	
4132	 0.01936997435785711	 1.3474204505233562	
4133	 0.019362149362492358	 1.3465133645749914	
4134	 0.019354871314372066	 1.3456699009594912	
4135	 0.019349483110344096	 1.345045590331859	
4136	 0.01934421646414223	 1.3444354761425554	
4137	 0.019333798648281938	 1.3432289512896933	
4138	 0.01931023571207601	 1.3405016412033568	
4139	 0.01929256414563061	 1.3384576874799319	
4140	 0.019263581725748716	 1.335108183315184	
4141	 0.019232562592607746	 1.331527015992026	
4142	 0.01920091420358223	 1.3278771673285825	
4143	 0.019170625477791137	 1.324387875542097	
4144	 0.01914790460683504	 1.3217728194573561	
4145	 0.019129292015324168	 1.3196321461109595	
4146	 0.019116662944682665	 1.3181804405480966	
4147	 0.01911367800065642	 1.317837416066704	
4148	 0.019112147928071803	 1.3176615966791394	
4149	 0.019110222037149013	 1.3174403074692338	
4150	 0.01910780207919568	 1.3171622699204903	
4151	 0.019105383103643004	 1.3168843687031564	
4152	 0.019102751004786964	 1.3165820097079544	
4153	 0.019100142299682703	 1.3162823654436415	
4154	 0.019098150093643382	 1.3160535526191033	
4155	 0.0190952347447533	 1.3157187418290694	
4156	 0.019092554313444476	 1.315410940019026	
4157	 0.019089279059471838	 1.3150348720788019	
4158	 0.019085130896328684	 1.314558637570986	
4159	 0.01908090800049843	 1.3140738941709242	
4160	 0.01907357387741984	 1.3132321850287012	
4161	 0.01904134317880213	 1.3095357491998787	
4162	 0.01898493218677273	 1.303076187684836	
4163	 0.0189646951248408	 1.3007619785132192	
4164	 0.01893339049884046	 1.2971853801964823	
4165	 0.018891024768010304	 1.292351309748996	
4166	 0.018843073901242152	 1.2868886699157318	
4167	 0.01879125676867231	 1.2809959886003013	
4168	 0.01873512822377809	 1.27462522175177	
4169	 0.018680552013218037	 1.2684428385878497	
4170	 0.018628897980588355	 1.2626025598239348	
4171	 0.0185831613404961	 1.2574403358093298	
4172	 0.018550061343892376	 1.2537096686119578	
4173	 0.01852249265061178	 1.2506058143512517	
4174	 0.018503287451231802	 1.2484453931115997	
4175	 0.018489941306749677	 1.2469449456626116	
4176	 0.018479382443978377	 1.2457583713035312	
4177	 0.01847101871379326	 1.2448188003208285	
4178	 0.018464316517534777	 1.2440660886532287	
4179	 0.018459848242251116	 1.2435643658360922	
4180	 0.01845848865674986	 1.2434117200729626	
4181	 0.018459338193750487	 1.24350709989958	
4182	 0.018462131277225118	 1.2438207075950072	
4183	 0.01846634355388743	 1.2442937222678847	
4184	 0.018463476247298372	 1.2439717322543042	
4185	 0.0184481765388508	 1.2422541839595287	
4186	 0.018467035468589375	 1.2443714272261264	
4187	 0.018482821495585822	 1.2461447923238846	
4188	 0.01851167847873096	 1.2493891283906242	
4189	 0.01854337369581788	 1.2529564490510328	
4190	 0.018556651023512803	 1.2544520312320349	
4191	 0.01856095199871252	 1.2549366538700117	
4192	 0.01856380231233399	 1.2552578610055232	
4193	 0.018565384691554127	 1.2554361964526901	
4194	 0.018563610355349563	 1.2552362279838054	
4195	 0.018558310214620313	 1.2546389756763052	
4196	 0.018555750129212352	 1.254350530302532	
4197	 0.01855619320712355	 1.2544004500877404	
4198	 0.01855681355335601	 1.2544703433084738	
4199	 0.018556643940905615	 1.25445123324413	
4200	 0.018556222522059143	 1.2544037529102678	
4201	 0.01855558739822827	 1.2543321962642913	
4202	 0.01855506757426895	 1.254273631169603	
4203	 0.01855470116571253	 1.254232351021237	
4204	 0.018553874276416336	 1.2541391944055278	
4205	 0.01855335723311339	 1.2540809461713744	
4206	 0.01855332486549937	 1.254077299788683	
4207	 0.01855414303330109	 1.254169472014521	
4208	 0.018553815418319113	 1.254132563609943	
4209	 0.018549916181951585	 1.2536933173224578	
4210	 0.018516413828714568	 1.2499218370849865	
4211	 0.018521392259448825	 1.2504819893743702	
4212	 0.018530757396807603	 1.2515359876515408	
4213	 0.018540366514533196	 1.2526178138451147	
4214	 0.018549737555274563	 1.2536731966248529	
4215	 0.018559198258256304	 1.2547390379409982	
4216	 0.018567477840809764	 1.255672111673406	
4217	 0.018575601701004633	 1.2565879058055545	
4218	 0.018583491529655195	 1.257477573429861	
4219	 0.018590724399961598	 1.2582933828192426	
4220	 0.018598322037171048	 1.259150562874207	
4221	 0.01860593627442735	 1.26000985002147	
4222	 0.018613629052263096	 1.2608782387911432	
4223	 0.018620905040390538	 1.2616997990212546	
4224	 0.018627863151141757	 1.2624856666940485	
4225	 0.018637294220902424	 1.2635511494043714	
4226	 0.018645201746215798	 1.2644447855373702	
4227	 0.018651990524679724	 1.2652121927438509	
4228	 0.01865886815891088	 1.2659898341584361	
4229	 0.018665530153004997	 1.266743275761643	
4230	 0.01867152454361869	 1.267421367657369	
4231	 0.01867686090123876	 1.2680251442771346	
4232	 0.01868279375274684	 1.2686965455975263	
4233	 0.018665834736243947	 1.2667777270438847	
4234	 0.018663551116109955	 1.266519436858465	
4235	 0.018669237369435827	 1.2671626229345472	
4236	 0.018673261129080628	 1.267617839183764	
4237	 0.01867556196544	 1.267878166948848	
4238	 0.018677187102721485	 1.268062055734265	
4239	 0.01867809869741547	 1.2681652098692924	
4240	 0.018664416195450506	 1.2666172796823758	
4241	 0.01864833505277043	 1.2647989530702057	
4242	 0.01863134958767053	 1.2628795077828208	
4243	 0.018616043953396767	 1.2611508909749942	
4244	 0.018602110546015016	 1.2595780769740157	
4245	 0.018591696604079628	 1.2584030557316175	
4246	 0.01858553561541336	 1.2577081083499702	
4247	 0.01858269377151904	 1.2573876057104953	
4248	 0.018582415618712864	 1.2573562374429528	
4249	 0.018584260865165028	 1.2575643382069497	
4250	 0.018587314036581717	 1.2579086949882627	
4251	 0.01859073729433858	 1.258294837389869	
4252	 0.018594737545767823	 1.2587461245604534	
4253	 0.018599358958017776	 1.2592675683877237	
4254	 0.018604422568606598	 1.2598390055758644	
4255	 0.018611235556992744	 1.260608026685192	
4256	 0.01861830903133066	 1.2614066489399776	
4257	 0.018621818445392343	 1.2618029502687427	
4258	 0.01861825904636963	 1.261401004737304	
4259	 0.018623082111412052	 1.2619456622156144	
4260	 0.01862909288472359	 1.2626245764526645	
4261	 0.01863512965469001	 1.2633065740019689	
4262	 0.018641406122264018	 1.264015807320745	
4263	 0.018641883395043655	 1.264069745087247	
4264	 0.018646512953252023	 1.2645929905810918	
4265	 0.018645773881825523	 1.2645094528708911	
4266	 0.01864067256031404	 1.2639329074819226	
4267	 0.01862997351625406	 1.2627240556687302	
4268	 0.018623141382730045	 1.261952356172209	
4269	 0.018617537441780206	 1.2613195237037094	
4270	 0.01861700991388833	 1.2612599584553643	
4271	 0.018622701148397876	 1.2619026375306086	
4272	 0.018626168876278253	 1.262294292723542	
4273	 0.01862778042674391	 1.2624763224292128	
4274	 0.0186281440394711	 1.262517395084764	
4275	 0.01862630438683061	 1.262309598663338	
4276	 0.018622875659192906	 1.2619223461216305	
4277	 0.018617751142968507	 1.2613436538653209	
4278	 0.018611616974868177	 1.2606510850587602	
4279	 0.018670585034720993	 1.2673150798109443	
4280	 0.018749150447166248	 1.2762155976862448	
4281	 0.01877255914563779	 1.278872338273451	
4282	 0.01873534599577825	 1.2746499150050152	
4283	 0.018649655033938655	 1.2649481665867197	
4284	 0.01864025123473677	 1.2638852944600936	
4285	 0.01862454568917066	 1.2621109592357371	
4286	 0.018596308254350876	 1.2589233412779914	
4287	 0.018544107022254782	 1.2530390336457178	
4288	 0.01850642457135839	 1.248798190284962	
4289	 0.01844815373760306	 1.2422516249953517	
4290	 0.01839271585297692	 1.236036116374857	
4291	 0.01836438731765874	 1.2328648325920828	
4292	 0.018354214690337843	 1.2317268366790985	
4293	 0.01835256931984868	 1.2315428111513087	
4294	 0.018349288674128626	 1.2311759220220282	
4295	 0.0183412295922475	 1.2302748248864084	
4296	 0.018327551855996195	 1.2287461022883817	
4297	 0.01830963258125988	 1.2267444654025594	
4298	 0.01828998820424649	 1.2245516295476897	
4299	 0.018271882244591163	 1.222531912061742	
4300	 0.018262979214113052	 1.2215392693006528	
4301	 0.01825617280878991	 1.2207806071674525	
4302	 0.018250573201188405	 1.2201565996509698	
4303	 0.01824529729996394	 1.2195687820069325	
4304	 0.01823232474993736	 1.2181239195418045	
4305	 0.01819161353208078	 1.2135940174097837	
4306	 0.018121413778683412	 1.2057988165888	
4307	 0.01801637823685324	 1.1941728956736186	
4308	 0.01798383026472648	 1.1905794528112608	
4309	 0.017949092675437	 1.1867490465744674	
4310	 0.01791027516248687	 1.1824746030383249	
4311	 0.017868800145809202	 1.1779143448342957	
4312	 0.017829561753803333	 1.1736064986803285	
4313	 0.017788510201696934	 1.1691063522805367	
4314	 0.01774794825355426	 1.16466667204694	
4315	 0.01771450741194693	 1.1610115108676802	
4316	 0.01769948612024364	 1.1593711451277373	
4317	 0.01769240037554873	 1.158597684664773	
4318	 0.017689781861125246	 1.1583119070604988	
4319	 0.017691738784246794	 1.158525477711515	
4320	 0.017698068203519796	 1.1592163527016999	
4321	 0.017706513656153583	 1.1601384555993601	
4322	 0.01771581203112079	 1.161154022597983	
4323	 0.017725751621686738	 1.1622400160856359	
4324	 0.017737396528410648	 1.163512847877039	
4325	 0.017751184469293396	 1.1650206417609772	
4326	 0.017771199977869006	 1.1672108471441638	
4327	 0.01779192652502832	 1.1694805920703295	
4328	 0.017813703611545117	 1.1718672803405596	
4329	 0.017802509777453217	 1.1706402343574438	
4330	 0.017760743631982157	 1.166066451859358	
4331	 0.017686345224111565	 1.1579368845551399	
4332	 0.017706470115749388	 1.1601337009596406	
4333	 0.017726272772689122	 1.1622969679240633	
4334	 0.017745277769524927	 1.164374613146703	
4335	 0.017763926925912207	 1.1664148000757435	
4336	 0.017782325118513697	 1.168428931682741	
4337	 0.01780104447002295	 1.170479648313518	
4338	 0.017819457244919096	 1.1724981823259666	
4339	 0.017838091937314414	 1.1745424606693602	
4340	 0.017857707385962842	 1.1766958693497482	
4341	 0.0178779858441137	 1.1789237224138294	
4342	 0.017898068348872597	 1.1811317083902704	
4343	 0.017917165976262122	 1.1832329440044431	
4344	 0.017935228660357606	 1.1852216833772584	
4345	 0.017952266623259393	 1.1870988229890924	
4346	 0.017968597560494404	 1.1888991819363668	
4347	 0.017981297452207723	 1.190300000572835	
4348	 0.01798269839703874	 1.1904545674632419	
4349	 0.017980485204889717	 1.1902103886276134	
4350	 0.017975829172481226	 1.1896967595709378	
4351	 0.017969691710338253	 1.189019842462164	
4352	 0.017952369166771436	 1.1871101242095992	
4353	 0.017913689598932296	 1.1828503408860718	
4354	 0.01784960594842862	 1.1758062920732375	
4355	 0.017772170740908654	 1.1673171151304753	
4356	 0.01778658634831816	 1.1688956256096745	
4357	 0.0178003317386814	 1.1704015418108895	
4358	 0.017813065344936607	 1.1717973009922895	
4359	 0.0178261439999247	 1.1732315743536599	
4360	 0.017835086751058504	 1.1742126869234684	
4361	 0.0178444490672861	 1.175240181597699	
4362	 0.017853854068731558	 1.176272722802387	
4363	 0.017864331637080805	 1.1774234443335299	
4364	 0.017879274112541966	 1.1790653124400758	
4365	 0.017896880923626585	 1.1810011100703839	
4366	 0.017916729545012323	 1.183184908539426	
4367	 0.01793512607393181	 1.1852103846248836	
4368	 0.017952345897131173	 1.1871075596814533	
4369	 0.017959787213559533	 1.1879277740707817	
4370	 0.017964746645326247	 1.188474550130578	
4371	 0.017966221172056273	 1.188637135727835	
4372	 0.017967913316413783	 1.1888237274386961	
4373	 0.017973324437747813	 1.189420487068114	
4374	 0.017982255175513728	 1.1904056657594768	
4375	 0.017991223053681695	 1.191395269808318	
4376	 0.0179870888494372	 1.1909390201060608	
4377	 0.01795120271556019	 1.1869815732981233	
4378	 0.017888240494534864	 1.1800509711310607	
4379	 0.017809793134851943	 1.17143856317083	
4380	 0.017824274614425848	 1.1730265248278058	
4381	 0.017840823357167215	 1.1748422248249581	
4382	 0.017858015516028735	 1.1767297088429987	
4383	 0.017874753284700777	 1.1785684706798152	
4384	 0.017890846014733557	 1.1803374531841724	
4385	 0.017906611613923908	 1.1820715050296189	
4386	 0.017920665544453984	 1.1836181494518365	
4387	 0.01793565874959829	 1.185269053386503	
4388	 0.01795089109188601	 1.1869472311777522	
4389	 0.017964729614877037	 1.1884726723557832	
4390	 0.017979425992461974	 1.190093534079892	
4391	 0.01799061907741355	 1.1913286107847685	
4392	 0.017973699098965863	 1.1894618106071955	
4393	 0.017959738810511345	 1.187922438143268	
4394	 0.017955628084634852	 1.187469308787171	
4395	 0.01796949091075746	 1.1889976983430124	
4396	 0.01798642825818822	 1.1908661239053229	
4397	 0.01800368904424906	 1.1927714364119677	
4398	 0.018019105862028668	 1.1944742344876718	
4399	 0.01803426807872145	 1.1961498592988935	
4400	 0.018050925623333512	 1.1979918205352562	
4401	 0.01802121129389635	 1.1947068562842669	
4402	 0.018005745357209117	 1.1929985014258524	
4403	 0.017932371290049483	 1.1849069919711208	
4404	 0.017946404644000224	 1.186452851519234	
4405	 0.017961930196672835	 1.1881640250519678	
4406	 0.017976884005989072	 1.1898131154972502	
4407	 0.017986724156813547	 1.1908987760784213	
4408	 0.01800018600550814	 1.1923846588708238	
4409	 0.01801067944292893	 1.1935434103250977	
4410	 0.018019662333586917	 1.1945357153204814	
4411	 0.018028010703789288	 1.195458223019468	
4412	 0.018036914817320088	 1.1964424551191926	
4413	 0.018045462755942664	 1.1973876215810588	
4414	 0.018052922523975064	 1.1982127103019424	
4415	 0.01803848626149497	 1.1966161911439783	
4416	 0.018026180387973913	 1.1952559459371879	
4417	 0.018022410411630847	 1.1948393507033779	
4418	 0.018034525263540147	 1.1961782897149698	
4419	 0.01804724696707953	 1.1975849438265709	
4420	 0.018061495748842492	 1.1991612338285063	
4421	 0.018062938286016583	 1.199320862607691	
4422	 0.018060993606383344	 1.1991056695682205	
4423	 0.018057562181913088	 1.1987259950017928	
4424	 0.018031845406670157	 1.1958820590334545	
4425	 0.0179739975165123	 1.1894947252043886	
4426	 0.01788558080587148	 1.179758561839672	
4427	 0.017759454029326254	 1.1659253423401268	
4428	 0.017675492605274897	 1.1567529130650367	
4429	 0.017585958053718972	 1.1470035969282593	
4430	 0.017494557543781444	 1.1370851737894068	
4431	 0.01740431255906607	 1.1273259781747758	
4432	 0.0173395389518848	 1.1203420438795504	
4433	 0.01727372274479052	 1.1132634887189012	
4434	 0.0172050382785136	 1.1058956002639535	
4435	 0.017136123932801565	 1.0985227336687495	
4436	 0.01707813079127148	 1.0923335772862388	
4437	 0.0170326007954309	 1.087484321618412	
4438	 0.016979388889660264	 1.0818278326578723	
4439	 0.016923902812562213	 1.0759421700037328	
4440	 0.016874709430132914	 1.0707347487990453	
4441	 0.01683216507871632	 1.0662393211208328	
4442	 0.016794369687454073	 1.0622520382572669	
4443	 0.016761302189594228	 1.0587684344601092	
4444	 0.016735949948452865	 1.0561007203853767	
4445	 0.01671150635482479	 1.0535311693145544	
4446	 0.016691819360084098	 1.0514634605465403	
4447	 0.01667734625259821	 1.049944398568825	
4448	 0.016648960292188875	 1.0469676292443062	
4449	 0.016587518512129352	 1.0405359573228539	
4450	 0.016488558449284072	 1.0302102623467175	
4451	 0.01635554118373511	 1.0163959436824523	
4452	 0.016282101091541327	 1.0088009200757548	
4453	 0.016210271504103927	 1.0013945105730961	
4454	 0.01613552193801821	 0.993710217147992	
4455	 0.01605505054121527	 0.9854642034822579	
4456	 0.01597705271819821	 0.9774979124711433	
4457	 0.015899318558967326	 0.9695843043848611	
4458	 0.015828780723508344	 0.9624255922799277	
4459	 0.01577295250663663	 0.9567747768910815	
4460	 0.015730335001450678	 0.9524700851691809	
4461	 0.015705079244867092	 0.9499227272200876	
4462	 0.015690296112731015	 0.9484329303672873	
4463	 0.015683668706284477	 0.9477653451887522	
4464	 0.01568568667536667	 0.9479685972919629	
4465	 0.015695202651302517	 0.948927291953935	
4466	 0.015711140448610574	 0.9505338263187347	
4467	 0.0157317476387355	 0.9526126478282214	
4468	 0.015755548968225893	 0.9550159493871813	
4469	 0.01578187205806693	 0.9576767017077145	
4470	 0.015809706538976117	 0.9604934463475027	
4471	 0.015833835591206845	 0.9629378924134624	
4472	 0.015835212021089236	 0.9630774095557239	
4473	 0.01580791184717674	 0.9603117305052774	
4474	 0.01575507787557936	 0.9549683580583589	
4475	 0.015685755205247034	 0.9479755000042372	
4476	 0.01566420921034238	 0.9458062577396759	
4477	 0.015642246123725147	 0.9435970692310369	
4478	 0.01562225737902307	 0.9415882693089404	
4479	 0.015606526136658798	 0.9400085380682199	
4480	 0.015590507354701586	 0.938401022592659	
4481	 0.015583361892301925	 0.9376843167341332	
4482	 0.015585374409271146	 0.937886154528397	
4483	 0.015596090491623877	 0.9389611761379322	
4484	 0.015610028004236635	 0.9403601037739469	
4485	 0.015656403036247917	 0.945020825836377	
4486	 0.015702519264382066	 0.9496646736021005	
4487	 0.01574805467767501	 0.9542589640052621	
4488	 0.015765403197310107	 0.956011673479547	
4489	 0.015774550721905107	 0.9569363597973054	
4490	 0.015792619698182946	 0.9587639302296366	
4491	 0.01584108246691129	 0.9636725381386384	
4492	 0.015889825133158047	 0.9686196042859859	
4493	 0.015939304373369528	 0.9736517858408896	
4494	 0.015987703734602978	 0.9785842266858419	
4495	 0.016033824893346902	 0.983293765286135	
4496	 0.01605223249857643	 0.9851759330661468	
4497	 0.016061763829851656	 0.9861510722529424	
4498	 0.01602793961054929	 0.9826923020411353	
4499	 0.015971326819860486	 0.9769141184181692	
4500	 0.016014816503820268	 0.9813516788995372	
4501	 0.01606311467648379	 0.9862893069879556	
4502	 0.016113868058311432	 0.9914886120694676	
4503	 0.016159678563687326	 0.9961909408421136	
4504	 0.016206443875870315	 1.001000453405068	
4505	 0.016249692386926695	 1.0054565283647352	
4506	 0.016294295917118857	 1.010060505909432	
4507	 0.016342160611381922	 1.015010454993311	
4508	 0.0163331635731435	 1.0140792835562331	
4509	 0.016363527510217395	 1.0172232464790658	
4510	 0.016394178862888756	 1.0204009162721699	
4511	 0.016391774598788825	 1.020151519481183	
4512	 0.016383005895461277	 1.0192421395181128	
4513	 0.016358594234245474	 1.0167121771023713	
4514	 0.016328431597701566	 1.0135896728714393	
4515	 0.01631175447604241	 1.0118648692550114	
4516	 0.016303390783483716	 1.0110003106959493	
4517	 0.01629142556192515	 1.0097639745148033	
4518	 0.01628310642014513	 1.0089047352291647	
4519	 0.01628564188833061	 1.0091665790651936	
4520	 0.016281494780748345	 1.008738311520692	
4521	 0.016256605840236433	 1.0061695841719362	
4522	 0.016219535766046938	 1.0023485299901662	
4523	 0.01617951497869075	 0.9982298573749954	
4524	 0.01618822796358219	 0.9991259619916978	
4525	 0.016199671840282114	 1.0003034193011378	
4526	 0.0162119129867207	 1.0015635214339365	
4527	 0.0162315840469831	 1.0035897869199633	
4528	 0.01625979095567189	 1.0064981660420533	
4529	 0.016292311650425082	 1.0098555110579135	
4530	 0.016320204317882996	 1.0127386332652397	
4531	 0.01634216963856214	 1.0150113894560386	
4532	 0.01636633759062893	 1.0175144064730843	
4533	 0.01640103623213731	 1.0211123721985704	
4534	 0.016447687944234343	 1.0259577766740777	
4535	 0.016493759765068675	 1.0307519523451334	
4536	 0.01653893029947305	 1.0354610168308283	
4537	 0.016583292385378434	 1.0400941529047973	
4538	 0.016626763734598652	 1.044642284015806	
4539	 0.016669373721781556	 1.0491079965003218	
4540	 0.016706449742322483	 1.052999922416457	
4541	 0.016741886073602327	 1.0567251135075935	
4542	 0.016776033267553548	 1.060319762725601	
4543	 0.01681011809771507	 1.0639127147850382	
4544	 0.01683895032994569	 1.066955774185471	
4545	 0.016851688377493852	 1.068301301454394	
4546	 0.016849387166346718	 1.0680581730010739	
4547	 0.016843488757703633	 1.0674350931281544	
4548	 0.016879281123869	 1.0712182646198056	
4549	 0.016913789214287912	 1.074870758437373	
4550	 0.01696018026468405	 1.0797888323104539	
4551	 0.01698335092753004	 1.0822485953691034	
4552	 0.017002289491810554	 1.0842607475800157	
4553	 0.017023569308593584	 1.0865234325177757	
4554	 0.01711350660940778	 1.0961072991288447	
4555	 0.017568686179968186	 1.1451266813747498	
4556	 0.01908090356209254	 1.3140733847268893	
4557	 0.021654954686250318	 1.6226201210499074	
4558	 0.024652497204754438	 2.0139851097724866	
4559	 0.027912771381910215	 2.47719192587275	
4560	 0.03150339567853304	 3.030751565182055	
4561	 0.03515656818278676	 3.6388614165352684	
4562	 0.0387889413622658	 4.286813631764752	
4563	 0.041148546439874076	 4.730193305252982	
4564	 0.040873376263931664	 4.677591018843622	
4565	 0.040384673061650694	 4.5847501900552095	
4566	 0.039821470059980386	 4.47868177802041	
4567	 0.03928601572187919	 4.378762281618967	
4568	 0.03873045646841691	 4.276046481652031	
4569	 0.03820438270284583	 4.1796832394619665	
4570	 0.03765511282264578	 4.080010808107892	
4571	 0.037134677140358466	 3.9864606255334216	
4572	 0.0366508513097881	 3.9002714688583855	
4573	 0.03618243582507673	 3.8175469983151973	
4574	 0.03572916622948828	 3.738174130954986	
4575	 0.03529022923408339	 3.661948148553043	
4576	 0.03486395851463253	 3.5885242479094868	
4577	 0.03445082570126895	 3.517932080954719	
4578	 0.03404973188129426	 3.4499347863065384	
4579	 0.033660843980816174	 3.384514609098504	
4580	 0.03328120334024552	 3.3211342078068093	
4581	 0.03290718451961291	 3.25916190669302	
4582	 0.032546997913187	 3.199923666056773	
4583	 0.03219912948380144	 3.143124682862586	
4584	 0.031863056287616896	 3.0886387054441884	
4585	 0.031538835296833156	 3.0364360820204372	
4586	 0.03122340439838256	 2.9859909116786665	
4587	 0.030916812172752217	 2.9372837601238637	
4588	 0.030619640659015016	 2.890379540171496	
4589	 0.030330507983309916	 2.8450344638896574	
4590	 0.030049901352854656	 2.8013012130885127	
4591	 0.029776346897236895	 2.7589283203977195	
4592	 0.02951161702133314	 2.7181686681444623	
4593	 0.029254593167065652	 2.6788280006470235	
4594	 0.028950194935425604	 2.6325333329625025	
4595	 0.028629109425899565	 2.5840512474955815	
4596	 0.028433597776825952	 2.5547069190243965	
4597	 0.028204805018495493	 2.5205378755797514	
4598	 0.02798042737437072	 2.487207189057425	
4599	 0.027761825839925838	 2.4549054342649765	
4600	 0.027547692162322793	 2.423427845207982	
4601	 0.027339431391652486	 2.3929696360489765	
4602	 0.027136362490224605	 2.3634193026408536	
4603	 0.026928331173018905	 2.3332993381222016	
4604	 0.02672924563364448	 2.304619479287407	
4605	 0.02654630359754229	 2.2783904579396936	
4606	 0.026368109364728116	 2.2529577310599147	
4607	 0.026196938830274442	 2.2286351108670504	
4608	 0.0260283989942272	 2.204789595363732	
4609	 0.025862343941097998	 2.18139608830178	
4610	 0.02570039745398755	 2.1586776303313635	
4611	 0.02554311866464328	 2.136705132456094	
4612	 0.02539102808744064	 2.1155430534087647	
4613	 0.025239812828700078	 2.0945863784295438	
4614	 0.025092563045963263	 2.074259549918283	
4615	 0.024949119265643506	 2.054534429264913	
4616	 0.024811517561568974	 2.035683571356161	
4617	 0.02467786985269303	 2.0174409911837397	
4618	 0.024535667668941358	 1.9981029418114167	
4619	 0.0243295197330168	 1.9702013769745272	
4620	 0.024192744568459046	 1.9517759327018818	
4621	 0.02405704682301607	 1.9335641297649724	
4622	 0.023936127580239455	 1.9173933196143726	
4623	 0.023818676263247646	 1.9017383348943282	
4624	 0.02370427853129374	 1.8865397522682656	
4625	 0.02359302041515706	 1.8718051194801584	
4626	 0.023483194287347988	 1.857305495106968	
4627	 0.023376331406243896	 1.8432404153793398	
4628	 0.023272570089715557	 1.829624511229448	
4629	 0.023170069400457214	 1.8162137082894725	
4630	 0.023070184095470993	 1.8031830864930727	
4631	 0.022964596204820564	 1.7894493654020847	
4632	 0.022860707448535873	 1.7759776724392193	
4633	 0.022761206431372374	 1.7631131622612444	
4634	 0.022672254608906726	 1.7516442521888986	
4635	 0.02258533617508508	 1.7404664539962365	
4636	 0.022500434063038012	 1.729575609006906	
4637	 0.022418014366479486	 1.7190293702564166	
4638	 0.022337196908326876	 1.7087132193505876	
4639	 0.022272637575254717	 1.7004902332985379	
4640	 0.02233294730462714	 1.7081714553479135	
4641	 0.022562131467464767	 1.737487147587635	
4642	 0.02276004999074337	 1.7629638657546918	
4643	 0.022768133373450784	 1.7640075364733203	
4644	 0.022733782378926704	 1.7595740787500054	
4645	 0.02265005113141629	 1.7487861408933612	
4646	 0.022562031990219576	 1.737474379868029	
4647	 0.02247553649528062	 1.7263870526940186	
4648	 0.022390724163745664	 1.715543065257996	
4649	 0.022312229822109158	 1.7055312553771775	
4650	 0.02222737954936731	 1.6947351380015878	
4651	 0.022143237660541836	 1.6840562510319732	
4652	 0.022065896560791894	 1.674264317773163	
4653	 0.02199101635859899	 1.6648057260169855	
4654	 0.02191917883647218	 1.655751631508932	
4655	 0.02185049052952097	 1.647112930818481	
4656	 0.021783621042333477	 1.638720350152797	
4657	 0.02171823992349925	 1.6305311589109632	
4658	 0.02165433372292744	 1.622542573134913	
4659	 0.02159187869365446	 1.6147505617532791	
4660	 0.021530704972084078	 1.6071329611920602	
4661	 0.021470688317596708	 1.5996734521070215	
4662	 0.021411961593063036	 1.5923877126619193	
4663	 0.021354738753070188	 1.5853013503592208	
4664	 0.021301378448834427	 1.5787047126965363	
4665	 0.021247963775243957	 1.5721123777562556	
4666	 0.021174569713741362	 1.563072232302533	
4667	 0.021029886522354827	 1.545312343554239	
4668	 0.020978564128773025	 1.539032027994212	
4669	 0.020944151242759432	 1.5348266584460328	
4670	 0.020898969103873514	 1.52931224124007	
4671	 0.020869020745889384	 1.5256614623157656	
4672	 0.02081672197075929	 1.5192944845662468	
4673	 0.020764764194286287	 1.5129795719136345	
4674	 0.020714810859350563	 1.5069182017447424	
4675	 0.02066864317811146	 1.5013248429665502	
4676	 0.02062498803810802	 1.496043542275934	
4677	 0.020581327111603605	 1.4907689900936074	
4678	 0.020517746417918755	 1.4831013205298313	
4679	 0.020465954369571146	 1.4768670259329972	
4680	 0.020430147283211825	 1.4725630114583481	
4681	 0.02039580307724939	 1.4684395575148521	
4682	 0.020362188840347985	 1.4644082254252542	
4683	 0.020328039420792973	 1.4603172499453148	
4684	 0.020295331615515805	 1.4564032677695604	
4685	 0.02026064924540389	 1.4522575903400339	
4686	 0.020222845082388235	 1.4477441425993411	
4687	 0.02018418700059815	 1.4431345586193949	
4688	 0.020133850279523434	 1.437141231772004	
4689	 0.020044315689356423	 1.4265054932139842	
4690	 0.019937055968262004	 1.4138058412839445	
4691	 0.01981942213284539	 1.3999301637950008	
4692	 0.01975260736130716	 1.392073319700745	
4693	 0.019689269429077727	 1.3846416619939532	
4694	 0.019625210738601833	 1.3771416288468894	
4695	 0.019561216352926528	 1.3696654028588995	
4696	 0.019522171903900373	 1.365111984390208	
4697	 0.019502431901667835	 1.3628121864931864	
4698	 0.019485337684164324	 1.3608218876356295	
4699	 0.0194685163460946	 1.3588644964183676	
4700	 0.019451951246772212	 1.356938023603537	
4701	 0.019427866244707402	 1.3541389586867203	
4702	 0.019404653172483948	 1.351443414390505	
4703	 0.019380636935436294	 1.348656866814884	
4704	 0.01935581108066346	 1.3457787999595763	
4705	 0.019330037237809537	 1.3427934352385147	
4706	 0.019303658494685835	 1.3397407520235391	
4707	 0.019276774565774195	 1.3366324662540494	
4708	 0.019262162442297934	 1.334944242669792	
4709	 0.01924123776621096	 1.3325281795716657	
4710	 0.01922223255557033	 1.3303352645401112	
4711	 0.01920538698685863	 1.3283927476365662	
4712	 0.01918957780216377	 1.3265707724261657	
4713	 0.019169788628974355	 1.324291521852361	
4714	 0.01914565862039303	 1.3215144301958792	
4715	 0.019111503619308353	 1.3175875624944522	
4716	 0.019084171675354027	 1.3144485229570575	
4717	 0.01905937443145849	 1.3116031823531056	
4718	 0.019032379876709374	 1.308508517511774	
4719	 0.019004090522230354	 1.3052685550441157	
4720	 0.018965905131503636	 1.300900302569583	
4721	 0.01893196271448318	 1.2970223477276588	
4722	 0.018912882941743103	 1.294844498402315	
4723	 0.01890236234710645	 1.2936442576234708	
4724	 0.0188928204638073	 1.292556058068519	
4725	 0.018884346242537077	 1.2915899266666935	
4726	 0.018876137915234945	 1.2906543849064513	
4727	 0.018868471995086095	 1.2897809087344545	
4728	 0.01886193890215054	 1.289036696732324	
4729	 0.01885751215782826	 1.2885325253872342	
4730	 0.01885474768151523	 1.28821771330724	
4731	 0.01885279605847338	 1.2879954855806808	
4732	 0.018851246069266293	 1.2878190020868678	
4733	 0.01885031440575558	 1.287712926498862	
4734	 0.018849986251857322	 1.287675565003143	
4735	 0.018848937490505296	 1.2875561626772427	
4736	 0.01884869721477876	 1.287528807715542	
4737	 0.01884383315615437	 1.2869750933298452	
4738	 0.01882704611911891	 1.2850648235984294	
4739	 0.018756039409483737	 1.2769972222480999	
4740	 0.01873902544061701	 1.2750671576391166	
4741	 0.01872219747874539	 1.2731593424854342	
4742	 0.018705891305378964	 1.271311773639571	
4743	 0.01869000381533502	 1.2695126760514575	
4744	 0.018677475118633245	 1.2680946466453473	
4745	 0.018665715862365206	 1.2667642812247921	
4746	 0.018654962928847437	 1.265548253548133	
4747	 0.018646060885155413	 1.2645418927763992	
4748	 0.0186421447888587	 1.2640992862330735	
4749	 0.018640281105792904	 1.2638886700949195	
4750	 0.018639686125811225	 1.2638214339435832	
4751	 0.01863990681942715	 1.2638463734213767	
4752	 0.018641107936858768	 1.2639821091245897	
4753	 0.018642985415198224	 1.2641942906026649	
4754	 0.018644581846259348	 1.2643747209892695	
4755	 0.01864574451786421	 1.264506133889389	
4756	 0.018646202959860147	 1.2645579515634227	
4757	 0.018646506200931515	 1.2645922273520476	
4758	 0.018647796648374845	 1.2647380926984575	
4759	 0.018648078063065694	 1.264769903218886	
4760	 0.018650502799130227	 1.2650440035045192	
4761	 0.018652770087880823	 1.26530032691258	
4762	 0.01861835886620209	 1.2614122762048878	
4763	 0.018554987934338442	 1.2542646587670045	
4764	 0.01853278003552839	 1.2517636719275635	
4765	 0.018506489964192466	 1.2488055447173576	
4766	 0.018480126437251852	 1.2458419643104708	
4767	 0.018456814055508076	 1.2432237166128293	
4768	 0.018439737889088453	 1.2413072656661108	
4769	 0.018425394655144492	 1.239698444553864	
4770	 0.018414567493426397	 1.2384845595399598	
4771	 0.018407974705650247	 1.2377456435151304	
4772	 0.01840820793993893	 1.2377717812759461	
4773	 0.01841304239775462	 1.238313611973783	
4774	 0.018418345020038158	 1.2389080221312538	
4775	 0.01842342229751575	 1.2394772786501014	
4776	 0.018428149471798952	 1.2400073761655668	
4777	 0.018432951899862802	 1.2405460053532547	
4778	 0.01843828290806587	 1.2411440284387594	
4779	 0.0184440364652193	 1.2417895816681774	
4780	 0.018449717361646134	 1.2424271140455234	
4781	 0.018455599285344695	 1.2430873444000468	
4782	 0.018461586327952993	 1.2437595181517838	
4783	 0.018467503015394408	 1.2444239358160092	
4784	 0.018472706620348747	 1.2450083947919441	
4785	 0.01847551984768733	 1.2453244168311355	
4786	 0.01844571586019804	 1.2419780363020487	
4787	 0.01840691972765297	 1.2376274185342524	
4788	 0.018414268367010062	 1.2384510297958076	
4789	 0.018422246280359888	 1.2393454161125614	
4790	 0.018430426303161704	 1.240262728623404	
4791	 0.01843830968042564	 1.2411470320057314	
4792	 0.01844608862294664	 1.2420198677195835	
4793	 0.018453057219465198	 1.242801987023653	
4794	 0.018459311325847952	 1.2435040833223694	
4795	 0.01845901540418598	 1.2434708590936732	
4796	 0.01846540040753432	 1.244187806054822	
4797	 0.018478385910720502	 1.2456464071243256	
4798	 0.0184880687000259	 1.246734474590689	
4799	 0.01849855563591193	 1.2479133336533315	
4800	 0.018504859975113544	 1.248622232480966	
4801	 0.018510461992542884	 1.2492522930295187	
4802	 0.018518615430203462	 1.2501695397328214	
4803	 0.018527532895470347	 1.25117304643437	
4804	 0.018534925026961194	 1.2520051472966323	
4805	 0.01854087139846149	 1.2526746656826675	
4806	 0.0185452689252211	 1.2531698874505948	
4807	 0.01854846686305902	 1.2535300682390282	
4808	 0.018551998590749495	 1.2539278915795855	
4809	 0.01858944978408871	 1.2581496010754034	
4810	 0.018575247263672105	 1.2565479448898114	
4811	 0.018528896315276582	 1.2513265041708694	
4812	 0.018531774971526086	 1.2516505318715394	
4813	 0.01853534367705756	 1.2520522795816877	
4814	 0.01853893877476445	 1.2524570505398815	
4815	 0.01856738917641581	 1.2556621181037777	
4816	 0.018588320841819606	 1.2580222573823858	
4817	 0.018646784850504826	 1.2646237238547575	
4818	 0.018709899669592155	 1.2717658413370276	
4819	 0.018711449634385497	 1.271941438814498	
4820	 0.018711445822327595	 1.2719410069297272	
4821	 0.018721639481669425	 1.2730961009657227	
4822	 0.01876233142651026	 1.2777112843993232	
4823	 0.019442801535522528	 1.3558744075700864	
4824	 0.020208642173413394	 1.4460499065284058	
4825	 0.020337569738570423	 1.4614584866033933	
4826	 0.020904145781221198	 1.5299436447668757	
4827	 0.021316972783765056	 1.5806314156468684	
4828	 0.02191761766988234	 1.6555550880482102	
4829	 0.02247923221125228	 1.7268602031277223	
4830	 0.022713822670607856	 1.7570000602365747	
4831	 0.023155152552823376	 1.8142653348435989	
4832	 0.023757258364138393	 1.893572449261501	
4833	 0.023888193739980045	 1.910998059263753	
4834	 0.023880750161403813	 1.9100057150368024	
4835	 0.02378557247713267	 1.8973352376124735	
4836	 0.02367857245334642	 1.883131225165229	
4837	 0.02355409743040086	 1.866661213342551	
4838	 0.0234178703299335	 1.8487026044991444	
4839	 0.023280406813735013	 1.8306514621022079	
4840	 0.023154696905137887	 1.814205833300951	
4841	 0.02302504402626946	 1.797306619132925	
4842	 0.022905670196070208	 1.7818031830405445	
4843	 0.022793116197290193	 1.7672347082492867	
4844	 0.022702653955639317	 1.755560392373966	
4845	 0.022616123716866856	 1.7444224889966389	
4846	 0.02253078680390907	 1.733465975642962	
4847	 0.022447884922448893	 1.7228485581743829	
4848	 0.02237048619416344	 1.7129595067927708	
4849	 0.022296120391972363	 1.7034794267056819	
4850	 0.02222420408844862	 1.6943316334778495	
4851	 0.02215546618636028	 1.6856065600043637	
4852	 0.022084764679420842	 1.6766510491772688	
4853	 0.02201797003111651	 1.6682079455180236	
4854	 0.021943062085890558	 1.6587595825564454	
4855	 0.021854435457932486	 1.6476085820579305	
4856	 0.02175832374955253	 1.6355498381547238	
4857	 0.021650673819395415	 1.6220855426233298	
4858	 0.021523237241749454	 1.606204036045762	
4859	 0.021372791163809027	 1.5875355597460452	
4860	 0.021280975360808675	 1.5761853009315085	
4861	 0.021192923782392993	 1.5653309970817781	
4862	 0.02111218334351644	 1.5554043391317378	
4863	 0.021035733676570495	 1.5460285082195517	
4864	 0.020957904232490845	 1.5365067675279367	
4865	 0.020879238236202607	 1.5269066073963085	
4866	 0.020801618587653926	 1.51745774511732	
4867	 0.0207431461194066	 1.5103552260540534	
4868	 0.02069978496464884	 1.5050968544377807	
4869	 0.02065699793936129	 1.499915300149085	
4870	 0.02061496964718576	 1.494832590287862	
4871	 0.020573418393902466	 1.489814357706461	
4872	 0.020532054100309532	 1.4848254113270836	
4873	 0.020491731999779834	 1.4799686089099682	
4874	 0.020450719662056104	 1.47503519883654	
4875	 0.020408346397687835	 1.4699450047772242	
4876	 0.020366101633345967	 1.4648772559821774	
4877	 0.02032351574210125	 1.4597756732051204	
4878	 0.02028088960280933	 1.4546764006068964	
4879	 0.020238459404307876	 1.449607658878419	
4880	 0.02019969005143583	 1.4449824338903472	
4881	 0.02016244867349367	 1.4405450671975568	
4882	 0.02006455154340184	 1.4289065288697353	
4883	 0.019936855765725254	 1.413782179601822	
4884	 0.01988273574439693	 1.4073916143476053	
4885	 0.019827948484967804	 1.40093406197746	
4886	 0.019796113958960512	 1.3971873136576274	
4887	 0.019765293923408943	 1.3935637900478788	
4888	 0.019736274164083356	 1.3901553669547846	
4889	 0.01970830578851028	 1.3868735909446128	
4890	 0.019679867299546388	 1.383539834425515	
4891	 0.01965431443166742	 1.3805470883722653	
4892	 0.019634336407741128	 1.378209072729457	
4893	 0.019615236459578567	 1.3759753001672153	
4894	 0.019595695743493933	 1.3736914791792012	
4895	 0.019576823137371677	 1.3714871843484586	
4896	 0.01955797964724118	 1.369287703163241	
4897	 0.0195393859507743	 1.367118763148695	
4898	 0.019520312651985783	 1.3648953071246384	
4899	 0.01950046599527953	 1.3625832346054283	
4900	 0.01947142040090154	 1.3592023421581378	
4901	 0.019437922181805414	 1.3553073393099409	
4902	 0.01940515153845103	 1.3515012629869279	
4903	 0.019375512470577744	 1.348062585041409	
4904	 0.019339852140908782	 1.3439299753798097	
4905	 0.019283887970442868	 1.3374546280975228	
4906	 0.019212832563318655	 1.3292511810771759	
4907	 0.0191316939187319	 1.3199083160815535	
4908	 0.0190959287917276	 1.315798445979303	
4909	 0.019062289708910524	 1.311937565672633	
4910	 0.019029580869337946	 1.3081878056982632	
4911	 0.018998713135354683	 1.30465304966616	
4912	 0.01897947244397818	 1.3024516767362349	
4913	 0.01896953294349761	 1.301315057590322	
4914	 0.01896049328660172	 1.3002816836177797	
4915	 0.018953604781102473	 1.2994944403191588	
4916	 0.01894922554562924	 1.2989940646282345	
4917	 0.018944757257122337	 1.2984835931051886	
4918	 0.018939002679676433	 1.297826290076267	
4919	 0.018932297870106907	 1.2970606169504282	
4920	 0.018924077109966256	 1.2961220725922185	
4921	 0.018914467423097003	 1.2950253023428704	
4922	 0.01890363790220529	 1.2937897554555742	
4923	 0.01889255278994433	 1.292525536611981	
4924	 0.018880226415714508	 1.2911203366870787	
4925	 0.018867924916312895	 1.2897185821067492	
4926	 0.018855497732909246	 1.28830312435952	
4927	 0.018843250747963863	 1.286908799571474	
4928	 0.0188341416283282	 1.28587211387186	
4929	 0.018803255778368222	 1.28235956199462	
4930	 0.018781353578228053	 1.2798710222825072	
4931	 0.01868932830414556	 1.269436203828251	
4932	 0.01869359942330642	 1.2699197530693611	
4933	 0.018693847707651274	 1.2699478645263618	
4934	 0.01976174427236304	 1.3931466979255196	
4935	 0.02066898711308755	 1.5013664809995564	
4936	 0.020625426414698927	 1.4960965390835899	
4937	 0.020582903193605586	 1.4909592624163928	
4938	 0.020541199997443475	 1.4859279213095171	
4939	 0.020500242043062993	 1.4809931148192963	
4940	 0.020461442412672108	 1.4763244117172185	
4941	 0.020423417110837623	 1.471754605261722	
4942	 0.02037364406444988	 1.4657815445446314	
4943	 0.020320416550733356	 1.459404683079412	
4944	 0.02026497884055216	 1.4527748603126776	
4945	 0.020210528431238238	 1.446274868683351	
4946	 0.020162463942681046	 1.440546885425629	
4947	 0.020123000365473726	 1.4358506972147893	
4948	 0.02008761354023444	 1.4316448624935472	
4949	 0.02005727467077833	 1.4280429234122047	
4950	 0.020029484295092246	 1.4247467363476067	
4951	 0.020001486935434715	 1.4214290807735643	
4952	 0.019976137259292315	 1.4184278420564171	
4953	 0.01993269439917804	 1.4132903888706172	
4954	 0.019892793858850833	 1.4085784138719968	
4955	 0.01977224417767316	 1.3943806054507852	
4956	 0.01972134873174531	 1.3884036483589695	
4957	 0.019658254207579082	 1.3810083449918371	
4958	 0.01958174687154379	 1.3720621333059313	
4959	 0.019496762446521182	 1.3621519565384448	
4960	 0.01940350138995055	 1.3513097232505247	
4961	 0.019317848560151105	 1.3413825536640378	
4962	 0.019223622240650926	 1.330495564305481	
4963	 0.019131763523665194	 1.3199163195758337	
4964	 0.019066378788769607	 1.3124066419780522	
4965	 0.019020556589227487	 1.3071540128333436	
4966	 0.018987664626318793	 1.3033887818770575	
4967	 0.018963635929205653	 1.3006408995160765	
4968	 0.018945975963557727	 1.298622814053638	
4969	 0.01893209123860799	 1.2970370230012367	
4970	 0.01892038315513681	 1.295700431171267	
4971	 0.0189107196237601	 1.2945976601674225	
4972	 0.018892673627455992	 1.2925393150484135	
4973	 0.01887854908176879	 1.2909291687963944	
4974	 0.018868568777134435	 1.2897919348747553	
4975	 0.018862465586632893	 1.289096687202021	
4976	 0.01885377916429182	 1.2881074281153437	
4977	 0.018814483158725723	 1.283635972501768	
4978	 0.01874375855971805	 1.2756039654217173	
4979	 0.018646600147597534	 1.2646028463586219	
4980	 0.018627020586920694	 1.2623904948175855	
4981	 0.01860355399947327	 1.259740978682869	
4982	 0.01858051441335205	 1.257141840228063	
4983	 0.018575793009282804	 1.2566094750031296	
4984	 0.018572048690834772	 1.2561873458831345	
4985	 0.018570375896255563	 1.2559987757431985	
4986	 0.0185700228344261	 1.2559589773731346	
4987	 0.018587681540316307	 1.2579501470227883	
4988	 0.018721535975772252	 1.2730843700921703	
4989	 0.01917904777995985	 1.3253577646318913	
4990	 0.019703264327358545	 1.3862823619464812	
4991	 0.02006824685428404	 1.4293451613159907	
4992	 0.020592823101840883	 1.4921570651782599	
4993	 0.021880850667382823	 1.650928995614043	
4994	 0.023936882995892143	 1.9174941744246299	
4995	 0.026478436420179805	 2.2686906693232918	
4996	 0.03137022847465871	 3.0094296432316248	
4997	 0.03836102023932708	 4.208283345009335	
4998	 0.044496824513033786	 5.388936793726873	
4999	 0.04815391695280853	 6.147153962306439	
5000	 0.05078461964207849	 6.716995619703126	
5001	 0.05091259544267484	 6.745230374070025	
5002	 0.05033003990905627	 6.617087073946096	
5003	 0.04951380459821894	 6.439199623254509	
5004	 0.04862478946841945	 6.247663277438662	
5005	 0.04773936684208826	 6.059207372043858	
5006	 0.046883956098564564	 5.879338645356769	
5007	 0.04605821691381243	 5.707771687727539	
5008	 0.04526620796723656	 5.5451280850546825	
5009	 0.044502096544662625	 5.390000980799388	
5010	 0.043764427353676284	 5.2419170223496785	
5011	 0.04305343387149201	 5.100754067691412	
5012	 0.04236874105053275	 4.966273778361938	
5013	 0.04170815754165904	 4.83789457763818	
5014	 0.04107889902133735	 4.716857076931476	
5015	 0.04047420432199971	 4.601703062493859	
5016	 0.03988934726516851	 4.491412477297391	
5017	 0.03932530714260579	 4.386063655856447	
5018	 0.03877675273936423	 4.284568795998148	
5019	 0.038245847957980944	 4.187246696563736	
5020	 0.037684551030165346	 4.085328346361904	
5021	 0.037143902286157236	 3.9881113165030033	
5022	 0.036637687357901204	 3.8979369692538803	
5023	 0.036161192932171515	 3.8138122271669572	
5024	 0.03568870141593471	 3.731120724103334	
5025	 0.03521980291442462	 3.6497764161216444	
5026	 0.0347606785088385	 3.5708241775916743	
5027	 0.034301362667205675	 3.492531623025588	
5028	 0.03388347461468524	 3.4219050662757007	
5029	 0.03349451571785418	 3.356687385104978	
5030	 0.03311867436432159	 3.2941469329032174	
5031	 0.032754876686123605	 3.2340595032163084	
5032	 0.03240013867816955	 3.1758952765960244	
5033	 0.032054923541110704	 3.1196985695723836	
5034	 0.03171894222363422	 3.0653910473464925	
5035	 0.031392704625900825	 3.0130241632672976	
5036	 0.03107952197253792	 2.963092952665111	
5037	 0.030775902069612875	 2.91500549105263	
5038	 0.030477883540461163	 2.8681117386107324	
5039	 0.030183490266150803	 2.8220875850289455	
5040	 0.02989238582165008	 2.7768709043636925	
5041	 0.02960559599577253	 2.732610538411946	
5042	 0.0293245452102688	 2.6895122950153927	
5043	 0.02905132461248384	 2.647877911461876	
5044	 0.0287844982365198	 2.6074690601320962	
5045	 0.028525797500140792	 2.5685284653261697	
5046	 0.028275182940427104	 2.531028861123468	
5047	 0.0280330929200218	 2.495014568674215	
5048	 0.027793622327342636	 2.459593356385384	
5049	 0.027531374942639453	 2.4210358846147484	
5050	 0.0272473335885553	 2.379549478726077	
5051	 0.02695009278743963	 2.3364428698020787	
5052	 0.026754720489574634	 2.3082814169505688	
5053	 0.0265602523590649	 2.2803861087408173	
5054	 0.026363920579940463	 2.2523612620949964	
5055	 0.026134829887232595	 2.2198358160481972	
5056	 0.025902838485363608	 2.1870916752024163	
5057	 0.025671468148285827	 2.1546293394688285	
5058	 0.02544941114537902	 2.123656582989668	
5059	 0.02526377324020227	 2.097901447316829	
5060	 0.025108542509676052	 2.076461569601409	
5061	 0.02496000064635511	 2.056028097309599	
5062	 0.024814683122939694	 2.0361164587112146	
5063	 0.024664646536825527	 2.0156396137783736	
5064	 0.024516773243042012	 1.9955391017787305	
5065	 0.024373382978234517	 1.9761250005769515	
5066	 0.024235874018418015	 1.957578570173873	
5067	 0.02410539224611953	 1.9400446689607584	
5068	 0.023979369383763147	 1.9231699058542946	
5069	 0.02385310178094975	 1.9063215634594686	
5070	 0.02372798835367305	 1.8896857689989377	
5071	 0.02360565095245616	 1.873475537440901	
5072	 0.023489730581220395	 1.8581671766340284	
5073	 0.02336755763719863	 1.8420875297211647	
5074	 0.023240762280879044	 1.8254586750012172	
5075	 0.023046254866876052	 1.8000669532851312	
5076	 0.022947074924894683	 1.7871744528668145	
5077	 0.022852028844616463	 1.7748541248026308	
5078	 0.022759798274896194	 1.762931369904343	
5079	 0.022669635298514772	 1.751306988031824	
5080	 0.022580870843376396	 1.7398929810290662	
5081	 0.022491812819809397	 1.7284712460536478	
5082	 0.022364701882105986	 1.7122213736541303	
5083	 0.022249093380387452	 1.6974953354732936	
5084	 0.022149775545664656	 1.6848850405434224	
5085	 0.022055186121935223	 1.6729101010161775	
5086	 0.02196275106210732	 1.6612409321658916	
5087	 0.021874262124691086	 1.6501005600905734	
5088	 0.021792671290278037	 1.6398552149849763	
5089	 0.02172210211763812	 1.6310144547638472	
5090	 0.02165379146333845	 1.6224748552101882	
5091	 0.021587361150809194	 1.614187526287032	
5092	 0.0215216888855251	 1.6060114599668875	
5093	 0.021457396315409088	 1.5980232585479586	
5094	 0.021393263898044416	 1.5900708369394232	
5095	 0.02132971943842374	 1.5822069816347704	
5096	 0.021270491778321948	 1.5748913944581295	
5097	 0.021201092362170406	 1.5663366923473319	
5098	 0.021122920292175572	 1.556722940116142	
5099	 0.02097902569791823	 1.5390884645630722	
5100	 0.02092437836034839	 1.5324124286989358	
5101	 0.02084618059246438	 1.5228795375195638	
5102	 0.020747856925653677	 1.5109269433648198	
5103	 0.02065418814296819	 1.4995752809520242	
5104	 0.020558909077543944	 1.4880636272700356	
5105	 0.020463090196387014	 1.4765225672346085	
5106	 0.020391352543357437	 1.4679055534824583	
5107	 0.020328661927250025	 1.4603917829731479	
5108	 0.020271024585032237	 1.4534972871709766	
5109	 0.0202250730721918	 1.448009986964023	
5110	 0.020184325740908404	 1.4431510914787689	
5111	 0.020147014431353163	 1.4387076541601285	
5112	 0.02011304500887047	 1.434666973112786	
5113	 0.02008094297985768	 1.4308525984490759	
5114	 0.020049604097284984	 1.427132820391756	
5115	 0.020018672237118902	 1.4234651529821354	
5116	 0.019982868932726577	 1.4192245814707256	
5117	 0.019948837870606292	 1.415198608217487	
5118	 0.01991647511999894	 1.4113742460602616	
5119	 0.019885181144277224	 1.4076801206196146	
5120	 0.019856761488716377	 1.4043286531575916	
5121	 0.019814076475062708	 1.3993009094295281	
5122	 0.019769648698964856	 1.3940755543582675	
5123	 0.019650382342732184	 1.380086793175748	
5124	 0.019595916120204365	 1.3737172272438223	
5125	 0.019536826229110217	 1.3668202813447072	
5126	 0.0194735262375077	 1.359447347502008	
5127	 0.01940673640477632	 1.351685235367343	
5128	 0.019346846414996195	 1.3447401287389982	
5129	 0.01928628645998383	 1.3377318892611918	
5130	 0.019224967273987776	 1.330650720862604	
5131	 0.01917679443073786	 1.3250982473225748	
5132	 0.019138950499667445	 1.3207428154975676	
5133	 0.019108095658752135	 1.317195999065423	
5134	 0.01908139809019895	 1.314130147573105	
5135	 0.01905762112048322	 1.3114020934046449	
5136	 0.019035835654466107	 1.3089045258179572	
5137	 0.01901461919156835	 1.306474021727234	
5138	 0.018993034125025784	 1.3040031460093608	
5139	 0.018971235356005367	 1.301509706672189	
5140	 0.018951987766064552	 1.2993096696367215	
5141	 0.018936376892484088	 1.297526409963427	
5142	 0.018932490063624897	 1.2970825624716287	
5143	 0.018932877574435476	 1.2971268106522944	
5144	 0.01892942018546957	 1.2967320477226636	
5145	 0.018920324668818617	 1.2956937557717791	
5146	 0.01891186740464092	 1.2947286215599065	
5147	 0.01890164795289487	 1.2935627721888483	
5148	 0.01889052035479382	 1.2922937980216918	
5149	 0.018875201215861087	 1.2905476421004447	
5150	 0.01886459120945327	 1.2893388114576598	
5151	 0.018856590292718096	 1.2884275421306923	
5152	 0.018846187214434658	 1.287243062564652	
5153	 0.019139174776179626	 1.3207686104289726	
5154	 0.01965852460811841	 1.3810400048999787	
5155	 0.019812165983225497	 1.3990760468135228	
5156	 0.019831508691768092	 1.4013533282040411	
5157	 0.019817495532727596	 1.399703364529923	
5158	 0.019803673162015242	 1.39807662682476	
5159	 0.019796284238659655	 1.3972073439624015	
5160	 0.0197871146614007	 1.3961288736880262	
5161	 0.019761778524118173	 1.3931507223465145	
5162	 0.01972356652393797	 1.3886638829434086	
5163	 0.019684377730714974	 1.3840683642362166	
5164	 0.01964779117458602	 1.379783501388186	
5165	 0.019609397077015082	 1.3752926634109022	
5166	 0.019570875808440334	 1.3707928378295966	
5167	 0.019533599368123274	 1.3664440434850678	
5168	 0.019496807090823538	 1.362157155040024	
5169	 0.01944608709138212	 1.356256301440028	
5170	 0.019375354958336317	 1.3480443200807377	
5171	 0.01928278976447287	 1.3373276850957785	
5172	 0.019242101911613997	 1.3326279232708542	
5173	 0.019204080507985055	 1.3282421407862017	
5174	 0.01916806116304275	 1.3240926325293285	
5175	 0.019133454899133286	 1.32011080764694	
5176	 0.019102668542695316	 1.316572537429145	
5177	 0.019080853770070762	 1.3140676695613347	
5178	 0.019068859383189543	 1.3126912345421349	
5179	 0.019058916470556606	 1.3115506571799491	
5180	 0.01905085152242503	 1.310625797332113	
5181	 0.019041133703805214	 1.3095117388146404	
5182	 0.019025928608879354	 1.3077693749615518	
5183	 0.01900989375100181	 1.3059329333286611	
5184	 0.01899442577716902	 1.3041623941388891	
5185	 0.018981449869059242	 1.302677850045676	
5186	 0.0189713301245727	 1.301520542587136	
5187	 0.018962977062211284	 1.3005655852462772	
5188	 0.01895345059494004	 1.2994768215495496	
5189	 0.018944066433880934	 1.2984046784192655	
5190	 0.01893546700913377	 1.2974225024793833	
5191	 0.018927259154070078	 1.2964853266570247	
5192	 0.01892172910624476	 1.2958540565647343	
5193	 0.018921533694366513	 1.2958317520137081	
5194	 0.018918974746345723	 1.2955396847263638	
5195	 0.0189050406848633	 1.29394977321988	
5196	 0.018900865543780922	 1.2934735311748642	
5197	 0.018896703197602217	 1.2929988184009253	
5198	 0.018892947524952877	 1.292570546290112	
5199	 0.01888945153707894	 1.2921719379186423	
5200	 0.018874304023029514	 1.2904454046254352	
5201	 0.018855761727813673	 1.2883331869485388	
5202	 0.018837776242666568	 1.286285720001674	
5203	 0.018834625505450325	 1.2859271742898493	
5204	 0.01883381119139395	 1.2858345139675098	
5205	 0.01883431349751382	 1.2858916707727996	
5206	 0.018869710124439384	 1.2899219686051113	
5207	 0.018902681483550454	 1.2936806597182662	
5208	 0.018944357353760002	 1.2984379107831583	
5209	 0.019135137052082755	 1.3203042466064883	
5210	 0.01936099632030376	 1.34637972274043	
5211	 0.019512265101223666	 1.3639576040128771	
5212	 0.019589841832799916	 1.3730075988546384	
5213	 0.019659433704017473	 1.3811464487271952	
5214	 0.019672343388824978	 1.3826583664602567	
5215	 0.019725673253974403	 1.388911103619721	
5216	 0.01984811286468145	 1.4033093742303502	
5217	 0.019936321975136014	 1.4137190923480427	
5218	 0.019924418624534947	 1.4123125603699498	
5219	 0.019855383127805444	 1.4041661873451254	
5220	 0.019843861664279292	 1.4028084598211155	
5221	 0.019834154414870447	 1.4016649331527555	
5222	 0.019822960740184983	 1.400346766756041	
5223	 0.019795976669751372	 1.397171164166682	
5224	 0.019770420775318504	 1.3941662950351008	
5225	 0.019745966915120386	 1.3912934267077028	
5226	 0.01972188939539612	 1.3884670877527727	
5227	 0.01969843585604631	 1.3857162055209482	
5228	 0.019678512260051177	 1.383381067425897	
5229	 0.019653848748349845	 1.380492571701735	
5230	 0.019631600955781477	 1.3778890678879296	
5231	 0.019613402508029062	 1.3757608925736484	
5232	 0.019596374357077277	 1.3737707666981074	
5233	 0.019578516946016245	 1.37168496106203	
5234	 0.019560119212255395	 1.3695373699614313	
5235	 0.019541317260173795	 1.3673439848551572	
5236	 0.019521476158879055	 1.3650309006367836	
5237	 0.019500884195550405	 1.362631937437402	
5238	 0.019479715439781792	 1.3601675377290485	
5239	 0.019458651314279343	 1.357717090276237	
5240	 0.019440764178935473	 1.3556376187203865	
5241	 0.01942586871290383	 1.3539069171699916	
5242	 0.01938733600768914	 1.3494339130632493	
5243	 0.01930684788675685	 1.3401096971000828	
5244	 0.019295483210670372	 1.3387952304889017	
5245	 0.01928565689374606	 1.3376591102885576	
5246	 0.01928004817065716	 1.3370108018722913	
5247	 0.019279967575244663	 1.3370014868206217	
5248	 0.019332930141845072	 1.343128385992712	
5249	 0.01939704193163342	 1.3505600509777398	
5250	 0.019513945246956425	 1.3641533538238537	
5251	 0.019709518129091948	 1.3870157812162047	
5252	 0.019961450788578663	 1.4166902193857425	
5253	 0.020294319712318494	 1.4562822453050515	
5254	 0.020808586297678188	 1.5183049857608928	
5255	 0.02137977823231755	 1.5884006338115844	
5256	 0.021943264577994084	 1.6587850945496359	
5257	 0.022483252053941773	 1.7273749093294868	
5258	 0.022958422111764045	 1.7886476068561106	
5259	 0.02330368575295693	 1.8337033723200138	
5260	 0.023382887324449826	 1.8441020606350638	
5261	 0.02350735124740144	 1.8604909105336471	
5262	 0.023774020513579654	 1.8957996849829513	
5263	 0.024251969668360546	 1.959745844607362	
5264	 0.024881153408727753	 2.045214704497989	
5265	 0.025455119054362454	 2.1244504811685494	
5266	 0.02585334758795621	 2.1801315513363035	
5267	 0.02618019203832674	 2.226261135341632	
5268	 0.026557238570098948	 2.279954866443621	
5269	 0.026876315389041075	 2.325792360299612	
5270	 0.027083289198872176	 2.3557203680092345	
5271	 0.026988842341046003	 2.342044551384157	
5272	 0.026824896603228534	 2.3183810555527713	
5273	 0.026652797786113343	 2.2936442862103026	
5274	 0.02646744693069334	 2.2671215747264037	
5275	 0.026294691213411544	 2.242512384394552	
5276	 0.026121500120897905	 2.2179491344365014	
5277	 0.02595219558045601	 2.1940418170800826	
5278	 0.025785857885797743	 2.1706544833565427	
5279	 0.02562047546382292	 2.1475009605925517	
5280	 0.02545502184361935	 2.1244369593862427	
5281	 0.025290360192723238	 2.1015823681744497	
5282	 0.02512855896662172	 2.079221217860204	
5283	 0.024969353573777685	 2.0573123042335917	
5284	 0.024813581691041604	 2.035965834822951	
5285	 0.024663154187230266	 2.0154363553554884	
5286	 0.024517100269712648	 1.9955834657877929	
5287	 0.02437484667357511	 1.9763227916713049	
5288	 0.024235197589616772	 1.9574875102430938	
5289	 0.024076347153007518	 1.9361502330531328	
5290	 0.023894923157631517	 1.9118953722306722	
5291	 0.023693497767931657	 1.8851099643116942	
5292	 0.023580309391524154	 1.8701246587907272	
5293	 0.02347108302627742	 1.855709286618619	
5294	 0.023364926569414298	 1.8417418599307807	
5295	 0.023261523925633878	 1.8281773759146696	
5296	 0.023174305942990164	 1.8167672194772415	
5297	 0.023090764092727284	 1.8058647972504682	
5298	 0.02302408198072576	 1.7971814607228358	
5299	 0.02294461300569462	 1.7868548971237124	
5300	 0.02285225861670956	 1.7748838678447614	
5301	 0.022761162036237993	 1.7631074307552341	
5302	 0.02267125466185564	 1.7515154952725547	
5303	 0.022579748459842675	 1.7397488476096352	
5304	 0.022485941827658514	 1.7277193459276248	
5305	 0.022393087027095127	 1.7158448075026962	
5306	 0.02230255363226719	 1.7042986982706914	
5307	 0.02221458332476925	 1.6931093615886874	
5308	 0.022135012138065596	 1.683013756143299	
5309	 0.022056986141214027	 1.6731376629402444	
5310	 0.021980728602407913	 1.6635078896478557	
5311	 0.021905990695930275	 1.6540916008369402	
5312	 0.021832623808501823	 1.6448688556863162	
5313	 0.021753921297147143	 1.6349983293191446	
5314	 0.021658221008222855	 1.6230280543459816	
5315	 0.021496995538117777	 1.6029414848514298	
5316	 0.02149111078146265	 1.602210215235903	
5317	 0.02156509375720254	 1.6114134193563736	
5318	 0.02148170441818287	 1.6010416101790017	
5319	 0.02142362685249529	 1.5938338660840328	
5320	 0.021367588988630563	 1.586891597059506	
5321	 0.021315745717010615	 1.5804797756786124	
5322	 0.021234542340913286	 1.5704576654669733	
5323	 0.021148532597037133	 1.5598701829311536	
5324	 0.02107536324336344	 1.5508858704426671	
5325	 0.02100718131125963	 1.5425326476078542	
5326	 0.020940886955930722	 1.5344279907307785	
5327	 0.020877059892425064	 1.5266411114527758	
5328	 0.020817996166094883	 1.5194494815478847	
5329	 0.020763751459589322	 1.512856589379082	
5330	 0.020710571513758613	 1.5064042449055517	
5331	 0.020655039655334283	 1.4996783209452065	
5332	 0.02060045360869704	 1.4930786905524782	
5333	 0.020545756587117756	 1.4864773264446602	
5334	 0.020490622072997632	 1.4798350081047158	
5335	 0.02043717190810976	 1.4734069757052317	
5336	 0.02038327415045332	 1.4669364538152803	
5337	 0.020307526824551485	 1.4578621171798563	
5338	 0.02020673916986993	 1.4458229614015432	
5339	 0.020081969691582352	 1.4309745298226577	
5340	 0.020018019005735868	 1.4233877384242417	
5341	 0.01995126517910453	 1.4154856143206025	
5342	 0.01988217826356306	 1.4073258465270626	
5343	 0.019810557714790802	 1.3988867667384328	
5344	 0.019735618878889798	 1.3900784410754525	
5345	 0.01966137520426197	 1.3813737852550567	
5346	 0.01958974937346694	 1.3729967984299318	
5347	 0.01954559257875692	 1.367842608479455	
5348	 0.019504952939176107	 1.3631058121545019	
5349	 0.019474088692602875	 1.3595127898055297	
5350	 0.019533052914301893	 1.3663803334648617	
5351	 0.019539748390606317	 1.367161028325281	
5352	 0.019517553121563305	 1.3645737367428132	
5353	 0.019492039030926406	 1.3616019942720088	
5354	 0.019730065745600857	 1.3894266105888349	
5355	 0.019697383086132992	 1.3855927765719736	
5356	 0.01969638287082037	 1.3854755133084646	
5357	 0.019664340159250365	 1.3817209902808611	
5358	 0.01963259147855559	 1.3780049400353669	
5359	 0.019601434400521714	 1.3743620272656394	
5360	 0.019590863264184185	 1.3731269172781724	
5361	 0.019664552047673558	 1.3817458043801487	
5362	 0.019681818381445396	 1.3837684512053352	
5363	 0.019615316575879196	 1.3759846668824827	
5364	 0.01957917097121349	 1.371761331037611	
5365	 0.01953454533146985	 1.366554334375966	
5366	 0.019485056262690016	 1.3607891311544564	
5367	 0.01943542631231683	 1.3550173112725208	
5368	 0.019378978994649864	 1.3484645847386243	
5369	 0.019322821850699716	 1.3419581575862383	
5370	 0.019268015830551065	 1.3356204161823595	
5371	 0.019220799404869864	 1.3301699591203207	
5372	 0.01919561383980815	 1.3272662949927707	
5373	 0.01917606014994377	 1.3250136848949596	
5374	 0.019158677106589722	 1.3230124213633618	
5375	 0.019146343571685265	 1.3215932281999077	
5376	 0.019134254526773434	 1.3202027593096661	
5377	 0.01912250002369032	 1.3188513305199656	
5378	 0.01911090769243838	 1.3175190891038937	
5379	 0.019096285985965862	 1.31583946681322	
5380	 0.01908247135019463	 1.31425334170464	
5381	 0.01906713566997103	 1.312493474500638	
5382	 0.019051264929357468	 1.3106731990374043	
5383	 0.019035486123888112	 1.308864469844619	
5384	 0.0190220636148012	 1.3073266301577273	
5385	 0.01901191706047229	 1.3061646021857267	
5386	 0.0189778573552758	 1.3022669582792183	
5387	 0.018937656961360284	 1.2976725977838177	
5388	 0.018907510492664058	 1.2942315275647216	
5389	 0.018862675023808496	 1.289120542846913	
5390	 0.018806088193899163	 1.282681523747427	
5391	 0.018743416143703843	 1.2755651271986392	
5392	 0.01867096693185749	 1.2673582838936406	
5393	 0.018595506165184232	 1.2588328435438771	
5394	 0.01853539428446767	 1.2520579770914437	
5395	 0.0184796754178093	 1.245791288757377	
5396	 0.018440481531519195	 1.2413906997118918	
5397	 0.01841470180441373	 1.2384996148748613	
5398	 0.018398423398296098	 1.2366754511630205	
5399	 0.018387763076832445	 1.2354814347705296	
5400	 0.018379899587907124	 1.2346009751609648	
5401	 0.01837347749613144	 1.2338820922638163	
5402	 0.01836806378378306	 1.233276216518246	
5403	 0.018363470045580185	 1.232762201555948	
5404	 0.01835988388866144	 1.2323609891761333	
5405	 0.018356525145474974	 1.2319852667869253	
5406	 0.018352971764491913	 1.2315878213277596	
5407	 0.018349366204332716	 1.2311845920633797	
5408	 0.018346529795330236	 1.2308674182454522	
5409	 0.018325278483375895	 1.2284920874343395	
5410	 0.01830756290835963	 1.226513360809816	
5411	 0.018227490062294727	 1.217585614802524	
5412	 0.018232757574213995	 1.2181721157888197	
5413	 0.018238348345152765	 1.218794733013417	
5414	 0.018246236366918925	 1.219673400416449	
5415	 0.01824853179642175	 1.2199291418975566	
5416	 0.018250766287924495	 1.2201781146725892	
5417	 0.018253220897747852	 1.2204516370194842	
5418	 0.018256998204238147	 1.2208725981479362	
5419	 0.018261368768828688	 1.221359747264252	
5420	 0.018269309137321187	 1.222244990509876	
5421	 0.018278312130372357	 1.2232490122928965	
5422	 0.01828647590720951	 1.2241597290085942	
5423	 0.01829392494591032	 1.224990949065934	
5424	 0.018300312962694323	 1.2257039520218014	
5425	 0.018306442528477018	 1.2263882637966228	
5426	 0.01830647171758484	 1.226391522867688	
5427	 0.018299481165550188	 1.2256111010049935	
5428	 0.0182880348688596	 1.2243336710621406	
5429	 0.018273749700546734	 1.2227401648520624	
5430	 0.01825791602022403	 1.2209748927266937	
5431	 0.018243215113565584	 1.2193368251646086	
5432	 0.018224135466244	 1.2172121626427959	
5433	 0.01818458891546555	 1.2128130773963501	
5434	 0.018177561874947738	 1.2120320691067596	
5435	 0.01808076074541256	 1.2012937676023876	
5436	 0.01805867323427929	 1.1988489236170583	
5437	 0.018023902109177366	 1.1950041814207022	
5438	 0.017973346423349246	 1.1894229119705966	
5439	 0.017906334744581143	 1.1820410434994526	
5440	 0.017842959769445842	 1.1750767102230888	
5441	 0.017775149358711037	 1.167643204144894	
5442	 0.017706626801795404	 1.1601508112115664	
5443	 0.017666461767022967	 1.1557680589251957	
5444	 0.01763557577408264	 1.1524023371337815	
5445	 0.01760176225917036	 1.14872209966677	
5446	 0.017573284778627955	 1.1456262859373803	
5447	 0.01754863057066333	 1.1429488033666575	
5448	 0.017501457686223167	 1.1378327473457228	
5449	 0.017465425161858218	 1.133931087282183	
5450	 0.017444764147898056	 1.1316962980393666	
5451	 0.017430945780668207	 1.1302026248826036	
5452	 0.017413583381439692	 1.128326984338826	
5453	 0.01740158550938941	 1.1270315958328894	
5454	 0.01739299645544399	 1.126104616847203	
5455	 0.01738760331009597	 1.1255227142264468	
5456	 0.017380606289134827	 1.1247679380163202	
5457	 0.017345839721188656	 1.121020634755036	
5458	 0.017284266837671116	 1.1143963020339538	
5459	 0.01720235286945251	 1.1056079299214774	
5460	 0.017176832664885653	 1.10287561129736	
5461	 0.017150241662928747	 1.1000315254796644	
5462	 0.01712140971197475	 1.0969510753366742	
5463	 0.017091805465732236	 1.0937917084218667	
5464	 0.01705775309587691	 1.0901621465900122	
5465	 0.017026352401883906	 1.0868194985976845	
5466	 0.016998496590578945	 1.0838576461710578	
5467	 0.016975431412350087	 1.0814076196084021	
5468	 0.016968735377859437	 1.0806967696746146	
5469	 0.016996086002154395	 1.0836014851654594	
5470	 0.017025636835723397	 1.0867433734297978	
5471	 0.017056621960717992	 1.0900416643798738	
5472	 0.017087626834977727	 1.0933460582925247	
5473	 0.017118204046488356	 1.0966087905605508	
5474	 0.01714706879571906	 1.0996923622593304	
5475	 0.01717479371395574	 1.102657427856196	
5476	 0.01720358575581122	 1.1057399972718946	
5477	 0.01723161142659304	 1.108743821613319	
5478	 0.01725913104597531	 1.1116965777839816	
5479	 0.017285691488291094	 1.1145493958867776	
5480	 0.01731277028733041	 1.1174608999061335	
5481	 0.01733914829232397	 1.1202999753788505	
5482	 0.017310138651956197	 1.1171778140126134	
5483	 0.017245490371884886	 1.1102325898901946	
5484	 0.0172673571693436	 1.1125798209783946	
5485	 0.01728869778162824	 1.1148724816663422	
5486	 0.017308840384943833	 1.1170381695657303	
5487	 0.01732881182619692	 1.1191871139576082	
5488	 0.017349411147163166	 1.1214053491926155	
5489	 0.01736941241473948	 1.1235608639101107	
5490	 0.017388430580413637	 1.1256119661572155	
5491	 0.017406440548720464	 1.127555713935218	
5492	 0.017424179988613432	 1.1294715757626486	
5493	 0.017442751920939678	 1.1314787406660047	
5494	 0.01746191090913292	 1.133550845261196	
5495	 0.017481662759415536	 1.135688657058578	
5496	 0.01750180655586515	 1.1378705497150947	
5497	 0.01752197331363672	 1.1400566071280323	
5498	 0.017542115200545157	 1.142241643453117	
5499	 0.01756205622675798	 1.1444065382389963	
5500	 0.01758145151614803	 1.1465137578909732	
5501	 0.01760096320372357	 1.1486351880318866	
5502	 0.01762044345177241	 1.1507547644850404	
5503	 0.017639768470166187	 1.1528589950953763	
5504	 0.017660248539965225	 1.1550906730033315	
5505	 0.017657175427607558	 1.154755691164494	
5506	 0.01763939937399441	 1.1528187911593515	
5507	 0.01756286325264625	 1.144494187414571	
5508	 0.017538825162071583	 1.1418846184720597	
5509	 0.01752475788302836	 1.1403585836652603	
5510	 0.017517613039363868	 1.1395838153312507	
5511	 0.017494703050732682	 1.1371009362396458	
5512	 0.017479451637778632	 1.1354492595516386	
5513	 0.018382147438858135	 1.2348526370463118	
5514	 0.01843124963811603	 1.2403550729209967	
5515	 0.01860337892241655	 1.2597212198193282	
5516	 0.018631327194065968	 1.2628769779595566	
5517	 0.018629130695826446	 1.262628847662605	
5518	 0.018739096570639144	 1.275075224197877	
5519	 0.018856075303061028	 1.2883688958954977	
5520	 0.018836728561399525	 1.2861664921575469	
5521	 0.018819045180602626	 1.2841547615496804	
5522	 0.018805612737352918	 1.2826274761626404	
5523	 0.018802021118058405	 1.2822192278047377	
5524	 0.018803317064681753	 1.2823665280910317	
5525	 0.01880657315011811	 1.282736652147192	
5526	 0.018809945090375743	 1.2831199906233264	
5527	 0.0188127117256616	 1.2834345493197545	
5528	 0.01881029153749757	 1.2831593790031393	
5529	 0.018788803613935996	 1.2807172823323225	
5530	 0.01875156351341088	 1.2764893634144339	
5531	 0.018691283001253122	 1.2696574931956546	
5532	 0.018678309200496717	 1.268189030431491	
5533	 0.018662978806834648	 1.2664547087861233	
5534	 0.018640759358975155	 1.2639427164855084	
5535	 0.01861296564907295	 1.2608033419949891	
5536	 0.0185800290656674	 1.257087110350372	
5537	 0.01854724460119877	 1.2533924011252304	
5538	 0.01851737586772201	 1.250030073881429	
5539	 0.01849095988532038	 1.247059434463308	
5540	 0.01847785114654034	 1.2455863260601592	
5541	 0.018472502974209302	 1.2449855195823452	
5542	 0.01847180669032673	 1.2449073085190394	
5543	 0.018476095006417472	 1.2453890308581168	
5544	 0.0184821500913877	 1.24606934778977	
5545	 0.018488517491919876	 1.2467849151263866	
5546	 0.01849658170914593	 1.2476914062443685	
5547	 0.018504085820208488	 1.248535173050147	
5548	 0.018509689899056853	 1.2491654478940952	
5549	 0.018516452545455347	 1.249926192944058	
5550	 0.018523915711034844	 1.2507659559737927	
5551	 0.018532266578802862	 1.2517058715922273	
5552	 0.018537267018948807	 1.25226882155094	
5553	 0.018516738821017016	 1.249958400802277	
5554	 0.01847980344726062	 1.2458056737812744	
5555	 0.01842703086995106	 1.2398819298134305	
5556	 0.018411101375254233	 1.2380960569321218	
5557	 0.018389801190003875	 1.2357096793198896	
5558	 0.018361176543088078	 1.232505602860645	
5559	 0.018330201171907628	 1.2290421495982804	
5560	 0.01830234772126992	 1.2259310978694733	
5561	 0.018278060635488636	 1.2232209608828477	
5562	 0.018261712105658138	 1.221398019350769	
5563	 0.018254316833875347	 1.220573767411071	
5564	 0.018251069418443587	 1.2202118918180902	
5565	 0.01824894649621876	 1.2199753472768338	
5566	 0.018250767046014534	 1.2201781991443743	
5567	 0.018253719739327524	 1.2205072269864994	
5568	 0.01825779540658007	 1.2209614496164514	
5569	 0.01826177357615463	 1.2214048715767514	
5570	 0.018265340754692955	 1.2218025376733557	
5571	 0.018267813709407183	 1.2220782509986716	
5572	 0.018268372255814864	 1.222140527596612	
5573	 0.018266649439639383	 1.2219484417654571	
5574	 0.018261303337100097	 1.2213524535809706	
5575	 0.018252359169261476	 1.2203556100043467	
5576	 0.01823527796187002	 1.2184527834662704	
5577	 0.01819166385144713	 1.2135996122349446	
5578	 0.018114239915843235	 1.2050033402258469	
5579	 0.01801707628393021	 1.1942500106607017	
5580	 0.01797996080768007	 1.1901525354484683	
5581	 0.017945352333484196	 1.1863369051375645	
5582	 0.017911785827410768	 1.1826408365842231	
5583	 0.017874546418978458	 1.1785457380138422	
5584	 0.017848554618246304	 1.1756908706294682	
5585	 0.017821870922323114	 1.1727628892420978	
5586	 0.01779307207995462	 1.1696060921582674	
5587	 0.017768849472451567	 1.1669535568408116	
5588	 0.017781174134458726	 1.1683028876057344	
5589	 0.01779580184553709	 1.1699051705217178	
5590	 0.017800601465652103	 1.1704311002915542	
5591	 0.01781561698140997	 1.1720770716213378	
5592	 0.01783059003602483	 1.1737193096319747	
5593	 0.017845332103731657	 1.1753371115567846	
5594	 0.017860279715950802	 1.1769783799896292	
5595	 0.01787589294748464	 1.1786937124242967	
5596	 0.01789151848158285	 1.180411396748416	
5597	 0.01790742924643247	 1.182161463869139	
5598	 0.017923081600239022	 1.1838841194834882	
5599	 0.017938579205300523	 1.1855907322730685	
5600	 0.017947174390982635	 1.186537667166845	
5601	 0.01794918196300621	 1.186758885708145	
5602	 0.017934546160756907	 1.1851465144568951	
5603	 0.017916521389430368	 1.1831619983324417	
5604	 0.01791439588333989	 1.1829280691254282	
5605	 0.0179138328672016	 1.1828661077266607	
5606	 0.017915490316959406	 1.183048518122678	
5607	 0.017911677004586974	 1.18262886140989	
5608	 0.017924005889600674	 1.183985875637133	
5609	 0.0179361329715148	 1.1853212850444668	
5610	 0.01794812419300425	 1.1866423257731682	
5611	 0.017960710080043466	 1.1880295122384548	
5612	 0.017974697748271786	 1.1895719601841468	
5613	 0.017989803306685336	 1.1912385790192477	
5614	 0.018004165165137153	 1.1928240097485023	
5615	 0.01801813634735834	 1.1943671222986554	
5616	 0.018032016141362326	 1.1959009311265982	
5617	 0.018045889083868366	 1.19743476951772	
5618	 0.018059436249887515	 1.1989333478077602	
5619	 0.018073806841166416	 1.2005238321855376	
5620	 0.018088005690646808	 1.2020961370469603	
5621	 0.018101738544934357	 1.2036176230555782	
5622	 0.018115835858610332	 1.2051802887528833	
5623	 0.01812749960319838	 1.2064738100471364	
5624	 0.018139755167021453	 1.2078335626338534	
5625	 0.018146874262481665	 1.2086237062694443	
5626	 0.018151263711918844	 1.2091109913253666	
5627	 0.018146323196609353	 1.2085625364571715	
5628	 0.01814805535968579	 1.208754815446458	
5629	 0.018152511911667266	 1.2092495718169978	
5630	 0.018158527716424212	 1.2099175613623248	
5631	 0.018165887783529677	 1.2107350172772673	
5632	 0.018168958527238335	 1.2110761389137055	
5633	 0.01817155460184965	 1.2113645606702652	
5634	 0.018175008001132337	 1.211748273071011	
5635	 0.018177873823484646	 1.212066735819864	
5636	 0.01818018103615745	 1.2123231477333265	
5637	 0.018182925069318377	 1.2126281339047817	
5638	 0.01818568231156175	 1.2129346191102661	
5639	 0.018188804583217328	 1.2132817170860921	
5640	 0.018193310064823515	 1.2137826543318087	
5641	 0.018199907410587364	 1.2145163225245685	
5642	 0.0182178718393496	 1.2165149837702012	
5643	 0.018224601010166448	 1.217263986824975	
5644	 0.01823074616720128	 1.2179481462088662	
5645	 0.018236685559507162	 1.2186095432911916	
5646	 0.01824279861697454	 1.2192904293070186	
5647	 0.01825056595413542	 1.2201557921385828	
5648	 0.01825906973081218	 1.2211034836467958	
5649	 0.018267150353065902	 1.222004289991115	
5650	 0.018269821144746286	 1.2223020811887324	
5651	 0.0182681509568929	 1.2221158531405478	
5652	 0.0182788436057577	 1.2233082932079622	
5653	 0.01828943884262426	 1.224490328712241	
5654	 0.01830005857482713	 1.2256755551696064	
5655	 0.018311764385531774	 1.2269825259402485	
5656	 0.01832208809273727	 1.2281356451749652	
5657	 0.018330034894641488	 1.229023568137303	
5658	 0.018336731942120824	 1.229772051123361	
5659	 0.018345954274169764	 1.230803066126774	
5660	 0.018355752641139735	 1.2318988578577208	
5661	 0.018370099594590707	 1.233504040368439	
5662	 0.018379080509176533	 1.2345092789420324	
5663	 0.018387044139597783	 1.2354009263343688	
5664	 0.01839462764908354	 1.2362502528593848	
5665	 0.018400719950775767	 1.236932738447971	
5666	 0.018406338868613523	 1.2375623271155298	
5667	 0.018412179507958155	 1.2382168950682735	
5668	 0.01841714862390401	 1.2387738992705146	
5669	 0.01842258327196087	 1.2393832011846801	
5670	 0.01842827400217666	 1.2400213420220756	
5671	 0.01843167511682896	 1.240402795199852	
5672	 0.018435601565728876	 1.240843225780422	
5673	 0.018440495406788042	 1.241392256489209	
5674	 0.01844819724229349	 1.242256507490698	
5675	 0.01845935252359042	 1.2435087087747305	
5676	 0.018466883647107066	 1.2443543768629515	
5677	 0.018473574534227377	 1.245105887903433	
5678	 0.01848057598523617	 1.2458924753542413	
5679	 0.01848773035615835	 1.246696448048855	
5680	 0.018494492964980003	 1.2474565871765055	
5681	 0.018500500856295236	 1.2481320490661236	
5682	 0.018506103761725987	 1.248762110546647	
5683	 0.018511569088216814	 1.249376823451153	
5684	 0.018517101770469783	 1.2499992354479899	
5685	 0.018523118274905586	 1.2506762168796053	
5686	 0.018528934858628575	 1.251330842471303	
5687	 0.018534383737572626	 1.2519442091395623	
5688	 0.01853930812430138	 1.2524986384564765	
5689	 0.018546055458431826	 1.2532584701212401	
5690	 0.018552155090699757	 1.2539455213247506	
5691	 0.018558743512218086	 1.2546877980348448	
5692	 0.01856385044029438	 1.2552632849170517	
5693	 0.018569274347496622	 1.25587460696456	
5694	 0.018651856791931352	 1.2651970737230684	
5695	 0.018700064177546993	 1.2706517919941835	
5696	 0.018702267692146095	 1.2709013463736976	
5697	 0.018705460248645535	 1.2712629473739177	
5698	 0.018710716272485623	 1.271858354105948	
5699	 0.018717864856878465	 1.2726683306356328	
5700	 0.018726581366050373	 1.273656241305621	
5701	 0.018729238016208728	 1.2739574013691608	
5702	 0.018731844420915123	 1.274252893243822	
5703	 0.01873457914461831	 1.2745629622980965	
5704	 0.018737885224676575	 1.2749378532973032	
5705	 0.01873996680028672	 1.275173914960545	
5706	 0.01874194360934078	 1.2753981117269306	
5707	 0.018744156897597022	 1.2756491471263238	
5708	 0.01874647839030511	 1.2759124765170988	
5709	 0.018748009113507286	 1.2760861199742117	
5710	 0.018749420401940643	 1.2762462232647405	
5711	 0.018750799869302153	 1.2764027243857285	
5712	 0.018751398198490348	 1.2764706074568848	
5713	 0.01875183752004024	 1.2765204513333412	
5714	 0.018752137194368745	 1.2765544517743173	
5715	 0.01875207931740071	 1.2765478851427894	
5716	 0.01875234755561979	 1.2765783191512161	
5717	 0.01875404244285847	 1.2767706258727183	
5718	 0.018755380478255854	 1.2769224513547217	
5719	 0.018756137715467545	 1.2770083774716554	
5720	 0.01890485523537353	 1.2939286182322947	
5721	 0.018905840512199328	 1.2940410144054526	
5722	 0.018906743172152046	 1.294143989426145	
5723	 0.018887391062253837	 1.2919370280684987	
5724	 0.018772085461365856	 1.2788185561712038	
5725	 0.01874805127128233	 1.2760909024368527	
5726	 0.018714411742669676	 1.2722770467937454	
5727	 0.018676488763694755	 1.2679830354317438	
5728	 0.018641207217607453	 1.263993328889828	
5729	 0.01860766173559657	 1.2602046055413239	
5730	 0.018598786568856166	 1.2592029798074331	
5731	 0.018594775856067225	 1.2587504468383652	
5732	 0.01859585296569108	 1.258871971866801	
5733	 0.018597396319212072	 1.2590461091007787	
5734	 0.018598589060194022	 1.259180693172888	
5735	 0.018599972204573652	 1.259336768800154	
5736	 0.018601371880856095	 1.2594947177835827	
5737	 0.018602738982576094	 1.2596489984810981	
5738	 0.018603304936313476	 1.2597128699257554	
5739	 0.018603061261318648	 1.2596853695086812	
5740	 0.018602906553868804	 1.2596679098221497	
5741	 0.01860300588435291	 1.2596791198666328	
5742	 0.01860298498991946	 1.2596767618004285	
5743	 0.018597912868445025	 1.2591043937222788	
5744	 0.0185921873385331	 1.2584584162134453	
5745	 0.018590026128208148	 1.258214614172102	
5746	 0.018545385236695276	 1.2531829867790818	
5747	 0.01846242089770798	 1.2438532280222014	
5748	 0.018346125657654352	 1.2308222292959403	
5749	 0.018303950540001182	 1.2261100369065085	
5750	 0.018248706965960353	 1.2199486590027366	
5751	 0.01818946849710336	 1.2133555284587851	
5752	 0.018120346981086232	 1.205680511062379	
5753	 0.0180488297758103	 1.1977600031512528	
5754	 0.017981447699091217	 1.190316576996579	
5755	 0.017946389440489208	 1.1864511763235368	
5756	 0.017929337721820763	 1.1845729319024463	
5757	 0.017917233372140916	 1.1832403619487926	
5758	 0.01790738194190913	 1.1821562591824373	
5759	 0.017903175212323066	 1.1816934498315625	
5760	 0.017915437894761837	 1.183042748632927	
5761	 0.01792924752941998	 1.1845630003869287	
5762	 0.017943232043520656	 1.1861032996967107	
5763	 0.017955064651327943	 1.1874072063683514	
5764	 0.017962464482230708	 1.1882229297433826	
5765	 0.017969037125027825	 1.188947655592871	
5766	 0.017975916791156513	 1.189706424384582	
5767	 0.01798409213283318	 1.1906083469433668	
5768	 0.0179973525000056	 1.1920718425472163	
5769	 0.018010615147673253	 1.1935363090672337	
5770	 0.01799063879598908	 1.1913307870404115	
5771	 0.017975200761602105	 1.1896274433734808	
5772	 0.01789269438641542	 1.180540702139363	
5773	 0.017881327813319244	 1.1792910430863806	
5774	 0.0178679962135879	 1.1778260205776405	
5775	 0.01785710492401485	 1.176629706833463	
5776	 0.017833978294772367	 1.174091059959732	
5777	 0.01780833180741158	 1.1712783696110896	
5778	 0.017780593920120824	 1.1682393504898185	
5779	 0.017758184573753985	 1.1657864440051833	
5780	 0.0177728553654781	 1.1673920622909317	
5781	 0.017790255238357956	 1.1692975056461312	
5782	 0.017807129539863537	 1.1711465812718995	
5783	 0.017823652742292206	 1.1729583159721837	
5784	 0.017840040676106603	 1.1747563250794244	
5785	 0.017856633367616483	 1.1765779214343997	
5786	 0.017872989123250565	 1.1783746109729305	
5787	 0.01788902341647381	 1.180137052009475	
5788	 0.017905076290887008	 1.1819025907218315	
5789	 0.0179206813874682	 1.1836198934425612	
5790	 0.017936797747653718	 1.185394506238381	
5791	 0.017951836277453347	 1.1870513954665713	
5792	 0.017967278980108647	 1.1887537781942632	
5793	 0.017982477800853134	 1.190430228451645	
5794	 0.0179607613955364	 1.1880351694366602	
5795	 0.017945346697713263	 1.1863362841854814	
5796	 0.01787188943712142	 1.178253775408463	
5797	 0.01788652886142532	 1.1798627888546267	
5798	 0.017901503953892763	 1.1815096040739115	
5799	 0.017915500543630187	 1.1830496436523916	
5800	 0.01792851509181602	 1.1844823494217256	
5801	 0.017940960597906327	 1.1858530609210216	
5802	 0.017952795837294998	 1.187157147614159	
5803	 0.017964817298034376	 1.1884823403003335	
5804	 0.017978312269820027	 1.1899706708001614	
5805	 0.017992731957921775	 1.191561809498762	
5806	 0.018006646094361995	 1.1930979693059403	
5807	 0.01801976265955646	 1.1945467998027157	
5808	 0.018032268138608934	 1.1959287857624255	
5809	 0.01804434461615727	 1.1972639691609246	
5810	 0.01805597775583365	 1.1985507002823304	
5811	 0.018067193007847326	 1.1997917325936642	
5812	 0.018079220662476317	 1.2011232327883008	
5813	 0.018090491467477435	 1.2023714833785122	
5814	 0.018102140015988553	 1.2036621142893096	
5815	 0.01811406870843235	 1.2049843583959923	
5816	 0.018126264166581103	 1.2063367725723886	
5817	 0.018138506328114038	 1.2076949761500677	
5818	 0.018124175890491506	 1.2061051503370306	
5819	 0.018104872380601135	 1.2039649338486982	
5820	 0.018024373206006517	 1.1950562389220918	
5821	 0.018032449431216433	 1.1959488251877566	
5822	 0.01804307775066694	 1.1971238756911433	
5823	 0.018054557780105097	 1.1983936084213072	
5824	 0.01806512213192365	 1.199562539558488	
5825	 0.018074298386715006	 1.2005782495624384	
5826	 0.018081871811142406	 1.2014168029560783	
5827	 0.018087486058169625	 1.2020385812074228	
5828	 0.018094379814081917	 1.2028022411643766	
5829	 0.01815703057070589	 1.2097513058577272	
5830	 0.018235603048884927	 1.2184889866921305	
5831	 0.018235205375439843	 1.2184446999572316	
5832	 0.018235401746542895	 1.2184665686615397	
5833	 0.018239599392351067	 1.218934073536513	
5834	 0.018245946517249784	 1.2196411088201156	
5835	 0.018254379110498004	 1.2205807076231747	
5836	 0.01826317984495834	 1.2215616350704732	
5837	 0.01827173894872936	 1.222515932745944	
5838	 0.018280083787836073	 1.2234466279375635	
5839	 0.018288907041243935	 1.224430988515868	
5840	 0.0182979834585632	 1.2254439235666177	
5841	 0.018309936537515736	 1.2267784073468972	
5842	 0.01830471905225748	 1.2261958374896837	
5843	 0.018293585319221265	 1.2249530460419533	
5844	 0.01819537596493484	 1.2140123769261548	
5845	 0.018175306805805296	 1.21178147599364	
5846	 0.018154642087567063	 1.2094860877572449	
5847	 0.018132110755191628	 1.2069853446341092	
5848	 0.018110581169855786	 1.2045977197198006	
5849	 0.018088360873125067	 1.2021354786127678	
5850	 0.01806695440896179	 1.1997653249026659	
5851	 0.018037344373984583	 1.196489945124678	
5852	 0.018005203336787793	 1.1929386480245159	
5853	 0.0179814687279439	 1.1903188970731862	
5854	 0.017969688278324025	 1.1890194639792513	
5855	 0.017968091691681398	 1.188843397451617	
5856	 0.017973342728245544	 1.1894225044188993	
5857	 0.017982297610968898	 1.1904103477311863	
5858	 0.01799418494595263	 1.1917221864456644	
5859	 0.01800792186801897	 1.1932388579255013	
5860	 0.018020740437057363	 1.1946548313874772	
5861	 0.018033446168527378	 1.1960590033033978	
5862	 0.018046216832969576	 1.1974710160504323	
5863	 0.018058669654016885	 1.198848527482987	
5864	 0.01807024754378171	 1.2001298236192148	
5865	 0.01808436898384833	 1.201693349118661	
5866	 0.018083065882268445	 1.2015490356426655	
5867	 0.018065896073812784	 1.1996481930947276	
5868	 0.017976593413357035	 1.1897810605295345	
5869	 0.017954080607077778	 1.1872987467303249	
5870	 0.01792725338195381	 1.1843434238055248	
5871	 0.017893976281508444	 1.180681668934738	
5872	 0.017855809972039054	 1.1764874999323707	
5873	 0.017814175835370108	 1.1719190558866452	
5874	 0.01777259928689772	 1.1673640286538547	
5875	 0.017735539734633203	 1.163309856039412	
5876	 0.017716610125695142	 1.1612412069204574	
5877	 0.017711990823422202	 1.1607366278941584	
5878	 0.017714647256678588	 1.1610267866495259	
5879	 0.017718966328101503	 1.1614986151380096	
5880	 0.01772505559137461	 1.1621639550239216	
5881	 0.01773262447452093	 1.1629911771746075	
5882	 0.017741114679066868	 1.1639193729955073	
5883	 0.017750549813670347	 1.1649512212207336	
5884	 0.017761640144793398	 1.1661645531479765	
5885	 0.017777928200611443	 1.1679474552162725	
5886	 0.01779431524213098	 1.1697422916025442	
5887	 0.017810745224431507	 1.1715429377991573	
5888	 0.0178273191069163	 1.1733604770596893	
5889	 0.017838677211115518	 1.1746066899276577	
5890	 0.017830184398595704	 1.1736748073775232	
5891	 0.017757244891851518	 1.165683632341401	
5892	 0.01765397694978061	 1.154407085251725	
5893	 0.017606226958340476	 1.1492077643168948	
5894	 0.017554235911601837	 1.1435573313651692	
5895	 0.017498552823866472	 1.137518005501034	
5896	 0.017445864546897415	 1.131815277737007	
5897	 0.017393701846473437	 1.1261807351127182	
5898	 0.017340565310010225	 1.1204525711212383	
5899	 0.017290614999344846	 1.1150785442541749	
5900	 0.017257903759888497	 1.11156482748526	
5901	 0.017240352840199414	 1.1096814034096305	
5902	 0.017232639285340683	 1.1088540506827416	
5903	 0.017232862106985238	 1.108877946978599	
5904	 0.017239286966850655	 1.1095670635747246	
5905	 0.017250190511811248	 1.1107369461462675	
5906	 0.01726411180732762	 1.1122313312393095	
5907	 0.017280678632265692	 1.1140107484977324	
5908	 0.01731275115842509	 1.1174588420999083	
5909	 0.01733796699526644	 1.1201727702639819	
5910	 0.01735990886556942	 1.1225364703658427	
5911	 0.017379906362740047	 1.1246924473432725	
5912	 0.017398768787570008	 1.1267275657585922	
5913	 0.017397516802841507	 1.1265924401177487	
5914	 0.01736231707518397	 1.1227960174389864	
5915	 0.017293652674161848	 1.1154050647750982	
5916	 0.01720054050735211	 1.105413800320391	
5917	 0.017162253273332553	 1.1013158839217854	
5918	 0.017125254730386525	 1.0973616833492936	
5919	 0.017089925275870988	 1.0935911775618485	
5920	 0.017053910804760892	 1.089752908847921	
5921	 0.01701796642407235	 1.0859274942904709	
5922	 0.016982095145940675	 1.0821152260898466	
5923	 0.016949507445394082	 1.0786565749339678	
5924	 0.01693602150916928	 1.077226559397063	
5925	 0.01693699013908864	 1.0773292452381273	
5926	 0.01694674868242369	 1.0783639807514132	
5927	 0.016958522257881206	 1.0796129066164721	
5928	 0.016973867889929658	 1.0812416195908143	
5929	 0.016992576379463338	 1.0832285786637634	
5930	 0.01701612559934585	 1.0857317276464646	
5931	 0.01705424775812561	 1.0897887948813274	
5932	 0.017084348627181712	 1.092996488942832	
5933	 0.017113700586271926	 1.0961280059955352	
5934	 0.017142783865514415	 1.0992343916136422	
5935	 0.017170062957067564	 1.1021512669724474	
5936	 0.017202021217611697	 1.105572404301667	
5937	 0.01724704988377954	 1.1103999257253194	
5938	 0.017271082066883024	 1.112979857473784	
5939	 0.01723195816774485	 1.1087810061496257	
5940	 0.01714717395726826	 1.0997036028188927	
5941	 0.01711618136113842	 1.0963928404171803	
5942	 0.01708074348985403	 1.09261210932214	
5943	 0.017044264657642545	 1.088725780335984	
5944	 0.017011002485700748	 1.0851869729319248	
5945	 0.016975580950548658	 1.0814234966935723	
5946	 0.016938192039755582	 1.0774566658872669	
5947	 0.01690197824976665	 1.0736200722908138	
5948	 0.016883601986893003	 1.0716753321035577	
5949	 0.016879637164572397	 1.0712559242001385	
5950	 0.016882785684718408	 1.0715889764386577	
5951	 0.016892176950791832	 1.0725826358253752	
5952	 0.01690689473648054	 1.0741406179263748	
5953	 0.01692822326034669	 1.076399998553102	
5954	 0.01696095505064781	 1.0798710462528984	
5955	 0.01699340531639784	 1.0833166507291005	
5956	 0.01702526944813245	 1.0867042899031913	
5957	 0.017055221244088054	 1.0898924752365733	
5958	 0.017084547021431362	 1.093017643300972	
5959	 0.01711354556643089	 1.0961114577456572	
5960	 0.01714266721770991	 1.0992219254365623	
5961	 0.017167872095047564	 1.1019168901723668	
5962	 0.017181555126970137	 1.1033810173922804	
5963	 0.017125120636606393	 1.0973473624925105	
5964	 0.017033273041965044	 1.0875558576874609	
5965	 0.01699852045375125	 1.0838601821104112	
5966	 0.016958589321608333	 1.079620022307304	
5967	 0.01691709311551919	 1.075220719249858	
5968	 0.016879601946917733	 1.0712521990909445	
5969	 0.016841556210483583	 1.0672309796518558	
5970	 0.01680186004039686	 1.0630417697434622	
5971	 0.016763636401478748	 1.0590141894892109	
5972	 0.01683518545401502	 1.0665582180576672	
5973	 0.016828260826218366	 1.065827159282325	
5974	 0.016833297649543652	 1.0663588956208956	
5975	 0.01684158407829687	 1.0672339229081784	
5976	 0.01685276271711673	 1.0684148155804436	
5977	 0.016869071127620868	 1.070138545544488	
5978	 0.016890748346374853	 1.0724314560713049	
5979	 0.01691545527172091	 1.0750472273914733	
5980	 0.01693796911723904	 1.0774330320880636	
5981	 0.016963799270418106	 1.080172873031864	
5982	 0.016992268743630114	 1.0831958940070525	
5983	 0.017021227175848128	 1.0862743009209794	
5984	 0.017051577279284757	 1.0895043978938237	
5985	 0.01705824407314369	 1.0902144444086261	
5986	 0.017034963823572082	 1.0877357879019034	
5987	 0.01698971432228866	 1.0829245156821812	
5988	 0.016979738976645137	 1.0818650087550707	
5989	 0.017014672864154746	 1.0855772432239335	
5990	 0.01713781195148047	 1.098703092209179	
5991	 0.017168499187562036	 1.101983974029449	
5992	 0.01719862913223475	 1.1052090797993503	
5993	 0.017247096527104502	 1.110404930715701	
5994	 0.017282621660127822	 1.1142195206853578	
5995	 0.01734900832061147	 1.1213619540258808	
5996	 0.01737340658879739	 1.123991509991459	
5997	 0.01739618661030662	 1.1264488806779114	
5998	 0.017418343176735046	 1.128841055707661	
5999	 0.017445243225512552	 1.1317480972804181	
6000	 0.017480830571545033	 1.1355985539467994	
6001	 0.01751068497616219	 1.1388327552584359	
6002	 0.017535133189458374	 1.1414840299795899	
6003	 0.017558842396694193	 1.1440575183848714	
6004	 0.01758204676948893	 1.1465784542791129	
6005	 0.01760513888459499	 1.1490893973852854	
6006	 0.01762750654987702	 1.1515236611157407	
6007	 0.01764965308445611	 1.1539358889448683	
6008	 0.01767152440920036	 1.156320121840395	
6009	 0.017693876497874066	 1.1587587971042648	
6010	 0.01766726510807489	 1.1558556533375004	
6011	 0.017610417638469912	 1.1496636962102373	
6012	 0.017538605213408734	 1.1418607519033899	
6013	 0.017555467289200814	 1.1436910297512923	
6014	 0.017551768036888196	 1.1432893975568463	
6015	 0.017540912448028634	 1.1421111192264382	
6016	 0.01752923283009981	 1.1408439425957757	
6017	 0.01751420379710865	 1.139214200166927	
6018	 0.017497043599419775	 1.1373544947769407	
6019	 0.01747611970813991	 1.1350885506148602	
6020	 0.017472672610061687	 1.1347154219911506	
6021	 0.017491559788503516	 1.1367604529563604	
6022	 0.017510387620220582	 1.1388005238170922	
6023	 0.017512991228831664	 1.1390827503699066	
6024	 0.01750730848565919	 1.1384667872005372	
6025	 0.017498135038409763	 1.1374727413105188	
6026	 0.017488249266403307	 1.136401895912708	
6027	 0.01748002458148805	 1.1355112900653335	
6028	 0.01750467939749162	 1.138181860505269	
6029	 0.017528938996974906	 1.1408120705156815	
6030	 0.017552614598080007	 1.143381304726694	
6031	 0.017569500165401892	 1.1452151086694116	
6032	 0.017581720560503656	 1.1465429993739045	
6033	 0.017571533138068127	 1.1454359725517451	
6034	 0.017551795407471288	 1.1432923690061856	
6035	 0.017520944992255497	 1.1399450974605445	
6036	 0.017493504740907512	 1.1369711285573583	
6037	 0.017506905115988687	 1.1384230702726081	
6038	 0.017517146181097898	 1.139533197761717	
6039	 0.017531393493066285	 1.1410783206542299	
6040	 0.01755659234763426	 1.1438131898646968	
6041	 0.017581701758968424	 1.1465409558915995	
6042	 0.01760636793606128	 1.1492231010425649	
6043	 0.01763041502083175	 1.1518403401753894	
6044	 0.017653923237464245	 1.154401231441762	
6045	 0.017676836388980738	 1.1568994874908543	
6046	 0.017699107049464764	 1.1593297615735751	
6047	 0.017722100663045914	 1.1618410674275559	
6048	 0.017745656937567515	 1.1644160792758087	
6049	 0.017768090093608135	 1.1668704387957696	
6050	 0.017789616172372583	 1.169227500156716	
6051	 0.017809788361441994	 1.1714380398860704	
6052	 0.017828669731609403	 1.1735086400790327	
6053	 0.017846852834692725	 1.1755040480508794	
6054	 0.017864106362744	 1.1773986983596327	
6055	 0.017879937925544483	 1.1791382729497843	
6056	 0.017895624666487586	 1.1808629476006756	
6057	 0.017910605210067477	 1.1825109206712299	
6058	 0.017912180253635012	 1.1826842407789266	
6059	 0.01790363569316565	 1.1817441067545438	
6060	 0.017864894726021187	 1.1774852995336962	
6061	 0.01786174442849808	 1.1771392567278796	
6062	 0.017857664688238753	 1.176691180226406	
6063	 0.01785259946786888	 1.176134963731854	
6064	 0.017851095726111287	 1.175969856721043	
6065	 0.017851186964438336	 1.1759798741925034	
6066	 0.01785275805136416	 1.1761523763357415	
6067	 0.017858574406293907	 1.1767910883431647	
6068	 0.01786622780592253	 1.1776317432579153	
6069	 0.017874806496561518	 1.1785743182088755	
6070	 0.017884643001006326	 1.1796554653850766	
6071	 0.017895188988852718	 1.1808150335238514	
6072	 0.017906319529984234	 1.1820393695785405	
6073	 0.017917125697944944	 1.1832285107702136	
6074	 0.01792970163453963	 1.184613004406293	
6075	 0.017943596757317815	 1.1861434811578997	
6076	 0.017959775686858703	 1.1879265033722513	
6077	 0.017974469054371424	 1.189546735216864	
6078	 0.01798853392185719	 1.1910984899748565	
6079	 0.018002787249417007	 1.192671862638031	
6080	 0.01801745195977505	 1.1942915133248888	
6081	 0.018033085742401474	 1.1960191617744156	
6082	 0.0180471793227821	 1.1975774625663107	
6083	 0.018060755835455362	 1.199079359533932	
6084	 0.018073352246081816	 1.200473506350087	
6085	 0.018085653662078503	 1.2018356290660537	
6086	 0.018100800780602444	 1.203513702081152	
6087	 0.01828284037784392	 1.2237541311114664	
6088	 0.018380143149931	 1.2346282425606045	
6089	 0.0184630037816831	 1.2439186789678442	
6090	 0.01850853889605605	 1.2490359874705572	
6091	 0.018530852171606802	 1.2515466558855832	
6092	 0.018630410987013624	 1.2627734750604729	
6093	 0.018638565950299644	 1.2636948515669535	
6094	 0.018680928050298893	 1.268485394855498	
6095	 0.01872906135485678	 1.2739373740079267	
6096	 0.01872986757196396	 1.2740287725055222	
6097	 0.018730470740618694	 1.2740971537035217	
6098	 0.019054987781464118	 1.3111000963524269	
6099	 0.019309986684248038	 1.3404728291282417	
6100	 0.019855340239454147	 1.404161132265186	
6101	 0.020701723715830407	 1.5053318085214107	
6102	 0.020736645605565526	 1.5095664466858147	
6103	 0.02072784368634662	 1.5084986749955995	
6104	 0.02072124326229269	 1.5076981677002508	
6105	 0.02071658594555117	 1.507133425055944	
6106	 0.02069059479874278	 1.503983312864742	
6107	 0.020662410605614696	 1.5005703848505114	
6108	 0.02064167783813621	 1.4980617577377275	
6109	 0.020689284604005508	 1.503824587813794	
6110	 0.020701340389434348	 1.5052853526591379	
6111	 0.02068083268716937	 1.502800831656848	
6112	 0.020773117826110913	 1.513994156763103	
6113	 0.020763063627462178	 1.5127730640201964	
6114	 0.020722423672718177	 1.5078413168030977	
6115	 0.020666725592778174	 1.5010927015014432	
6116	 0.020695616975959865	 1.5045917923787986	
6117	 0.02090541853890269	 1.5300989000183058	
6118	 0.021519538940645542	 1.6057440768976228	
6119	 0.02211911843941942	 1.681000135484218	
6120	 0.022359165519278707	 1.7115150003863102	
6121	 0.022405098917541985	 1.7173790774944946	
6122	 0.022288494746225095	 1.702508506697033	
6123	 0.02217538162860017	 1.6881326226710704	
6124	 0.02206848882294499	 1.6745921465841713	
6125	 0.021964632173047574	 1.661478081244682	
6126	 0.02186392505907114	 1.6488011249646137	
6127	 0.02176568943994133	 1.6364727273442183	
6128	 0.02166891270746875	 1.624363635195199	
6129	 0.021566602184471723	 1.6116012813278628	
6130	 0.02145604565358845	 1.5978556128805241	
6131	 0.021346184814453217	 1.5842431340470384	
6132	 0.021238472339249904	 1.5709421180052114	
6133	 0.02115390711637662	 1.560530927168223	
6134	 0.021067337711710484	 1.5499016957353564	
6135	 0.020982657905500295	 1.5395326074807008	
6136	 0.0208928706094277	 1.5285685366942063	
6137	 0.02081166131587551	 1.5186789536164362	
6138	 0.020747092265271248	 1.5108341360462114	
6139	 0.020701388620798244	 1.5052911978540726	
6140	 0.020650210763750166	 1.499094022893117	
6141	 0.02059705283934758	 1.4926679118280248	
6142	 0.020545476750901924	 1.4864435831994587	
6143	 0.020494907442454257	 1.4803508604951823	
6144	 0.020445826820174557	 1.474447074593165	
6145	 0.020398471112850876	 1.4687597230439984	
6146	 0.020352997899572775	 1.4633067341414485	
6147	 0.020309900506249097	 1.4581461362927595	
6148	 0.020267803340058007	 1.4531123516192601	
6149	 0.020225592384544102	 1.4480719542645286	
6150	 0.020189535703315473	 1.4437719866166348	
6151	 0.020154924046449772	 1.4396491594924166	
6152	 0.02012218571465792	 1.4357538179277567	
6153	 0.020088405806986755	 1.4317389718589268	
6154	 0.020035304196231157	 1.4254367764339	
6155	 0.019978594782388035	 1.4187186859167278	
6156	 0.0198649788811012	 1.4052973837485894	
6157	 0.019815815563238807	 1.3995056106062698	
6158	 0.019786198987898386	 1.3960211959966433	
6159	 0.01975835971574468	 1.392749051289016	
6160	 0.019730231713471498	 1.3894460902352403	
6161	 0.019702670600276435	 1.3862127402245263	
6162	 0.019676140560711777	 1.383103198168568	
6163	 0.019653346454632736	 1.3804337700859157	
6164	 0.019624123315269366	 1.3770144532885518	
6165	 0.019595202447452848	 1.373633844848768	
6166	 0.01956830991767476	 1.370493315297481	
6167	 0.019543433458921917	 1.3675907846691906	
6168	 0.019520319116403662	 1.3648960604642284	
6169	 0.019498662845800954	 1.3623732511174989	
6170	 0.019478134054461835	 1.3599835094786117	
6171	 0.019460131617414337	 1.3578892402536271	
6172	 0.0194413761301409	 1.3557087401341084	
6173	 0.019425082793863263	 1.3538156259394405	
6174	 0.019409970216229176	 1.3520606495095715	
6175	 0.019395429399893974	 1.3503729296110005	
6176	 0.019381618517049407	 1.348770712327848	
6177	 0.019367387808456607	 1.3471205865550013	
6178	 0.019352848697759	 1.3454355345096467	
6179	 0.019328675628985242	 1.342635794874808	
6180	 0.0193017208934959	 1.3395166324677132	
6181	 0.01928888351298276	 1.3380321299322715	
6182	 0.019284092011115608	 1.337478213945026	
6183	 0.01927471829736236	 1.3363948420100196	
6184	 0.0193058968161341	 1.3399996741310938	
6185	 0.019459426853304873	 1.3578072795157121	
6186	 0.01965088565693792	 1.3801457083329307	
6187	 0.02001655691769677	 1.4232144722351627	
6188	 0.021056454183695117	 1.548567442857381	
6189	 0.021862331356836438	 1.6486008228547924	
6190	 0.02183387619682615	 1.645026116822783	
6191	 0.021764197165345747	 1.6362857349623459	
6192	 0.021750482778598045	 1.63456762721031	
6193	 0.021710759910665334	 1.6295953100736804	
6194	 0.0216439503308977	 1.6212460811050027	
6195	 0.021578894180795793	 1.613132472950258	
6196	 0.021515845993777045	 1.6052848362388117	
6197	 0.021454054889820294	 1.5976085298647484	
6198	 0.02139365363843239	 1.5901191168240902	
6199	 0.02133461726470906	 1.5828125504749597	
6200	 0.021277102146074613	 1.5757072108652543	
6201	 0.0212227221553088	 1.5690009464882229	
6202	 0.021172418548258003	 1.5628075820472864	
6203	 0.021116234305152217	 1.5559017838373952	
6204	 0.021044516092532932	 1.5471044357464752	
6205	 0.0209736067236363	 1.5384259327883851	
6206	 0.020895403706467083	 1.5288774274628014	
6207	 0.02081724206517331	 1.5193577496628101	
6208	 0.020763623197958006	 1.5128410140742907	
6209	 0.020712011735240277	 1.506578842215461	
6210	 0.02066272864027666	 1.5006088795396293	
6211	 0.020618871216695974	 1.4953041376861043	
6212	 0.020576740692951775	 1.4902153504789426	
6213	 0.02053596120505064	 1.4852963608283412	
6214	 0.02049564667615641	 1.4804398532044878	
6215	 0.02045628932231993	 1.4757047914687227	
6216	 0.020418695052487362	 1.4711875131290224	
6217	 0.020382445110755962	 1.4668370150910996	
6218	 0.020347225209339598	 1.4626150737216053	
6219	 0.020312843981579776	 1.4584983638939957	
6220	 0.020279242527251547	 1.4544795077741994	
6221	 0.02024629950789202	 1.4505437101747873	
6222	 0.02021411593068606	 1.4467027658972909	
6223	 0.020182692094154974	 1.4429564242966038	
6224	 0.020151930119574387	 1.4392927543714702	
6225	 0.020123221360681523	 1.4358769786903018	
6226	 0.0200962215377204	 1.432667495635268	
6227	 0.02006485505483245	 1.4289425535682039	
6228	 0.02003064734218522	 1.4248846230415788	
6229	 0.020003640790452446	 1.4216842003104846	
6230	 0.01997683627847016	 1.4185105674115297	
6231	 0.019950704667892987	 1.4154193371430595	
6232	 0.01992412502916111	 1.4122778754267091	
6233	 0.019898844265969842	 1.4092925197715955	
6234	 0.01987264432210599	 1.406201286858628	
6235	 0.019847364234258244	 1.4032211587167398	
6236	 0.019822937216362753	 1.4003439971146638	
6237	 0.019798481302604035	 1.3974657988155108	
6238	 0.019774113356079724	 1.3946003097514768	
6239	 0.019749826961261735	 1.3917467519181264	
6240	 0.019726120388337834	 1.3889635762330002	
6241	 0.019701976600973906	 1.3861313621380262	
6242	 0.019678727803092103	 1.3834063216428456	
6243	 0.019656437279085816	 1.3807956170388624	
6244	 0.019635344307838504	 1.378326988676866	
6245	 0.019615018257443106	 1.3759497894172643	
6246	 0.01959581054909577	 1.3737048926508004	
6247	 0.01957613157088834	 1.3714064372158425	
6248	 0.019556637080499924	 1.369131047747116	
6249	 0.019540597017093393	 1.3672599912045804	
6250	 0.01952765149647821	 1.3657506562705228	
6251	 0.01948773410327368	 1.361100835265945	
6252	 0.019455749279530362	 1.3573796271574157	
6253	 0.019420018794811887	 1.3532274581091368	
6254	 0.01937691731817237	 1.348225494130385	
6255	 0.019331296567081845	 1.3429392407691527	
6256	 0.019280195735598894	 1.3370278571914032	
6257	 0.01922738699510255	 1.330929866437826	
6258	 0.019185836051283645	 1.3261396899241764	
6259	 0.01915662230764383	 1.3227759377999937	
6260	 0.019132293584342583	 1.3199772690189666	
6261	 0.019111622134357045	 1.3176011803203105	
6262	 0.01909091488458239	 1.315222693779196	
6263	 0.01907027061155029	 1.312853152354571	
6264	 0.019051374895134168	 1.3106858079528905	
6265	 0.01903523349371525	 1.308835518898972	
6266	 0.01901948527118749	 1.3070313077505085	
6267	 0.01900483027859195	 1.3053532379745951	
6268	 0.018990331795679008	 1.3036939380106445	
6269	 0.01897396808550371	 1.301822183664606	
6270	 0.01895481364123648	 1.299632579425909	
6271	 0.01893342207284116	 1.2971889855865533	
6272	 0.018911017873334594	 1.2946316898288017	
6273	 0.01888748665039851	 1.2919479254683808	
6274	 0.018866009800856197	 1.2895004096939113	
6275	 0.018848405990388915	 1.2874956526512926	
6276	 0.018831664492151727	 1.2855902551118683	
6277	 0.018818204659455787	 1.2840591719352588	
6278	 0.01880564439626891	 1.2826310749657275	
6279	 0.018794102908910124	 1.2813193728865448	
6280	 0.018780043844226577	 1.2797222708784224	
6281	 0.018783638029407607	 1.2801304925240389	
6282	 0.018774333145117842	 1.2790737661758433	
6283	 0.018768593741560445	 1.2784221342936606	
6284	 0.018764455210925828	 1.277952342367866	
6285	 0.018762277212529935	 1.2777051311352696	
6286	 0.018761003639796412	 1.2775605845734954	
6287	 0.019167765392195113	 1.3240585805732639	
6288	 0.01915734559563874	 1.3228591779437517	
6289	 0.019146978731929547	 1.3216662998333872	
6290	 0.019135399366688573	 1.320334412462251	
6291	 0.019123334284071213	 1.3189472281460068	
6292	 0.01912247053157558	 1.3188479404737965	
6293	 0.019149188790523346	 1.321920567307159	
6294	 0.019133342459457896	 1.3200978780653327	
6295	 0.019116892910800126	 1.3182068693286182	
6296	 0.019100181331333843	 1.3162868485436694	
6297	 0.019086387982614916	 1.3147029514810014	
6298	 0.01907456525474976	 1.3133459489883388	
6299	 0.019063233133861886	 1.3120457841388418	
6300	 0.019033762152246603	 1.308666911006878	
6301	 0.01900828069944969	 1.3057482507637197	
6302	 0.018972895083433357	 1.3016994864722846	
6303	 0.0189322634793883	 1.2970566900790057	
6304	 0.01888879718938402	 1.2920973354379923	
6305	 0.018844748663787516	 1.2870793055490233	
6306	 0.018811782937372987	 1.2833289452492378	
6307	 0.018795170849059985	 1.2814407228589253	
6308	 0.018788358137302195	 1.2806666737246228	
6309	 0.018783547666232216	 1.2801202285848825	
6310	 0.018779281194202347	 1.279635657040036	
6311	 0.018898925596014016	 1.2932522727680575	
6312	 0.018890626407688276	 1.2923058897791506	
6313	 0.018881409863308524	 1.2912552225325102	
6314	 0.018871972446464012	 1.2901797305140346	
6315	 0.01886240779016407	 1.2890901040081777	
6316	 0.018852359888734925	 1.2879458218314304	
6317	 0.01890845362300243	 1.2943391258402313	
6318	 0.018959251304936347	 1.300139731373094	
6319	 0.018946550069865575	 1.2986884001074672	
6320	 0.01893411184674515	 1.2972677508843453	
6321	 0.01892576010879399	 1.2963141943869119	
6322	 0.019114303966516064	 1.3179093479956123	
6323	 0.019087348942565373	 1.314813274265923	
6324	 0.01902069888876891	 1.307170311679944	
6325	 0.019013057266567934	 1.3062951629816248	
6326	 0.019005320963348178	 1.305409409873919	
6327	 0.018998151662006815	 1.3045887891121102	
6328	 0.019005055107156815	 1.3053789754536231	
6329	 0.019004523573147268	 1.3053181278836568	
6330	 0.018997308959646856	 1.30449234430915	
6331	 0.018995496329230227	 1.3042849037622828	
6332	 0.01900410048717987	 1.3052696957579628	
6333	 0.019058075405202338	 1.3114541945790767	
6334	 0.019206168206831683	 1.3284828075260375	
6335	 0.019622968064950237	 1.3768793504235128	
6336	 0.020786648258864796	 1.5156380636917934	
6337	 0.022924206435741386	 1.7842070157280256	
6338	 0.024001406076678375	 1.9261164168690128	
6339	 0.02524653913713562	 2.095516792455983	
6340	 0.025115655404297766	 2.077442049117416	
6341	 0.025000864206358338	 2.0616412427833515	
6342	 0.02500820687355445	 2.062650503059156	
6343	 0.024939783917517132	 2.053253328475449	
6344	 0.024959875521890426	 2.056010919226098	
6345	 0.025083822586008515	 2.0730554828438614	
6346	 0.025147811151087163	 2.0818768796553164	
6347	 0.025104566997586352	 2.075913644369506	
6348	 0.024973562433395095	 2.0578903077958937	
6349	 0.024915004051740602	 2.04985430885012	
6350	 0.02482084178927045	 2.036958755668248	
6351	 0.024757745529796944	 2.028335925540628	
6352	 0.024799700238933135	 2.0340678895750144	
6353	 0.024759748915001566	 2.028609486245357	
6354	 0.0247583549763114	 2.028419143430409	
6355	 0.024806917444845446	 2.0350545756166682	
6356	 0.02469300949989112	 2.0195042156183556	
6357	 0.024562310612681743	 2.0017204380374882	
6358	 0.02442966502044356	 1.9837361678746521	
6359	 0.024299497328403568	 1.966151026484039	
6360	 0.024196171897754873	 1.952236793649859	
6361	 0.024148749521787367	 1.945863939043383	
6362	 0.024057963516310354	 1.9336869286963536	
6363	 0.023944333297412298	 1.9184889706049522	
6364	 0.02387860146928757	 1.9097192994715846	
6365	 0.02379030089221233	 1.8979639088394327	
6366	 0.023741017793726876	 1.891415516270991	
6367	 0.023639127343382332	 1.8779057508134829	
6368	 0.023527894669274258	 1.8632015507148374	
6369	 0.02345790057577294	 1.8539725242875582	
6370	 0.023355785191647976	 1.8405410670616345	
6371	 0.023227339141697844	 1.823701800032899	
6372	 0.023070984338872686	 1.8032873337504427	
6373	 0.022974550518194612	 1.7907423203773079	
6374	 0.02287955788140466	 1.7784190629669068	
6375	 0.022786060715904274	 1.7663230729922086	
6376	 0.022694821442209426	 1.7545510486356413	
6377	 0.0226058871678956	 1.7431067483486558	
6378	 0.022519073495834683	 1.7319642451200172	
6379	 0.02243534749394003	 1.721245135465405	
6380	 0.02235267863119323	 1.7106874998746109	
6381	 0.022272639827807906	 1.7004905199316178	
6382	 0.0221936497898691	 1.6904510755681506	
6383	 0.02211603070636881	 1.6806090531298234	
6384	 0.022039688449242246	 1.6709513674415313	
6385	 0.0219647984733877	 1.6614990471521445	
6386	 0.02189106994196718	 1.6522142840899479	
6387	 0.02181843308239643	 1.6430873607079393	
6388	 0.021746916917586928	 1.634121022376916	
6389	 0.021676362860626873	 1.6252945498277176	
6390	 0.021606944747623133	 1.6166288587899338	
6391	 0.021538737136090894	 1.608132337099313	
6392	 0.02147226444769761	 1.5998691728291858	
6393	 0.0221164554762617	 1.6806628509614556	
6394	 0.022191849169900985	 1.6902224983496297	
6395	 0.022350923893233378	 1.7104636840631937	
6396	 0.022471254965538173	 1.7258389672867207	
6397	 0.022929475858848487	 1.7848906062414585	
6398	 0.0238791831107176	 1.9097968291993712	
6399	 0.025094931348672078	 2.0745858503876713	
6400	 0.025912782390844005	 2.1884912010872783	
6401	 0.02599758026940746	 2.200440372666315	
6402	 0.025901170706213523	 2.186856983573782	
6403	 0.02575336777122438	 2.1660980330297677	
6404	 0.02559251341685738	 2.1435960971686283	
6405	 0.025443734191203243	 2.122867107967615	
6406	 0.025290747407118095	 2.1016359964536195	
6407	 0.025139270029427497	 2.080698543136897	
6408	 0.024991347868776145	 2.060333502347079	
6409	 0.024846880666198834	 2.0405215319491457	
6410	 0.02470569004405541	 2.021232963700488	
6411	 0.02456779872187992	 2.0024659215480556	
6412	 0.024432830599177637	 1.9841646049310215	
6413	 0.02430153875268837	 1.9664263312772057	
6414	 0.024174085065081168	 1.9492676183106354	
6415	 0.024049815152220336	 1.9325954947953026	
6416	 0.02413415826236389	 1.9439047701964443	
6417	 0.024131910107803373	 1.9436029806037798	
6418	 0.024036193668475935	 1.9307715134997603	
6419	 0.02388917747342848	 1.9111292215816003	
6420	 0.02375296092585154	 1.8930016047681102	
6421	 0.02363835203169237	 1.8778030999314244	
6422	 0.023543933324025816	 1.8653188981336097	
6423	 0.023460246741299092	 1.854281579469297	
6424	 0.023349285795596288	 1.8396875101100483	
6425	 0.0232412921206852	 1.825528036468284	
6426	 0.02313610653330964	 1.8117788430592798	
6427	 0.023036463508316955	 1.7987925159339702	
6428	 0.022940290477254342	 1.7862938906341836	
6429	 0.022841409648712965	 1.7734797315859945	
6430	 0.02274394310295124	 1.7608849920092082	
6431	 0.022650554268556222	 1.748850885837146	
6432	 0.02256240770544258	 1.73752260241568	
6433	 0.02247552829594022	 1.726386003016933	
6434	 0.02239084543475349	 1.7155585512847524	
6435	 0.022308544533028114	 1.705061779690017	
6436	 0.022228002921808963	 1.6948143541963938	
6437	 0.022149407120588417	 1.684838331984496	
6438	 0.022072859642187862	 1.675144957641443	
6439	 0.02199713884832636	 1.6655782916317612	
6440	 0.021923352219964384	 1.656277086494085	
6441	 0.021853911625082673	 1.647542762878657	
6442	 0.021786965561659367	 1.6391397028672114	
6443	 0.021675104889069298	 1.6251373482730818	
6444	 0.021546440427367208	 1.6090910275202688	
6445	 0.02147279594227958	 1.5999351749358544	
6446	 0.02139934507760669	 1.5908242222496136	
6447	 0.021355138704520698	 1.585350835670203	
6448	 0.02137468195037838	 1.5877696408110555	
6449	 0.02152337573182273	 1.6062212611336404	
6450	 0.021573983338563533	 1.612520668498169	
6451	 0.021530599354207546	 1.6071198216863074	
6452	 0.021473397755903633	 1.6000099107227663	
6453	 0.021497811929256955	 1.6030429442847083	
6454	 0.02161951446044375	 1.6181966032451471	
6455	 0.021690231594809744	 1.6270280498271321	
6456	 0.021662077601359	 1.6235097598356123	
6457	 0.02166544485425885	 1.62393039132676	
6458	 0.021631084821488282	 1.6196402418048317	
6459	 0.02156668820121357	 1.6116119942560043	
6460	 0.021551062867799453	 1.609666409436434	
6461	 0.021614715880219557	 1.6175980335501785	
6462	 0.021867651255216728	 1.6492694844040008	
6463	 0.023029797294228008	 1.7979250521035814	
6464	 0.02446967958284986	 1.9891545574962544	
6465	 0.025506918062953188	 2.131660494952501	
6466	 0.026477307050314536	 2.268529396303061	
6467	 0.026785372114362768	 2.3126905822906108	
6468	 0.027187122060644445	 2.3707920012602988	
6469	 0.027444834631888414	 2.408365637550724	
6470	 0.027865168420998336	 2.4701548471090424	
6471	 0.028523735167210445	 2.568218977444832	
6472	 0.029145588965583828	 2.662212906994371	
6473	 0.030295415749238472	 2.8395504307721975	
6474	 0.03176593017455325	 3.0729631555112484	
6475	 0.03216270316025437	 3.1372006460644166	
6476	 0.032429329526644846	 3.180665570809584	
6477	 0.03289940279365826	 3.257877490844557	
6478	 0.033456463977672914	 3.3503341349962117	
6479	 0.033557544161510355	 3.367221421051512	
6480	 0.03334147582423298	 3.331164585426427	
6481	 0.033000253095610346	 3.274539066667652	
6482	 0.03264178897609729	 3.21547136428752	
6483	 0.032293241837551404	 3.158450923576908	
6484	 0.03195176791567215	 3.1029840741189627	
6485	 0.03162066930108268	 3.0495785339139627	
6486	 0.03129921901598908	 2.998084667551412	
6487	 0.030986434710334913	 2.9483163021687173	
6488	 0.03068228299214761	 2.9002415959382426	
6489	 0.030389756852337656	 2.8543031739773377	
6490	 0.030108735012737853	 2.810448128225891	
6491	 0.02982045627067958	 2.7657432755215154	
6492	 0.029542214214566778	 2.7228672173724	
6493	 0.02927969726955922	 2.682660379301583	
6494	 0.029020542316864153	 2.643203484951374	
6495	 0.028764090039516074	 2.6043886309453717	
6496	 0.028512087225835547	 2.5664712872157365	
6497	 0.028266100907056637	 2.5296740554270563	
6498	 0.028028570511427226	 2.4943437621750637	
6499	 0.02780395640354046	 2.4611177333897096	
6500	 0.027584862453772948	 2.428880209280507	
6501	 0.02737175975294863	 2.397687563695191	
6502	 0.027164393828245377	 2.367489647634786	
6503	 0.02696297806482604	 2.3383049853594047	
6504	 0.026767125486554404	 2.310065441646896	
6505	 0.026576714813493343	 2.282742292928212	
6506	 0.026391603408649517	 2.256304375180316	
6507	 0.02621156632025959	 2.2307094884026433	
6508	 0.026035066287561852	 2.2057309539477807	
6509	 0.0258627720250068	 2.181456267541435	
6510	 0.02569454380180632	 2.157858240367965	
6511	 0.02553007125237138	 2.134886395670063	
6512	 0.025369519276598255	 2.1125570928116018	
6513	 0.02521625702982738	 2.0913293346890733	
6514	 0.02506337362725601	 2.0702395706328405	
6515	 0.024909885895067537	 2.049152539140804	
6516	 0.024709266103337735	 2.021720597495762	
6517	 0.02455992642718694	 2.00139661410453	
6518	 0.024407081851466124	 1.9806807812294054	
6519	 0.024254234223854077	 1.9600508432947936	
6520	 0.024102584876439764	 1.9396681134382174	
6521	 0.02395487604957213	 1.9198970366864387	
6522	 0.023815036058282696	 1.90125395556525	
6523	 0.02368982986536053	 1.884623611266018	
6524	 0.023568693080552403	 1.8685894526034932	
6525	 0.023450428064560484	 1.852988324292536	
6526	 0.023336193254226235	 1.8379685651245214	
6527	 0.023225156257351075	 1.823416159235589	
6528	 0.023117830472349277	 1.8093941533588993	
6529	 0.02301443789817432	 1.795926995485247	
6530	 0.02291508522452205	 1.7830239889141433	
6531	 0.022819499445973515	 1.7706453418115915	
6532	 0.022724476211938145	 1.7583737611305477	
6533	 0.02263181708199355	 1.7464403849426777	
6534	 0.022541301525816463	 1.7348144821757236	
6535	 0.02245260014362919	 1.7234517464643677	
6536	 0.02236586332486458	 1.7123695745669352	
6537	 0.022283645103357314	 1.70189115086077	
6538	 0.022192602072268912	 1.69031807299831	
6539	 0.02210377895196434	 1.6790576440177876	
6540	 0.021963691533280948	 1.6613594943855625	
6541	 0.021878973671577467	 1.650692967451133	
6542	 0.021788035082248226	 1.639273813813925	
6543	 0.021691455357725917	 1.6271810475815902	
6544	 0.021596119911096112	 1.6152792294021472	
6545	 0.021500982994223598	 1.6034370621663843	
6546	 0.021412586768026043	 1.5924652028857746	
6547	 0.021336370424305015	 1.5830293342264221	
6548	 0.021265435999156677	 1.574267551161259	
6549	 0.021198805477562567	 1.566055110749543	
6550	 0.02113665851761489	 1.5584107786222958	
6551	 0.021078657256477458	 1.5512898891450326	
6552	 0.021023627375536844	 1.5445458647622539	
6553	 0.020971044284687733	 1.5381126849656017	
6554	 0.020920721662607406	 1.5319661197301155	
6555	 0.020872389098879597	 1.5260718986662374	
6556	 0.020824867764642017	 1.5202854726392019	
6557	 0.020778702376245375	 1.5146725763424855	
6558	 0.020733194146077	 1.5091477098544868	
6559	 0.020688192756667757	 1.5036923198290129	
6560	 0.02064378498601821	 1.4983166421432514	
6561	 0.02060162251472229	 1.4932198930813463	
6562	 0.02055158219788526	 1.4871798605435116	
6563	 0.020489686831983076	 1.4797224378003653	
6564	 0.020372254090411945	 1.4656148788962602	
6565	 0.020303509781142957	 1.4573815146504954	
6566	 0.02023042637380742	 1.4486488242191653	
6567	 0.020154114872311564	 1.4395528297423035	
6568	 0.020082887490193605	 1.4310835302895832	
6569	 0.020009575157689374	 1.4223872082028455	
6570	 0.019943948007187656	 1.414620499147272	
6571	 0.0198884332875188	 1.4080638424577423	
6572	 0.019847801986374064	 1.4032727413467203	
6573	 0.019788060661995035	 1.396240121151714	
6574	 0.019728493686232532	 1.3892421034230844	
6575	 0.01967399411294015	 1.382851738724211	
6576	 0.019627629368202934	 1.377424507536369	
6577	 0.01958821870061869	 1.3728180013337095	
6578	 0.019553759256104298	 1.3687952772153154	
6579	 0.019523463527945383	 1.3652625183879428	
6580	 0.01949629644189582	 1.3620976941913343	
6581	 0.01947055959366346	 1.3591021958969005	
6582	 0.019445683421776827	 1.3562093789190575	
6583	 0.01942169215320545	 1.3534218022022368	
6584	 0.019399236961783868	 1.3508147832771051	
6585	 0.019380276281340345	 1.3486150385021258	
6586	 0.019356165717762323	 1.3458198958008663	
6587	 0.0193264577206022	 1.3423790322163134	
6588	 0.019244140689190805	 1.3328632603367787	
6589	 0.019202157285547364	 1.3280204500704467	
6590	 0.01915597127135443	 1.3227010145899127	
6591	 0.019107275245945035	 1.3171017432919916	
6592	 0.019060273332683526	 1.3117062829949695	
6593	 0.019015186730856493	 1.3065390140633795	
6594	 0.01898136635700155	 1.3026682978118747	
6595	 0.018956616352323215	 1.299838590097425	
6596	 0.018984910491722698	 1.3030737058664443	
6597	 0.018960002170324956	 1.3002255507616056	
6598	 0.018936004439943803	 1.29748387596992	
6599	 0.01891497812101698	 1.2950835798389442	
6600	 0.018897894865338372	 1.293134720181226	
6601	 0.018883764190498437	 1.2915235785198804	
6602	 0.01887143782281334	 1.2901188153053316	
6603	 0.01886046600940443	 1.2888689370806585	
6604	 0.018851072745856172	 1.2877992678920953	
6605	 0.018841638986371947	 1.2867253447575235	
6606	 0.018833018698935083	 1.2857443392764984	
6607	 0.018825453841367974	 1.2848836903474388	
6608	 0.018817533149108126	 1.2839828053901836	
6609	 0.01880990763930169	 1.2831157327524976	
6610	 0.01879602557137691	 1.2815378482140802	
6611	 0.018772018775826342	 1.2788109847691027	
6612	 0.018754161954561727	 1.2767841864474365	
6613	 0.018746740095883535	 1.2759421634232264	
6614	 0.018741044648612776	 1.2752961555204316	
6615	 0.018736339538071987	 1.2747625755866625	
6616	 0.01873269933221128	 1.2743498217452582	
6617	 0.01872989978885425	 1.274032424895532	
6618	 0.018728850554002623	 1.2739134765583988	
6619	 0.018728046295164773	 1.2738223033615907	
6620	 0.01872717456146753	 1.2737234839599796	
6621	 0.018726153915698433	 1.273607787839429	
6622	 0.018725110495328216	 1.273489514431277	
6623	 0.01872395795948907	 1.273358877712827	
6624	 0.018723077861415544	 1.2732591246639304	
6625	 0.01872481353384835	 1.2734558541642509	
6626	 0.018725269565189554	 1.2735075449767799	
6627	 0.018719242674669904	 1.2728244691790904	
6628	 0.01869578679276531	 1.270167421800172	
6629	 0.018665562663306722	 1.2667469529703512	
6630	 0.018639222212725622	 1.2637690100961503	
6631	 0.018613848204070665	 1.2609029809508472	
6632	 0.018589078095545497	 1.2581076743659854	
6633	 0.018557478803634335	 1.2545452975128637	
6634	 0.01851940745570259	 1.2502586554907418	
6635	 0.01847879103797801	 1.2456919241771665	
6636	 0.018431105603801366	 1.2403389180001423	
6637	 0.018401802902825882	 1.237054071121126	
6638	 0.018373019337762125	 1.2338308128486406	
6639	 0.018342368655568077	 1.2304021691237943	
6640	 0.018305651277543918	 1.2262999190444297	
6641	 0.018269008248060572	 1.2222114407671762	
6642	 0.018235733085262034	 1.2185034682779212	
6643	 0.018217637575668535	 1.2164889119308617	
6644	 0.018206281532393214	 1.215225335170093	
6645	 0.018194658527663204	 1.2139325978400093	
6646	 0.018181812246158297	 1.2125044452300722	
6647	 0.018167811510468382	 1.2109487150434215	
6648	 0.01815336584393242	 1.209344382700757	
6649	 0.018139752991754726	 1.2078333212340449	
6650	 0.01812811649505551	 1.20654223944337	
6651	 0.018119319894905433	 1.2055666138325947	
6652	 0.01811204077399621	 1.2047595296433984	
6653	 0.01810843676042407	 1.204360008890964	
6654	 0.018115857249485758	 1.2051826605149674	
6655	 0.018120161163252376	 1.2056599047447667	
6656	 0.018149624990379698	 1.2089290630743634	
6657	 0.018145785502740017	 1.2085028521673147	
6658	 0.01813957998502363	 1.2078141219069847	
6659	 0.018122263223885528	 1.205893021529249	
6660	 0.01809827764133707	 1.2032341111745726	
6661	 0.018096533892521027	 1.203040900277821	
6662	 0.018092988906456487	 1.202648146913503	
6663	 0.01808913558938952	 1.2022212913636434	
6664	 0.018080986024406328	 1.2013187137665229	
6665	 0.018076717948133748	 1.200846125560669	
6666	 0.018076579269029117	 1.2008307713870385	
6667	 0.018078845254389606	 1.2010816649701839	
6668	 0.018082391491658613	 1.2014743522050562	
6669	 0.018086059275660246	 1.2018805527486196	
6670	 0.018089704481230897	 1.2022843071860916	
6671	 0.01809363023596565	 1.2027191967976025	
6672	 0.018097751279633097	 1.2031757879251006	
6673	 0.018102094653291843	 1.203657087138397	
6674	 0.01810714606320942	 1.2042169423195477	
6675	 0.018110842752458955	 1.2046267178067394	
6676	 0.01811459117749792	 1.205042285111666	
6677	 0.01811879122462451	 1.205507989387764	
6678	 0.01812371074100618	 1.2060535604611782	
6679	 0.018128882841192046	 1.2066272493792871	
6680	 0.01813513713197334	 1.2073211205488201	
6681	 0.018140272697303672	 1.207890996006338	
6682	 0.01814480423123817	 1.2083939335764295	
6683	 0.018147252045405498	 1.2086656419181083	
6684	 0.018147879062014045	 1.2087352449410234	
6685	 0.018150853349007352	 1.2090654324618606	
6686	 0.018155596176324725	 1.2095920273555025	
6687	 0.018161662168966662	 1.2102656666201534	
6688	 0.01816685019584061	 1.2108419252428282	
6689	 0.01817071266583387	 1.2112710192605625	
6690	 0.0181744018208447	 1.2116809159479371	
6691	 0.01817980688796182	 1.212281565326848	
6692	 0.01818918690695159	 1.2133242221377363	
6693	 0.01819930106460553	 1.214448885467769	
6694	 0.01820844027681367	 1.2154654962916869	
6695	 0.018216563966516636	 1.2163694299208643	
6696	 0.018223754425252484	 1.2171697459533393	
6697	 0.01822994830422928	 1.2178593089644936	
6698	 0.018235481787868726	 1.218475482442152	
6699	 0.018239210398476563	 1.2188907470625183	
6700	 0.018240661496936223	 1.2190523748004891	
6701	 0.018241011871121825	 1.2190914018224246	
6702	 0.018239815410384184	 1.2189581340778017	
6703	 0.01823706452390527	 1.2186517487703106	
6704	 0.018232489899916975	 1.2181423093842645	
6705	 0.018227905670368597	 1.2176318857789894	
6706	 0.01820945905977456	 1.215578842869143	
6707	 0.01818942497265073	 1.213350689523817	
6708	 0.01813578085933002	 1.2073925467920297	
6709	 0.01813956748426232	 1.207812734646586	
6710	 0.018143554231818827	 1.2082551925710374	
6711	 0.018147812369592693	 1.2087278415615217	
6712	 0.018152706505034692	 1.2092711769799844	
6713	 0.018158014370104017	 1.2098605540905354	
6714	 0.01816465598675001	 1.2105981906966308	
6715	 0.018172145078816516	 1.2114301660110305	
6716	 0.018179584538259155	 1.2122568539031298	
6717	 0.018186142216595997	 1.2129857435269369	
6718	 0.018192624157059467	 1.2137063870591251	
6719	 0.018197798501346014	 1.2142817786789022	
6720	 0.01820067533805396	 1.214601732625763	
6721	 0.01820055976996637	 1.2145888788076384	
6722	 0.018199887037663526	 1.214514056648636	
6723	 0.018199218457896786	 1.2144396981668188	
6724	 0.018198567956136374	 1.2143673520428175	
6725	 0.018198252053617428	 1.2143322192889074	
6726	 0.018199493158350163	 1.2144702497364692	
6727	 0.018205208832184266	 1.2151060039320771	
6728	 0.018212262350941442	 1.2158907500198006	
6729	 0.018220479261806415	 1.2168051859630464	
6730	 0.01822208339312278	 1.2169837371195347	
6731	 0.01821679841505557	 1.2163955213084958	
6732	 0.01817298646775496	 1.2115236515505903	
6733	 0.018217443870020538	 1.2164673540736468	
6734	 0.018277352408018113	 1.2231419675006496	
6735	 0.018546593447191163	 1.2533190621152681	
6736	 0.01872858028860003	 1.273882838169646	
6737	 0.01897602281359103	 1.3020571535936367	
6738	 0.0192394290214367	 1.332319415467602	
6739	 0.01941541906965676	 1.352693302864469	
6740	 0.019583244082720476	 1.3722369831401686	
6741	 0.020134711984366303	 1.4372437464598935	
6742	 0.02057576479807512	 1.4900975580520257	
6743	 0.02112422614793118	 1.5568833422980999	
6744	 0.021690766065849312	 1.6270948699616554	
6745	 0.022077175175200418	 1.6756908478283963	
6746	 0.022664558169858986	 1.7506533275319838	
6747	 0.023380693419017072	 1.843813697401756	
6748	 0.023473575568056897	 1.856037747293324	
6749	 0.023552769245346536	 1.8664857856254902	
6750	 0.023552126490037704	 1.8664008923714086	
6751	 0.023488570383796537	 1.8580142157993462	
6752	 0.023412763576829903	 1.8480307399960667	
6753	 0.023334474735842957	 1.83774298525684	
6754	 0.02323499873261513	 1.8247042355021703	
6755	 0.023139864128637302	 1.8122692958113902	
6756	 0.023049202355805584	 1.8004506673732859	
6757	 0.02295624614781653	 1.7883650736658365	
6758	 0.022900897746397048	 1.781184487949414	
6759	 0.022831374532673324	 1.7721813245311437	
6760	 0.022783317903524128	 1.7659687263545372	
6761	 0.022724093803510884	 1.7583244447630009	
6762	 0.02265439720170084	 1.7493454357004181	
6763	 0.022575257376265576	 1.7391721627499035	
6764	 0.022492705564754675	 1.7285855916895672	
6765	 0.0224126936752465	 1.7183494333741927	
6766	 0.0223333962076671	 1.7082286808517335	
6767	 0.022255473334092564	 1.6983066776557203	
6768	 0.02217900005765083	 1.6885917444471439	
6769	 0.022103412827155403	 1.6790112913657325	
6770	 0.022026300420607835	 1.669260008480171	
6771	 0.021947959284230795	 1.6593766248922381	
6772	 0.02187152521610979	 1.6497564733582673	
6773	 0.02179498640281866	 1.6401455712977027	
6774	 0.02172044356280512	 1.630806904404699	
6775	 0.021647620772082706	 1.6217043326924658	
6776	 0.02157580180121672	 1.6127472060947179	
6777	 0.021507193207712272	 1.6042090148680768	
6778	 0.021432816709961135	 1.5949735112983694	
6779	 0.02136183426020515	 1.586179357107456	
6780	 0.021263529359723015	 1.5740323125573508	
6781	 0.02120389930030301	 1.5666823352465566	
6782	 0.021139953300657818	 1.558815674867179	
6783	 0.021075065352614254	 1.5508493354949007	
6784	 0.021016229341700193	 1.5436401169889253	
6785	 0.02096636243340386	 1.5375404134373074	
6786	 0.020923073972087723	 1.5322532189315332	
6787	 0.02088730205555666	 1.527889584197685	
6788	 0.02088180265520977	 1.5272191817494722	
6789	 0.02083622722136269	 1.5216678549177578	
6790	 0.020788812826510482	 1.5159011183658837	
6791	 0.02074193457793733	 1.510208203807643	
6792	 0.020694699433092007	 1.5044806169007832	
6793	 0.020647910727943232	 1.4988157495495669	
6794	 0.020602514339971213	 1.4933276281572037	
6795	 0.020556496306121358	 1.487772576082608	
6796	 0.020518808565344483	 1.4832292828800784	
6797	 0.02047880463953513	 1.4784128543036517	
6798	 0.02043266128984513	 1.472865031228044	
6799	 0.02038718859315492	 1.4674060059775578	
6800	 0.02034260755877487	 1.4620618996542791	
6801	 0.020326842372391393	 1.4601739309823774	
6802	 0.020290678494930492	 1.4558467931548826	
6803	 0.02024327585527072	 1.4501826794302917	
6804	 0.020164458862797444	 1.4407844449113139	
6805	 0.02015753689472036	 1.4399602288332554	
6806	 0.020148161079246028	 1.438844127846455	
6807	 0.020123326525060412	 1.4358894852510034	
6808	 0.0200962384645013	 1.432669506830554	
6809	 0.020073296928468314	 1.4299446908960656	
6810	 0.02022269432783978	 1.4477261552298364	
6811	 0.02042449094386764	 1.4718835786518556	
6812	 0.020387415307284926	 1.4674332030338262	
6813	 0.020351176413021265	 1.4630884768576469	
6814	 0.02031518863638968	 1.4587789586726878	
6815	 0.020295846396680046	 1.4564648365515518	
6816	 0.02029722852783564	 1.4566301471511593	
6817	 0.020267530559311055	 1.4530797564659395	
6818	 0.02023061243026872	 1.4486710293287033	
6819	 0.02019637317319383	 1.4445870013826045	
6820	 0.020161673963327662	 1.4404528172735693	
6821	 0.020128050589538267	 1.4364513344802188	
6822	 0.02009510255543767	 1.4325345436284505	
6823	 0.020063101027801726	 1.428734367760904	
6824	 0.020032223925872287	 1.4250715456733536	
6825	 0.020003846624314117	 1.4217085818514745	
6826	 0.019977853435086543	 1.4186309461572923	
6827	 0.01993647595185034	 1.4137372903203589	
6828	 0.019907084331006478	 1.410265295268421	
6829	 0.019912618834514586	 1.410918818187686	
6830	 0.01989228146497759	 1.4085179446758402	
6831	 0.019873622562336365	 1.4063166569472745	
6832	 0.0198540628446059	 1.4040105741357947	
6833	 0.01982838469866304	 1.4009854297984805	
6834	 0.01980347169308578	 1.398052921790864	
6835	 0.01977188404027392	 1.394338276285433	
6836	 0.019742136798074877	 1.3908436747708786	
6837	 0.01971645152739593	 1.387829082046588	
6838	 0.01969373581345079	 1.385165196697124	
6839	 0.019670940851568702	 1.3824940762731606	
6840	 0.019647918299710746	 1.3797983805440202	
6841	 0.019624204284224362	 1.3770239225501717	
6842	 0.019601932721160082	 1.3744202609942304	
6843	 0.019579540697078422	 1.3718045043702798	
6844	 0.01955622186450742	 1.3690826003341607	
6845	 0.01953272004427052	 1.366341525358176	
6846	 0.01950933654260711	 1.3636164314280943	
6847	 0.019486248449815943	 1.360927899752993	
6848	 0.01946309371114895	 1.3582337394039827	
6849	 0.019441949835691186	 1.3557754179654653	
6850	 0.019420607687713625	 1.3532958509454192	
6851	 0.01937342252734422	 1.3478202453887016	
6852	 0.019301605751962898	 1.3395033146835365	
6853	 0.019267653899920724	 1.3355786025954781	
6854	 0.01923075038363104	 1.3313179149418886	
6855	 0.019189317994862946	 1.326540838537063	
6856	 0.019168681839177793	 1.3241640918143944	
6857	 0.019144275959983283	 1.3213553722310314	
6858	 0.0208624849535612	 1.5248651970754954	
6859	 0.021302756747298656	 1.5788749656230252	
6860	 0.021226027983373703	 1.5694083020759166	
6861	 0.021145187394057265	 1.559458979677122	
6862	 0.021067209089625106	 1.5498859247834005	
6863	 0.0209930010168592	 1.5407976341804324	
6864	 0.020921798764364882	 1.532097577250602	
6865	 0.020852002334954017	 1.5235884313916677	
6866	 0.02078222310388643	 1.5151003421301652	
6867	 0.020712388986543786	 1.5066245775348206	
6868	 0.020643925334237014	 1.4983336195328645	
6869	 0.020576960959455402	 1.4902419375934135	
6870	 0.020512363912471212	 1.4824529303752527	
6871	 0.02046824938332349	 1.4771430580826912	
6872	 0.020415343514300317	 1.4707850656550623	
6873	 0.020354108573832453	 1.4634398256476067	
6874	 0.02027935769307354	 1.4544932744492407	
6875	 0.020201763890164197	 1.4452296953645734	
6876	 0.02013675128424451	 1.4374863680868781	
6877	 0.02011989095477546	 1.435480936288284	
6878	 0.020092212732646286	 1.4321912118377058	
6879	 0.020051512849523973	 1.427359269535626	
6880	 0.020007422203146767	 1.422132144885749	
6881	 0.019965814954102427	 1.4172064745450494	
6882	 0.019930414116761254	 1.4130209338849145	
6883	 0.019942524816943964	 1.414452258786582	
6884	 0.019908483715410163	 1.4104305253500906	
6885	 0.0198802486042236	 1.4070982078539915	
6886	 0.0198504016995962	 1.403579094831052	
6887	 0.01981963411146376	 1.3999551188044463	
6888	 0.019789456872614495	 1.3964043187426427	
6889	 0.019761218704374646	 1.3930849467286521	
6890	 0.019738410595306025	 1.3904061808005472	
6891	 0.019719584626232283	 1.3881966630650115	
6892	 0.01970028096406565	 1.385932540456622	
6893	 0.01967684125763122	 1.3831852897802606	
6894	 0.01965293252970539	 1.380385314221342	
6895	 0.019630206449808518	 1.3777259440684384	
6896	 0.019609021780149775	 1.3752487950102343	
6897	 0.01958891382512558	 1.3728991973099653	
6898	 0.0195686225530117	 1.3705298085632938	
6899	 0.019558701678156543	 1.3693719552381711	
6900	 0.0195494582220474	 1.3682935149228257	
6901	 0.019532284975684433	 1.3662908029583078	
6902	 0.01951303549507558	 1.3640473593860667	
6903	 0.019492974125244204	 1.3617108632181152	
6904	 0.01951993330114495	 1.3648510992578935	
6905	 0.019593853152724994	 1.3734762047012266	
6906	 0.019680974392434027	 1.3836695554757197	
6907	 0.019796307529998777	 1.3972100837731023	
6908	 0.019899456486500718	 1.4093647858331746	
6909	 0.019981757613398685	 1.4190930369233277	
6910	 0.02002597394693155	 1.424330594421672	
6911	 0.020100436186045685	 1.4331683038557417	
6912	 0.020099736371449368	 1.4330851431016554	
6913	 0.020132789207387262	 1.4370150029163378	
6914	 0.02037638094604804	 1.466109734088269	
6915	 0.02084949198571983	 1.5232827384816119	
6916	 0.021276674782180722	 1.5756544627782827	
6917	 0.0221148136361754	 1.680454912927807	
6918	 0.023386210458921777	 1.8445388821837652	
6919	 0.024310590551178544	 1.9676472350909437	
6920	 0.02465858597379808	 2.014814214401211	
6921	 0.024953714710015992	 2.055165184887555	
6922	 0.025238535193192087	 2.0944096686684843	
6923	 0.02616655056683194	 2.2243281088581934	
6924	 0.026456968841868784	 2.265625903056564	
6925	 0.027784472489445176	 2.4582439814241197	
6926	 0.02871966953794881	 2.5976888021966187	
6927	 0.02932200230076897	 2.689123599662244	
6928	 0.029063844475639273	 2.6497800525600437	
6929	 0.028805667773714193	 2.6106659454655374	
6930	 0.028562666044852955	 2.5740637297107427	
6931	 0.028345470230409474	 2.5415237256020484	
6932	 0.028120460163055624	 2.5079878617912685	
6933	 0.027897485208585888	 2.474931319563908	
6934	 0.027680088873850473	 2.442870951307626	
6935	 0.02746763635849985	 2.411701426253049	
6936	 0.027259526306184584	 2.381324423187059	
6937	 0.02705581393802837	 2.3517386912318785	
6938	 0.026855584565402428	 2.322803161285426	
6939	 0.026659566676649395	 2.294615212508361	
6940	 0.026466233360668046	 2.266948326135202	
6941	 0.026277763642125796	 2.2401068201220955	
6942	 0.02609465365838609	 2.2141512612411254	
6943	 0.02591617996532726	 2.1889694648464464	
6944	 0.02574254759794286	 2.164581449922467	
6945	 0.02557571547894397	 2.1412516540298077	
6946	 0.02550251283296559	 2.1310469415299687	
6947	 0.025354065151501556	 2.110412715567625	
6948	 0.02526411856447427	 2.09794924036183	
6949	 0.02512989924311053	 2.0794060527633804	
6950	 0.02499791403552735	 2.061235793157921	
6951	 0.024856731481200066	 2.041870021568671	
6952	 0.02472480671320567	 2.0238402717710864	
6953	 0.024596402279515296	 2.0063531152456644	
6954	 0.024463724980183524	 1.988347867718919	
6955	 0.024334634857033546	 1.9708917954963516	
6956	 0.024206930772451066	 1.9536837845287243	
6957	 0.02408127974202815	 1.9368113857812101	
6958	 0.023957615790479312	 1.9202630179148297	
6959	 0.023836051280706823	 1.9040509998468582	
6960	 0.023717106355407785	 1.888241594492725	
6961	 0.023601717606665663	 1.8729552794009676	
6962	 0.02348898264563301	 1.8580685679673519	
6963	 0.023378077164885762	 1.8434698449486004	
6964	 0.023313839098468424	 1.835035130733629	
6965	 0.023207552067790137	 1.8211132215389838	
6966	 0.023105850624182214	 1.8078316853201326	
6967	 0.023007105769512964	 1.794973494801633	
6968	 0.02291066832934584	 1.7824512276399371	
6969	 0.022817185072874526	 1.7703460513285825	
6970	 0.022878542944230886	 1.778287580463538	
6971	 0.022789429661088434	 1.7667583492596985	
6972	 0.022698806000310566	 1.7550644932078994	
6973	 0.022709907767538385	 1.7564953683114302	
6974	 0.022622432592210313	 1.7452335893327315	
6975	 0.02260705783303846	 1.7432571980611475	
6976	 0.022522810407740124	 1.7324432876089026	
6977	 0.02243949985207351	 1.7217761180417164	
6978	 0.022359921631532734	 1.7116114643361036	
6979	 0.022289509412632587	 1.7026376842857236	
6980	 0.022290292798331106	 1.7027374201160805	
6981	 0.02261205009746032	 1.743898844395895	
6982	 0.022562726672141434	 1.7375635417861257	
6983	 0.022486921805999805	 1.727844843015852	
6984	 0.02241022704999094	 1.718034257170942	
6985	 0.02233734560862744	 1.708732177767361	
6986	 0.022260204436389146	 1.6989084346440133	
6987	 0.022185421947008507	 1.6894067042369285	
6988	 0.022157703938341933	 1.6858903196553123	
6989	 0.02213280524820761	 1.682734100958185	
6990	 0.022168315736189433	 1.6872362159617067	
6991	 0.02217237450822503	 1.687751104356267	
6992	 0.02217721263872898	 1.6883649428370135	
6993	 0.022201270815269188	 1.6914186530259625	
6994	 0.02219398140900124	 1.6904931738497175	
6995	 0.022122498490092023	 1.681428283579039	
6996	 0.022058206057168035	 1.673291894117016	
6997	 0.021997347205712708	 1.6656045857055573	
6998	 0.021940433149529037	 1.6584283769410846	
6999	 0.021891636503609882	 1.6522855528247105	
7000	 0.021851269051148252	 1.647210741610327	
7001	 0.021796300146131438	 1.6403103472336253	
7002	 0.02176140812336474	 1.6359362715271821	
7003	 0.021750409653374943	 1.6345584681807779	
7004	 0.02193996249815173	 1.6583690848863029	
7005	 0.022077805352376318	 1.6757705675815784	
7006	 0.022155429604537827	 1.6856019213803901	
7007	 0.02217302834892562	 1.6878340552682431	
7008	 0.02211430607352711	 1.6803906325141866	
7009	 0.02202550564144545	 1.6691596226468084	
7010	 0.02193546684416229	 1.6578027709165053	
7011	 0.021848456030946435	 1.6468573343519026	
7012	 0.02176971468501756	 1.6369771611586454	
7013	 0.021692113640697407	 1.6272633500668323	
7014	 0.02161638521366817	 1.6178062543470946	
7015	 0.021542972664538442	 1.6086594290299834	
7016	 0.021471775282312387	 1.5998084282130132	
7017	 0.021402834928076094	 1.5912566373873653	
7018	 0.021324870580986657	 1.5816075586286085	
7019	 0.021233080702922125	 1.5702775039889811	
7020	 0.02117488671588163	 1.563111233466225	
7021	 0.021136991414739563	 1.5584516864752276	
7022	 0.021104060278717786	 1.5544070453309835	
7023	 0.02107349356463575	 1.5506565685369302	
7024	 0.021031105386157437	 1.5454616201298965	
7025	 0.02098349827661922	 1.5396353745703921	
7026	 0.02093404612063454	 1.5335926531339528	
7027	 0.020885079492154096	 1.527618629224232	
7028	 0.020836917688226105	 1.5217518970706607	
7029	 0.020789374739759423	 1.5159694093103313	
7030	 0.020742506665702057	 1.5102776267420888	
7031	 0.020696348294227264	 1.5046804060229964	
7032	 0.020651017785188353	 1.4991916665110603	
7033	 0.020606618634519937	 1.4938234789168112	
7034	 0.020561464830016904	 1.4883719510136173	
7035	 0.02051702060929932	 1.4830138811812332	
7036	 0.020473667491337232	 1.4777948013958426	
7037	 0.020431965045957044	 1.4727813856035468	
7038	 0.020392752938684134	 1.4680735736542652	
7039	 0.020354599072257385	 1.4634986033543997	
7040	 0.020317322036013004	 1.4590342904080125	
7041	 0.020282763470870026	 1.454900417374344	
7042	 0.02024975588625677	 1.4509564533522665	
7043	 0.020228716415046085	 1.4484447537174494	
7044	 0.02025378542222861	 1.4514376994028817	
7045	 0.020287961496508633	 1.4555219020245203	
7046	 0.020315492471618332	 1.4588153215024933	
7047	 0.02031548254627289	 1.4588141336369873	
7048	 0.020274909673489563	 1.4539616056092122	
7049	 0.020254966951761037	 1.4515788211584457	
7050	 0.020271668606438774	 1.4535742519766288	
7051	 0.020375079573915537	 1.4659536781022027	
7052	 0.020488796539501405	 1.4796152809095535	
7053	 0.02066760857897732	 1.5011995933753373	
7054	 0.021484103377522056	 1.6013396138989002	
7055	 0.023352071472495496	 1.8400533299216901	
7056	 0.026110985511702933	 2.2164613600602254	
7057	 0.029637625030345154	 2.7375394734717133	
7058	 0.034261352152318715	 3.485744543322246	
7059	 0.038880263251605277	 4.303647771001183	
7060	 0.04157719298656061	 4.812602590349548	
7061	 0.043895967563272575	 5.268202200165621	
7062	 0.04416321932980839	 5.321767930161838	
7063	 0.043503133268273875	 5.189859742634254	
7064	 0.04283919869163382	 5.058521763704129	
7065	 0.042201791540883854	 4.933701514847532	
7066	 0.04155108664665514	 4.807567251988922	
7067	 0.04092522639648211	 4.687484837178509	
7068	 0.04031699823804666	 4.571952479472059	
7069	 0.03972838873732521	 4.46124743405599	
7070	 0.039159944757260104	 4.355367864184846	
7071	 0.038611282164298835	 4.254139862853174	
7072	 0.03808078049240655	 4.157170082851065	
7073	 0.03756669468770256	 4.06405615687572	
7074	 0.03706862684473214	 3.974649977540795	
7075	 0.03658661273038269	 3.888884671503162	
7076	 0.0361258967168293	 3.8076099366148757	
7077	 0.03567995467803004	 3.7295967838655684	
7078	 0.03524823200335371	 3.6546878449766296	
7079	 0.034828710822506916	 3.5824795830651026	
7080	 0.034420432585843805	 3.512760967827504	
7081	 0.03402315070912664	 3.4454472597567563	
7082	 0.03363697955377234	 3.3805163724097596	
7083	 0.03329244498464126	 3.3230040927815363	
7084	 0.03292516665664183	 3.2621307300379585	
7085	 0.03256778736936316	 3.203330986769234	
7086	 0.03221970453548421	 3.146472792341829	
7087	 0.0318821780818596	 3.091728601937715	
7088	 0.031554562312443316	 3.038960061023048	
7089	 0.03148955204155544	 3.0285322023946883	
7090	 0.03117928826020009	 2.978962618906401	
7091	 0.030881982270714523	 2.931770746564188	
7092	 0.03059310131371741	 2.8862053884060663	
7093	 0.030309013907935556	 2.8416749785112976	
7094	 0.03002679727671262	 2.797712466536531	
7095	 0.029749538422949195	 2.754789662954139	
7096	 0.0294761968529925	 2.7127335503609378	
7097	 0.029211288356734068	 2.6722222636657267	
7098	 0.028958533294966313	 2.6337971768899417	
7099	 0.02871464881840089	 2.5969319743770254	
7100	 0.028478209109466527	 2.561390823695046	
7101	 0.028248935047848717	 2.5271141434775397	
7102	 0.028026064521265222	 2.493972081034394	
7103	 0.0277925762713391	 2.459439073981538	
7104	 0.027554263558392526	 2.4243914208133104	
7105	 0.02732650529748531	 2.391084271566476	
7106	 0.02710154468212915	 2.3583674169673396	
7107	 0.026875409271426787	 2.325661674122919	
7108	 0.02665406335538992	 2.293825806346113	
7109	 0.02643602436348493	 2.2626374131960727	
7110	 0.02622193680237635	 2.23218063179861	
7111	 0.026016275480437723	 2.2030782820924713	
7112	 0.025819434944291786	 2.175367391215639	
7113	 0.02567388147891693	 2.1549669383869694	
7114	 0.025481091865395825	 2.1280644703863394	
7115	 0.025337752506119127	 2.108150157258586	
7116	 0.025249411900469847	 2.0959142167065266	
7117	 0.025262266095790287	 2.097692862905063	
7118	 0.02528129565080532	 2.1003271069280753	
7119	 0.025171343973221922	 2.0851248574138768	
7120	 0.024991380248573638	 2.060337951434201	
7121	 0.02481702472351633	 2.036436693940259	
7122	 0.024652218453174307	 2.013947155577213	
7123	 0.024504069473564875	 1.9938160304232133	
7124	 0.024361223489138474	 1.9744821788180902	
7125	 0.024219497767565965	 1.955374497494579	
7126	 0.024081620938831726	 1.936857122343805	
7127	 0.023949783646781894	 1.919216855318952	
7128	 0.023824600731962745	 1.9025267724531805	
7129	 0.023703839868374255	 1.886481566574802	
7130	 0.023585137110711706	 1.8707628362265891	
7131	 0.023468891983148693	 1.855420575856528	
7132	 0.023355953746843388	 1.8405632052958365	
7133	 0.023245592451154474	 1.8260910328492692	
7134	 0.023137677719236967	 1.8119839125579056	
7135	 0.023032036221644365	 1.7982163814979681	
7136	 0.022929281635956842	 1.784865408279518	
7137	 0.02283072073821303	 1.772096745649616	
7138	 0.022734698101933667	 1.7596922072158068	
7139	 0.022640272776096444	 1.7475280281089862	
7140	 0.02255274187146603	 1.7362821758016072	
7141	 0.022467478099378834	 1.7253555424543778	
7142	 0.02238446720353044	 1.7147441418036757	
7143	 0.02230365574251794	 1.7044390675483143	
7144	 0.02222492810384465	 1.6944236304364348	
7145	 0.022147991302187958	 1.6846588407779217	
7146	 0.022072832275815663	 1.6751414961792523	
7147	 0.021999400178426644	 1.6658636735484629	
7148	 0.021927865834532326	 1.656845453757019	
7149	 0.02185796877075739	 1.6480525674653732	
7150	 0.02178929729800308	 1.6394320931311437	
7151	 0.021722035986804937	 1.631006178996705	
7152	 0.02165460779126167	 1.6225767994951716	
7153	 0.02158744926055976	 1.6141985069292704	
7154	 0.021521864554769482	 1.6060333082822282	
7155	 0.02145981065950012	 1.598322947185073	
7156	 0.021398181125240716	 1.5906800114463617	
7157	 0.021336204348661684	 1.583008797936529	
7158	 0.021274510069604513	 1.5753872904412234	
7159	 0.021212957943914684	 1.5677980135194802	
7160	 0.021152197951496622	 1.5603207900364382	
7161	 0.021093349274283742	 1.5530924133207025	
7162	 0.02103335257354546	 1.5457368525765955	
7163	 0.02096841686464934	 1.5377915199615722	
7164	 0.020909639267718046	 1.530613803775631	
7165	 0.02085025036421732	 1.5233750859659771	
7166	 0.020785536406889633	 1.5155029501076804	
7167	 0.02071580102421261	 1.507038254432114	
7168	 0.020647551067759715	 1.4987722373814594	
7169	 0.02058223872927778	 1.4908790438506783	
7170	 0.0205400354190987	 1.485787516758661	
7171	 0.0204999160844541	 1.4809538681365908	
7172	 0.02045686002033079	 1.475773408476729	
7173	 0.02041414025944268	 1.4706405914344207	
7174	 0.020372099827495625	 1.465596382378582	
7175	 0.02033041821827933	 1.460602072830566	
7176	 0.020288694685683447	 1.455609571893666	
7177	 0.02024745231924178	 1.4506813678398853	
7178	 0.020206939279830423	 1.4458468251010352	
7179	 0.020167375209323303	 1.4411317580810772	
7180	 0.020129091564452483	 1.4365751530268656	
7181	 0.020091786892657882	 1.4321406217584831	
7182	 0.020055821737649065	 1.4278705170736146	
7183	 0.020021085658980135	 1.4237511826059492	
7184	 0.019986682703743992	 1.4196760466667404	
7185	 0.019954005575037435	 1.4158096680069214	
7186	 0.0199195280519215	 1.4117348394570126	
7187	 0.019882669023545307	 1.4073837430077614	
7188	 0.019853005892046072	 1.4038860029713447	
7189	 0.019821845058270372	 1.4002154113149594	
7190	 0.01977926297042873	 1.3952056699884603	
7191	 0.019724310954622088	 1.3887512384265845	
7192	 0.019675460001037287	 1.3830234676435884	
7193	 0.01965118071057268	 1.3801802461355301	
7194	 0.019617598260206842	 1.376251438376138	
7195	 0.019575271771543615	 1.3713060499075471	
7196	 0.019575159921297866	 1.371292990861391	
7197	 0.01952465842780666	 1.36540178545264	
7198	 0.01947238499534103	 1.3593145665228834	
7199	 0.019422035078211386	 1.3534616309418002	
7200	 0.01937526117283417	 1.3480334448555042	
7201	 0.019323098056826853	 1.3419901283161904	
7202	 0.019273302899775854	 1.3362312872000095	
7203	 0.019228490435215916	 1.3310571700505271	
7204	 0.019191826549854494	 1.3268298748338159	
7205	 0.019160318984851776	 1.3232013946916397	
7206	 0.019134814028498613	 1.3202670996719554	
7207	 0.019113792129042285	 1.3178505308421082	
7208	 0.01909599862295243	 1.31580646548354	
7209	 0.019078956490168997	 1.313849905760543	
7210	 0.019054797320872396	 1.311078254995977	
7211	 0.019019134130418138	 1.3069910902973718	
7212	 0.018996296334866446	 1.3043764561583853	
7213	 0.018969656527732658	 1.3013291874738984	
7214	 0.018941142790554116	 1.2980707236424058	
7215	 0.01890754670687831	 1.2942356590453286	
7216	 0.01888661301315946	 1.2918483289791902	
7217	 0.018882099949724816	 1.2913338791363056	
7218	 0.018898622230076236	 1.2932176741002395	
7219	 0.01928380843448644	 1.337445434274944	
7220	 0.020080519534040792	 1.4308023116100224	
7221	 0.022544691390288675	 1.7352493195903949	
7222	 0.02585290206610128	 2.180068935932883	
7223	 0.030084129217195388	 2.8066211949341753	
7224	 0.03219044762821403	 3.141712341267011	
7225	 0.0320648814450986	 3.121313967569858	
7226	 0.03230508566508139	 3.1603818085412847	
7227	 0.033115128850912556	 3.2935591967512834	
7228	 0.0327549986792921	 3.2340795782756397	
7229	 0.03240556180668116	 3.176781293850512	
7230	 0.03206636731288745	 3.1215550377226475	
7231	 0.031737034511527616	 3.0683057347774945	
7232	 0.031417210544979306	 3.0169452514370683	
7233	 0.03110656047128422	 2.967390574339289	
7234	 0.030864757421613265	 2.9290458610742984	
7235	 0.03077191932181576	 2.9143767940256144	
7236	 0.03133997086209811	 3.0045933764233683	
7237	 0.031080307720385995	 2.9632178078422045	
7238	 0.03087076583075575	 2.9299962464200626	
7239	 0.030713542988771762	 2.9051680181653836	
7240	 0.030567256459650107	 2.882142786789345	
7241	 0.03043511938587902	 2.861407697013384	
7242	 0.030279888605271095	 2.8371252797275486	
7243	 0.030124118963022424	 2.8128418498247583	
7244	 0.029964600354682916	 2.788060591884111	
7245	 0.02980734846720347	 2.763717400676842	
7246	 0.02977036583011802	 2.7580047556502696	
7247	 0.029808608244029804	 2.7639120795264325	
7248	 0.029840367040906857	 2.7688217179147627	
7249	 0.029861071135451844	 2.772024270330254	
7250	 0.029840374408005424	 2.7688228572095173	
7251	 0.0297811162684555	 2.759664870110411	
7252	 0.0296910573121503	 2.745770051199994	
7253	 0.029566040898628933	 2.7265283250910195	
7254	 0.029410497870182045	 2.702663764807656	
7255	 0.029233929767348565	 2.6756751817744693	
7256	 0.02904523892511613	 2.64695351116086	
7257	 0.028946176957337318	 2.631924415249494	
7258	 0.029185120233519934	 2.668233728036148	
7259	 0.029701374962858098	 2.7473604951641266	
7260	 0.029422065919196588	 2.704435731060494	
7261	 0.02914887240290435	 2.662712784664327	
7262	 0.028876119991253675	 2.621316460155061	
7263	 0.028607699475174657	 2.580831295344264	
7264	 0.02834418914105924	 2.541332285846978	
7265	 0.02809048083895817	 2.503533154079188	
7266	 0.027858858114722412	 2.469222604584784	
7267	 0.02764396701576258	 2.437560115269987	
7268	 0.027434967600095218	 2.4069227083260167	
7269	 0.02723129294744064	 2.377215182515816	
7270	 0.02703282591362456	 2.3484093689983183	
7271	 0.02683943134690897	 2.320475077923403	
7272	 0.026650944126397097	 2.293378426850668	
7273	 0.026467027167750602	 2.2670616489998254	
7274	 0.026287240414330372	 2.2414534297645616	
7275	 0.02611139683527704	 2.2165195531654023	
7276	 0.025939519246115553	 2.1922559772282217	
7277	 0.025771376395410096	 2.1686231097225708	
7278	 0.025607382222609092	 2.1456721526123324	
7279	 0.025447513853237604	 2.12339271985648	
7280	 0.025291922719232973	 2.1017987777579776	
7281	 0.025140999431909873	 2.080937110640693	
7282	 0.02499734514679619	 2.061157612973362	
7283	 0.024859181831547783	 2.0422055082439745	
7284	 0.02472219068203943	 2.0234833938550234	
7285	 0.024588709151757964	 2.005307330759782	
7286	 0.024459014700439027	 1.9877098432161298	
7287	 0.024332389801725467	 1.9705887551974053	
7288	 0.024223233917831027	 1.9558772569289011	
7289	 0.024106103975474278	 1.9401401386324304	
7290	 0.024881944066706112	 2.0453230249353926	
7291	 0.02476052358468084	 2.0287152707489926	
7292	 0.024627720343373048	 2.0106126650334617	
7293	 0.02449805815783036	 1.9930008952355334	
7294	 0.024372984832177553	 1.9760711999416702	
7295	 0.024250828949039353	 1.95959221551181	
7296	 0.024131598113643103	 1.9435611003600257	
7297	 0.024015963649091702	 1.928063889424857	
7298	 0.023903960972877284	 1.913100756283101	
7299	 0.023793134146182848	 1.8983406469110113	
7300	 0.023684637415929775	 1.88393519364344	
7301	 0.02357841777500616	 1.86987462926813	
7302	 0.023475938637327498	 1.8563491678896515	
7303	 0.02338000851940282	 1.8437236790451141	
7304	 0.02328776337869916	 1.831615701044529	
7305	 0.023198523307187923	 1.8199325524982592	
7306	 0.023111168927913987	 1.808525256817396	
7307	 0.023024231271619955	 1.7972008826631205	
7308	 0.02294540996943436	 1.786958340071928	
7309	 0.02289183865707956	 1.7800103140674837	
7310	 0.02384022694979314	 1.9046069610021545	
7311	 0.023777273597078832	 1.896232053020869	
7312	 0.023742941508164115	 1.891670956148802	
7313	 0.024519753382677166	 1.995943398194541	
7314	 0.024501165664080612	 1.9934222568363043	
7315	 0.024421356698366828	 1.9826118755777495	
7316	 0.024314709217650325	 1.968202859900537	
7317	 0.024202786116575333	 1.9531263074912781	
7318	 0.02409227180672835	 1.9382850612795552	
7319	 0.02398161634996165	 1.923470263540685	
7320	 0.023870800529267485	 1.9086795970862516	
7321	 0.02376075167721454	 1.8940365295796526	
7322	 0.023652110650062747	 1.8796250676421415	
7323	 0.023805393302877613	 1.8999710929023428	
7324	 0.023694602019988305	 1.8852563947032748	
7325	 0.02369110742751082	 1.8847930065359535	
7326	 0.023581973623124534	 1.8703446441551508	
7327	 0.02347493365977128	 1.8562167228745168	
7328	 0.023369919327264135	 1.8423978307552356	
7329	 0.023267639361307234	 1.8289784900130341	
7330	 0.023170342306556582	 1.816249361883209	
7331	 0.0230752687038569	 1.8038454965658994	
7332	 0.022976936673270158	 1.7910523109763756	
7333	 0.02287847013299492	 1.778278148104464	
7334	 0.022779327160848316	 1.7654532091605588	
7335	 0.022681002055630617	 1.7527707675067201	
7336	 0.022584102112464356	 1.7403079584236218	
7337	 0.022493351287679337	 1.7286682998384937	
7338	 0.022410598526646595	 1.7180817215975697	
7339	 0.022332753028758583	 1.7081466895817174	
7340	 0.02225668471739635	 1.6984607474471332	
7341	 0.022181128221657898	 1.688861798334659	
7342	 0.022107069666580156	 1.679474282708969	
7343	 0.022034751186392882	 1.67032754509847	
7344	 0.021964137067066375	 1.661415662599081	
7345	 0.021895000285309843	 1.6527087138623073	
7346	 0.021838989694756717	 1.645668275994448	
7347	 0.021846271134621325	 1.6465828609071753	
7348	 0.022080568036595406	 1.6761200752985763	
7349	 0.022572292232490403	 1.7387914605762902	
7350	 0.023899427395783268	 1.9124960697869822	
7351	 0.023876241566355188	 1.9094047498030042	
7352	 0.023766123312741947	 1.8947502303863308	
7353	 0.023658690849241163	 1.8804966920579265	
7354	 0.023594936381806823	 1.872058472180818	
7355	 0.025665533868857116	 2.153799287778829	
7356	 0.04138419842842742	 4.7754280330505425	
7357	 0.049597660147777625	 6.45738537277554	
7358	 0.056445258931151286	 8.010639251267175	
7359	 0.06449561210981922	 10.003953699596096	
7360	 0.068421813612938	 11.0394057043508	
7361	 0.07362691165529818	 12.47428603702694	
7362	 0.07883290195711581	 13.978714921228695	
7363	 0.08319819133710205	 15.292478087907234	
7364	 0.08613706377704688	 16.203350662288845	
7365	 0.08753371873860882	 16.643590567621093	
7366	 0.08778460359662252	 16.723171575016842	
7367	 0.08708504989942407	 16.50165108204253	
7368	 0.08712355093046638	 16.513812071118167	
7369	 0.08736907772166005	 16.591448769316923	
7370	 0.085007378281806	 15.850723689252218	
7371	 0.08256176022563035	 15.098007295977505	
7372	 0.080258021045474	 14.40241994320588	
7373	 0.07802977337388953	 13.742169497622884	
7374	 0.07589082799084725	 13.120091891956804	
7375	 0.0738696613368581	 12.542908039837927	
7376	 0.07192094193969728	 11.996291292416744	
7377	 0.07011906050421615	 11.499568356538623	
7378	 0.06883213390185228	 11.14996354680005	
7379	 0.0677534400048198	 10.860262153664257	
7380	 0.06628350598256048	 10.470413773416078	
7381	 0.0648634406882488	 10.099224548287468	
7382	 0.06353115105514814	 9.755868358331991	
7383	 0.062287814868458725	 9.439736773828708	
7384	 0.061131872060146114	 9.149574213923511	
7385	 0.06004605113496565	 8.880323996418786	
7386	 0.05901672994086658	 8.628062749099774	
7387	 0.05794344270898041	 8.368132541914656	
7388	 0.056705911485406914	 8.072386566264484	
7389	 0.055518768786281716	 7.792696620558336	
7390	 0.054379224772971864	 7.52794455274242	
7391	 0.053284946136661064	 7.277165916358349	
7392	 0.05223365823816384	 7.039451107175682	
7393	 0.05122278376798705	 6.813862309716645	
7394	 0.05025096058158934	 6.599768037125826	
7395	 0.049316804521368295	 6.396556979342701	
7396	 0.04841752940425075	 6.203342591205477	
7397	 0.04754976324274174	 6.0191521725190285	
7398	 0.04678059284653498	 5.857751272804902	
7399	 0.045975955116786774	 5.690791295012812	
7400	 0.045200054968457394	 5.531628385437376	
7401	 0.04445274614421987	 5.380042634665508	
7402	 0.0437348615721615	 5.236016245543983	
7403	 0.04304568194585704	 5.0992234776987075	
7404	 0.042379043370833036	 4.968286594445286	
7405	 0.04173098211404021	 4.842307903592713	
7406	 0.041104273840194605	 4.721714154388182	
7407	 0.040498043683720245	 4.606221298343473	
7408	 0.0399106042090664	 4.495402291948669	
7409	 0.039340578786110546	 4.388902839905002	
7410	 0.038794147455704246	 4.287772605722208	
7411	 0.038279308647886784	 4.193354070577736	
7412	 0.03777022211693012	 4.100819206919877	
7413	 0.03727870097618854	 4.012262532458439	
7414	 0.036804478873483364	 3.927557147542602	
7415	 0.03634610752553172	 3.846371576473484	
7416	 0.035902378657195796	 3.7684269124468224	
7417	 0.035472316321066774	 3.6934932177252873	
7418	 0.03505525074989176	 3.621400202434215	
7419	 0.03465075604516744	 3.5520242040740775	
7420	 0.034255732713512205	 3.484791727394597	
7421	 0.03387278317113041	 3.4201057005977376	
7422	 0.03350169410068132	 3.3578864524683874	
7423	 0.03314484313187198	 3.298486200184795	
7424	 0.03279867292335975	 3.241269765755423	
7425	 0.03246316423422684	 3.1861983356256602	
7426	 0.03213885092966156	 3.133323964573275	
7427	 0.03182462131671422	 3.0824317260565226	
7428	 0.03151441842746627	 3.032519158219957	
7429	 0.031223665755757773	 2.986032569154291	
7430	 0.030955896769065953	 2.943475155269544	
7431	 0.030689399658862845	 2.9013628536901663	
7432	 0.030430252969158737	 2.860645197398886	
7433	 0.030170806516233634	 2.8201113590231888	
7434	 0.029907657015648317	 2.7792356846740773	
7435	 0.029651645395567874	 2.7396981796820294	
7436	 0.029402735645549728	 2.7014750261429317	
7437	 0.029363224880386327	 2.6954274296967022	
7438	 0.029122145557954535	 2.6586449224117534	
7439	 0.028890685690714023	 2.623520572480925	
7440	 0.028666829140797115	 2.5897280148628017	
7441	 0.02845119948540052	 2.557343265253604	
7442	 0.028234993269879712	 2.525035795639723	
7443	 0.028023914403887525	 2.493653199565107	
7444	 0.02781764942963871	 2.463138170147751	
7445	 0.02761711034216915	 2.433614495240031	
7446	 0.02742216805964116	 2.405051452040583	
7447	 0.027232608945092135	 2.3774066570813863	
7448	 0.027047857081780074	 2.350586097788149	
7449	 0.02686859446530596	 2.3246788925766846	
7450	 0.026696297687621686	 2.299886755972003	
7451	 0.02653062300795002	 2.276147868828694	
7452	 0.026366008169270278	 2.2526585199471607	
7453	 0.026205990438494194	 2.229918661291358	
7454	 0.026050403167767484	 2.207896986055453	
7455	 0.025899241515838275	 2.186585518450477	
7456	 0.02575213836408725	 2.165925694792331	
7457	 0.025702355157983393	 2.15895169607519	
7458	 0.025568257578421984	 2.1402111038266094	
7459	 0.02542980304506711	 2.1209302477412866	
7460	 0.025294993551781303	 2.1022241133734374	
7461	 0.025166969195219987	 2.08452090145694	
7462	 0.025109853506090136	 2.0766422704557908	
7463	 0.025005176349619414	 2.062233929195376	
7464	 0.024913520657344007	 2.0496509051740257	
7465	 0.024828044918172355	 2.037944076519778	
7466	 0.02470990413656898	 2.0218076050730485	
7467	 0.0245942080255912	 2.0060548116407806	
7468	 0.02448056535044085	 1.9906296268747887	
7469	 0.02436922064354775	 1.9755625820422014	
7470	 0.02426031605782653	 1.96087006108956	
7471	 0.02440596097893962	 1.9805291820132715	
7472	 0.024295910748521544	 1.965667380624233	
7473	 0.02418905551566499	 1.9512799273496197	
7474	 0.02408786743549083	 1.9376945256635005	
7475	 0.02399343076247835	 1.9250498347665224	
7476	 0.02389516122449511	 1.9119271195913548	
7477	 0.0238203137778618	 1.901956244826659	
7478	 0.02373377592637392	 1.8904540307091569	
7479	 0.023646206850054283	 1.878843177791117	
7480	 0.02357511640329611	 1.8694382935802618	
7481	 0.0234969341518399	 1.8591170106253976	
7482	 0.023413072085553974	 1.8480713258434667	
7483	 0.023340242702621024	 1.838500156350768	
7484	 0.023265399449829548	 1.8286850482370796	
7485	 0.023192286703372308	 1.8191171858615183	
7486	 0.023120707194199706	 1.809769429317731	
7487	 0.02304927448118627	 1.8004600573095937	
7488	 0.022978359082030376	 1.7912371094044472	
7489	 0.02290774247633175	 1.7820718579206076	
7490	 0.022838884081021252	 1.7731529217775	
7491	 0.022785834840570465	 1.7662938908604662	
7492	 0.022717437278660293	 1.7574660909540674	
7493	 0.022651414426298772	 1.7489615753044578	
7494	 0.02258686388290452	 1.7406626715878526	
7495	 0.022524018085902858	 1.7325981137077084	
7496	 0.022463229153609005	 1.7248117579405935	
7497	 0.02240442167590542	 1.7172925593242017	
7498	 0.022350694873257273	 1.7104344735619517	
7499	 0.022302934602633894	 1.7043472196947231	
7500	 0.02225773897683487	 1.6985948379888693	
7501	 0.022337534688462436	 1.708756284459616	
7502	 0.022292630958650923	 1.703035114147558	
7503	 0.02223498561649453	 1.695701794121992	
7504	 0.022174337685206973	 1.6880001719446298	
7505	 0.022114410716021958	 1.6804038849117424	
7506	 0.022061447526280347	 1.6737017332531812	
7507	 0.022190909713925382	 1.6901032453146527	
7508	 0.022282651352901563	 1.7017646582426753	
7509	 0.022203105024452958	 1.691651560193736	
7510	 0.022123887480909467	 1.681604238487999	
7511	 0.02204592942394783	 1.671740046884097	
7512	 0.021967460201928347	 1.6618346324506839	
7513	 0.021888115609531668	 1.6518426736054375	
7514	 0.021809723343360163	 1.6419943279095126	
7515	 0.02173414861729234	 1.632522262097891	
7516	 0.021663247935549263	 1.6236559510453399	
7517	 0.021595884550070707	 1.6152498898420602	
7518	 0.021532313519066783	 1.6073330795235854	
7519	 0.021473431304399236	 1.6000140769593674	
7520	 0.021418731416218223	 1.593226910201614	
7521	 0.0213669609612773	 1.586813862383395	
7522	 0.02131592250289688	 1.5805016223840178	
7523	 0.021255804307327177	 1.5730793499120537	
7524	 0.021206925310037407	 1.5670549885218026	
7525	 0.021154944744510018	 1.5606585062217053	
7526	 0.02109632358736111	 1.5534574257023974	
7527	 0.021036213676202786	 1.5460873048978836	
7528	 0.020978472338818638	 1.5390208048338512	
7529	 0.020929508959143632	 1.5330387185862218	
7530	 0.020895771501958923	 1.5289222792343937	
7531	 0.020866127382609456	 1.5253089390790278	
7532	 0.020841980741773264	 1.522368217862544	
7533	 0.02081831528566529	 1.5194883012097729	
7534	 0.02079507615794529	 1.5166623887581252	
7535	 0.020770860169043604	 1.513719927684327	
7536	 0.020746280748062312	 1.510735644178875	
7537	 0.02072234570605264	 1.5078318615696393	
7538	 0.02069859330027349	 1.5049524458615764	
7539	 0.02067556702647066	 1.5021631584574828	
7540	 0.02065370079661275	 1.4995163093127262	
7541	 0.020632077126707834	 1.4969006579462516	
7542	 0.020610808120730652	 1.494329689816941	
7543	 0.020590760394748598	 1.4919079670516897	
7544	 0.020573457829899625	 1.4898191172746242	
7545	 0.0205573741869642	 1.4878784716930913	
7546	 0.020542423440077038	 1.486075428405978	
7547	 0.020527971226067303	 1.4843333389844036	
7548	 0.02051330753458141	 1.4825665932713579	
7549	 0.0204995731068851	 1.4809125727541528	
7550	 0.020486741670716423	 1.4793679657810068	
7551	 0.02047433778415816	 1.4778754388013111	
7552	 0.0204619648497991	 1.4763872366501622	
7553	 0.020451968354363737	 1.475185307864787	
7554	 0.020442800975796385	 1.474083412174492	
7555	 0.02043459939061786	 1.473097881554321	
7556	 0.020427769698024692	 1.4722774034516986	
7557	 0.020420366039463726	 1.4713881790895966	
7558	 0.020412744558058735	 1.4704730173652891	
7559	 0.02040524349777036	 1.4695725377986026	
7560	 0.020397717884654172	 1.4686693324771196	
7561	 0.020390042348262288	 1.467748362547323	
7562	 0.020382213381555554	 1.4668092209379582	
7563	 0.020373742248294562	 1.4657933176224895	
7564	 0.020365612033252434	 1.4648185638224263	
7565	 0.020356176283930015	 1.4636876111466026	
7566	 0.02034411725537199	 1.4622427454046705	
7567	 0.020329400607494785	 1.460480227524146	
7568	 0.020313016550450314	 1.4585190152060685	
7569	 0.02029507022496286	 1.4563720053731684	
7570	 0.020278348471556795	 1.4543726360493432	
7571	 0.020252594318500163	 1.4512954396615365	
7572	 0.02022881039120475	 1.4484559687546918	
7573	 0.02019967704929591	 1.4449808837131162	
7574	 0.020167198717324884	 1.4411107383665331	
7575	 0.020130115565644917	 1.4366969568027494	
7576	 0.020091602600152237	 1.432118727905533	
7577	 0.020058730299995713	 1.4282156580203873	
7578	 0.020034730377209094	 1.4253687352967574	
7579	 0.020016433619222795	 1.4231998610133145	
7580	 0.02000090013669487	 1.4213595788877595	
7581	 0.01998569004990528	 1.4195585331230332	
7582	 0.01997030996615319	 1.4177382867324264	
7583	 0.01995460345935442	 1.415880372177706	
7584	 0.019939626354137686	 1.4141096459798577	
7585	 0.019925921890454522	 1.4124901594234638	
7586	 0.01991263067027856	 1.4109202159031717	
7587	 0.01989727532061897	 1.4091073293819258	
7588	 0.01987602936134299	 1.4066005221691513	
7589	 0.01984781731889918	 1.4032745480723978	
7590	 0.019818497736665885	 1.3998213420907974	
7591	 0.01979068540018774	 1.396548802808036	
7592	 0.019765324397722706	 1.3935673710657122	
7593	 0.019743613906785997	 1.3910171175416963	
7594	 0.01972583539347622	 1.3889301311047426	
7595	 0.01970501707886904	 1.3864879015390266	
7596	 0.019687851177499684	 1.3844754358271565	
7597	 0.019670376471272087	 1.3824279681867362	
7598	 0.019651935371734677	 1.3802685853365053	
7599	 0.019631845410607716	 1.3779176640470434	
7600	 0.019603676884501407	 1.3746240916206005	
7601	 0.019580015144705868	 1.3718599069849748	
7602	 0.019568495610692103	 1.3705149908062524	
7603	 0.019561684726622244	 1.369720062067815	
7604	 0.0195581758867917	 1.3693106016857337	
7605	 0.01955500488610313	 1.368940607212281	
7606	 0.019550987381268904	 1.3684718995082268	
7607	 0.01954634636731219	 1.36793052918366	
7608	 0.019541575634062128	 1.367374116527312	
7609	 0.01953653340547983	 1.366786137682498	
7610	 0.019530878236799082	 1.366126803690659	
7611	 0.019524740052009333	 1.3654112990622966	
7612	 0.019519530755606307	 1.3648041890101565	
7613	 0.01951447348281693	 1.3642148996580135	
7614	 0.01951085691556134	 1.363793548282942	
7615	 0.01950889418749987	 1.3635649007048067	
7616	 0.01950827231678591	 1.3634924592104978	
7617	 0.019507884689727924	 1.3634473054537244	
7618	 0.019508166454098395	 1.3634801274576993	
7619	 0.019500394232727265	 1.362574877340986	
7620	 0.019498345838725697	 1.3623363357981715	
7621	 0.019492068528489618	 1.361605428491238	
7622	 0.019481028904037002	 1.3603203951634721	
7623	 0.01946486006539883	 1.3584391876016042	
7624	 0.019438869143300796	 1.355417385769145	
7625	 0.019426364357480942	 1.3539644918005502	
7626	 0.019422335805056517	 1.3534965589969177	
7627	 0.01942222167857589	 1.3534833036828802	
7628	 0.019422467294130354	 1.353511830968012	
7629	 0.019422574427340827	 1.3535242741463414	
7630	 0.019422968675890297	 1.3535700652432194	
7631	 0.01942425580758838	 1.3537195670564417	
7632	 0.019426536928395105	 1.353984538061538	
7633	 0.01942926806206207	 1.3543018090588645	
7634	 0.019432396332860195	 1.3546652513117652	
7635	 0.019436033151777554	 1.3550878256791596	
7636	 0.01943979406029357	 1.3555248738853731	
7637	 0.01944324248101165	 1.3559256580052343	
7638	 0.019445793278052993	 1.3562221485390464	
7639	 0.01944752486612428	 1.3564234335304945	
7640	 0.019449499154486807	 1.3566529453096978	
7641	 0.019451341675137988	 1.3568671530536847	
7642	 0.019453021033488938	 1.3570624036606695	
7643	 0.019451777642643955	 1.3569178397379273	
7644	 0.01946330873974933	 1.3582587491463414	
7645	 0.019475180444535004	 1.3596398200074609	
7646	 0.01948710975288645	 1.3610281575195529	
7647	 0.019498856680686124	 1.3623958232924755	
7648	 0.0195098724944885	 1.363678866447576	
7649	 0.01952100114128581	 1.3649755420812	
7650	 0.019532591429824112	 1.3663265307855834	
7651	 0.019543912199985462	 1.3676466198950552	
7652	 0.019554756537243773	 1.3689116313907392	
7653	 0.01956490342703708	 1.37009570799626	
7654	 0.0195744813834373	 1.3712137694174071	
7655	 0.019583123148744195	 1.372222859694255	
7656	 0.019590304481765797	 1.3730616426418714	
7657	 0.019596581662180743	 1.3737949880744684	
7658	 0.019602495105826668	 1.3744859824278661	
7659	 0.019608612888448798	 1.3752010003508204	
7660	 0.019614216552774233	 1.375856061036365	
7661	 0.019620138758932575	 1.3765484944432236	
7662	 0.01962800841808887	 1.3774688426547959	
7663	 0.01963616971164015	 1.3784235570775198	
7664	 0.019645088548641606	 1.379467192066035	
7665	 0.019653940745759494	 1.3805033415972752	
7666	 0.01966262711506513	 1.381520383466994	
7667	 0.01966568474922543	 1.381878457259263	
7668	 0.019674468802288802	 1.3829073476892495	
7669	 0.019683577518769115	 1.3839745899544005	
7670	 0.01969325327610167	 1.3851086314615746	
7671	 0.019703062293499364	 1.3862586708621378	
7672	 0.019712921346227253	 1.3874149612402136	
7673	 0.019723751251492685	 1.3886855596589223	
7674	 0.019735263389636375	 1.3900367098463124	
7675	 0.019746655533642948	 1.3913742939860043	
7676	 0.019757279301461383	 1.3926221245465848	
7677	 0.019766800545789023	 1.3937408367228048	
7678	 0.01977679547059405	 1.3949155912156073	
7679	 0.019791559392445163	 1.396651594498804	
7680	 0.019800224213309618	 1.3976708422845787	
7681	 0.01979201875647483	 1.3967056222836958	
7682	 0.0197768021572066	 1.3949163772598012	
7683	 0.019762326130532703	 1.3932150641699446	
7684	 0.01975018640596678	 1.3917889682403743	
7685	 0.019731013146788032	 1.3895378085195043	
7686	 0.019698947057723144	 1.3857761414621275	
7687	 0.01966330716297552	 1.3816000193904747	
7688	 0.01963268506550018	 1.3780158881126179	
7689	 0.01960390697231597	 1.3746509816008456	
7690	 0.01957048958955042	 1.370747751906116	
7691	 0.01952802557704694	 1.3657942614496263	
7692	 0.019479185464494106	 1.360105862577188	
7693	 0.01942689925197914	 1.3540266268447227	
7694	 0.019374195851666973	 1.3479099142847855	
7695	 0.01932050557761166	 1.341690062050761	
7696	 0.019266890067078966	 1.3354903592521838	
7697	 0.01921678216611616	 1.3297066382920535	
7698	 0.019180234204080847	 1.3254944127823962	
7699	 0.019148379824427273	 1.3218274934026244	
7700	 0.01911997746180206	 1.3185613808266077	
7701	 0.01909536331375455	 1.3157335065095848	
7702	 0.019075489189544024	 1.3134519772337345	
7703	 0.019061347026670283	 1.3118294359677278	
7704	 0.019052858121945668	 1.3108558827106311	
7705	 0.019049893751819577	 1.310515980908623	
7706	 0.019054048641434285	 1.3109924004594515	
7707	 0.019071011794191666	 1.3129381954209307	
7708	 0.019088551416342695	 1.314951329205672	
7709	 0.019105602858946132	 1.3169096140691365	
7710	 0.01912263974975362	 1.318867391735209	
7711	 0.01913958326483997	 1.3208155928480971	
7712	 0.019156295271366523	 1.3227383012715095	
7713	 0.01917260562768453	 1.3246158786055608	
7714	 0.019174721594199483	 1.3248595375364773	
7715	 0.019170423038329477	 1.3243645666673527	
7716	 0.019185109167577697	 1.3260559530504188	
7717	 0.019199520052881665	 1.3277164791397016	
7718	 0.019213729976527878	 1.3293546627941593	
7719	 0.019214444593994406	 1.329437068434979	
7720	 0.019204148856032263	 1.3282500195687175	
7721	 0.019197105708760258	 1.3274382230427804	
7722	 0.019201303811284397	 1.3279220744499864	
7723	 0.019210458895952284	 1.3289774863820056	
7724	 0.019226992199474366	 1.3308843201469633	
7725	 0.0192433734806277	 1.3327746991365956	
7726	 0.019259698004769607	 1.3346595959872138	
7727	 0.019275737498075495	 1.33651261965725	
7728	 0.01929144894617695	 1.3383287415546405	
7729	 0.019306929355394752	 1.340119121827332	
7730	 0.019322413416256318	 1.3419108820489176	
7731	 0.019338219431496263	 1.343740885225758	
7732	 0.019354304046577134	 1.3456041683481905	
7733	 0.019370120940482707	 1.3474374449466138	
7734	 0.01938565596373742	 1.3492390227152757	
7735	 0.019400908350950645	 1.3510087601535519	
7736	 0.019415703180853186	 1.3527262935840179	
7737	 0.019429562659012908	 1.3543360336454233	
7738	 0.01943864257999885	 1.3553910565073004	
7739	 0.01944914812262008	 1.356612136585263	
7740	 0.01946578006834016	 1.3585461999077058	
7741	 0.01950549266811587	 1.3631686777629681	
7742	 0.01980490171843171	 1.3982211834696112	
7743	 0.019813020055686054	 1.3991765683392883	
7744	 0.01983799501057164	 1.4021173157497986	
7745	 0.019895813679628362	 1.4089348134162405	
7746	 0.01990349004080313	 1.409840940670544	
7747	 0.01994171492271551	 1.4143565218940457	
7748	 0.0199970719510799	 1.4209061925320243	
7749	 0.019999544815639526	 1.4211990565247543	
7750	 0.020000723488895446	 1.4213386565541892	
7751	 0.020001843965308533	 1.4214713689349887	
7752	 0.020007580366792087	 1.422150882115245	
7753	 0.020013229134145986	 1.4228201414102284	
7754	 0.020018791871502743	 1.4234793310549627	
7755	 0.02002426995792406	 1.4241286088367249	
7756	 0.020029664709233463	 1.4247681252516573	
7757	 0.020034977413390824	 1.4253980276880653	
7758	 0.02004020933824555	 1.4260184613386884	
7759	 0.020045361733255246	 1.4266295693983224	
7760	 0.020050435829896927	 1.4272314931066965	
7761	 0.0200554328418076	 1.4278243717594403	
7762	 0.020060353964879644	 1.4284083427138474	
7763	 0.02006519589128991	 1.4289830089211293	
7764	 0.020069968417774475	 1.4295495288446602	
7765	 0.020074668343081328	 1.4301075184667225	
7766	 0.020079296796158507	 1.4306571078072936	
7767	 0.020083854673520776	 1.4311983994246773	
7768	 0.020088342600132227	 1.431731463745136	
7769	 0.020092762594804674	 1.4322565368921862	
7770	 0.02009711619390698	 1.4327737978619732	
7771	 0.02010140494539568	 1.4332834271866082	
7772	 0.020105628168423643	 1.4337853406507541	
7773	 0.02010978349943211	 1.4342792540194045	
7774	 0.02011387465358963	 1.434765605637362	
7775	 0.02011790689632455	 1.4352450184702639	
7776	 0.020121880097145117	 1.4357174741879344	
7777	 0.020125795361348675	 1.4361831014707072	
7778	 0.020129651610012067	 1.4366417692966909	
7779	 0.020133449731324093	 1.4370935806349685	
7780	 0.020137190624003418	 1.4375386398012868	
7781	 0.020140875177741647	 1.4379770501296394	
7782	 0.020144504269386358	 1.438408913515343	
7783	 0.02014807876226373	 1.4388343303315327	
7784	 0.020151599506176204	 1.4392533994260297	
7785	 0.020155067337547777	 1.439666218135853	
7786	 0.020158483079601802	 1.4400728823056903	
7787	 0.0201617722564157	 1.4404645215584688	
7788	 0.020165086650923005	 1.4408592065467014	
7789	 0.02016835228715745	 1.4412481275988602	
7790	 0.020171569169694502	 1.4416312833770455	
7791	 0.020174737899556774	 1.4420087436245852	
7792	 0.020177856765709788	 1.4423803026867075	
7793	 0.02018091279765176	 1.4427444132775404	
7794	 0.02018385837185458	 1.4430953981846348	
7795	 0.020186779535608906	 1.4434435081493489	
7796	 0.020189682498753407	 1.4437894824502708	
7797	 0.020295964254656868	 1.4564789327306304	
7798	 0.02051663801716162	 1.4829677905121714	
7799	 0.02061507529379411	 1.494845358053689	
7800	 0.020805172229843853	 1.5178898275945996	
7801	 0.02086554448297921	 1.5252379233668811	
7802	 0.020884832091459055	 1.5275884695418567	
7803	 0.020872698040134793	 1.5261095456019236	
7804	 0.020860853105913492	 1.5246664126057476	
7805	 0.020849287686535847	 1.523257861424321	
7806	 0.020837994630062633	 1.521882983838644	
7807	 0.020826967443439745	 1.5205409539296795	
7808	 0.020816199898233485	 1.519230979908851	
7809	 0.02080568594167771	 1.5179522931821712	
7810	 0.02079747544963331	 1.5169540487792725	
7811	 0.020823079312327582	 1.5200678737996105	
7812	 0.021182851257256084	 1.5640912485403777	
7813	 0.02165470812888549	 1.62258932998857	
7814	 0.022256889169276223	 1.6984867512118764	
7815	 0.023004396271668004	 1.7946211916232357	
7816	 0.024686864066663403	 2.0186666169776664	
7817	 0.02520249744502558	 2.089427744707661	
7818	 0.02552658803370561	 2.1344009591122393	
7819	 0.025495692883401026	 2.130097209165895	
7820	 0.02538978841212923	 2.115370909676005	
7821	 0.025418448304903862	 2.1193521107782387	
7822	 0.02547815286436259	 2.12765539953189	
7823	 0.025554672266184148	 2.138316157452354	
7824	 0.025628365041063167	 2.148603243920451	
7825	 0.02566347802370977	 2.153511758232441	
7826	 0.025652557728222957	 2.1519847082021664	
7827	 0.025621357200751187	 2.147624140236192	
7828	 0.02558296010650439	 2.1422626414135477	
7829	 0.025518400709363873	 2.133260111737686	
7830	 0.02540684502200205	 2.1177399155919994	
7831	 0.025288877378504417	 2.1013770069689865	
7832	 0.02517390829408917	 2.085478904907886	
7833	 0.025061735010988396	 2.0700139921745895	
7834	 0.024951109814349885	 2.0548076359440226	
7835	 0.024843534870374856	 2.0400636031071295	
7836	 0.025247253799544504	 2.09561565757181	
7837	 0.026006617715046646	 2.2017154057204507	
7838	 0.027034867447088627	 2.3487049649908367	
7839	 0.02776761168039242	 2.4557582046598587	
7840	 0.02800613140836138	 2.491016449006144	
7841	 0.028235148796967067	 2.5250589768142357	
7842	 0.028511849962984413	 2.566435692568861	
7843	 0.028559127880774582	 2.5735323201808993	
7844	 0.02862240578337246	 2.5830428796668183	
7845	 0.028421218952864088	 2.5528534967721184	
7846	 0.028225513437349137	 2.5236229957365124	
7847	 0.028035048540483463	 2.495304667178957	
7848	 0.0278496539576908	 2.467863096266587	
7849	 0.027669173636661222	 2.4412656451190107	
7850	 0.027493523137268636	 2.415490782272687	
7851	 0.027322465897244512	 2.3904952176814263	
7852	 0.027155898325397936	 2.3662557457388544	
7853	 0.02699366533936912	 2.3427421452050017	
7854	 0.026835641286790946	 2.3199289705964543	
7855	 0.02668170624519129	 2.2977920491113664	
7856	 0.026531725813947884	 2.2763055598298245	
7857	 0.02638546211891433	 2.2554293781941506	
7858	 0.026242355262495055	 2.235078302341418	
7859	 0.02610266935911758	 2.215284941171406	
7860	 0.02596743508775379	 2.1961895262194537	
7861	 0.025835624170715495	 2.177641187129164	
7862	 0.0257071350096564	 2.1596209024897774	
7863	 0.025581875437926487	 2.1421112638218776	
7864	 0.025459776443775575	 2.125098353251961	
7865	 0.02534075815092393	 2.108566966202019	
7866	 0.025224737219061308	 2.0925016509242718	
7867	 0.02511176242470047	 2.076905397009553	
7868	 0.02500160416849039	 2.0617429427011067	
7869	 0.02489417634375034	 2.046999143802499	
7870	 0.02478940347616591	 2.032660519357953	
7871	 0.0246872128876978	 2.0187141562068995	
7872	 0.024587534285295694	 2.0051476415577567	
7873	 0.02449029960513446	 1.991949031590439	
7874	 0.024395442914896235	 1.979106828669605	
7875	 0.024302900331497623	 1.9666099612422299	
7876	 0.02421260994486738	 1.9544477650892638	
7877	 0.024124511745587055	 1.942609965597659	
7878	 0.02403854755578347	 1.9310866609380997	
7879	 0.023954660702397736	 1.9198682712719564	
7880	 0.02387276703916467	 1.9089416704356428	
7881	 0.023792704155698775	 1.8982834691070096	
7882	 0.02371422434902475	 1.887859190907687	
7883	 0.023637123803173756	 1.8776404876808848	
7884	 0.023562647773395576	 1.8677907071865674	
7885	 0.023489921784628408	 1.8581923854417381	
7886	 0.023418896322993113	 1.8488375999616637	
7887	 0.02334984127372915	 1.839760454117543	
7888	 0.023282136013705462	 1.8308780933673647	
7889	 0.023216046626484698	 1.8222243139142493	
7890	 0.0231515801477387	 1.813798847066358	
7891	 0.02308867947253096	 1.8055930847939885	
7892	 0.023027285225014297	 1.7975982039559941	
7893	 0.022967353676380885	 1.7898074929871512	
7894	 0.022908845873593126	 1.7822149219800087	
7895	 0.0228517211018503	 1.7748142890933833	
7896	 0.022795946829615717	 1.767600505735749	
7897	 0.022741491740282983	 1.7605686870901414	
7898	 0.022688319167997868	 1.7537133037432433	
7899	 0.022636401993613428	 1.7470301015863148	
7900	 0.022585727678497747	 1.7405167375436597	
7901	 0.022536243299180806	 1.7341657154053667	
7902	 0.02248790736110581	 1.7279710579479488	
7903	 0.022440691451351982	 1.7219285058333085	
7904	 0.0223945681195165	 1.7160339567079408	
7905	 0.022349510692618355	 1.710283439658376	
7906	 0.02230548984036271	 1.7046726760163198	
7907	 0.02226238380736238	 1.6991856612503466	
7908	 0.022220371904425575	 1.6938447305962867	
7909	 0.022179327448948693	 1.6886332877209245	
7910	 0.022139226066018022	 1.6835477931030607	
7911	 0.022100044833243983	 1.678584915838323	
7912	 0.022061761594117144	 1.6737414449400196	
7913	 0.02202435480489921	 1.669014268705033	
7914	 0.021987803488239026	 1.6644003677261756	
7915	 0.02195208721042718	 1.6598968109661005	
7916	 0.021917186064244563	 1.6555007525945673	
7917	 0.021883080653441835	 1.6512094290828239	
7918	 0.02184975207796982	 1.647020156440796	
7919	 0.02181718191975519	 1.6429303275685403	
7920	 0.02178535222895597	 1.6389374097113023	
7921	 0.021754245510671916	 1.6350389420127922	
7922	 0.02172384471209081	 1.631232533162173	
7923	 0.021694133210053552	 1.6275158591305947	
7924	 0.021665094799022646	 1.6238866609934337	
7925	 0.021636713679434625	 1.6203427428340058	
7926	 0.02160897444642704	 1.6168819697258607	
7927	 0.021581862058850994	 1.6135022632888791	
7928	 0.021555361845629548	 1.61020160193605	
7929	 0.021529459355638225	 1.6069780016707078	
7930	 0.021504137241785293	 1.6038291283309603	
7931	 0.021479335121774728	 1.600747313025777	
7932	 0.021455137147628	 1.5977428520544679	
7933	 0.021431484991947594	 1.5948083431676343	
7934	 0.021408364296872883	 1.5919418583334763	
7935	 0.0213857644327146	 1.589141939592217	
7936	 0.021363673342857985	 1.5864069591801533	
7937	 0.021342079296232504	 1.5837353366647056	
7938	 0.021320972724363008	 1.5811257656401125	
7939	 0.021300339180459774	 1.5785763429760769	
7940	 0.021280167735341676	 1.5760856069352822	
7941	 0.021260445305139705	 1.573651835827424	
7942	 0.021241164260685837	 1.5712739867759797	
7943	 0.021222316430217252	 1.5689509545510152	
7944	 0.02120388974321779	 1.5666811583471152	
7945	 0.02118587453411905	 1.564463318836446	
7946	 0.021168261389007743	 1.5622961922912826	
7947	 0.021151041122469752	 1.5601785675056286	
7948	 0.021134204768307456	 1.558109264439415	
7949	 0.021117743573193817	 1.5560871332349946	
7950	 0.021101648991089125	 1.5541110533372473	
7951	 0.02108591267794291	 1.5521799326579633	
7952	 0.021070526486573628	 1.5502927067708434	
7953	 0.021055482461697514	 1.5484483381331586	
7954	 0.02104076886170173	 1.5466453285447166	
7955	 0.021026128990322166	 1.5448521877352264	
7956	 0.02101206721525879	 1.5431306376161327	
7957	 0.020998125321886836	 1.5414245224356098	
7958	 0.02098448019002937	 1.5397554540237908	
7959	 0.020971137642758014	 1.5381240971651466	
7960	 0.020958087362670307	 1.5365291442548372	
7961	 0.020945351442590642	 1.5349732494013344	
7962	 0.020932931276323584	 1.5334565362167023	
7963	 0.02092081302362998	 1.5319772699346226	
7964	 0.020909004436827687	 1.530536353763403	
7965	 0.020897482431850873	 1.529130929919574	
7966	 0.020886238641876376	 1.527759939951964	
7967	 0.020875258880608837	 1.5264216185715824	
7968	 0.0208645336922057	 1.5251147800410791	
7969	 0.020854050621098918	 1.5238378756422002	
7970	 0.02084379526505027	 1.522589122388997	
7971	 0.020833763660353204	 1.5213680106599456	
7972	 0.020823935205008564	 1.5201720076770122	
7973	 0.020814324533279197	 1.5190028701521963	
7974	 0.020804935917897366	 1.5178610932220693	
7975	 0.02079575178017238	 1.516744515724965	
7976	 0.020786768268406013	 1.5156526476831178	
7977	 0.02077797504406713	 1.51458421204603	
7978	 0.020769103478677133	 1.5135065628848867	
7979	 0.020760001155852394	 1.5124012020071669	
7980	 0.020751749581133776	 1.5113994327954343	
7981	 0.020743667010770205	 1.5104184387070434	
7982	 0.02073574209262455	 1.5094568264964525	
7983	 0.020727977592622238	 1.508514917067325	
7984	 0.02072041630275211	 1.5075978850432952	
7985	 0.020713067566585988	 1.5067068452486796	
7986	 0.0207059097277892	 1.5058391544918892	
7987	 0.02069891024680022	 1.5049908536153715	
7988	 0.02069205718026026	 1.5041604826720116	
7989	 0.0206853463493263	 1.5033475237569431	
7990	 0.020678777830711408	 1.5025519750010892	
7991	 0.020672327137519566	 1.5017708606633737	
7992	 0.02066599664846978	 1.5010044598081826	
7993	 0.02065979336114802	 1.5002536104441575	
7994	 0.020653748822840306	 1.4995221207141165	
7995	 0.02064782671906139	 1.4988055859979046	
7996	 0.020642025428245555	 1.498103801669189	
7997	 0.020636337366983826	 1.497415842413188	
7998	 0.020630755185584597	 1.496740812004873	
7999	 0.020625281812434015	 1.4960790575506708	
8000	 0.020619928336120454	 1.4954319123871576	
8001	 0.02061459230173273	 1.4947869871130024	
8002	 0.02060854370344761	 1.4940560743078368	
8003	 0.020601954203100216	 1.493259961635971	
8004	 0.020597023513206556	 1.4926643697218436	
8005	 0.0205922151183388	 1.4920836417056351	
8006	 0.020587509628293626	 1.4915154294075654	
8007	 0.020582902951641023	 1.4909592332045027	
8008	 0.020578403599872837	 1.4904160751881397	
8009	 0.02057399889341198	 1.4898844193608902	
8010	 0.020569725090477827	 1.489368636347235	
8011	 0.02056558332269941	 1.4888688561306538	
8012	 0.0205615430907966	 1.4883813927288285	
8013	 0.020557603844932965	 1.4879061750058555	
8014	 0.020553756741985393	 1.4874421316928501	
8015	 0.020550008067298786	 1.4869900166413348	
8016	 0.020546414210973495	 1.4865566253318667	
8017	 0.020542903383740457	 1.4861332954862538	
8018	 0.020539468754174627	 1.4857192001020627	
8019	 0.020536108370423203	 1.4853141008237458	
8020	 0.020532820524102564	 1.4849177888097913	
8021	 0.02052960358797151	 1.4845300651482969	
8022	 0.020526414128191454	 1.4841456930787957	
8023	 0.02052333454448226	 1.483774600309219	
8024	 0.020520223172087328	 1.4833997146699636	
8025	 0.020517091483110986	 1.4830224193741106	
8026	 0.020513116862219072	 1.4825436257742568	
8027	 0.02050846678505901	 1.4819835433839208	
8028	 0.020505540501689963	 1.4816311281615306	
8029	 0.02050268184973606	 1.4812868902310026	
8030	 0.020499860794360537	 1.4809472110358188	
8031	 0.02049708981943448	 1.4806135922917036	
8032	 0.020494390545916185	 1.4802886351347129	
8033	 0.020491772268152724	 1.4799734560654654	
8034	 0.02048924858061153	 1.4796696888434804	
8035	 0.02048681397489903	 1.4793766677193212	
8036	 0.02048444929771023	 1.4790920851850782	
8037	 0.020482144280616843	 1.4788147036610686	
8038	 0.02047989270216442	 1.4785437729367301	
8039	 0.020477690656809686	 1.4782788216988008	
8040	 0.020475541526764472	 1.478020255572658	
8041	 0.02047344755720622	 1.4777683433164759	
8042	 0.02047140990618971	 1.477523222877746	
8043	 0.020469428703838218	 1.4772849085601092	
8044	 0.020467565626106642	 1.4770608172128898	
8045	 0.02046574298427336	 1.4768416026621018	
8046	 0.02046395887013848	 1.4766270345572003	
8047	 0.020462181839252087	 1.476413330722233	
8048	 0.020460471911800473	 1.4762077083549572	
8049	 0.020458714063175384	 1.4759963353079046	
8050	 0.020456550618003652	 1.4757362077997562	
8051	 0.020453864405801877	 1.4754132495483052	
8052	 0.02045215466288685	 1.4752077050921033	
8053	 0.020450446204561646	 1.4750023265107302	
8054	 0.020448740279523814	 1.4747972638756173	
8055	 0.02044704805335427	 1.474593859195858	
8056	 0.02044539172612334	 1.4743947804171118	
8057	 0.020443781118219363	 1.474201207087532	
8058	 0.02044245070944362	 1.4740413175782752	
8059	 0.020441151487988855	 1.4738851828792632	
8060	 0.02043987961735446	 1.4737323414893753	
8061	 0.02043863381710583	 1.4735826391386306	
8062	 0.020437413350127064	 1.473435986874603	
8063	 0.020436217607833495	 1.4732923112101501	
8064	 0.0204350460195572	 1.4731515432324984	
8065	 0.020433831263833004	 1.473005594306599	
8066	 0.020432706717514515	 1.4728704889014497	
8067	 0.02043153088366627	 1.472729227003885	
8068	 0.020430383661810186	 1.4725914077068156	
8069	 0.02042926394902208	 1.4724568981339654	
8070	 0.02042816993316362	 1.4723254802452166	
8071	 0.020427101920788494	 1.4721971905326428	
8072	 0.020426059266705765	 1.47207195117332	
8073	 0.020424998221257634	 1.4719445070934067	
8074	 0.020423391981258154	 1.47175158711194	
8075	 0.02042103369701052	 1.471468360000381	
8076	 0.020419958482371364	 1.4713392352478352	
8077	 0.0204188713617232	 1.4712086852862143	
8078	 0.020417766547829272	 1.4710760153284619	
8079	 0.02041664707507346	 1.4709415899642257	
8080	 0.02041555177657527	 1.4708100721805957	
8081	 0.020414502271270344	 1.4706840574199738	
8082	 0.020413549046391973	 1.470569606853309	
8083	 0.02041267330163723	 1.4704644622097165	
8084	 0.02041184119104435	 1.4703645592057504	
8085	 0.02041103820398035	 1.4702681553400667	
8086	 0.020410256094402092	 1.4701742603841506	
8087	 0.02040948959448197	 1.4700822417489074	
8088	 0.020408741863048353	 1.4699924784982483	
8089	 0.020408014532605313	 1.469905166437998	
8090	 0.02040730869560622	 1.4698204365321166	
8091	 0.02040662306374604	 1.4697381339570077	
8092	 0.020405954154171808	 1.4696578404852616	
8093	 0.020405301749374986	 1.4695795298772085	
8094	 0.020404666474754515	 1.4695032770728202	
8095	 0.020404048081053592	 1.4694290520263937	
8096	 0.02040344580471327	 1.4693567629688016	
8097	 0.020402820010917658	 1.469281652702806	
8098	 0.020401558575723178	 1.4691302548903489	
8099	 0.020399469154015547	 1.4688794956292062	
8100	 0.020398801801110752	 1.4687994077356379	
8101	 0.0203981275524992	 1.4687184940738438	
8102	 0.020397436862522576	 1.468635609203651	
8103	 0.020396738693830206	 1.4685518287666772	
8104	 0.020396059507273218	 1.4684703280257738	
8105	 0.02039541183542602	 1.4683926106589824	
8106	 0.020395021255943405	 1.468345743879197	
8107	 0.020394640248687736	 1.4683000262755843	
8108	 0.02039426543585501	 1.468255052505184	
8109	 0.020393895994565606	 1.4682107238051973	
8110	 0.020393531637296028	 1.4681670056533866	
8111	 0.0203931721956662	 1.468123877824888	
8112	 0.020392817529681466	 1.4680813235018606	
8113	 0.020392467507861545	 1.4680393268890883	
8114	 0.020392122002839314	 1.467997872685837	
8115	 0.020391780890339564	 1.4679569459632715	
8116	 0.02039144404889897	 1.4679165321308199	
8117	 0.020391111359751905	 1.46787661692243	
8118	 0.020390782706753964	 1.4678371863873607	
8119	 0.020390457976316275	 1.4677982268822614	
8120	 0.020390137057344132	 1.4677597250637782	
8121	 0.02038981984117772	 1.4677216678814096	
8122	 0.020389506221515225	 1.467684042568248	
8123	 0.020388942293906264	 1.4676163884922289	
8124	 0.02038863699005364	 1.4675797618823525	
8125	 0.020388338140344107	 1.4675439099154877	
8126	 0.020388043057878162	 1.467508510235561	
8127	 0.020387751109753605	 1.46747348690423	
8128	 0.020387462087495596	 1.4674388149015603	
8129	 0.020387175876652588	 1.467404480487834	
8130	 0.02038689238481684	 1.4673704725683236	
8131	 0.020386611525846247	 1.467336780800423	
8132	 0.020386333216406947	 1.4673033951788603	
8133	 0.020386057375186815	 1.4672703059413263	
8134	 0.020385783922690904	 1.4672375035439196	
8135	 0.020385512781164936	 1.4672049786519494	
8136	 0.020385243874545374	 1.4671727221339312	
8137	 0.020384977128423604	 1.4671407250572732	
8138	 0.020384712470009052	 1.4671089786838392	
8139	 0.020384449828090845	 1.4670774744653325	
8140	 0.02038418913300289	 1.4670462040390972	
8141	 0.020383930316588687	 1.4670151592238785	
8142	 0.0203836733121682	 1.4669843320158413	
8143	 0.020383418054506188	 1.4669537145847575	
8144	 0.020383164479781054	 1.4669232992702563	
8145	 0.020382912525553472	 1.4668930785780523	
8146	 0.020382662130728108	 1.4668630451753408	
8147	 0.020382322610239742	 1.4668223220606837	
8148	 0.020382075667182583	 1.4667927032473125	
8149	 0.020381831237425128	 1.4667633861194151	
8150	 0.02038158834034867	 1.466734253054864	
8151	 0.020381346729194158	 1.4667052744533597	
8152	 0.020381106309195453	 1.4666764389452245	
8153	 0.020380867019597522	 1.4666477392403332	
8154	 0.02038062880792778	 1.4666191690421673	
8155	 0.02038039162439364	 1.466590722375841	
8156	 0.020380155420624827	 1.4665623934372525	
8157	 0.020379920149374037	 1.4665341765571702	
8158	 0.020379685764436054	 1.4665060661915288	
8159	 0.020379452220613173	 1.4664780569172733	
8160	 0.02037921947369056	 1.466450143429399	
8161	 0.0203789874804154	 1.4664223205384455	
8162	 0.020378756198476816	 1.4663945831680811	
8163	 0.020378525586483592	 1.4663669263524264	
8164	 0.020378295603945468	 1.4663393452338063	
8165	 0.02037806621125419	 1.4663118350604718	
8166	 0.020377837369664687	 1.4662843911843373	
8167	 0.02037760904127661	 1.466257009058763	
8168	 0.02037738118901631	 1.466229684236388	
8169	 0.020377153776619243	 1.4662024123670176	
8170	 0.02037692676861069	 1.466175189195303	
8171	 0.020376700130247227	 1.466148010553724	
8172	 0.020376473827627764	 1.4661208723758954	
8173	 0.02037624782756237	 1.4660937706808366	
8174	 0.020376022097578706	 1.4660667015737374	
8175	 0.020375796605915014	 1.4660396612451132	
8176	 0.02037557132150704	 1.4660126459692355	
8177	 0.020375346213973397	 1.465985652102372	
8178	 0.020375121253600997	 1.4659586760810361	
8179	 0.020374896411330758	 1.4659317144202706	
8180	 0.02037467165874373	 1.465904763711981	
8181	 0.020374446968047574	 1.4658778206233105	
8182	 0.02037422231206336	 1.4658508818950553	
8183	 0.020373997664212492	 1.4658239443400927	
8184	 0.02037377299850321	 1.4657970048417608	
8185	 0.02037354828951386	 1.465770060351849	
8186	 0.02037332082723917	 1.4657427859217422	
8187	 0.02037308257236114	 1.4657142175953564	
8188	 0.02037281567996061	 1.465682215706229	
8189	 0.020372591088619982	 1.4656552861669434	
8190	 0.020372282287246888	 1.4656182597788823	
8191	 0.02037197109854875	 1.4655809475205281	
8192	 0.02037165963837059	 1.465543603091546	
8193	 0.02037131908579497	 1.4655027708867046	
8194	 0.020370052899371084	 1.4653509593079324	
8195	 0.020367480238474202	 1.4650425251224133	
8196	 0.02036702614425922	 1.4649880868394656	
8197	 0.020366567107085176	 1.4649330568010097	
8198	 0.0203660833727735	 1.464875066928869	
8199	 0.020365580196705323	 1.4648147473612239	
8200	 0.020365085315636654	 1.4647554231477855	
8201	 0.020364637313461775	 1.4647017194032692	
8202	 0.02036427138663791	 1.4646578549312779	
8203	 0.020363980941788408	 1.4646230390275041	
8204	 0.020363731021882114	 1.4645930811526746	
8205	 0.020363499242421607	 1.464565297990384	
8206	 0.02036327199895149	 1.4645380587572043	
8207	 0.020363038846249806	 1.4645101114065422	
8208	 0.020362796064170574	 1.4644810100365284	
8209	 0.020362544794411436	 1.4644508915239962	
8210	 0.020362287683793962	 1.4644200731519945	
8211	 0.020362029413295808	 1.464389116012944	
8212	 0.020361782743134757	 1.464359549572298	
8213	 0.020361541641757203	 1.4643306508493341	
8214	 0.02036130638510318	 1.464302452902391	
8215	 0.020361076263325614	 1.4642748706337219	
8216	 0.02036085108068261	 1.4642478805681638	
8217	 0.02036060064691955	 1.4642178641736379	
8218	 0.020359254905902582	 1.4640565710747147	
8219	 0.020355930508443938	 1.4636581575890126	
8220	 0.02035558679566694	 1.4636169676944843	
8221	 0.02035525332418883	 1.4635770055411588	
8222	 0.02035488594185207	 1.4635329801244847	
8223	 0.02035448485856864	 1.4634849167455626	
8224	 0.020354071273905722	 1.4634353559386426	
8225	 0.02035371188869414	 1.463392290522514	
8226	 0.020353441924983638	 1.4633599408895026	
8227	 0.020353236881917196	 1.46333537085993	
8228	 0.02035305368441798	 1.4633134186943118	
8229	 0.020352867587780855	 1.4632911192660514	
8230	 0.020352671088903748	 1.4632675735146379	
8231	 0.020352468804506422	 1.4632433346635219	
8232	 0.02035226106687892	 1.4632184425429384	
8233	 0.02035205265253746	 1.4631934695054494	
8234	 0.020351849060398292	 1.4631690744480874	
8235	 0.02035165080574436	 1.4631453191015245	
8236	 0.02035145689223102	 1.4631220840700487	
8237	 0.020351268119353498	 1.463099465139664	
8238	 0.020351091680886144	 1.4630783242554954	
8239	 0.020350929626088976	 1.4630589069325444	
8240	 0.020350781075387805	 1.4630411077540257	
8241	 0.020350621071165084	 1.4630219363242833	
8242	 0.020349528259477802	 1.4628910002014344	
8243	 0.020347140858581976	 1.462604968124255	
8244	 0.020346958226711065	 1.4625830881064523	
8245	 0.02034679053156959	 1.4625629976829986	
8246	 0.020346628890678505	 1.4625436326829175	
8247	 0.020346631003712656	 1.4625438858292552	
8248	 0.0203466318248616	 1.4625439842047865	
8249	 0.020346626735714256	 1.4625433745132763	
8250	 0.0203466153174193	 1.462542006575753	
8251	 0.020346597549721672	 1.4625398779664671	
8252	 0.020346573511895182	 1.4625369981839145	
8253	 0.020346543303118397	 1.4625333791116562	
8254	 0.02034650702554912	 1.4625290329905767	
8255	 0.020346464780978277	 1.4625239720179888	
8256	 0.020346416670096113	 1.4625182082597001	
8257	 0.020346362792319328	 1.4625117536292775	
8258	 0.020346303245734495	 1.4625046198812512	
8259	 0.020346238127063616	 1.462496818606965	
8260	 0.020346167531633333	 1.462488361230869	
8261	 0.02034609155334517	 1.4624792590069358	
8262	 0.02034601028464734	 1.4624695230152656	
8263	 0.020345923816509008	 1.4624591641589826	
8264	 0.020345832238397688	 1.4624481931615154	
8265	 0.020345735638260285	 1.462436620564307	
8266	 0.02034563410250797	 1.4624244567249882	
8267	 0.020345527716002936	 1.462411711815781	
8268	 0.020345416562055643	 1.4623983958231477	
8269	 0.02034530072240918	 1.462384518545913	
8270	 0.020345180277256326	 1.4623700895972915	
8271	 0.020345055305252886	 1.4623551184064754	
8272	 0.02034492588349415	 1.4623396142158038	
8273	 0.020344792087532756	 1.4623235860828936	
8274	 0.020344653991394113	 1.4623070428824763	
8275	 0.020344511667591225	 1.4622899933081663	
8276	 0.020344365187137815	 1.462272445874026	
8277	 0.02034421461956793	 1.4622544089169045	
8278	 0.020344060032961905	 1.4622358905995425	
8279	 0.02034390149396335	 1.462216898912601	
8280	 0.0203437390677964	 1.46219744167672	
8281	 0.020343572818291158	 1.462177526545562	
8282	 0.020343402807904316	 1.462157161008277	
8283	 0.020343229097744133	 1.4621363523924886	
8284	 0.020343051747595823	 1.462115107867332	
8285	 0.020342870815946493	 1.4620934344464367	
8286	 0.02034268636001005	 1.4620713389909064	
8287	 0.020342498435752223	 1.4620488282123114	
8288	 0.020342307097915596	 1.4620259086756873	
8289	 0.020342112400044663	 1.46200258680253	
8290	 0.02034191439451076	 1.461978868873781	
8291	 0.020341713132536857	 1.4619547610327943	
8292	 0.02034150866422	 1.461930269288023	
8293	 0.020341301038551324	 1.461905399515415	
8294	 0.020341090303456162	 1.461880157463213	
8295	 0.02034087650580451	 1.4618545487532097	
8296	 0.020340659691442824	 1.4618285788845526	
8297	 0.020340439905211526	 1.461802253235842	
8298	 0.02034021719097322	 1.4617755770685072	
8299	 0.02033999159163172	 1.4617485555290866	
8300	 0.020339763149148714	 1.4617211936512213	
8301	 0.020339531904566898	 1.4616934963584274	
8302	 0.020339297898029268	 1.4616654684664043	
8303	 0.0203390611688031	 1.4616371146859082	
8304	 0.020338821755301193	 1.461608439625295	
8305	 0.020338579695101704	 1.4615794477928965	
8306	 0.02033833502496734	 1.4615501435993181	
8307	 0.020338087780864163	 1.461520531359693	
8308	 0.020337837997979974	 1.4614906152958815	
8309	 0.020337585710742418	 1.4614603995386426	
8310	 0.02033733095283658	 1.4614298881297392	
8311	 0.020337073757222265	 1.461399085024009	
8312	 0.02033681415615085	 1.4613679940913844	
8313	 0.020336552181181772	 1.4613366191188655	
8314	 0.02033628786319056	 1.4613049638114834	
8315	 0.02033602123236836	 1.4612730317922462	
8316	 0.02033575231833859	 1.4612408266161052	
8317	 0.020335481150059325	 1.46120835175827	
8318	 0.020335207755867026	 1.4611756106194445	
8319	 0.020334932163493746	 1.4611426065278872	
8320	 0.020334654400084886	 1.4611093427415407	
8321	 0.02033437449221372	 1.461075822449769	
8322	 0.020334092465894144	 1.4610420487748883	
8323	 0.020333808346589887	 1.4610080247732684	
8324	 0.020333522159240044	 1.4609737534383924	
8325	 0.02033323392826051	 1.4609392377010286	
8326	 0.02033294367755651	 1.4609044804307343	
8327	 0.020332651430534733	 1.4608694844373051	
8328	 0.020332357210116177	 1.4608342524723195	
8329	 0.020332061038747518	 1.4607987872304966	
8330	 0.020331762938411862	 1.4607630913509888	
8331	 0.020331462930638908	 1.460727167418595	
8332	 0.020331161036514837	 1.4606910179649508	
8333	 0.02033085727669671	 1.4606546454702498	
8334	 0.02033055167141993	 1.4606180523641392	
8335	 0.020330243772904138	 1.4605811850369566	
8336	 0.020329924278432304	 1.4605429296201333	
8337	 0.020329531579304057	 1.460495909421863	
8338	 0.02032921943921645	 1.4604585354677753	
8339	 0.02032713260027846	 1.4602086785675252	
8340	 0.020326730188033403	 1.460160499778894	
8341	 0.020326324523645068	 1.4601119322711444	
8342	 0.020325908752804486	 1.460062155455409	
8343	 0.02032547999484729	 1.4600108245101755	
8344	 0.020325069877124066	 1.4599617258510793	
8345	 0.02032466539309561	 1.4599133022961224	
8346	 0.020324283564597805	 1.4598675915794799	
8347	 0.020323923370115925	 1.4598244713105062	
8348	 0.020323576140041905	 1.4597829035430319	
8349	 0.02032322791041139	 1.4597412165916903	
8350	 0.020322889749491084	 1.4597007354324356	
8351	 0.020322553426569967	 1.459660474745003	
8352	 0.0203222202768491	 1.4596205943542975	
8353	 0.020321886289638817	 1.4595806141476446	
8354	 0.02032152962943534	 1.4595379203358305	
8355	 0.020321179839586943	 1.459496049421258	
8356	 0.020320852434708266	 1.4594568584913612	
8357	 0.02032051735882206	 1.4594167497644677	
8358	 0.020320188183584775	 1.4593773477771095	
8359	 0.02031985316409548	 1.459337246674832	
8360	 0.02031952164462131	 1.459297564950619	
8361	 0.020319195396733398	 1.4592585146382566	
8362	 0.020318502197606943	 1.459175543404687	
8363	 0.02031705949379547	 1.4590028675948903	
8364	 0.020316718883891943	 1.45896210152102	
8365	 0.020316388356404494	 1.4589225426019696	
8366	 0.02031606083221482	 1.4588833435534452	
8367	 0.02031572305590324	 1.4588429179424063	
8368	 0.020315386454945027	 1.4588026334452928	
8369	 0.020315063797218837	 1.4587640180958064	
8370	 0.020314757438397883	 1.458727353761187	
8371	 0.020314470537986417	 1.4586930184994846	
8372	 0.020314184596645204	 1.458658798337692	
8373	 0.02031389581330887	 1.458624238384746	
8374	 0.02031360411644743	 1.4585893300901376	
8375	 0.020313309525369947	 1.458554075774626	
8376	 0.02031301207817468	 1.4585184800074884	
8377	 0.020312711816395435	 1.4584825477690495	
8378	 0.020312408781661618	 1.4584462840509742	
8379	 0.020312103014979727	 1.4584096937702784	
8380	 0.020311787345501552	 1.4583719188336834	
8381	 0.02031146297096864	 1.4583331026048176	
8382	 0.020311114840696212	 1.4582914441087844	
8383	 0.020310733949686934	 1.458245865892766	
8384	 0.020310336912322948	 1.4581983561766874	
8385	 0.020309938960502545	 1.4581507376575358	
8386	 0.02030895548307827	 1.4580330583949352	
8387	 0.02030855791994144	 1.457985488542123	
8388	 0.02030814469624169	 1.4579360455048669	
8389	 0.020307708547392656	 1.4578838601554611	
8390	 0.02030724912109237	 1.4578288904596273	
8391	 0.020306768619636335	 1.457771400038724	
8392	 0.020306289639343278	 1.4577140925225631	
8393	 0.02030581234694529	 1.4576569878507286	
8394	 0.02030550420330039	 1.4576201211105138	
8395	 0.020305107353978898	 1.4575726420475446	
8396	 0.020304723522091655	 1.4575267209792624	
8397	 0.020304340878095014	 1.4574809426044484	
8398	 0.020303953199912475	 1.4574345625413405	
8399	 0.020303558814608717	 1.457387380674391	
8400	 0.020303164543118507	 1.4573402130341238	
8401	 0.020302776162698127	 1.4572937507536308	
8402	 0.020302393336295046	 1.4572479534848357	
8403	 0.02030201314498311	 1.4572024720200225	
8404	 0.020301652308306453	 1.4571593064335777	
8405	 0.020301294477729128	 1.4571165009610219	
8406	 0.02030094632811891	 1.4570748540566407	
8407	 0.020300602636832768	 1.4570337409400043	
8408	 0.02030026525062642	 1.456993382502386	
8409	 0.020299931804199287	 1.4569534957840171	
8410	 0.020299321895348586	 1.4568805398794273	
8411	 0.020298941232397606	 1.4568350065867557	
8412	 0.020298527033194704	 1.4567854624761116	
8413	 0.020298084157549058	 1.4567324890009896	
8414	 0.020297619122555465	 1.4566768658195908	
8415	 0.02029713460523269	 1.4566189132460192	
8416	 0.020296659184429713	 1.456562049593428	
8417	 0.020296187194306935	 1.4565055971525507	
8418	 0.02029585296371964	 1.456465621988392	
8419	 0.02029551817363765	 1.4564255803466555	
8420	 0.02029518107922016	 1.4563852635461438	
8421	 0.020294841346878506	 1.456344631699172	
8422	 0.02029449893651794	 1.456303680021071	
8423	 0.020294153871380807	 1.4562624113023468	
8424	 0.020293806187907774	 1.456220829911916	
8425	 0.020293455924806754	 1.456178940489724	
8426	 0.020293103120675258	 1.456136747662381	
8427	 0.02029274781348969	 1.45609425598208	
8428	 0.020292390040504243	 1.4560514699145088	
8429	 0.020292029838236705	 1.456008393837153	
8430	 0.02029166724247621	 1.4559650320402249	
8431	 0.02029130228829524	 1.4559213887280997	
8432	 0.02029093501006241	 1.4558774680208473	
8433	 0.020290565441456368	 1.455833273955897	
8434	 0.020290193615471443	 1.455788810488711	
8435	 0.020289819564447684	 1.4557440814963833	
8436	 0.020289443320069815	 1.4556990907775151	
8437	 0.020289064913386796	 1.455653842054553	
8438	 0.02028868437482588	 1.455608338975477	
8439	 0.020288301734202697	 1.4555625851150031	
8440	 0.02028791702073583	 1.4555165839763324	
8441	 0.020287530263054573	 1.455470338992079	
8442	 0.020287141489215375	 1.4554238535262372	
8443	 0.020286750726712557	 1.4553771308754682	
8444	 0.020286358002487005	 1.4553301742701386	
8445	 0.020285963342936676	 1.4552829868755799	
8446	 0.020285566773929807	 1.4552355717936696	
8447	 0.020285168320816928	 1.4551879320642715	
8448	 0.020284768008442255	 1.4551400706665965	
8449	 0.020284365861154223	 1.455091990520467	
8450	 0.02028396190281561	 1.4550436944875278	
8451	 0.020283556156813827	 1.4549951853724794	
8452	 0.020283148646071048	 1.454946465924291	
8453	 0.0202827393930538	 1.4548975388373482	
8454	 0.020282328419782027	 1.4548484067525402	
8455	 0.020281915747838754	 1.4547990722584159	
8456	 0.0202815013983798	 1.4547495378923474	
8457	 0.020281085392142923	 1.4546998061416263	
8458	 0.020280667749456662	 1.4546498794445217	
8459	 0.02028024849024832	 1.454599760191236	
8460	 0.020279827634052637	 1.4545494507249461	
8461	 0.02027940520001799	 1.4544989533425428	
8462	 0.020278981206917394	 1.4544482702959527	
8463	 0.020278555673160188	 1.454397403793531	
8464	 0.020278128616794535	 1.4543463560003689	
8465	 0.02027770005551725	 1.4542951290394643	
8466	 0.0202772700066827	 1.4542437249927913	
8467	 0.020276838487310704	 1.454192145902245	
8468	 0.02027640551408599	 1.4541403937695794	
8469	 0.02027597110336992	 1.454088470557808	
8470	 0.020275535271206506	 1.4540363781919285	
8471	 0.0202750980333297	 1.4539841185597924	
8472	 0.020274659405170398	 1.4539316935129474	
8473	 0.020274219401862924	 1.4538791048674105	
8474	 0.020273778038251287	 1.4538263544044192	
8475	 0.020273335328895536	 1.4537734438711947	
8476	 0.020272891288078854	 1.4537203749817875	
8477	 0.02027244592981118	 1.4536671494175148	
8478	 0.020271999267835687	 1.4536137688277353	
8479	 0.02027155131563474	 1.4535602348305625	
8480	 0.020271102086435698	 1.453506549013561	
8481	 0.020270651593216372	 1.4534527129344	
8482	 0.0202701998487103	 1.4533987281214822	
8483	 0.020269746865411876	 1.4533445960745635	
8484	 0.020269292655581434	 1.4532903182653578	
8485	 0.020268837231250187	 1.4532358961381309	
8486	 0.02026838060422507	 1.4531813311102793	
8487	 0.0202679227860935	 1.453126624572902	
8488	 0.020267463788228027	 1.453071777891356	
8489	 0.020267003621780216	 1.4530167924045279	
8490	 0.02026654229770501	 1.4529616694277454	
8491	 0.020266079826766738	 1.4529064102534985	
8492	 0.02026561621952544	 1.4528510161498038	
8493	 0.02026515148635068	 1.452795488361858	
8494	 0.02026468563741778	 1.45273982811159	
8495	 0.020264218682715822	 1.452684036598617	
8496	 0.020263750632052897	 1.4526281150008724	
8497	 0.02026328149506022	 1.4525720644751006	
8498	 0.020262811281196075	 1.4525158861573282	
8499	 0.02026233999974902	 1.4524595811632477	
8500	 0.020261867659841462	 1.4524031505886474	
8501	 0.020261394270433167	 1.4523465955098303	
8502	 0.02026091984032469	 1.452289916984025	
8503	 0.020260444378160717	 1.452233116049789	
8504	 0.02025996789243333	 1.4521761937273947	
8505	 0.020259490391485224	 1.4521191510192197	
8506	 0.020259011883512854	 1.4520619889101205	
8507	 0.0202585323765695	 1.4520047083678014	
8508	 0.02025805187856735	 1.4519473103430638	
8509	 0.020257570397266268	 1.4518897957684658	
8510	 0.02025708794029985	 1.4518321655614346	
8511	 0.020256604515178554	 1.451774420624644	
8512	 0.020256120129289484	 1.4517165618459857	
8513	 0.020255634789919843	 1.4516585901013743	
8514	 0.020255148504205026	 1.451600506248548	
8515	 0.020254661279151445	 1.4515423111297938	
8516	 0.02025417312164688	 1.4514840055731877	
8517	 0.020253684038458643	 1.4514255903923736	
8518	 0.020253194036244135	 1.451367066387827	
8519	 0.020252698281598962	 1.4513078562954238	
8520	 0.020252191922731526	 1.451247380692975	
8521	 0.02025166655075252	 1.4511846353764577	
8522	 0.020251173479460736	 1.4511257487268194	
8523	 0.02025062929790229	 1.4510607591762188	
8524	 0.02025013525656003	 1.451001758690784	
8525	 0.02024964096955985	 1.4509427298281805	
8526	 0.020249145909522523	 1.4508836096105766	
8527	 0.02024864997166537	 1.4508243855296215	
8528	 0.02024815313827018	 1.45076505547463	
8529	 0.02024765541050829	 1.450705619590732	
8530	 0.020247156793593516	 1.450646078505775	
8531	 0.02024665729354397	 1.4505864329436176	
8532	 0.020246156916476295	 1.4505266836398436	
8533	 0.020245655668452617	 1.4504668313234896	
8534	 0.020245153555434905	 1.450406876711594	
8535	 0.020244650583297098	 1.4503468205106465	
8536	 0.020244146757831066	 1.4502866634172997	
8537	 0.020243642084740512	 1.4502264061176418	
8538	 0.020243136569643026	 1.4501660492874437	
8539	 0.02024263021806501	 1.4501055935915526	
8540	 0.02024212303544166	 1.45004503968389	
8541	 0.020241615027120297	 1.4499843882078511	
8542	 0.020241106198363685	 1.4499236397967028	
8543	 0.02024059655435292	 1.4498627950739271	
8544	 0.02024008610018952	 1.4498018546534714	
8545	 0.020239574840896807	 1.449740819139916	
8546	 0.020239062781421152	 1.4496796891286214	
8547	 0.020238549926633417	 1.4496184652059023	
8548	 0.020238036281330595	 1.4495571479492229	
8549	 0.02023752185023695	 1.4494957379273348	
8550	 0.020237006638005414	 1.4494342357004435	
8551	 0.020236490649219386	 1.4493726418204245	
8552	 0.020235973888394196	 1.4493109568309972	
8553	 0.020235456359978508	 1.4492491812678943	
8554	 0.0202349380683469	 1.4491873156579762	
8555	 0.020234419017827028	 1.4491253605224743	
8556	 0.020233899212676716	 1.4490633163742552	
8557	 0.020233378657089792	 1.4490011837185204	
8558	 0.020232857355199457	 1.4489389630532077	
8559	 0.020232335311065424	 1.448876654867455	
8560	 0.020231812528699603	 1.44881425964467	
8561	 0.020231289012065477	 1.4487517778624535	
8562	 0.02023076476507581	 1.4486892099923272	
8563	 0.02023023979158732	 1.4486265564990972	
8564	 0.020229714095398536	 1.4485638178406006	
8565	 0.020229184934335304	 1.4485006667679674	
8566	 0.020228648261237037	 1.4484366203198353	
8567	 0.02022810633053697	 1.4483719475801473	
8568	 0.020227575765879094	 1.4483086323562995	
8569	 0.020227047029205195	 1.4482455363773576	
8570	 0.020226517653098214	 1.4481823651941925	
8571	 0.020225987582671433	 1.4481191122612724	
8572	 0.020225456809044928	 1.448055776523341	
8573	 0.020224925333100868	 1.447992358090077	
8574	 0.020224393157813613	 1.4479288573208011	
8575	 0.020223860286577994	 1.4478652746249852	
8576	 0.020223326722845027	 1.4478016104187823	
8577	 0.020222792470042928	 1.4477378651156025	
8578	 0.020222257531560376	 1.4476740391241156	
8579	 0.02022172191074345	 1.447610132847885	
8580	 0.02022118561089475	 1.4475461466852648	
8581	 0.020220642598822267	 1.44748136083704	
8582	 0.02022010498398734	 1.447417220066672	
8583	 0.020219566775007088	 1.4473530095498939	
8584	 0.020219027913443304	 1.4472887223187607	
8585	 0.020218488389610993	 1.4472243572220238	
8586	 0.02021794820384533	 1.4471599143038958	
8587	 0.020217407358614853	 1.447095393863089	
8588	 0.020216865856823245	 1.4470307962502105	
8589	 0.020216323701441285	 1.446966121823851	
8590	 0.02021578089542691	 1.446901370941049	
8591	 0.020215237441707983	 1.4468365439552364	
8592	 0.020214693343178866	 1.4467716412158278	
8593	 0.020214148602700033	 1.4467066630681764	
8594	 0.02021360322309843	 1.4466416098536163	
8595	 0.02021305720716798	 1.4465764819095248	
8596	 0.020212510457180158	 1.4465112675834175	
8597	 0.02021196177193038	 1.4464458236086637	
8598	 0.02021141020166959	 1.4463800367203643	
8599	 0.020210854242442625	 1.4463137275624875	
8600	 0.020210290788808732	 1.4462465257887398	
8601	 0.020209714642193306	 1.4461778114448436	
8602	 0.020209164910734444	 1.4461122487320865	
8603	 0.02020852472139555	 1.4460358992249194	
8604	 0.020207843549022143	 1.445954663817927	
8605	 0.02020712083641895	 1.4458684763928389	
8606	 0.02020637081661104	 1.4457790346073693	
8607	 0.020205605904296032	 1.445687819131832	
8608	 0.02020489102737659	 1.4456025724374957	
8609	 0.020204195469797077	 1.4455196314401375	
8610	 0.02020353243707249	 1.44544057060539	
8611	 0.020202896400526374	 1.4453647304535544	
8612	 0.020202279125110564	 1.4452911288759482	
8613	 0.020201673507605187	 1.4452189188003641	
8614	 0.0202010808626248	 1.445148256885328	
8615	 0.020200497237816726	 1.445078671809049	
8616	 0.02019992169871915	 1.4450100520975189	
8617	 0.020199356573253432	 1.444942675238715	
8618	 0.02019880212002196	 1.444876571994093	
8619	 0.02019825355781624	 1.444811172282156	
8620	 0.020197710644901598	 1.4447464472458789	
8621	 0.020197168658246417	 1.4446818337933707	
8622	 0.02019662539583054	 1.4446170694098421	
8623	 0.0201960790107753	 1.4445519339359771	
8624	 0.020195526974193884	 1.4444861259273132	
8625	 0.020194967408729062	 1.4444194216280277	
8626	 0.020194113424906335	 1.4443176228805878	
8627	 0.02019349920567414	 1.4442444069348934	
8628	 0.020192848024550885	 1.4441667866921548	
8629	 0.020192159997221248	 1.4440847762255997	
8630	 0.020191442578168912	 1.4439992643518471	
8631	 0.02019069939076176	 1.4439106831869672	
8632	 0.020189955857907855	 1.4438220630231597	
8633	 0.02018943619019897	 1.4437601261809478	
8634	 0.020188737925187886	 1.4436769048080873	
8635	 0.020188067842648028	 1.443597044113156	
8636	 0.020187401605316055	 1.443517643443536	
8637	 0.020186737620720985	 1.4434385129881278	
8638	 0.020186078747658102	 1.443359993415445	
8639	 0.020185427677335	 1.443282405393372	
8640	 0.02018478305952639	 1.443205587960806	
8641	 0.020184143090335033	 1.4431293261097222	
8642	 0.02018350637399175	 1.443053453483598	
8643	 0.02018287188193085	 1.4429778474955273	
8644	 0.02018223926043078	 1.4429024659807739	
8645	 0.020181611745918336	 1.4428276945574448	
8646	 0.020180991685745553	 1.4427538128775519	
8647	 0.020180373346054402	 1.4426801377042688	
8648	 0.020179869229874792	 1.4426200733758412	
8649	 0.02017925538976437	 1.442546937034196	
8650	 0.02017810045356047	 1.4424093355001604	
8651	 0.020177429216694222	 1.4423293653374174	
8652	 0.0201767024077531	 1.4422427764001293	
8653	 0.020175932362340877	 1.442151038721514	
8654	 0.020175136392110625	 1.4420562149996903	
8655	 0.020174304755517364	 1.4419571450176856	
8656	 0.0201734768034299	 1.4418585166625817	
8657	 0.020172694963846126	 1.441765383856713	
8658	 0.02017202870273313	 1.4416860206683726	
8659	 0.020171354698420994	 1.4416057369095665	
8660	 0.020170706703831837	 1.4415285529748827	
8661	 0.020170075656103865	 1.4414533892035617	
8662	 0.02016945315809769	 1.44137924532122	
8663	 0.02016883448643252	 1.4413055586944543	
8664	 0.02016821954281515	 1.4412323175885096	
8665	 0.020167611356045067	 1.4411598827019123	
8666	 0.02016701444792294	 1.4410887925153493	
8667	 0.020166550038272744	 1.441033483518365	
8668	 0.020165974451780273	 1.4409649350626692	
8669	 0.02016540910961467	 1.4408976079067033	
8670	 0.020164856984863307	 1.4408318560401907	
8671	 0.02016432347392088	 1.4407683220097836	
8672	 0.02016385271161904	 1.4407122614354175	
8673	 0.020163380033304798	 1.4406559735712283	
8674	 0.020162904605320737	 1.4405993591559836	
8675	 0.020162426294854128	 1.4405424023900393	
8676	 0.02016194511467703	 1.4404851048105372	
8677	 0.020161461108474554	 1.4404274716355705	
8678	 0.020160974325865198	 1.440369508789497	
8679	 0.020160484816957522	 1.4403112222547387	
8680	 0.0201599907255786	 1.4402523910352618	
8681	 0.020159495921869497	 1.4401934759622934	
8682	 0.02015899856107019	 1.4401342573943232	
8683	 0.02015849867030307	 1.4400747385756463	
8684	 0.02015799629113371	 1.440014924470036	
8685	 0.0201574914673566	 1.4399548203063837	
8686	 0.020156983374594706	 1.4398943279516656	
8687	 0.02015647051651926	 1.4398332692805678	
8688	 0.02015595317093434	 1.4397716773952765	
8689	 0.020155436454510973	 1.4397101614659655	
8690	 0.02015492024200557	 1.4396487065787318	
8691	 0.020154401879682107	 1.439586996812425	
8692	 0.0201538813659589	 1.439525031991929	
8693	 0.020153358730236683	 1.4394628156304163	
8694	 0.02015283184175448	 1.4394000940944565	
8695	 0.020152298543685748	 1.4393366106656638	
8696	 0.02015175415835777	 1.4392718085724414	
8697	 0.020151184536682926	 1.4392040036651543	
8698	 0.02015065249324609	 1.4391406730369545	
8699	 0.020150006080118774	 1.4390637301624496	
8700	 0.020149320248521202	 1.438982097087033	
8701	 0.02014861604773785	 1.43889827949398	
8702	 0.020147957447720532	 1.4388198913055883	
8703	 0.020147258867244715	 1.4387367464119487	
8704	 0.020146566893769105	 1.438654389776772	
8705	 0.02014589291841644	 1.4385741770377658	
8706	 0.020145356678063164	 1.4385103580182197	
8707	 0.02014472753423586	 1.438435483817243	
8708	 0.020144105116800076	 1.4383614116559313	
8709	 0.02014348530576635	 1.438287651191466	
8710	 0.02014287093019959	 1.438214539066655	
8711	 0.02014226193182037	 1.438142068306879	
8712	 0.02014165875437818	 1.438070291678028	
8713	 0.020141060997174845	 1.4379991614579533	
8714	 0.020140469796028973	 1.4379288127613294	
8715	 0.020139885492665117	 1.4378592862039579	
8716	 0.020139301823203684	 1.4377898364175088	
8717	 0.020138718540782405	 1.4377204340247731	
8718	 0.020138136907582437	 1.4376512292005321	
8719	 0.020137556394792606	 1.4375821590154094	
8720	 0.020136977540243763	 1.4375132874517218	
8721	 0.02013643446371804	 1.4374486739231882	
8722	 0.020135822972024337	 1.437375921964688	
8723	 0.02013527096974229	 1.437310248998008	
8724	 0.020134716195764946	 1.4372442474857496	
8725	 0.02013416275679062	 1.4371784060069068	
8726	 0.020133607301836862	 1.4371123259043384	
8727	 0.02013304847542374	 1.437045845940096	
8728	 0.020132484523530322	 1.4369787574777513	
8729	 0.020131915385827908	 1.436911053374895	
8730	 0.020131344106538152	 1.4368430957939735	
8731	 0.020130793436852267	 1.4367775910833707	
8732	 0.020130233197192853	 1.4367109492059544	
8733	 0.02012967281198399	 1.4366442912520085	
8734	 0.020129111014116026	 1.436577466503713	
8735	 0.0201285474785595	 1.4365104363099277	
8736	 0.020127982274580077	 1.4364432089208659	
8737	 0.02012741567591346	 1.4363758169058756	
8738	 0.020126847357482863	 1.4363082216103233	
8739	 0.020126277029701743	 1.4362403886035793	
8740	 0.020125705012598798	 1.4361723559613322	
8741	 0.02012512899180619	 1.4361038484443833	
8742	 0.02012454847895018	 1.4360348079982288	
8743	 0.02012396361190088	 1.4359652510501304	
8744	 0.020123340661582275	 1.4358911664249907	
8745	 0.020122710975978206	 1.4358162823570406	
8746	 0.020121942924226466	 1.4357249454937957	
8747	 0.02012127750151762	 1.435645815175316	
8748	 0.020120581678455346	 1.435563071592706	
8749	 0.02011984969446304	 1.4354760300032925	
8750	 0.020119094750617773	 1.4353862604261571	
8751	 0.02011830994875566	 1.4352929428443126	
8752	 0.020117747754541265	 1.4352260961199255	
8753	 0.020116969490508473	 1.4351335600451938	
8754	 0.020116223793925577	 1.4350448984992712	
8755	 0.020115521029105313	 1.434961343443047	
8756	 0.020114849432166744	 1.4348814959032132	
8757	 0.020114206393617256	 1.4348050453944599	
8758	 0.020113590853124336	 1.4347318656412664	
8759	 0.020113001746189452	 1.4346618298922962	
8760	 0.020112436442653214	 1.4345946252868964	
