Time	  Pressure(m)	  Flow(cms)	
0	 0.01606281064783102	 4.8900445571726685	
1	 0.015839696610640913	 4.777364172418683	
2	 0.015636112773535504	 4.67546603878051	
3	 0.015468012805963872	 4.591991987184958	
4	 0.015323414092420445	 4.520670079077172	
5	 0.015199300492362297	 4.459808920808199	
6	 0.015090784743229974	 4.406867137530751	
7	 0.014992659809867397	 4.359212711054762	
8	 0.014901026892067652	 4.314898466222598	
9	 0.014809861707426129	 4.270990334244611	
10	 0.01470270521037365	 4.21961019364179	
11	 0.014619728362041173	 4.1799949361628315	
12	 0.014537072526224177	 4.1406816836625	
13	 0.014458095084949673	 4.1032569235872955	
14	 0.014372707449787634	 4.06294764723669	
15	 0.014279655275326522	 4.0192015830255015	
16	 0.014189604574114782	 3.977047136507946	
17	 0.014097579755923649	 3.9341524385580673	
18	 0.014017332550711064	 3.89689955087662	
19	 0.013976351235035225	 3.8779296570557915	
20	 0.01393779214735343	 3.8601148171078057	
21	 0.013901257066970742	 3.8432653834561603	
22	 0.013865452143218956	 3.8267813050961146	
23	 0.013829219271295318	 3.8101290695637458	
24	 0.013793120578717467	 3.7935674009389304	
25	 0.013760261559170373	 3.7785171575253744	
26	 0.013733741544606073	 3.766387792557615	
27	 0.013712071983038211	 3.7564884461334396	
28	 0.013696316145054512	 3.7492972218499614	
29	 0.013680018266210911	 3.741864401890353	
30	 0.013662785226219018	 3.734011510587306	
31	 0.013646319838153618	 3.726514595135422	
32	 0.013631428646162732	 3.719739623607156	
33	 0.013623403379523748	 3.7160904531942283	
34	 0.013602391985212993	 3.7065431455622915	
35	 0.0135985771622837	 3.70481079291101	
36	 0.013593269006369955	 3.702400840487257	
37	 0.013579994351146983	 3.6963767690402802	
38	 0.013556623388021062	 3.685780505639434	
39	 0.013529979559661575	 3.6737151912778723	
40	 0.013499908221933652	 3.6601167887528163	
41	 0.013471171761390219	 3.647140878968407	
42	 0.01344920091592703	 3.6372324118374237	
43	 0.013478570442883924	 3.6504799814099687	
44	 0.013507938591259682	 3.663746185911932	
45	 0.013536490055185183	 3.676661924286641	
46	 0.013563467188049438	 3.6888821862117247	
47	 0.013557622371195543	 3.6862331900390854	
48	 0.013545874270703083	 3.6809110021666887	
49	 0.01353281385769807	 3.6749979144290315	
50	 0.013522602820747293	 3.670377527649258	
51	 0.013515430883820422	 3.6671336918211113	
52	 0.013513985974369527	 3.6664803044265524	
53	 0.013514040861797475	 3.666505123645492	
54	 0.013512434848547606	 3.6657789378702192	
55	 0.013515300765746212	 3.6670748505792394	
56	 0.013521253699321688	 3.6697672383001265	
57	 0.013537937062582453	 3.67731698658455	
58	 0.013539407406107871	 3.677982660995368	
59	 0.013567890385911698	 3.690887380162848	
60	 0.013577129904272386	 3.6950773906876098	
61	 0.013562003435960378	 3.688218710974711	
62	 0.013541819535589434	 3.6790748182548376	
63	 0.013527164908584573	 3.6724415370532677	
64	 0.013507662959187625	 3.663621587689292	
65	 0.013488795701641637	 3.655096759443637	
66	 0.013468041375729895	 3.645728471131469	
67	 0.013448606786732483	 3.636964619701732	
68	 0.013421303167027724	 3.6246665574750656	
69	 0.013390500496591793	 3.61081246642498	
70	 0.013360008940481864	 3.5971192141789037	
71	 0.013333840283299361	 3.585383904345082	
72	 0.013312114893890673	 3.575652830759492	
73	 0.013295004312470458	 3.5679962359154964	
74	 0.013282166940307151	 3.5622561159748627	
75	 0.013273101786834598	 3.5582049382558125	
76	 0.013264539386334016	 3.5543801322118633	
77	 0.013257953154376374	 3.551439196163984	
78	 0.0132544890334341	 3.549892760448644	
79	 0.013256025189055633	 3.550578490188045	
80	 0.013263451077137814	 3.5538941046815546	
81	 0.013278298930863202	 3.56052729381717	
82	 0.013267947062860915	 3.55590213693098	
83	 0.013259456058384328	 3.552110198922373	
84	 0.01322600057418365	 3.537185304307215	
85	 0.013162322883190844	 3.50884742050406	
86	 0.013081743193817436	 3.4731186129881584	
87	 0.013002808676836043	 3.438261233789962	
88	 0.012962353123333716	 3.4204506645656347	
89	 0.012913713285703754	 3.399085975980711	
90	 0.012890152370095465	 3.388756276960357	
91	 0.012877891218709627	 3.3833856553988	
92	 0.012860663682490859	 3.375845419380318	
93	 0.01284054108562772	 3.367046581002192	
94	 0.012819237541231222	 3.3577413721068448	
95	 0.012799829961524045	 3.349273273294143	
96	 0.012788348982592087	 3.344267811255609	
97	 0.012786976698604574	 3.3436697250579113	
98	 0.012792837934031824	 3.3462245418555145	
99	 0.012802833235134547	 3.3505831306329052	
100	 0.012814763216496196	 3.355788333785854	
101	 0.012830798695911026	 3.3627899089847295	
102	 0.012851889496375415	 3.3720076755853263	
103	 0.012875116427993055	 3.3821707162131336	
104	 0.012901862785192562	 3.3938888460691725	
105	 0.012931795573449461	 3.4070222336911122	
106	 0.01294373577302475	 3.412266806303913	
107	 0.012976960403792927	 3.42687725590094	
108	 0.013001403219221027	 3.4376418603857792	
109	 0.01302120766097786	 3.44637362815691	
110	 0.01303665025406443	 3.4531884059449065	
111	 0.013068014380346663	 3.4670458856709305	
112	 0.013107127144758158	 3.484358002371894	
113	 0.01307930177837811	 3.472038380053919	
114	 0.013032337599177447	 3.451284700197682	
115	 0.012971143048018302	 3.424317284930929	
116	 0.012912977116508741	 3.398763030547736	
117	 0.012876070035968683	 3.3825882327736965	
118	 0.012857406694913585	 3.374420640864024	
119	 0.012847529143365762	 3.370101149059341	
120	 0.012839483177811124	 3.3665842527340644	
121	 0.012832313748553831	 3.3634517285626755	
122	 0.012817626754737561	 3.3570382130339382	
123	 0.012788447643692745	 3.3443108126354986	
124	 0.012753507015538887	 3.3290957959198977	
125	 0.01271462135110459	 3.31219554409828	
126	 0.012675336388668211	 3.29515670671021	
127	 0.012642914284947692	 3.2811209457296027	
128	 0.012619054173034884	 3.270807045558982	
129	 0.012588181982918287	 3.2574813494457926	
130	 0.01253828901824988	 3.235991539196927	
131	 0.012507539174297696	 3.2227753729661224	
132	 0.012468512431770495	 3.206032995781152	
133	 0.012420172495861576	 3.1853436712485625	
134	 0.012370927172277989	 3.1643219731166483	
135	 0.012325391338162028	 3.144933346110733	
136	 0.012291141598540835	 3.1303816314816744	
137	 0.012258389478033968	 3.1164914730997815	
138	 0.012232169017139735	 3.1053892036143917	
139	 0.01223701631254239	 3.107440451576471	
140	 0.012252345368771239	 3.113930870417216	
141	 0.012277175650578339	 3.124455658171696	
142	 0.012306797702112786	 3.137030103296909	
143	 0.012336822144183622	 3.149795968616651	
144	 0.012367065426076365	 3.1626758371639196	
145	 0.012397473715790641	 3.1756471661057426	
146	 0.012426807577367346	 3.1881802902294707	
147	 0.01245454296886855	 3.2000486102898944	
148	 0.012485858346044883	 3.2134700441525945	
149	 0.012517793283093374	 3.2271801455531577	
150	 0.012548339472184483	 3.2403158763087436	
151	 0.012578363756058605	 3.2532479640936796	
152	 0.01260744322552937	 3.2657927342060953	
153	 0.012641820131838198	 3.2806476970994196	
154	 0.012662671127327716	 3.289670972085826	
155	 0.012693473585533159	 3.3030188790273973	
156	 0.012711625078620715	 3.31089475024479	
157	 0.012717880289708492	 3.313610603165227	
158	 0.012713725006536171	 3.3118063859999802	
159	 0.012702411838695022	 3.3068962190768714	
160	 0.012685013203131456	 3.2993505117609394	
161	 0.012672331015148405	 3.293854651326	
162	 0.012676834049768536	 3.295805633917107	
163	 0.012720466374306526	 3.3147336752979157	
164	 0.012736187520371166	 3.32156425260692	
165	 0.012750690016028205	 3.327870332899783	
166	 0.012767339197880147	 3.335115748682439	
167	 0.012787227799391022	 3.3437791597863282	
168	 0.012828822705121463	 3.3619268163421885	
169	 0.012853483876154797	 3.372704911994943	
170	 0.012877761413502614	 3.3833288164344664	
171	 0.012917843635742839	 3.4008981208596825	
172	 0.012939187741215377	 3.4102687638359535	
173	 0.012952740097160645	 3.4162239689311322	
174	 0.012966601358749783	 3.4223192125174036	
175	 0.012983039528733387	 3.429553237948421	
176	 0.013002784103561246	 3.438250404170122	
177	 0.01302803549292487	 3.4493860692584204	
178	 0.013034852666524934	 3.452394858137088	
179	 0.013071505370057274	 3.4685896676741033	
180	 0.013087338777437998	 3.4755949517197386	
181	 0.013092539832693015	 3.4778973240387163	
182	 0.013074004959731622	 3.4696952026146968	
183	 0.013020433987073145	 3.4460323494519	
184	 0.012937601964041893	 3.409572209881488	
185	 0.012848383007530485	 3.37047445979741	
186	 0.012781929956093813	 3.3414705578341684	
187	 0.012743413217051957	 3.3247055843796685	
188	 0.012716872348863047	 3.3131729207891736	
189	 0.012688546818512262	 3.300882466315226	
190	 0.012661242447144323	 3.2890523939409886	
191	 0.01264741849359369	 3.283069416362371	
192	 0.012637730151724145	 3.2788789200507344	
193	 0.012629830124262904	 3.275463507719355	
194	 0.012626011300249065	 3.2738130292054115	
195	 0.01262907654503245	 3.2751377878227825	
196	 0.012636603249817442	 3.278391640421287	
197	 0.012645278531173407	 3.282143634693914	
198	 0.012654009186910509	 3.285921310867433	
199	 0.012663658331159289	 3.290098430630501	
200	 0.012674298107215109	 3.294706855838278	
201	 0.012681372075116527	 3.2977722440438204	
202	 0.01267043402987883	 3.293032902752081	
203	 0.012658402319565462	 3.287822837157485	
204	 0.01262740082535788	 3.274413537179715	
205	 0.012573745427531093	 3.2512574125313973	
206	 0.012509465365526388	 3.223602607408415	
207	 0.012441740709636818	 3.1945681719265755	
208	 0.012371407237601478	 3.164526633187823	
209	 0.012306656042808941	 3.1369699214085123	
210	 0.012259092048709352	 3.1167891736192335	
211	 0.012257423468330563	 3.116082164040204	
212	 0.012274897433564759	 3.1234894006848988	
213	 0.012298466219323966	 3.133491379602866	
214	 0.012324688729041106	 3.1446345568328966	
215	 0.012356761147732792	 3.1582851377451844	
216	 0.012406595036830687	 3.1795422070414063	
217	 0.012455308890870377	 3.200376608125228	
218	 0.012490064774500782	 3.2152745856545213	
219	 0.012519357734186318	 3.227852385422338	
220	 0.012546419336304489	 3.2394895346466765	
221	 0.012572545085651208	 3.2507401314675928	
222	 0.012598393800863389	 3.2618867778586185	
223	 0.012623150414705027	 3.272576785400885	
224	 0.012646186259326493	 3.282536319528848	
225	 0.012668377671304956	 3.2921422084417604	
226	 0.012683828313450394	 3.298836881412422	
227	 0.012701947350546342	 3.3066946831533963	
228	 0.01271156985701797	 3.310870778401596	
229	 0.012709854439682597	 3.310126145794469	
230	 0.012699145807456819	 3.3054792308703793	
231	 0.012681233333134718	 3.297712111514339	
232	 0.012657031202546729	 3.2872293147724787	
233	 0.012632055754707489	 3.2764255686280723	
234	 0.01261392297878023	 3.268590705202507	
235	 0.012622068666734244	 3.272109389907174	
236	 0.01263404344131897	 3.2772848704106945	
237	 0.01264011866428345	 3.2799118240039924	
238	 0.012638515638352587	 3.2792185866517642	
239	 0.012636921199131212	 3.2785291208150813	
240	 0.012642666065033776	 3.2810135820039172	
241	 0.012658645347432697	 3.287928042336004	
242	 0.012681326326601216	 3.2977524160102707	
243	 0.012704254002565581	 3.3076955606114398	
244	 0.012724715630744517	 3.316579352088036	
245	 0.012743880668342616	 3.3249088471545614	
246	 0.0127647204316239	 3.3339756923656494	
247	 0.012785686558183445	 3.343107478734037	
248	 0.01280678807154005	 3.3523083181077955	
249	 0.012833038931683163	 3.363768528328756	
250	 0.01283813193597867	 3.365993768181217	
251	 0.012845246571910884	 3.3691032864842945	
252	 0.012844744075592543	 3.3688836280666585	
253	 0.01284577627257486	 3.3693348430590095	
254	 0.012848745270840137	 3.370632846875847	
255	 0.012850697784913193	 3.371486567257046	
256	 0.01284949808369873	 3.3709619977321816	
257	 0.012844278393957312	 3.3686800677273188	
258	 0.01283725160214685	 3.3656090898812545	
259	 0.012835822011067123	 3.3649844408423375	
260	 0.012828524026014126	 3.3617963640615742	
261	 0.012819507998941389	 3.3578594411971983	
262	 0.012812035230987564	 3.3545977938628293	
263	 0.012808267443974224	 3.352953744507759	
264	 0.012808318927892571	 3.35297620700823	
265	 0.012812839030772816	 3.354948568391963	
266	 0.012822202697163838	 3.35903591014524	
267	 0.012837740952987913	 3.365822918694587	
268	 0.012847014884434306	 3.3698763222369714	
269	 0.012964004235338234	 3.4211768427636473	
270	 0.013298177297429941	 3.5694155784420727	
271	 0.013436110621975821	 3.631334044989851	
272	 0.01351439703975839	 3.6666661832679766	
273	 0.013822666249024762	 3.8071204739894715	
274	 0.013973934428570497	 3.876812094839505	
275	 0.014114348362995088	 3.941954771839289	
276	 0.014275097801818468	 4.017063873162836	
277	 0.014511594026262157	 4.128593427724729	
278	 0.014543009744640132	 4.143500623334055	
279	 0.01452522196219386	 4.135057433617858	
280	 0.014484549154521175	 4.115777479672541	
281	 0.014444081606272712	 4.096630609917582	
282	 0.014536443571595899	 4.140383106427705	
283	 0.014569123432465898	 4.155908283321868	
284	 0.01469151715751034	 4.214260016517867	
285	 0.01485686430133542	 4.293605886723769	
286	 0.015156460737416437	 4.438878400054951	
287	 0.015256072428571422	 4.48760703068338	
288	 0.015271033056323173	 4.4949439301330605	
289	 0.015269412186101203	 4.494148801324308	
290	 0.015268387114486153	 4.493645974581083	
291	 0.015305132488012747	 4.511684676020395	
292	 0.015274207971645363	 4.49650156927974	
293	 0.015266037895356325	 4.492493700759664	
294	 0.01522969121168478	 4.474680999471325	
295	 0.01519338888256263	 4.4569183018286225	
296	 0.015158550882758526	 4.4398986830500515	
297	 0.01512378237567397	 4.422938992880358	
298	 0.015074477659120638	 4.398933237681241	
299	 0.01502879835590852	 4.376739304382827	
300	 0.014978531986456937	 4.352368601826761	
301	 0.01492629128987432	 4.327098398315726	
302	 0.014872726450328631	 4.30124882425699	
303	 0.014842687258001802	 4.286779494149279	
304	 0.014788875878741859	 4.260908321473989	
305	 0.014731963160798249	 4.2336143080799555	
306	 0.014689443688069397	 4.213268772366784	
307	 0.014656334380158663	 4.197453154227475	
308	 0.014621549170483533	 4.180862631950831	
309	 0.014575743038760039	 4.1590558809436216	
310	 0.01452459755540361	 4.134761176419099	
311	 0.014478248502098777	 4.112794033563591	
312	 0.014442623429817348	 4.095941353071319	
313	 0.014417144960363065	 4.083905573655263	
314	 0.014398379125779527	 4.07504983969261	
315	 0.014384306633616525	 4.068413974446601	
316	 0.01437356862823274	 4.0633533922724965	
317	 0.014364539845169087	 4.059100278448866	
318	 0.014356470748689742	 4.055300743990424	
319	 0.014349218552722797	 4.051887081979989	
320	 0.014343672775567909	 4.0492774197984325	
321	 0.014339184361390046	 4.047165810653583	
322	 0.014330136409166059	 4.042910470950342	
323	 0.014324833068466008	 4.040417090804802	
324	 0.014314403731746823	 4.035515504545894	
325	 0.014296304391496893	 4.027014815206236	
326	 0.014270163756992789	 4.014750043182596	
327	 0.014234637619515317	 3.998105738812711	
328	 0.014209330833940215	 3.9862661641504253	
329	 0.014180078067961968	 3.9725980009518884	
330	 0.014157416447545479	 3.962022419550644	
331	 0.01414530650140465	 3.956375650514796	
332	 0.014133068670851932	 3.95067252316083	
333	 0.014124448303369345	 3.9466571974553126	
334	 0.01411572952979729	 3.9425976961547966	
335	 0.014107840553194171	 3.9389259923912237	
336	 0.014101388488493075	 3.935924076451739	
337	 0.01409634291808516	 3.9335771901372647	
338	 0.014092390046922101	 3.9317389508994727	
339	 0.014090180099188766	 3.9307113888192386	
340	 0.014092842925394892	 3.931949539616683	
341	 0.014094696430081736	 3.93281146724399	
342	 0.014099525819851641	 3.935057613366374	
343	 0.014111112288334624	 3.9404485640330833	
344	 0.014129888962684656	 3.949191240282473	
345	 0.014186839631180724	 3.9757556283396567	
346	 0.014272058317762884	 4.015638438096027	
347	 0.014355292195281387	 4.054745911978575	
348	 0.014383248881651616	 4.067915367700925	
349	 0.014394965637225046	 4.07343981625524	
350	 0.014405282711174158	 4.078306797795268	
351	 0.014419478674422222	 4.0850074078621414	
352	 0.014437533333954913	 4.093535709242119	
353	 0.014455395438249303	 4.101980054761298	
354	 0.014613624396750149	 4.177086652198474	
355	 0.014609559974646422	 4.1751505742783825	
356	 0.014602974743782691	 4.1720144771773695	
357	 0.014597207269149285	 4.169268596038606	
358	 0.014591657263126456	 4.166626933989997	
359	 0.014585270501529735	 4.163587826363455	
360	 0.014577077485053254	 4.15969052052488	
361	 0.014567380183739284	 4.155079533752305	
362	 0.014556296537365327	 4.14981185685327	
363	 0.01454433631886059	 4.144130574118477	
364	 0.014530178501901327	 4.137409423786949	
365	 0.01451577740422076	 4.1305772583000495	
366	 0.014500658490626869	 4.123409407432137	
367	 0.01448440808082407	 4.115710669853989	
368	 0.01446808249269773	 4.107982112178917	
369	 0.014458193883299698	 4.1033036558775	
370	 0.01445502495885028	 4.101804839201464	
371	 0.014451955866275719	 4.100353449132848	
372	 0.014449011771328341	 4.098961364187915	
373	 0.01444604070328093	 4.097556716982894	
374	 0.014443018976192943	 4.096128316974279	
375	 0.014437801103429026	 4.093662246402274	
376	 0.014433181131648461	 4.091479251618846	
377	 0.014412809642813424	 4.081859022734306	
378	 0.014382056725060294	 4.067353434143013	
379	 0.014357804744952274	 4.055928791055542	
380	 0.01433522448091404	 4.04530322010396	
381	 0.014316012168587975	 4.036271283485369	
382	 0.014297944051450543	 4.02778461640497	
383	 0.014279996898104459	 4.019361841534651	
384	 0.014261796309299704	 4.010827331288687	
385	 0.014242987171001096	 4.002015089741088	
386	 0.014223575312167377	 3.9929286000735726	
387	 0.014204822646986926	 3.984158519448002	
388	 0.014193307275380537	 3.9787769355105245	
389	 0.014183867120158582	 3.974367352030579	
390	 0.014179782893141946	 3.9724601781606586	
391	 0.014200032932084735	 3.9819197447530112	
392	 0.014211150059332576	 3.987116805440917	
393	 0.014259144123257255	 4.00958429001649	
394	 0.014297541704041941	 4.02759571354641	
395	 0.01450251292669958	 4.124288324426744	
396	 0.01461571215856103	 4.178081292205216	
397	 0.014906966925991976	 4.317765611894303	
398	 0.014886788810456736	 4.308029106665673	
399	 0.014865920444538135	 4.297968786934632	
400	 0.01489507987153367	 4.312028711444082	
401	 0.014888319404635803	 4.308767352988039	
402	 0.015067440669685081	 4.395511291618711	
403	 0.015212181213290212	 4.466109844558664	
404	 0.015332912413917564	 4.525341323671353	
405	 0.015495346473976216	 4.605524204180653	
406	 0.015850974608897166	 4.783034724132219	
407	 0.016128263877398397	 4.923299815964681	
408	 0.016304268325243135	 5.01317009232545	
409	 0.016456329086180874	 5.091337136649223	
410	 0.016530010453511802	 5.129386963269692	
411	 0.016581841150669924	 5.1562207311200785	
412	 0.016787369671543397	 5.263177378082968	
413	 0.017052012608216715	 5.402187559545861	
414	 0.017489828327049508	 5.635331834157588	
415	 0.018370249050587133	 6.116016620775483	
416	 0.019617564015001754	 6.823680972403599	
417	 0.021132053105854948	 7.724073641053912	
418	 0.02293660049086029	 8.85439040502224	
419	 0.0248592276549568	 10.12565134223283	
420	 0.026580067568271998	 11.32062447526028	
421	 0.027547166569558895	 12.015406689611476	
422	 0.028103424032317054	 12.42249918627171	
423	 0.028298613698160148	 12.566630659883728	
424	 0.028576687646035867	 12.77311227778046	
425	 0.028333506151425044	 12.592465892772285	
426	 0.028028331948044768	 12.36722713893771	
427	 0.027670854140999006	 12.105457067790095	
428	 0.027302200989799248	 11.837854991517402	
429	 0.026945692368483733	 11.581349345126293	
430	 0.0266064484798689	 11.339357007662365	
431	 0.026292149633041415	 11.116986426676881	
432	 0.026020951875611105	 10.926528825459272	
433	 0.02579025067336542	 10.765549171449802	
434	 0.025592698850332322	 10.628461259969516	
435	 0.025426185439818356	 10.51345838824294	
436	 0.025197916904899482	 10.356618586786082	
437	 0.02496671638407246	 10.198726912463455	
438	 0.02480954133993654	 10.091943467402244	
439	 0.02464403670840672	 9.979987446803209	
440	 0.024369275510835384	 9.795229441100389	
441	 0.024064577077983797	 9.591958828110311	
442	 0.023750933439123125	 9.384505379407152	
443	 0.023438987524544545	 9.179978479730673	
444	 0.023128506190266025	 8.97820580089099	
445	 0.022824506012809786	 8.782386817309563	
446	 0.022528499049223934	 8.593379932475234	
447	 0.022239512070106392	 8.410445633187228	
448	 0.02197072294472347	 8.241713168204724	
449	 0.021717051058087494	 8.083727602226736	
450	 0.02148350212234189	 7.939357932275859	
451	 0.021268151902738713	 7.80716166436654	
452	 0.02106112665158706	 7.680914243202297	
453	 0.020867111454335584	 7.563349035248964	
454	 0.02068017252092031	 7.450758937479952	
455	 0.020542081237584393	 7.368023244410985	
456	 0.020430006719747387	 7.301147110480851	
457	 0.020327470759800757	 7.2401765809108465	
458	 0.020155312824812928	 7.138267550993091	
459	 0.020032405628292754	 7.065866467527626	
460	 0.019878470474386553	 6.975604648613857	
461	 0.019798454365858708	 6.928869707496624	
462	 0.019999326756781094	 7.0464311070645405	
463	 0.020683228972220472	 7.452594351225128	
464	 0.020819072426521323	 7.534351486700542	
465	 0.02066930100602255	 7.444232005957884	
466	 0.02049991733804202	 7.34283495027757	
467	 0.020320464400777324	 7.236017886111115	
468	 0.020141766789683237	 7.1302735000083945	
469	 0.01996812031549155	 7.028115519985049	
470	 0.01980087687893525	 6.930282777574452	
471	 0.019639830073020566	 6.836594056483203	
472	 0.01948347773721803	 6.746124978618434	
473	 0.019332383168346064	 6.6591567893585	
474	 0.019187253989716876	 6.576047742193716	
475	 0.019049947895267854	 6.497803447764664	
476	 0.018917137494737182	 6.422477882723385	
477	 0.018787547332046947	 6.349317765812619	
478	 0.018661284724888847	 6.27835904832976	
479	 0.018539112112423213	 6.210002875655906	
480	 0.01842137045198307	 6.144409383876432	
481	 0.01830816528418858	 6.0816061421033885	
482	 0.018198679987286037	 6.021112342729271	
483	 0.018093532397754592	 5.963243186373119	
484	 0.017990790643325687	 5.906914249104044	
485	 0.017890467727231872	 5.852118003811772	
486	 0.017792822929622993	 5.798980894691735	
487	 0.017699788309660937	 5.748533108282235	
488	 0.01762391549463184	 5.707521895213325	
489	 0.017575615033592507	 5.681475467824323	
490	 0.017535061181645637	 5.659643281878803	
491	 0.017457703317878628	 5.618090934652374	
492	 0.01738201880552729	 5.577556038449219	
493	 0.01730963010432952	 5.538896231705145	
494	 0.01723747771722168	 5.500469737266183	
495	 0.017175538730052245	 5.467568046880808	
496	 0.017113530764080995	 5.434708853222001	
497	 0.017035669900875773	 5.393561191439393	
498	 0.016958733053578635	 5.353024815591391	
499	 0.016889794498802214	 5.3168065514966525	
500	 0.016824805553208408	 5.282753415852999	
501	 0.016759485483554666	 5.2486150257092214	
502	 0.016695243447642116	 5.215126457290062	
503	 0.016630761835178802	 5.181599278997713	
504	 0.016566328153625	 5.148183476241612	
505	 0.01650204971530803	 5.114934404918562	
506	 0.016437436794567425	 5.081599220385193	
507	 0.01637412322013998	 5.049019024223378	
508	 0.016311374346792647	 5.016812172335223	
509	 0.016250339667659614	 4.985564300104635	
510	 0.01618352089273116	 4.951444757019836	
511	 0.016117236035558022	 4.9176905124615775	
512	 0.01605305353405823	 4.885094919082195	
513	 0.015992877074867767	 4.8546126353557035	
514	 0.015919362183663077	 4.8174774363543476	
515	 0.015842210704579633	 4.7786280200421265	
516	 0.015751186161833765	 4.732954804306091	
517	 0.01565184960086518	 4.68331130523574	
518	 0.015551050080698786	 4.633150950105583	
519	 0.015444614818854658	 4.5804208838449725	
520	 0.015316655529991135	 4.5173474145369505	
521	 0.015191355780285425	 4.455924342478873	
522	 0.015099103876003847	 4.4109168550498605	
523	 0.015030607255987967	 4.3776173299711045	
524	 0.014977129655889189	 4.351689488873428	
525	 0.014931812500657426	 4.329766371611599	
526	 0.014891726737584803	 4.310410982079271	
527	 0.014855111802296685	 4.292761805028534	
528	 0.014821542442908444	 4.27660612189078	
529	 0.014790813651358372	 4.261838866854922	
530	 0.014761425832468615	 4.247735159987128	
531	 0.014732424794093368	 4.233835414359286	
532	 0.014707262060653736	 4.2217900780038065	
533	 0.014684777650399857	 4.211038464490917	
534	 0.01466513318876495	 4.201653838178726	
535	 0.014642199247567848	 4.1907083480322855	
536	 0.01461760912774076	 4.1789851179695585	
537	 0.014597174854669558	 4.1692531656244345	
538	 0.014579111143011312	 4.160657767574725	
539	 0.014560361183565395	 4.151743333369355	
540	 0.014540339967250718	 4.142232941296381	
541	 0.014518978264376725	 4.132095419262425	
542	 0.014496254610025936	 4.121322471823933	
543	 0.01447279577972938	 4.110212792631146	
544	 0.014438589097145831	 4.094034629841128	
545	 0.014402005368533255	 4.076760490631329	
546	 0.014379713041976362	 4.066248808913765	
547	 0.014352948657960664	 4.053642726345865	
548	 0.014323944240989428	 4.039999266337183	
549	 0.014295292918006424	 4.026539969568045	
550	 0.014267882751058504	 4.013680541238261	
551	 0.014241596711669921	 4.001363955481677	
552	 0.014218627980721692	 3.9906141268202275	
553	 0.014200027831630256	 3.98191736100291	
554	 0.014186086665765988	 3.9754039463581763	
555	 0.01417686323910256	 3.9710970386541207	
556	 0.014169446485414712	 3.967635117203713	
557	 0.014169466022858226	 3.9676442351184096	
558	 0.014169508705299174	 3.9676641545835634	
559	 0.014162711658677172	 3.9644925454655238	
560	 0.014154311082454824	 3.960574106039548	
561	 0.014150321825372172	 3.958713864328333	
562	 0.014147938101957929	 3.9576024704021826	
563	 0.014148184587966114	 3.957717386947254	
564	 0.01414815537956737	 3.9577037693570385	
565	 0.014149537404052373	 3.9583481197406245	
566	 0.014150877206389736	 3.9589728246692095	
567	 0.01414968360661683	 3.958416287179935	
568	 0.014138703525723103	 3.9532980941117315	
569	 0.014122989919054066	 3.9459780505923208	
570	 0.014116013658526409	 3.942729961462856	
571	 0.014106118352122384	 3.938124623995906	
572	 0.014091804803040653	 3.931466818883127	
573	 0.0140765847503955	 3.924392306715756	
574	 0.014063712119561565	 3.9184128907938436	
575	 0.014053447022647778	 3.913647304402179	
576	 0.01404642628853913	 3.91038925422676	
577	 0.014042613460697352	 3.90862032363116	
578	 0.014046578871563443	 3.910460050547338	
579	 0.014113702748597716	 3.941654256849757	
580	 0.0142110713874839	 3.9870800182151784	
581	 0.014502277735469839	 4.124176850504471	
582	 0.014795745949303064	 4.264207791702634	
583	 0.0149349487745369	 4.33128218266779	
584	 0.014930198752722496	 4.328986504261643	
585	 0.014890587629461558	 4.309861471260722	
586	 0.014810430096079867	 4.271263532103146	
587	 0.014713915791585154	 4.224973866968675	
588	 0.014601668470688755	 4.171392500279526	
589	 0.01447379983594282	 4.110688049818246	
590	 0.014344658164898575	 4.0497410628044	
591	 0.014220501511672517	 3.9914905437137485	
592	 0.014097915432623377	 3.934308566277771	
593	 0.01398349697866847	 3.881234693900669	
594	 0.013903353234718313	 3.8442313073559333	
595	 0.013842353599398755	 3.816162107971866	
596	 0.013792147242895847	 3.7931212451702634	
597	 0.013749632122532439	 3.7736537366397114	
598	 0.01371528280147826	 3.757954592630199	
599	 0.01368671872542016	 3.7449195029543545	
600	 0.013660399075673357	 3.7329246903486824	
601	 0.013634455218305943	 3.7211162087768286	
602	 0.013608838152104327	 3.709471156290905	
603	 0.013581026060465145	 3.6968448206502225	
604	 0.013554263746242957	 3.6847113336677335	
605	 0.013526865502073883	 3.6723060633846245	
606	 0.013502421770678289	 3.6612526548604545	
607	 0.013481921232665667	 3.6519926300341337	
608	 0.013464177153981691	 3.6439852634576897	
609	 0.013449527757193904	 3.637379732520492	
610	 0.01342190606921194	 3.624937936004116	
611	 0.01339400282453166	 3.612386636102647	
612	 0.013355318451209625	 3.5950146404274954	
613	 0.013304838319964327	 3.5723959276309962	
614	 0.013248184992058768	 3.5470792328059897	
615	 0.013189504603790324	 3.520932692295203	
616	 0.013133188376558998	 3.4959123818681914	
617	 0.013082181621341874	 3.473312614631503	
618	 0.01305640839470965	 3.461915474604766	
619	 0.013050276406686899	 3.459206064268184	
620	 0.013051452461062093	 3.459725636485653	
621	 0.013055756716078734	 3.4616274910167775	
622	 0.01306182263013384	 3.464308452262793	
623	 0.013069048791166838	 3.4675032931367116	
624	 0.013076914272812615	 3.470982130174653	
625	 0.013084849984748907	 3.4744934434704686	
626	 0.013092633188228514	 3.4779386556854597	
627	 0.013100156064227575	 3.481269932612961	
628	 0.013107246274738775	 3.484410784439019	
629	 0.013114658543154523	 3.4876955140839234	
630	 0.013122307222771053	 3.4910863065538367	
631	 0.013130201249341212	 3.494587247536949	
632	 0.01313817591683938	 3.4981253772238556	
633	 0.013147520687831605	 3.502273204442361	
634	 0.01315141613884113	 3.50400284373855	
635	 0.013160807788191417	 3.508174282836315	
636	 0.013167770364240628	 3.5112680946294543	
637	 0.01316567610045567	 3.510337396473601	
638	 0.013150218652272975	 3.5034711051865	
639	 0.013125515912064244	 3.4925091666331434	
640	 0.013094969927806281	 3.4789732731782275	
641	 0.01306612426657179	 3.466210156149621	
642	 0.013060746564385318	 3.463832801275528	
643	 0.013064091886080006	 3.4653116121366	
644	 0.013067573602276809	 3.46685098477688	
645	 0.013069120346279812	 3.467534935077742	
646	 0.013069419665063224	 3.4676672962255286	
647	 0.01306948088257449	 3.4676943673450653	
648	 0.013070343056757723	 3.4680756401143658	
649	 0.013069829991352743	 3.46784874905998	
650	 0.013063894396882228	 3.465224304350774	
651	 0.013056586388290244	 3.461994133491721	
652	 0.013049406970974292	 3.4588219739999677	
653	 0.013044407759799696	 3.4566138055488724	
654	 0.01304053264565693	 3.4549025426527145	
655	 0.01303706627273837	 3.4533720684290947	
656	 0.01303406417736279	 3.4520468013913965	
657	 0.013031494610213934	 3.450912634408922	
658	 0.013021079204925946	 3.446316963405909	
659	 0.013009624036210948	 3.441265338566175	
660	 0.012988566905699184	 3.4319870701237294	
661	 0.01295685711129329	 3.418033899023905	
662	 0.012914675140874871	 3.3995079446691636	
663	 0.012865161079135712	 3.3778132138312786	
664	 0.012809894550516043	 3.3536636823157435	
665	 0.012759966704279693	 3.3319065983614373	
666	 0.012735951873060663	 3.321461826239244	
667	 0.01272313917524124	 3.3158945661427723	
668	 0.012714854325940687	 3.312296695744328	
669	 0.01270600349419497	 3.308454761862935	
670	 0.012695952085201936	 3.3040938492944556	
671	 0.012684093942108827	 3.2989520243212422	
672	 0.012671831058277105	 3.293638068756298	
673	 0.012662102655742488	 3.2894248343806813	
674	 0.012655819222872606	 3.2867047146663424	
675	 0.01265227109514498	 3.285169115628306	
676	 0.012646168360876314	 3.282528576445433	
677	 0.012641587410746523	 3.2805470429187458	
678	 0.01263797555150036	 3.278985036332653	
679	 0.012635546192975066	 3.277934588577866	
680	 0.01263415894472026	 3.277334806746706	
681	 0.012633194279819236	 3.2769177562455902	
682	 0.01262441824763666	 3.273124617411808	
683	 0.012613405994838059	 3.2683674352722423	
684	 0.012596267112669271	 3.2609691177894042	
685	 0.01257351001427112	 3.2511559598213036	
686	 0.01254595551860313	 3.2392899406384963	
687	 0.012514330339149131	 3.225692328289491	
688	 0.012479478218945092	 3.2107337678532173	
689	 0.012450960625631507	 3.198514688975815	
690	 0.01245183798665017	 3.1988903384409553	
691	 0.012469038459920551	 3.2062584286240003	
692	 0.012493496880941363	 3.2167472461991253	
693	 0.012517555822313288	 3.227078114274989	
694	 0.012540394762234898	 3.2368973713471454	
695	 0.012563715098413215	 3.2469359065566046	
696	 0.012586773884846898	 3.256874075869233	
697	 0.012607647785877585	 3.2658810491403867	
698	 0.012625643268533254	 3.2736539851374515	
699	 0.012640188683769784	 3.2799421056507727	
700	 0.012649891275234462	 3.284139310963054	
701	 0.012656727283467516	 3.287097761580933	
702	 0.01266113721825373	 3.2890068346449555	
703	 0.012665234297208365	 3.2907808688297937	
704	 0.012668803363502621	 3.292326585503218	
705	 0.012670477119758036	 3.2930515677994556	
706	 0.012663478502597858	 3.2900205633386936	
707	 0.012649178227394784	 3.2838307833520473	
708	 0.012621111062064743	 3.27169565582599	
709	 0.012584813658796854	 3.256028760244176	
710	 0.012546776055359646	 3.2396430443940725	
711	 0.01250481742823274	 3.221606619225456	
712	 0.012458834875638114	 3.2018867465035914	
713	 0.012418943749441285	 3.1848184704698355	
714	 0.012407534179287166	 3.179943353691524	
715	 0.012412070327213176	 3.1818812154025453	
716	 0.012422465317339294	 3.186323780259651	
717	 0.012433520527261013	 3.1910512271096696	
718	 0.012445320690317748	 3.196100324792963	
719	 0.01245847509448332	 3.2017326433532496	
720	 0.012473700252848687	 3.208256547881623	
721	 0.012491174500199667	 3.21575072123013	
722	 0.012510660668238801	 3.224115992480264	
723	 0.012532279976772668	 3.2334071753097753	
724	 0.01255756777186534	 3.2442885049527432	
725	 0.012583670428936846	 3.255535801470334	
726	 0.01260983287196908	 3.266824476976228	
727	 0.012635503887496445	 3.2779162970012337	
728	 0.012660250866689834	 3.288623094981141	
729	 0.012687477647646033	 3.3004189107049893	
730	 0.012717353003910426	 3.3133816347594904	
731	 0.01275023619341013	 3.327672925948033	
732	 0.012782791361266319	 3.3418458825688493	
733	 0.012814861015212469	 3.3558310179697743	
734	 0.0128462839203979	 3.3695567652941407	
735	 0.012898197981997064	 3.392282261916213	
736	 0.012959840074495445	 3.4193455149089984	
737	 0.012988297072471167	 3.431868240265714	
738	 0.01301609380963822	 3.4441180853085114	
739	 0.013041080113375219	 3.4551442856004058	
740	 0.013064278763123036	 3.46539422921665	
741	 0.013084571237597863	 3.474370082194842	
742	 0.013102794898043491	 3.4824387621533157	
743	 0.013120346475966979	 3.490216947827381	
744	 0.013137146229223873	 3.4976684540431044	
745	 0.013153583650120414	 3.5049653995127468	
746	 0.013170574145168059	 3.51251425918767	
747	 0.013189452527367085	 3.5209095226936555	
748	 0.01321128023939425	 3.5306263509732596	
749	 0.01323273614347691	 3.5401881018121997	
750	 0.01325445911315224	 3.549879404758134	
751	 0.013274921191275355	 3.5590178742928735	
752	 0.013294907509866694	 3.567952937636	
753	 0.013315012870560927	 3.576950259264508	
754	 0.013334770319249616	 3.5858007151791536	
755	 0.013346076118103428	 3.5908691436628204	
756	 0.013344022664659222	 3.5899483606098577	
757	 0.013327118623478736	 3.5823720587212557	
758	 0.013296288810889878	 3.5685707917178964	
759	 0.013252383351710254	 3.5489528840987785	
760	 0.013200238155043413	 3.525709515913152	
761	 0.013152436480405698	 3.5044559473139847	
762	 0.013125142336030677	 3.4923434962762396	
763	 0.013106949592313693	 3.4842793360757653	
764	 0.013090359732153134	 3.4769321758098406	
765	 0.013073707951099186	 3.4695638323081774	
766	 0.013063397003593213	 3.465004416188408	
767	 0.013060013024507384	 3.463508571223621	
768	 0.013063333275750025	 3.4649762437180383	
769	 0.013071304949288853	 3.46850103036291	
770	 0.013082314888658143	 3.47337158550704	
771	 0.0130952516733136	 3.4790980274572783	
772	 0.013105100203206821	 3.483459988913572	
773	 0.013115513463029827	 3.4880744494808047	
774	 0.013126029080757285	 3.4927367474934	
775	 0.013136192320994083	 3.4972451792174692	
776	 0.013146193864400574	 3.501684152719312	
777	 0.013153837135199553	 3.505077974934839	
778	 0.013154151117477364	 3.5052174198121167	
779	 0.013148862393382093	 3.5028689034785248	
780	 0.013131724946243177	 3.495263157172968	
781	 0.01310322479680862	 3.4826291938523233	
782	 0.013064446190161231	 3.4654682482499033	
783	 0.013016030971704421	 3.444090373344239	
784	 0.012955159567091468	 3.417287574744461	
785	 0.012898037521103271	 3.3922119256843293	
786	 0.012858263834358901	 3.374795575636042	
787	 0.0128239895868943	 3.359816133030372	
788	 0.012792108222648375	 3.3459064300436276	
789	 0.012763441603823396	 3.333419022853352	
790	 0.012741387184117317	 3.323824657907462	
791	 0.012725818383826812	 3.317058403232843	
792	 0.012714571333594894	 3.312173827950793	
793	 0.012705219385839484	 3.308114485229204	
794	 0.012698388518345696	 3.3051507109173706	
795	 0.012694910990745777	 3.3036422907006107	
796	 0.012695494753369913	 3.303895485656025	
797	 0.012699418554413458	 3.3055975545577287	
798	 0.012706483478551618	 3.3086630658256104	
799	 0.012716597291519732	 3.313053485503232	
800	 0.012729407595929906	 3.3186177980877103	
801	 0.012743792682660219	 3.3248705877854596	
802	 0.012748773001029709	 3.327036488141414	
803	 0.012761702761451508	 3.3326621701701615	
804	 0.01277658127960714	 3.339140451712408	
805	 0.012789556322952826	 3.3447940450139644	
806	 0.012793972776477475	 3.34671929133311	
807	 0.012786127180642811	 3.3432994988175784	
808	 0.012752942563252203	 3.3288502310450974	
809	 0.012726964288807251	 3.3175562294783765	
810	 0.012736126311714573	 3.3215376475547576	
811	 0.012749821341541928	 3.327492474865031	
812	 0.012752932533089713	 3.3288458674900716	
813	 0.012757988307562272	 3.3310456383837512	
814	 0.01276533097027329	 3.3342414709335064	
815	 0.01277251250282649	 3.3373683586167697	
816	 0.012777951911118081	 3.3397374938944515	
817	 0.012783782195146582	 3.3422776218218955	
818	 0.012789637947058397	 3.3448296230533368	
819	 0.012797281620792215	 3.348161992506888	
820	 0.012800665186023723	 3.3496375302084767	
821	 0.012804448191814505	 3.3512875676929808	
822	 0.012809256298764641	 3.3533851936625068	
823	 0.012814748444054622	 3.355781886382547	
824	 0.012819147582275165	 3.357702100634184	
825	 0.012824320554147674	 3.3599606536670095	
826	 0.012831664275698377	 3.3631680133279387	
827	 0.012844357880175333	 3.368714812664901	
828	 0.012850302073211216	 3.3713135386511324	
829	 0.012851590303630065	 3.3718768423713814	
830	 0.01285215464910618	 3.372123625227389	
831	 0.012853481891658688	 3.3727040441213645	
832	 0.012867604015052882	 3.3788822901612363	
833	 0.012866345033291064	 3.3783313183259542	
834	 0.012870077779985854	 3.37996499576029	
835	 0.01288399415815752	 3.386058435062869	
836	 0.012899678874980221	 3.392931422269616	
837	 0.012914887292452708	 3.3996010190097365	
838	 0.01293017542086154	 3.4063108520252197	
839	 0.012945742824817676	 3.4131486936644557	
840	 0.012961164780920754	 3.4199280559588985	
841	 0.01297613998258554	 3.426516177055643	
842	 0.012989653692663626	 3.432465688853632	
843	 0.0130016783264407	 3.437763094320929	
844	 0.0130151209973723	 3.443689078355497	
845	 0.013029460801372279	 3.4500150485079177	
846	 0.013044711544248029	 3.4567479720679417	
847	 0.013060339346431143	 3.4636528064285828	
848	 0.01307502667863984	 3.470147135738441	
849	 0.01308866142272166	 3.476180394669435	
850	 0.013096057701058277	 3.479454938896258	
851	 0.013103961864434285	 3.4829557014361723	
852	 0.013106309883827268	 3.483995913048634	
853	 0.013104891395921872	 3.4833674844753397	
854	 0.01310093280632212	 3.481613961891298	
855	 0.01309526714378719	 3.4791048776903106	
856	 0.013101056328642913	 3.4816686728031896	
857	 0.01310778063968552	 3.4846475456227632	
858	 0.013113143139817193	 3.4870238659137724	
859	 0.013129836102463925	 3.494425276702454	
860	 0.013150691413848288	 3.5036810289922067	
861	 0.013170945018672976	 3.5126791103535657	
862	 0.013190779399553145	 3.5214998875535493	
863	 0.013205856657951357	 3.5282109884004256	
864	 0.013217460921869708	 3.533379690394219	
865	 0.013227658211279355	 3.537924204235662	
866	 0.013237065970594564	 3.5421189287735677	
867	 0.013246126401791328	 3.546160666152737	
868	 0.013256008710839307	 3.5505711341398376	
869	 0.013266367579642207	 3.5551966441053713	
870	 0.013275581399336503	 3.559312883105493	
871	 0.013285833236493171	 3.5638950914669425	
872	 0.013297803312915428	 3.569248275609455	
873	 0.013311479316048253	 3.575368306779977	
874	 0.013323454899121082	 3.580730841115791	
875	 0.013333872318818156	 3.5853982612648947	
876	 0.013349756496214494	 3.5925196875949026	
877	 0.013365163645310565	 3.5994326448144247	
878	 0.013365827103574188	 3.5997304479828025	
879	 0.01335853776688816	 3.596459060859228	
880	 0.013352285257364895	 3.5936539402212984	
881	 0.013346456883144562	 3.5910398917823314	
882	 0.01334350043433308	 3.589714203902502	
883	 0.013344020662229856	 3.589947462752462	
884	 0.013349913572638547	 3.5925901386126493	
885	 0.013356570390520408	 3.595576324373934	
886	 0.01336533143054352	 3.599507956795642	
887	 0.013380227873207945	 3.606196877123432	
888	 0.013394776600265822	 3.612734457310862	
889	 0.013402188171714452	 3.616066723637023	
890	 0.01340735923848549	 3.6183923795981894	
891	 0.013411814237259555	 3.6203964678886753	
892	 0.013417309178595314	 3.6228689873438413	
893	 0.013423977308189793	 3.6258703046895344	
894	 0.013432713834267864	 3.629804109268576	
895	 0.013439922500239808	 3.63305124732281	
896	 0.013445605253866467	 3.6356118579300327	
897	 0.013452436524262777	 3.6386909375554266	
898	 0.01346084220083849	 3.642481084803268	
899	 0.013466576456528531	 3.6450675851306698	
900	 0.013466953295800603	 3.645237588426421	
901	 0.013461727994938787	 3.6428805842030823	
902	 0.013448240934021036	 3.636799722657884	
903	 0.013429128441580116	 3.628189504389769	
904	 0.013413424538131906	 3.621120973513507	
905	 0.013398186634695075	 3.614267467112098	
906	 0.013397908571274179	 3.6141424516092755	
907	 0.013408330982229634	 3.6188294822177034	
908	 0.013412844913566205	 3.620860182488702	
909	 0.013413721864187616	 3.6212547526201977	
910	 0.013415175152833206	 3.621908674840848	
911	 0.013417224979379071	 3.6228310957309575	
912	 0.013418757958484434	 3.6235209969450866	
913	 0.013420975801607827	 3.624519207049252	
914	 0.013425337552076462	 3.6264826709538394	
915	 0.013429716842400536	 3.6284544583999434	
916	 0.013434088742530593	 3.630423346005904	
917	 0.01343926101859848	 3.6327532350295506	
918	 0.013445365619350412	 3.6355038656535084	
919	 0.013454114854933268	 3.6394475762696388	
920	 0.013462871837349991	 3.6433964911420627	
921	 0.013471997543737436	 3.6475135025912246	
922	 0.013483281175297386	 3.6526066210934234	
923	 0.013494287582634941	 3.6575773466646875	
924	 0.013501969284171616	 3.661048166985846	
925	 0.01350291306109909	 3.661474684187716	
926	 0.013494780558314361	 3.657800048137859	
927	 0.013474475669144963	 3.648631816099749	
928	 0.013452396799885384	 3.638673029450145	
929	 0.013432308036493415	 3.6296213525034196	
930	 0.013434494217941215	 3.6306059737269667	
931	 0.013442896776083494	 3.634391346028716	
932	 0.013445566794466509	 3.6355945259574183	
933	 0.013444291183197362	 3.6350196823730765	
934	 0.013443835775530235	 3.634814465511981	
935	 0.013444798779220982	 3.6352484219340395	
936	 0.013446317790314247	 3.635932972979647	
937	 0.01344808680410895	 3.636730254157278	
938	 0.013449857304205415	 3.637528275209434	
939	 0.013451612854750866	 3.638319627171857	
940	 0.013451796151765609	 3.638402256192215	
941	 0.013452086342286316	 3.638533073597028	
942	 0.013452893060576964	 3.6388967507474645	
943	 0.013453627347494996	 3.639227787707588	
944	 0.013454434865804811	 3.6395918533225853	
945	 0.013457567446988306	 3.641004299837825	
946	 0.013464961986914964	 3.6443392862321873	
947	 0.013471861032072978	 3.647451902414522	
948	 0.013477627221809604	 3.6500542278843993	
949	 0.013488865500207224	 3.6551282820194326	
950	 0.01350002409140395	 3.6601691467639355	
951	 0.013511064910314079	 3.6651595428383223	
952	 0.013521702646491687	 3.669970319795271	
953	 0.013531842975394602	 3.6745585003806633	
954	 0.013534245584822165	 3.6756459417352683	
955	 0.013537719331091344	 3.677218416246659	
956	 0.013540459034658439	 3.678458798490321	
957	 0.013541006509543405	 3.678706684097959	
958	 0.013540707959989181	 3.678571506041052	
959	 0.013540363401890715	 3.6784154985836266	
960	 0.01354049712565989	 3.678476045112766	
961	 0.013541239183364917	 3.67881203614402	
962	 0.013542015804841602	 3.679163690205648	
963	 0.013542707181942493	 3.679476756941914	
964	 0.013543850794316017	 3.679994626514908	
965	 0.013546048515409316	 3.6809899169705007	
966	 0.013548370566917536	 3.682041630386909	
967	 0.013550973180355697	 3.6832205599350503	
968	 0.013554164065296904	 3.684666170190253	
969	 0.013559386167305693	 3.6870325000177995	
970	 0.013567669076236603	 3.6907870422053004	
971	 0.013575548086580805	 3.6943599204715922	
972	 0.013585435242136372	 3.6988453843124987	
973	 0.013596217765374211	 3.7037395272087794	
974	 0.013609591611628872	 3.7098134568756604	
975	 0.013621734222879952	 3.715331650667643	
976	 0.01363600528183066	 3.721821307855196	
977	 0.013641563472258285	 3.724350079015105	
978	 0.013643967221353826	 3.7254439087863283	
979	 0.01364621039788286	 3.7264647856531	
980	 0.01364951133350647	 3.7279672555460914	
981	 0.013654029171432587	 3.7300240092746706	
982	 0.013659630031118362	 3.7325744405111148	
983	 0.01366431523561888	 3.7347084507145896	
984	 0.01366876324138312	 3.736734873416992	
985	 0.01367373626930398	 3.739001006311167	
986	 0.01367924597322133	 3.7415123359295803	
987	 0.013684575547569593	 3.743942203993022	
988	 0.013689159091989284	 3.7460324455688903	
989	 0.013693568352263688	 3.748043648407985	
990	 0.013697513462398045	 3.7498435037055713	
991	 0.013699786160122974	 3.7508805206495057	
992	 0.013700473142105289	 3.751194008560501	
993	 0.013699581114330674	 3.7507869549030395	
994	 0.013703985245385741	 3.7527968372095692	
995	 0.013787633592742647	 3.791052561416957	
996	 0.013826513962542614	 3.808886904554016	
997	 0.013837522638018395	 3.8139426411174737	
998	 0.013840650059667647	 3.8153793994251117	
999	 0.013835654044377043	 3.8130843000742196	
1000	 0.013828564801928145	 3.809828549655494	
1001	 0.013818521123076194	 3.805217872365582	
1002	 0.01381244006289122	 3.802427370619534	
1003	 0.013806791464792422	 3.799836052464358	
1004	 0.013801579410598196	 3.7974456275223885	
1005	 0.013798269318911033	 3.795927819559212	
1006	 0.013797026760395889	 3.795358119989967	
1007	 0.013796938830238335	 3.7953178062646136	
1008	 0.013796442726327785	 3.795090358536205	
1009	 0.013795185209616753	 3.7945138518910766	
1010	 0.01379410413763694	 3.7940182640726925	
1011	 0.013791691525570781	 3.792912361569279	
1012	 0.013788792558871396	 3.7915836925195046	
1013	 0.01378565622934049	 3.790146443847591	
1014	 0.01378276129793448	 3.788820011294169	
1015	 0.013780351692057333	 3.787716092332641	
1016	 0.013779814047968759	 3.7874697976168616	
1017	 0.013781019577603795	 3.7880220595723317	
1018	 0.013784049664468046	 3.7894103067721945	
1019	 0.013786552148541763	 3.7905569839140454	
1020	 0.013789310883222121	 3.791821239881751	
1021	 0.013975303538614833	 3.8774451730119845	
1022	 0.013986919028720278	 3.882817853298959	
1023	 0.013990163021096777	 3.8843188754623683	
1024	 0.013986644586397453	 3.8826908772080606	
1025	 0.013978503506041753	 3.878925003152382	
1026	 0.013973997297595495	 3.8768411646484013	
1027	 0.013968904853832443	 3.874486768256044	
1028	 0.013963318694069594	 3.8719047695108957	
1029	 0.013956947105778938	 3.868960575627734	
1030	 0.013950799132723736	 3.8661205595365757	
1031	 0.013944995785652217	 3.8634405065896456	
1032	 0.013939647040646248	 3.860971052518495	
1033	 0.013934699388036868	 3.858687340541213	
1034	 0.013930104437271327	 3.856566910943587	
1035	 0.01392580788327221	 3.8545846041576484	
1036	 0.013921985054248789	 3.852821203233151	
1037	 0.013918801601095664	 3.8513529809859026	
1038	 0.013914696362546239	 3.8494599578277358	
1039	 0.013909550836335466	 3.847087759044664	
1040	 0.013903698302019605	 3.8443903252890697	
1041	 0.013898058218224468	 3.841791526143776	
1042	 0.013895654146773684	 3.8406840082647205	
1043	 0.013888319006187198	 3.8373056139014214	
1044	 0.013871659571914571	 3.8296370860863753	
1045	 0.013846356627457607	 3.8180015924205617	
1046	 0.013813969417147694	 3.8031290898767893	
1047	 0.013775639316878235	 3.7855575716314904	
1048	 0.013730560473617998	 3.7649339253513574	
1049	 0.013690591518420277	 3.746685773141262	
1050	 0.01366543573483141	 3.735218886374955	
1051	 0.013645855354575933	 3.726303196847157	
1052	 0.01362626010649723	 3.717389271796141	
1053	 0.013606451430915087	 3.708386939827331	
1054	 0.013592039628948683	 3.701842781105438	
1055	 0.013586809132092778	 3.69946884339918	
1056	 0.013589187099917526	 3.7005480434543476	
1057	 0.013596264299480777	 3.703760654457727	
1058	 0.013606430918263475	 3.7083776220891616	
1059	 0.013622640570682212	 3.7157436708144718	
1060	 0.013631412661927644	 3.719732353988918	
1061	 0.013657289043336511	 3.731508353562096	
1062	 0.013705369148685705	 3.7534284883503486	
1063	 0.013758250110236413	 3.777596641596522	
1064	 0.013799225923301269	 3.796366435572943	
1065	 0.013865333197723265	 3.8267265915182063	
1066	 0.01389777128182657	 3.841659332348743	
1067	 0.013914783925052812	 3.849500331097013	
1068	 0.013930571892628519	 3.8567826060276014	
1069	 0.013943214254893845	 3.8626179241744665	
1070	 0.013975717083202567	 3.8776364046702043	
1071	 0.014037323518884927	 3.906166628227423	
1072	 0.014081873379874895	 3.926849964391517	
1073	 0.014235703060099582	 3.9986045046290837	
1074	 0.014466709578995245	 4.107332437681358	
1075	 0.014765755831518759	 4.249812024348162	
1076	 0.015010239078920722	 4.367734850229417	
1077	 0.01511361262775655	 4.417983211904348	
1078	 0.015126853758597484	 4.424436133667469	
1079	 0.015115011395847302	 4.418664708417654	
1080	 0.015084846354379507	 4.403977265965245	
1081	 0.015052947631003477	 4.388466975651922	
1082	 0.015024516380637414	 4.374661148711514	
1083	 0.01501819410813563	 4.371593504739631	
1084	 0.014983319044742002	 4.354687171464094	
1085	 0.014938502649126603	 4.33300008328173	
1086	 0.014888065056057706	 4.3086446703916	
1087	 0.014837826674974398	 4.284440073534415	
1088	 0.014788990257345605	 4.260963245414222	
1089	 0.014743749803630279	 4.239261146173241	
1090	 0.014694075833427985	 4.215483347354787	
1091	 0.014641783971398	 4.190510257928735	
1092	 0.014588013156281858	 4.164892795840822	
1093	 0.014531300346772368	 4.137941838787238	
1094	 0.014472296403170317	 4.109976427298419	
1095	 0.01441704453980099	 4.083858163997975	
1096	 0.014372492432953013	 4.062846344380913	
1097	 0.014365122182155644	 4.059374541343451	
1098	 0.01438987527354699	 4.071039342093362	
1099	 0.014404534549732579	 4.077953781575412	
1100	 0.014385954948978645	 4.0691910117150405	
1101	 0.01435131553922818	 4.052874030781162	
1102	 0.014313431943928282	 4.035058904311153	
1103	 0.014272908081448713	 4.016036933693481	
1104	 0.014230412717037821	 3.996128175811104	
1105	 0.014187751689483328	 3.9761816333238857	
1106	 0.014144680407610669	 3.9560837956753145	
1107	 0.01410140677516094	 3.9359325832933996	
1108	 0.014061047921945926	 3.917175810217124	
1109	 0.014022925339566538	 3.8994912749414894	
1110	 0.013987006149221066	 3.8828581616443834	
1111	 0.01395185160376486	 3.8666066824955947	
1112	 0.013916789360170894	 3.8504250423080704	
1113	 0.013880645766591959	 3.8337727718583903	
1114	 0.013841445099201138	 3.8157446803820285	
1115	 0.013801043385078076	 3.7971998221505276	
1116	 0.013767378437084836	 3.781774833142281	
1117	 0.013739723063277703	 3.7691221760166167	
1118	 0.013708819233047028	 3.755003385916992	
1119	 0.013675089611897577	 3.7396177989905413	
1120	 0.013647171027633737	 3.7269020055640967	
1121	 0.013615337651494636	 3.712424328249498	
1122	 0.013583387593175865	 3.697916257366297	
1123	 0.013562238376253833	 3.68832519919798	
1124	 0.013548154895881544	 3.681943942684003	
1125	 0.01354228558263041	 3.679285848685151	
1126	 0.013538252392111915	 3.677459742903658	
1127	 0.013533807347329695	 3.675447582141372	
1128	 0.013528466637694254	 3.6730305589002343	
1129	 0.01352275511037718	 3.670446420024115	
1130	 0.013518261595257998	 3.6684138732264944	
1131	 0.013514812471246893	 3.666854040236858	
1132	 0.013514216547458966	 3.6665845663495613	
1133	 0.013512101663475726	 3.6656282898691055	
1134	 0.01350723774748888	 3.6634293760020924	
1135	 0.013501902475405924	 3.66101797513005	
1136	 0.013496282712507232	 3.6584786788532377	
1137	 0.013487829497066088	 3.6546604112615166	
1138	 0.013482854743097305	 3.6524140897359256	
1139	 0.013477051327454973	 3.649794288993413	
1140	 0.013470031349617908	 3.646626307915207	
1141	 0.013459169969708352	 3.6417269445178424	
1142	 0.013443945451892186	 3.634863887705379	
1143	 0.013438478233743424	 3.632400585554822	
1144	 0.013416152434328685	 3.6223484392914123	
1145	 0.013393753528715845	 3.6122745775818674	
1146	 0.013383089595588659	 3.6074824394378253	
1147	 0.013376852615529922	 3.6046808565809614	
1148	 0.013371087917056811	 3.602092191708278	
1149	 0.013365467918639146	 3.599569221227072	
1150	 0.013360190985389746	 3.597200905767234	
1151	 0.01335580724138732	 3.5952339325006055	
1152	 0.013351100420448878	 3.593122474655077	
1153	 0.013344745856371194	 3.5902726341150935	
1154	 0.013335195324764603	 3.585991194809206	
1155	 0.013321909873658548	 3.5800388150966014	
1156	 0.01330591090218384	 3.572875927365558	
1157	 0.013289639839069991	 3.56559710839638	
1158	 0.013272336439074368	 3.5578629920801585	
1159	 0.013253127023911895	 3.549284812691391	
1160	 0.013233897871361316	 3.5407061170766654	
1161	 0.013217370479255643	 3.533339394282801	
1162	 0.013204737825776585	 3.527712804829999	
1163	 0.013190214925243988	 3.5212487313227174	
1164	 0.013177104850528209	 3.5154175731395765	
1165	 0.013164570595459564	 3.5098461459825288	
1166	 0.013150826103347618	 3.5037408370838947	
1167	 0.013137317879023771	 3.4977446218670996	
1168	 0.013129846782123691	 3.4944300139135485	
1169	 0.013135362426225657	 3.496876949179537	
1170	 0.013147975389803545	 3.502475081400588	
1171	 0.013151044403059954	 3.503837772673466	
1172	 0.013144202182298163	 3.5008000071488525	
1173	 0.013133480989242946	 3.4960422000398834	
1174	 0.01312288685093133	 3.491343319502943	
1175	 0.013113861521069596	 3.4873422561844154	
1176	 0.013106595295475882	 3.4841223636214425	
1177	 0.013100306389540446	 3.4813365126077542	
1178	 0.013094617066384257	 3.478817031960328	
1179	 0.013088754398667215	 3.4762215501288525	
1180	 0.01308343460620072	 3.473867077078063	
1181	 0.013079258916362337	 3.472019416452272	
1182	 0.01307500820936111	 3.470138966082134	
1183	 0.013070958324785454	 3.468347735693838	
1184	 0.013065350172265278	 3.465867907177607	
1185	 0.013059264689231671	 3.4631778140066616	
1186	 0.013056476851336641	 3.4619457268588505	
1187	 0.013049392715819032	 3.45881567664786	
1188	 0.013043381229891826	 3.456160453630107	
1189	 0.013175778005360706	 3.514827628394314	
1190	 0.013425099864740999	 3.626375663847199	
1191	 0.013443031233330214	 3.634451932162205	
1192	 0.013432276503974296	 3.629607151541726	
1193	 0.013426668294603848	 3.627081796071498	
1194	 0.013434237191630997	 3.630490207638679	
1195	 0.013441400955495533	 3.6337173598772434	
1196	 0.013447474188316181	 3.636454144924576	
1197	 0.013446865042425203	 3.636179607909694	
1198	 0.013443123374841843	 3.634493451153753	
1199	 0.013436653524222582	 3.63157859566628	
1200	 0.0134275916601771	 3.627497535747439	
1201	 0.01341828138054337	 3.623306512398227	
1202	 0.013408992102001981	 3.619126874320185	
1203	 0.013398229290531609	 3.6142866450513815	
1204	 0.013384853879922727	 3.608275094525087	
1205	 0.013373113366715208	 3.6030016446051896	
1206	 0.013360161405688702	 3.5971876319987954	
1207	 0.013344656866028764	 3.5902327309096966	
1208	 0.013326163785226669	 3.581944296316886	
1209	 0.013304900080028803	 3.572423565664983	
1210	 0.013281362827256251	 3.561896686819403	
1211	 0.013251782989809252	 3.548684929287821	
1212	 0.013218445013703806	 3.533818157915357	
1213	 0.013185672654759287	 3.5192279621117115	
1214	 0.013150921322053427	 3.503783118644836	
1215	 0.013114357256394697	 3.4875619754141383	
1216	 0.013079748188749065	 3.4722358895236223	
1217	 0.01304755916100474	 3.458005724384582	
1218	 0.013030399772373542	 3.4504294353029406	
1219	 0.013016718694633438	 3.444393668775359	
1220	 0.012999260728004019	 3.436697768326702	
1221	 0.012977547049392892	 3.4271354561644634	
1222	 0.01295579905635691	 3.417568718158983	
1223	 0.012935087366197843	 3.408467787352975	
1224	 0.012914859202575785	 3.399588695466267	
1225	 0.012893475656032504	 3.390212527379582	
1226	 0.012869511091223348	 3.3797169578824438	
1227	 0.012842285535309745	 3.367808998162294	
1228	 0.012822732745560311	 3.3592673415372607	
1229	 0.012803059872010747	 3.3506819850766836	
1230	 0.012783580136525799	 3.342189576354321	
1231	 0.012765182853831774	 3.3341769923765843	
1232	 0.012747985969063529	 3.326694176743404	
1233	 0.012731617649385761	 3.3195781396074704	
1234	 0.012712290219270094	 3.3111834950067527	
1235	 0.012680845196499703	 3.297543890518023	
1236	 0.012648017976622275	 3.2833287809504954	
1237	 0.012615991529657892	 3.269484111608498	
1238	 0.012584913268372626	 3.256071713138038	
1239	 0.012557684098841075	 3.244338594195394	
1240	 0.012537398489193155	 3.235608489023818	
1241	 0.012522874474955576	 3.22936372266311	
1242	 0.012530580000697532	 3.2326762008041294	
1243	 0.01255487777275216	 3.2431303042846054	
1244	 0.012566858899032935	 3.2482901464493725	
1245	 0.01257206332755496	 3.250532529590733	
1246	 0.012575204828367543	 3.251886378046327	
1247	 0.012577100893772973	 3.25270360782925	
1248	 0.012579072373679586	 3.2535534293841866	
1249	 0.012582102796581777	 3.2548598896002257	
1250	 0.012587697404537869	 3.25727235914257	
1251	 0.01259652527343651	 3.2610805079381846	
1252	 0.012610186757954575	 3.2669772802457167	
1253	 0.012620837380099066	 3.271577415096675	
1254	 0.012627333732816383	 3.274384540933104	
1255	 0.012631856445107564	 3.276339409567418	
1256	 0.012635838015756823	 3.278060764808476	
1257	 0.012640290503745167	 3.2799861403997173	
1258	 0.012648560930590328	 3.2835636954778677	
1259	 0.012656285416532728	 3.286906500591542	
1260	 0.012663080924476953	 3.2898484112579323	
1261	 0.01267000961062258	 3.2928490612505863	
1262	 0.012677377884778528	 3.296041286882403	
1263	 0.012683832073776671	 3.298838511401929	
1264	 0.012688019337012118	 3.3006537652758197	
1265	 0.012695120408374708	 3.3037331203698246	
1266	 0.012703443620009766	 3.3073439143851022	
1267	 0.012706647956293511	 3.3087344472033124	
1268	 0.01270653662514691	 3.308686130746547	
1269	 0.012706581499725532	 3.308705605771498	
1270	 0.012708511801525693	 3.309543376837294	
1271	 0.012711942977869914	 3.3110327524963825	
1272	 0.012715271084252857	 3.3124776445027773	
1273	 0.012717667481796237	 3.3135181927680453	
1274	 0.012721710602883478	 3.3152740670192493	
1275	 0.012728111105926915	 3.318054481911738	
1276	 0.012740744924630074	 3.323545420644378	
1277	 0.012760215729486388	 3.332014975620075	
1278	 0.012774514741098983	 3.338240355652121	
1279	 0.012784591494212579	 3.3426302768754397	
1280	 0.012791516782219048	 3.345648605218769	
1281	 0.012794393823118148	 3.3469028595905286	
1282	 0.012797128636651849	 3.3480952838549616	
1283	 0.01279373950605779	 3.3466175916392316	
1284	 0.01278502880440823	 3.34282084260034	
1285	 0.01277271962656373	 3.337458559082201	
1286	 0.01275664375010674	 3.330460563788501	
1287	 0.012735492152791563	 3.3212620080438193	
1288	 0.01270799276372214	 3.3093181006908674	
1289	 0.012686983512474256	 3.3002046795369995	
1290	 0.012679785309972866	 3.2970845461403604	
1291	 0.01267428052875847	 3.2946992399221493	
1292	 0.012667837047501917	 3.291908057817651	
1293	 0.012660041917457537	 3.288532634492129	
1294	 0.012653018440429513	 3.2854925363497873	
1295	 0.012648068825361812	 3.283350780886775	
1296	 0.012646036154452579	 3.2824713825930822	
1297	 0.012645658902913276	 3.2823081819067212	
1298	 0.01264471272658479	 3.281898876116397	
1299	 0.012645170277366105	 3.282096805155944	
1300	 0.012649733926818627	 3.2840712271136723	
1301	 0.01265494787430042	 3.2863275759388237	
1302	 0.012660566792493864	 3.288759870777618	
1303	 0.012663605621661146	 3.290075606894529	
1304	 0.012665255647029586	 3.290790114299328	
1305	 0.012668146147860364	 3.2920419320579626	
1306	 0.012678866460551393	 3.2966863465685923	
1307	 0.012685656559847963	 3.299629409801647	
1308	 0.012685246587973252	 3.2994516840534263	
1309	 0.012681522752832932	 3.2978375501684303	
1310	 0.012678793015017483	 3.296654518483897	
1311	 0.012676974462843157	 3.29586647664661	
1312	 0.01267574928031391	 3.295335604979869	
1313	 0.012679215917479184	 3.296837787612953	
1314	 0.012695404121089172	 3.3038561752711924	
1315	 0.012709666024141105	 3.3100443619928743	
1316	 0.012718357219263792	 3.313817710344277	
1317	 0.012721714101420376	 3.315275586548878	
1318	 0.012721996292697607	 3.3153981524182803	
1319	 0.012722249975284148	 3.3155083374801375	
1320	 0.012722525631016756	 3.315628068067931	
1321	 0.012722050067882419	 3.3154215091299513	
1322	 0.012720648988955634	 3.3148129860461526	
1323	 0.012719240826105396	 3.314201431260403	
1324	 0.012720560338107291	 3.314774484302397	
1325	 0.012721904036634445	 3.3153580820767274	
1326	 0.01272281031850896	 3.315751723400175	
1327	 0.012724516910529553	 3.3164930282295395	
1328	 0.012728700783430684	 3.3183106880739826	
1329	 0.012737566907995773	 3.3221638420343345	
1330	 0.01275604406036128	 3.3301996263259093	
1331	 0.012764617967403033	 3.333931088658962	
1332	 0.012763905755055928	 3.3336210620513307	
1333	 0.012759423451683967	 3.331670176477486	
1334	 0.012753757279400868	 3.329204675490494	
1335	 0.012746463230789363	 3.326031917510003	
1336	 0.012735016171638297	 3.3210551270941986	
1337	 0.012731945388542729	 3.3197205626032935	
1338	 0.012729508982246642	 3.318661851372194	
1339	 0.012722940678013777	 3.3158083462712495	
1340	 0.012716789197236709	 3.313136814542726	
1341	 0.012712245529226724	 3.311164094259124	
1342	 0.012709853119788938	 3.3101255728775536	
1343	 0.01270997459325917	 3.310178300174693	
1344	 0.01271380657201508	 3.311841797815618	
1345	 0.012721188068014967	 3.3150471160697563	
1346	 0.0127313881328001	 3.319478401867527	
1347	 0.012741507524179622	 3.323876979594774	
1348	 0.01274958982582281	 3.3273917725192663	
1349	 0.012752901427211928	 3.328832335100787	
1350	 0.012738456343975899	 3.322550483226055	
1351	 0.012704536265156968	 3.3078180452577586	
1352	 0.012661445888974991	 3.2891404756632023	
1353	 0.012609199394385887	 3.2665509569064985	
1354	 0.012547166533373347	 3.2398110852382658	
1355	 0.012475491173430681	 3.2090242975663785	
1356	 0.012387052095785115	 3.1711992016345176	
1357	 0.01230060873728997	 3.1344012425763936	
1358	 0.012220424724045982	 3.1004215744492623	
1359	 0.012148272842910604	 3.069972455414597	
1360	 0.012096325907268637	 3.0481245974977633	
1361	 0.012063815733739611	 3.0344832299141613	
1362	 0.012046719324639216	 3.0273193472921642	
1363	 0.012035637696445858	 3.022679447859636	
1364	 0.012027585081975989	 3.0193095885546537	
1365	 0.012021657352942602	 3.0168299125192073	
1366	 0.01201752546253031	 3.01510195021795	
1367	 0.012015118692351183	 3.014095618113184	
1368	 0.012015386697367646	 3.0142076712095833	
1369	 0.012017535550591247	 3.0151061685767697	
1370	 0.012020774239567827	 3.016460560006933	
1371	 0.012026893877039358	 3.019020403083603	
1372	 0.01203553068031854	 3.0226346538766817	
1373	 0.012046414227410342	 3.027191564377227	
1374	 0.012058359089990431	 3.032196004808181	
1375	 0.012071299635966969	 3.037621329287209	
1376	 0.012082114607149422	 3.042158481880461	
1377	 0.012092387301585811	 3.046470643794406	
1378	 0.012111883841907077	 3.0546614103922343	
1379	 0.012142624766577402	 3.0675939621017996	
1380	 0.012172723318569572	 3.0802774366346894	
1381	 0.012202239979144732	 3.0927360252914733	
1382	 0.012229840171908255	 3.10440389023548	
1383	 0.012236677991564183	 3.1072972654465416	
1384	 0.012237204734270896	 3.107520197637019	
1385	 0.012234115649355682	 3.1062129020829206	
1386	 0.01223667313035892	 3.1072952080788157	
1387	 0.012231735681091241	 3.1052058535759315	
1388	 0.012219884929958041	 3.100193327527674	
1389	 0.012204855618253753	 3.0938410217668184	
1390	 0.01219052779685127	 3.0877900621422856	
1391	 0.012178368711878901	 3.0826587259711578	
1392	 0.012170505560963222	 3.0793421633381963	
1393	 0.012167108735220568	 3.0779098734044306	
1394	 0.012168833467961767	 3.078637082977014	
1395	 0.012175824496709042	 3.0815854567587015	
1396	 0.012187799372392007	 3.086638324563366	
1397	 0.012202419012338307	 3.0928116541809825	
1398	 0.012221255842457935	 3.1007730182997637	
1399	 0.012249802607312742	 3.1128538744892054	
1400	 0.012277677210291705	 3.1246684001558345	
1401	 0.012305106365091674	 3.136311593600721	
1402	 0.012331967969499183	 3.1477306535997234	
1403	 0.012349712191155417	 3.155282951196067	
1404	 0.01236273372671968	 3.1608297833025496	
1405	 0.012374726732326364	 3.1659419355283407	
1406	 0.012386510284066524	 3.1709680237044395	
1407	 0.012396474891854026	 3.175220758369758	
1408	 0.01240338407043865	 3.17817082320029	
1409	 0.01240954290830101	 3.180801433023216	
1410	 0.012422087618729268	 3.1861623176949676	
1411	 0.012436386530333509	 3.1922772495766742	
1412	 0.012449434906254045	 3.1978614814772572	
1413	 0.012459184313239658	 3.2020364220947957	
1414	 0.012466387213566302	 3.2051222840180094	
1415	 0.012472722702761617	 3.207837512968729	
1416	 0.01247909144565379	 3.2105679204761803	
1417	 0.012485834885067697	 3.213459980620706	
1418	 0.012492319723149766	 3.2162421167182784	
1419	 0.012498339335758295	 3.2188255228405858	
1420	 0.012505016460353771	 3.2216920805025624	
1421	 0.012511392367774718	 3.2244302751320624	
1422	 0.012519075267609002	 3.227731006251302	
1423	 0.012528911560500169	 3.2319588507249803	
1424	 0.01254091001249518	 3.2371190330367696	
1425	 0.012554207769272775	 3.2428418546511995	
1426	 0.012568171860945285	 3.2488557916123137	
1427	 0.012588804011252695	 3.2577496274062208	
1428	 0.012609155859703897	 3.2665321600359225	
1429	 0.012616457724639823	 3.269685474545017	
1430	 0.012620533156624628	 3.2714459813123433	
1431	 0.012621429694587639	 3.2718333190117077	
1432	 0.012623333367290868	 3.2726558371507934	
1433	 0.012627212519943958	 3.274332155067376	
1434	 0.012633854786397924	 3.2772033086573367	
1435	 0.01263780424549508	 3.278910959688588	
1436	 0.012640429258499114	 3.280046148953979	
1437	 0.012642643019156607	 3.281003613933672	
1438	 0.01264509988310775	 3.282066353431866	
1439	 0.012649627716319578	 3.2840252706967568	
1440	 0.012656437956441058	 3.2869725266034004	
1441	 0.01266541912545207	 3.290860908434382	
1442	 0.012677675161820568	 3.2961701049329446	
1443	 0.012691072862325431	 3.3019777752267467	
1444	 0.012704357767989873	 3.3077405882281283	
1445	 0.012713907313441982	 3.3118855351164447	
1446	 0.012719970193089911	 3.314518184351477	
1447	 0.012722501739518579	 3.3156176907688186	
1448	 0.012720826914969199	 3.314890261219071	
1449	 0.012714809400246786	 3.312277190074243	
1450	 0.012706999629198277	 3.308887071114927	
1451	 0.012693478615877355	 3.303021060637226	
1452	 0.012674833719551304	 3.2949389147761727	
1453	 0.01265304929294241	 3.2855058883395007	
1454	 0.012629980694475783	 3.275528590304614	
1455	 0.012608377641871733	 3.2661961579928347	
1456	 0.012592494670285585	 3.2593415734443365	
1457	 0.01258396445417583	 3.2556625818021274	
1458	 0.012587764597760964	 3.257301338101246	
1459	 0.012596178823971363	 3.2609310236934714	
1460	 0.012605201810944142	 3.2648251098257868	
1461	 0.012613938087659662	 3.268597230368215	
1462	 0.012622618015585205	 3.2723467460884774	
1463	 0.012631478452562267	 3.2761760105815316	
1464	 0.01263993774045804	 3.2798335795693876	
1465	 0.012647606670161085	 3.283150829524221	
1466	 0.01265518637587521	 3.286430802918216	
1467	 0.012663678486716514	 3.2901071582036137	
1468	 0.012676429568904968	 3.2956303698454774	
1469	 0.012694108232253141	 3.3032941234957858	
1470	 0.012711485120907593	 3.3108339943679055	
1471	 0.012728570738911739	 3.3182541849719387	
1472	 0.012738240041441614	 3.322456454038292	
1473	 0.012742143822242397	 3.3241536359853683	
1474	 0.012743966021883242	 3.324945962141135	
1475	 0.012741846062039248	 3.3240241715135337	
1476	 0.012736371956287126	 3.3216444203313027	
1477	 0.012722755599819509	 3.3157279559404964	
1478	 0.012704779662151264	 3.3079236660762605	
1479	 0.01268414726430531	 3.2989751382589727	
1480	 0.012656290188758105	 3.286908566213493	
1481	 0.012630963267548973	 3.2759533111510035	
1482	 0.012612933901992142	 3.2681635577953063	
1483	 0.012598602800701814	 3.261976966283978	
1484	 0.012587384865181166	 3.257137569150209	
1485	 0.012579847647242537	 3.2538876413335043	
1486	 0.012578685763056457	 3.2533867709064137	
1487	 0.012584209595945287	 3.255768285648665	
1488	 0.012594956922886744	 3.2604038259392767	
1489	 0.012609622066886485	 3.2667334554994305	
1490	 0.012627352005739528	 3.2743924381671508	
1491	 0.012646512894745377	 3.2826776271972706	
1492	 0.012665293833157844	 3.2908066507019047	
1493	 0.012683116654095637	 3.29852840406615	
1494	 0.01269987883294686	 3.3057972374499762	
1495	 0.012715698785377748	 3.3126633485393215	
1496	 0.012730047084274984	 3.318895665553977	
1497	 0.012743285622929774	 3.3246501032371745	
1498	 0.012760710487176082	 3.332230301307973	
1499	 0.012950109443690965	 3.4150676765232695	
1500	 0.013049871303953874	 3.4590271000727033	
1501	 0.012978062993478211	 3.4273625450092817	
1502	 0.012884706561801263	 3.3863704869516633	
1503	 0.01278452887301869	 3.34260298892794	
1504	 0.012687376803132559	 3.3003751893461897	
1505	 0.012604381435227878	 3.2644709802142486	
1506	 0.012537264788124454	 3.235550980711725	
1507	 0.012477325074724856	 3.209810548797308	
1508	 0.012423876282083171	 3.186926983222013	
1509	 0.01237473405586037	 3.165945058275817	
1510	 0.012328293996180354	 3.146167841407508	
1511	 0.012284965719651613	 3.1277605541440248	
1512	 0.012245415449915717	 3.1109960282927127	
1513	 0.01221183208301629	 3.096789054073042	
1514	 0.012182866334124425	 3.08455639955851	
1515	 0.012157237636219311	 3.073749184032785	
1516	 0.012130284295315116	 3.0623997625645414	
1517	 0.012107972638836591	 3.0530175544944345	
1518	 0.012083773481747233	 3.0428546611163143	
1519	 0.012062891473032402	 3.034095765166707	
1520	 0.012047457874163838	 3.0276286806045407	
1521	 0.01203294601878009	 3.021552866891388	
1522	 0.012011419268682136	 3.012549056579334	
1523	 0.01198266693811284	 3.000539835434992	
1524	 0.011956816316471075	 2.989758981646733	
1525	 0.011933204400097493	 2.9799253355572244	
1526	 0.011906817330993306	 2.9689512611163753	
1527	 0.01187305219255041	 2.9549323650366777	
1528	 0.011828983860561222	 2.9366756489281847	
1529	 0.011785107110098624	 2.918543293466248	
1530	 0.01175611451402631	 2.906586572883178	
1531	 0.01173520188247255	 2.897974270986721	
1532	 0.011716987788062768	 2.890481619918072	
1533	 0.011702027150954468	 2.884333134222721	
1534	 0.011690095512106884	 2.8794332533720657	
1535	 0.01167691123704275	 2.8740228375824985	
1536	 0.011658112156274963	 2.8663153216191466	
1537	 0.011634967592327091	 2.856837556712953	
1538	 0.01161078049079777	 2.8469462918641932	
1539	 0.0115881432578232	 2.8377012783017115	
1540	 0.01158406525991044	 2.836037108566024	
1541	 0.011586580355266355	 2.8370634350776163	
1542	 0.011593229552614237	 2.8397774660794353	
1543	 0.01160320536769465	 2.8438512834117997	
1544	 0.011616652212147055	 2.8493462587296836	
1545	 0.011635392164061955	 2.8570113069793672	
1546	 0.011659471568943602	 2.866872395348731	
1547	 0.011675007813008226	 2.8732420679101813	
1548	 0.01169283150126071	 2.8805565280182193	
1549	 0.011728212270625461	 2.8950980680139993	
1550	 0.011762565536248243	 2.9092453147139965	
1551	 0.011775446568090993	 2.914557046932556	
1552	 0.01177594748200838	 2.9147636863553443	
1553	 0.011767460644110656	 2.9112634465859824	
1554	 0.011759562379466388	 2.9080074645479987	
1555	 0.01174737022501569	 2.902984230327871	
1556	 0.011731372819348678	 2.8963984822341944	
1557	 0.011716295148878975	 2.8901968451653888	
1558	 0.011706427876610094	 2.8861411898904623	
1559	 0.011699514767759553	 2.8833011148146936	
1560	 0.011692052572706104	 2.880236716985689	
1561	 0.01168662548494566	 2.878008867670806	
1562	 0.011681669863557507	 2.875975160238675	
1563	 0.011676674801908728	 2.873925849121731	
1564	 0.011670556250843839	 2.8714164031803073	
1565	 0.01166458236482352	 2.868967135846607	
1566	 0.011663988571571637	 2.868723728872612	
1567	 0.011668252454754236	 2.8704717577485597	
1568	 0.011682947737817018	 2.876499524289212	
1569	 0.011700043851728051	 2.8835184359917188	
1570	 0.011707689274928693	 2.886659523983127	
1571	 0.011697294476977245	 2.882389202078929	
1572	 0.011672050107307175	 2.87202900850935	
1573	 0.011637456409591134	 2.857856131902584	
1574	 0.011596561407769355	 2.841137833861439	
1575	 0.011556604163165791	 2.8248408186168183	
1576	 0.011525611904763691	 2.8122261107001743	
1577	 0.011496418886192647	 2.8003644071155884	
1578	 0.011479764952213338	 2.7936065693059513	
1579	 0.011468610285875307	 2.789083878712311	
1580	 0.011458282846495098	 2.784899203163355	
1581	 0.011446320475198824	 2.780055195820361	
1582	 0.01143090399341522	 2.7738174669814306	
1583	 0.01140956998884962	 2.765194670942725	
1584	 0.011381932687294042	 2.754040175700597	
1585	 0.011352543810916563	 2.7421985336299173	
1586	 0.011316653690906977	 2.727765045363223	
1587	 0.011279452577719878	 2.712836506596073	
1588	 0.011239644607627674	 2.696898170962339	
1589	 0.011206735274369056	 2.6837502952324104	
1590	 0.011180592927608186	 2.6733242790269136	
1591	 0.011159957424264927	 2.66510595423971	
1592	 0.011143964300244875	 2.6587434738893276	
1593	 0.011132382002439713	 2.6541395334210636	
1594	 0.011115810689254843	 2.647558020418342	
1595	 0.011082713463940458	 2.6344325980472565	
1596	 0.011040152778643649	 2.6175926085030143	
1597	 0.010991827605729554	 2.5985241889350617	
1598	 0.010934534505282563	 2.5759894634256404	
1599	 0.010873011819471916	 2.551878640684439	
1600	 0.01081390147315869	 2.5287987251284836	
1601	 0.010758744863742812	 2.5073382792384598	
1602	 0.010717838416730827	 2.491469598197827	
1603	 0.01069313878100523	 2.4819074855576138	
1604	 0.010672963745812964	 2.4741079245195805	
1605	 0.010651834301164129	 2.4659499247789523	
1606	 0.010634203636172013	 2.4591510416999034	
1607	 0.010622023410067582	 2.4544583884151208	
1608	 0.010616722659798173	 2.452417297918643	
1609	 0.010617922411377	 2.452879211079928	
1610	 0.010626397816079701	 2.456143295163379	
1611	 0.010638480953953668	 2.4607998065478265	
1612	 0.01064464906823961	 2.4631781892916913	
1613	 0.010646613437085808	 2.4639358294448472	
1614	 0.010646276334431276	 2.463805805228354	
1615	 0.010646512433939308	 2.463896871127878	
1616	 0.010648213581933618	 2.464553060417669	
1617	 0.010653045706599527	 2.4664173526261246	
1618	 0.010652608838338393	 2.4662487803760365	
1619	 0.01064833826947254	 2.464601159292462	
1620	 0.010644414600096498	 2.4630877631736725	
1621	 0.010638617469441213	 2.4608524360419146	
1622	 0.010627518539766252	 2.4565750430277653	
1623	 0.01061118794727288	 2.4502868435505896	
1624	 0.010595058205032017	 2.4440823126395057	
1625	 0.010581596182200118	 2.4389087757361065	
1626	 0.010572101246003766	 2.435262451852873	
1627	 0.010580998206009199	 2.4386790715902804	
1628	 0.010589758212887242	 2.4420449702062834	
1629	 0.010596088330611474	 2.4444783767377314	
1630	 0.0105944083927797	 2.443832485136185	
1631	 0.010586073442953635	 2.4406289274628925	
1632	 0.010576425355840009	 2.436922761645008	
1633	 0.010570242222974074	 2.434548789937032	
1634	 0.010567689140588192	 2.4335688213516042	
1635	 0.010565268197238974	 2.4326397184563477	
1636	 0.010568954241820328	 2.4340543948336273	
1637	 0.010567223557117944	 2.433390130002533	
1638	 0.010568566069306127	 2.433905401624315	
1639	 0.010580460722560676	 2.438472612266134	
1640	 0.010600879857580493	 2.446320966995444	
1641	 0.010619133462011371	 2.453345509750241	
1642	 0.010633915416667661	 2.459039958489026	
1643	 0.01064419132103114	 2.463001653523842	
1644	 0.010656167436267235	 2.467622053529961	
1645	 0.010673115546601279	 2.4741665732265425	
1646	 0.010697384190320802	 2.4835499885602186	
1647	 0.010724957979965446	 2.4942285660094585	
1648	 0.010748480733757738	 2.503352767714565	
1649	 0.01076936215499278	 2.511463589578124	
1650	 0.010788779860423921	 2.5190152847356697	
1651	 0.01081039457591978	 2.5274320770517975	
1652	 0.010834696443798536	 2.536908655932066	
1653	 0.010863500976440383	 2.5481594258883993	
1654	 0.010892162057876055	 2.5593739219662446	
1655	 0.010915112458970509	 2.568368142354548	
1656	 0.010935280638893081	 2.5762824306350627	
1657	 0.010952135280542145	 2.582903907155906	
1658	 0.01096066638041081	 2.586258006831439	
1659	 0.010964087102407857	 2.587603391874179	
1660	 0.010971569808975611	 2.5905473489849054	
1661	 0.010973855169459326	 2.5914467562258543	
1662	 0.010970109898810329	 2.5899728643965294	
1663	 0.010962963935252222	 2.587161614419003	
1664	 0.01095456712597992	 2.5838598376375086	
1665	 0.01094609876004556	 2.580531631914971	
1666	 0.010939390494282058	 2.5778963923596656	
1667	 0.010924517765727353	 2.572057710064857	
1668	 0.010915023889415976	 2.568333407851077	
1669	 0.010909391524155437	 2.566124937572337	
1670	 0.010908453448924759	 2.565757188793744	
1671	 0.010910930032598088	 2.5667281167169937	
1672	 0.010922824058212965	 2.5713931363615927	
1673	 0.010939255517177265	 2.577843379722966	
1674	 0.010960481296504532	 2.5861852204965583	
1675	 0.010972333472697226	 2.590847876159975	
1676	 0.010980438364122946	 2.5940382808672124	
1677	 0.010987597201036379	 2.596857587317122	
1678	 0.01099588518052315	 2.6001231046566633	
1679	 0.011004992644258563	 2.603713396809763	
1680	 0.01101502591030419	 2.607670947150195	
1681	 0.011025489930033027	 2.611800966170287	
1682	 0.01103731368871096	 2.6164708028062083	
1683	 0.01105552168079167	 2.623668639984028	
1684	 0.01108872972839167	 2.636816537538628	
1685	 0.011121379659224266	 2.649769080207736	
1686	 0.011145373418631654	 2.6593038134181097	
1687	 0.011162754237252262	 2.6662192239584224	
1688	 0.011177745241871451	 2.6721895537150937	
1689	 0.011188652451185664	 2.676536824320812	
1690	 0.011201288050604323	 2.6815765102571874	
1691	 0.01121261068158157	 2.6860957421004685	
1692	 0.011219694741990485	 2.688924769778487	
1693	 0.011221038421611668	 2.6894615041744565	
1694	 0.011217652589952734	 2.6881091118130724	
1695	 0.011210042890807266	 2.685070586061064	
1696	 0.011194548273901461	 2.6788878906239684	
1697	 0.01117498977431083	 2.671091758286536	
1698	 0.011167196106804403	 2.667987689655371	
1699	 0.0111629859173229	 2.666311452411257	
1700	 0.011144639512412367	 2.659011967840035	
1701	 0.011094633252323335	 2.639156642046106	
1702	 0.011031912079304939	 2.6143370034648843	
1703	 0.01097825398164365	 2.593178267233499	
1704	 0.010936540313812054	 2.576777068599321	
1705	 0.010900283621996099	 2.562555305232751	
1706	 0.010865977851865851	 2.5491277989655403	
1707	 0.01083290245853259	 2.5362086016239016	
1708	 0.010796727792963343	 2.522108912218254	
1709	 0.01076168117960072	 2.50847890282865	
1710	 0.010730582765963035	 2.49640914244662	
1711	 0.010705414930873005	 2.4866581839546464	
1712	 0.010685526918057775	 2.478963626424154	
1713	 0.01066854418527164	 2.472400657343276	
1714	 0.010648927220620519	 2.4648283553747934	
1715	 0.010620598517506722	 2.453909656945045	
1716	 0.010596538154276233	 2.44465133361063	
1717	 0.010578312223425907	 2.437647395890459	
1718	 0.01056994220192612	 2.4344336224455625	
1719	 0.010566505758868529	 2.4331146486810007	
1720	 0.010573293228014603	 2.435720086852103	
1721	 0.010584914980637456	 2.4401838027874665	
1722	 0.010605431295615106	 2.4480717448948632	
1723	 0.010633295550331805	 2.4588010614613784	
1724	 0.010670425636495937	 2.473127400468961	
1725	 0.010707182364055861	 2.487342455120234	
1726	 0.010740738067986241	 2.5003480067307655	
1727	 0.010762386820575471	 2.5087530428005778	
1728	 0.010774003352842818	 2.5132677623212025	
1729	 0.01078642202649773	 2.5180978212398837	
1730	 0.010803933082224448	 2.5249147880415563	
1731	 0.010828301229660551	 2.5344134496174715	
1732	 0.010855770781824998	 2.5451381322617643	
1733	 0.010881876677702303	 2.555347196617602	
1734	 0.010906961016291301	 2.5651721616031864	
1735	 0.010927580917972428	 2.5732597983190217	
1736	 0.010943039507398056	 2.5793297177418997	
1737	 0.010954545485075632	 2.583851330222904	
1738	 0.010971019473950927	 2.5903307824213986	
1739	 0.010991290442471326	 2.5983125454862397	
1740	 0.011006473486122142	 2.604297353089493	
1741	 0.011026172564648596	 2.612070484434371	
1742	 0.01107092960756571	 2.6297657548619924	
1743	 0.011114831265828939	 2.6471692342321784	
1744	 0.011157941456711803	 2.6643036149175012	
1745	 0.011200186495671467	 2.681137006188912	
1746	 0.011241572748274321	 2.697669295036884	
1747	 0.011282116106262669	 2.7139042720989552	
1748	 0.011321806076673801	 2.7298352437097515	
1749	 0.011360669198769855	 2.745470449665395	
1750	 0.011383276063514629	 2.7545819491904653	
1751	 0.011394224815069402	 2.7589990873276555	
1752	 0.011397973936827151	 2.7605122746564144	
1753	 0.011393013304082949	 2.7585101789419033	
1754	 0.011383258519924116	 2.75457487371813	
1755	 0.011372252598270152	 2.750137529234749	
1756	 0.011363204461755797	 2.7464916640625265	
1757	 0.01135568231144219	 2.7434621541834305	
1758	 0.011347243991900888	 2.740065253414454	
1759	 0.011338163177701536	 2.736411593037415	
1760	 0.01132904366371606	 2.732744324617101	
1761	 0.011320914031149992	 2.729476780089786	
1762	 0.011321388103719786	 2.72966728121742	
1763	 0.011329123552112135	 2.7327764419314744	
1764	 0.011346182988162383	 2.7396382585618855	
1765	 0.011367778139239393	 2.748334344442105	
1766	 0.011389666724235189	 2.757159838107917	
1767	 0.011412532007834477	 2.766391220254508	
1768	 0.011433603806298187	 2.7749094450235954	
1769	 0.011454473039459203	 2.7833561050735827	
1770	 0.011473421548039145	 2.7910342588965857	
1771	 0.011489793243070865	 2.797675069574208	
1772	 0.01150196173173731	 2.802615032864177	
1773	 0.01151170102191918	 2.8065713412369093	
1774	 0.011519241871960344	 2.8096361293236862	
1775	 0.011525963187555515	 2.8123689659753004	
1776	 0.011532426940110217	 2.8149980817574414	
1777	 0.011535439568331966	 2.8162237967418493	
1778	 0.011534379639618309	 2.8157925308412866	
1779	 0.01152609824884079	 2.8124238917755267	
1780	 0.011512489172601578	 2.806891602565634	
1781	 0.011498114489155171	 2.801052815635097	
1782	 0.011483419659135012	 2.7950890178777783	
1783	 0.01147074367059248	 2.7899486388003716	
1784	 0.0114602593738234	 2.7856998970005487	
1785	 0.0114503874295231	 2.781701677841499	
1786	 0.01144776617270911	 2.780640433100977	
1787	 0.01144744224803549	 2.7805092998685783	
1788	 0.011436418061890547	 2.776047894058488	
1789	 0.011418394459340397	 2.7687600505836962	
1790	 0.01140053016054027	 2.76154418531034	
1791	 0.01138627130397177	 2.755790060528955	
1792	 0.011377266611790681	 2.752158713851728	
1793	 0.01137520389284676	 2.7513271452182253	
1794	 0.01137649375746395	 2.7518471320398716	
1795	 0.011372838020112557	 2.7503734863287925	
1796	 0.01136752974630861	 2.748234257183483	
1797	 0.011362897738374095	 2.746368106540502	
1798	 0.01135981675827827	 2.7451271172432827	
1799	 0.011358981215164297	 2.744790607146183	
1800	 0.011361154359840185	 2.7456658627934463	
1801	 0.011367652481511606	 2.748283711830612	
1802	 0.011379445668004813	 2.7530372921040196	
1803	 0.011393259438713662	 2.7586095044020973	
1804	 0.011404913680918036	 2.7633141083568358	
1805	 0.011411571162550852	 2.7660030505714164	
1806	 0.011415035730805745	 2.7674027959113627	
1807	 0.011416707920074029	 2.768078490572428	
1808	 0.011413991389556635	 2.7669808342076885	
1809	 0.01140917649731615	 2.7650357300735093	
1810	 0.01140630945497493	 2.7638777717613694	
1811	 0.011394247429349186	 2.7590082137081353	
1812	 0.011370457263131607	 2.7494139612532718	
1813	 0.011335182025536893	 2.735212553382783	
1814	 0.011291990699570986	 2.717864303238901	
1815	 0.011248667586241634	 2.7005075029938066	
1816	 0.011212184825044694	 2.685925713760481	
1817	 0.011186466778532194	 2.675665457485703	
1818	 0.011180503939439368	 2.673288816745285	
1819	 0.011183290889829485	 2.674399521351898	
1820	 0.011187603945967099	 2.676118800318889	
1821	 0.011191633767239013	 2.6777255750008595	
1822	 0.011194357308525596	 2.678811726775956	
1823	 0.01119455128084789	 2.6788890899090876	
1824	 0.011193641550510728	 2.6785262644897085	
1825	 0.011192958167535141	 2.6782537255383394	
1826	 0.011192505301912839	 2.6780731249821543	
1827	 0.011190933815067817	 2.677446461632966	
1828	 0.011187249512209943	 2.675977498566669	
1829	 0.011182497775481403	 2.674083416651477	
1830	 0.011178408524768844	 2.6724538366942285	
1831	 0.011175810894137123	 2.6714188786633963	
1832	 0.011175800295969932	 2.6714146564291394	
1833	 0.011177239795318292	 2.6719881671486543	
1834	 0.011183834679630515	 2.6746162635687543	
1835	 0.011190367017714668	 2.677220453691774	
1836	 0.011189092106422605	 2.6767121163335834	
1837	 0.011178883566759291	 2.6726431221025693	
1838	 0.011152387698271062	 2.66209376231957	
1839	 0.011110616942956073	 2.6454966018809807	
1840	 0.011063291275226457	 2.626742460895973	
1841	 0.011025723340831697	 2.6118931203293108	
1842	 0.011004753010173703	 2.6036189042510256	
1843	 0.010991326386216799	 2.5983267071819762	
1844	 0.01098172701924541	 2.5945456910112292	
1845	 0.010974572394597981	 2.591729047062027	
1846	 0.010971869713381925	 2.5906653697204907	
1847	 0.010972466892307927	 2.5909003826629533	
1848	 0.010975656595312376	 2.5921557982398142	
1849	 0.01098068146231514	 2.59413399815544	
1850	 0.010985878855812812	 2.596180753682666	
1851	 0.010991180287302752	 2.598269144971109	
1852	 0.010998227377966576	 2.6010462430218872	
1853	 0.011006096005803248	 2.604148492245918	
1854	 0.011014957123106111	 2.607643806344832	
1855	 0.011024617693183296	 2.611456605211222	
1856	 0.011033503442786216	 2.614965567888897	
1857	 0.011041424970179244	 2.6180953501976783	
1858	 0.01105514410966843	 2.6235193012996065	
1859	 0.011068070152353515	 2.6286338038524324	
1860	 0.011079835579555468	 2.6332925438843264	
1861	 0.011089223586415144	 2.6370122666509017	
1862	 0.011097529878386964	 2.64030514255976	
1863	 0.011105849814184941	 2.6436050748765307	
1864	 0.011115179221215883	 2.647307353948819	
1865	 0.011132766798356897	 2.6542924377774844	
1866	 0.011174967415636316	 2.6710828511894387	
1867	 0.011215966106393862	 2.687435586374472	
1868	 0.011255628647141063	 2.7032933551068674	
1869	 0.011273519820316717	 2.710458764298173	
1870	 0.011284891573824169	 2.7150170909549622	
1871	 0.011292144749781761	 2.7179261006496915	
1872	 0.011295073646518612	 2.719101137706676	
1873	 0.011293275225533814	 2.7183796094312846	
1874	 0.011290864353964085	 2.7174124855428508	
1875	 0.011291277579144323	 2.71757824152155	
1876	 0.011294642949912448	 2.7189283348277247	
1877	 0.011301408337983659	 2.7216432321900856	
1878	 0.011306779284704561	 2.7237993228171207	
1879	 0.011310943177491208	 2.725471328647971	
1880	 0.011312041175454866	 2.7259122967078597	
1881	 0.011312613478406517	 2.726142151181489	
1882	 0.011320776718282707	 2.729421603336607	
1883	 0.011330784881019457	 2.7334443756859272	
1884	 0.011335792504382573	 2.73545807500666	
1885	 0.011334794586084603	 2.735056738037662	
1886	 0.011326978186417312	 2.73191399881884	
1887	 0.011314860481967217	 2.727044691916074	
1888	 0.011292713350148979	 2.718154200175521	
1889	 0.011285223351538896	 2.71515012885903	
1890	 0.011286465513407389	 2.7156482403559856	
1891	 0.011287328250598458	 2.7159942226637876	
1892	 0.011284945617864644	 2.7150387616295433	
1893	 0.01128083629405292	 2.7133911951111886	
1894	 0.011277147285293245	 2.7119124878482848	
1895	 0.011273929126929672	 2.710622780231143	
1896	 0.011269755772009218	 2.708950633979912	
1897	 0.011265997426324734	 2.707445123520895	
1898	 0.011266872964030783	 2.7077958147216754	
1899	 0.011267459847985403	 2.7080308976226357	
1900	 0.011269644466097106	 2.7089060424740232	
1901	 0.01127482566220964	 2.710982050624402	
1902	 0.011279911358145465	 2.713020412264755	
1903	 0.011284630799851255	 2.714912526320158	
1904	 0.01129330971960497	 2.718393447766234	
1905	 0.01130233163009943	 2.7220138261452638	
1906	 0.011316656783588626	 2.727766287796116	
1907	 0.011332574998577923	 2.7341641617239385	
1908	 0.011350882894121925	 2.7415299108738203	
1909	 0.011375265889669913	 2.7513521372760894	
1910	 0.01141117316734631	 2.7658422717829163	
1911	 0.011446382492542078	 2.780080300241341	
1912	 0.011463270927867496	 2.7869200585384095	
1913	 0.01147013494360444	 2.7897018824960576	
1914	 0.01147363929635691	 2.791122542189242	
1915	 0.011472971366850188	 2.7908517421872174	
1916	 0.011473329055689638	 2.7909967593850125	
1917	 0.011474241824097172	 2.7913668352382452	
1918	 0.011476867412777253	 2.7924314720540138	
1919	 0.01148385809620413	 2.795266881015733	
1920	 0.011495766071939442	 2.800099384993727	
1921	 0.011501395329940859	 2.8023850170098457	
1922	 0.011503097548602216	 2.803076311017608	
1923	 0.011501852484319211	 2.80257066688354	
1924	 0.011493842830697362	 2.7993186676609927	
1925	 0.011488565333921386	 2.7971767768191995	
1926	 0.011480272899135589	 2.7938125875757245	
1927	 0.011471548812125483	 2.7902750279960524	
1928	 0.01146382034908193	 2.7871426851452132	
1929	 0.011457424399323022	 2.784551473756013	
1930	 0.01145646405148754	 2.7841624882428717	
1931	 0.011460691445277648	 2.785874941981712	
1932	 0.011465003750982293	 2.7876222261915222	
1933	 0.011468059606370755	 2.7888606800992424	
1934	 0.01146670064488183	 2.788309903320441	
1935	 0.011458040545643762	 2.784801053103054	
1936	 0.011444616499307973	 2.7793654673369472	
1937	 0.01143275257909949	 2.774565135417388	
1938	 0.011418667291834236	 2.7688703132726578	
1939	 0.011395166593296587	 2.759379168304233	
1940	 0.011368403932146632	 2.748586507423882	
1941	 0.011346356024983227	 2.7397078944187068	
1942	 0.01132875868904889	 2.7326297582574406	
1943	 0.011310409134970292	 2.725256861612403	
1944	 0.011288901052077136	 2.716625006442123	
1945	 0.011266820520875853	 2.707774808429519	
1946	 0.011248180210290082	 2.700312495689592	
1947	 0.011235786254444966	 2.6953553589962698	
1948	 0.011237888154529162	 2.6961957868929662	
1949	 0.011244178056379272	 2.698711379741971	
1950	 0.011253856712339399	 2.7025841087437175	
1951	 0.011265732634424779	 2.7073390663451185	
1952	 0.011278563641202638	 2.712480183735618	
1953	 0.011290049398919274	 2.717085596525498	
1954	 0.011306275868281836	 2.7235972044056145	
1955	 0.011324467160417446	 2.7309046975381217	
1956	 0.011338260177778545	 2.7364506106584106	
1957	 0.011350853710332573	 2.7415181631587453	
1958	 0.011367610133046113	 2.748266647994785	
1959	 0.011385824185874976	 2.7556097048114143	
1960	 0.01139449479333283	 2.759108042474894	
1961	 0.011405218150643943	 2.763437060182636	
1962	 0.011422097702034974	 2.770256831194356	
1963	 0.011438127416795367	 2.776739469496402	
1964	 0.01144849243822461	 2.780934453484993	
1965	 0.011452998693205235	 2.7827590378018443	
1966	 0.011454042768629711	 2.7831818526308068	
1967	 0.011451372189202811	 2.7821004105187925	
1968	 0.01144658474900938	 2.780162173638543	
1969	 0.011439458790403433	 2.7772781679718044	
1970	 0.011431785926734005	 2.774174158653886	
1971	 0.011424285895831603	 2.771141409792811	
1972	 0.011422130513753256	 2.770270094516051	
1973	 0.011415840047655326	 2.7677277943066843	
1974	 0.011405318502200602	 2.7634775849115214	
1975	 0.011393505619281557	 2.7587088498307666	
1976	 0.011379231112942739	 2.7529507802193476	
1977	 0.011366759813909114	 2.7479240304718067	
1978	 0.011352683399084573	 2.7422547295575805	
1979	 0.011323875976237789	 2.73066709407647	
1980	 0.01128992131421322	 2.7170342215223737	
1981	 0.011257256377266862	 2.7039449467505343	
1982	 0.011221139548145818	 2.6895019010206105	
1983	 0.011179938805446354	 2.6730636120888978	
1984	 0.011135735342022779	 2.6554721510014208	
1985	 0.011094434381867297	 2.6390777980475333	
1986	 0.011063081372384808	 2.6266593998360332	
1987	 0.011031509064401302	 2.6141778282862824	
1988	 0.010995107680176199	 2.5998166947383865	
1989	 0.010954771526913641	 2.5839401917403855	
1990	 0.010907584480420486	 2.5654165503775217	
1991	 0.010866918340146527	 2.5494955360775586	
1992	 0.010835641847030446	 2.5372776051089483	
1993	 0.010811407064795686	 2.5278266165749543	
1994	 0.010794666759805229	 2.5213065365010494	
1995	 0.010783528114082022	 2.5169719454527053	
1996	 0.010780639183780817	 2.515848208847684	
1997	 0.010781890950750767	 2.5163350967342777	
1998	 0.010785181434485825	 2.51761514461374	
1999	 0.01078922041973914	 2.5191867268525474	
2000	 0.010794565110197015	 2.521266966186243	
2001	 0.010800617346354147	 2.5236234228219914	
2002	 0.010813338909735652	 2.528579472622615	
2003	 0.01083298877537968	 2.536242282672961	
2004	 0.010856884936869288	 2.545573503696199	
2005	 0.010878392946559068	 2.5539838912397377	
2006	 0.010898758818335654	 2.5619578878252733	
2007	 0.010924161480513605	 2.5719179058513024	
2008	 0.010943160843667832	 2.579377383871434	
2009	 0.010965389600479592	 2.588115743678947	
2010	 0.011006830207778887	 2.604438030801271	
2011	 0.011026078630056642	 2.612033396454703	
2012	 0.011036304293841264	 2.6160720083519204	
2013	 0.011038872025393665	 2.6170865224208852	
2014	 0.011036579952660075	 2.6161809139699366	
2015	 0.011032269593351792	 2.6144782108234095	
2016	 0.01102448533602271	 2.6114043519105254	
2017	 0.011016411558434823	 2.6082176951279488	
2018	 0.011006783599295094	 2.604419649981647	
2019	 0.010996106242533747	 2.600210226988294	
2020	 0.010983493479722944	 2.595241302328209	
2021	 0.010972072767793084	 2.590745278506936	
2022	 0.010961893479505195	 2.586740598123406	
2023	 0.010951840133882977	 2.582787898025936	
2024	 0.01094041677089494	 2.5782994796419128	
2025	 0.010931616954121762	 2.574844023323258	
2026	 0.010934431082850296	 2.5759488559576633	
2027	 0.010945104742821794	 2.580141079490994	
2028	 0.010960300937921413	 2.5861142932366223	
2029	 0.01098394252066074	 2.5954181412473942	
2030	 0.01102580466198256	 2.611925227470963	
2031	 0.011067206673077907	 2.628292023133153	
2032	 0.011107719051083029	 2.6443466962540154	
2033	 0.011147408277451537	 2.660113063578312	
2034	 0.011186242531718767	 2.6755760629438883	
2035	 0.0112242556682254	 2.6907468112195057	
2036	 0.011261504872390051	 2.705645944700733	
2037	 0.011297997565272241	 2.720274380289041	
2038	 0.01131643062346601	 2.727675432363529	
2039	 0.011332937102000755	 2.734309768635352	
2040	 0.011351197278186039	 2.741656465092926	
2041	 0.011361148791020051	 2.74566361975306	
2042	 0.011362431993214914	 2.7461804944536032	
2043	 0.0113593491019077	 2.7449387693448712	
2044	 0.011356438266859246	 2.7437665511424165	
2045	 0.011349474945113795	 2.74096317452993	
2046	 0.01133870437975457	 2.7366292907238434	
2047	 0.011325470605675092	 2.7313080122175473	
2048	 0.011310737253074965	 2.7253886303150994	
2049	 0.0112957991256015	 2.7193922223121354	
2050	 0.011283372584869701	 2.714408032388522	
2051	 0.011262374197534978	 2.705994054863297	
2052	 0.01123425711720349	 2.6947440115885324	
2053	 0.01120603798738015	 2.683471994534309	
2054	 0.011179785193933724	 2.6730023995498797	
2055	 0.011158519329957371	 2.6645335940706527	
2056	 0.011143409643444433	 2.6585229261496885	
2057	 0.011132589823388515	 2.6542221137152486	
2058	 0.011133611169149123	 2.6546279733651277	
2059	 0.011141431833523743	 2.6577365507491604	
2060	 0.01116207759925657	 2.6659498715594188	
2061	 0.011198962771042632	 2.680648792012706	
2062	 0.011235093493751904	 2.6950783871511055	
2063	 0.011270482226281815	 2.709241674159543	
2064	 0.011305140247704851	 2.723141282180174	
2065	 0.011326687377034891	 2.7317971010003936	
2066	 0.011347118869375287	 2.740014897189201	
2067	 0.011366304260699891	 2.747740482285723	
2068	 0.011384366744207562	 2.7550218438343204	
2069	 0.011401879035367766	 2.7620887688065165	
2070	 0.01141864533813322	 2.7688614408256806	
2071	 0.011434739425144011	 2.775368813717776	
2072	 0.011450296992278293	 2.7816650606273283	
2073	 0.011459593217671309	 2.785430025975301	
2074	 0.011471592016739937	 2.7902925427638374	
2075	 0.01148720632392083	 2.796625323960253	
2076	 0.01150180538479225	 2.802551539591844	
2077	 0.011507692527675896	 2.804942734658093	
2078	 0.011509703860223331	 2.8057598694113257	
2079	 0.011507588235842133	 2.8049003670944006	
2080	 0.011504971933413814	 2.8038376029234113	
2081	 0.011497930184463372	 2.8009779853345793	
2082	 0.011486640659011515	 2.796395803860704	
2083	 0.011465772877445053	 2.7879339112132513	
2084	 0.011440546913292006	 2.777718473732065	
2085	 0.011411042041623645	 2.7657893015241197	
2086	 0.011377795631784052	 2.7523720002236254	
2087	 0.011341912317586599	 2.737919820961979	
2088	 0.011297770381469516	 2.7201832139662394	
2089	 0.011249548139450337	 2.700859841404414	
2090	 0.01120214631713525	 2.681918965836121	
2091	 0.011155752447353923	 2.663432515744801	
2092	 0.011101055207602448	 2.6417031909747237	
2093	 0.011046542449196856	 2.6201180537676736	
2094	 0.010992405041194317	 2.5987517074077844	
2095	 0.010938859065835391	 2.5776876748672826	
2096	 0.010881549044698745	 2.555218970010558	
2097	 0.010825842694680137	 2.5334544699332833	
2098	 0.01076687231194088	 2.510495926534995	
2099	 0.01069774559089907	 2.4836898306147037	
2100	 0.010626204445741578	 2.4560688041980816	
2101	 0.010551716246009524	 2.427441409442828	
2102	 0.010475949401813843	 2.3984604983767848	
2103	 0.01040107409177851	 2.3699575480538986	
2104	 0.01032787058086451	 2.342222930968373	
2105	 0.010257047217065168	 2.315514515700178	
2106	 0.010195502886090113	 2.292404944421591	
2107	 0.010145481753086326	 2.2736906376517414	
2108	 0.010091746986239035	 2.2536553790873195	
2109	 0.010039735491652612	 2.2343302649726993	
2110	 0.00999070037294213	 2.216172053474291	
2111	 0.009940679257567949	 2.1977098366664447	
2112	 0.009886418619393631	 2.177752777433067	
2113	 0.009837490606687737	 2.1598195491558814	
2114	 0.009793821015572423	 2.1438637855583975	
2115	 0.009755580509316993	 2.12993056371803	
2116	 0.009729513188163178	 2.1204535747458104	
2117	 0.009704787598224449	 2.1114800116894488	
2118	 0.009686394541776168	 2.104814567718138	
2119	 0.009666044383971931	 2.0974497177685323	
2120	 0.009647736741363135	 2.090832893244651	
2121	 0.00963675893727931	 2.086869261204915	
2122	 0.009626681724594613	 2.083233444374136	
2123	 0.009616496438984923	 2.079561212660207	
2124	 0.00960861905329685	 2.076722855253208	
2125	 0.00960117874493372	 2.074043408500346	
2126	 0.009595277988680132	 2.0719193781120024	
2127	 0.009591436003646524	 2.0705368889401905	
2128	 0.009593540210508657	 2.0712940151458525	
2129	 0.009599769445531545	 2.0735360393538076	
2130	 0.009609927643753723	 2.077194255472355	
2131	 0.009635766285235856	 2.0865110038416597	
2132	 0.0096635391776132	 2.0965437817934576	
2133	 0.009686711659429524	 2.1049294162887424	
2134	 0.00970430793639323	 2.111306080408499	
2135	 0.009717293893291234	 2.1160169706217418	
2136	 0.009726487955957432	 2.119354821664586	
2137	 0.009730367091549926	 2.1207637505007293	
2138	 0.009733122063664655	 2.1217646028382706	
2139	 0.00973691700463695	 2.1231435741854296	
2140	 0.009741629965703135	 2.1248566262326936	
2141	 0.009748839265914263	 2.12747810880222	
2142	 0.009759136649677693	 2.1312247379156966	
2143	 0.009771218307016208	 2.1356239233430916	
2144	 0.009785570085487572	 2.140854421744947	
2145	 0.009799675664708398	 2.14600017868862	
2146	 0.00981395234427399	 2.1512133839974457	
2147	 0.009829009458393472	 2.1567170497400303	
2148	 0.00984801545741375	 2.1636721380239288	
2149	 0.009873075607739446	 2.1728563790802267	
2150	 0.00990422658713199	 2.1842945180239033	
2151	 0.00993709086102307	 2.1963877765380944	
2152	 0.009965887077636612	 2.2070060304997647	
2153	 0.009991671692652807	 2.21653116766338	
2154	 0.010020795074384891	 2.2273094077575406	
2155	 0.01005324381328671	 2.239342944567341	
2156	 0.010085399288704795	 2.2512932966324204	
2157	 0.010116362426624573	 2.262824556551708	
2158	 0.010148230589240392	 2.2747174604985423	
2159	 0.010181926278095247	 2.2873194888015798	
2160	 0.010217636558780328	 2.3007053440409684	
2161	 0.010252328294579383	 2.313739304062232	
2162	 0.010278818462059174	 2.323711691692279	
2163	 0.010298316726531016	 2.331062891357471	
2164	 0.010309316039112299	 2.335213928439254	
2165	 0.010321434233668202	 2.3397906405950737	
2166	 0.010336027667380373	 2.345306939505785	
2167	 0.010351458248138195	 2.351145329149522	
2168	 0.010366913609367236	 2.3569989137923315	
2169	 0.01038188123158087	 2.3626733196007152	
2170	 0.010401425362894184	 2.3700909488604713	
2171	 0.010419642177406102	 2.377013190493855	
2172	 0.010426527265312319	 2.379631570438957	
2173	 0.010419858689051275	 2.3770955117150603	
2174	 0.010404568259377646	 2.37128464755757	
2175	 0.010383227986759627	 2.3631841583149633	
2176	 0.010361520990317997	 2.354955844576804	
2177	 0.010338183627648446	 2.3461223301468377	
2178	 0.010331672848118562	 2.343660279603519	
2179	 0.010335802224868027	 2.345221683018871	
2180	 0.010340431969952288	 2.3469727807125422	
2181	 0.0103432712740858	 2.348046942707091	
2182	 0.010338008641031267	 2.346056145455774	
2183	 0.010328146773241212	 2.3423273264613877	
2184	 0.010317739772674948	 2.3383949634634926	
2185	 0.010309763500646043	 2.335382858741346	
2186	 0.010304014588841073	 2.3332128421967324	
2187	 0.010298939772116504	 2.3312979439671087	
2188	 0.010304701093796574	 2.333471931786976	
2189	 0.010310808866122255	 2.335777534966877	
2190	 0.010317974522201557	 2.3384836361905834	
2191	 0.010327079204198954	 2.3419238158677285	
2192	 0.010335910815201904	 2.3452627489003417	
2193	 0.010345817524690756	 2.3490104042624553	
2194	 0.010363792240707836	 2.3558162531962945	
2195	 0.010384156796955408	 2.363536491743309	
2196	 0.0103934774245246	 2.3670733274397935	
2197	 0.010392316701148197	 2.3666327602532466	
2198	 0.01038750072447832	 2.3648051460367188	
2199	 0.010382089208145161	 2.362752204462685	
2200	 0.010370675645368338	 2.3584246334184322	
2201	 0.010359738781117024	 2.3542807854903516	
2202	 0.010360492885996692	 2.35456641330125	
2203	 0.010368850053190926	 2.3577327355671294	
2204	 0.010376084162657822	 2.360474933409277	
2205	 0.010380180698205895	 2.362028352121506	
2206	 0.010381765488125224	 2.3626294189253905	
2207	 0.010380644618376967	 2.362204297825741	
2208	 0.010382302132875977	 2.362832967240176	
2209	 0.010387501395542812	 2.3648054006595327	
2210	 0.010395814748424924	 2.3679605877149204	
2211	 0.010408205718934329	 2.372666485629026	
2212	 0.010421521141864669	 2.377727641094361	
2213	 0.010434320717082009	 2.3825967897821716	
2214	 0.010446093786402136	 2.387078957558728	
2215	 0.010457172085158308	 2.391299693350215	
2216	 0.01046967293593237	 2.3960659900450123	
2217	 0.010485876151771423	 2.402249564199876	
2218	 0.010510639072288504	 2.4117120590884538	
2219	 0.010539884546294863	 2.4229065987214375	
2220	 0.010572521425087704	 2.435423766347554	
2221	 0.01060345302325784	 2.4473107116413404	
2222	 0.010627924924088391	 2.4567316061214384	
2223	 0.010647214195262973	 2.464167555312082	
2224	 0.010660296593731532	 2.4692158904787602	
2225	 0.010671886003536638	 2.4736915514268847	
2226	 0.010682456891884042	 2.4777767009682403	
2227	 0.010691102668154078	 2.4811198897175375	
2228	 0.010695271687494795	 2.4827326297070114	
2229	 0.010698713808554954	 2.4840644928699906	
2230	 0.010702912318962825	 2.485689413245916	
2231	 0.010705303982780679	 2.4866152323221518	
2232	 0.01070721953800141	 2.4873568480197616	
2233	 0.010706823607938015	 2.4872035546877664	
2234	 0.010703861120306633	 2.48605668012855	
2235	 0.01069835664673492	 2.4839262826236626	
2236	 0.010689134286876907	 2.48035858841898	
2237	 0.010681689574405418	 2.477480078217531	
2238	 0.010678836277062002	 2.476377200588479	
2239	 0.01067935639065376	 2.476578224107879	
2240	 0.010678058449552013	 2.476076583009541	
2241	 0.010673274968360536	 2.474228166918022	
2242	 0.010670513926635896	 2.473161506163523	
2243	 0.0106693962500924	 2.472729771555065	
2244	 0.010659332890499624	 2.4688438683675007	
2245	 0.010645844609960974	 2.463639288341035	
2246	 0.01063384077522839	 2.4590111911214283	
2247	 0.010624158435036894	 2.455280686395626	
2248	 0.010609529307306008	 2.449648534257066	
2249	 0.010598188939610021	 2.4452861013161344	
2250	 0.010597941217544236	 2.4451908418637434	
2251	 0.010597050709261325	 2.444848416596972	
2252	 0.010593364511196947	 2.4434311747089903	
2253	 0.010588512667949863	 2.4415662753776055	
2254	 0.010584162864031405	 2.439894828762727	
2255	 0.010582913878701779	 2.4394149808655725	
2256	 0.010586765528644038	 2.440894868241135	
2257	 0.010596227274445973	 2.444531800018879	
2258	 0.010609513861589037	 2.4496425904559036	
2259	 0.010628077736266539	 2.456790479374344	
2260	 0.01065275476049086	 2.4663050861410154	
2261	 0.010681662780229998	 2.477469720620723	
2262	 0.010713356899737462	 2.4897335505306812	
2263	 0.010735694672531729	 2.4983915505661343	
2264	 0.01074980899855942	 2.5038683835827165	
2265	 0.010758982408174486	 2.50743054660446	
2266	 0.010768206410440568	 2.511014397619681	
2267	 0.010774745817278669	 2.5135564285878567	
2268	 0.010775331644673548	 2.5137842045568135	
2269	 0.010772138058193874	 2.5125426040850103	
2270	 0.01075952733996186	 2.507642214961511	
2271	 0.010745131215447089	 2.502052715004724	
2272	 0.010735685391387334	 2.49838795074846	
2273	 0.010726623342527301	 2.4948741023179863	
2274	 0.01072988642675174	 2.4961391493485765	
2275	 0.010736011656699839	 2.49851449841842	
2276	 0.010739335832584686	 2.499803983919268	
2277	 0.010737845556367611	 2.4992258559732505	
2278	 0.010730531243816316	 2.4963891652538526	
2279	 0.010718847825344893	 2.491860689157143	
2280	 0.010701408390544292	 2.485107309400815	
2281	 0.010684407413844505	 2.4785307803064605	
2282	 0.010668882056919345	 2.472531159826069	
2283	 0.01065312506588627	 2.466447975106202	
2284	 0.010634024509503837	 2.4590820039241894	
2285	 0.010616510767063771	 2.452335721276668	
2286	 0.010596558276447905	 2.444659070685424	
2287	 0.010575054519245803	 2.4363963584328863	
2288	 0.010554224277342391	 2.428403114205322	
2289	 0.010536693637627617	 2.4216841796646738	
2290	 0.010527474625356376	 2.4181538147151165	
2291	 0.010512250758051357	 2.412328437824835	
2292	 0.010502528191433866	 2.4086110619396206	
2293	 0.010494452028933897	 2.405524924416819	
2294	 0.01048608429038933	 2.402329036848793	
2295	 0.010478545438624502	 2.399451181228372	
2296	 0.010472664462186749	 2.397207155427932	
2297	 0.0104636115779017	 2.3937544547834646	
2298	 0.010464312129696165	 2.3940215688021516	
2299	 0.010474521344887135	 2.397915602259846	
2300	 0.01049024118035678	 2.403916464006974	
2301	 0.010505102150354504	 2.409594979378937	
2302	 0.010516386591805336	 2.413910448814778	
2303	 0.010525519560441152	 2.4174053992298155	
2304	 0.010530555542624753	 2.4193334041322463	
2305	 0.010537943131985297	 2.4221628244889963	
2306	 0.010549885176118337	 2.426739381819759	
2307	 0.010561287080832048	 2.431112165276537	
2308	 0.01056876776766115	 2.433982819543888	
2309	 0.010575035472957768	 2.43638904495145	
2310	 0.010582309342291674	 2.4391827374728168	
2311	 0.010602332854590729	 2.4468798293248044	
2312	 0.010624258821991747	 2.4553193528194557	
2313	 0.01064571471949482	 2.4635891902408122	
2314	 0.010666766517246273	 2.4717140807746567	
2315	 0.010693225441025004	 2.481941009037359	
2316	 0.010709677318619746	 2.4883085182428073	
2317	 0.010708900633200232	 2.4880077643594833	
2318	 0.010698055146652638	 2.4838096140909585	
2319	 0.010683405434711997	 2.478143399831922	
2320	 0.010666016433993817	 2.4714244041301967	
2321	 0.010651210892610728	 2.465709392766471	
2322	 0.010648705361707464	 2.4647427692353294	
2323	 0.010639275989166364	 2.4611063150994186	
2324	 0.01062651609643427	 2.456188860083046	
2325	 0.010613912938293677	 2.451335670697922	
2326	 0.01060218609076047	 2.4468233776294035	
2327	 0.01059143819155648	 2.442690688506312	
2328	 0.01058501761114671	 2.440223235967645	
2329	 0.010586065343519743	 2.44062581524385	
2330	 0.01059393763453535	 2.4436515033063584	
2331	 0.010606748283035598	 2.4485784370253203	
2332	 0.010618189627193743	 2.4529820958683057	
2333	 0.01062914104977463	 2.457200152958868	
2334	 0.010645421677430492	 2.463476166885596	
2335	 0.010669342405232074	 2.472708973195271	
2336	 0.010696088596482902	 2.48304869121788	
2337	 0.010726937735187986	 2.4949959762984575	
2338	 0.010755110739241349	 2.505926876453608	
2339	 0.010783493902272146	 2.5169586365625642	
2340	 0.010811256067710542	 2.5277677755330212	
2341	 0.010839977506588227	 2.538969896658409	
2342	 0.010863046527169365	 2.547981767837459	
2343	 0.010880813515877077	 2.5549311134986197	
2344	 0.010891658331060847	 2.559176653907259	
2345	 0.01089871273669648	 2.5619398339265764	
2346	 0.010913428822756298	 2.5677078994581155	
2347	 0.01092938532038528	 2.573968014191374	
2348	 0.01094052383437733	 2.5783415320650778	
2349	 0.0109464105180956	 2.580654127482412	
2350	 0.01095007116172617	 2.58209263679959	
2351	 0.010945499687710926	 2.580296251721445	
2352	 0.01092429686745455	 2.57197103052922	
2353	 0.010896095902128172	 2.5609146920438155	
2354	 0.0108696880428065	 2.55057863131045	
2355	 0.01084640573686029	 2.541479789494632	
2356	 0.010825051918633992	 2.5331460495504627	
2357	 0.010807633593262466	 2.5263563219860563	
2358	 0.010794956357417885	 2.521419272864224	
2359	 0.010784073779387412	 2.5171842209739905	
2360	 0.010774661294255665	 2.513523565812266	
2361	 0.010765273752802935	 2.5098747344387977	
2362	 0.010755233568937591	 2.505974575235496	
2363	 0.010730594834790039	 2.496413822021816	
2364	 0.010704477412938597	 2.486295249463849	
2365	 0.010677860898953407	 2.4760002352669654	
2366	 0.010649755963977863	 2.465148068818604	
2367	 0.010621832319071491	 2.454384795706275	
2368	 0.010596681035416979	 2.4447062723299426	
2369	 0.010574335965638861	 2.436120450991771	
2370	 0.010566318860793901	 2.4330429217587772	
2371	 0.010566000962173163	 2.432920921965157	
2372	 0.010565129893162202	 2.432586644788295	
2373	 0.010561092225400392	 2.4310374091580518	
2374	 0.010553083317435288	 2.427965594169832	
2375	 0.01054180300248815	 2.423641667207589	
2376	 0.010529568757771841	 2.418955569209195	
2377	 0.010516215302070076	 2.4138449199956638	
2378	 0.010506030768543546	 2.409949990944666	
2379	 0.010499537589729295	 2.4074680811751126	
2380	 0.010494850386828713	 2.4056771114909923	
2381	 0.01049644125473148	 2.40628491877031	
2382	 0.010494416183283927	 2.405511230275378	
2383	 0.01049145393768011	 2.4043796690613286	
2384	 0.010497814524431172	 2.406809639831462	
2385	 0.010508076842480325	 2.4107322806712164	
2386	 0.010520362543779645	 2.4154316940015637	
2387	 0.01052150542875339	 2.41586904593699	
2388	 0.010509761434908085	 2.411376438877581	
2389	 0.010503530960692536	 2.4089943598074584	
2390	 0.010508047805584984	 2.410721178081989	
2391	 0.010520091587532478	 2.4153280108370363	
2392	 0.010529525108820714	 2.4189388567920083	
2393	 0.010532214328251932	 2.4199685979383725	
2394	 0.010533711308013232	 2.42054188916524	
2395	 0.010543449138904462	 2.4242724657640955	
2396	 0.010552003269708272	 2.427551460975835	
2397	 0.010561093282115786	 2.431037814563523	
2398	 0.01057024233404355	 2.4345488325730877	
2399	 0.010583535657013105	 2.4396538572673006	
2400	 0.010595135236605992	 2.444111928956865	
2401	 0.010606498380697263	 2.4484822874396936	
2402	 0.010613017245676157	 2.450990905998809	
2403	 0.010617023115609532	 2.452532972344667	
2404	 0.010617858992378207	 2.452854793428967	
2405	 0.010612736214993231	 2.4508827373300255	
2406	 0.010603725142334486	 2.4474153891186576	
2407	 0.01059039378732165	 2.4422892522082247	
2408	 0.010577916449384783	 2.4374953953462386	
2409	 0.010570724123852956	 2.4347337792377726	
2410	 0.0105706781553855	 2.434716132887824	
2411	 0.010566563156505632	 2.4331366766638385	
2412	 0.010557376536739948	 2.4296120643565238	
2413	 0.010549476077039556	 2.426582545355598	
2414	 0.010545929081847408	 2.425222902487179	
2415	 0.010545675843473608	 2.4251258421929127	
2416	 0.010552205830778757	 2.4276291287823626	
2417	 0.010564074121522004	 2.4321815116650796	
2418	 0.010583433145991592	 2.4396144736734966	
2419	 0.010596417374596996	 2.444604893430858	
2420	 0.010606520675307048	 2.4484908651992034	
2421	 0.010617731520596611	 2.452805714400968	
2422	 0.010632108351423182	 2.458343539883103	
2423	 0.010650225611709242	 2.4653292573548433	
2424	 0.010670040575908151	 2.472978657193589	
2425	 0.010692502214036498	 2.4816612421476734	
2426	 0.01071735862588784	 2.4912837139403776	
2427	 0.010743569444531975	 2.5014466352593554	
2428	 0.010766219797105332	 2.5102423551021054	
2429	 0.010792506426862832	 2.520465612255419	
2430	 0.010822967304902868	 2.53233307545711	
2431	 0.010850964650956715	 2.54326041181273	
2432	 0.01087131733192325	 2.551215852547271	
2433	 0.010885352211692904	 2.5567075841351694	
2434	 0.010898775884546925	 2.5619645740510673	
2435	 0.010913362723788749	 2.5676819799386514	
2436	 0.010925696233189381	 2.572520155391492	
2437	 0.010934807867977884	 2.5760967969523714	
2438	 0.010942586782983224	 2.579151871140119	
2439	 0.010947896139938072	 2.5812378880330122	
2440	 0.010954179408657313	 2.5837074209350184	
2441	 0.010961779226985416	 2.5866956635803726	
2442	 0.010976927843291991	 2.5926562087035454	
2443	 0.010993774642690354	 2.599291383367832	
2444	 0.011009493853142649	 2.605488569231676	
2445	 0.011021415695021998	 2.6101926052686566	
2446	 0.011027118496467177	 2.6124439762672482	
2447	 0.011030132741387871	 2.613634263567432	
2448	 0.01103121511756122	 2.614061733186583	
2449	 0.011030451118628498	 2.613759999387441	
2450	 0.011030586890437274	 2.613813620098422	
2451	 0.011032298630786514	 2.614489679875833	
2452	 0.01103205175980844	 2.6143921727240813	
2453	 0.011032901099958645	 2.6147276445040983	
2454	 0.011034509410076745	 2.615362940882042	
2455	 0.011035750383531795	 2.615853178301846	
2456	 0.011038240704999328	 2.6168370723269865	
2457	 0.011041782055756004	 2.618236469387282	
2458	 0.01105118577890666	 2.6219538886178206	
2459	 0.01106739679049808	 2.6283672735215178	
2460	 0.011089402483417526	 2.637083169740272	
2461	 0.01112328879411778	 2.6505272379526676	
2462	 0.011141361477712707	 2.6577085790575885	
2463	 0.011153524471688374	 2.662546027240345	
2464	 0.011164944595907738	 2.6670912247502296	
2465	 0.01117816326243065	 2.6723561114707106	
2466	 0.011190951678224812	 2.6774535846119667	
2467	 0.011191734517836031	 2.677765751330413	
2468	 0.011189607023622893	 2.676917421381034	
2469	 0.011188622784051583	 2.676524996100657	
2470	 0.011189264500048613	 2.676780851501878	
2471	 0.011190546298394244	 2.6772919402457553	
2472	 0.011192003816042713	 2.67787314059724	
2473	 0.011194713042971562	 2.67895360714083	
2474	 0.011200879845790946	 2.681413639234853	
2475	 0.011211934724274678	 2.685825860029183	
2476	 0.011227440032369158	 2.6920192234223674	
2477	 0.011241932982110393	 2.6978133736518335	
2478	 0.011246451082629	 2.6996206881139804	
2479	 0.011243184946153522	 2.6983141313542944	
2480	 0.011237754580930192	 2.6961423754419074	
2481	 0.011228335759022044	 2.692377182358383	
2482	 0.011222544564273119	 2.690063185556094	
2483	 0.011217652552249288	 2.688109096754815	
2484	 0.011207276027387322	 2.683966128148784	
2485	 0.011189785888406795	 2.676988738870306	
2486	 0.011168721870864625	 2.6685952586280983	
2487	 0.0111501230142124	 2.661192850129858	
2488	 0.011138399019576644	 2.6565308874795	
2489	 0.011134366066706829	 2.6549279684932454	
2490	 0.011146751463633316	 2.6598518422165025	
2491	 0.011179486532454727	 2.672883387761008	
2492	 0.011211479358745977	 2.6856440573363094	
2493	 0.011242780042373975	 2.6981521748031563	
2494	 0.01127338127233747	 2.7104032467295354	
2495	 0.011303176190329865	 2.7223528361183766	
2496	 0.011312657274484335	 2.7261597413531584	
2497	 0.011316925212859217	 2.727874125608154	
2498	 0.011318897523125865	 2.7286665267522863	
2499	 0.011321211182939201	 2.729596186821269	
2500	 0.011327367327136016	 2.7320704264105187	
2501	 0.01133199379741389	 2.7339304589942155	
2502	 0.011331241679132657	 2.733628041840542	
2503	 0.01132942682103572	 2.7328983656856494	
2504	 0.01132877257690529	 2.732635341450066	
2505	 0.011328691051984087	 2.7326025668864515	
2506	 0.011337792302968846	 2.736262413251614	
2507	 0.011354702122914298	 2.7430674864620546	
2508	 0.011382724445727533	 2.754359480742503	
2509	 0.011410343399537705	 2.7655070811150706	
2510	 0.011437441085499496	 2.776461783442411	
2511	 0.011463984132406718	 2.787209051861786	
2512	 0.011490026555276691	 2.7977697530534176	
2513	 0.011515527592289965	 2.8081263869305597	
2514	 0.01154059651548086	 2.8183224425837023	
2515	 0.011553827749149896	 2.82370982035242	
2516	 0.01156239770480184	 2.827201455494093	
2517	 0.011569862263616726	 2.830244127845075	
2518	 0.01157837136398987	 2.8337141684083065	
2519	 0.01158655198105082	 2.837051855678401	
2520	 0.011593908994778725	 2.840054855313739	
2521	 0.011604680502721194	 2.8444538816132154	
2522	 0.011617304143400356	 2.8496127745027233	
2523	 0.01162956287394278	 2.8546261178747003	
2524	 0.011652109901688962	 2.86385617539068	
2525	 0.011674171086130882	 2.8728988759300105	
2526	 0.011680186467909163	 2.8753665103191355	
2527	 0.01167347021503384	 2.872611419190839	
2528	 0.011661131662572531	 2.8675527438597364	
2529	 0.011642490558761926	 2.859916855479024	
2530	 0.011626342798665317	 2.853308891155469	
2531	 0.011603312044513259	 2.843894859579995	
2532	 0.011564255062925494	 2.827958421724345	
2533	 0.01151153907825937	 2.806505538001524	
2534	 0.011452296989892856	 2.7824748864036524	
2535	 0.0113884030805231	 2.756650028218094	
2536	 0.011321963611761646	 2.7298985502803634	
2537	 0.011256960510584597	 2.703826504597178	
2538	 0.011203798206025543	 2.68257813265688	
2539	 0.011152308111607862	 2.662062099943551	
2540	 0.011097812371384045	 2.6404171605868787	
2541	 0.01104068397917887	 2.617802522399937	
2542	 0.010982946554759303	 2.5950259217516476	
2543	 0.010919726740660534	 2.5701779945292085	
2544	 0.010854842589702535	 2.544775451146145	
2545	 0.010788925394516384	 2.519071918302598	
2546	 0.010725015790574057	 2.4942509737321372	
2547	 0.010666480564374385	 2.471603646273433	
2548	 0.010623633781804547	 2.4550786076848583	
2549	 0.010580536458953942	 2.43850170387286	
2550	 0.010542439254168796	 2.423885470711748	
2551	 0.010509755955983	 2.411374343722418	
2552	 0.010482934005139308	 2.401126289852472	
2553	 0.01045936599682251	 2.3921359084584233	
2554	 0.010433315610636687	 2.3822142882022597	
2555	 0.010392724431763702	 2.3667875158095644	
2556	 0.010352827615189675	 2.351663730009521	
2557	 0.010319553827226036	 2.339080227342496	
2558	 0.010296204797518617	 2.3302662073067344	
2559	 0.010277191345328413	 2.323098659063447	
2560	 0.010256451750562416	 2.3152904771084057	
2561	 0.010239462307320788	 2.3089020148625274	
2562	 0.010228290831326413	 2.3047051047493197	
2563	 0.01022810665043491	 2.3046359371011507	
2564	 0.01023802792716939	 2.3083629747458154	
2565	 0.010254180799496172	 2.314436133027787	
2566	 0.010279682870665701	 2.324037392663073	
2567	 0.01030407094393259	 2.333234110389796	
2568	 0.010320937663758818	 2.339603029234216	
2569	 0.010337399735473037	 2.345825846657473	
2570	 0.010360987754590935	 2.3547538592615367	
2571	 0.01038935260209883	 2.3655078479483636	
2572	 0.010417704376843544	 2.376276458229335	
2573	 0.010445019210490436	 2.386669712144047	
2574	 0.010471710458239431	 2.396843211808565	
2575	 0.010494694398339291	 2.4056175178068466	
2576	 0.010515945590227812	 2.4137417401323473	
2577	 0.010536310977697179	 2.421537601380964	
2578	 0.010556946859213321	 2.429447260860107	
2579	 0.010582324116895477	 2.439188413293685	
2580	 0.01060680755040214	 2.448601240285748	
2581	 0.010634920277181341	 2.459427252333142	
2582	 0.010675373926532316	 2.475039171017542	
2583	 0.010715130440909765	 2.490420526091379	
2584	 0.010753826925122953	 2.5054283512451243	
2585	 0.010772254495644116	 2.512587868251224	
2586	 0.010785647323593378	 2.5177964035582465	
2587	 0.010799772583047094	 2.5232944587731825	
2588	 0.010813852463222615	 2.5287796237774836	
2589	 0.010831364323840341	 2.5356084476305956	
2590	 0.010855691685281846	 2.5451072253301392	
2591	 0.010879688147264371	 2.554490714418817	
2592	 0.010894477429548197	 2.56028073944504	
2593	 0.010901974021978242	 2.5632176683278636	
2594	 0.01090514843155791	 2.564461707927292	
2595	 0.010904166492011544	 2.5640768635882223	
2596	 0.010906736787593862	 2.565084269526737	
2597	 0.010912229161604533	 2.5672374902350326	
2598	 0.010929983177948238	 2.5742026864775127	
2599	 0.010949243556660096	 2.5817673879072323	
2600	 0.010965189682472535	 2.5880371011172256	
2601	 0.010978136037492406	 2.5931318346655376	
2602	 0.01097921070290199	 2.5935549240994886	
2603	 0.01097395122605118	 2.591484562184628	
2604	 0.0109541313947639	 2.583688546301748	
2605	 0.01093055407314537	 2.5744267834275885	
2606	 0.010906960788865104	 2.5651720724571594	
2607	 0.010881487677946397	 2.555194953026347	
2608	 0.010853176508501225	 2.5441244996494183	
2609	 0.010830812677094575	 2.535393218295952	
2610	 0.01081918774638808	 2.5308593596396176	
2611	 0.010796769840532128	 2.522125282716129	
2612	 0.010775164539149345	 2.5137192312966556	
2613	 0.010761587144442534	 2.508442371280675	
2614	 0.010752798476774933	 2.505029017202697	
2615	 0.010748905910243	 2.503517811313408	
2616	 0.01075204467769112	 2.5047363423148252	
2617	 0.010760470235574497	 2.5080084816563515	
2618	 0.010774774636297148	 2.5135676335379893	
2619	 0.01079641603964747	 2.5219875377512895	
2620	 0.010817716081392746	 2.53028562460275	
2621	 0.010828587399817569	 2.534525082991995	
2622	 0.010838399005222257	 2.538353724882928	
2623	 0.010845096696227196	 2.540968596116908	
2624	 0.010847223163121759	 2.541799023435906	
2625	 0.010843656382025963	 2.5404061866339953	
2626	 0.01084180513747	 2.539683391461895	
2627	 0.010838694694738875	 2.5384691434379945	
2628	 0.010831318658186505	 2.535590630537653	
2629	 0.010819467114312207	 2.530968278323063	
2630	 0.010809478166667155	 2.5270749983969245	
2631	 0.010804076663872597	 2.524970714130375	
2632	 0.010791687605931572	 2.520146909981139	
2633	 0.010776190430145367	 2.5141181244732227	
2634	 0.010768602567286076	 2.5111683644153375	
2635	 0.010763623987591618	 2.509233708396201	
2636	 0.010756250529415813	 2.506369508147144	
2637	 0.010743574618309139	 2.5014486429610514	
2638	 0.010729103022882974	 2.495835412446878	
2639	 0.010711717662149234	 2.4890986644567032	
2640	 0.010691200104991219	 2.481157577318862	
2641	 0.01066811354473338	 2.472234326991573	
2642	 0.010640293859322558	 2.461498755111174	
2643	 0.010615375742095147	 2.451898766182151	
2644	 0.01059827327215467	 2.4453185310308507	
2645	 0.010583428755769002	 2.4396127870045077	
2646	 0.010568520470113535	 2.4338878994137	
2647	 0.010551828013736041	 2.42748426354024	
2648	 0.01053545964485092	 2.421211510180979	
2649	 0.010521300215715899	 2.415790513987156	
2650	 0.010512160637089537	 2.4122939699861847	
2651	 0.010499708136573789	 2.407533256792616	
2652	 0.01048388708367692	 2.4014901401645785	
2653	 0.010466792895017379	 2.3949675578804652	
2654	 0.01045065365953072	 2.3888158685241194	
2655	 0.010435909729258069	 2.3832015516371516	
2656	 0.010423145047875625	 2.378345178385197	
2657	 0.010411334107339553	 2.3738551897101843	
2658	 0.010407549373015693	 2.372417121926403	
2659	 0.010412546094363645	 2.3743157764285607	
2660	 0.010416990351464693	 2.376005016001045	
2661	 0.010418848758925878	 2.3767115297313097	
2662	 0.010412793019285169	 2.374409618729602	
2663	 0.01039777716050459	 2.3687056322298368	
2664	 0.01038137806641553	 2.362482474980924	
2665	 0.010368241287269599	 2.3575020318658177	
2666	 0.010356129187053694	 2.352913793021427	
2667	 0.010343110452962535	 2.3479860958080634	
2668	 0.010328430698401602	 2.3424346467403883	
2669	 0.010312937769723583	 2.3365813819300967	
2670	 0.010297058359716808	 2.3305881838907894	
2671	 0.010281578593060168	 2.3247517468261227	
2672	 0.010267818459472137	 2.319568589779913	
2673	 0.010255451495640935	 2.3149141602519716	
2674	 0.010249794842247063	 2.312786469216253	
2675	 0.010243874304227966	 2.310560359035373	
2676	 0.010236506145546945	 2.307791144193072	
2677	 0.010226788613906988	 2.3041409833474775	
2678	 0.01021068207822388	 2.2980960354345887	
2679	 0.010188592276101277	 2.289815839344761	
2680	 0.010161919202788278	 2.279833578376491	
2681	 0.010135285200587544	 2.2698833536454694	
2682	 0.010113242619003178	 2.2616616135773167	
2683	 0.010107634334990807	 2.259571664724559	
2684	 0.010104718135520984	 2.2584852370892476	
2685	 0.010099769179764692	 2.2566419861553744	
2686	 0.010095248571393134	 2.2549588004037733	
2687	 0.01009375461588751	 2.2544026572655027	
2688	 0.010095509914782337	 2.2550560943034084	
2689	 0.010098441840319989	 2.256147717648275	
2690	 0.010099111017116792	 2.2563968971875106	
2691	 0.01009888559180095	 2.2563129549478136	
2692	 0.010098472677682133	 2.2561592002307926	
2693	 0.010096389805652289	 2.25538367572827	
2694	 0.010093844736591586	 2.254436204240361	
2695	 0.010091094837337892	 2.2534126581091316	
2696	 0.010088676543825273	 2.2525126933418402	
2697	 0.010087034513534564	 2.2519016958889324	
2698	 0.010088542153527095	 2.252462684385918	
2699	 0.010085246090487544	 2.251236301306248	
2700	 0.010082908768392454	 2.2503668037914157	
2701	 0.010077398330096519	 2.2483174202667375	
2702	 0.010065337377688154	 2.2438344460946262	
2703	 0.010049885030885055	 2.2380961450030927	
2704	 0.010033692956866106	 2.232089450694007	
2705	 0.0100185742802497	 2.226486780041886	
2706	 0.010017626788477167	 2.2261358466418106	
2707	 0.010028487663820699	 2.230159840389399	
2708	 0.010039567629449261	 2.234268002789382	
2709	 0.010048622557069172	 2.23762757920113	
2710	 0.010056458006403327	 2.2405363318060405	
2711	 0.010065412980278979	 2.2438625359168007	
2712	 0.010077809778061208	 2.248470415809494	
2713	 0.01009213511127701	 2.25379983892734	
2714	 0.01010568588677181	 2.258845748825452	
2715	 0.010117012310748873	 2.2630668381781565	
2716	 0.010125739326809116	 2.266321339651497	
2717	 0.010134799898186744	 2.2697022105338798	
2718	 0.010145566172929006	 2.273722169773296	
2719	 0.010156682849575252	 2.277875948948489	
2720	 0.010167051233537217	 2.281752859126626	
2721	 0.010177182988516418	 2.2855438369318914	
2722	 0.010193736534280413	 2.291743057864928	
2723	 0.01021334948824	 2.2990967028585096	
2724	 0.010235188409138871	 2.307296032241653	
2725	 0.010260649016083959	 2.3168698430676518	
2726	 0.010289472324568774	 2.327727240309361	
2727	 0.010316018594249176	 2.3377448580391396	
2728	 0.010341370383104783	 2.3473277782530304	
2729	 0.010371967257439394	 2.3589142023222966	
2730	 0.010417183353832335	 2.3760783861092754	
2731	 0.010461756668288857	 2.393047252218354	
2732	 0.010487468586956913	 2.4028576234472085	
2733	 0.010509970108699989	 2.4114562368188643	
2734	 0.010530050839596029	 2.419140152949326	
2735	 0.010546485047977392	 2.425435996638652	
2736	 0.010561591614372137	 2.4312290011483344	
2737	 0.010578628644177863	 2.4377689228247417	
2738	 0.010597296304289709	 2.4449428528181594	
2739	 0.010616390928379205	 2.4522895850291415	
2740	 0.010638664613415512	 2.4608706111064373	
2741	 0.010658360950652153	 2.4684686893539145	
2742	 0.01067390594863896	 2.4744719564994373	
2743	 0.01068742812005056	 2.479698778144643	
2744	 0.01069941550263002	 2.4843360350813137	
2745	 0.010709747957677271	 2.488335872343493	
2746	 0.010730473403671526	 2.4963667383972425	
2747	 0.010759231309109038	 2.507527226537468	
2748	 0.010796536223729431	 2.522034328569113	
2749	 0.010831985870864312	 2.5358509578664545	
2750	 0.010841487862718897	 2.539559523780949	
2751	 0.010844968354481345	 2.540918479603658	
2752	 0.010833710612726368	 2.5365239524104313	
2753	 0.010817430824602807	 2.530174422015387	
2754	 0.010810582936069917	 2.527505474041325	
2755	 0.010799506271131833	 2.5231907563029963	
2756	 0.01078818618397818	 2.5187842650050647	
2757	 0.010779142530870568	 2.515266119475643	
2758	 0.010773479387375145	 2.5130640552855734	
2759	 0.010771275359207659	 2.512207246628411	
2760	 0.010771874048053926	 2.5124399733751526	
2761	 0.01077620904622675	 2.514125363125086	
2762	 0.010784269589546484	 2.5172603970765146	
2763	 0.010793209926444402	 2.5207394419171223	
2764	 0.010803497990136211	 2.5247453195569096	
2765	 0.010816309725455591	 2.529737399207918	
2766	 0.010833489966705438	 2.5364378523139304	
2767	 0.010849014085319105	 2.54249849812271	
2768	 0.01086256051051001	 2.54779177461664	
2769	 0.010879507634755254	 2.5544200759084887	
2770	 0.010899994105572925	 2.5624418685395036	
2771	 0.010922841495740921	 2.571399978115356	
2772	 0.010956698167751541	 2.5846976419723027	
2773	 0.010989584877576557	 2.597640595051243	
2774	 0.011022067253577725	 2.610449790444088	
2775	 0.011054199417947948	 2.62314566733919	
2776	 0.011075320255615759	 2.6315042270933104	
2777	 0.011083202336768449	 2.6346262812782735	
2778	 0.011090509327933146	 2.637521867580812	
2779	 0.01109606555784	 2.639724520406375	
2780	 0.011102505764906616	 2.6422785279869285	
2781	 0.011108951028513975	 2.6448355298712594	
2782	 0.011110394357253554	 2.6454082710843507	
2783	 0.011102266554529698	 2.6421836461172266	
2784	 0.01108070851555926	 2.6336383306398243	
2785	 0.011049575555100189	 2.621317195627212	
2786	 0.011013719033983968	 2.6071553229079134	
2787	 0.010976914754348553	 2.592651056211964	
2788	 0.010940413923015598	 2.5782983610548516	
2789	 0.010903620901809116	 2.563863044420411	
2790	 0.010868634082001625	 2.550166457104877	
2791	 0.010841677417815042	 2.5396335279615165	
2792	 0.010818796765285098	 2.5307069288707194	
2793	 0.010802357443191106	 2.524301097813774	
2794	 0.010789639802117888	 2.5193499323746305	
2795	 0.010780326529568167	 2.5157266045959386	
2796	 0.010782984775205472	 2.5167605820773513	
2797	 0.01079828573925679	 2.5227155002050643	
2798	 0.010833877441349905	 2.5365890527542843	
2799	 0.010869004824090452	 2.5503114407925205	
2800	 0.010903442504656424	 2.563793131349536	
2801	 0.010937339801562355	 2.5770910240553078	
2802	 0.010970598549608355	 2.5901651461375637	
2803	 0.01100348254174762	 2.603117955810235	
2804	 0.011035595215577693	 2.6157918783344023	
2805	 0.011050320102064599	 2.621611586663216	
2806	 0.011068906992685406	 2.6289650573582306	
2807	 0.011087156442663578	 2.636193041170731	
2808	 0.011106718548209842	 2.6439497355128885	
2809	 0.01112534048018339	 2.651342102489455	
2810	 0.011137093354170692	 2.6560119013214933	
2811	 0.011144753414097638	 2.659057261211159	
2812	 0.011173632095012995	 2.6705509167600137	
2813	 0.011201927480469076	 2.6818316465006045	
2814	 0.0112296806069572	 2.692914659227812	
2815	 0.01124307219278658	 2.698269030998274	
2816	 0.01125191373260507	 2.7018064843726597	
2817	 0.011257732919554599	 2.7041357218159363	
2818	 0.011264231106343097	 2.7067376903021865	
2819	 0.011267992028819854	 2.708244075637266	
2820	 0.01126705490993851	 2.707868694307258	
2821	 0.011266408070362771	 2.707609602182427	
2822	 0.011365901962616732	 2.7475783953455255	
2823	 0.011532743823378896	 2.815126998531034	
2824	 0.011643736685883917	 2.8604270480203264	
2825	 0.011660725380637515	 2.867386233241244	
2826	 0.011658178161176584	 2.866342368768137	
2827	 0.011655365482176864	 2.865189894156547	
2828	 0.011648592267619239	 2.862415379923298	
2829	 0.011640804809237923	 2.859226729547261	
2830	 0.011635471155054408	 2.857043633445908	
2831	 0.011632620922272803	 2.85587728983285	
2832	 0.011632565375708483	 2.8558545615184925	
2833	 0.011637026290397458	 2.8576800906229094	
2834	 0.011646506716086158	 2.861561291238985	
2835	 0.011659670179118314	 2.8669537874394138	
2836	 0.011663626656264935	 2.868575377062608	
2837	 0.011650181181639916	 2.8630661507942787	
2838	 0.011619681817108663	 2.8505848749020672	
2839	 0.011588698198698663	 2.8379277715276148	
2840	 0.011560153111704233	 2.8262867798382603	
2841	 0.011530783867037693	 2.8143296725971325	
2842	 0.01149988901630693	 2.801773339563877	
2843	 0.011453857752528402	 2.7831069255659777	
2844	 0.011411611245586527	 2.7660192431895907	
2845	 0.011369911882545125	 2.749194173401612	
2846	 0.011327870384460623	 2.7322726517445917	
2847	 0.011286897251140609	 2.715821377340844	
2848	 0.011244895983804794	 2.6989985683857776	
2849	 0.011207451758692968	 2.6840362699828426	
2850	 0.011178466106826348	 2.672476780576683	
2851	 0.011164914171209142	 2.6670791116325097	
2852	 0.01115456252064937	 2.662959041513167	
2853	 0.011146376410659804	 2.6597026845363168	
2854	 0.011136344218189381	 2.655714147169999	
2855	 0.011123363967919353	 2.6505570928306024	
2856	 0.011108469258198616	 2.6446443649832703	
2857	 0.011093741454408125	 2.6388030880235194	
2858	 0.011081551269780509	 2.6339721790403727	
2859	 0.011073249315263909	 2.630684183295691	
2860	 0.011067051682669766	 2.628230677007343	
2861	 0.011062912435363465	 2.626592550203238	
2862	 0.011059233074168319	 2.625136768504187	
2863	 0.011058333652622038	 2.6247809510999405	
2864	 0.011058785192337335	 2.6249595809327295	
2865	 0.011056714857983516	 2.6241405933195003	
2866	 0.011062698226410025	 2.6265077871095612	
2867	 0.011068688091278011	 2.6288784061712946	
2868	 0.011082221002712583	 2.634237498910798	
2869	 0.011111473546670704	 2.645836547068171	
2870	 0.011140101428053965	 2.657207635113173	
2871	 0.011167925279427079	 2.6682780439372005	
2872	 0.01119467563316872	 2.6789386865537264	
2873	 0.011202927919268892	 2.6822308468927325	
2874	 0.011213799471913657	 2.6865704037098026	
2875	 0.011240185142474822	 2.697114338949298	
2876	 0.011248373264358385	 2.700389739191155	
2877	 0.011242855376739939	 2.6981823073321505	
2878	 0.011226045957161014	 2.691462147496677	
2879	 0.011203467470793982	 2.682446151467215	
2880	 0.011181441728744088	 2.6736625404710614	
2881	 0.011164330999452165	 2.6668469351751876	
2882	 0.011152187315660493	 2.6620140433515753	
2883	 0.011142069809878979	 2.657990199392456	
2884	 0.011135601846934363	 2.6554190949223293	
2885	 0.011131832656443193	 2.653921248759362	
2886	 0.011127465275150319	 2.6521861091669425	
2887	 0.011123040623708984	 2.6504286793416263	
2888	 0.011119196251218265	 2.6489021091757072	
2889	 0.011116741628127822	 2.6479275816307144	
2890	 0.011120530639532934	 2.649431944446618	
2891	 0.011121841312025678	 2.6499524043219744	
2892	 0.011123529530322444	 2.650622845538192	
2893	 0.011126344503364615	 2.6517409051171446	
2894	 0.011129783271952153	 2.6531069816272996	
2895	 0.01113271536702588	 2.6542720005724254	
2896	 0.011163656920073522	 2.66657857600749	
2897	 0.011210465604643926	 2.6852393381295916	
2898	 0.011253732658505858	 2.702534456922743	
2899	 0.011282575639430557	 2.7140885085116992	
2900	 0.011309300888155014	 2.7248118204480694	
2901	 0.011321500977848254	 2.7297126392949065	
2902	 0.011331375099950162	 2.733681687670645	
2903	 0.011337847186589577	 2.7362844893058726	
2904	 0.011336829298970633	 2.7358750719643723	
2905	 0.011329650689419355	 2.7329883692929493	
2906	 0.011316491450521651	 2.72769986833162	
2907	 0.011300931533826894	 2.721451858909035	
2908	 0.011286149558380962	 2.7155215377574966	
2909	 0.011270335143309428	 2.7091827471357024	
2910	 0.011251304501664288	 2.7015626748250248	
2911	 0.0112292903593449	 2.6927586899147102	
2912	 0.011201719891669298	 2.6817488162950105	
2913	 0.011173580843865735	 2.6705305013469123	
2914	 0.011140478558691713	 2.657357562790346	
2915	 0.011093337690427675	 2.6386430216899006	
2916	 0.01104632146804805	 2.6200306971974574	
2917	 0.010997313287002658	 2.6006859535988927	
2918	 0.010946500395978507	 2.580689442615155	
2919	 0.010895898933627156	 2.560837536505235	
2920	 0.010835471859845347	 2.5372112650267478	
2921	 0.010777417231032597	 2.51459516989537	
2922	 0.010715053139726783	 2.4903905821426626	
2923	 0.010663906690533517	 2.4706097095162396	
2924	 0.010614262293554574	 2.451470147714657	
2925	 0.010565604491071006	 2.4327687718789166	
2926	 0.010522413282320148	 2.416216480124123	
2927	 0.010479549631996142	 2.39983443892948	
2928	 0.010434480585261781	 2.3826576312059613	
2929	 0.010388137008580937	 2.3650465770095486	
2930	 0.010340103436980639	 2.346848503219703	
2931	 0.010286137277287846	 2.326469929049957	
2932	 0.010235803902094187	 2.3075272855843867	
2933	 0.01019287822217968	 2.2914214591421493	
2934	 0.01015540295426282	 2.27739755780321	
2935	 0.010206580481039578	 2.2965576788411646	
2936	 0.010256801759381222	 2.3154221635374195	
2937	 0.010306067002750434	 2.333987465264084	
2938	 0.010354393851958162	 2.3522567158224663	
2939	 0.010401788490318292	 2.3702288554464293	
2940	 0.010448251953600395	 2.3879009666250246	
2941	 0.010493793063369432	 2.4052731842740687	
2942	 0.010538426778341934	 2.4223481054513716	
2943	 0.01058216893023146	 2.4391287969532294	
2944	 0.010625045753201466	 2.455622466533911	
2945	 0.010667072321168557	 2.4718321839009456	
2946	 0.01070827179648625	 2.4877642722002777	
2947	 0.0107486877136409	 2.5034331119359345	
2948	 0.010788337961014414	 2.5188433258142595	
2949	 0.010827225817937481	 2.533993955114567	
2950	 0.010865354651342958	 2.54888413514503	
2951	 0.010902736123341769	 2.5635163110620307	
2952	 0.010939386076508009	 2.5778946572596073	
2953	 0.010975319470617266	 2.5920230999090017	
2954	 0.011010548582832968	 2.6059046001507946	
2955	 0.011045083659004707	 2.6195413975752144	
2956	 0.011078941071433574	 2.6329382308379734	
2957	 0.011112125379799706	 2.646095240275713	
2958	 0.01114464606616724	 2.65901457395335	
2959	 0.011176512991231024	 2.671698595086301	
2960	 0.011207736170813543	 2.6841497925035496	
2961	 0.011238315009067662	 2.6963664740606332	
2962	 0.011268268463216703	 2.708354810826788	
2963	 0.011297557987213226	 2.720097983628648	
2964	 0.01132618168790544	 2.7315938318695276	
2965	 0.01135414494724347	 2.742843152752673	
2966	 0.01138145354897816	 2.753846953147583	
2967	 0.011408137908877156	 2.764616236314321	
2968	 0.011434316242753085	 2.775197628834311	
2969	 0.011459967605162564	 2.7855816953374006	
2970	 0.011485134639168332	 2.79578476888565	
2971	 0.011453744304995054	 2.7830609824464716	
2972	 0.011421832222304182	 2.7701495185449296	
2973	 0.011389319155063415	 2.7570196095369055	
2974	 0.01135845072978741	 2.744576965830861	
2975	 0.011332603842152737	 2.734175760019922	
2976	 0.011310609523339073	 2.7253373351236703	
2977	 0.011291451941042845	 2.7176481840852236	
2978	 0.01127652991299528	 2.711665050996678	
2979	 0.011267024048657285	 2.7078563325703677	
2980	 0.01126536537460373	 2.7071919704143803	
2981	 0.0112718578621374	 2.709792830939938	
2982	 0.011273106138969303	 2.710292999370478	
2983	 0.011259644457910485	 2.704901025651703	
2984	 0.011235416079282568	 2.695207358279669	
2985	 0.011211934997831078	 2.685825969246857	
2986	 0.011183574823950515	 2.674512690142624	
2987	 0.01114541145159095	 2.6593189379762165	
2988	 0.011086155712519521	 2.6357964804471794	
2989	 0.01101805049814948	 2.6088644458908785	
2990	 0.010954997146685921	 2.5840288885544522	
2991	 0.010901307871252278	 2.562956636926743	
2992	 0.010839289467546557	 2.538701311621675	
2993	 0.010778795736725614	 2.515131249408107	
2994	 0.010729261211894004	 2.4958967434011234	
2995	 0.010692641734192758	 2.4817152119393593	
2996	 0.010658969932163273	 2.46870375996023	
2997	 0.010624362355939599	 2.4553592316376482	
2998	 0.010587425982042887	 2.4411486648061063	
2999	 0.010546901986522566	 2.425595808348011	
3000	 0.01050247506919625	 2.408590757210592	
3001	 0.010455396223076235	 2.3906229045678584	
3002	 0.010405880417383308	 2.3717830874183865	
3003	 0.010352698873566194	 2.3516149903861114	
3004	 0.010298638768004001	 2.331184384796992	
3005	 0.01024567066218417	 2.311235695334123	
3006	 0.010197667033919331	 2.2932159971399764	
3007	 0.010155304107882719	 2.2773606133026183	
3008	 0.01011703257130316	 2.2630743916299942	
3009	 0.010084874224161194	 2.251097955866413	
3010	 0.01006837325307825	 2.24496252330444	
3011	 0.01004961301828493	 2.2379951845016723	
3012	 0.010037242683606543	 2.233405722774914	
3013	 0.010022948041124477	 2.2281070268510947	
3014	 0.009998455997044553	 2.219040094737164	
3015	 0.009949231977439724	 2.2008621676499094	
3016	 0.009908353413106396	 2.185811623744349	
3017	 0.009871127157429264	 2.1721417378443078	
3018	 0.009847408450120332	 2.1634498702669274	
3019	 0.009852303042974013	 2.165242382592043	
3020	 0.009871432563003516	 2.172253746504471	
3021	 0.009904631862837514	 2.1844434870134823	
3022	 0.009955909327607121	 2.2033245377500714	
3023	 0.009977915480647066	 2.2114474208501766	
3024	 0.009993155185991462	 2.2170796864794102	
3025	 0.01000569840911884	 2.2217196889458775	
3026	 0.010018782770448835	 2.226564003919458	
3027	 0.01003413802927639	 2.2322544707128817	
3028	 0.010050243362867037	 2.2382291466836497	
3029	 0.0100702454313445	 2.24565830444716	
3030	 0.010092255179999598	 2.253844529163486	
3031	 0.010115006966628272	 2.2623192643911976	
3032	 0.010135221186527403	 2.2698594595400867	
3033	 0.010153760743484855	 2.2767838015537754	
3034	 0.010169522074535867	 2.2826771364945606	
3035	 0.010187850762866053	 2.2895380961077336	
3036	 0.010191483903863515	 2.2908990641334235	
3037	 0.01018379967952832	 2.288020949129917	
3038	 0.010163728949842127	 2.2805103152120743	
3039	 0.010130896750233691	 2.2682455387511284	
3040	 0.01008183723531217	 2.249968232124608	
3041	 0.010036166165992632	 2.233006507120654	
3042	 0.010010650977164352	 2.223552816567441	
3043	 0.010005790214284492	 2.2217536639135322	
3044	 0.010008978747689535	 2.2229337952998818	
3045	 0.010013643610948138	 2.224660793521159	
3046	 0.010013782309236864	 2.224712149797596	
3047	 0.010009008122959533	 2.2229446687609267	
3048	 0.01000264969909384	 2.2205915499520423	
3049	 0.009996512198161212	 2.2183211357077215	
3050	 0.009991743065420146	 2.2165575563640365	
3051	 0.009988776191564396	 2.215460718088235	
3052	 0.009984868264497104	 2.214016308613873	
3053	 0.00998214339405012	 2.2130093918409837	
3054	 0.009985410915964218	 2.214216855570052	
3055	 0.009999312477741742	 2.21935691353328	
3056	 0.010034055722819752	 2.23222395348378	
3057	 0.01006059273675563	 2.242071876287531	
3058	 0.010072839001535642	 2.246622328027477	
3059	 0.010092987298814787	 2.2541170354660895	
3060	 0.010110174269938882	 2.260518085612062	
3061	 0.010118133308630026	 2.2634847788952537	
3062	 0.010116892482999134	 2.263022164723226	
3063	 0.010117438744758836	 2.2632258215808827	
3064	 0.010107289280714544	 2.259443104145597	
3065	 0.010097958715822877	 2.255967824739014	
3066	 0.010103174534724762	 2.257910254517953	
3067	 0.010133812603809212	 2.269333712637636	
3068	 0.010169053064795756	 2.2825016806333673	
3069	 0.010215182429542708	 2.2997844239306233	
3070	 0.010260447615603302	 2.31679404934897	
3071	 0.01030485420205941	 2.333529716999127	
3072	 0.010348405669621204	 2.3499898799948014	
3073	 0.01037233061762673	 2.3590519366425187	
3074	 0.010382539233616862	 2.3629229013261805	
3075	 0.010388901004595358	 2.3653364798818894	
3076	 0.010392770843624473	 2.366805131847415	
3077	 0.010394289348966317	 2.367381523092375	
3078	 0.010396080439663849	 2.368061453905994	
3079	 0.010402693406611464	 2.3705725336689194	
3080	 0.010409635681655146	 2.373209803739506	
3081	 0.010416919821696962	 2.3759782042415947	
3082	 0.010426707276602146	 2.3797000437031257	
3083	 0.010440850060464997	 2.3850821835292546	
3084	 0.010449214182844252	 2.388267499815876	
3085	 0.010446434596461806	 2.387208758768951	
3086	 0.010430780364652581	 2.381249588479793	
3087	 0.01041019216942333	 2.3734212561862402	
3088	 0.010390704978366817	 2.366021064957209	
3089	 0.010364576317098714	 2.3561133108826597	
3090	 0.010332963580409568	 2.344148287695573	
3091	 0.010298041497415868	 2.3309590603660495	
3092	 0.010244458020979659	 2.310779797235643	
3093	 0.010185093978589604	 2.2885056255958114	
3094	 0.01012692500198373	 2.266763649054789	
3095	 0.01007563505743895	 2.2476618004202997	
3096	 0.010026982199454037	 2.2296018868412726	
3097	 0.009978535554614995	 2.2116764749355187	
3098	 0.009932542009466373	 2.194712316804722	
3099	 0.009893066685839797	 2.180194020425863	
3100	 0.009862527365254158	 2.1689886797735465	
3101	 0.009842559296679152	 2.161674584526715	
3102	 0.009836050599810665	 2.1592926527193157	
3103	 0.00983379235859063	 2.158466469072648	
3104	 0.009827315172549003	 2.156097474725911	
3105	 0.009815779678785686	 2.151881010096789	
3106	 0.009787565407933373	 2.141582021189225	
3107	 0.009768012765326368	 2.1344563645897185	
3108	 0.009764209132961848	 2.1330712938044876	
3109	 0.009766483624088414	 2.133899493400848	
3110	 0.009763704340450444	 2.1328875035549606	
3111	 0.009749659147535247	 2.127776320218413	
3112	 0.009733576707885553	 2.121929788450229	
3113	 0.009722070590650903	 2.1177508602002852	
3114	 0.009722590536639344	 2.1179396292633306	
3115	 0.009743434549738434	 2.1255126969871028	
3116	 0.009758954346293534	 2.1311583852117657	
3117	 0.009768492676454951	 2.134631147008465	
3118	 0.009789071976063275	 2.1421314606443715	
3119	 0.009811068364844164	 2.150159875823158	
3120	 0.00982969808706541	 2.156968891306226	
3121	 0.009847746713438391	 2.163573730961623	
3122	 0.00986716685948592	 2.170689492683579	
3123	 0.009884642081256929	 2.177100598373482	
3124	 0.00991432010066716	 2.188005845163361	
3125	 0.009949409788313027	 2.20092772372436	
3126	 0.009974064045160014	 2.2100249208016973	
3127	 0.009987154752823288	 2.214861372149978	
3128	 0.009982651093303305	 2.2131969871998747	
3129	 0.00997082533458618	 2.2088290097044694	
3130	 0.009950908235136214	 2.2014802085431575	
3131	 0.009920995979824132	 2.190461912207295	
3132	 0.009880784847089692	 2.1756848508631617	
3133	 0.009838664685951081	 2.160249181116182	
3134	 0.009798051226598856	 2.1454073271208256	
3135	 0.00975767817609817	 2.130693922496684	
3136	 0.009720833146414781	 2.1173016267809035	
3137	 0.00968434481316615	 2.1040722904449973	
3138	 0.009646778520346911	 2.090486799346568	
3139	 0.009622270342973575	 2.0816426342051266	
3140	 0.009597244255083669	 2.072627056711902	
3141	 0.009568459633207831	 2.0622768423543962	
3142	 0.0095406556672933	 2.0522989357057937	
3143	 0.009518036906287027	 2.044196109423751	
3144	 0.009506357265314678	 2.0400170772655013	
3145	 0.009501409836629194	 2.038247894857784	
3146	 0.009510311358113447	 2.0414314878093784	
3147	 0.00951915935976256	 2.044597908878442	
3148	 0.009529594070230563	 2.0483346852460933	
3149	 0.0095382248004325	 2.0514274998338218	
3150	 0.009548175538489695	 2.054995654283354	
3151	 0.00956347853855165	 2.0604878721449293	
3152	 0.00957533902537267	 2.0647486109674236	
3153	 0.009585406207175622	 2.068367888114302	
3154	 0.009586295520846727	 2.0686877293196897	
3155	 0.009591428718258624	 2.070534267737176	
3156	 0.009603140220880477	 2.0747496522157	
3157	 0.00961774363313918	 2.080010740324725	
3158	 0.009633195404377968	 2.0855832633862623	
3159	 0.009653707925419005	 2.092990104461299	
3160	 0.009673268242098554	 2.1000628951928384	
3161	 0.009697781922654546	 2.1089402370206827	
3162	 0.009723424176328951	 2.1182423004821995	
3163	 0.009751517864496226	 2.1284524438994095	
3164	 0.009778248814878737	 2.13818554890279	
3165	 0.009807172617501452	 2.1487370999404436	
3166	 0.00983889446163083	 2.1603332671522457	
3167	 0.009874432995093895	 2.1733542892641653	
3168	 0.009909012770590005	 2.1860540560908674	
3169	 0.009937033136887492	 2.1963665120415947	
3170	 0.00996319323742878	 2.206011841383115	
3171	 0.009993881274975334	 2.217348176276509	
3172	 0.010026407611705746	 2.229388948486328	
3173	 0.010058055243620788	 2.24112945937204	
3174	 0.010084388358859121	 2.2509172045089056	
3175	 0.010105942342572087	 2.2589412889337654	
3176	 0.010126826594357933	 2.2667269373339134	
3177	 0.010152575998104223	 2.2763410585073425	
3178	 0.01017274192744079	 2.283881824422125	
3179	 0.010195227397077145	 2.2923017082702595	
3180	 0.010210792715130002	 2.298137536931371	
3181	 0.010223953397175318	 2.303076436825542	
3182	 0.010235174601290755	 2.307290844455887	
3183	 0.010241886892618046	 2.3098132885791354	
3184	 0.010243159026342097	 2.3102914740717004	
3185	 0.010240468383508793	 2.3092801283719333	
3186	 0.010236903353446217	 2.3079403951054167	
3187	 0.010246993866393661	 2.31173320115143	
3188	 0.010258614673293526	 2.3161042976084247	
3189	 0.010269216989812906	 2.320095175887034	
3190	 0.010280570057116542	 2.3243716950968807	
3191	 0.01029205723624501	 2.3287019377116898	
3192	 0.010302165292182142	 2.3325149678325685	
3193	 0.010312433923822077	 2.336391126122817	
3194	 0.01032289490193549	 2.340342537272882	
3195	 0.010334515805954748	 2.3447352166088153	
3196	 0.010348581003616268	 2.350056240529652	
3197	 0.010360042631196019	 2.3543958713066124	
3198	 0.010370894394291025	 2.3585075445184014	
3199	 0.010379879544577725	 2.3619141398308616	
3200	 0.010394014750023182	 2.367277287212182	
3201	 0.010412307915839915	 2.374225259548012	
3202	 0.0104249431674367	 2.379029040259073	
3203	 0.010433325529973713	 2.382218062968077	
3204	 0.010437276300247452	 2.3837217037439156	
3205	 0.010440267560922745	 2.384860413041984	
3206	 0.010444857831870217	 2.386608254545023	
3207	 0.010448370158597018	 2.3879459921615753	
3208	 0.010440248388162753	 2.3848531136874964	
3209	 0.010490409476737777	 2.4039807416210714	
3210	 0.010528607274293873	 2.418587444759649	
3211	 0.010532122159096338	 2.4199333021299374	
3212	 0.010528336266293275	 2.418483687617048	
3213	 0.010521863369288837	 2.4160060268522194	
3214	 0.010513631727494721	 2.412856630725957	
3215	 0.010504057186231293	 2.409195513674919	
3216	 0.010497138876681307	 2.40655147171044	
3217	 0.010496829302247275	 2.4064331855922245	
3218	 0.010503315782684921	 2.4089121082502025	
3219	 0.010513639669064668	 2.4128596683497183	
3220	 0.010535362149128901	 2.421174166922412	
3221	 0.01055508988689454	 2.4287350676082435	
3222	 0.010567949475687012	 2.4336687404814468	
3223	 0.010576117504010126	 2.43680454214152	
3224	 0.010581806754383137	 2.438989666139733	
3225	 0.010586683753950285	 2.4408634449016415	
3226	 0.010587907551374757	 2.4413337271239297	
3227	 0.01058085404052107	 2.43862369373979	
3228	 0.010570363582024098	 2.4345953760121786	
3229	 0.010561807389253655	 2.431311785659949	
3230	 0.010553250302463827	 2.4280296253839455	
3231	 0.010543807030611831	 2.424409618356427	
3232	 0.010539596959484561	 2.4227964157240476	
3233	 0.01053966581162992	 2.4228227948311556	
3234	 0.010546180385124742	 2.42531922264067	
3235	 0.010562979109243286	 2.4317613491772847	
3236	 0.010578743494961145	 2.4378130338799786	
3237	 0.01058823470529638	 2.441459452332165	
3238	 0.01059587793200157	 2.444397480304974	
3239	 0.010604857321584922	 2.4478509296953392	
3240	 0.010614960740811693	 2.4517390092566793	
3241	 0.010624815849500707	 2.4555339096414066	
3242	 0.01063248560772391	 2.4584889228633293	
3243	 0.010635979686685323	 2.4598355968959216	
3244	 0.010641345309385099	 2.46190416814218	
3245	 0.010649631123292596	 2.465099906592679	
3246	 0.010647102028828173	 2.464124289547322	
3247	 0.010639018211543155	 2.461006932864942	
3248	 0.010641031867006377	 2.461783309751364	
3249	 0.010645963968673235	 2.463685324755973	
3250	 0.010638464657636371	 2.4607935240164913	
3251	 0.010629506994792724	 2.457341150628944	
3252	 0.010608411827460066	 2.4492185219733162	
3253	 0.010587896752205955	 2.4413295770489616	
3254	 0.010583393558420896	 2.439599264637403	
3255	 0.010601178698595993	 2.446435905239785	
3256	 0.010588251939426405	 2.441466075477831	
3257	 0.01057369179611634	 2.43587311588931	
3258	 0.010556469425300103	 2.429264145570756	
3259	 0.010546263374813899	 2.42535103147398	
3260	 0.010538041481598674	 2.422200500962072	
3261	 0.010531452673108723	 2.4196769313365425	
3262	 0.010523628041653703	 2.416681397944339	
3263	 0.010515158502294961	 2.4134406450665833	
3264	 0.010508195065216394	 2.410777484698437	
3265	 0.010504810422151283	 2.409483455743919	
3266	 0.010500454988168107	 2.407818679438044	
3267	 0.010497576321556363	 2.4067186201502198	
3268	 0.010493524545945212	 2.4051706074067574	
3269	 0.010485613806584077	 2.402149395594182	
3270	 0.010478017946804408	 2.399249869949095	
3271	 0.010520368417679782	 2.415433941707246	
3272	 0.01056191624923272	 2.4313535514691607	
3273	 0.010602672554942202	 2.4470104947212366	
3274	 0.010642639638858	 2.462403266113989	
3275	 0.01068182246095008	 2.477531447296367	
3276	 0.010720059674309834	 2.4923302471804027	
3277	 0.010757521992868198	 2.5068633113832286	
3278	 0.010794228809031848	 2.5211360521252715	
3279	 0.010830201686885711	 2.5351548441701124	
3280	 0.010865467963894924	 2.5489284382808997	
3281	 0.010900024186649818	 2.5624536546440106	
3282	 0.010933909606140135	 2.57574410883515	
3283	 0.010967169982099357	 2.5888161418172357	
3284	 0.010999817029853897	 2.601672852676422	
3285	 0.011031832731851312	 2.614305664006938	
3286	 0.011063222623409483	 2.626715294436919	
3287	 0.011093996239193965	 2.638904095729743	
3288	 0.011124167151548391	 2.6508760813593963	
3289	 0.011153748244601433	 2.6626350588384913	
3290	 0.011182752633671321	 2.6741849916380214	
3291	 0.011211191704668702	 2.6855292152428554	
3292	 0.011239081415341972	 2.696672949298451	
3293	 0.01126641983520888	 2.707614314512684	
3294	 0.011293213947142876	 2.7183550258297156	
3295	 0.011319470638074893	 2.7288968003527336	
3296	 0.011345198084605221	 2.7392419136128567	
3297	 0.01137033502648293	 2.7493646993903655	
3298	 0.011394652280299677	 2.7591716002962494	
3299	 0.01141878215399646	 2.7689167342616945	
3300	 0.011442389108741305	 2.7784639764053196	
3301	 0.011465478746761133	 2.7878147144373595	
3302	 0.011488064191227084	 2.7969734203682246	
3303	 0.011510163069039618	 2.805946443398378	
3304	 0.011531803140810802	 2.814744310055109	
3305	 0.011552988623810687	 2.8233680304351867	
3306	 0.011573738511429845	 2.8318246641973164	
3307	 0.011594081346336297	 2.8401252213285786	
3308	 0.011614030980705275	 2.8482747747244153	
3309	 0.01163357772801282	 2.8562688030208676	
3310	 0.011652724568002084	 2.8641079676818637	
3311	 0.011671481107491404	 2.8717956651225607	
3312	 0.01168985828476459	 2.879335866703054	
3313	 0.011707865127304788	 2.886731788239819	
3314	 0.011725507823678274	 2.8939855032691133	
3315	 0.011742791059124394	 2.901098486428058	
3316	 0.011759725844953882	 2.9080748368198974	
3317	 0.011776311472302452	 2.914913845061481	
3318	 0.011792553168783986	 2.9216172608811006	
3319	 0.011808456898866615	 2.928187155218177	
3320	 0.011824028565732884	 2.934625590963151	
3321	 0.011839211569452243	 2.940908770964231	
3322	 0.01185386589499875	 2.9469782648894687	
3323	 0.011868419607236103	 2.9530110399485947	
3324	 0.011882631645223888	 2.9589069463572244	
3325	 0.011896506549857687	 2.9646675289934548	
3326	 0.011910051343068039	 2.9702953781369033	
3327	 0.011923280440443431	 2.9757961763838345	
3328	 0.011936215468151573	 2.9811786329880334	
3329	 0.011948863086469544	 2.9864452555849494	
3330	 0.011961242276966783	 2.9916037017708392	
3331	 0.011973381597990008	 2.9966656511701317	
3332	 0.011985284756164368	 3.0016324468686775	
3333	 0.011996933917961394	 3.0064964433087202	
3334	 0.012008322855578566	 3.0112548305624394	
3335	 0.01201947588976434	 3.015917572246344	
3336	 0.012030402758737912	 3.0204885593302055	
3337	 0.012041109520565765	 3.02497015554657	
3338	 0.012051591483944432	 3.0293602307994996	
3339	 0.0120618587483691	 3.033662854019946	
3340	 0.012071919370091692	 3.03788125018335	
3341	 0.01208177404372035	 3.0420155656466275	
3342	 0.012091421226449062	 3.0460650110199348	
3343	 0.01210086933253079	 3.05003298139261	
3344	 0.012110114043110439	 3.0539175304092723	
3345	 0.012119058612695601	 3.057677844918889	
3346	 0.01212737589594887	 3.061176107583822	
3347	 0.01213612038880429	 3.064855780491461	
3348	 0.012144678464199758	 3.0684587209864986	
3349	 0.012153048947934376	 3.0719843233428676	
3350	 0.012161236038002862	 3.0754342476827663	
3351	 0.012169255181609004	 3.078814903126306	
3352	 0.012177099919239128	 3.082123471077393	
3353	 0.012184751777282007	 3.0853520601214854	
3354	 0.012192226012503974	 3.088507009074938	
3355	 0.012199550309388804	 3.0915999186757603	
3356	 0.012206602497308953	 3.0945790919384453	
3357	 0.012213527989548039	 3.097505859962704	
3358	 0.01222031879266034	 3.1003767818156343	
3359	 0.0122269613747276	 3.103186070024644	
3360	 0.012233459115621514	 3.1059350864600295	
3361	 0.012239829501166286	 3.108631167485448	
3362	 0.012246064585676649	 3.111270892311049	
3363	 0.01225217023412235	 3.1138566867167627	
3364	 0.012258121876001433	 3.1163780849877143	
3365	 0.012263968183644284	 3.118855653399379	
3366	 0.012269709989639442	 3.1212897022605497	
3367	 0.012275329685718962	 3.123672722090413	
3368	 0.012280834943973692	 3.1260079201584094	
3369	 0.012286161422567722	 3.128267948552521	
3370	 0.012291083904982599	 3.1303571419511544	
3371	 0.012296246059999757	 3.132548656157132	
3372	 0.01230128389559753	 3.1346879839078685	
3373	 0.012306176908830202	 3.136766371750973	
3374	 0.012310928884925798	 3.1387853791502924	
3375	 0.01231554820453348	 3.1407485218662865	
3376	 0.012320056581898902	 3.142664989172728	
3377	 0.01232445809744384	 3.144536481662707	
3378	 0.012328773898646611	 3.1463719617421417	
3379	 0.012333008968903996	 3.1481735239708755	
3380	 0.01233718009397254	 3.149948287651663	
3381	 0.01234128337896492	 3.151694576556345	
3382	 0.012345304724732994	 3.1534063691094465	
3383	 0.012349240303013247	 3.1550820124181205	
3384	 0.012353108158136863	 3.1567291682812066	
3385	 0.012356908693861536	 3.158347990596173	
3386	 0.0123606227530501	 3.159930299309252	
3387	 0.012364251833957729	 3.1614767107390263	
3388	 0.012367797663282405	 3.162987939583292	
3389	 0.012371261646523468	 3.1644645646578473	
3390	 0.012374645760315588	 3.1659074092271506	
3391	 0.012377952155561579	 3.167317371941502	
3392	 0.012381182173358346	 3.168695007111523	
3393	 0.012384336677106636	 3.17004066606103	
3394	 0.012387258709726465	 3.1712873605717333	
3395	 0.01239019240242739	 3.172539227139004	
3396	 0.012393135745932283	 3.173795410500632	
3397	 0.012396011775488337	 3.1750230572223654	
3398	 0.012398820797363541	 3.1762222847167894	
3399	 0.012401563995680943	 3.1773935856451208	
3400	 0.01240424271859446	 3.1785375233244966	
3401	 0.012406858323944796	 3.1796546658333	
3402	 0.012409412147868627	 3.180745572584076	
3403	 0.012411902620617227	 3.1818095620240303	
3404	 0.012414182760241605	 3.182783816943219	
3405	 0.012416559827630324	 3.1837996140420244	
3406	 0.012418752328766127	 3.1847366550081886	
3407	 0.012420896581255813	 3.18565318193236	
3408	 0.012422986016171988	 3.1865463794259696	
3409	 0.012425025474719544	 3.187418309474207	
3410	 0.012427032821400176	 3.188276603907282	
3411	 0.012428991533812703	 3.1891141925664144	
3412	 0.01243101089966423	 3.189977810107486	
3413	 0.012432897220187429	 3.1907846129515387	
3414	 0.012434740548284726	 3.1915731062389465	
3415	 0.012436540602983902	 3.192343164308223	
3416	 0.01243837552167261	 3.193128213570365	
3417	 0.012440159239005533	 3.193891430919544	
3418	 0.012440984289339306	 3.194244478308936	
3419	 0.012442669122505337	 3.1949654839588266	
3420	 0.012444074144004886	 3.1955667970846746	
3421	 0.01244536107236345	 3.19611760909499	
3422	 0.012446568422508337	 3.1966343957406433	
3423	 0.012447703786147981	 3.1971204002216704	
3424	 0.012448811030950122	 3.197594396599856	
3425	 0.012449869618592593	 3.198047589793806	
3426	 0.012450909387885171	 3.1984927516511363	
3427	 0.01245200043998842	 3.1989598961339234	
3428	 0.0124531621095307	 3.1994573061493727	
3429	 0.012454364308970284	 3.199972103049816	
3430	 0.012455552876630601	 3.200481095219206	
3431	 0.01245669501321752	 3.200970234256089	
3432	 0.012457972678209103	 3.2015174510243463	
3433	 0.012459223532389568	 3.20205322111832	
3434	 0.012460440151789166	 3.202574362056967	
3435	 0.012461624658906363	 3.203081780238295	
3436	 0.012462778773484109	 3.203576209816895	
3437	 0.012463906428837752	 3.2040593335894907	
3438	 0.012465004031292179	 3.204529609721077	
3439	 0.012466079147230011	 3.204990278098266	
3440	 0.012467125201808956	 3.205438519614277	
3441	 0.012468021196418697	 3.205822479347296	
3442	 0.012467493056866275	 3.205596153972432	
3443	 0.01246822492479748	 3.205909785446024	
3444	 0.012468848581900316	 3.20617705441132	
3445	 0.012469430744845734	 3.20642654905043	
3446	 0.012469983882390692	 3.2066636116144513	
3447	 0.012665653696888707	 3.2909624903782326	
3448	 0.012870154827382706	 3.3799987197243158	
3449	 0.012963372096885934	 3.4208988136604175	
3450	 0.012926487983468935	 3.4046919820112027	
3451	 0.012895742386485658	 3.3912059430301804	
3452	 0.012865864010680806	 3.3781208164969208	
3453	 0.012838321798157575	 3.366076734309596	
3454	 0.012813719815391058	 3.3553329555936515	
3455	 0.012789640144717248	 3.344830580963545	
3456	 0.012764795571030248	 3.334008401457242	
3457	 0.012739596904373892	 3.323046315491755	
3458	 0.01271538580199604	 3.3125274535211346	
3459	 0.012691901874177208	 3.3023372717987756	
3460	 0.012664452792869423	 3.2904424481091756	
3461	 0.012637452402002501	 3.278758816595366	
3462	 0.012611851461150056	 3.2676961153348603	
3463	 0.012587053234950116	 3.2569945482063485	
3464	 0.01256397134516413	 3.247046280283179	
3465	 0.01254323600802517	 3.2381197565210407	
3466	 0.012522415535017255	 3.229166474834029	
3467	 0.012506423449050307	 3.222296245286812	
3468	 0.012491788385163086	 3.2160141249841234	
3469	 0.012481632953932648	 3.2116577753092477	
3470	 0.012479795221349238	 3.2108697002113535	
3471	 0.012478084980465058	 3.2101363668931007	
3472	 0.01247674143500619	 3.2095603157138743	
3473	 0.012475687871715239	 3.209108624625869	
3474	 0.012473751480837085	 3.208278507785377	
3475	 0.01247250126389758	 3.207742594413515	
3476	 0.01247064969866452	 3.206948975096937	
3477	 0.01246878983867564	 3.2061518795549504	
3478	 0.012466879551069747	 3.205333254345642	
3479	 0.012464916967591614	 3.2044923056073467	
3480	 0.012462918620059197	 3.20363612299849	
3481	 0.01246089196998233	 3.202767907768211	
3482	 0.01245883460382966	 3.2018866300802	
3483	 0.012448845869698848	 3.197609311048494	
3484	 0.012438128897090105	 3.193022693533287	
3485	 0.012427590110708946	 3.188514904158329	
3486	 0.012416768348620077	 3.1838887279313663	
3487	 0.012405925908418354	 3.1792564069253775	
3488	 0.012395546185390745	 3.1748243050196243	
3489	 0.012387240967906643	 3.1712797903762318	
3490	 0.01237191220293359	 3.1647419142728177	
3491	 0.012371764070400002	 3.1646787605528974	
3492	 0.012371241246326312	 3.1644558676648527	
3493	 0.01235550668420408	 3.157750771795423	
3494	 0.01233683618263988	 3.149801942371369	
3495	 0.012315031070923308	 3.140528723301996	
3496	 0.012287109795479199	 3.128670412323851	
3497	 0.01226124795681481	 3.1177027683224097	
3498	 0.01223667922646839	 3.107297788084929	
3499	 0.012217344213856101	 3.0991190995733433	
3500	 0.012194008050829205	 3.0892594155671698	
3501	 0.012171045474478706	 3.079569845339531	
3502	 0.012148595537020076	 3.0701083692206215	
3503	 0.01212750026363021	 3.061228428970762	
3504	 0.01210788026353821	 3.0529787339725134	
3505	 0.012091410208370823	 3.0460603849064016	
3506	 0.012078134975272268	 3.0404886111700886	
3507	 0.012067324985827898	 3.0359545442638396	
3508	 0.012058381659571153	 3.032205463728569	
3509	 0.012053384572089345	 3.0301114703506804	
3510	 0.012060195615186307	 3.032965731853349	
3511	 0.012066906531533696	 3.0357790851165154	
3512	 0.012073433158765827	 3.0385161813140873	
3513	 0.012074147371366105	 3.038815763228943	
3514	 0.0120682718982476	 3.0363516024713317	
3515	 0.0120750513086653	 3.0391949435522743	
3516	 0.012073384176595257	 3.038495635802489	
3517	 0.012068474261000037	 3.036436459677509	
3518	 0.012063246585757375	 3.034244631711977	
3519	 0.012061021800133688	 3.033312029145825	
3520	 0.012067591836996416	 3.0360664378815754	
3521	 0.012074283157262717	 3.0388727209940427	
3522	 0.012080580200500828	 3.0415145947872433	
3523	 0.012087354524001368	 3.044357732915046	
3524	 0.012093539121708477	 3.046954294859908	
3525	 0.012099001794564352	 3.0492484978974606	
3526	 0.012094269765167889	 3.0472611091069504	
3527	 0.012087274303798816	 3.044324058817429	
3528	 0.012078315181777387	 3.040564218669725	
3529	 0.012067898169898578	 3.0361948886563566	
3530	 0.012057751635533713	 3.0319414248340757	
3531	 0.01205149453423997	 3.0293196144775907	
3532	 0.012052793976134065	 3.0298640236219367	
3533	 0.012055576373300831	 3.0310298575615975	
3534	 0.012060004063193614	 3.0328854446600637	
3535	 0.012063415383163162	 3.0343153941731997	
3536	 0.01206498931988097	 3.0349752443567297	
3537	 0.012066913250744106	 3.0357819024696577	
3538	 0.012178658993090874	 3.082781189693784	
3539	 0.012251251585697625	 3.1134675763262636	
3540	 0.012301018677602527	 3.134575343946297	
3541	 0.012303696693918951	 3.135712790811131	
3542	 0.012301375474362669	 3.1347268784343094	
3543	 0.01229184553752813	 3.130680442855401	
3544	 0.012286027060431748	 3.1282109305769317	
3545	 0.012274999788166142	 3.1235328096560497	
3546	 0.01226233527156478	 3.118163573022165	
3547	 0.012252506069878138	 3.113998940966216	
3548	 0.012246383948037077	 3.111406123708125	
3549	 0.012242832033049064	 3.1099022265018506	
3550	 0.01223767076606217	 3.107717440610334	
3551	 0.012231681082736963	 3.1051827526193345	
3552	 0.012223813793522675	 3.1018547646038086	
3553	 0.012219086026963895	 3.099855531144823	
3554	 0.012223254599600728	 3.101618271052405	
3555	 0.012230449568387983	 3.1046617082987527	
3556	 0.012225124446391292	 3.1024090924392516	
3557	 0.012220588871579317	 3.100490984043433	
3558	 0.01221712862057188	 3.0990279524681834	
3559	 0.012214723713718179	 3.0980112945231744	
3560	 0.01221391422028399	 3.0976691167191617	
3561	 0.012214586409095203	 3.0979532539582406	
3562	 0.01221511446692764	 3.0981764736945485	
3563	 0.01222592761992146	 3.102748806422259	
3564	 0.012257662565117065	 3.116183470006362	
3565	 0.012281205787981113	 3.126165248355598	
3566	 0.012306324196901943	 3.13682894332472	
3567	 0.012328576701647347	 3.146288085896568	
3568	 0.012338209402575805	 3.1503863076605354	
3569	 0.01255425922987054	 3.2428640090835854	
3570	 0.012547701646898028	 3.2400413751301826	
3571	 0.012546003551289583	 3.239310610247437	
3572	 0.012551542935222154	 3.2416946929323225	
3573	 0.012557144351672498	 3.2441061870270493	
3574	 0.01255972526594644	 3.245217550851012	
3575	 0.0125594177719414	 3.245085133305087	
3576	 0.012556522991604323	 3.2438386467943627	
3577	 0.012551697660472627	 3.2417612948482377	
3578	 0.012545193900302776	 3.2389622051952465	
3579	 0.012538681714600859	 3.236160458488068	
3580	 0.012535568285716588	 3.234821306346469	
3581	 0.012531925907798643	 3.233254923367642	
3582	 0.012528042812258769	 3.2315853554353575	
3583	 0.01252391326390281	 3.229810201638374	
3584	 0.012519505336518837	 3.2279158125863114	
3585	 0.012514740964222832	 3.2258687346707235	
3586	 0.012539072847035062	 3.2363287085624965	
3587	 0.012537120217353778	 3.235488797517761	
3588	 0.012533840103499871	 3.234078074019521	
3589	 0.012682678940820107	 3.298338677689195	
3590	 0.012691250176661615	 3.302054665327685	
3591	 0.012685356317040734	 3.299499252015927	
3592	 0.01267995029102242	 3.297156045619622	
3593	 0.012674902505311066	 3.2949687173087128	
3594	 0.012670216957097703	 3.2929388749644177	
3595	 0.012665498251867658	 3.2908951742526664	
3596	 0.012726515029968587	 3.317361050187181	
3597	 0.012833334669086432	 3.3638977260733047	
3598	 0.012814387654550662	 3.3556244220456493	
3599	 0.012793364593821105	 3.3464541424733283	
3600	 0.012774674657796695	 3.3383100050820302	
3601	 0.012761229282169039	 3.3324560943551904	
3602	 0.012750273592570235	 3.327689193920424	
3603	 0.012738506847535712	 3.3225724378549213	
3604	 0.012724782879271016	 3.3166085649828236	
3605	 0.012712469232834547	 3.3112612084546718	
3606	 0.012704289198658762	 3.307710833457402	
3607	 0.012696014385554791	 3.3041208718903192	
3608	 0.012685967216272652	 3.2997640841400506	
3609	 0.012677190314808965	 3.2959600088609804	
3610	 0.012741628014007097	 3.3239293667273375	
3611	 0.012733611400900922	 3.3204445861187697	
3612	 0.012796169779823027	 3.347677186960477	
3613	 0.012907800050349052	 3.396492282636539	
3614	 0.012891489570028652	 3.389342202457294	
3615	 0.012883313883184328	 3.385760467129183	
3616	 0.012865484073126284	 3.3779545545281895	
3617	 0.012850710715766128	 3.371492221452163	
3618	 0.012846747046642565	 3.3697592296713332	
3619	 0.012826141291978756	 3.360755744130638	
3620	 0.01280931311456624	 3.353409983749859	
3621	 0.012794923004220875	 3.3471335781104745	
3622	 0.012782165382181222	 3.341573134175941	
3623	 0.012772204635405408	 3.3372342870138914	
3624	 0.012762607319881996	 3.33305588185362	
3625	 0.01275450853642051	 3.3295315252488096	
3626	 0.012744136304487267	 3.3250200080304384	
3627	 0.012731387662348673	 3.3194781974314096	
3628	 0.012720035393977916	 3.31454650070428	
3629	 0.012707876991522385	 3.309267853328193	
3630	 0.012694782912571336	 3.303586740481715	
3631	 0.012682254554530746	 3.2981547320488493	
3632	 0.012674363753998007	 3.2947352975551647	
3633	 0.012666215422645576	 3.2912057526907277	
3634	 0.012654499092750442	 3.2861333402185666	
3635	 0.012642533660715213	 3.2809563131165973	
3636	 0.012628936591906318	 3.2750772972454625	
3637	 0.01261315240840394	 3.2682579210922067	
3638	 0.012596431946053407	 3.2610402392461375	
3639	 0.012575203413359092	 3.251885768189258	
3640	 0.012548760512738597	 3.240497084833597	
3641	 0.01252202027192175	 3.2289965985424818	
3642	 0.012497129431133876	 3.218306207685868	
3643	 0.012477337231529453	 3.2098157610592946	
3644	 0.012463997923016955	 3.2040985339126853	
3645	 0.012455060297260298	 3.200270149119334	
3646	 0.012447151387915288	 3.196883936591618	
3647	 0.012436276873193534	 3.1922303368388687	
3648	 0.012424167142725649	 3.187051335026897	
3649	 0.012412659698934174	 3.182133032174527	
3650	 0.012401077121257795	 3.177185685600542	
3651	 0.012389698651496604	 3.172328519705023	
3652	 0.012379856881322374	 3.168129727700752	
3653	 0.012371001177879393	 3.1643535226270934	
3654	 0.012363042574084738	 3.1609613914755244	
3655	 0.012355924868747245	 3.157928902553334	
3656	 0.012349080636320243	 3.15501402451932	
3657	 0.012343958068735936	 3.1528330878387143	
3658	 0.012338072838810334	 3.150328191849249	
3659	 0.012335666988626315	 3.1493044332344273	
3660	 0.012332265987221138	 3.1478574361589016	
3661	 0.01232809520292277	 3.146083288806722	
3662	 0.012324136785300827	 3.1443998469905323	
3663	 0.012318804800030371	 3.142132821998995	
3664	 0.012308520852838956	 3.1377621957167214	
3665	 0.012296333377777274	 3.1325857308644234	
3666	 0.012285735259111509	 3.1280871030710506	
3667	 0.012277107068078963	 3.1244265686121593	
3668	 0.012270520101145552	 3.1216331833960465	
3669	 0.012264582239783781	 3.119115925930691	
3670	 0.012259782182244019	 3.1170816152188228	
3671	 0.012256540849313817	 3.1157082073425255	
3672	 0.012255061249196649	 3.115081356099377	
3673	 0.012254576345355348	 3.114875931450433	
3674	 0.012254402478003516	 3.1148022756105056	
3675	 0.01225426264692228	 3.1147430391423336	
3676	 0.012253110996826166	 3.114255184174174	
3677	 0.012251855485376367	 3.1137233669217053	
3678	 0.012251995562675227	 3.1137826999238776	
3679	 0.012253180532387607	 3.1142846395362174	
3680	 0.012254002438029453	 3.1146328083700787	
3681	 0.012254566926699285	 3.114871941384907	
3682	 0.01225786778912723	 3.1162704250346627	
3683	 0.012259971215533898	 3.1171617193093404	
3684	 0.012262324429479202	 3.1181589780047676	
3685	 0.01226479445205243	 3.119205875792216	
3686	 0.012265076406439172	 3.1193253886687726	
3687	 0.012258814199790379	 3.116671439239371	
3688	 0.012248828287675494	 3.112441237330322	
3689	 0.012236931192301324	 3.1074044262551177	
3690	 0.012224057140422424	 3.101957682804041	
3691	 0.01221178339043142	 3.0967684742421593	
3692	 0.012199281160755814	 3.091486240472953	
3693	 0.012188169592112502	 3.0867945936749996	
3694	 0.012178841193348331	 3.082858057260211	
3695	 0.012171033770194245	 3.0795649095611415	
3696	 0.012164638099621738	 3.076868283992535	
3697	 0.012159553014625677	 3.0747249188859795	
3698	 0.012155707403953917	 3.073104389416095	
3699	 0.012152534945994095	 3.0717677818466407	
3700	 0.012150492741648162	 3.070907491361621	
3701	 0.012149160419091982	 3.070346294673363	
3702	 0.01215066718883424	 3.070980974490486	
3703	 0.012154371821181698	 3.072541658563106	
3704	 0.012157761050150408	 3.073969747601655	
3705	 0.012161257943942625	 3.0754434806145743	
3706	 0.012165831447591898	 3.077371367130794	
3707	 0.012170165165440734	 3.0791986217097556	
3708	 0.01217484677475395	 3.081173047574256	
3709	 0.01218006808138915	 3.0833756829562864	
3710	 0.012185921565715777	 3.0858457543056366	
3711	 0.012194626453870637	 3.0895205328449906	
3712	 0.012201842133097097	 3.092567966061691	
3713	 0.012207868982065094	 3.0951142357662116	
3714	 0.012213189141139776	 3.0973626341854286	
3715	 0.012218467610824414	 3.0995940592767037	
3716	 0.012225878641778896	 3.1027280899750527	
3717	 0.012232963204099497	 3.1057252455408784	
3718	 0.012239375770573768	 3.108439108215275	
3719	 0.012244319144351838	 3.1105318409012934	
3720	 0.012245704794724668	 3.11111854457169	
3721	 0.012241084214328391	 3.109162298756382	
3722	 0.012222032366459948	 3.1011013909456073	
3723	 0.01218756893116401	 3.0865410573125627	
3724	 0.01214451721788124	 3.0683908208105772	
3725	 0.01210089984135309	 3.050045797688404	
3726	 0.012056068791780077	 3.0312362012745138	
3727	 0.012011020566155156	 3.012382396058922	
3728	 0.011967278267101401	 2.9941202084531597	
3729	 0.01192629111600516	 2.977048615666061	
3730	 0.011881215338827678	 2.958319176400515	
3731	 0.011834755425374148	 2.9390641282905596	
3732	 0.011775469045660661	 2.9145663193623212	
3733	 0.011712620346946387	 2.888686158500993	
3734	 0.011652083790618054	 2.8638454794314017	
3735	 0.011594682519797155	 2.8403706680308085	
3736	 0.011539361297512141	 2.8178197074037903	
3737	 0.01148236943217187	 2.794662985033873	
3738	 0.011426171711141749	 2.7719038423400346	
3739	 0.011381213632957288	 2.753750204028812	
3740	 0.011351951872130008	 2.741960233814021	
3741	 0.01132758782835421	 2.7321590655368624	
3742	 0.011305434404862865	 2.723259375724411	
3743	 0.011285070826994996	 2.715088968473096	
3744	 0.011265725631102348	 2.7073362613249303	
3745	 0.011247382206501172	 2.6999932131325957	
3746	 0.011228845770559395	 2.6925810066005353	
3747	 0.01120975313748744	 2.6849549157612844	
3748	 0.011193774976693884	 2.678579477282336	
3749	 0.011178649839972644	 2.6725499905700176	
3750	 0.011163263479671334	 2.6664219476090563	
3751	 0.011146569365370096	 2.6597794217501867	
3752	 0.011127659465572246	 2.6522632504449772	
3753	 0.011107936019072841	 2.644432783883713	
3754	 0.011077317980375763	 2.6322953761080328	
3755	 0.011045056580946382	 2.619530694164996	
3756	 0.01101245126135891	 2.6066551658895167	
3757	 0.010982832660567177	 2.5949810708005585	
3758	 0.01095555667048795	 2.584248856705948	
3759	 0.01093128492099495	 2.574713678950012	
3760	 0.010906871130748778	 2.5651369285598613	
3761	 0.010881250369282013	 2.5551020788545613	
3762	 0.010853070436169595	 2.544083058580949	
3763	 0.01083082657678958	 2.5353986412819847	
3764	 0.01081887342395366	 2.5307368152937215	
3765	 0.010810518032701354	 2.5274801835008724	
3766	 0.01080192103317696	 2.5241311325309757	
3767	 0.010791007065374747	 2.5198820415947356	
3768	 0.010781171100154622	 2.516055098693239	
3769	 0.010776151955043285	 2.514103163893076	
3770	 0.010774422209623265	 2.513430610003503	
3771	 0.010776516849245455	 2.5142450500423124	
3772	 0.010780809434400929	 2.5159144273969893	
3773	 0.010783688521348903	 2.517034346580954	
3774	 0.010777358475387027	 2.514572321750511	
3775	 0.010762882369616084	 2.5089455696791623	
3776	 0.010744932169216553	 2.501975467446993	
3777	 0.010730766109645525	 2.496480232629065	
3778	 0.010715131945084243	 2.4904211087607786	
3779	 0.010700407561978181	 2.484719963368449	
3780	 0.010687103334312286	 2.479573184685517	
3781	 0.010679126998073685	 2.4764895632404174	
3782	 0.010677667663063842	 2.4759255559489532	
3783	 0.010680824645691698	 2.4771457388160782	
3784	 0.010682818300584948	 2.4779164160429015	
3785	 0.010680895886814276	 2.4771732764893444	
3786	 0.010675683351582423	 2.4751587369337686	
3787	 0.010673600877215994	 2.4743540859509854	
3788	 0.010675418190272514	 2.475056274968345	
3789	 0.010674853462249948	 2.4748380619728105	
3790	 0.010672220477182167	 2.4738207683985705	
3791	 0.010670680983703855	 2.4732260393354606	
3792	 0.01067091625042517	 2.4733169226412457	
3793	 0.010673702212112703	 2.474393238500049	
3794	 0.010679241512140641	 2.4765338230857186	
3795	 0.010686267227245545	 2.4792498768424887	
3796	 0.010696556194383566	 2.4832296117578307	
3797	 0.010706719977426159	 2.487163432401376	
3798	 0.010716553254344573	 2.4909717031765246	
3799	 0.010725459046931143	 2.494422785107971	
3800	 0.01073348802143174	 2.4975357294172826	
3801	 0.010741412099459708	 2.500609526391395	
3802	 0.010756377220351077	 2.506418709855941	
3803	 0.01078731664149341	 2.5184459116979663	
3804	 0.010868606747485401	 2.550155767704622	
3805	 0.010958926994356796	 2.58557400597055	
3806	 0.011008143552452335	 2.6049559911336857	
3807	 0.011037597585911049	 2.6165829700606538	
3808	 0.011062336538690055	 2.626364668730937	
3809	 0.011088916511844333	 2.6368905641215266	
3810	 0.011121916184577484	 2.649982136980195	
3811	 0.011262375584513472	 2.7059946102754515	
3812	 0.011991212251421381	 3.004107022346908	
3813	 0.012069723200406533	 3.036960201105801	
3814	 0.012091970513865971	 3.046295641548015	
3815	 0.012107731564915188	 3.052916244108401	
3816	 0.012119626808678553	 3.0579167781391137	
3817	 0.012127274186095736	 3.0611333185935004	
3818	 0.012130467555235752	 3.0624768723214095	
3819	 0.012127426921858775	 3.0611975741012114	
3820	 0.012122190035786962	 3.0589947386880545	
3821	 0.012113167921449909	 3.055201178729559	
3822	 0.012103237363188551	 3.0510278193844145	
3823	 0.012093851900229243	 3.047085636350553	
3824	 0.012085065759533907	 3.043397034967972	
3825	 0.012078194378942765	 3.040513534510224	
3826	 0.01206760169139876	 3.0360705699719936	
3827	 0.012059898345558304	 3.0328411344842103	
3828	 0.01204887404338517	 3.0282218628061823	
3829	 0.012031853540768703	 3.021095666556868	
3830	 0.012006208963882754	 3.010371402580389	
3831	 0.011974840881076369	 2.9972743849570738	
3832	 0.011952188578828024	 2.987830648503833	
3833	 0.011931134981540414	 2.9790641033036613	
3834	 0.011913489157752255	 2.971724466228861	
3835	 0.011902945388008151	 2.96734232796354	
3836	 0.01191312640641964	 2.971573658734552	
3837	 0.011921127249760613	 2.9749005796107992	
3838	 0.011916404867552704	 2.972936732549017	
3839	 0.011908763175450657	 2.969759961977031	
3840	 0.011898301081690486	 2.9654129099639364	
3841	 0.01188427783134517	 2.9595901755477114	
3842	 0.011869874669896089	 2.953614460880564	
3843	 0.011847806176852249	 2.9444678582052077	
3844	 0.011824021807043294	 2.9346227952127366	
3845	 0.011797655100710838	 2.92372424620958	
3846	 0.011771534586739015	 2.9129434591308194	
3847	 0.011747576211154638	 2.9030690688912637	
3848	 0.011722037215284236	 2.8925580029934133	
3849	 0.011686012681115436	 2.877757351663171	
3850	 0.011631126084731403	 2.8552656635925575	
3851	 0.011554372616528696	 2.8239317628963474	
3852	 0.011460074174256462	 2.785624868501535	
3853	 0.011357673520878466	 2.7442639740525525	
3854	 0.011256335354730458	 2.7035762473340377	
3855	 0.011158288181261418	 2.664441601696253	
3856	 0.011065568596625237	 2.6276436916881702	
3857	 0.010976937445592774	 2.592659988673126	
3858	 0.010894387617649957	 2.560245562135733	
3859	 0.010828990936451508	 2.534682503713594	
3860	 0.010787838844428556	 2.518649107282839	
3861	 0.010762518859662118	 2.5088043410272296	
3862	 0.010748656119793844	 2.5034208479573805	
3863	 0.010744515775609025	 2.5018138729518986	
3864	 0.01074995058835757	 2.503923349485768	
3865	 0.010760153528949302	 2.5078854549527443	
3866	 0.01076870256811272	 2.5112072304439974	
3867	 0.010774811313071167	 2.51358189364393	
3868	 0.01078123752313609	 2.5160809345112067	
3869	 0.010784062534104537	 2.5171798462452077	
3870	 0.010785849985903663	 2.5178752530416695	
3871	 0.01078464912511452	 2.517408050572276	
3872	 0.010779383883772442	 2.5153599845961847	
3873	 0.010774995155849454	 2.5136533730869766	
3874	 0.010759167617052038	 2.507502486657932	
3875	 0.010744766106149982	 2.5019110210066287	
3876	 0.010720807218205609	 2.4926199174537107	
3877	 0.010674656326899356	 2.4747618899567314	
3878	 0.010623275110668216	 2.4549404635020755	
3879	 0.010568478298459166	 2.4338717128303102	
3880	 0.010515238938965636	 2.413471414871483	
3881	 0.010443652689414697	 2.386149321808774	
3882	 0.010371729380826138	 2.358824035205216	
3883	 0.010315349993895901	 2.337492340840429	
3884	 0.010280683676866784	 2.3244145097629474	
3885	 0.010257476519241235	 2.315676041928231	
3886	 0.010247522790012944	 2.311932080833521	
3887	 0.010244386079523358	 2.3107527516411173	
3888	 0.010239393515758565	 2.3088761618414475	
3889	 0.010230583447372175	 2.305566147706853	
3890	 0.010218439780348766	 2.3010067876229923	
3891	 0.01020930938827232	 2.2975811446000276	
3892	 0.010209857096280174	 2.29778658227904	
3893	 0.010214994465621538	 2.2997138959281807	
3894	 0.010223024432075404	 2.302727678579479	
3895	 0.01023236271643247	 2.306234480447365	
3896	 0.010243101000361876	 2.3102696616806377	
3897	 0.010258119299020235	 2.315917898168874	
3898	 0.01026087412527862	 2.3169545603400485	
3899	 0.010266301338672025	 2.3189974050882944	
3900	 0.010268779692828198	 2.3199305161042516	
3901	 0.010271867200234746	 2.3210931859832247	
3902	 0.01027582239867044	 2.3225829447284747	
3903	 0.010279741522674647	 2.324059492845686	
3904	 0.010275473584112895	 2.322451545419842	
3905	 0.010269823371161623	 2.3203235104222015	
3906	 0.010264787921425723	 2.3184276708203586	
3907	 0.010264554579631081	 2.3183398329974523	
3908	 0.010278535096817894	 2.3236049263288248	
3909	 0.010304059649800612	 2.3332298480219587	
3910	 0.010326346463481115	 2.341646876906598	
3911	 0.010338466045722826	 2.346229149908106	
3912	 0.010340624767821724	 2.3470457135399294	
3913	 0.01034082091799228	 2.3471199154278337	
3914	 0.010343638582203269	 2.3481859166171963	
3915	 0.010351597287976081	 2.351197963332587	
3916	 0.010364753367647648	 2.356180390892746	
3917	 0.010380082972816018	 2.3619912895975914	
3918	 0.01039344142468098	 2.3670596627525153	
3919	 0.010405137983514633	 2.3715010593496633	
3920	 0.01041564778489036	 2.3754946626003703	
3921	 0.010430355053306242	 2.381087766342517	
3922	 0.010436097540998182	 2.383273034930115	
3923	 0.01044901161637105	 2.388190336150766	
3924	 0.01045845550094969	 2.39178885640444	
3925	 0.010458349729126423	 2.3917485408569967	
3926	 0.010449246193642188	 2.3882796937833013	
3927	 0.010431906043873373	 2.381677907281271	
3928	 0.010405304190970197	 2.371564195346561	
3929	 0.010376267596799169	 2.3605444834497584	
3930	 0.01034538405552191	 2.348846375116614	
3931	 0.010320734483041034	 2.339526266327763	
3932	 0.010310485267183166	 2.3356553578039447	
3933	 0.010303265919617435	 2.3329303046923293	
3934	 0.010298583909966455	 2.3311636888622638	
3935	 0.010297456227344907	 2.330738271663953	
3936	 0.010297931066986267	 2.3309174006824454	
3937	 0.010295036947539199	 2.3298257054417992	
3938	 0.010287490594888446	 2.3269800963902303	
3939	 0.010275784906146666	 2.3225688210591806	
3940	 0.010261716096655769	 2.3172714376282335	
3941	 0.010244913670248866	 2.3109510964776203	
3942	 0.010226630790755175	 2.304081719888325	
3943	 0.010209125380501333	 2.297512127485509	
3944	 0.01019297434168432	 2.291457473011032	
3945	 0.01018041244889017	 2.286752726458629	
3946	 0.010158459770907968	 2.2785401819575206	
3947	 0.010144196649437238	 2.2732106530908758	
3948	 0.010127492653622266	 2.2669754205025536	
3949	 0.010105020863590363	 2.2585980084524366	
3950	 0.010080868226438713	 2.249607820082047	
3951	 0.01005397282269283	 2.2396135937827135	
3952	 0.010019530187084449	 2.2268408526474612	
3953	 0.009981940011095538	 2.2129342434294563	
3954	 0.009944854309930059	 2.199248436781935	
3955	 0.00991567468935573	 2.1885041114622212	
3956	 0.009905352588745697	 2.184708417473135	
3957	 0.009902050402511067	 2.1834946776827073	
3958	 0.009904635290896593	 2.184444747097703	
3959	 0.009912432696934597	 2.18731166605414	
3960	 0.009921100130419523	 2.190500238115825	
3961	 0.009927684062509868	 2.192923574018925	
3962	 0.009931754412115123	 2.194422276263039	
3963	 0.009933213099400177	 2.1949594644319625	
3964	 0.00993491434402012	 2.195586045196866	
3965	 0.009935744856112035	 2.1958919548247153	
3966	 0.009935915218396428	 2.1959547079303383	
3967	 0.009935429555366967	 2.195775815394876	
3968	 0.009934199836775223	 2.1953228782696654	
3969	 0.009934727961608228	 2.195517395709912	
3970	 0.009926368892793204	 2.1924394162334973	
3971	 0.00992593393824291	 2.192279304383587	
3972	 0.009924825475651232	 2.1918712875064923	
3973	 0.00992423996876311	 2.1916557790150395	
3974	 0.009926352137436594	 2.19243324830442	
3975	 0.00993007153655784	 2.19380259202065	
3976	 0.009929917676822806	 2.1937459398369317	
3977	 0.009929347932869948	 2.193536161397775	
3978	 0.009931512405649674	 2.1943331580597385	
3979	 0.00994827826119425	 2.2005105607890973	
3980	 0.009994017541857391	 2.2173985658577906	
3981	 0.010038116137042353	 2.233729655111942	
3982	 0.010082144116539913	 2.2500823779896075	
3983	 0.010125343300060605	 2.266173611809737	
3984	 0.010166541305225367	 2.2815621268444075	
3985	 0.01020676591019894	 2.2966272175306868	
3986	 0.010246416967297292	 2.3115162900936777	
3987	 0.010285323080392317	 2.326163018469916	
3988	 0.010293920458895326	 2.3294046077289097	
3989	 0.010296959584656786	 2.3305509235322766	
3990	 0.010301873463007512	 2.3324048470519365	
3991	 0.010309404385317557	 2.3352472814243246	
3992	 0.010317062523032987	 2.338139151219096	
3993	 0.010330726168302908	 2.343302378847301	
3994	 0.010339837702451095	 2.3467479830549682	
3995	 0.010376387309570809	 2.3605898736325015	
3996	 0.010411707073180107	 2.3739969226618562	
3997	 0.010419975991777634	 2.377140112580743	
3998	 0.010425343655305955	 2.3791813647460494	
3999	 0.010430023701788969	 2.3809616970180416	
4000	 0.010432160606754011	 2.381774772245013	
4001	 0.01043166705946591	 2.381586971592472	
4002	 0.010429764114336111	 2.3808629336351466	
4003	 0.010434730831423948	 2.3827528692470628	
4004	 0.010451390250922062	 2.389096492524833	
4005	 0.010471447748515718	 2.3967429943775485	
4006	 0.010487065852403363	 2.402703836509823	
4007	 0.010496287541324392	 2.406226188317647	
4008	 0.010498213375774603	 2.4069620479689573	
4009	 0.01049942450873619	 2.4074248669062595	
4010	 0.010503554118382823	 2.4090032118761093	
4011	 0.010512990650130179	 2.4126114258386218	
4012	 0.010528315049233648	 2.418475564605517	
4013	 0.010562941312448693	 2.4317468468489745	
4014	 0.010596943399822966	 2.4448071544206535	
4015	 0.010630284734170554	 2.4576408223494237	
4016	 0.010662763794063676	 2.4701684156074433	
4017	 0.010683015764170415	 2.477992753775292	
4018	 0.010703502233201703	 2.4859177577180667	
4019	 0.010734873938605243	 2.498073225806849	
4020	 0.010763782703632617	 2.5092953756063805	
4021	 0.010762716897279583	 2.5088812809902374	
4022	 0.010753728450370394	 2.50539011358865	
4023	 0.010744144408787824	 2.501669756024339	
4024	 0.010730927072680346	 2.4965426455453055	
4025	 0.01072093338134831	 2.492668806495605	
4026	 0.010712358278400853	 2.489346771077572	
4027	 0.010706109225831106	 2.4869269749627114	
4028	 0.01069893974950224	 2.484151926407269	
4029	 0.010685177852883497	 2.4788286603068395	
4030	 0.01066992964213188	 2.4729358057616766	
4031	 0.010657092079221017	 2.4679789259470235	
4032	 0.01064663434242578	 2.4639438929557165	
4033	 0.010635511785904996	 2.4596552433301127	
4034	 0.010622004094752256	 2.4544509496866156	
4035	 0.01060905323610919	 2.4494653357958427	
4036	 0.010618652921231563	 2.453160479778105	
4037	 0.010637452844226009	 2.46040346382283	
4038	 0.010649956823779476	 2.4652255592115977	
4039	 0.010663277734465307	 2.4703668537998884	
4040	 0.010680323830266566	 2.476952156165672	
4041	 0.010699484681402593	 2.484362806588586	
4042	 0.010711078488191323	 2.488851126285524	
4043	 0.010731730921873099	 2.4968543449115224	
4044	 0.010752747062463534	 2.5050090543162984	
4045	 0.010769213916497844	 2.5114059733719136	
4046	 0.010771821934851707	 2.512419715203939	
4047	 0.010753516849500332	 2.505307949953789	
4048	 0.01073312869276326	 2.4973963795352887	
4049	 0.010710314748902404	 2.488555359584355	
4050	 0.01068864835287351	 2.480170660459943	
4051	 0.010678597652774978	 2.476284974661882	
4052	 0.010678027240975359	 2.4760645217109882	
4053	 0.010677072013631425	 2.4756953626965394	
4054	 0.010672646280451087	 2.4739852725866784	
4055	 0.010663444251751236	 2.4704311493719184	
4056	 0.010653733015082783	 2.466682570366452	
4057	 0.010645340320987932	 2.463444788897828	
4058	 0.010640298029133397	 2.4615003628339296	
4059	 0.010640410730693984	 2.461543816490172	
4060	 0.01064163471791711	 2.4620157615716565	
4061	 0.0106450685613426	 2.463339976343679	
4062	 0.01065049897250723	 2.4654347214960985	
4063	 0.010658445434105296	 2.4685012999511766	
4064	 0.010666788878688504	 2.471722716807916	
4065	 0.010674088189636685	 2.474542370086678	
4066	 0.010677395106808728	 2.475820223449245	
4067	 0.010685151729500943	 2.4788185598141292	
4068	 0.010701023050039477	 2.4849581699953425	
4069	 0.010729975785881585	 2.496173796102618	
4070	 0.010771851989579287	 2.512431398489086	
4071	 0.010926524606226527	 2.5728452392038608	
4072	 0.011166235904973234	 2.667605359537912	
4073	 0.011726615354505478	 2.8944411024522996	
4074	 0.012438320730916752	 3.1931047708451765	
4075	 0.013038979679513727	 3.4542168429401814	
4076	 0.013338516594712232	 3.587479866108989	
4077	 0.01348537716415152	 3.6535530054046794	
4078	 0.013665091252747839	 3.73506195697566	
4079	 0.014081258930717816	 3.9265643946036533	
4080	 0.014700508669689052	 4.218559583821036	
4081	 0.015340139013409032	 4.528896635051165	
4082	 0.015542723862188848	 4.6290172804826115	
4083	 0.01556853025146914	 4.641834030517204	
4084	 0.015723512174421143	 4.719103677240223	
4085	 0.01572632626942064	 4.720511420217149	
4086	 0.015685179374433117	 4.699944533987244	
4087	 0.015830861067519998	 4.772923561465156	
4088	 0.015798932147837206	 4.756890340462819	
4089	 0.01574477685678135	 4.729745433689254	
4090	 0.015638463264816903	 4.676637492856248	
4091	 0.015513326283191688	 4.61443424160258	
4092	 0.015382321813284687	 4.549671826797559	
4093	 0.015253676804630375	 4.486432628799942	
4094	 0.015118376619647492	 4.420304457887895	
4095	 0.014970127772969051	 4.3482992896759844	
4096	 0.014837727880602124	 4.284392528652736	
4097	 0.014694644045138348	 4.215755034836715	
4098	 0.014545556856013542	 4.14471020487742	
4099	 0.014409963185390359	 4.080515533470362	
4100	 0.014289170748054867	 4.023666338027253	
4101	 0.014174938167404505	 3.9701983560184497	
4102	 0.01406424073827891	 3.9186583656171377	
4103	 0.013958522055559147	 3.8696882476322094	
4104	 0.013858624540384567	 3.8236411918386524	
4105	 0.013760101106131257	 3.7784437247879037	
4106	 0.01366182342831265	 3.7335734251699706	
4107	 0.013570938739300839	 3.69226956158845	
4108	 0.013488848907335305	 3.6551207883016748	
4109	 0.013418037562149047	 3.6231967835638463	
4110	 0.013354684186332	 3.594730090189764	
4111	 0.013296975423275431	 3.5688779284328813	
4112	 0.013243935892828637	 3.545183340368694	
4113	 0.013189025753418113	 3.520719646698576	
4114	 0.013129169985761212	 3.4941298102471334	
4115	 0.013085908307024366	 3.4749618264920445	
4116	 0.013051052292837763	 3.459548841588812	
4117	 0.013020663810122598	 3.446133726298422	
4118	 0.01298479980985292	 3.430328255569573	
4119	 0.012938964086609193	 3.4101705199149754	
4120	 0.012886481035869302	 3.3871478041576606	
4121	 0.012830975482095485	 3.3628671317076475	
4122	 0.012776907099435953	 3.33928237379556	
4123	 0.012727201295094552	 3.3176591980716483	
4124	 0.012692843508310523	 3.3027456254123724	
4125	 0.012667797856659953	 3.2918910840550266	
4126	 0.012650109694412263	 3.2842338207525064	
4127	 0.012640751554296828	 3.280185536898964	
4128	 0.012631546556071387	 3.2762054501920836	
4129	 0.012622489929107434	 3.272291403376094	
4130	 0.01259789538023166	 3.2616717014695076	
4131	 0.012566690244513175	 3.248217490218101	
4132	 0.012532396939240239	 3.2334574705552153	
4133	 0.012496464977135116	 3.2180210250576406	
4134	 0.012460676925010539	 3.202675788202715	
4135	 0.012425821349127533	 3.1877585956743837	
4136	 0.01239316498617447	 3.1738078908797367	
4137	 0.012363725123281741	 3.161252251829534	
4138	 0.012329172088748995	 3.146541330795911	
4139	 0.01230787208700065	 3.1374865550745517	
4140	 0.01228311295280539	 3.1269744008546305	
4141	 0.012252139247397553	 3.113843561404128	
4142	 0.012212781689819461	 3.0971904145675246	
4143	 0.012167275168307335	 3.0779800446050447	
4144	 0.012113709371072616	 3.055428790832334	
4145	 0.012057694124190879	 3.031917322669928	
4146	 0.012000861184961787	 3.008136946165598	
4147	 0.011947746247764512	 2.9859800406506314	
4148	 0.011912769325926852	 2.971425211782205	
4149	 0.011878425069561905	 2.9571613457912163	
4150	 0.01184316451646975	 2.9425455002170695	
4151	 0.01181200291150576	 2.929652831904248	
4152	 0.011785613349038302	 2.918752243825353	
4153	 0.011760308986128606	 2.9083151834387264	
4154	 0.011733483460177016	 2.897267039790526	
4155	 0.011704780981603134	 2.8854645034487816	
4156	 0.011678988762351702	 2.8748751190865214	
4157	 0.011654741773035285	 2.8649343590190464	
4158	 0.01163206408689678	 2.855649449500516	
4159	 0.011610383670344837	 2.8467841273930397	
4160	 0.011592185377364832	 2.839351191947351	
4161	 0.01157949947151466	 2.8341743422382586	
4162	 0.011559645933977876	 2.8260801204157078	
4163	 0.011572327384817598	 2.8312492378081946	
4164	 0.011585395488816779	 2.8365799121011444	
4165	 0.011598279827815403	 2.8418395518375665	
4166	 0.01161047941101631	 2.846823252395394	
4167	 0.01162212530591155	 2.8515840216613175	
4168	 0.01163427443135998	 2.8565538990028587	
4169	 0.01164610560636658	 2.861397037856957	
4170	 0.011658157120154472	 2.8663337466752674	
4171	 0.011669307849447069	 2.870904494928475	
4172	 0.011659618011949974	 2.8669324088132746	
4173	 0.01164187117152227	 2.8596632779212365	
4174	 0.011622141391957138	 2.851590599736974	
4175	 0.011599209002445838	 2.8422190097929083	
4176	 0.011574034170061035	 2.8319452332097317	
4177	 0.011549238262749716	 2.8218406473406543	
4178	 0.01152717089513269	 2.812860123472531	
4179	 0.011508027689966503	 2.8050788928781434	
4180	 0.01149297440717739	 2.7989661698090034	
4181	 0.011481897324306874	 2.794471479221356	
4182	 0.011474686127680093	 2.7915469822598484	
4183	 0.01147087286842956	 2.7900010121386285	
4184	 0.0114676212616724	 2.788683017565245	
4185	 0.011461899645914344	 2.7863644433019923	
4186	 0.011451866828094933	 2.7823007001807247	
4187	 0.01144463283837318	 2.779372080672748	
4188	 0.011446591484327659	 2.780164900111284	
4189	 0.011462344253475174	 2.7865445842843086	
4190	 0.011477329372054762	 2.79261880640911	
4191	 0.01148442144407311	 2.795495424039158	
4192	 0.011476181446425284	 2.7921533073194253	
4193	 0.011463932454029283	 2.787188111174373	
4194	 0.011449535848645241	 2.781356888164274	
4195	 0.01143721864039733	 2.7763717857007078	
4196	 0.011435908565129601	 2.7758417738090264	
4197	 0.01143156197667845	 2.7740835819052827	
4198	 0.011421322008935907	 2.769943283934489	
4199	 0.011406569300631586	 2.7639827117934552	
4200	 0.011390865745918912	 2.7576436114726914	
4201	 0.011378032194852263	 2.752467378112694	
4202	 0.011363082076269076	 2.746442363193588	
4203	 0.011342121851268611	 2.738004123317391	
4204	 0.011319031847743112	 2.728720496751859	
4205	 0.011293910215738778	 2.7186343593809714	
4206	 0.011268069076197153	 2.7082749393998857	
4207	 0.011242234097132667	 2.6979338095514125	
4208	 0.011217418979667345	 2.6880158116072117	
4209	 0.011197362697513435	 2.6800104842545047	
4210	 0.011171704821601352	 2.6697832484661053	
4211	 0.011157604353996117	 2.6641694601031065	
4212	 0.01114494778852472	 2.6591345555393064	
4213	 0.011128782824877106	 2.6527095175253246	
4214	 0.011101249362255487	 2.641780195960141	
4215	 0.011068170416110483	 2.6286734912133243	
4216	 0.011033596915929944	 2.615002490241482	
4217	 0.010994326823964146	 2.599508976824636	
4218	 0.010952347260316795	 2.5829872283388853	
4219	 0.010920673829932757	 2.570549532883207	
4220	 0.010907516050440538	 2.5653897263762495	
4221	 0.010895561616626812	 2.5607054064981285	
4222	 0.010884347054968472	 2.5563141176571174	
4223	 0.010885274410664078	 2.556677128221773	
4224	 0.010885249284820302	 2.556667292514949	
4225	 0.010881646303035104	 2.555257033997808	
4226	 0.010873877008348645	 2.5522170804243705	
4227	 0.010863100578257307	 2.548002897793143	
4228	 0.010852924482010912	 2.5440260366472187	
4229	 0.01084037332184271	 2.539124413468521	
4230	 0.010825429675301722	 2.5332933812443703	
4231	 0.010809510094296022	 2.527087438650879	
4232	 0.010795891516089114	 2.521783331026598	
4233	 0.010783718239191092	 2.517045907389988	
4234	 0.010757688682752474	 2.50692805227087	
4235	 0.010734697178239517	 2.498004670753486	
4236	 0.010711599172771268	 2.4890527753543403	
4237	 0.010689361309670874	 2.4804463881584384	
4238	 0.010661420573109965	 2.4696498129399855	
4239	 0.010639429113911815	 2.46116535077164	
4240	 0.010621939182737832	 2.454425950789754	
4241	 0.010603084615260569	 2.44716899705175	
4242	 0.010582323362065785	 2.4391881233177193	
4243	 0.010573791819199475	 2.4359115200582186	
4244	 0.010579439802966637	 2.4380804736402224	
4245	 0.010592815074705332	 2.4432199596223634	
4246	 0.010601673073803903	 2.446626053287498	
4247	 0.010601716327513885	 2.446642689937979	
4248	 0.010600179451862868	 2.4460515900695485	
4249	 0.010598076419652316	 2.44524283252173	
4250	 0.010596421030829313	 2.4446062992589046	
4251	 0.010596497208181113	 2.44463558966425	
4252	 0.01060312889294462	 2.4471860290649845	
4253	 0.010611753011052352	 2.450504317303797	
4254	 0.010619971279226776	 2.45366812068748	
4255	 0.010629639358716473	 2.4573921509037695	
4256	 0.010638747690531643	 2.460902639337601	
4257	 0.01065073992529672	 2.4655276839408393	
4258	 0.010650394944665418	 2.465394586753923	
4259	 0.010658032816210205	 2.468342031154575	
4260	 0.010668311979305418	 2.4723109696895036	
4261	 0.010674639145001774	 2.4747552510103628	
4262	 0.010667759813025809	 2.472097705210427	
4263	 0.010654482983339136	 2.466971980196154	
4264	 0.010627642755716975	 2.4566228978793334	
4265	 0.010594690323885153	 2.4439408754115353	
4266	 0.010558295462656657	 2.4299645348561887	
4267	 0.01053151310467576	 2.419700072358791	
4268	 0.01052398726273695	 2.4168188874083447	
4269	 0.010532306906770459	 2.4200040507179943	
4270	 0.010566048687667638	 2.4329392373980343	
4271	 0.01059875066474685	 2.4455021135274344	
4272	 0.010630031167466287	 2.457543118643417	
4273	 0.010646175621715366	 2.463766959754144	
4274	 0.010658662580958432	 2.4685851193869395	
4275	 0.010665057805048938	 2.4710542084398868	
4276	 0.010654018760917575	 2.4667928369698435	
4277	 0.010630672256995993	 2.4577901447040893	
4278	 0.010610322166022047	 2.4499536488881852	
4279	 0.010604929331120299	 2.4478786322536643	
4280	 0.010618570065696234	 2.4531285772072797	
4281	 0.010638404320414822	 2.4607702629589165	
4282	 0.01067602377732921	 2.4752902845968077	
4283	 0.01065943344633171	 2.4688826852791963	
4284	 0.010641514853983224	 2.4619695428289075	
4285	 0.010618324057816094	 2.4530338556806273	
4286	 0.010579815400494552	 2.4382247389719702	
4287	 0.010534922440144518	 2.421005750433297	
4288	 0.01049963156145696	 2.407503993012164	
4289	 0.010462103965781103	 2.393179656449063	
4290	 0.010430874161495048	 2.3812852768230433	
4291	 0.010406091675247364	 2.371863340313822	
4292	 0.010403904797601173	 2.371032639137641	
4293	 0.010411795687256108	 2.3740305979178395	
4294	 0.010420823077763913	 2.3774622017173277	
4295	 0.010432067385195382	 2.3817392998720344	
4296	 0.010454970422995449	 2.390460641690135	
4297	 0.010480924827416775	 2.4003593319837733	
4298	 0.010499411936361077	 2.4074200623514357	
4299	 0.010511610268026796	 2.4120834790371677	
4300	 0.010517371969300832	 2.4142874299039696	
4301	 0.010515003548328886	 2.4133813702645956	
4302	 0.01051785956249105	 2.414473979722878	
4303	 0.010522407550595258	 2.416214286538987	
4304	 0.010525051243401463	 2.4172261372397577	
4305	 0.010525484075539496	 2.417391816163763	
4306	 0.010508914713174352	 2.4110526589295485	
4307	 0.010477494932329771	 2.399050274068485	
4308	 0.010445082210150903	 2.386693704390301	
4309	 0.010400990225527502	 2.369925698952124	
4310	 0.010343014150551378	 2.347949659956772	
4311	 0.010276148049098457	 2.3227056207360475	
4312	 0.010198749051415592	 2.2936215453863347	
4313	 0.01011662514569334	 2.2629224989216064	
4314	 0.0100378535738762	 2.233632277939941	
4315	 0.009968653463501141	 2.2080271798042275	
4316	 0.009923623344688121	 2.191428826332851	
4317	 0.009894622873714676	 2.1807656277107834	
4318	 0.009876952560568347	 2.174278624897026	
4319	 0.009866540769271116	 2.170459940350203	
4320	 0.009859698040346341	 2.1679517266987163	
4321	 0.009860147300222107	 2.1681163680688122	
4322	 0.009873312954902588	 2.172943438312592	
4323	 0.009895168927376503	 2.180966214261254	
4324	 0.009909723570129526	 2.186315414681937	
4325	 0.009921874107982532	 2.19078505903643	
4326	 0.009932817372702173	 2.1948137256668603	
4327	 0.009943277571237573	 2.1986673227151896	
4328	 0.009953231159375438	 2.2023367919377135	
4329	 0.009959415181953488	 2.204617813485164	
4330	 0.009954803213552304	 2.202916565978196	
4331	 0.009936092483956015	 2.1960200046252956	
4332	 0.009918330231710279	 2.1894810468599792	
4333	 0.009893716125891521	 2.1804325605983164	
4334	 0.009864078244933764	 2.169557164345179	
4335	 0.009831804324034393	 2.1577392459428513	
4336	 0.009797453605203205	 2.1451892369408423	
4337	 0.009764580278625413	 2.1332064285229877	
4338	 0.009733613177716862	 2.121943039235014	
4339	 0.009707222256951873	 2.112362937266605	
4340	 0.009700397777237841	 2.109888422394833	
4341	 0.009696503148998165	 2.1084767738804073	
4342	 0.009691742212604675	 2.106751636367631	
4343	 0.009691611103600792	 2.106704136675474	
4344	 0.009698517323883571	 2.1092067853333596	
4345	 0.009715481927432898	 2.1153593951986633	
4346	 0.009741498415148818	 2.12480880315966	
4347	 0.009788230192979573	 2.1418244587237156	
4348	 0.009834120759764869	 2.1585866076702107	
4349	 0.009859510441940946	 2.1678829785305327	
4350	 0.009881057571206409	 2.1757849385919523	
4351	 0.009903734959688356	 2.184113813797553	
4352	 0.009927244032041295	 2.192761579384367	
4353	 0.009950955727072944	 2.2014977199639976	
4354	 0.009958320711519121	 2.204214041345233	
4355	 0.009949036414142447	 2.2007900674376724	
4356	 0.009953367821480133	 2.202387190539253	
4357	 0.009959585271051757	 2.2046805654278803	
4358	 0.009964484531555774	 2.2064883842496577	
4359	 0.0099639094674599	 2.20627615587094	
4360	 0.009960968880573464	 2.205191054936987	
4361	 0.009958819386688127	 2.204398008968731	
4362	 0.009959684188654738	 2.2047170599928183	
4363	 0.009967725508479085	 2.2076846249579942	
4364	 0.01001054002343336	 2.2235117418877257	
4365	 0.01005276616247367	 2.23916562086667	
4366	 0.010093427886020218	 2.254281035404354	
4367	 0.01013396058570013	 2.2693889438952226	
4368	 0.010173784545692784	 2.2842719680436763	
4369	 0.010212975266902017	 2.29895630482077	
4370	 0.010251432341092206	 2.313402316802525	
4371	 0.010288967708974665	 2.3275369830208983	
4372	 0.010325447319134972	 2.341307063684356	
4373	 0.010344948601911078	 2.348681599651027	
4374	 0.010358369473552528	 2.353762176459559	
4375	 0.010365309985650311	 2.3563912844621093	
4376	 0.010368968410805469	 2.3577775905386154	
4377	 0.010370780178496642	 2.3584642538413694	
4378	 0.010356103801661673	 2.3529041804224295	
4379	 0.010321816909937968	 2.3399352253817347	
4380	 0.010291063091759462	 2.3283270545054937	
4381	 0.010260238993286262	 2.316715538858176	
4382	 0.010240205209549864	 2.3091812173383293	
4383	 0.010233102338571318	 2.306512321649924	
4384	 0.010229116099673276	 2.3050150378158385	
4385	 0.010232550055636457	 2.3063048536968385	
4386	 0.010240029147971261	 2.309115047479413	
4387	 0.010251731921395819	 2.31351499317405	
4388	 0.010260914355923457	 2.3169697008139014	
4389	 0.010266669191171883	 2.3191358936495585	
4390	 0.010268981693375753	 2.320006576798478	
4391	 0.01027201826111328	 2.3211500773104126	
4392	 0.01028264007968713	 2.325151779076327	
4393	 0.010299921976287202	 2.331668513398891	
4394	 0.01031858685175127	 2.3387149398175593	
4395	 0.01033830420127898	 2.346167934803153	
4396	 0.010346309026109087	 2.3491963989450984	
4397	 0.010356456342785687	 2.3530376773618253	
4398	 0.01036319744429687	 2.355590916721446	
4399	 0.010367306591545717	 2.3571478282951874	
4400	 0.010370333762728935	 2.358295054014968	
4401	 0.010372745032274764	 2.359209027453635	
4402	 0.01035574976574719	 2.3527701204988314	
4403	 0.010319892686673257	 2.339208241292474	
4404	 0.010287571723582953	 2.327010681327649	
4405	 0.010251583260929632	 2.313459079604582	
4406	 0.010221694906326819	 2.302228575951001	
4407	 0.010196251140608039	 2.2926853530713296	
4408	 0.010176240696053987	 2.28519115514298	
4409	 0.010156893434212853	 2.2779546637880204	
4410	 0.010139167687630781	 2.271332732027156	
4411	 0.010126510092976923	 2.2666088656745638	
4412	 0.010126183949804609	 2.2664871996937475	
4413	 0.010125520126214833	 2.26623957189382	
4414	 0.010122719552134923	 2.2651949857779607	
4415	 0.010118554165827933	 2.2636416947083586	
4416	 0.010116298367043053	 2.2628006752259138	
4417	 0.010118926572603288	 2.263780549501279	
4418	 0.01012462044611204	 2.2659039792134794	
4419	 0.010131243000281905	 2.26837474565386	
4420	 0.010140277956970846	 2.271747276760664	
4421	 0.010151600343354317	 2.2759764791429866	
4422	 0.01016736650748405	 2.2818707865782306	
4423	 0.010187254851454608	 2.289314899657306	
4424	 0.010209739515555188	 2.2977424787601706	
4425	 0.01023613028105056	 2.307649916622001	
4426	 0.010249629927133946	 2.312724449861645	
4427	 0.0102620195158608	 2.317385634185063	
4428	 0.010295608252261957	 2.3300411919680726	
4429	 0.010333930857867102	 2.3445140286129456	
4430	 0.010370823897725848	 2.3584808244982858	
4431	 0.010406781871822845	 2.3721255406029997	
4432	 0.010442433760834653	 2.3856851750629176	
4433	 0.010477539942219049	 2.3990674507477276	
4434	 0.010511848785573437	 2.4121747001679883	
4435	 0.010545180774292723	 2.424936098343649	
4436	 0.010568721867948638	 2.43396520176157	
4437	 0.010590253656907541	 2.442235392471172	
4438	 0.01061066254876834	 2.450084642533763	
4439	 0.010630761485320647	 2.457824527150348	
4440	 0.010652667014112853	 2.4662712281157044	
4441	 0.01067736062447439	 2.4758068974822605	
4442	 0.010704974899183718	 2.486487835052343	
4443	 0.010734258924441336	 2.4978347008700954	
4444	 0.010763340841514294	 2.5091236968962787	
4445	 0.010792011898598226	 2.520273129558334	
4446	 0.01082047144467014	 2.531359857517268	
4447	 0.010850447250406826	 2.543058300224354	
4448	 0.010882475272915365	 2.5555814770779883	
4449	 0.01091150807865175	 2.5669547569232423	
4450	 0.010928151330165786	 2.5734836728612187	
4451	 0.010939057541119282	 2.5777656248594734	
4452	 0.010969655284646771	 2.5897939810347754	
4453	 0.010995233426833468	 2.5998662500367766	
4454	 0.01101559653242443	 2.607896097236299	
4455	 0.011028002493139509	 2.6127930329274562	
4456	 0.011027068005931109	 2.6124240400382845	
4457	 0.011012704438029505	 2.6067550451561754	
4458	 0.01098808230548527	 2.597048676367343	
4459	 0.010960638751012247	 2.586247141206617	
4460	 0.010944607431418485	 2.5799456931855533	
4461	 0.010929077388170064	 2.5738471473409184	
4462	 0.010913827106742607	 2.5678640815641627	
4463	 0.01090052435361434	 2.5626496288681326	
4464	 0.010889105129043451	 2.55817686975844	
4465	 0.010876403291397113	 2.55320540042054	
4466	 0.010860686543185151	 2.547059257949561	
4467	 0.0108430741615342	 2.5401788570913677	
4468	 0.010827225953129951	 2.533994007848436	
4469	 0.010810451295270664	 2.527454178397023	
4470	 0.010792802145367826	 2.5205807160599862	
4471	 0.010775092209064651	 2.513691108428646	
4472	 0.010758968271703275	 2.5074250556570106	
4473	 0.010743278486910817	 2.5013337292095317	
4474	 0.010712723174787107	 2.4894880975609723	
4475	 0.010663888837390462	 2.4706028158381472	
4476	 0.010628633874306775	 2.4570047449119863	
4477	 0.01058111950529961	 2.4387256663074552	
4478	 0.01053520382750194	 2.4211135263376082	
4479	 0.010488302473174867	 2.4031760611053783	
4480	 0.010434323053521788	 2.3825976789622927	
4481	 0.01038322322714859	 2.3631823528655564	
4482	 0.010338224253206744	 2.3461376959431544	
4483	 0.010306792407117744	 2.3342612723369838	
4484	 0.010291890879038982	 2.3286392041797557	
4485	 0.010286038054314536	 2.326432526198072	
4486	 0.010283461288041836	 2.3254612788550952	
4487	 0.010280526672569226	 2.32435534683484	
4488	 0.0102765809897118	 2.322868718119958	
4489	 0.010271930365669674	 2.3211169747709666	
4490	 0.010267027484425833	 2.3192707865403794	
4491	 0.010264566787493724	 2.318344428420995	
4492	 0.010266311573167377	 2.3190012581111223	
4493	 0.01026998157500007	 2.3203830839834105	
4494	 0.010273879230158952	 2.3218509861917656	
4495	 0.0102776010740661	 2.323253022400392	
4496	 0.010280736197823557	 2.3244343010345716	
4497	 0.01028221217587898	 2.3249905157736808	
4498	 0.010272530822607224	 2.321343118234744	
4499	 0.010256340525054529	 2.3152486305330986	
4500	 0.010262196050328016	 2.317452076724873	
4501	 0.010267581848409854	 2.3194795037722673	
4502	 0.01026661094224984	 2.319113963961704	
4503	 0.01030249516842027	 2.332639448051636	
4504	 0.010295680360570807	 2.3300683905751605	
4505	 0.010292267967775456	 2.328781405833122	
4506	 0.010301357448953488	 2.3322101359329848	
4507	 0.01030285878630614	 2.3327766639055625	
4508	 0.01032012462001058	 2.339295862429466	
4509	 0.01034165100536873	 2.3474339405843896	
4510	 0.010363031323442053	 2.35552798397508	
4511	 0.010384027252453467	 2.3634873492707276	
4512	 0.010404312412219308	 2.3711874656513845	
4513	 0.010423916990741997	 2.3786387545097893	
4514	 0.010442362859602119	 2.385658178221568	
4515	 0.010460228646053378	 2.3924647414765396	
4516	 0.010480152606874373	 2.400064580440423	
4517	 0.010500486916854285	 2.407830881856097	
4518	 0.010521092104898547	 2.4157108741433317	
4519	 0.010542854819937731	 2.424044715493761	
4520	 0.010566670139709385	 2.4331777347372285	
4521	 0.010590537251684103	 2.4423443938550933	
4522	 0.010602907375263449	 2.4471008197516273	
4523	 0.010609066491143408	 2.449470436433264	
4524	 0.010625181061753097	 2.455674586800413	
4525	 0.010628575741292837	 2.4569823474222803	
4526	 0.010628038601357758	 2.4567754019922625	
4527	 0.01062739186663552	 2.4565262419186373	
4528	 0.010623209113162169	 2.4549150445343093	
4529	 0.01061920813109637	 2.453374261232086	
4530	 0.010616940652610084	 2.4525012241638873	
4531	 0.010620702173765649	 2.453949573703955	
4532	 0.010634240992886082	 2.4591654395669234	
4533	 0.010646951402032869	 2.464066189012289	
4534	 0.010656578733569224	 2.4677807940522456	
4535	 0.010667973123569608	 2.472180091770464	
4536	 0.010685774084636413	 2.479059195207214	
4537	 0.010709178189901468	 2.488115240252269	
4538	 0.010738237735079101	 2.4993779900153053	
4539	 0.010766785342238107	 2.5104621289612368	
4540	 0.010786234320305215	 2.518024788092057	
4541	 0.010801403360163614	 2.523929524302901	
4542	 0.010816350125234303	 2.5297531471788015	
4543	 0.010833431227496651	 2.5364149314017457	
4544	 0.010853450722726237	 2.544231632801155	
4545	 0.010871302984849405	 2.5512102410736706	
4546	 0.010875636291069374	 2.5529053221543196	
4547	 0.010853055578278552	 2.54407725381939	
4548	 0.010877641715235042	 2.553689946392046	
4549	 0.010938931031704395	 2.5777159389271254	
4550	 0.011061492758912318	 2.626030800588262	
4551	 0.011204483121107198	 2.6828514589620966	
4552	 0.011266529128403905	 2.707658091326223	
4553	 0.011345403107680103	 2.739324417120623	
4554	 0.011447908179789454	 2.7806979220841535	
4555	 0.011713471447641951	 2.889036012230868	
4556	 0.012528349690095562	 3.2317172874585074	
4557	 0.014248901338413502	 4.004785091893757	
4558	 0.016481893014357464	 5.104525776753645	
4559	 0.0186847688311003	 6.291532801108651	
4560	 0.020968278432779805	 7.62456155183631	
4561	 0.023623090160998953	 9.300467136226699	
4562	 0.026720584863746632	 11.420545533090056	
4563	 0.02998884797210134	 13.842351961097181	
4564	 0.030631359686520143	 14.340161474805956	
4565	 0.030574738932208537	 14.296010078994511	
4566	 0.03019081095796647	 13.998071730571503	
4567	 0.02972785676581091	 13.642153012176781	
4568	 0.02926850041069943	 13.292633664913327	
4569	 0.028823829130142253	 12.95775331148874	
4570	 0.02838973248977196	 12.634141902857058	
4571	 0.027978832131113938	 12.330846389783789	
4572	 0.02757141545942516	 12.033039825378225	
4573	 0.027173837791460393	 11.74523960937684	
4574	 0.026783404113847564	 11.465329494066488	
4575	 0.02639933857600008	 11.192626028500818	
4576	 0.02601887919052139	 10.925078285898977	
4577	 0.025647582328584148	 10.666476255807344	
4578	 0.02528055360906903	 10.413288089988288	
4579	 0.02492997150903647	 10.173722485038025	
4580	 0.024594648886309203	 9.946675769906316	
4581	 0.024271326673876967	 9.729699841226536	
4582	 0.023958102123041954	 9.521329678233435	
4583	 0.023654276571764273	 9.320939747629518	
4584	 0.023359357642592053	 9.128058399047644	
4585	 0.02307267154688178	 8.942110991175221	
4586	 0.022792144381219088	 8.761643175787583	
4587	 0.022511318568288897	 8.582460365931846	
4588	 0.022249892185450506	 8.416989165347394	
4589	 0.021996203484398822	 8.257649866722566	
4590	 0.02175125279798752	 8.104956901297147	
4591	 0.021513635222074206	 7.957926389934445	
4592	 0.021284975747617695	 7.81745727033083	
4593	 0.021070935080631095	 7.686876997729842	
4594	 0.020872406383339735	 7.566547911420315	
4595	 0.020669003702161154	 7.444053545777703	
4596	 0.020519796483743986	 7.3547062553648885	
4597	 0.02036453800611329	 7.2621941178006395	
4598	 0.0202536094017456	 7.196383519499261	
4599	 0.02009495197527394	 7.10267382350271	
4600	 0.019956599200568064	 7.021358403188829	
4601	 0.019775031880408443	 6.915213141255764	
4602	 0.019579901821211082	 6.801861214473953	
4603	 0.019383550494349446	 6.688557524326041	
4604	 0.019201003969177243	 6.583903835860628	
4605	 0.01902832711897404	 6.485516940041581	
4606	 0.018861011595105295	 6.390750854148525	
4607	 0.018696573773981946	 6.298159127459969	
4608	 0.018533473971908618	 6.206855536929603	
4609	 0.01837315566129802	 6.117629538209502	
4610	 0.018217998897967786	 6.031769021061842	
4611	 0.018068589956880484	 5.949548653576644	
4612	 0.017921570394546196	 5.8690843887998	
4613	 0.01778024057894254	 5.792147838941499	
4614	 0.01764413413243116	 5.718439109921925	
4615	 0.017511800863269828	 5.647136255198832	
4616	 0.01738394136291858	 5.578584262601583	
4617	 0.017263760327490472	 5.514454784624793	
4618	 0.017145989769227304	 5.451899612010931	
4619	 0.01703320165560492	 5.392258827142499	
4620	 0.016921814169928696	 5.333616501081708	
4621	 0.016811093276694233	 5.2755795940070005	
4622	 0.016700272938296016	 5.2177451735796545	
4623	 0.01659003469239304	 5.160467813567222	
4624	 0.01648717802274859	 5.107254058119387	
4625	 0.01638744452047312	 5.055866997709033	
4626	 0.01628919822644054	 5.005449650866787	
4627	 0.016192835644614875	 4.956195508090781	
4628	 0.016096223086086166	 4.907009372970874	
4629	 0.016004784827260834	 4.860638429520319	
4630	 0.015913730166669263	 4.814637193268257	
4631	 0.0158215300157034	 4.768235708830659	
4632	 0.015729886393012562	 4.72229260249534	
4633	 0.015638621074800886	 4.676716147491067	
4634	 0.015548903679695233	 4.6320851976041135	
4635	 0.015461709178531898	 4.588873479038939	
4636	 0.015378427791092652	 4.5477524126091415	
4637	 0.015297523180093255	 4.507946811375698	
4638	 0.01521894796214826	 4.469421392944813	
4639	 0.015144824881856325	 4.433200191255355	
4640	 0.015138197115708315	 4.4299671916402685	
4641	 0.015305578004507816	 4.511903562228286	
4642	 0.015525758271603716	 4.62059903981703	
4643	 0.015669843489248266	 4.692288228356947	
4644	 0.01570316038164258	 4.708927751365116	
4645	 0.015678645012788463	 4.696681701000551	
4646	 0.01564441757402541	 4.679605567914337	
4647	 0.015605656499111595	 4.660297647910895	
4648	 0.015542002653072736	 4.628659295415833	
4649	 0.015475542343852667	 4.595718083961799	
4650	 0.015416339138340182	 4.566453182107039	
4651	 0.015366766531563455	 4.542006364082875	
4652	 0.015325042152761542	 4.521470616985917	
4653	 0.015284941316913516	 4.501769033655414	
4654	 0.015251061756863473	 4.485150799581808	
4655	 0.015223809479448775	 4.471801154783078	
4656	 0.015196660487304857	 4.458517936351563	
4657	 0.015165225139665207	 4.443157280960945	
4658	 0.01512785578473161	 4.4249246135805755	
4659	 0.015085120091835278	 4.404110461535134	
4660	 0.015035381688126634	 4.379935139385737	
4661	 0.01498418204477618	 4.355105210497844	
4662	 0.014932379504261689	 4.330040397756834	
4663	 0.01488110966176222	 4.305290344253219	
4664	 0.01483288230038471	 4.282060847790484	
4665	 0.014790614832451962	 4.261743387506937	
4666	 0.014753606730004545	 4.243985791857696	
4667	 0.014730766361094301	 4.233041104191215	
4668	 0.014708081934060003	 4.222182332945141	
4669	 0.014694100858496357	 4.215495312813982	
4670	 0.014658097026087266	 4.198294533355859	
4671	 0.014614436884946602	 4.177473722100358	
4672	 0.014532684639273765	 4.1385988462598835	
4673	 0.014437000227908921	 4.093283789272466	
4674	 0.01433290629838656	 4.044212986538931	
4675	 0.014236758008957096	 3.999098383462693	
4676	 0.014152930600923761	 3.9599303302525435	
4677	 0.014080811597444502	 3.9263564983835644	
4678	 0.01401854279625535	 3.8974603257875833	
4679	 0.013961535223071074	 3.8710805700478974	
4680	 0.013906601790292288	 3.8457284487815473	
4681	 0.01385283481773614	 3.820979222636945	
4682	 0.01380085953396415	 3.7971155149599274	
4683	 0.013751674070975432	 3.774587820760218	
4684	 0.013709803174508697	 3.7554525848172964	
4685	 0.013668348182406774	 3.7365457622265867	
4686	 0.013627198093049195	 3.7178157694956178	
4687	 0.013586265005644084	 3.699221918612045	
4688	 0.013550658124239766	 3.683077838061239	
4689	 0.013519815000606087	 3.669116472442951	
4690	 0.013485402025119747	 3.6535642312581715	
4691	 0.013434948925284428	 3.6308107800753233	
4692	 0.013393255755647322	 3.6120508326446266	
4693	 0.013345322463606804	 3.5905311886824665	
4694	 0.013295480474374751	 3.568209218692687	
4695	 0.013244067024491515	 3.54524184353632	
4696	 0.01318352173180649	 3.518271219543185	
4697	 0.013123297039737207	 3.491525205913145	
4698	 0.013062934219765654	 3.4647998332265693	
4699	 0.01301292799926143	 3.44272205194117	
4700	 0.0129738419949042	 3.4255048815612654	
4701	 0.012931348745136337	 3.4068260329837243	
4702	 0.012884919268189644	 3.386463660280346	
4703	 0.01283849979240904	 3.366154515124333	
4704	 0.012795269712520934	 3.347284743469121	
4705	 0.012756654672790472	 3.330465316550867	
4706	 0.012722514332355507	 3.315623160480087	
4707	 0.012691783813346699	 3.3022860743927565	
4708	 0.01266451913520019	 3.2904711762884884	
4709	 0.012637949158333014	 3.2789736232783775	
4710	 0.012613100921133259	 3.268235685909197	
4711	 0.012587131856212429	 3.2570284546803387	
4712	 0.012561582638475111	 3.2460174456101014	
4713	 0.012535310227261976	 3.2347103198532117	
4714	 0.012499805368928252	 3.2194548183763123	
4715	 0.012469840127914323	 3.206602000939121	
4716	 0.012467043736160963	 3.205403610128585	
4717	 0.012473054023001993	 3.2079795336715553	
4718	 0.01248580014527249	 3.2134450790890736	
4719	 0.01250114084639003	 3.220028115631762	
4720	 0.012509773533056245	 3.2237349628930003	
4721	 0.012496401644924162	 3.2179938434983626	
4722	 0.012475519625706845	 3.209036495364668	
4723	 0.012457216712525523	 3.2011936706313695	
4724	 0.012447302600640654	 3.196948665122027	
4725	 0.012442253864140468	 3.194787772707033	
4726	 0.01243383875397238	 3.1911873492427136	
4727	 0.012415004878105835	 3.1831351195950814	
4728	 0.012396172905947831	 3.175091842133464	
4729	 0.01238181476596762	 3.1689648423007712	
4730	 0.012368216128877006	 3.1631663082512493	
4731	 0.012353359355854219	 3.156836154653399	
4732	 0.012345669392689702	 3.153561618089477	
4733	 0.012336314049062186	 3.149579763020176	
4734	 0.012325222597773824	 3.1448615870839953	
4735	 0.012313293314316832	 3.139790165436889	
4736	 0.012300606747236197	 3.1344003974113543	
4737	 0.01228677525472333	 3.1285284399258395	
4738	 0.012264110282210573	 3.1189158822233414	
4739	 0.01224004906156499	 3.108724106740255	
4740	 0.012235594619892761	 3.1068387724788122	
4741	 0.012218038109297951	 3.0994124673860193	
4742	 0.012192247840574247	 3.0885162248091005	
4743	 0.012164878197811329	 3.076969500233532	
4744	 0.012139012239858948	 3.0660730572514256	
4745	 0.012113931318523447	 3.0555220940411467	
4746	 0.012091725923767779	 3.046192944097472	
4747	 0.012083529474470769	 3.0427522546836956	
4748	 0.012086855358130867	 3.044148200085215	
4749	 0.012089590124220036	 3.045296232510827	
4750	 0.012086527971494484	 3.044010777459261	
4751	 0.012080476575706036	 3.041471112407626	
4752	 0.012076081692325066	 3.03962718821399	
4753	 0.0120761928810149	 3.039673833200684	
4754	 0.012082714947856944	 3.0424104192666683	
4755	 0.012097895173921253	 3.048783685660239	
4756	 0.012125266437137015	 3.0602887143893724	
4757	 0.012156914800357448	 3.0736131460455134	
4758	 0.01218621038703577	 3.085967652497815	
4759	 0.012211607519542249	 3.096694143191954	
4760	 0.012235055588503902	 3.106610659464008	
4761	 0.012256435905116901	 3.1156637447481663	
4762	 0.012267128781168535	 3.1201953902727175	
4763	 0.01226950942248918	 3.121204665644618	
4764	 0.01230250473454816	 3.1352065037390187	
4765	 0.012334556549517785	 3.148831954273686	
4766	 0.012360174466650501	 3.15973929805737	
4767	 0.012375552246069642	 3.166293941509316	
4768	 0.012367756435470317	 3.1629703666718947	
4769	 0.012353267100322788	 3.15679686238969	
4770	 0.0123390714342668	 3.1507531620926406	
4771	 0.012337938651240584	 3.150271087664913	
4772	 0.01233654843811195	 3.149679499954062	
4773	 0.012335752572177998	 3.1493408492199184	
4774	 0.012344640860454406	 3.153123752038122	
4775	 0.012347863557788264	 3.154495797859325	
4776	 0.012350901871870271	 3.155789562167338	
4777	 0.012357496053337016	 3.1585982035279923	
4778	 0.012367886930970923	 3.1630259891090553	
4779	 0.012381501730408305	 3.1688313144428166	
4780	 0.01238831821031298	 3.1717394483030428	
4781	 0.012395630811445008	 3.174860430019862	
4782	 0.012402769243049127	 3.1779082612289202	
4783	 0.012410115451843158	 3.181046026416689	
4784	 0.012417598375771072	 3.1842434596540086	
4785	 0.012424817216970165	 3.1873292686299717	
4786	 0.012426071432339625	 3.1878655249247427	
4787	 0.01244022588024164	 3.1939199467995687	
4788	 0.012523419447749968	 3.2295979528186125	
4789	 0.01262119758426658	 3.2717330369721966	
4790	 0.012705185346621494	 3.308099713671401	
4791	 0.012777668966068112	 3.3396142405457905	
4792	 0.01284524211607021	 3.36910133865796	
4793	 0.012923041730663517	 3.4031792758850314	
4794	 0.013008119460756895	 3.440602054761494	
4795	 0.013086108990203228	 3.4750506459475856	
4796	 0.01317013524788179	 3.512319175835597	
4797	 0.013298824958233311	 3.569705318411596	
4798	 0.013445091290391231	 3.6353802397592903	
4799	 0.013589740713259272	 3.7007993094761127	
4800	 0.013724234888608999	 3.76204356601361	
4801	 0.01383968901390515	 3.8149378655714674	
4802	 0.013936246698354731	 3.859401481975477	
4803	 0.014020671725863017	 3.89844685708232	
4804	 0.014100853170267892	 3.935675053074717	
4805	 0.014169358410901023	 3.9675940138797676	
4806	 0.014228745565637876	 3.9953479348528105	
4807	 0.01428216476151445	 4.020378866544585	
4808	 0.014326304526650445	 4.04110883922226	
4809	 0.01451124977693159	 4.128430195681615	
4810	 0.014719799804691262	 4.227790148233367	
4811	 0.015010054624203259	 4.367645395070019	
4812	 0.015112859330868592	 4.41761621408659	
4813	 0.015232738725612361	 4.476173430937165	
4814	 0.015355721792911834	 4.536566784069446	
4815	 0.015466055389312646	 4.591023530265217	
4816	 0.015572469004212866	 4.643791459812169	
4817	 0.015870449412406673	 4.79283294438756	
4818	 0.015966999782348338	 4.841528012017626	
4819	 0.016069307648806694	 4.893341500677218	
4820	 0.016167738318423518	 4.943399418896383	
4821	 0.01626225913781207	 4.9916605637514735	
4822	 0.01634581545894162	 5.034479411646528	
4823	 0.01669084182413021	 5.212835085507397	
4824	 0.017711251185840046	 5.754739298072158	
4825	 0.018524235331137326	 6.201699696564814	
4826	 0.019169850302071988	 6.566109471502755	
4827	 0.019877103388818866	 6.974805121151713	
4828	 0.020483277249874372	 7.332903824209452	
4829	 0.02099243515829613	 7.639207100243341	
4830	 0.02136259439478515	 7.865027423124793	
4831	 0.02180719224722368	 8.139726958671332	
4832	 0.02245469997443694	 8.546514053360164	
4833	 0.022759006535652253	 8.740422322964998	
4834	 0.022782512685634942	 8.755473097289013	
4835	 0.022745071757791203	 8.731504902069764	
4836	 0.022603262406240623	 8.640962653631815	
4837	 0.022410426416509137	 8.518447483326963	
4838	 0.02220300148008148	 8.387445858300078	
4839	 0.021996209560788516	 8.25765366864405	
4840	 0.021787496193891042	 8.127477771723573	
4841	 0.0215796946581696	 7.998693869550246	
4842	 0.021374489569124366	 7.8723278188734405	
4843	 0.021177451613872814	 7.751749802710434	
4844	 0.02099566083569714	 7.641163589143054	
4845	 0.02082454924379771	 7.537655178932355	
4846	 0.020656478065349544	 7.436536438190057	
4847	 0.020491094546794274	 7.337568668433123	
4848	 0.02032777977379825	 7.240360021280064	
4849	 0.020163158601970002	 7.142899292811007	
4850	 0.019995653857589786	 7.044274430571619	
4851	 0.019824673974265718	 6.944169928500634	
4852	 0.019658555884553543	 6.84746155165732	
4853	 0.019474834457107588	 6.741137844913173	
4854	 0.01929627984283495	 6.63844301154903	
4855	 0.019122784893271655	 6.539263179086704	
4856	 0.01895527242323263	 6.444070761672769	
4857	 0.01881213124540156	 6.363170838099941	
4858	 0.01868755368378331	 6.293095737442127	
4859	 0.01856254988125182	 6.2230932130055345	
4860	 0.018456519145999627	 6.163961430347321	
4861	 0.018358592932039983	 6.109550192763805	
4862	 0.018255009090985343	 6.052205593414519	
4863	 0.018143040355629553	 5.990462597722	
4864	 0.0180317745483031	 5.929358342897064	
4865	 0.01791409913528401	 5.865007052900532	
4866	 0.017793907040158236	 5.799569789812397	
4867	 0.017679196234378098	 5.73739094915163	
4868	 0.017576892586255933	 5.682163785129185	
4869	 0.017483886477321166	 5.632141360408489	
4870	 0.01739419023114819	 5.5840668522461785	
4871	 0.01731041478546788	 5.539314720628067	
4872	 0.01723972326964633	 5.501664046714441	
4873	 0.017188562828565356	 5.474479828404182	
4874	 0.017148219672455223	 5.4530813981243815	
4875	 0.017111040981318874	 5.433391125124018	
4876	 0.01706614785642456	 5.409653184639961	
4877	 0.017011576421325197	 5.380853699358639	
4878	 0.016957045192959267	 5.352136889588915	
4879	 0.017054818713432247	 5.40366929453266	
4880	 0.017006529555815695	 5.3781933776789375	
4881	 0.01698074167412639	 5.364608193608825	
4882	 0.016983294440453434	 5.365952390626792	
4883	 0.016981375622081723	 5.364941995746043	
4884	 0.016982699732588494	 5.365639226333497	
4885	 0.016982950420710182	 5.3657712340687205	
4886	 0.016979005405929632	 5.363694012777158	
4887	 0.01696547908075395	 5.356574259098757	
4888	 0.01695415140491351	 5.3506147033304	
4889	 0.016929265912508124	 5.337531622173083	
4890	 0.016902673450193972	 5.323565297274061	
4891	 0.016880644925442844	 5.312007033187945	
4892	 0.016858487499222148	 5.300391274496154	
4893	 0.016834744547334017	 5.287955614992068	
4894	 0.016808517775003813	 5.274232609403915	
4895	 0.0167789505283996	 5.258778829595726	
4896	 0.016745171671962312	 5.241145992080013	
4897	 0.016707779605138	 5.221654664870266	
4898	 0.01666389186247783	 5.198814414615952	
4899	 0.016613704705496134	 5.17274490500452	
4900	 0.016565147627356624	 5.147572053138176	
4901	 0.016513750940630314	 5.120980638186891	
4902	 0.01645575971896312	 5.091043550818423	
4903	 0.016394143968729683	 5.059312332014622	
4904	 0.01632774398924646	 5.025206201451766	
4905	 0.016261865473001156	 4.991459174629256	
4906	 0.01619832270582085	 4.958994896281015	
4907	 0.016152664066775787	 4.935720042886286	
4908	 0.016104255063477475	 4.911091028589833	
4909	 0.016069155667666164	 4.893264366750653	
4910	 0.016043014625507338	 4.880004423619155	
4911	 0.016019876853623376	 4.868279887940986	
4912	 0.015991991085182806	 4.854164409011715	
4913	 0.015961310743144014	 4.838653294198574	
4914	 0.01593000330754042	 4.822845615774735	
4915	 0.01589897529575178	 4.807199444868488	
4916	 0.015868588306416156	 4.7918962326841035	
4917	 0.015845767124726233	 4.78041607864194	
4918	 0.015831347113777233	 4.773167798061527	
4919	 0.01582507403630537	 4.770015982010068	
4920	 0.015825249037366977	 4.770103897442655	
4921	 0.01583029603241011	 4.772639639521823	
4922	 0.01583549671035821	 4.775253159792834	
4923	 0.015835023989909432	 4.775015577796329	
4924	 0.015819402412461617	 4.7671670744035595	
4925	 0.015803320862000522	 4.759092869599037	
4926	 0.01578624306927024	 4.7505244678077245	
4927	 0.015769817240283743	 4.7422890024118125	
4928	 0.01575574621242338	 4.735238716536288	
4929	 0.01573883413118905	 4.726770474329418	
4930	 0.015719749171071273	 4.717221508032269	
4931	 0.015702938010161937	 4.708816613833131	
4932	 0.015701404610211387	 4.708050274849613	
4933	 0.01577254722225001	 4.743657345315533	
4934	 0.01577469144086195	 4.744732198047643	
4935	 0.01736469982555092	 5.568296901516159	
4936	 0.01730681493505519	 5.537394939741086	
4937	 0.017184068274380085	 5.472094210928609	
4938	 0.01706030226718049	 5.406565297820292	
4939	 0.01693866852937021	 5.34247336584379	
4940	 0.01682560450494779	 5.283171521907267	
4941	 0.016720434804563804	 5.2282481765460505	
4942	 0.016622076782358223	 5.177090102010651	
4943	 0.016529527713088882	 5.1291373023742	
4944	 0.01644470565135034	 5.0853450255551325	
4945	 0.016373937594514644	 5.048923627382941	
4946	 0.016324361843187866	 5.023471443748332	
4947	 0.016285061832949237	 5.003331400837106	
4948	 0.016232373741009172	 4.976381182347149	
4949	 0.016177010004727165	 4.948125127238823	
4950	 0.01611832508644849	 4.918244343553362	
4951	 0.01611481518228402	 4.916459489651954	
4952	 0.016056280913169824	 4.886731898385718	
4953	 0.016003497621992654	 4.859986908560964	
4954	 0.0159500688286806	 4.832974671725049	
4955	 0.015904206561055803	 4.80983593487597	
4956	 0.015851750217311274	 4.783424797148339	
4957	 0.01580038914003727	 4.7576215043487755	
4958	 0.01574892745404	 4.731823688339167	
4959	 0.015697397739935913	 4.706048018530116	
4960	 0.01564464946966932	 4.679721177364494	
4961	 0.015591127676019606	 4.653068685159849	
4962	 0.015563597501514276	 4.639383083220303	
4963	 0.015505817859761063	 4.6107125450077655	
4964	 0.015436287747320821	 4.5763056806235385	
4965	 0.015394244249287708	 4.555550564827377	
4966	 0.015359171912745601	 4.538265702495142	
4967	 0.015314062059977004	 4.516072664555889	
4968	 0.01527550476802016	 4.497137850166258	
4969	 0.015250900006927635	 4.4850715187311945	
4970	 0.015234124539819397	 4.476852159054293	
4971	 0.01521736732985823	 4.468647766627806	
4972	 0.015186187818522845	 4.453398187084741	
4973	 0.015147208595302218	 4.434363188450579	
4974	 0.015103401972926851	 4.413009732787144	
4975	 0.015055202312856925	 4.389562562942009	
4976	 0.014996587587711361	 4.361116255243097	
4977	 0.014921702861362431	 4.32488166691894	
4978	 0.014834045039651323	 4.282620308665519	
4979	 0.014738717616087232	 4.236849917653068	
4980	 0.014652154554502882	 4.195458231300804	
4981	 0.014566169319194579	 4.154503921319882	
4982	 0.014482609370242719	 4.11485887277604	
4983	 0.014402001616070585	 4.076758720288722	
4984	 0.014337375276856024	 4.046314837430328	
4985	 0.014295195746297774	 4.02649435258483	
4986	 0.014277362335857746	 4.01812600936438	
4987	 0.01427523077726551	 4.017126239638403	
4988	 0.01433627341868026	 4.045796570687631	
4989	 0.014619716118529285	 4.179989101831516	
4990	 0.015202374816221805	 4.461312479188288	
4991	 0.015611640408890171	 4.663276307696518	
4992	 0.01600006183429917	 4.858248050320749	
4993	 0.01660120965692151	 5.1662625565328915	
4994	 0.017794820747370956	 5.800066139437135	
4995	 0.01985325980413786	 6.960866315313182	
4996	 0.02421380521642277	 9.69129895485642	
4997	 0.029802361142996094	 13.699184199617678	
4998	 0.03625204393825488	 18.9888098742999	
4999	 0.04041522377012416	 22.760679821689347	
5000	 0.04388534386850193	 26.110153564383697	
5001	 0.045039722731087965	 27.264849021391424	
5002	 0.04486895348187339	 27.092774587658077	
5003	 0.04398300387708384	 26.207065525217466	
5004	 0.042908078716256584	 25.14830377921246	
5005	 0.04186755774371776	 24.14013141123903	
5006	 0.04086695057103608	 23.186256583245612	
5007	 0.03990391349861742	 22.282781442312338	
5008	 0.03898996534641446	 21.438694318205652	
5009	 0.03811851884968295	 20.64604859587831	
5010	 0.0372862303087581	 19.900212454381077	
5011	 0.03649270611403514	 19.19937241027462	
5012	 0.03573377801650144	 18.538523505196785	
5013	 0.0350076700155766	 17.914949752161053	
5014	 0.03431167671561447	 17.325275614467532	
5015	 0.03364470386087158	 16.767620394544224	
5016	 0.03300742644515986	 16.24163290295768	
5017	 0.0323959477806472	 15.743262386890283	
5018	 0.031808904829331	 15.27067067112011	
5019	 0.03124032320018687	 14.81845004509252	
5020	 0.030683693958008077	 14.381018798514335	
5021	 0.030142878807377076	 13.961051496137857	
5022	 0.0296114640523185	 13.553247958633534	
5023	 0.02910001532487708	 13.165346064787656	
5024	 0.028608511669698935	 12.79682873670989	
5025	 0.028146804437430274	 12.454474547307555	
5026	 0.02770764025569251	 12.132290960484761	
5027	 0.02728376012660237	 11.824531821978843	
5028	 0.02688135623542564	 11.535299556061643	
5029	 0.02649009860138136	 11.25683260700174	
5030	 0.026092527405944123	 10.976667201067796	
5031	 0.025708347297798407	 10.708628366453219	
5032	 0.025338133960222033	 10.45284787091223	
5033	 0.02498015167855897	 10.207875590948587	
5034	 0.024634582143760193	 9.973606973599436	
5035	 0.024300519988899486	 9.749212306985271	
5036	 0.023976861117334602	 9.533758123871761	
5037	 0.023664105436047925	 9.327395728936404	
5038	 0.023395292783535013	 9.151474157082449	
5039	 0.023135199370217782	 8.982536570833057	
5040	 0.022886124802333947	 8.821938376812124	
5041	 0.022643727506886157	 8.666760259875739	
5042	 0.02240426846199224	 8.514546664545685	
5043	 0.02216689513188045	 8.364725517796767	
5044	 0.02193210564304453	 8.217583616708604	
5045	 0.02170078288213162	 8.07363763017063	
5046	 0.021477267189298908	 7.935518041870615	
5047	 0.02126053092874228	 7.802499680460693	
5048	 0.021055046611436562	 7.677218985605671	
5049	 0.02087457879565502	 7.5678605082079065	
5050	 0.020718858402220403	 7.474003333544375	
5051	 0.020583421532414336	 7.3927530120679155	
5052	 0.020432313447822866	 7.30252110210562	
5053	 0.020264819235542082	 7.203023088741934	
5054	 0.020086375935370618	 7.097622459655854	
5055	 0.0199015984879514	 6.989136410640148	
5056	 0.01971012443392887	 6.877424954124909	
5057	 0.01952067541020797	 6.767604700904395	
5058	 0.019360709182765928	 6.675426509865386	
5059	 0.019210176552924115	 6.58914670627726	
5060	 0.019061993968930362	 6.504652942985967	
5061	 0.018919270062602817	 6.4236846266631185	
5062	 0.018781577969941624	 6.345955843690914	
5063	 0.0186470441445768	 6.270375967036325	
5064	 0.01851061213893704	 6.1941000815693545	
5065	 0.018368180563479965	 6.114868893032226	
5066	 0.018224156883330657	 6.035167466965013	
5067	 0.018082597894140507	 5.957238096941423	
5068	 0.01794749293076726	 5.883240039618953	
5069	 0.01781444935051498	 5.810733011998993	
5070	 0.01768303166746951	 5.739465607043487	
5071	 0.01755360754833413	 5.6696235551831355	
5072	 0.0174259320600008	 5.601060676770758	
5073	 0.01729583778579466	 5.531542528536336	
5074	 0.017152673577513433	 5.45544214945947	
5075	 0.01700324937142496	 5.376464597401822	
5076	 0.016874576064090138	 5.308824495747546	
5077	 0.01675388408850158	 5.245691677135782	
5078	 0.016638463368134196	 5.185599137587595	
5079	 0.016525326289483517	 5.126964639705525	
5080	 0.016405927456546673	 5.065374519781309	
5081	 0.016284876809470876	 5.0032366585632	
5082	 0.016161804955668206	 4.9403761766391545	
5083	 0.01605018184071334	 4.883638533851637	
5084	 0.015957204570811533	 4.836578836280544	
5085	 0.015870302681952993	 4.79275909094599	
5086	 0.015786682159513454	 4.750744694186101	
5087	 0.015704694128592073	 4.709694320910464	
5088	 0.01562378588750083	 4.6693244025251595	
5089	 0.015544172364734352	 4.629736304130623	
5090	 0.015464073913638191	 4.590043253058578	
5091	 0.015382436290067244	 4.54972825879471	
5092	 0.015302246401781109	 4.510266819128803	
5093	 0.01522448098438155	 4.4721299030603765	
5094	 0.015149531435633983	 4.43549660346316	
5095	 0.015077618596737622	 4.400460956120104	
5096	 0.015010151033186259	 4.367692150524136	
5097	 0.014943403495256852	 4.335369540841629	
5098	 0.014859055432981941	 4.2946613268261356	
5099	 0.014763559889738573	 4.248758700105868	
5100	 0.014683180676867308	 4.210275239543441	
5101	 0.014612440439201681	 4.176522639742238	
5102	 0.014553760519055586	 4.148606950137754	
5103	 0.01450672242485647	 4.126283710086881	
5104	 0.014448114168596184	 4.098536979601403	
5105	 0.01439294677619075	 4.072487709726042	
5106	 0.014339359232546265	 4.047248071892424	
5107	 0.01429959809841496	 4.028561231769221	
5108	 0.014277433578847054	 4.018159426342686	
5109	 0.014260595815067919	 4.010264657897809	
5110	 0.014243445260388026	 4.002229616402658	
5111	 0.014224028538626277	 3.993140656474299	
5112	 0.014203262299959588	 3.9834291377879905	
5113	 0.014182937809872502	 3.973933368387264	
5114	 0.014163207427019715	 3.9647238444897326	
5115	 0.01414335584640463	 3.9554663772767733	
5116	 0.014126466695371057	 3.9475972083012483	
5117	 0.014109115268556068	 3.9395191803512604	
5118	 0.0140922368134479	 3.9316676982785643	
5119	 0.014075446599613692	 3.9238634817355527	
5120	 0.014060337829280555	 3.9168461156116847	
5121	 0.014054562022756465	 3.914164832541651	
5122	 0.014064554365172968	 3.9188040075339092	
5123	 0.014058027954780096	 3.9157737222809383	
5124	 0.014074118756191589	 3.9232465548961732	
5125	 0.014090872780373288	 3.9310334540706395	
5126	 0.014101667132470349	 3.936053700656658	
5127	 0.014105273146147984	 3.9377313596575285	
5128	 0.014107634621420923	 3.9388301655276123	
5129	 0.014107209630853367	 3.9386324063115232	
5130	 0.014105361437622177	 3.9377724399008915	
5131	 0.014104088698102138	 3.9371802764308366	
5132	 0.014105553542086752	 3.9378618228285207	
5133	 0.01410927829139993	 3.939595045501974	
5134	 0.014113966616545676	 3.9417770787059987	
5135	 0.014122818890689122	 3.945898408409169	
5136	 0.014138931665272433	 3.953404410848964	
5137	 0.014156345146105446	 3.961522750551902	
5138	 0.014168839061182882	 3.967351643030691	
5139	 0.014177878144595674	 3.9715708604843405	
5140	 0.014194243692474181	 3.9792144511882714	
5141	 0.014211505186898418	 3.9872828659959905	
5142	 0.01422371164499177	 3.9929923872439272	
5143	 0.014233567573231007	 3.9976048419740384	
5144	 0.01424101459994178	 4.001091372615339	
5145	 0.014247775811734883	 4.004257873025899	
5146	 0.01425538793527792	 4.007824082707486	
5147	 0.014264828147746248	 4.012248498944155	
5148	 0.014292871327901583	 4.025403222573251	
5149	 0.01432162481404471	 4.0389090199158115	
5150	 0.014348964143421617	 4.051767350527368	
5151	 0.014374486812961038	 4.063786013723947	
5152	 0.014398538948090569	 4.075125228536387	
5153	 0.014416316641727798	 4.083514521853644	
5154	 0.014450779446312179	 4.0997971683992835	
5155	 0.014708392503469187	 4.222330923575783	
5156	 0.014764969893645705	 4.249435022655866	
5157	 0.014793136304135509	 4.262954344142635	
5158	 0.01482789449199055	 4.279661257417416	
5159	 0.014870323697462079	 4.300090744575486	
5160	 0.01491944571979489	 4.323791378268517	
5161	 0.014965758616539336	 4.34618434987191	
5162	 0.014998608057878145	 4.362095578144713	
5163	 0.015143851038288325	 4.4327250948677515	
5164	 0.015131380353329098	 4.426642984615124	
5165	 0.01510948510250512	 4.4159724774267985	
5166	 0.01508910042643021	 4.406047400593351	
5167	 0.015067439515282366	 4.395510730343337	
5168	 0.015052073098328123	 4.388042055171704	
5169	 0.015060716456610838	 4.392242437695347	
5170	 0.015064436978140139	 4.394050981376503	
5171	 0.015069002593567747	 4.396270731729789	
5172	 0.015056790388392789	 4.390334300830195	
5173	 0.015006101243892246	 4.365728297080074	
5174	 0.014965613858118343	 4.34611428495779	
5175	 0.014929017510422008	 4.328415687221363	
5176	 0.014898844370483787	 4.313845194378171	
5177	 0.014860523166811579	 4.295368373480479	
5178	 0.014819334268301378	 4.275544263889774	
5179	 0.01477422195334674	 4.253873934297951	
5180	 0.014728078085639749	 4.231753675330789	
5181	 0.014695489998803163	 4.2161595361691795	
5182	 0.014649631790406738	 4.194254364673471	
5183	 0.014605198681540765	 4.173073481899131	
5184	 0.014562066026675969	 4.152553563644352	
5185	 0.014522911819038892	 4.13396140123405	
5186	 0.01452403148641918	 4.134492605621111	
5187	 0.014534916604997448	 4.139658260938061	
5188	 0.014536234630603764	 4.140283919900987	
5189	 0.014503351944693037	 4.124686004799147	
5190	 0.01445236262745795	 4.100545796830707	
5191	 0.014398461381011458	 4.075088639755342	
5192	 0.014342034825933367	 4.04850678267874	
5193	 0.014284421724267787	 4.021437800708166	
5194	 0.014229933601042393	 3.9959039392318503	
5195	 0.014181715603936865	 3.973362632678964	
5196	 0.014163538630622051	 3.964878369404853	
5197	 0.014154078440983363	 3.9604656127408817	
5198	 0.014150236020663096	 3.9586738563331014	
5199	 0.014148108905469732	 3.9576821021614372	
5200	 0.014125171849353572	 3.9469941589027404	
5201	 0.014090491828774731	 3.9308563275947326	
5202	 0.01404797017418581	 3.91110561852999	
5203	 0.014004790036147607	 3.8910897983656967	
5204	 0.013967147933544973	 3.8736746216720666	
5205	 0.013930645605452539	 3.8568166193283657	
5206	 0.013917741651574642	 3.8508641773949592	
5207	 0.013982083477066627	 3.8805808342580375	
5208	 0.01401414721482129	 3.895423759663583	
5209	 0.014087237258373742	 3.929343219345898	
5210	 0.014219966711182946	 3.9912403621554247	
5211	 0.014290784033092523	 4.024423504078243	
5212	 0.014339002312865803	 4.047080173815555	
5213	 0.01438794594057849	 4.070129670161242	
5214	 0.014446560684972094	 4.0978025375136	
5215	 0.014565538325672272	 4.154203976615598	
5216	 0.014634725199889276	 4.187143739572992	
5217	 0.014644060691249627	 4.191596317797755	
5218	 0.014625086806727904	 4.182548678096647	
5219	 0.014601171537612237	 4.171155897250546	
5220	 0.014579480458087147	 4.1608334306174095	
5221	 0.014555883726728357	 4.14961571375266	
5222	 0.014531484039078247	 4.138029019707355	
5223	 0.014507503792351144	 4.126654136265499	
5224	 0.014483982123262618	 4.1155089470905075	
5225	 0.014459768104184456	 4.10404830176248	
5226	 0.014434888218289973	 4.092285817276107	
5227	 0.014410022529535214	 4.080543541295481	
5228	 0.014386868656648635	 4.069621770948221	
5229	 0.0143692743555958	 4.06133030276615	
5230	 0.0143590702532726	 4.056524629872222	
5231	 0.014354239753137356	 4.054250475506319	
5232	 0.014351506664796988	 4.052963989002642	
5233	 0.014345769443845495	 4.050263964564039	
5234	 0.014336920632223768	 4.046100988911981	
5235	 0.014324968657664057	 4.040480830772892	
5236	 0.014313592867435753	 4.035134513741946	
5237	 0.014300464538662738	 4.02896807048667	
5238	 0.014288553442524402	 4.023376631955561	
5239	 0.014278120448797619	 4.018481612774206	
5240	 0.01426634683241395	 4.012960454771487	
5241	 0.01425925156780728	 4.009634644729013	
5242	 0.014239114340763376	 4.000201598415297	
5243	 0.014212965639352796	 3.9879658145935104	
5244	 0.01420229331832076	 3.982976215795459	
5245	 0.014188795100972863	 3.976669013259731	
5246	 0.014173896304151458	 3.9697120161625765	
5247	 0.014159509744044153	 3.9629988331553703	
5248	 0.014159563655123192	 3.9630239811322823	
5249	 0.014166101454293024	 3.9660741507309645	
5250	 0.014190027435233833	 3.977244670237601	
5251	 0.014249481440414819	 4.005056833941151	
5252	 0.01436490489483181	 4.059272204798494	
5253	 0.014547220826968974	 4.145500473737685	
5254	 0.014809182379943794	 4.270663822446194	
5255	 0.015150253661139118	 4.435849032369858	
5256	 0.015542972439377118	 4.62914066879006	
5257	 0.01594193986379966	 4.8288701537247	
5258	 0.016295818849050184	 5.008840822753833	
5259	 0.016571410440621926	 5.150816047284509	
5260	 0.01659917753433254	 5.165208612203281	
5261	 0.016648664851220067	 5.190899267735159	
5262	 0.01676521149190045	 5.2516040828637545	
5263	 0.017027205454674947	 5.3890954687178345	
5264	 0.017527925198507703	 5.655805101163953	
5265	 0.018057579336314005	 5.94350733033976	
5266	 0.018541534060036852	 6.211355058049102	
5267	 0.01907736822507071	 6.51339906227023	
5268	 0.019655265643636653	 6.845551565546606	
5269	 0.02032476064830424	 7.238567853653459	
5270	 0.020697056086265677	 7.460899859163027	
5271	 0.020681615354992685	 7.451625343764967	
5272	 0.020578184168631348	 7.389618187211741	
5273	 0.020411647722719282	 7.290215348468111	
5274	 0.020240039023381572	 7.188349080410393	
5275	 0.020078287490959405	 7.092859611219414	
5276	 0.019922854223879287	 7.001581987216583	
5277	 0.019765880050100795	 6.909880061466383	
5278	 0.019627750797712874	 6.829587531978989	
5279	 0.01949639067524819	 6.753578433840057	
5280	 0.019369031567731954	 6.6802096877155845	
5281	 0.01924866848602539	 6.611166142767051	
5282	 0.019134419243331948	 6.5458953638030595	
5283	 0.019018681067902842	 6.480038348790096	
5284	 0.018891765491172583	 6.408127731533233	
5285	 0.018762107966370175	 6.334995362154056	
5286	 0.01863425435501894	 6.26320964336405	
5287	 0.018512150625222507	 6.194958130091664	
5288	 0.018399063264312294	 6.132013530873041	
5289	 0.018301955542906624	 6.078168611156966	
5290	 0.0182057575596199	 6.025015591235543	
5291	 0.01810957821300337	 5.972059723585289	
5292	 0.0179991389869673	 5.911483306891329	
5293	 0.01788843493004165	 5.851009804867986	
5294	 0.017777494513970666	 5.790656970903513	
5295	 0.017656671084899666	 5.725212728236228	
5296	 0.017547988805283892	 5.666599223500095	
5297	 0.017440684443612117	 5.608965783415893	
5298	 0.01735661582020348	 5.563977107462028	
5299	 0.0172633162511029	 5.514218372422153	
5300	 0.01719461511612797	 5.477692916006407	
5301	 0.01714814767670585	 5.453043240797681	
5302	 0.017104512494397178	 5.429936502707701	
5303	 0.017061109417004058	 5.406991626437714	
5304	 0.01701618279707858	 5.3832822878413955	
5305	 0.01697299791372949	 5.36053142573369	
5306	 0.01692338578845013	 5.33444212867092	
5307	 0.016874075420643935	 5.308561990199155	
5308	 0.01683257351517611	 5.286819093620618	
5309	 0.01679163799427692	 5.265407908535589	
5310	 0.016750719068515038	 5.244040152290948	
5311	 0.016712427901390135	 5.224076096603509	
5312	 0.016676271630989725	 5.205253092139607	
5313	 0.016646470003957706	 5.1897587628285455	
5314	 0.016628783719216337	 5.180572126427514	
5315	 0.016588232071809973	 5.159533313956909	
5316	 0.016611527684455105	 5.171615247009188	
5317	 0.016640182310303158	 5.1864920537774175	
5318	 0.016627397249611462	 5.179852239525103	
5319	 0.016644690926908172	 5.188834377480462	
5320	 0.016642889408598777	 5.187898399063097	
5321	 0.01664354579999502	 5.188239419238729	
5322	 0.01660821812330474	 5.169898102091177	
5323	 0.016553701978031896	 5.141645580755053	
5324	 0.016493065363151052	 5.110293968077446	
5325	 0.01643985287511381	 5.082844158460513	
5326	 0.016391082782114774	 5.0577379349579346	
5327	 0.016347729905568608	 5.035462193083709	
5328	 0.016310071696665	 5.016144440225174	
5329	 0.016271203165613136	 4.996236981537624	
5330	 0.01623088377805236	 4.975619905646351	
5331	 0.016189347799538716	 4.954416408440878	
5332	 0.016145938825976616	 4.932295499558091	
5333	 0.01610594082031519	 4.9119478615736645	
5334	 0.01606387063193656	 4.890582392013197	
5335	 0.016018939437682445	 4.867805111699084	
5336	 0.01597502943994065	 4.8455866255214195	
5337	 0.0159280003542616	 4.821834993514297	
5338	 0.01587943296712128	 4.797355479689889	
5339	 0.015820085696716977	 4.767510258153194	
5340	 0.015784605916679063	 4.749703387437448	
5341	 0.01573901540929918	 4.726861212023328	
5342	 0.015685120011720073	 4.699914888049928	
5343	 0.015627999455479824	 4.671423369291125	
5344	 0.015568197965849725	 4.641668910699893	
5345	 0.015506716499619752	 4.6111579101119995	
5346	 0.015443224917675379	 4.579733897745877	
5347	 0.015383360183465446	 4.550183707677844	
5348	 0.015340026186404733	 4.528841118324001	
5349	 0.015309287990893334	 4.513726476422856	
5350	 0.015310946865619075	 4.5145416653484	
5351	 0.015327444008930262	 4.522651743637379	
5352	 0.015309986304876842	 4.514069628266654	
5353	 0.015367551002352594	 4.54239281839869	
5354	 0.01563180390269951	 4.673318858836653	
5355	 0.01565028847882338	 4.682532805397464	
5356	 0.01578320665802919	 4.749001662900926	
5357	 0.015818761199628963	 4.766845030274531	
5358	 0.01572124798563923	 4.717971145207718	
5359	 0.015593818353548764	 4.654407120264007	
5360	 0.015471388054541414	 4.593662126494923	
5361	 0.015422479324729267	 4.5694848785213455	
5362	 0.015387002290875511	 4.551979323788256	
5363	 0.01535422108731794	 4.53582788150085	
5364	 0.015245520036773572	 4.482434875053235	
5365	 0.015136960572749646	 4.42936411502722	
5366	 0.015031509915482598	 4.378055499997662	
5367	 0.014926400633610977	 4.327151229285133	
5368	 0.014814374930068918	 4.273159822012914	
5369	 0.014707209658380151	 4.221765007493852	
5370	 0.014604393798946739	 4.172690196857847	
5371	 0.014508999842622343	 4.127363412230642	
5372	 0.014431891305597105	 4.090869875756015	
5373	 0.014370740365542168	 4.0620209144318835	
5374	 0.014317636134536238	 4.0370344167393695	
5375	 0.01426937224041938	 4.014378909571441	
5376	 0.01422466790596107	 3.993439812458297	
5377	 0.014183698829093722	 3.974288759469179	
5378	 0.014146042014815357	 3.9567185225226336	
5379	 0.01411135665210551	 3.9405622933655224	
5380	 0.014077062975185087	 3.9246145153185794	
5381	 0.014043622496378298	 3.9090884264104035	
5382	 0.014010853822442855	 3.8938981401441906	
5383	 0.013976486133722732	 3.87799203973055	
5384	 0.013944161446856772	 3.863055260386013	
5385	 0.013903199742823356	 3.8441605742784937	
5386	 0.013837571544896099	 3.8139651075963545	
5387	 0.013772067257773688	 3.783921704835375	
5388	 0.013724840088244013	 3.7623200624058177	
5389	 0.01368071859780104	 3.742183674193686	
5390	 0.01363842381345578	 3.722921565898745	
5391	 0.013597859969206262	 3.7044851438975823	
5392	 0.013566167355582115	 3.690106217001214	
5393	 0.01354728330780016	 3.6815491694149336	
5394	 0.013537557944420622	 3.677145354742851	
5395	 0.013532752706818578	 3.6749702373794455	
5396	 0.013528144327347797	 3.67288471256721	
5397	 0.013513347612115372	 3.6661916521391285	
5398	 0.01349794181791409	 3.6592282742053075	
5399	 0.013504354396408012	 3.662126099243337	
5400	 0.013509888880179103	 3.6646278535600505	
5401	 0.01351491423382494	 3.6669000575799044	
5402	 0.013522540669823634	 3.6703494121295037	
5403	 0.01352985162073898	 3.673657293964238	
5404	 0.013540837368764796	 3.678630099844828	
5405	 0.013549514378761751	 3.6825597346766763	
5406	 0.013554089778252577	 3.684632512334541	
5407	 0.013550339133645086	 3.6829333361042127	
5408	 0.013534216173841181	 3.675632629298321	
5409	 0.013521408756797361	 3.669837378124937	
5410	 0.013503590938119292	 3.6617810466088607	
5411	 0.01347917954723802	 3.6507549310364347	
5412	 0.013483084939740582	 3.6525180215149944	
5413	 0.01349105151072845	 3.6561155877472387	
5414	 0.01350324671740739	 3.661625476857788	
5415	 0.01351813599518838	 3.668357067153756	
5416	 0.013534764945831994	 3.675881025840301	
5417	 0.013548059674846256	 3.6819008128635704	
5418	 0.013553396399936758	 3.684318363522654	
5419	 0.013553089350839265	 3.6841792522558627	
5420	 0.013559957689352666	 3.687291514934559	
5421	 0.013581502321149625	 3.6970608920056804	
5422	 0.013604815188746964	 3.7076437169174814	
5423	 0.013623443082478447	 3.716108503005294	
5424	 0.01363646928444001	 3.7220323856049373	
5425	 0.013648584361169521	 3.727545305850725	
5426	 0.013664394311345461	 3.734744472199372	
5427	 0.013684248955960123	 3.74379328567513	
5428	 0.01369545069614898	 3.748902376404275	
5429	 0.0137115724381992	 3.7562603610283007	
5430	 0.013738065880998887	 3.7683645344294563	
5431	 0.013779168591115939	 3.7871741223441657	
5432	 0.013820986058475496	 3.806349225213235	
5433	 0.013853161314865083	 3.8211293180943477	
5434	 0.013875099966306708	 3.831220236141185	
5435	 0.01384369957520943	 3.8167805755770265	
5436	 0.013822422306736056	 3.8070084946021705	
5437	 0.013795198338970496	 3.7945198708425787	
5438	 0.013761325149453354	 3.7790039333590544	
5439	 0.01371426469881953	 3.7574896746566324	
5440	 0.013655893355355159	 3.7308728145550534	
5441	 0.013601856707208211	 3.706300050451201	
5442	 0.013554606644261355	 3.684866695711354	
5443	 0.0135144759003366	 3.6667018435070657	
5444	 0.013485513366410703	 3.6536145070646686	
5445	 0.013468708156908756	 3.646029299734587	
5446	 0.013463645257573865	 3.643745343220128	
5447	 0.01345300963664315	 3.6389493056752253	
5448	 0.013445521996246717	 3.6355743373970983	
5449	 0.013443063898770894	 3.6344666511974304	
5450	 0.01344590396300757	 3.6357464742249856	
5451	 0.013449811560197934	 3.6375076560399977	
5452	 0.013455399450867565	 3.640026750795389	
5453	 0.0134599754003084	 3.6420901686039158	
5454	 0.013461946421972978	 3.642979099032907	
5455	 0.013461772880850272	 3.642900828532939	
5456	 0.0134493606589833	 3.637304414246815	
5457	 0.01343268392175715	 3.6297906376207947	
5458	 0.013404577511264264	 3.6171412402959433	
5459	 0.013372624605790992	 3.60278217626953	
5460	 0.01335649852368647	 3.595544080290361	
5461	 0.01333621494899779	 3.5864481880793075	
5462	 0.013319047952114745	 3.5787570848995767	
5463	 0.013303691412564591	 3.5718826945881244	
5464	 0.013287769234517324	 3.5647606787515205	
5465	 0.013274377430183568	 3.558774906243906	
5466	 0.013270662506280602	 3.5571151492287587	
5467	 0.013291660169257457	 3.566500575131525	
5468	 0.013354163002997138	 3.5944962784652255	
5469	 0.01344794492345587	 3.636666307037703	
5470	 0.013540231505523644	 3.6783557798435536	
5471	 0.013625585138742647	 3.7170823795111105	
5472	 0.013698895617632446	 3.750474158333236	
5473	 0.013759679415133974	 3.7782507369343836	
5474	 0.013808358406134317	 3.8005548225784445	
5475	 0.013849381812517044	 3.8193919705098556	
5476	 0.01387661969370467	 3.831919645268149	
5477	 0.01390486996339026	 3.8449302835631114	
5478	 0.013934487110840941	 3.858589370819917	
5479	 0.013963021263001913	 3.8717673121463663	
5480	 0.013992247650521742	 3.8852835732518516	
5481	 0.014034783019445902	 3.9049884578259704	
5482	 0.014088754619498838	 3.9300486387980125	
5483	 0.014100527696468728	 3.935523649794283	
5484	 0.014145816765610747	 3.9566135175362405	
5485	 0.014188345281015983	 3.9764588983805487	
5486	 0.014226295590787245	 3.994201436485201	
5487	 0.014254041970904569	 4.00719341839574	
5488	 0.014274078207076376	 4.016585688500919	
5489	 0.01429121878204295	 4.024627555354972	
5490	 0.014309257053944	 4.033097542753991	
5491	 0.014328192854101819	 4.041996631791734	
5492	 0.014351107487008437	 4.052776106498955	
5493	 0.014380693350465667	 4.06671083352649	
5494	 0.014419275681229887	 4.0849115624179415	
5495	 0.014466630557285991	 4.107295045184126	
5496	 0.014518516075649383	 4.131876190376504	
5497	 0.014572789250650866	 4.15765124815731	
5498	 0.014626038941738188	 4.1830025144284075	
5499	 0.01467514808884873	 4.20643714754255	
5500	 0.014718154597461064	 4.227002622602304	
5501	 0.014759674143247732	 4.2468950855873615	
5502	 0.014807552571877101	 4.269880512601896	
5503	 0.014852363203224216	 4.291438090837208	
5504	 0.014879864007954505	 4.304689722414125	
5505	 0.014907480098601824	 4.318013346670992	
5506	 0.014942637408837889	 4.3349991197646105	
5507	 0.014988662506151832	 4.3572758134072185	
5508	 0.01508478718959815	 4.403948477691539	
5509	 0.015191331821174742	 4.455912629685325	
5510	 0.015279846156072235	 4.499268240221463	
5511	 0.015346935922102291	 4.532241568130374	
5512	 0.015383326814041426	 4.550167257338222	
5513	 0.01545134700750191	 4.583748984291596	
5514	 0.01692416524885839	 5.334851626148507	
5515	 0.017183597926211696	 5.4718445837773	
5516	 0.017402878167845512	 5.588716114958638	
5517	 0.017744631785784764	 5.772827358337843	
5518	 0.017862918818627366	 5.837106592871211	
5519	 0.018029260253186512	 5.927980454496086	
5520	 0.017978268787206535	 5.9000636729669935	
5521	 0.017920776092154627	 5.86865085546622	
5522	 0.017862251660525453	 5.836743249445239	
5523	 0.017786518788482284	 5.7955569227100225	
5524	 0.017693009488656077	 5.744864203577144	
5525	 0.01756627668376693	 5.676445183136151	
5526	 0.017403327206102374	 5.588956455368838	
5527	 0.017220862056705328	 5.491635829882338	
5528	 0.017035766915925996	 5.393612383791106	
5529	 0.016821347544770746	 5.2809439294302924	
5530	 0.016604779367426773	 5.168114166939449	
5531	 0.016431329366491495	 5.078452779107123	
5532	 0.01629235259864796	 5.007065248127021	
5533	 0.01614490035886897	 4.931766789017333	
5534	 0.015978889702396578	 4.847538290443616	
5535	 0.01580124243678675	 4.758049736000636	
5536	 0.015645035625488527	 4.679913694347862	
5537	 0.015486548367365838	 4.601166742883501	
5538	 0.015332787136263912	 4.525279699958075	
5539	 0.015184737838472396	 4.452689524155088	
5540	 0.015053293862825442	 4.38863520832449	
5541	 0.01494316643477462	 4.335254915085004	
5542	 0.014845622527393068	 4.288192499967699	
5543	 0.01476170966890864	 4.247871288408058	
5544	 0.01468597417435593	 4.2116103430001885	
5545	 0.014611769209543985	 4.176202893593058	
5546	 0.014537493647741108	 4.140881603211464	
5547	 0.01446411373698541	 4.106104175384158	
5548	 0.014397846678610734	 4.074798686190626	
5549	 0.014333457902603547	 4.044472393518092	
5550	 0.01427135974564676	 4.01531085543885	
5551	 0.014213070003544768	 3.9880146200128155	
5552	 0.014156605443700027	 3.9616441544350347	
5553	 0.0140905248356892	 3.9308716742958363	
5554	 0.014014896706187496	 3.895770984801871	
5555	 0.013927707919550657	 3.8554611761228257	
5556	 0.013864668582026684	 3.8264208816005056	
5557	 0.01380316313779368	 3.7981719149241466	
5558	 0.01374188275264839	 3.770109648563658	
5559	 0.013682469265103008	 3.742981828909794	
5560	 0.013626594212665804	 3.717541185922244	
5561	 0.013573078759333126	 3.69324001105469	
5562	 0.01352150859991197	 3.669882542168417	
5563	 0.01347299449169171	 3.6479633827730935	
5564	 0.01343869271453469	 3.6324972091311656	
5565	 0.013423308129162983	 3.6255690631140647	
5566	 0.013409389893839678	 3.6193058180910924	
5567	 0.013394702182910626	 3.612701005260426	
5568	 0.01338055970140195	 3.6063459338386137	
5569	 0.01336736393648203	 3.6004203162815838	
5570	 0.013353895646990016	 3.594376340365634	
5571	 0.013342442586652611	 3.5892399067578022	
5572	 0.013329616679191556	 3.5834912709035587	
5573	 0.013315489708940843	 3.5771637585608613	
5574	 0.013300911891819964	 3.570639000851751	
5575	 0.013286572532741663	 3.5642256218766666	
5576	 0.013270597190373082	 3.5570859700998794	
5577	 0.0132443546119347	 3.5453701493423755	
5578	 0.013224036027125845	 3.5363096776858916	
5579	 0.013164370736472154	 3.5097573380793037	
5580	 0.013130923372247036	 3.494907573645153	
5581	 0.013101469676187034	 3.4818517565554306	
5582	 0.013071932897805331	 3.46877874746442	
5583	 0.013039719492448046	 3.4545434946021167	
5584	 0.013001016121925313	 3.4374712776880556	
5585	 0.012961053170210042	 3.419878973499653	
5586	 0.012921025189281603	 3.4022942552861624	
5587	 0.012883014735400667	 3.3856294404242036	
5588	 0.012859093179180289	 3.3751583681877495	
5589	 0.01284198099522252	 3.367675892994996	
5590	 0.012828655729290211	 3.361853887061229	
5591	 0.012815393540682828	 3.3560634421637205	
5592	 0.012802387839739053	 3.350388861525224	
5593	 0.012789347248610203	 3.344702915086298	
5594	 0.012776797359123643	 3.339234572341658	
5595	 0.012765260160913968	 3.3342106458983136	
5596	 0.012757257130279588	 3.330727466700451	
5597	 0.012750080181192348	 3.327605063739068	
5598	 0.012742969808093448	 3.324512780573635	
5599	 0.012735686359507477	 3.3213464197359857	
5600	 0.012719669362213434	 3.3143875365676245	
5601	 0.012679377719125227	 3.296907907097381	
5602	 0.01261151246221215	 3.2675497271550986	
5603	 0.012513606417868669	 3.2253813378449756	
5604	 0.012441609307653657	 3.194511940363654	
5605	 0.01236455334824176	 3.161605204581352	
5606	 0.012297133814019406	 3.1329256004120816	
5607	 0.012235860499533888	 3.106951292709995	
5608	 0.01217989825182445	 3.08330402956421	
5609	 0.012126324080623438	 3.060733623998799	
5610	 0.012077872485330503	 3.040378482150651	
5611	 0.012043043198402128	 3.0257798304970938	
5612	 0.012056550559830858	 3.031438087455032	
5613	 0.012066263420280054	 3.0355094345361975	
5614	 0.01204520683937804	 3.026685899000375	
5615	 0.01201966757821583	 3.0159977365352364	
5616	 0.011990374185660927	 3.0037571021261207	
5617	 0.011961648684129047	 2.991773113235064	
5618	 0.01193875768981223	 2.9822369465098633	
5619	 0.011921306426087854	 2.974975101985949	
5620	 0.011901940202323947	 2.9669246937887137	
5621	 0.011884699587609132	 2.9597652304225743	
5622	 0.011873519317512302	 2.9551261288569233	
5623	 0.011870653692253761	 2.9539375451732894	
5624	 0.011864699923458238	 2.9514686947926374	
5625	 0.011852132203082344	 2.946259947428525	
5626	 0.011807806546380025	 2.927918376261305	
5627	 0.01172429937278166	 2.8934884218514614	
5628	 0.011647891012519146	 2.8621281859778382	
5629	 0.011528190329136647	 2.813274739486547	
5630	 0.011391857163129517	 2.7580436475945547	
5631	 0.011240779797221743	 2.6973521583012827	
5632	 0.011088633674008403	 2.6367784692985956	
5633	 0.010941474146966765	 2.5787148081223497	
5634	 0.010812650927485073	 2.528311349933732	
5635	 0.01071570374721598	 2.4906426106885604	
5636	 0.010654634786186381	 2.4670305619765216	
5637	 0.010610509421908613	 2.4500257125092255	
5638	 0.010565665064993107	 2.4327920175322713	
5639	 0.010525094293346842	 2.417242615638556	
5640	 0.01049115158725978	 2.4042641848738393	
5641	 0.01046378823398089	 2.393821811013375	
5642	 0.010436707810105495	 2.383505316242148	
5643	 0.010414708503564766	 2.3751376371662105	
5644	 0.010404064632253988	 2.3710933495354474	
5645	 0.010401871532855952	 2.3702603933470145	
5646	 0.010408693756717527	 2.37285191127967	
5647	 0.01042274970838495	 2.3781948331871665	
5648	 0.010427884910281827	 2.3801480151717493	
5649	 0.010410681062658276	 2.3736070304962182	
5650	 0.010371425017969433	 2.3587086684917358	
5651	 0.010316158984028299	 2.337797881882602	
5652	 0.010313615695302774	 2.336837381243891	
5653	 0.010302784504419831	 2.3327486324245146	
5654	 0.01029251022387543	 2.3288727633986874	
5655	 0.010314151445248228	 2.337039699909247	
5656	 0.010327999875949472	 2.3422718018326085	
5657	 0.010347878216240404	 2.349790253584154	
5658	 0.010396617908193852	 2.3682655020324903	
5659	 0.010441735004199013	 2.385419117008871	
5660	 0.010546498884692099	 2.425441300156119	
5661	 0.010817140918705491	 2.5300614090542735	
5662	 0.010814811371548593	 2.52915336346579	
5663	 0.010802761230613382	 2.5244583619015337	
5664	 0.010796860535267265	 2.5221605932964186	
5665	 0.010792583922732893	 2.5204957761079063	
5666	 0.010788499843730613	 2.51890631964461	
5667	 0.010790234072531298	 2.5195812040142473	
5668	 0.010799986122015706	 2.5233776125685314	
5669	 0.010810229745713775	 2.527367849511403	
5670	 0.010824615139809656	 2.5329757024579593	
5671	 0.010844608623520546	 2.5407780094013095	
5672	 0.010858896995147065	 2.5463598186576015	
5673	 0.010846605583435807	 2.5415578351877413	
5674	 0.010810677789448872	 2.527542435220498	
5675	 0.01075671527573034	 2.506549998979697	
5676	 0.010759087542537205	 2.5074713834855653	
5677	 0.010754783771259145	 2.5057999058794884	
5678	 0.01078891144868768	 2.5190664913595295	
5679	 0.010823271241510756	 2.532451600551022	
5680	 0.010857635721686168	 2.545866900006787	
5681	 0.010891989020729484	 2.5593061569665254	
5682	 0.010925639597049218	 2.5724979299031827	
5683	 0.010956191124621257	 2.584498291622574	
5684	 0.010938368491471758	 2.5774950087370914	
5685	 0.010971504124728495	 2.590521500691599	
5686	 0.010955329031727383	 2.5841593631350976	
5687	 0.010866402764978371	 2.549293940163462	
5688	 0.01074681267141326	 2.5027053068354763	
5689	 0.01064921680488867	 2.4649400695989394	
5690	 0.010566974825995964	 2.4332946689281547	
5691	 0.010495565159365434	 2.405950190017564	
5692	 0.010444070941348638	 2.3863085931737316	
5693	 0.01040299410576915	 2.3706867406350938	
5694	 0.010365801750955176	 2.3565776126737994	
5695	 0.010336251402222938	 2.345391551422125	
5696	 0.010287398850847423	 2.3269455097368534	
5697	 0.010181468978039178	 2.287148274363643	
5698	 0.009939340911682509	 2.197216717460608	
5699	 0.009661454343189022	 2.0957899806191875	
5700	 0.009388228281558643	 1.9979425006029126	
5701	 0.009228965232218417	 1.9417736339848521	
5702	 0.009101973918511724	 1.8974465948032462	
5703	 0.008975398903018461	 1.8536732486678413	
5704	 0.008828121786579803	 1.8032562366752614	
5705	 0.008696961538315232	 1.7588258193399886	
5706	 0.008578898529382853	 1.7192121367813598	
5707	 0.008471739681084282	 1.6835702928569705	
5708	 0.008381805380696794	 1.6538884120977193	
5709	 0.008312806571132841	 1.6312594546981884	
5710	 0.008252116103173269	 1.6114585265420753	
5711	 0.008201965311570017	 1.5951693521277144	
5712	 0.008169704893425422	 1.584726056056308	
5713	 0.008154900955465177	 1.5799429348986753	
5714	 0.008154061480739005	 1.579671875679536	
5715	 0.008164658306482742	 1.5830948647455183	
5716	 0.008188444828053046	 1.5907891808269468	
5717	 0.008220084075401663	 1.6010467593601778	
5718	 0.008257726600155823	 1.6132849534247975	
5719	 0.008298371718175053	 1.6265411608893112	
5720	 0.008328704646714525	 1.6364623535927818	
5721	 0.00832681369223885	 1.6358431613440971	
5722	 0.008303498696659976	 1.6282163808625396	
5723	 0.008271933014015216	 1.6179133730521176	
5724	 0.008227326826882328	 1.6033985984866248	
5725	 0.008221385193507874	 1.6014691518031146	
5726	 0.008215637725962618	 1.5996036415718267	
5727	 0.008205733869032417	 1.596391093460399	
5728	 0.00819454958230633	 1.5927663145410258	
5729	 0.008184219357397843	 1.5894212619978423	
5730	 0.008175060552037835	 1.586457882426833	
5731	 0.008172844196065943	 1.5857411012660572	
5732	 0.008180575965494952	 1.588242158460064	
5733	 0.008214752771820754	 1.599316480857118	
5734	 0.008268058848707356	 1.6166506522247865	
5735	 0.008350566939041298	 1.6436279563026843	
5736	 0.008431599652245169	 1.6702964013002544	
5737	 0.008510759850923448	 1.6965141133209394	
5738	 0.00856447844713016	 1.7143985259149876	
5739	 0.008618175998624024	 1.7323508287642082	
5740	 0.00869484373997194	 1.7581120574059237	
5741	 0.008770781995409751	 1.783777893343438	
5742	 0.008814704289467214	 1.798690726949894	
5743	 0.008848370167480636	 1.8101548214126904	
5744	 0.008869987566161064	 1.8175314523314023	
5745	 0.008867791751166627	 1.816781614099071	
5746	 0.008847853877529645	 1.8099787915244396	
5747	 0.008818409683993627	 1.7999510816941373	
5748	 0.008791409816605323	 1.7907754240991394	
5749	 0.00882616115541512	 1.8025888129731384	
5750	 0.008861572610854476	 1.8146585417244978	
5751	 0.008889799298540144	 1.8243024594171846	
5752	 0.00891569020769086	 1.8331663056703853	
5753	 0.008934859349059647	 1.8397399979658682	
5754	 0.008945428688201378	 1.8433685763082712	
5755	 0.008949674613998244	 1.8448270576405854	
5756	 0.008950000120975594	 1.844938888775126	
5757	 0.00896371315636262	 1.8496526003185936	
5758	 0.00898170418510309	 1.855844121441017	
5759	 0.00900258982381337	 1.8630421848998062	
5760	 0.009031741063781101	 1.8731075457381419	
5761	 0.009068830186897994	 1.8859450427281546	
5762	 0.009114525750214411	 1.9018096367582913	
5763	 0.009167197910547185	 1.9201622576490742	
5764	 0.009227187294848704	 1.9411502108599252	
5765	 0.00929141819652649	 1.9637231623148346	
5766	 0.009359373834901052	 1.9877186255522474	
5767	 0.00942627241709564	 2.011454567557961	
5768	 0.009483968659498805	 2.0320158923204223	
5769	 0.009516445018678718	 2.0436263229809337	
5770	 0.009526495614855798	 2.0472248118541434	
5771	 0.00951454929505849	 2.042947866997982	
5772	 0.009487781518718673	 2.0333776339162397	
5773	 0.009534342249107092	 2.0500359600059896	
5774	 0.009593895637970676	 2.0714219143798465	
5775	 0.009650638747790279	 2.091881190720842	
5776	 0.009705117139602863	 2.111599510768703	
5777	 0.009759103197317546	 2.13121256224576	
5778	 0.00981392325454035	 2.151202756583141	
5779	 0.009868214673450894	 2.1710736893001568	
5780	 0.009922356187761676	 2.190962470123423	
5781	 0.009973826619640703	 2.2099372413715566	
5782	 0.009983180722090682	 2.213392692321244	
5783	 0.009981835450718483	 2.2128956095849475	
5784	 0.00997136799963459	 2.209029373600608	
5785	 0.009948895901051667	 2.2007382637008024	
5786	 0.009921816563998275	 2.1907638825503724	
5787	 0.009895268223468612	 2.1810026903349264	
5788	 0.009866166587752934	 2.170322753510375	
5789	 0.00983607906546168	 2.1593030677617087	
5790	 0.009791191641404847	 2.1429045896922108	
5791	 0.009733231186318666	 2.121804249837525	
5792	 0.009651414320272445	 2.0921613878820478	
5793	 0.009536025773224648	 2.0506393031667725	
5794	 0.009393502227495439	 1.9998134630811968	
5795	 0.009227127527882606	 1.9411292553212096	
5796	 0.009029842851895372	 1.8724514695944083	
5797	 0.008881298092105265	 1.8213957894342185	
5798	 0.008726352050560205	 1.7687432676962473	
5799	 0.008568427437508902	 1.7157162134269999	
5800	 0.00840810545178498	 1.662546622696211	
5801	 0.00825522757186569	 1.612471323915024	
5802	 0.00811516650480528	 1.567133429665229	
5803	 0.007993063910219292	 1.5280317998769206	
5804	 0.007902435522836078	 1.4992653997349856	
5805	 0.007854392694260071	 1.4841049079688302	
5806	 0.007821666823642185	 1.473813185240781	
5807	 0.007799027140899433	 1.466710168231992	
5808	 0.007787437208120652	 1.4630792345419488	
5809	 0.007785736531509987	 1.4625467436786286	
5810	 0.007792628766291905	 1.4647052184889624	
5811	 0.007810243440951619	 1.470227475847192	
5812	 0.007840103557907216	 1.479607697391976	
5813	 0.007879267834076813	 1.4919468629198296	
5814	 0.00792302255058074	 1.505780735745864	
5815	 0.007974814012823505	 1.522221513419646	
5816	 0.008031792441041933	 1.5403912560219113	
5817	 0.008063448864144857	 1.5505233476872715	
5818	 0.00806034955182653	 1.5495301952390683	
5819	 0.00802686871639059	 1.5388177358483153	
5820	 0.007980410732900352	 1.5240024202674889	
5821	 0.008061243517159753	 1.549816633910068	
5822	 0.008140346449791405	 1.5752460445465901	
5823	 0.00816529351968498	 1.583300145603425	
5824	 0.008245739143984215	 1.609383592495468	
5825	 0.008323395837726734	 1.6347242241523003	
5826	 0.00840042914747063	 1.6600176483879583	
5827	 0.008410030085425945	 1.6631809386584284	
5828	 0.008348729227721254	 1.6430251445130175	
5829	 0.008268851595606858	 1.6169090030209436	
5830	 0.008257018383795943	 1.6130543568395659	
5831	 0.00833783424190976	 1.639453154238525	
5832	 0.008423017861346341	 1.667463947329437	
5833	 0.008488297508247776	 1.6890580329230418	
5834	 0.008539874258809647	 1.7061977972901883	
5835	 0.008596552765610978	 1.7251126984971628	
5836	 0.008657124421561795	 1.745418931410912	
5837	 0.00871903460282454	 1.7662720043459426	
5838	 0.008785931487348391	 1.788915953760012	
5839	 0.008853753618759895	 1.8119907257036152	
5840	 0.008918698816455468	 1.8341974280403224	
5841	 0.008939836605024173	 1.841448392155853	
5842	 0.008927120015107745	 1.8370848077330277	
5843	 0.008883984529459793	 1.8223141159698193	
5844	 0.008803750752994704	 1.7949670507982602	
5845	 0.008743705466770191	 1.7746094225919615	
5846	 0.008669651109815718	 1.7496302726162203	
5847	 0.008588213246173527	 1.722324379617294	
5848	 0.008494097934673013	 1.690982150274203	
5849	 0.008397977433984386	 1.6592102508071032	
5850	 0.008300346088715512	 1.6271861969962136	
5851	 0.008208922602706847	 1.5974251519760867	
5852	 0.008150691260338084	 1.5785838475680045	
5853	 0.00814080146133593	 1.5753927967957353	
5854	 0.00814496407147015	 1.5767355932648794	
5855	 0.008143829460481759	 1.576369539172382	
5856	 0.008136403065856633	 1.5739744367429673	
5857	 0.008124145814969624	 1.5700245115585973	
5858	 0.008110318313084534	 1.5655733363538489	
5859	 0.008097769578788112	 1.5615381824348902	
5860	 0.008081888092762318	 1.5564373270670266	
5861	 0.008072846367294731	 1.5535362660509324	
5862	 0.00806767838822426	 1.5518790790659183	
5863	 0.008062149201263318	 1.550106849030478	
5864	 0.008044735844856241	 1.5445307666828054	
5865	 0.00799508355340181	 1.528675345113791	
5866	 0.007899235469449544	 1.4982536690959738	
5867	 0.007765089120761723	 1.4560881166386705	
5868	 0.007586488917290586	 1.400699465240647	
5869	 0.0074550563093453625	 1.3604892989596895	
5870	 0.007313304920225508	 1.3176489451943256	
5871	 0.007160123096284312	 1.2719725269754139	
5872	 0.006999760368604055	 1.2248480192042295	
5873	 0.006832366523586492	 1.1764193976004744	
5874	 0.006674817226901113	 1.1315555529456867	
5875	 0.006538700496201184	 1.093358683281662	
5876	 0.006465242019006335	 1.0729633673242995	
5877	 0.006441515130615984	 1.0664085917321717	
5878	 0.006413407172699687	 1.0586643091624557	
5879	 0.006389868380603444	 1.0521963016420905	
5880	 0.006393932736017226	 1.0533119757381961	
5881	 0.006415044296053092	 1.0591147487612467	
5882	 0.006443995269108945	 1.067093001215531	
5883	 0.006481590107410319	 1.077489024288933	
5884	 0.006554234053894737	 1.097691143456278	
5885	 0.006660943065001809	 1.1276382159858356	
5886	 0.006765512567732817	 1.1572968166792452	
5887	 0.006836190186294814	 1.1775168870383363	
5888	 0.006898444664367112	 1.1954430502809368	
5889	 0.006935302702996462	 1.20610731710377	
5890	 0.006924968154441278	 1.203113364079918	
5891	 0.006884744445755043	 1.1914887805195682	
5892	 0.006827003743887268	 1.174880831798111	
5893	 0.00684921968114045	 1.1812597601608565	
5894	 0.006873631007295678	 1.1882849794248975	
5895	 0.006968923797188435	 1.2158680397951347	
5896	 0.006979400883643002	 1.2189161281594678	
5897	 0.006969423585705997	 1.2160133734290404	
5898	 0.0069442724955145595	 1.2087083080630923	
5899	 0.006915359168535744	 1.2003322799597473	
5900	 0.006904243730940103	 1.1971184028521165	
5901	 0.00690125785166826	 1.1962556639680293	
5902	 0.00688068491428945	 1.190318091833675	
5903	 0.006850370931512735	 1.1815906985730327	
5904	 0.006815160384627133	 1.17148586075795	
5905	 0.006788290934133284	 1.1637981483369617	
5906	 0.006765002147494549	 1.1571513010079943	
5907	 0.006748583682171922	 1.1524744671547462	
5908	 0.006803901494060199	 1.1682620758968476	
5909	 0.006854359811217247	 1.1827376286590603	
5910	 0.006931649098195373	 1.2050485155384583	
5911	 0.006994434781174961	 1.2232952563390571	
5912	 0.007060154303132087	 1.2425119417964174	
5913	 0.0071219301911546835	 1.2606845699425635	
5914	 0.007111825162546058	 1.257704753311127	
5915	 0.007038784556513557	 1.236250188451603	
5916	 0.006954340915242808	 1.2116305395961113	
5917	 0.006987222292401036	 1.2211935925296542	
5918	 0.007084455637202456	 1.2496480767491027	
5919	 0.0071773985712772536	 1.2770915258553182	
5920	 0.0071617410010779235	 1.2724515889088506	
5921	 0.007124185696151921	 1.2613500684885866	
5922	 0.007069587346007063	 1.2452800322942563	
5923	 0.006986679918409896	 1.221035607358767	
5924	 0.006899416440692722	 1.195723731376419	
5925	 0.006839637160877271	 1.178506608122065	
5926	 0.006806594270876257	 1.1690327817510742	
5927	 0.006801248126283888	 1.1675028482739636	
5928	 0.006837952502821242	 1.1780228549649927	
5929	 0.0069085272711635354	 1.198356521861436	
5930	 0.006990743152136432	 1.2222193634121907	
5931	 0.0070778489656519875	 1.247706396694657	
5932	 0.007138021434069089	 1.2654354486325372	
5933	 0.007204064680486155	 1.2850092551850958	
5934	 0.00728024348202012	 1.3077360328998289	
5935	 0.007370514057109463	 1.3348727925719814	
5936	 0.007490639822128713	 1.3713293625337906	
5937	 0.007625286881977962	 1.4126586374184282	
5938	 0.007756111140258146	 1.4532833212160097	
5939	 0.00784150331390451	 1.4800480004624563	
5940	 0.007876377385398595	 1.4910347924533547	
5941	 0.00793588598380947	 1.5098574607586934	
5942	 0.007991209170511795	 1.527440895465296	
5943	 0.008024588296826386	 1.5380891790744846	
5944	 0.008037958643023728	 1.5423627532906627	
5945	 0.008051128130305776	 1.5465767622528364	
5946	 0.008065843005346879	 1.5512907073450184	
5947	 0.00808333866923315	 1.556902949788795	
5948	 0.008110505457939387	 1.5656335459200341	
5949	 0.008158342548776707	 1.581054390443256	
5950	 0.008217847610504241	 1.6003208219087677	
5951	 0.008285246971638112	 1.6222558455398577	
5952	 0.00835815150996645	 1.6461168066105283	
5953	 0.008435745073646474	 1.6716653026991173	
5954	 0.008515971820366168	 1.6982460355634152	
5955	 0.008596954015080155	 1.7252469017727838	
5956	 0.00867560548094314	 1.7516334929500919	
5957	 0.008753156801010442	 1.7778076222207433	
5958	 0.008829207751115151	 1.8036259552980125	
5959	 0.008903803447157082	 1.8290946965186912	
5960	 0.008979096275304714	 1.8549461096751654	
5961	 0.009050324781780097	 1.8795354631723784	
5962	 0.009098506716455327	 1.8962420950240335	
5963	 0.009079877176061513	 1.889775465610623	
5964	 0.009032889493403182	 1.873504520391204	
5965	 0.009071912758641325	 1.8870135781118549	
5966	 0.00910385524116052	 1.8981002909548956	
5967	 0.009124817848890836	 1.905390181255536	
5968	 0.009102142546991225	 1.8975051838362444	
5969	 0.009065685792325676	 1.8848553266661474	
5970	 0.00901942247996076	 1.8688515298039996	
5971	 0.008969825904419776	 1.8517553431719764	
5972	 0.008924769528222605	 1.836278712607051	
5973	 0.008901094661084191	 1.8281673542866053	
5974	 0.008894571321185457	 1.825934886648324	
5975	 0.00889516929319782	 1.8261394838097327	
5976	 0.008902064974436267	 1.8284995156139905	
5977	 0.008917760646867948	 1.8338758699405218	
5978	 0.008944289859681433	 1.8429774656277962	
5979	 0.008979378587535121	 1.8550433131215032	
5980	 0.009026926179672367	 1.8714435636892877	
5981	 0.009079929831092605	 1.889793730611408	
5982	 0.009132586310943266	 1.9080945551472221	
5983	 0.009182564697324695	 1.9255298025963987	
5984	 0.009220123227444045	 1.9386740289856268	
5985	 0.009227208315038706	 1.941157580996301	
5986	 0.009209030321510048	 1.9347881621003888	
5987	 0.009159942273210583	 1.9176299816732743	
5988	 0.0091162708318701	 1.9024165480053477	
5989	 0.009117103826548229	 1.9027062774272339	
5990	 0.009254401005094766	 1.9507013004406843	
5991	 0.009336995460507655	 1.9798038421687543	
5992	 0.009331522454343493	 1.9778700721069344	
5993	 0.009267421920112148	 1.9552778304825442	
5994	 0.009191495214258875	 1.9286519424218256	
5995	 0.009159800297723938	 1.9175804444172693	
5996	 0.009138824664285419	 1.910267374868557	
5997	 0.009168378726893037	 1.9205744985455893	
5998	 0.009217145977085468	 1.9376307861211897	
5999	 0.009238458204864802	 1.9451036431782502	
6000	 0.009269778713823949	 1.9561066437094305	
6001	 0.009293422352237783	 1.964429170423753	
6002	 0.009282325453017536	 1.9605213178069913	
6003	 0.009283547771926828	 1.9609516136196337	
6004	 0.009348462529007718	 1.983857936981796	
6005	 0.009392727667027288	 1.9995386394425436	
6006	 0.009428997701859971	 2.0124238999582307	
6007	 0.009466984654288772	 2.025954582567929	
6008	 0.009489908155676898	 2.0341373090654917	
6009	 0.009476413656439257	 2.0293187427064465	
6010	 0.009427091696552505	 2.0117459501737702	
6011	 0.009356199256864694	 1.9865950720373051	
6012	 0.00928052063002854	 1.9598860307720138	
6013	 0.009277906973777625	 1.958966185200237	
6014	 0.009267422867999116	 1.9552781637975434	
6015	 0.009245823000076257	 1.9476886878534005	
6016	 0.009192536551803212	 1.9290161293640788	
6017	 0.009130121741007387	 1.907236417544035	
6018	 0.00905794495589942	 1.8821737491223123	
6019	 0.008979897743080601	 1.8552220698461022	
6020	 0.008907758082601957	 1.8304488881322842	
6021	 0.008879244228674761	 1.8206938256393606	
6022	 0.008869476261726282	 1.8173568384009307	
6023	 0.008873716175240739	 1.8188050004922565	
6024	 0.008879783484624355	 1.8208781205764204	
6025	 0.008884436872019895	 1.8224687620861126	
6026	 0.008886787893440285	 1.8232726098871637	
6027	 0.008888769742259694	 1.8239503424415215	
6028	 0.008880904881585253	 1.8212613906469257	
6029	 0.008849301241150525	 1.8104722897854455	
6030	 0.008812187196566165	 1.7978347631443135	
6031	 0.008779360183832591	 1.786686522408128	
6032	 0.00873935344055024	 1.7731375322623792	
6033	 0.00864865718876963	 1.7425746363663108	
6034	 0.008519148376550505	 1.6993019425851474	
6035	 0.008371445060828335	 1.65048267164625	
6036	 0.008221053540603354	 1.6013614804190432	
6037	 0.008159078878515701	 1.5812922272308843	
6038	 0.008101956897264081	 1.5628841877742254	
6039	 0.00804248338217027	 1.5438100732009785	
6040	 0.007981291277991293	 1.5242826903459625	
6041	 0.007916156032564908	 1.5036063796668544	
6042	 0.007848967950967978	 1.4823969391862373	
6043	 0.0077889357622430416	 1.4635485040403362	
6044	 0.007745091286400798	 1.4498435854051386	
6045	 0.007737656210959179	 1.4475246442278416	
6046	 0.00773864403126969	 1.4478326520302838	
6047	 0.00774417023865621	 1.4495562373331132	
6048	 0.007747237577871248	 1.4505132728754049	
6049	 0.0077430152196851735	 1.449195927219486	
6050	 0.007745210596428622	 1.4498808093620839	
6051	 0.00776613120265036	 1.4564138117481442	
6052	 0.007792719581620404	 1.4647336680674659	
6053	 0.00783692731091629	 1.4786087809902213	
6054	 0.007896233750904303	 1.4973048924383934	
6055	 0.007949865064630962	 1.5142927584459804	
6056	 0.007988107201029231	 1.5264528384948632	
6057	 0.007991200339079135	 1.5274380820641045	
6058	 0.007948756458155544	 1.5139408286314755	
6059	 0.007886573790578808	 1.494253225169401	
6060	 0.007819739591978223	 1.473207997495753	
6061	 0.007901422239429653	 1.4989450099399333	
6062	 0.007983378106853305	 1.5249469926971582	
6063	 0.008064367683215338	 1.55081782559549	
6064	 0.008144314667940111	 1.576526075163081	
6065	 0.008221727570779946	 1.6015803078994655	
6066	 0.00829542338205388	 1.6255781161189138	
6067	 0.0083069335019703	 1.62933907576132	
6068	 0.008293606534627797	 1.624984774534256	
6069	 0.008266612527142937	 1.6161793484598463	
6070	 0.008229172939434898	 1.6039982820647631	
6071	 0.008197719640842493	 1.5937933820777483	
6072	 0.008185080094356159	 1.5896998716657238	
6073	 0.008192792812265188	 1.5921972525170252	
6074	 0.008214465952722147	 1.5992234147224345	
6075	 0.008243534925330663	 1.6086666328696848	
6076	 0.00827331870619217	 1.6183651125035199	
6077	 0.008309310047892468	 1.6301160508813348	
6078	 0.008346981922055111	 1.6424520699008243	
6079	 0.008381352146988635	 1.6537393621749725	
6080	 0.00838869261230359	 1.6561540003998962	
6081	 0.008351673996113427	 1.6439911393005935	
6082	 0.008313072529294299	 1.631346439237947	
6083	 0.008205111515557594	 1.5961893048000904	
6084	 0.008084370942634596	 1.5572343347073192	
6085	 0.00801390748843909	 1.5346786726220933	
6086	 0.007930883057669907	 1.5082713917025123	
6087	 0.007839898848966043	 1.4795433091504502	
6088	 0.0077707247389662715	 1.4578498353612888	
6089	 0.0077425997725092	 1.4490663365345393	
6090	 0.007747024389408656	 1.4504467481184604	
6091	 0.007814976676816831	 1.4717127772015504	
6092	 0.007801860778640209	 1.4675984475313326	
6093	 0.007829454848141305	 1.4762597870129253	
6094	 0.007941441150145716	 1.5116193867543624	
6095	 0.007997089482018124	 1.5293146275848537	
6096	 0.008051706058666567	 1.546761794699014	
6097	 0.008103093159847075	 1.5632495171762226	
6098	 0.008160066334720849	 1.5816112011077847	
6099	 0.008227445709853084	 1.6034372132377717	
6100	 0.008341977946425997	 1.6408113276297462	
6101	 0.00878526085049147	 1.7886883773501208	
6102	 0.009252211061913833	 1.9499320109546892	
6103	 0.009339935264038987	 1.9808428711179655	
6104	 0.009391209095596624	 1.9989998753550682	
6105	 0.009412008938367801	 2.006384365062927	
6106	 0.009386366931727836	 1.9972823433567735	
6107	 0.009329377327300827	 1.9771123434009579	
6108	 0.009233650196322938	 1.9434167721566808	
6109	 0.00924035681424566	 1.9457699240879203	
6110	 0.009433377865542054	 2.013982232955234	
6111	 0.009476324600515394	 2.0292869581277593	
6112	 0.009561099835525035	 2.059633775255301	
6113	 0.009597916430353006	 2.0728690013677293	
6114	 0.0096390972336487	 2.087713271366985	
6115	 0.009969205016198152	 2.2082307957039715	
6116	 0.011133799923747112	 2.6547029828806035	
6117	 0.01291614986169716	 3.4001549497128485	
6118	 0.014439341682855654	 4.094390293111431	
6119	 0.015045416719286872	 4.384808373759044	
6120	 0.015444682147288124	 4.580454163299167	
6121	 0.015633955658709925	 4.674391064301272	
6122	 0.01558579831061124	 4.650418130923171	
6123	 0.015538706638037988	 4.627023400256944	
6124	 0.015488646232535586	 4.602205608256076	
6125	 0.015423234462110148	 4.569857780643385	
6126	 0.0154465960843178	 4.5814002346692915	
6127	 0.015380534082380427	 4.548790590756074	
6128	 0.015318633063142498	 4.518319514124962	
6129	 0.01525267417240934	 4.485941146930711	
6130	 0.015153161473239153	 4.437268088994077	
6131	 0.01505431424332526	 4.389131022176363	
6132	 0.014882339209505917	 4.305883233038703	
6133	 0.014805819645415948	 4.269047705578064	
6134	 0.014731329281184568	 4.233310709335394	
6135	 0.014680893448725642	 4.209182224776579	
6136	 0.01463247569612293	 4.186071118019627	
6137	 0.014585928550577141	 4.163900914626862	
6138	 0.014539881103425623	 4.142015076049102	
6139	 0.014493000419315588	 4.119780629227019	
6140	 0.014416491075503472	 4.083596871336138	
6141	 0.014346507857911186	 4.050611433226826	
6142	 0.014283926110639972	 4.021205256429611	
6143	 0.014229989218439935	 3.995929969110567	
6144	 0.014182264431023205	 3.9736189153963335	
6145	 0.014135993000245293	 3.952035032707786	
6146	 0.014101736704507106	 3.9360860655915393	
6147	 0.014068089693256281	 3.920445891366014	
6148	 0.014026166895499851	 3.900993742358171	
6149	 0.013989619722382364	 3.8840674704656153	
6150	 0.01395032359097563	 3.8659009208833837	
6151	 0.013910289754410483	 3.8474283802782128	
6152	 0.013868734403248982	 3.8282912309032175	
6153	 0.01376880571609532	 3.782428290200319	
6154	 0.013620284230006155	 3.714672530815958	
6155	 0.013443914227630208	 3.634849817449141	
6156	 0.01325216584449622	 3.5488558048777605	
6157	 0.013137042987071145	 3.4976226417248037	
6158	 0.013019609587679238	 3.4456687098803673	
6159	 0.012897163478918543	 3.3918288093454096	
6160	 0.012768696512643219	 3.335706704791512	
6161	 0.012634437700260404	 3.277455324194313	
6162	 0.012500420996059849	 3.219719091327591	
6163	 0.012378354372245225	 3.1674889083518534	
6164	 0.012284362461923663	 3.1275045752937234	
6165	 0.012205440384565988	 3.0940880823023207	
6166	 0.012130049507260817	 3.062300972595945	
6167	 0.012050933225576741	 3.0290844628760762	
6168	 0.011968051432039663	 2.994442615181425	
6169	 0.011891228465458151	 2.9624756458659935	
6170	 0.011826276915507854	 2.9355556861151375	
6171	 0.011775032367751414	 2.9143861834388987	
6172	 0.01173718490592171	 2.8987904868306846	
6173	 0.01171598924832243	 2.890071079423776	
6174	 0.011703842472693366	 2.885078911474203	
6175	 0.011692843528914544	 2.8805614664212396	
6176	 0.01166530400317062	 2.869262960039233	
6177	 0.011616924732691785	 2.8494576665392795	
6178	 0.011535927079035368	 2.8164221649353505	
6179	 0.011444278131127932	 2.779228512177501	
6180	 0.011333151401814201	 2.734395943084431	
6181	 0.01128957915726918	 2.716896983669734	
6182	 0.011239558846319409	 2.69686387436679	
6183	 0.011183213632555691	 2.6743687289339504	
6184	 0.011124371368065215	 2.650957189452731	
6185	 0.011099114202158408	 2.6409334050813427	
6186	 0.01172618386087529	 2.894263597755757	
6187	 0.011851611163589239	 2.9460440797590763	
6188	 0.012552835838453662	 3.2422512435588495	
6189	 0.013494201314630257	 3.657538375701931	
6190	 0.013756935048447628	 3.776994867548675	
6191	 0.013733257007209287	 3.766166326534401	
6192	 0.013703419981771497	 3.752538847739256	
6193	 0.013677309142082048	 3.7406294491105796	
6194	 0.013654875233475706	 3.730409230964797	
6195	 0.013631677717471997	 3.7198529017876814	
6196	 0.0136037045792176	 3.7071392837031336	
6197	 0.013577415734879545	 3.695207041754404	
6198	 0.01355162531135831	 3.683515985315822	
6199	 0.013525121537110128	 3.6715170042741105	
6200	 0.013495936907782932	 3.658322449611853	
6201	 0.013449726950871724	 3.637469518402019	
6202	 0.013397557016980756	 3.613984397564733	
6203	 0.013282603528210707	 3.5624512717523884	
6204	 0.013145053821364357	 3.501178055000658	
6205	 0.013113032401101274	 3.4869747869789736	
6206	 0.013099662783221219	 3.481051459034834	
6207	 0.013086005906857557	 3.475005022644965	
6208	 0.013072998311069289	 3.4692499584831515	
6209	 0.01306058221580407	 3.4637601569316603	
6210	 0.013047719046349566	 3.458076348921732	
6211	 0.012997038165447828	 3.435718502324892	
6212	 0.012942912248616295	 3.4119049806485937	
6213	 0.012906124160443547	 3.3957573393261167	
6214	 0.01287890258126499	 3.3838285228270255	
6215	 0.012852208268914886	 3.3721470730305145	
6216	 0.01282509127322721	 3.360297206605299	
6217	 0.012795410186361295	 3.3473459910595698	
6218	 0.012755907968617397	 3.330140411120326	
6219	 0.012708267370771206	 3.3094372866552626	
6220	 0.012672293001101982	 3.293838183345711	
6221	 0.012638001732301323	 3.278996357570184	
6222	 0.012603212139138899	 3.263966259543515	
6223	 0.012566000248297106	 3.247920247174083	
6224	 0.012505077164679475	 3.221718146170215	
6225	 0.012396025736908524	 3.1750290171833124	
6226	 0.012251937939361574	 3.113758292172645	
6227	 0.012081754913965771	 3.042007537992704	
6228	 0.011895409530980222	 2.9642119055629563	
6229	 0.01179988360539897	 2.924644760127153	
6230	 0.011708363940206617	 2.88693677287961	
6231	 0.011619439650629934	 2.8504858602421863	
6232	 0.011540296061897565	 2.81820015431678	
6233	 0.01145536323280991	 2.783716632248485	
6234	 0.011374435505473495	 2.751017401695385	
6235	 0.011287148319842146	 2.715922063825275	
6236	 0.011193593937255828	 2.6785072755585992	
6237	 0.011105100179451776	 2.6433076800156825	
6238	 0.011015242470678862	 2.607756394353981	
6239	 0.010931851428235757	 2.574936071094736	
6240	 0.010866018860947612	 2.54914383334417	
6241	 0.010820270039859614	 2.531281329686653	
6242	 0.010792246466024674	 2.5203644283001876	
6243	 0.01077689535855654	 2.51439223370054	
6244	 0.010771356460588263	 2.51223877245066	
6245	 0.010776088537149585	 2.514078504686479	
6246	 0.010789755935354852	 2.5193951271660815	
6247	 0.010811829510707844	 2.527991239601208	
6248	 0.010827723378058901	 2.534188038941527	
6249	 0.010797607215712844	 2.5224513091951923	
6250	 0.010739061456608714	 2.499697540291943	
6251	 0.010658997964717141	 2.4687145809138875	
6252	 0.01055229638663122	 2.4276638508517894	
6253	 0.010517122818729612	 2.414192108825647	
6254	 0.010460522286108607	 2.392576678171287	
6255	 0.01038256801713877	 2.362933819224718	
6256	 0.010280462693139474	 2.324331238047117	
6257	 0.010174190416002602	 2.284423850314542	
6258	 0.010076268973512041	 2.247897494219453	
6259	 0.00999092154129549	 2.2162538213054384	
6260	 0.009920683705283912	 2.1903470013134285	
6261	 0.009880592996017257	 2.17561444404548	
6262	 0.009856427168861764	 2.166753193151961	
6263	 0.009840243137341635	 2.160826839226771	
6264	 0.009823626664389138	 2.154748888672777	
6265	 0.009809053172903431	 2.1494238553715026	
6266	 0.009793613424804476	 2.1437880501900657	
6267	 0.009779888876579292	 2.138783296063803	
6268	 0.009805942586171937	 2.1482879552928917	
6269	 0.009835503184480997	 2.1590923677304397	
6270	 0.009849117549344425	 2.1640757141835847	
6271	 0.009854454230349178	 2.166030384654845	
6272	 0.009853472670841806	 2.1656708150841197	
6273	 0.00984726582664595	 2.1633976471788174	
6274	 0.00985391701190727	 2.1658335852692057	
6275	 0.00986824709974151	 2.171085579317051	
6276	 0.00983986588392884	 2.1606887720281693	
6277	 0.009790545037037258	 2.142668734681589	
6278	 0.009723014970415283	 2.1180937271160385	
6279	 0.009659987681130607	 2.0952597533203337	
6280	 0.009605364491534617	 2.0755506334473752	
6281	 0.00953968962204825	 2.051952602640977	
6282	 0.009484215531634966	 2.0321040502907755	
6283	 0.0094489880486649	 2.0195397985278687	
6284	 0.009443574515266211	 2.0176117687623853	
6285	 0.00946580902134466	 2.025535286730083	
6286	 0.009499813817180638	 2.0376772951282263	
6287	 0.009527570425394595	 2.0476097840485923	
6288	 0.009530805894445875	 2.048768828745023	
6289	 0.009539915852338416	 2.0520337054721733	
6290	 0.009573954254498628	 2.064250966985372	
6291	 0.009625942989000505	 2.0829670113888534	
6292	 0.009777255519763252	 2.137823558839249	
6293	 0.009833955865385265	 2.1585262842278525	
6294	 0.009868426307583075	 2.171151291412251	
6295	 0.00990595204380548	 2.1849287799694115	
6296	 0.009931003350974348	 2.1941457048262856	
6297	 0.009938635159064612	 2.1969566977468364	
6298	 0.009924983828445014	 2.1919295741381304	
6299	 0.009885528922126161	 2.177426153834852	
6300	 0.00980312626465532	 2.147259719897708	
6301	 0.009778293614843454	 2.13820187609069	
6302	 0.009736825136484828	 2.123110187734098	
6303	 0.00968799643899716	 2.1053947427348723	
6304	 0.009605295533500981	 2.0755257991394194	
6305	 0.009528940581006196	 2.048100583975641	
6306	 0.009461135431418773	 2.023868768981269	
6307	 0.009409265979717828	 2.00540991941176	
6308	 0.009478822625602824	 2.0301785933974075	
6309	 0.00946183726182615	 2.024118994015896	
6310	 0.009457993336473692	 2.02274866314145	
6311	 0.009473174565663545	 2.028162820413912	
6312	 0.009497197119039817	 2.036741926478387	
6313	 0.009530795356804187	 2.048765053411279	
6314	 0.009569653303935336	 2.0627056438468307	
6315	 0.009615069042684731	 2.0790467822175303	
6316	 0.009658785180543757	 2.094825065648203	
6317	 0.009712901550725787	 2.114423099072728	
6318	 0.009763055945446826	 2.1326514382702513	
6319	 0.009811816959789577	 2.1504333152510737	
6320	 0.009857607565492067	 2.1671856910240686	
6321	 0.009884518599359328	 2.1770552702453454	
6322	 0.009900122365958901	 2.182786140201742	
6323	 0.009937069654722066	 2.196379964522179	
6324	 0.009967838738220243	 2.207726422608651	
6325	 0.010028008245451856	 2.2299821528205652	
6326	 0.01004179306854881	 2.2350935022762433	
6327	 0.010158781956908426	 2.278660626973415	
6328	 0.010167899564221584	 2.2820701806975188	
6329	 0.010351321514932925	 2.3510935686127103	
6330	 0.010354621852463062	 2.352343043047896	
6331	 0.01035375497561178	 2.3520148265193157	
6332	 0.010389166629230357	 2.365437276073513	
6333	 0.010410314017497967	 2.3734675566345547	
6334	 0.010447026344246919	 2.3874341390419276	
6335	 0.010549096903117111	 2.4264371849301787	
6336	 0.010809569909606903	 2.5271107451032937	
6337	 0.011317186632784604	 2.7279791491500265	
6338	 0.012120339999564788	 3.0582166940234607	
6339	 0.012931103170683857	 3.406718204048246	
6340	 0.012926368632065173	 3.404639589136805	
6341	 0.0129209104648503	 3.4022439077437365	
6342	 0.012932030217940258	 3.40712526705409	
6343	 0.01297687255408023	 3.4268385912864137	
6344	 0.013041538827809326	 3.4553468433544277	
6345	 0.013105817426654301	 3.4837777360402242	
6346	 0.013178416209242878	 3.516000671177917	
6347	 0.01319618863713451	 3.523907027753732	
6348	 0.013066323910859299	 3.4662984267246566	
6349	 0.013005698918251601	 3.4395350792508226	
6350	 0.01291702638394384	 3.400539530115951	
6351	 0.012852627912885432	 3.372330584501729	
6352	 0.012795416265170775	 3.3473486414737246	
6353	 0.012796720235190236	 3.347917203221865	
6354	 0.012821164544139252	 3.3585826469972613	
6355	 0.012950471649446066	 3.4152268732085846	
6356	 0.013017668861155096	 3.4448127230777468	
6357	 0.013280706016102036	 3.5616031106582287	
6358	 0.013275278506531471	 3.559177536608349	
6359	 0.013268502782819777	 3.5561503684231144	
6360	 0.013253365850628182	 3.5493914125812625	
6361	 0.013255796260121626	 3.550476294462186	
6362	 0.013255689380926165	 3.5504285831286513	
6363	 0.013230931457357853	 3.5393834511575726	
6364	 0.013253900329498577	 3.5496299809363583	
6365	 0.013280181847649274	 3.5613688290082717	
6366	 0.0133093764556857	 3.5744270008839427	
6367	 0.013305681230902	 3.5727731431870606	
6368	 0.013294287271698546	 3.5676755198629784	
6369	 0.013235031946064726	 3.5412118310114065	
6370	 0.013138251493703287	 3.4981589153464197	
6371	 0.013021712350247927	 3.4465962611501735	
6372	 0.012856401197529168	 3.373980831764055	
6373	 0.012744519124701372	 3.3251864764341925	
6374	 0.012620744303842867	 3.2715372031017633	
6375	 0.012483639028194453	 3.2125181287029716	
6376	 0.012347230193254071	 3.154226127510879	
6377	 0.012212690103117596	 3.097151703656116	
6378	 0.012084728177369422	 3.0432553467316414	
6379	 0.011963023462903937	 2.9923462203731406	
6380	 0.011869984242424924	 2.9536599030904327	
6381	 0.011795820524179093	 2.922966536618544	
6382	 0.011734476376587448	 2.8976756744959173	
6383	 0.011687479935316656	 2.8783595785010236	
6384	 0.011645485591822881	 2.8611431509418415	
6385	 0.011612395001050855	 2.8476061150097203	
6386	 0.011586130341919916	 2.8368797887323924	
6387	 0.011565155371784215	 2.8283253717320345	
6388	 0.01155391064151195	 2.823743584709077	
6389	 0.01154771094026736	 2.8212187202235515	
6390	 0.011545297169276787	 2.820235942272161	
6391	 0.011543154890469268	 2.8193638183378567	
6392	 0.01152934598559411	 2.8137447883645064	
6393	 0.011501006856036701	 2.802227262064995	
6394	 0.011439864474838609	 2.77744232373366	
6395	 0.011390912068971857	 2.7576623022738755	
6396	 0.011402291123717092	 2.762255150492446	
6397	 0.011488660838597477	 2.797215531905167	
6398	 0.01165346987662818	 2.864413288249061	
6399	 0.012115596439348923	 3.056222120928832	
6400	 0.012660670825309944	 3.2888049108738353	
6401	 0.01306444679076967	 3.465468513778381	
6402	 0.014345763912735102	 4.050261361885678	
6403	 0.014655283562439418	 4.196951590350501	
6404	 0.014659744956406906	 4.199081215295362	
6405	 0.014603056532120802	 4.1720534216131995	
6406	 0.014544093667980566	 4.144015343543897	
6407	 0.014477389470321936	 4.1123873371676085	
6408	 0.014420216276514897	 4.085355682287439	
6409	 0.014346089217611921	 4.050414436077762	
6410	 0.014272123136869286	 4.015668834376116	
6411	 0.014201289190750928	 3.9825068876052163	
6412	 0.014139659729360977	 3.953743708193828	
6413	 0.014079360884493164	 3.9256823160555547	
6414	 0.01402248121025741	 3.8992854381848843	
6415	 0.013969665497775199	 3.8748384014507042	
6416	 0.013907637650840018	 3.8462058883634023	
6417	 0.013813447801783998	 3.802889749354364	
6418	 0.01369243256512799	 3.7475255387434587	
6419	 0.013555934719936701	 3.685468451973083	
6420	 0.01339811073391083	 3.614233342442259	
6421	 0.013334891870913825	 3.5858551919790735	
6422	 0.013310090145848413	 3.5747464597499286	
6423	 0.01334364379657138	 3.589778483800259	
6424	 0.013282782071072223	 3.5625310820461835	
6425	 0.013221237676162019	 3.5350625625167402	
6426	 0.013161552509820523	 3.508505146841553	
6427	 0.013105519973697454	 3.4836459558651702	
6428	 0.013094183031854422	 3.4786248524786827	
6429	 0.013085314539527057	 3.4746990389536005	
6430	 0.013060683684894525	 3.463805007599757	
6431	 0.013010531003187362	 3.441665194670072	
6432	 0.012952979537021517	 3.416329221465343	
6433	 0.012902752647797987	 3.3942789918249274	
6434	 0.012863992764296917	 3.3773019843415604	
6435	 0.012835812313773239	 3.3649802038412857	
6436	 0.012813855684298584	 3.3553922523267543	
6437	 0.012795797413294285	 3.347514827069031	
6438	 0.012778753195266212	 3.34008655017886	
6439	 0.012761014550047042	 3.3323626366196444	
6440	 0.01273024019643708	 3.318979577571265	
6441	 0.012666133663660041	 3.291170345499817	
6442	 0.012589138705376842	 3.257893983099865	
6443	 0.012495772334593085	 3.2177237547114856	
6444	 0.0123905777532187	 3.172703678873096	
6445	 0.012335867424276246	 3.149389719299669	
6446	 0.01228678129511298	 3.1285310033234097	
6447	 0.012251006689614725	 3.1133638493821447	
6448	 0.012208729082872766	 3.095477686146286	
6449	 0.012154150739080263	 3.072448512401655	
6450	 0.012092688261357395	 3.0465970143078853	
6451	 0.01204128925277405	 3.025045409861829	
6452	 0.012002876031410826	 3.008978729259079	
6453	 0.011970706457459391	 2.9955498560160367	
6454	 0.012003248012803691	 3.009134149740308	
6455	 0.011991224336205357	 3.0041120682638454	
6456	 0.012008111990484146	 3.0111667021278055	
6457	 0.01207302794643382	 3.038346217168159	
6458	 0.01207984503701933	 3.0412061155222228	
6459	 0.012082391752008795	 3.042274786718736	
6460	 0.012095340742666327	 3.0477108598944302	
6461	 0.012109407923452631	 3.0536207551571963	
6462	 0.012138641540044546	 3.065917006506239	
6463	 0.012240939886840867	 3.1091012017964204	
6464	 0.012733204512028126	 3.3202677526028923	
6465	 0.012911542496591431	 3.3981337214270155	
6466	 0.013202378060339443	 3.5266621618757723	
6467	 0.013337927955336433	 3.5872160060775533	
6468	 0.013643929642257087	 3.7254268073711945	
6469	 0.013884794285669452	 3.835682633037155	
6470	 0.014266141514525847	 4.012864199270964	
6471	 0.014889741811717155	 4.309453463153276	
6472	 0.015242990555839279	 4.481195428268139	
6473	 0.015838262502560298	 4.776643298995229	
6474	 0.01693281031342245	 5.3393942420400755	
6475	 0.017701180661212627	 5.7492868073970405	
6476	 0.018051171859561108	 5.939992796841859	
6477	 0.018525346232444572	 6.202319570466669	
6478	 0.01931755011652376	 6.650643409468675	
6479	 0.01981456125045694	 6.938267138598926	
6480	 0.01990260016305161	 6.989722708718345	
6481	 0.019777278699519642	 6.9165226900487315	
6482	 0.01959600210512926	 6.811185564147438	
6483	 0.019411985892642415	 6.704918887450066	
6484	 0.01923018418001097	 6.600588467633362	
6485	 0.01905216523210825	 6.499064026712376	
6486	 0.01887788571721643	 6.400282904427783	
6487	 0.018706981014620924	 6.304003212367865	
6488	 0.018540766571903334	 6.210926553813774	
6489	 0.018372967712706745	 6.117525237860105	
6490	 0.018187817923706336	 6.0151239329120685	
6491	 0.018004125581007238	 5.914213149472025	
6492	 0.017750799859519613	 5.77617215868764	
6493	 0.01758009401435894	 5.683888790762313	
6494	 0.017378367631361472	 5.5756035223831	
6495	 0.01713920858371293	 5.448306403621	
6496	 0.01690102457129586	 5.322699790300499	
6497	 0.016649009106552065	 5.191078161666864	
6498	 0.016401185969244725	 5.062934843106282	
6499	 0.01620343480041143	 4.961603552972446	
6500	 0.016051381515072915	 4.884246930063724	
6501	 0.01592354016134756	 4.819584835897185	
6502	 0.015808333120289123	 4.7616088307129605	
6503	 0.015697559621453878	 4.706128905059662	
6504	 0.015585430343255534	 4.6502351450448565	
6505	 0.015469787698676973	 4.592870208685548	
6506	 0.015354842261869445	 4.536133723439422	
6507	 0.015245900493139767	 4.48262131070407	
6508	 0.015150427410529323	 4.435933819620288	
6509	 0.015059520495824348	 4.391661145000341	
6510	 0.014970474606120355	 4.3484671958349805	
6511	 0.014880409963018091	 4.304952963607388	
6512	 0.014774442367530697	 4.253979706231609	
6513	 0.014623096784761458	 4.181600195268024	
6514	 0.014429005000539025	 4.089506377953331	
6515	 0.014195924700677617	 3.9799999052941364	
6516	 0.01393874301199277	 3.8605537352798747	
6517	 0.013766881860021125	 3.781547493798995	
6518	 0.013592885644398617	 3.7022268148547792	
6519	 0.013421345424399567	 3.6246855781123037	
6520	 0.013256539947140933	 3.5508082866537722	
6521	 0.013094150297404199	 3.4786103586665695	
6522	 0.012935675475614262	 3.4087260747955193	
6523	 0.01279008384539251	 3.3450239823849066	
6524	 0.01268830546709153	 3.3007778223880333	
6525	 0.01260880916589037	 3.2663824703812048	
6526	 0.012547783494481175	 3.2400765993940777	
6527	 0.012497922404080198	 3.218646563678129	
6528	 0.012455533387461156	 3.2004727489168974	
6529	 0.012416907850760706	 3.1839483463634695	
6530	 0.012381205028213627	 3.168704755791598	
6531	 0.01234803566255053	 3.154569077239351	
6532	 0.012321560507599921	 3.143304397350974	
6533	 0.012301007314786574	 3.134570518114024	
6534	 0.012290906193594856	 3.130281708214659	
6535	 0.012289010844055075	 3.129477228202291	
6536	 0.012280825608402842	 3.1260039596430818	
6537	 0.012228360579594165	 3.103777953069371	
6538	 0.012140753138663305	 3.0668059529732465	
6539	 0.01202280094745413	 3.017308235297522	
6540	 0.01188346336169687	 2.9592521321068035	
6541	 0.01181575016094298	 2.931202004791018	
6542	 0.011745173190773634	 2.902079409643388	
6543	 0.011677827727082939	 2.874398804902981	
6544	 0.011619674662359216	 2.8505819495184097	
6545	 0.011568713344868982	 2.8297757251350855	
6546	 0.011520109135857468	 2.809988692619827	
6547	 0.01148261206115221	 2.7947614070843656	
6548	 0.011468625378130896	 2.789089995929099	
6549	 0.01149759315633312	 2.800841149235316	
6550	 0.011527758032505131	 2.813098916286074	
6551	 0.011556566287691718	 2.824825388468713	
6552	 0.011585610653816168	 2.8366677146703387	
6553	 0.011593207143613893	 2.839768317559758	
6554	 0.011596248786082673	 2.8410101820387648	
6555	 0.011594171341753503	 2.8401619640578937	
6556	 0.01157723565688801	 2.8332509247766917	
6557	 0.011559547714092061	 2.8260400995127974	
6558	 0.011542790028494862	 2.819215293400969	
6559	 0.011528554362914813	 2.81342280230517	
6560	 0.011510951911194875	 2.806266957161169	
6561	 0.011452734403637472	 2.78265201364368	
6562	 0.01135647554027213	 2.7437815601991007	
6563	 0.01123459140736239	 2.694877655692974	
6564	 0.011103707710302743	 2.642755295601895	
6565	 0.011049235282003597	 2.621182657342796	
6566	 0.010989857484336675	 2.5977479907126426	
6567	 0.010934411126473007	 2.5759410203760984	
6568	 0.010855571921089303	 2.545060427822178	
6569	 0.010777348608726813	 2.5145684849378744	
6570	 0.010709138742069522	 2.4880999650945803	
6571	 0.010643233831910294	 2.4626324025863786	
6572	 0.010592324257289414	 2.443031285132891	
6573	 0.010582035599793689	 2.4390775773424243	
6574	 0.010578625209694369	 2.4377676037381653	
6575	 0.010576407561446935	 2.4369159282812243	
6576	 0.010573336440833456	 2.4357366780995053	
6577	 0.010577901834429566	 2.4374897824151525	
6578	 0.01057985124468723	 2.438238506744647	
6579	 0.01057720499892597	 2.437222165996728	
6580	 0.010594367131475923	 2.4438166221167648	
6581	 0.010607859490007865	 2.449005990688086	
6582	 0.010623754413090573	 2.4551250701942635	
6583	 0.010640810702926114	 2.46169803383134	
6584	 0.010639004227050948	 2.4610015414029807	
6585	 0.010592237945035582	 2.442998106553363	
6586	 0.010511220595360667	 2.4119344515393726	
6587	 0.010413112245184982	 2.3745309407724946	
6588	 0.010320238128478505	 2.339338744802926	
6589	 0.010321260967682858	 2.3397251774928955	
6590	 0.010368275182267652	 2.3575148767980236	
6591	 0.010417180158874833	 2.376077171534531	
6592	 0.010464877721699026	 2.394237232579532	
6593	 0.010511848626239457	 2.4121746392301833	
6594	 0.010557960179481497	 2.4298359286173583	
6595	 0.010702752195140693	 2.485627433837456	
6596	 0.010750259855206796	 2.504043410178868	
6597	 0.010794989886006795	 2.5214323252124675	
6598	 0.010770153510820599	 2.5117711766632795	
6599	 0.010701401858534321	 2.4851047812690297	
6600	 0.010643757893515111	 2.4628345016055553	
6601	 0.010613207829109931	 2.4510642626211987	
6602	 0.010604919264172384	 2.44787475942275	
6603	 0.010611684479326554	 2.4504779413713367	
6604	 0.010660512118542877	 2.469299093428871	
6605	 0.010670360386132935	 2.4731021949558927	
6606	 0.010673750372373192	 2.474411846164597	
6607	 0.010681900410684987	 2.4775615800117055	
6608	 0.010675165149129136	 2.4749584979835295	
6609	 0.010619273658327493	 2.453399492735687	
6610	 0.010531280136186757	 2.4196108623678754	
6611	 0.01042993911017336	 2.3809295128706363	
6612	 0.010334693582198962	 2.3448024412726642	
6613	 0.01038402787912671	 2.363487586997105	
6614	 0.010434547620589306	 2.382683143189272	
6615	 0.010478384718933606	 2.3993898436628385	
6616	 0.010525606420939462	 2.4174386482005654	
6617	 0.010570318950451293	 2.4345782432574716	
6618	 0.01061337667638739	 2.451129253609939	
6619	 0.010655799214648931	 2.4674799415674986	
6620	 0.010697113401723237	 2.483445210399532	
6621	 0.010739494561610757	 2.4998655633646507	
6622	 0.010782998083006387	 2.5167657588385874	
6623	 0.010826728305095243	 2.533799895674933	
6624	 0.010795776953062053	 2.5217387304008803	
6625	 0.010760573744507094	 2.5080486908832094	
6626	 0.010735509159828925	 2.4983195973431593	
6627	 0.010724825459114445	 2.494177200473206	
6628	 0.010735300842815796	 2.4982388001956894	
6629	 0.010748945814521719	 2.5035333014474697	
6630	 0.010762192119025548	 2.5086774004781716	
6631	 0.010772143863891073	 2.5125448609975654	
6632	 0.010757067590995945	 2.5066868290818447	
6633	 0.010695240484825818	 2.4827205577355005	
6634	 0.010587025325508688	 2.4409947007504393	
6635	 0.01042175982207003	 2.377818402133699	
6636	 0.01021240588782065	 2.2987426952915238	
6637	 0.010060388985036377	 2.2419961976922633	
6638	 0.00989385951337299	 2.180485228412878	
6639	 0.009725090294531768	 2.1188472731692305	
6640	 0.00960809323212532	 2.0765334480624196	
6641	 0.009492136549252251	 2.0349334553900897	
6642	 0.00937273618164684	 1.9924506414836025	
6643	 0.009249760625574343	 1.949071358586878	
6644	 0.009150214850298448	 1.9142371302397663	
6645	 0.009087964748440676	 1.8925817137776704	
6646	 0.009009436760003455	 1.8654043504609639	
6647	 0.008909234907238306	 1.8309547021611376	
6648	 0.008818965689805195	 1.8001402322573712	
6649	 0.008747980391822313	 1.7760557122675396	
6650	 0.008692961769776856	 1.757477873924167	
6651	 0.008650568103282331	 1.7432163846228208	
6652	 0.00862595319758714	 1.734957120663311	
6653	 0.008607972224871249	 1.7289337215614606	
6654	 0.008599773921557679	 1.7261901751725086	
6655	 0.008661658258569918	 1.746942691098037	
6656	 0.008660029838746388	 1.74639534058969	
6657	 0.00858571739895539	 1.7214902437383743	
6658	 0.008450352763448478	 1.6764926298164418	
6659	 0.00824445106974981	 1.608964608913223	
6660	 0.00799511930211346	 1.5286867371680877	
6661	 0.007831115226089362	 1.4767816033482986	
6662	 0.007666524306827317	 1.425414300530896	
6663	 0.007499648806839658	 1.3740792917168092	
6664	 0.007349882955525891	 1.3286511116139625	
6665	 0.007205275937662791	 1.2853693676083495	
6666	 0.007066927825203505	 1.2444993566395113	
6667	 0.006955373620051924	 1.2119304286955142	
6668	 0.006872560245912159	 1.1879764807587714	
6669	 0.006819033070938559	 1.1725955574452667	
6670	 0.0067849160973548345	 1.1628339935605057	
6671	 0.0067602692753144945	 1.1558023554085972	
6672	 0.006758798029390414	 1.155383154616004	
6673	 0.006779643305113466	 1.1613282530985491	
6674	 0.006815457371895403	 1.1715709459258483	
6675	 0.006857044883833022	 1.1835099232683959	
6676	 0.006909878043401862	 1.1987470566680014	
6677	 0.0069658713763646775	 1.2149805763589479	
6678	 0.007027416909707657	 1.2329244038428602	
6679	 0.007087892104614614	 1.2506585211724406	
6680	 0.007112056698233066	 1.25777299802741	
6681	 0.007081313683393585	 1.2487245157718676	
6682	 0.007013651623698544	 1.2289019506497827	
6683	 0.006926338440708516	 1.2035101693844743	
6684	 0.006831727673265336	 1.1762360710564532	
6685	 0.006796011057470912	 1.1660049067342835	
6686	 0.00675545687628678	 1.1544313887701396	
6687	 0.00671375749231982	 1.1425792517380915	
6688	 0.00666770543117954	 1.1295468753414708	
6689	 0.006627228262133584	 1.1181415826649215	
6690	 0.006592863913920582	 1.1084950776656701	
6691	 0.006565538071954085	 1.100848250892621	
6692	 0.006542281220593448	 1.0943567742409699	
6693	 0.0065481024768672125	 1.0959801683636161	
6694	 0.006555797426021452	 1.098127562664068	
6695	 0.0065656516197028615	 1.1008799821231412	
6696	 0.006586522314719941	 1.1067185666171917	
6697	 0.006607036873317781	 1.112469554514265	
6698	 0.006632212324021596	 1.119543446701086	
6699	 0.006681472455620675	 1.1334365691511572	
6700	 0.006731775081895103	 1.1476943541841327	
6701	 0.006787991689329639	 1.163712644382594	
6702	 0.006845136252519389	 1.1800862368778349	
6703	 0.006899335915744986	 1.195700472110651	
6704	 0.006938713191983448	 1.2070960002056477	
6705	 0.006936323011946316	 1.2064030654149374	
6706	 0.006901593856821379	 1.1963527367527858	
6707	 0.006851877622269491	 1.182023867890746	
6708	 0.006798992752476838	 1.1668576568271658	
6709	 0.006840477539640671	 1.1787479543769743	
6710	 0.006884074450645735	 1.1912955354479797	
6711	 0.006923902557391882	 1.2028048263696143	
6712	 0.006922358369925509	 1.2023577716339773	
6713	 0.0069100634364831085	 1.1988006614245157	
6714	 0.0068895278561047395	 1.192868812282379	
6715	 0.006862134852949586	 1.1849744801532838	
6716	 0.006831748773300205	 1.1762421258078646	
6717	 0.006831340532988125	 1.1761249815978918	
6718	 0.006840529924436347	 1.1787629992886808	
6719	 0.006843304821520835	 1.1795600594381153	
6720	 0.006818046474564905	 1.1723128138562668	
6721	 0.00677356596404631	 1.1595937275327095	
6722	 0.006760874433604833	 1.1559748002771226	
6723	 0.006786114917854694	 1.1631764471519332	
6724	 0.006811057814167323	 1.1703107505226578	
6725	 0.0068285941115510075	 1.1753370196173438	
6726	 0.006853256051802629	 1.1824202180973609	
6727	 0.00689030942825289	 1.1930943594979155	
6728	 0.006956892504363466	 1.2123715543167826	
6729	 0.006959017558214103	 1.212988835944084	
6730	 0.006940794905807501	 1.2076996375198432	
6731	 0.006913651755409389	 1.199838380712115	
6732	 0.006868761360749421	 1.1868822367703034	
6733	 0.006893123921880731	 1.1939067114191304	
6734	 0.006918169049364788	 1.2011452643555671	
6735	 0.006957812385696077	 1.212638744280795	
6736	 0.007077026106150378	 1.2474646454504577	
6737	 0.007158400077541156	 1.2714624201258171	
6738	 0.007813424600192609	 1.4712256655369336	
6739	 0.00798923754030297	 1.526812850975828	
6740	 0.00829180037742839	 1.6243950100220597	
6741	 0.00883690457009283	 1.8062472203066409	
6742	 0.009852144520200383	 2.165184318606789	
6743	 0.011266623190538663	 2.7076957676454843	
6744	 0.012275186674147924	 3.123612069325883	
6745	 0.013032717866006108	 3.4514525419020226	
6746	 0.013899013481690111	 3.842231636446909	
6747	 0.015366417673303491	 4.541834510053705	
6748	 0.01578786168977336	 4.751336309598413	
6749	 0.015965542221415777	 4.840791429540337	
6750	 0.01600934200917066	 4.862945335037626	
6751	 0.015996402602134873	 4.856396380158888	
6752	 0.015930052306849424	 4.822870340225022	
6753	 0.015829751992263424	 4.772366273626939	
6754	 0.015710329197325932	 4.712511167168315	
6755	 0.015584521710548381	 4.649783304924285	
6756	 0.015477320500152703	 4.596598205841158	
6757	 0.015412771815930293	 4.564692198290298	
6758	 0.015344780660287874	 4.531180801564264	
6759	 0.015271886434116788	 4.495362582969818	
6760	 0.015174916649595497	 4.447890706139929	
6761	 0.015083815031961574	 4.4034754580728	
6762	 0.014992938691197192	 4.3593478561403085	
6763	 0.014907793564631119	 4.318164675620897	
6764	 0.014832880090809023	 4.282059784664104	
6765	 0.01477823148459613	 4.255798184906758	
6766	 0.014735253200643499	 4.235190223486131	
6767	 0.01469331537829327	 4.215119750635937	
6768	 0.014651588312436728	 4.195188007750449	
6769	 0.014624754815005964	 4.182390438462571	
6770	 0.014585987136741023	 4.163928789358679	
6771	 0.01454919943795577	 4.146440252859947	
6772	 0.014510779734545783	 4.128207320756274	
6773	 0.014473575028881039	 4.110581638356569	
6774	 0.014437646688120481	 4.0935892757030246	
6775	 0.014403854939685282	 4.0776331215814885	
6776	 0.01437442170510655	 4.063755336224242	
6777	 0.01434110154360002	 4.048067709940872	
6778	 0.014291399966000044	 4.0247125960407955	
6779	 0.014181033462481155	 3.973044106111722	
6780	 0.014056089969790821	 3.9148740747631	
6781	 0.014043894649823124	 3.909214685234049	
6782	 0.014033820725018816	 3.904542225687144	
6783	 0.014023892305271807	 3.899939441177513	
6784	 0.014007836475671286	 3.8925006048618513	
6785	 0.013996120060488858	 3.8870758512720682	
6786	 0.01398531655599883	 3.882076461520044	
6787	 0.01435294235032461	 4.053639757281242	
6788	 0.014307708125370142	 4.0323699537773745	
6789	 0.014318377008488349	 4.037382587019704	
6790	 0.014267141220797207	 4.013332882318887	
6791	 0.014219916928433617	 3.9912170739285457	
6792	 0.01418028446842639	 3.9726943744281966	
6793	 0.014147568354432052	 3.957430089455968	
6794	 0.01411927530249416	 3.9442484227108014	
6795	 0.01409296246718149	 3.9320051273600822	
6796	 0.014076181480425512	 3.9242049300091018	
6797	 0.01405608250889072	 3.9148706114387486	
6798	 0.014030604440728676	 3.9030509284985104	
6799	 0.014005373284644143	 3.89135988497819	
6800	 0.01397728773655699	 3.878362741971706	
6801	 0.013916891493845692	 3.8504721387816123	
6802	 0.01382751963043812	 3.8093486464118085	
6803	 0.013722797952000272	 3.761387108112551	
6804	 0.013590845208408328	 3.7013006221583136	
6805	 0.013560661175285767	 3.687610346137065	
6806	 0.01353167777155759	 3.674483732455568	
6807	 0.013492218382549295	 3.6566426459046193	
6808	 0.01344820237147324	 3.636782341930079	
6809	 0.013411051181798172	 3.6200531746726288	
6810	 0.013614148332280624	 3.711883868030268	
6811	 0.013735072288918791	 3.7669960585814195	
6812	 0.013704010175661164	 3.752808215689845	
6813	 0.013678950433885938	 3.7413776116292374	
6814	 0.01365561653955583	 3.7307467691504375	
6815	 0.013733765734458407	 3.766398849075818	
6816	 0.013842451024701101	 3.8162068729530945	
6817	 0.013848763915264586	 3.819107967856765	
6818	 0.01382581791142192	 3.8085673330991185	
6819	 0.013807371619164297	 3.800102168163158	
6820	 0.013792807977193497	 3.7934241089761835	
6821	 0.013778816803474026	 3.7870129769519645	
6822	 0.013764259302425478	 3.780346944000273	
6823	 0.013748262017414534	 3.7730270373802552	
6824	 0.013735360175116876	 3.7671276528105895	
6825	 0.013717242191282248	 3.7588494154175844	
6826	 0.013677238878699552	 3.7405974217547895	
6827	 0.01356766427545461	 3.690784865626334	
6828	 0.013436037099566365	 3.6313009272783026	
6829	 0.013405970261972065	 3.617767637073867	
6830	 0.013372666933594655	 3.6028011825132547	
6831	 0.013335020808945998	 3.585912979549555	
6832	 0.01329976898065171	 3.5701276566752	
6833	 0.013269679070654983	 3.556675820829563	
6834	 0.013262264179221108	 3.5533640787652003	
6835	 0.013254983111110561	 3.5501133076855687	
6836	 0.013247677276004352	 3.5468526752224308	
6837	 0.013197273884280578	 3.5243900478874814	
6838	 0.013144355652138784	 3.5008681321546797	
6839	 0.013098039254755995	 3.4803324389166077	
6840	 0.013060749511780125	 3.463834104070322	
6841	 0.013036778574854494	 3.4532450561464194	
6842	 0.01302706692669335	 3.4489586735249365	
6843	 0.013019625622907939	 3.4456757828149924	
6844	 0.013009924016319016	 3.441397589259933	
6845	 0.01299768507727486	 3.436003521596317	
6846	 0.0129863285848159	 3.4310014023560638	
6847	 0.012977159119523848	 3.426964715762289	
6848	 0.012962539163256783	 3.4205324839977442	
6849	 0.01290541520745757	 3.3954464548455054	
6850	 0.012817116055587562	 3.356815289057852	
6851	 0.012706034985180734	 3.3084684281832075	
6852	 0.012593408461104561	 3.2597357802749265	
6853	 0.012605732590264457	 3.2650542382445678	
6854	 0.012613519186623248	 3.2684163189033364	
6855	 0.012619179965726639	 3.2708613873218404	
6856	 0.012651235730610978	 3.2847210729035314	
6857	 0.012807688439418112	 3.352701128212697	
6858	 0.014340425990250963	 4.047749900467405	
6859	 0.014269057640783143	 4.014231400995957	
6860	 0.014361670618229754	 4.05774906862482	
6861	 0.014346956806161788	 4.050822696472187	
6862	 0.014317901218672852	 4.0371589904209975	
6863	 0.014275546526334306	 4.017274329856227	
6864	 0.014231099497505813	 3.996449612603284	
6865	 0.014189198438918346	 3.976857419756591	
6866	 0.014150760865661341	 3.9589185773231304	
6867	 0.014115514531018553	 3.9424976128417866	
6868	 0.014092521537278172	 3.9318000935162605	
6869	 0.014069927915412105	 3.9212997107235177	
6870	 0.014048210657012885	 3.911217207498773	
6871	 0.014044847295013152	 3.909656654130487	
6872	 0.01403925053328807	 3.9070603864261177	
6873	 0.013988567278303336	 3.8835804830439744	
6874	 0.013850135449737677	 3.8197383744383786	
6875	 0.013682144898138897	 3.7428339401485267	
6876	 0.013514623511762448	 3.666768592803876	
6877	 0.013465765350024203	 3.6447016818543045	
6878	 0.013412839583974686	 3.620857784575447	
6879	 0.013352054879023356	 3.5935506001990527	
6880	 0.013264536255672752	 3.5543787340530844	
6881	 0.013189054878627555	 3.5207326046651075	
6882	 0.013123737175619363	 3.491720375706974	
6883	 0.013072632424912188	 3.469088131453253	
6884	 0.013030637900181262	 3.450534529060178	
6885	 0.013168553133502015	 3.5116159853655886	
6886	 0.013166229278670786	 3.510583221217313	
6887	 0.0131304664961245	 3.494704906849047	
6888	 0.013085479018718572	 3.474771832781821	
6889	 0.013059931691776397	 3.4634726223025902	
6890	 0.013040597522935142	 3.454931189877903	
6891	 0.013020274263558203	 3.4459618947920245	
6892	 0.013003662425680289	 3.438637495549024	
6893	 0.012985768580190547	 3.4307548162348778	
6894	 0.012964790676253423	 3.4215227502734082	
6895	 0.01293864752972103	 3.4100314690918094	
6896	 0.012892770650128423	 3.3899035757376756	
6897	 0.012790822237300888	 3.3453458445142767	
6898	 0.012651264293366438	 3.284733432796979	
6899	 0.012493170750879199	 3.2166072975441082	
6900	 0.012305960084190545	 3.1366742602516227	
6901	 0.012229820561910012	 3.1043955939534023	
6902	 0.012147434737011027	 3.0696194693166374	
6903	 0.01205757795067569	 3.0318686362795493	
6904	 0.01200241153326213	 3.008784658130334	
6905	 0.011960258513595102	 2.9911936343503833	
6906	 0.011971305175524392	 2.995799565549365	
6907	 0.011977294666136536	 2.9982980825467536	
6908	 0.011997346440981995	 3.0066687461124	
6909	 0.012046284900908179	 3.0271373996152744	
6910	 0.012069342923985158	 3.0368007287620595	
6911	 0.012081750712098343	 3.0420057747125893	
6912	 0.0120654280970176	 3.035159205548832	
6913	 0.01207488014393966	 3.039123142544642	
6914	 0.012187053565159657	 3.0863235302132526	
6915	 0.012503911822367934	 3.2212177776935813	
6916	 0.012782533734961314	 3.3417336298797475	
6917	 0.013472691749190132	 3.647826765620314	
6918	 0.014257508211327886	 4.008817638588289	
6919	 0.014642715377058146	 4.190954551208602	
6920	 0.01468026148814332	 4.20888024507639	
6921	 0.014660155394413826	 4.199277157609304	
6922	 0.014652909249475113	 4.195818399673289	
6923	 0.014861010901336251	 4.295603338556316	
6924	 0.014811618404779488	 4.271834719134302	
6925	 0.01555563630733152	 4.63542847787686	
6926	 0.017239496470863085	 5.50154341782147	
6927	 0.018547017433108322	 6.214416880795659	
6928	 0.018406529708464812	 6.136161434927976	
6929	 0.018205230517348184	 6.0247248949863215	
6930	 0.018026582849496774	 5.926513319882268	
6931	 0.017868955841442952	 5.840394849370207	
6932	 0.017722660703358657	 5.760919258311742	
6933	 0.017582413189824064	 5.685138548496522	
6934	 0.017446799269660584	 5.612243737556932	
6935	 0.01731618691753714	 5.542393523212265	
6936	 0.017191402060249876	 5.475987048888225	
6937	 0.017074761242443597	 5.414204423546533	
6938	 0.0169643825215248	 5.355997236942858	
6939	 0.016859438751820176	 5.300889748020062	
6940	 0.016765945952153964	 5.25198753073459	
6941	 0.016675654501540692	 5.204932049621002	
6942	 0.016588443279937498	 5.159642803221188	
6943	 0.01650264523392793	 5.1152420510768115	
6944	 0.01641458743726073	 5.069831624654415	
6945	 0.01631143788628551	 5.016844743279108	
6946	 0.016157230653771705	 4.938045925361173	
6947	 0.015979158854499038	 4.847674379628849	
6948	 0.015887131192525217	 4.801232306983222	
6949	 0.015784327032989477	 4.749563524690692	
6950	 0.015682430600169574	 4.698571865391759	
6951	 0.015578835232485409	 4.646955961743072	
6952	 0.015486702958213182	 4.601243293256493	
6953	 0.015398256433423442	 4.557529583225752	
6954	 0.015310288075632145	 4.514217921797005	
6955	 0.015227574829326664	 4.473644679789699	
6956	 0.015160591788354544	 4.44089502067273	
6957	 0.01509835099686887	 4.410550295539958	
6958	 0.01503776862807021	 4.381094094041644	
6959	 0.014980623661307608	 4.353381625411718	
6960	 0.01492754077022967	 4.327702117752888	
6961	 0.014877398598110261	 4.303501064791137	
6962	 0.014829001074094407	 4.280193577809444	
6963	 0.014781868800479749	 4.257544103366176	
6964	 0.014737636052188733	 4.236331745952422	
6965	 0.014695602179068023	 4.216213177467405	
6966	 0.014655820860096733	 4.197208043913896	
6967	 0.014615148718508253	 4.177812851859681	
6968	 0.014578167203098742	 4.160208800312732	
6969	 0.014528371057078451	 4.136551688377489	
6970	 0.014459231094139968	 4.103794276494813	
6971	 0.014327295758416668	 4.041574854705386	
6972	 0.014239237257564987	 4.000259150379711	
6973	 0.014166788026554702	 3.9663945212176253	
6974	 0.014073783808840985	 3.9230909417647766	
6975	 0.013980420744350203	 3.879811741326869	
6976	 0.01399141386128805	 3.8848977115772354	
6977	 0.013923047746720717	 3.85331137139146	
6978	 0.013859914065427085	 3.8242341840683225	
6979	 0.013912510508326344	 3.848452160332738	
6980	 0.014084469627235719	 3.9280566812486084	
6981	 0.014099241304501376	 3.9349252712367235	
6982	 0.014138870114468962	 3.9533757270616983	
6983	 0.014409612787962501	 4.0803501628699825	
6984	 0.014561129340383495	 4.152108393685249	
6985	 0.014888215146414594	 4.3087170648663	
6986	 0.014982097156330679	 4.354095313597382	
6987	 0.015182605922153248	 4.451647653769858	
6988	 0.015214976515228285	 4.467477705615052	
6989	 0.015220180343482003	 4.4700246081149055	
6990	 0.015340198581028622	 4.528925945513613	
6991	 0.015341305580690466	 4.529470662504526	
6992	 0.015314462077951955	 4.516269273176573	
6993	 0.015281102952600604	 4.499885046141386	
6994	 0.015208735662696603	 4.464424019519917	
6995	 0.015116028758468623	 4.4191604060446235	
6996	 0.015070418759536222	 4.396959346651965	
6997	 0.015024538573881228	 4.374671918660978	
6998	 0.014977416453694714	 4.351828374293036	
6999	 0.014932224984342633	 4.329965719417311	
7000	 0.01489834830834693	 4.313605812107759	
7001	 0.014855742833274857	 4.293065730042523	
7002	 0.014913462617760598	 4.320901835411204	
7003	 0.015581178148950285	 4.648120787317124	
7004	 0.017595422168725637	 5.692150866738806	
7005	 0.018662489827164563	 6.2790347992005735	
7006	 0.01886130198879078	 6.390914847050728	
7007	 0.019008369276389485	 6.47418369051146	
7008	 0.019074689586059942	 6.511874897788455	
7009	 0.019110011277739643	 6.531984651226452	
7010	 0.0191063838815971	 6.529918317480054	
7011	 0.01905805180594555	 6.5024110793783905	
7012	 0.018988846417779055	 6.463105123472983	
7013	 0.018843836603756638	 6.381054681857041	
7014	 0.01870194010355326	 6.30117226696765	
7015	 0.018564642872520815	 6.2242627155228325	
7016	 0.018667360475199856	 6.281766270125195	
7017	 0.018530771651058247	 6.205347266008666	
7018	 0.018355985966658186	 6.108104309266758	
7019	 0.01813913132949352	 5.9883116174568585	
7020	 0.01802021454063396	 5.923024266794739	
7021	 0.017988840747517755	 5.905847272537921	
7022	 0.017890359733495655	 5.852059127876089	
7023	 0.017803249500866175	 5.804645659769132	
7024	 0.017695462450781983	 5.746191713324708	
7025	 0.01759631617713569	 5.692632897129367	
7026	 0.017491248124716374	 5.636094300903251	
7027	 0.017386508399903872	 5.579957286196837	
7028	 0.01727265634120408	 5.519191594592801	
7029	 0.017163032210701527	 5.460934228083276	
7030	 0.017058299146983147	 5.405507327480119	
7031	 0.01695607926522405	 5.351628774403111	
7032	 0.01685611818551618	 5.299149792881861	
7033	 0.01676004544885578	 5.248907305468147	
7034	 0.016668336749443513	 5.2011258191347824	
7035	 0.016580421971091008	 5.15548524841793	
7036	 0.01649954848170539	 5.113642343261935	
7037	 0.016422454729308117	 5.073882109026535	
7038	 0.01634748018182001	 5.035333993011583	
7039	 0.01627553945658672	 4.998456348440056	
7040	 0.016208188147643906	 4.964029636383196	
7041	 0.016143285267833547	 4.930944549327348	
7042	 0.01606607117477184	 4.8916990207196935	
7043	 0.015939635068962305	 4.827706658907696	
7044	 0.015879382382237208	 4.797330009278612	
7045	 0.015823844452677236	 4.7693982933093455	
7046	 0.015696208333549573	 4.7054537308350355	
7047	 0.015549664298364706	 4.632462856376941	
7048	 0.015427132048910448	 4.57178268143013	
7049	 0.015300535339783181	 4.509426304354782	
7050	 0.015189590860445253	 4.455061566214291	
7051	 0.015088316393286377	 4.405665841800866	
7052	 0.015017241237339076	 4.371131234813801	
7053	 0.014996999694500914	 4.361315996469897	
7054	 0.015082236211968716	 4.4027073000052965	
7055	 0.015885629369841666	 4.800475890538362	
7056	 0.01792138463784973	 5.8689830009250565	
7057	 0.021301424908315325	 7.827528829316385	
7058	 0.02558053601314427	 10.620044030976631	
7059	 0.0301652178757528	 13.97830012083128	
7060	 0.033197921267735804	 16.39815804014649	
7061	 0.03579946135411319	 18.595351996964137	
7062	 0.03756918861052139	 20.152546999115522	
7063	 0.037508611401341374	 20.098418920394764	
7064	 0.03674917209654787	 19.424783297898788	
7065	 0.03591110025501452	 18.692100279633888	
7066	 0.035066334983428385	 17.965013395837726	
7067	 0.034232898826803415	 17.25902975890108	
7068	 0.033484668988322475	 16.634902770170402	
7069	 0.03277137552149398	 16.048509396063	
7070	 0.032093481255929084	 15.499045896189543	
7071	 0.03145147923901674	 14.985757835582438	
7072	 0.03083842994409836	 14.50209285899146	
7073	 0.030251453075342778	 14.044964637816875	
7074	 0.02968564564000742	 13.609883725441506	
7075	 0.029155715808382898	 13.207372613287504	
7076	 0.028665585804374612	 12.839406596262565	
7077	 0.028205214680996023	 12.497580209734137	
7078	 0.027755328544891475	 12.167112888084489	
7079	 0.02732133041505028	 11.851681974810711	
7080	 0.026903275961680836	 11.550980766922148	
7081	 0.02650093004204385	 11.264504928504739	
7082	 0.026111093080311006	 10.989687375777775	
7083	 0.025734187270838427	 10.726573469643943	
7084	 0.02536854479260427	 10.473765417642166	
7085	 0.025015612459371443	 10.232038140752694	
7086	 0.024673618106045174	 9.999961182422892	
7087	 0.0243399836050327	 9.775614170304623	
7088	 0.024022027295217317	 9.563708787437726	
7089	 0.023733090228466744	 9.372757927434034	
7090	 0.023407418403933806	 9.159380766960433	
7091	 0.023015769550453303	 8.905386045573545	
7092	 0.022701124243736357	 8.703404987949805	
7093	 0.022372872313928212	 8.494669568536722	
7094	 0.022044377234166152	 8.287813579283506	
7095	 0.021724448308597488	 8.088317248329615	
7096	 0.02142719487666337	 7.9047071025854665	
7097	 0.021139617331745266	 7.728682249007827	
7098	 0.02085612570975605	 7.556713838125433	
7099	 0.02060262493203952	 7.404251759162433	
7100	 0.02039473137663483	 7.280148405660789	
7101	 0.020209294805648335	 7.170160030162901	
7102	 0.02002809169984673	 7.063330621790575	
7103	 0.01985319563358229	 6.960828816670489	
7104	 0.019661295389105937	 6.8490519976999265	
7105	 0.01947427025485416	 6.740812354047673	
7106	 0.01929280748997509	 6.636452158556942	
7107	 0.019119562432185537	 6.537426684250064	
7108	 0.018947883243787697	 6.439884573033625	
7109	 0.01877424087472886	 6.3418245952418335	
7110	 0.018599216051147324	 6.243593916401059	
7111	 0.018430136360189413	 6.149283240550218	
7112	 0.01825846038592619	 6.054112765191615	
7113	 0.018055523746649996	 5.942379738391439	
7114	 0.01784375456503723	 5.826673081328554	
7115	 0.017621359807713233	 5.706142525803145	
7116	 0.01746676908265844	 5.622954222971629	
7117	 0.01735093524561453	 5.560942420377607	
7118	 0.017238508844320915	 5.501018135025628	
7119	 0.017136494452009356	 5.446868507535558	
7120	 0.016996381217337566	 5.372845542561583	
7121	 0.016862515192529952	 5.30250198683476	
7122	 0.01673730358030218	 5.237042186447275	
7123	 0.016624875070254615	 5.178542768615406	
7124	 0.016530145465095753	 5.129456788648406	
7125	 0.01643501498253304	 5.080351451457093	
7126	 0.016343290541427212	 5.033183362233981	
7127	 0.016254851039130203	 4.987871309712533	
7128	 0.01616936667657849	 4.944229249970961	
7129	 0.01608708971274674	 4.90236966432954	
7130	 0.016007636151002962	 4.8620817558878775	
7131	 0.015930824301348376	 4.823259885871642	
7132	 0.01585520237309784	 4.785161127634176	
7133	 0.015782121822514227	 4.748457649281525	
7134	 0.015710519557300743	 4.712606335673808	
7135	 0.015640385971760283	 4.677595832104792	
7136	 0.015579178127770267	 4.647126431374356	
7137	 0.015504271150097906	 4.60994603738802	
7138	 0.01542620595689852	 4.571325283095898	
7139	 0.015278923371626639	 4.498815381040627	
7140	 0.015234943881844378	 4.477253466315059	
7141	 0.01519121349175235	 4.45585478263973	
7142	 0.015115976332682118	 4.41913486167096	
7143	 0.015032735593678997	 4.378650498221297	
7144	 0.014919674242965511	 4.323901758995601	
7145	 0.014806576422991146	 4.26941138854109	
7146	 0.014706228157966537	 4.221295445057083	
7147	 0.014610382728144132	 4.175542461990743	
7148	 0.014536148293904488	 4.1402429352226875	
7149	 0.014452602838310354	 4.100659388530062	
7150	 0.014364509425553727	 4.059085951944925	
7151	 0.01427816817981758	 4.018504002093643	
7152	 0.014194770874392226	 3.979460771213347	
7153	 0.014120785914842058	 3.9449517688728677	
7154	 0.014063634865698825	 3.9183770169109065	
7155	 0.01402329164094794	 3.8996610447343376	
7156	 0.013987680678230021	 3.88317025399423	
7157	 0.013963691829446416	 3.8720772162796866	
7158	 0.013946860893859159	 3.864301754111876	
7159	 0.013932543739768235	 3.857692516573886	
7160	 0.013919789737522184	 3.8518086897864428	
7161	 0.01387430259968347	 3.8308532924037513	
7162	 0.013789157325585041	 3.7917508639998574	
7163	 0.013663342670243463	 3.734265427910622	
7164	 0.013605365632416233	 3.707893735814877	
7165	 0.013513639434838512	 3.666323606332809	
7166	 0.013394699981128242	 3.612700015518252	
7167	 0.01325510594913363	 3.5501681411827595	
7168	 0.013095317978453425	 3.479127387013992	
7169	 0.012924295956569123	 3.403729777562956	
7170	 0.012743446992751244	 3.324720270967599	
7171	 0.012589813828998424	 3.258185175975642	
7172	 0.012485725122272931	 3.2134128982912755	
7173	 0.012415790754036687	 3.1834709500521816	
7174	 0.012372112551369071	 3.164827330133005	
7175	 0.012349582321071036	 3.1552276495798073	
7176	 0.012342907109752091	 3.152385715906861	
7177	 0.012344466413004797	 3.1530494887995175	
7178	 0.012350933160622128	 3.1558028865384284	
7179	 0.012362087342899437	 3.160554348857449	
7180	 0.012356273806138192	 3.1580775397262753	
7181	 0.0123618520878567	 3.160454105318314	
7182	 0.01237665650320811	 3.1667648304859934	
7183	 0.012399253802176016	 3.1764071592258674	
7184	 0.012418479897478761	 3.1846202161019956	
7185	 0.012405321337750574	 3.178998189742129	
7186	 0.01235915539323817	 3.1593051189360963	
7187	 0.0122810811973153	 3.1261123912095727	
7188	 0.012326042766363263	 3.145210380501124	
7189	 0.012305383030973751	 3.136429121626743	
7190	 0.01227159501290421	 3.1220889611690823	
7191	 0.012234994981430047	 3.1065850115392912	
7192	 0.012223876726452199	 3.101881380566388	
7193	 0.012203356968745388	 3.0932078866590427	
7194	 0.012183945999360821	 3.0850120102772167	
7195	 0.012164479165628527	 3.0768012842142656	
7196	 0.012153941890678269	 3.0723605215716874	
7197	 0.012255318614844447	 3.115190388676075	
7198	 0.012291099601941935	 3.130363804925994	
7199	 0.012326454409404835	 3.145385445930291	
7200	 0.01235749261012007	 3.158596736707395	
7201	 0.01236236461320592	 3.160672496977097	
7202	 0.012369433813593247	 3.163685362579932	
7203	 0.012378535227169129	 3.1675660401388117	
7204	 0.012396909560183581	 3.1754063197284412	
7205	 0.012417346920257241	 3.1841359925273287	
7206	 0.012438472682657731	 3.1931697849543093	
7207	 0.012460160067225622	 3.2024543843634774	
7208	 0.012478531825400367	 3.2103279628393677	
7209	 0.012449326819622065	 3.1978152082823468	
7210	 0.012390036033087519	 3.1724724961631905	
7211	 0.012310310311241782	 3.1385225317330856	
7212	 0.01231542762745985	 3.1406972721474262	
7213	 0.012304281786503038	 3.135961321994822	
7214	 0.01226939962851471	 3.1211581155026646	
7215	 0.012222905204695	 3.1014705090837467	
7216	 0.012213773563765455	 3.097609661893962	
7217	 0.012205953929785933	 3.0943050588280503	
7218	 0.012569735179695049	 3.249529345917437	
7219	 0.012846264352754216	 3.369548211036597	
7220	 0.01558091873118606	 4.647991807082235	
7221	 0.021759250834732173	 8.10992456060996	
7222	 0.024781144144766516	 10.07269861795904	
7223	 0.02723244029583253	 11.787485827571881	
7224	 0.027828807090901683	 12.220844940861088	
7225	 0.027786452439268267	 12.18986104059827	
7226	 0.02763519408769651	 12.079467279858408	
7227	 0.027869119573352075	 12.250364139013826	
7228	 0.02803650307035144	 12.373236769094934	
7229	 0.030008157428286143	 13.857210020595977	
7230	 0.030866736761662954	 14.524285606135454	
7231	 0.03041997579285581	 14.175607839208643	
7232	 0.029879974730872172	 13.758696573906828	
7233	 0.02934386823786858	 13.349731260349612	
7234	 0.028851820563717646	 12.978732682835465	
7235	 0.028417239702501394	 12.654550822365323	
7236	 0.027953432887158795	 12.312195421090983	
7237	 0.027485724580180237	 11.970774060424063	
7238	 0.027046077388377963	 11.65334830652738	
7239	 0.026635266993736518	 11.359834586453927	
7240	 0.026218415928149538	 11.0650742198946	
7241	 0.025815469817664496	 10.783100146242072	
7242	 0.025422015913501784	 10.510585120359071	
7243	 0.025040809238889752	 10.249220807530902	
7244	 0.02469919001189865	 10.017240528948301	
7245	 0.024371093489245207	 9.796447365316244	
7246	 0.02405464151661751	 9.585359336880673	
7247	 0.02374702918839779	 9.381934431030444	
7248	 0.023445630898612253	 9.184315398617036	
7249	 0.02315010147172236	 8.992181859842871	
7250	 0.022860773312660922	 8.805657282850461	
7251	 0.022580090763861114	 8.626203953096892	
7252	 0.022315488053559783	 8.458387276777305	
7253	 0.02206195881528999	 8.298833139189336	
7254	 0.021817521790039596	 8.14615396159021	
7255	 0.021579591298860563	 7.998630018001779	
7256	 0.021346469845090154	 7.85513566930556	
7257	 0.021085125225471874	 7.695506766790086	
7258	 0.02079332762180413	 7.518829626238626	
7259	 0.020488515348493098	 7.336029442814637	
7260	 0.02028403617470032	 7.214410952966406	
7261	 0.02007110007592833	 7.08862840354056	
7262	 0.019789951783183417	 6.923910999401635	
7263	 0.01950448164966275	 6.758250289074135	
7264	 0.019214395805682332	 6.591558909576429	
7265	 0.018930090185994446	 6.429808745038635	
7266	 0.01866416305701809	 6.279973096873221	
7267	 0.018456795879845524	 6.164115466730929	
7268	 0.01828615798363165	 6.069427049904438	
7269	 0.018128733536623337	 5.982591633348443	
7270	 0.017980930608406664	 5.901519661288025	
7271	 0.017837675123538788	 5.823364837452043	
7272	 0.017703745716867784	 5.750675410907345	
7273	 0.017580118190375915	 5.683901818172251	
7274	 0.017467333331818526	 5.623256967509621	
7275	 0.0173622939006601	 5.56701112390272	
7276	 0.017262568724702925	 5.513820422201016	
7277	 0.01716651440948615	 5.462780963198052	
7278	 0.017072625367778677	 5.413075703042348	
7279	 0.01698196044552641	 5.365249938984003	
7280	 0.01689882854734186	 5.321547170832085	
7281	 0.016792716031615033	 5.265971326648959	
7282	 0.01664587497406013	 5.189449585684698	
7283	 0.016468439168374933	 5.097583126041567	
7284	 0.01638052828653258	 5.0523111616782685	
7285	 0.016323704368647336	 5.023134242181128	
7286	 0.016269701413441636	 4.995468458273526	
7287	 0.016217857526268104	 4.9689663002865005	
7288	 0.016171928156036672	 4.945534723736617	
7289	 0.016141428405383438	 4.929999292051148	
7290	 0.0160488417756348	 4.8829589765125165	
7291	 0.016650176506208435	 5.191684824848497	
7292	 0.01652789874176856	 5.128294876298978	
7293	 0.016419282689174232	 5.072248824834033	
7294	 0.01632217704817759	 5.022350954239779	
7295	 0.016235771016799294	 4.978117149308909	
7296	 0.016162111411809406	 4.940532307940981	
7297	 0.016100080392314947	 4.908969392787957	
7298	 0.016051482629515605	 4.884298210067551	
7299	 0.01600446174930034	 4.8604748998216705	
7300	 0.015943502613302744	 4.829659116786624	
7301	 0.015880279370289636	 4.797781667139374	
7302	 0.015818247119390522	 4.766586843781843	
7303	 0.0157587101652104	 4.736723455698288	
7304	 0.015723330026187494	 4.719012563894548	
7305	 0.015648756865378272	 4.681769071206843	
7306	 0.015526166010065076	 4.620801285702286	
7307	 0.015371683707037925	 4.544428932330217	
7308	 0.015309637688039777	 4.513898316472704	
7309	 0.015340171810424718	 4.5289127729318475	
7310	 0.015682972319729246	 4.698842373798523	
7311	 0.015573344122932294	 4.644226409568598	
7312	 0.0160482024317129	 4.882634773606369	
7313	 0.016089780113849837	 4.903736192420836	
7314	 0.016062200220725294	 4.889734837825862	
7315	 0.01600793779005187	 4.86223445414957	
7316	 0.016079596523974903	 4.8985644724857496	
7317	 0.016005216615231174	 4.860856987501428	
7318	 0.01593841546241438	 4.827091028702782	
7319	 0.015876135849884405	 4.795695434197679	
7320	 0.01581886122101483	 4.766895264660253	
7321	 0.015764923948095883	 4.739836743441446	
7322	 0.01571361240145825	 4.714152678911621	
7323	 0.015663484208896912	 4.689114878265603	
7324	 0.015599701333518616	 4.657334052214246	
7325	 0.015545494669558457	 4.630392723365684	
7326	 0.015498305230695376	 4.60698996606818	
7327	 0.01545661536533064	 4.586354104992973	
7328	 0.015416989128623526	 4.566774074536567	
7329	 0.01535078564419966	 4.534136553278615	
7330	 0.015245903856088793	 4.482622958669272	
7331	 0.015097457386588423	 4.410115233091743	
7332	 0.0150207824657765	 4.372849303474014	
7333	 0.014940161797765828	 4.333802189256949	
7334	 0.014849597245958305	 4.290106181862577	
7335	 0.01475475202624655	 4.2445348945099255	
7336	 0.014664866024571916	 4.201526265222063	
7337	 0.014580931755075544	 4.161523762188872	
7338	 0.014488931125222019	 4.117852913615786	
7339	 0.014416402045715312	 4.083554840648957	
7340	 0.014358961698112908	 4.056473517513562	
7341	 0.014310950209724152	 4.033892940647237	
7342	 0.014270219205770929	 4.014776043032885	
7343	 0.014236130451343521	 3.9988045867335034	
7344	 0.014203492545121951	 3.9835367621521662	
7345	 0.014168293105591858	 3.967096862101284	
7346	 0.014129773894498876	 3.949137639361409	
7347	 0.014096893605495382	 3.933833308533372	
7348	 0.014352487047324348	 4.0534254441015625	
7349	 0.014716316653683437	 4.226122907494288	
7350	 0.015652548168775968	 4.683659683622291	
7351	 0.017058551000893096	 5.405640342388187	
7352	 0.018993570797847862	 6.465785354502829	
7353	 0.021200564618128415	 7.765855324157704	
7354	 0.023455630932341896	 9.190845152585837	
7355	 0.026451051291036694	 11.229191270929565	
7356	 0.03100863221531913	 14.635737110064644	
7357	 0.03690014935019587	 19.557970641140646	
7358	 0.04396062446353709	 26.18484484806557	
7359	 0.05058308357414391	 33.08408168320151	
7360	 0.0524004779159665	 35.088838824192855	
7361	 0.05564752622382431	 38.78704446032382	
7362	 0.05925678352315425	 43.06988447623125	
7363	 0.06160686634516206	 45.95422518052556	
7364	 0.06253684609166965	 47.116194717944424	
7365	 0.062198737719472	 46.69240047584939	
7366	 0.061454947954164243	 45.76551375046198	
7367	 0.061536540351637574	 45.86682835675099	
7368	 0.06238516272790125	 46.92588122971896	
7369	 0.06302874145468661	 47.73548163648053	
7370	 0.06499833218371462	 50.247439784554444	
7371	 0.0638950778105093	 48.83403261273885	
7372	 0.06253823652712567	 47.117940688981506	
7373	 0.06061636822237568	 44.72943756929279	
7374	 0.058639006506930366	 42.32411860340264	
7375	 0.056768230087442424	 40.097673332087616	
7376	 0.05500319915151617	 38.04142995804988	
7377	 0.05330991545374325	 36.10967444076897	
7378	 0.05168064927332039	 34.28916045634508	
7379	 0.05012338168700185	 32.584484644198014	
7380	 0.04869684990476068	 31.05358162129749	
7381	 0.047347780459977146	 29.633045784260027	
7382	 0.04607125263161916	 28.313503845618055	
7383	 0.04485080731329514	 27.07451534833207	
7384	 0.043697313395037934	 25.923968039688543	
7385	 0.04259990670173516	 24.847993793082775	
7386	 0.041555707046804495	 23.841196283801317	
7387	 0.04057868011057902	 22.91430966820582	
7388	 0.039664742302749294	 22.060633439530758	
7389	 0.03876959004474416	 21.237118867772704	
7390	 0.03791357217250838	 20.461372341846257	
7391	 0.0370950878362887	 19.73047721810077	
7392	 0.03631569984009546	 19.04441396535138	
7393	 0.03558093542400988	 18.406555267122453	
7394	 0.03488302974287625	 17.808769537011106	
7395	 0.03421670372354767	 17.245423564343437	
7396	 0.03357436770584227	 16.70923835246163	
7397	 0.03299276768649092	 16.229613035687017	
7398	 0.032513233206285345	 15.838371124613717	
7399	 0.03194347896021578	 15.37849865044855	
7400	 0.031401436358482734	 14.946038841156097	
7401	 0.030884581393913875	 14.538282900365822	
7402	 0.030386468807833272	 14.149593822019177	
7403	 0.029889038568824442	 13.76565325121568	
7404	 0.029427809232723263	 13.413438942726325	
7405	 0.028967693920441705	 13.065723248138823	
7406	 0.0285175919656242	 12.729118648819014	
7407	 0.028075588940129275	 12.401999475564699	
7408	 0.02764025623737535	 12.083155318909533	
7409	 0.027215256575831567	 11.775091893043367	
7410	 0.02679914578078041	 11.47656274097904	
7411	 0.027100003166478585	 11.692099054540387	
7412	 0.026726650026743796	 11.424866341141243	
7413	 0.026364387805522114	 11.167939914938987	
7414	 0.026014607148446865	 10.922088800242877	
7415	 0.025679947781705525	 10.688919601485736	
7416	 0.02536092669695404	 10.468523876707396	
7417	 0.025055656978475657	 10.259351459698735	
7418	 0.024763329404070236	 10.060633025525634	
7419	 0.0244825857034956	 9.871255411172053	
7420	 0.02420380747558816	 9.684630736831961	
7421	 0.02393597199977489	 9.506676088772883	
7422	 0.02367695695886511	 9.335839807386465	
7423	 0.023426605891754514	 9.171897704974441	
7424	 0.023188416379169897	 9.016999940867251	
7425	 0.022959387515532108	 8.86905634049966	
7426	 0.022727857048869444	 8.720493550340635	
7427	 0.022443862615628744	 8.53964045615211	
7428	 0.02223359491443604	 8.40671642200331	
7429	 0.022036714092472678	 8.283012405605469	
7430	 0.02183258873103341	 8.155532193899003	
7431	 0.021611779033965387	 8.018524260199998	
7432	 0.02140447510473619	 7.890742787577804	
7433	 0.021200513649588918	 7.765824207534654	
7434	 0.02100088518322717	 7.644332768197742	
7435	 0.020856660270687912	 7.557036649638898	
7436	 0.020681219240908755	 7.451387477520674	
7437	 0.02059992056579503	 7.402631987212112	
7438	 0.020459618390451708	 7.318793017687611	
7439	 0.020475783541311535	 7.32843319010045	
7440	 0.02064837195070255	 7.431673272011878	
7441	 0.02053371441929535	 7.363022246628319	
7442	 0.020386240602309424	 7.275097630745674	
7443	 0.020245327862759954	 7.191479948470578	
7444	 0.020107647945966572	 7.110154502263647	
7445	 0.01997368779574985	 7.031381770580063	
7446	 0.019843389650535368	 6.955099551724415	
7447	 0.019716028866068033	 6.8808590051337655	
7448	 0.019598688786721188	 6.812742031556089	
7449	 0.019487125226277487	 6.748230006005422	
7450	 0.019365023968271253	 6.677906203225424	
7451	 0.019239071743020815	 6.605673544847701	
7452	 0.019141070956918037	 6.549688394730063	
7453	 0.019046562045667202	 6.49587874593376	
7454	 0.018958041247500102	 6.445639662737485	
7455	 0.018871382768170242	 6.396608769961799	
7456	 0.018784836565375707	 6.347790984014231	
7457	 0.01870226290527274	 6.301353535233036	
7458	 0.018621468678048175	 6.256048900823202	
7459	 0.01854048636789363	 6.210770113162621	
7460	 0.018463964425659108	 6.168106179686152	
7461	 0.018391053381529212	 6.127564972719468	
7462	 0.018320223989104947	 6.088283708514728	
7463	 0.018250857847393245	 6.0499119512442565	
7464	 0.018184760384804568	 6.013438698241087	
7465	 0.018119096828323626	 5.977292285928162	
7466	 0.018055654209007545	 5.942451300862499	
7467	 0.01799363160192574	 5.9084689502911525	
7468	 0.01792798223288473	 5.872584464140812	
7469	 0.01786203705439714	 5.836626373936107	
7470	 0.017795197364752432	 5.800270732781398	
7471	 0.017729747713430694	 5.764759270012439	
7472	 0.017670189203940558	 5.732520056664645	
7473	 0.017592876767174862	 5.690778529582985	
7474	 0.017500189599444212	 5.6408970438870565	
7475	 0.017391787325767873	 5.582781234632521	
7476	 0.01733436610470037	 5.552094606634392	
7477	 0.017275120204862528	 5.52050380177007	
7478	 0.01719259895059602	 5.4766224739021885	
7479	 0.017102719872825797	 5.428988070604636	
7480	 0.017013327068876795	 5.381776629843483	
7481	 0.0169263325229208	 5.3359902917703295	
7482	 0.01684644749650652	 5.29408371656566	
7483	 0.01680094831033881	 5.270274584006717	
7484	 0.01677198404074883	 5.255140327566955	
7485	 0.01674205178596278	 5.239518581427828	
7486	 0.01671061235889533	 5.223130274652637	
7487	 0.016679376242719934	 5.20686829056805	
7488	 0.016648954715150717	 5.191049896750671	
7489	 0.016618716408033796	 5.175345856640171	
7490	 0.016586780938925832	 5.158781078868486	
7491	 0.016550852335843674	 5.140170481769334	
7492	 0.016505240229661346	 5.116582717665507	
7493	 0.016466014633386504	 5.096332383941695	
7494	 0.016431532340724503	 5.0785573353970355	
7495	 0.016401238396485444	 5.062961816357595	
7496	 0.016372578365393187	 5.048225113449682	
7497	 0.016317209378977612	 5.019803617685984	
7498	 0.016239204421915544	 4.979871823977641	
7499	 0.016141154847289205	 4.929860040270132	
7500	 0.016137546930378194	 4.928023616512358	
7501	 0.016144568287254253	 4.931597727528728	
7502	 0.016143476415036464	 4.931041859133748	
7503	 0.016140381084052337	 4.929466173005073	
7504	 0.01613608024302748	 4.927277153314961	
7505	 0.01613022029178294	 4.924295211802379	
7506	 0.016123845811507616	 4.921052262958454	
7507	 0.016073607583685565	 4.895524018116287	
7508	 0.0160426444498233	 4.879816756782663	
7509	 0.016011976723678982	 4.8642792619693695	
7510	 0.01598966503421223	 4.852987727682581	
7511	 0.015969155601602895	 4.842617543466912	
7512	 0.015953256486326783	 4.834584580654822	
7513	 0.01594373203321079	 4.829774945084832	
7514	 0.015936806282899472	 4.826278798800149	
7515	 0.015929222407175203	 4.822451589871781	
7516	 0.015918265859121847	 4.816924504078439	
7517	 0.01590775731830591	 4.811625799997632	
7518	 0.015897179410439687	 4.806294475244754	
7519	 0.015886499526482398	 4.80091415270885	
7520	 0.015881451124491918	 4.798371702844438	
7521	 0.015873748020225155	 4.794493343862535	
7522	 0.015849576892570983	 4.782331809497124	
7523	 0.015752632089743427	 4.733678953033815	
7524	 0.015718687436411805	 4.716690506683045	
7525	 0.015673009198487273	 4.693868271845004	
7526	 0.015606009589834016	 4.660473387636379	
7527	 0.0155146624298591	 4.615096654660745	
7528	 0.0155130326539812	 4.614288675986935	
7529	 0.015430130923286588	 4.573263955919734	
7530	 0.015344273582496265	 4.530931244847902	
7531	 0.015286247861914973	 4.50241039817389	
7532	 0.015248314603321721	 4.483804373316147	
7533	 0.015220689353988563	 4.470273763600467	
7534	 0.01519954032822449	 4.459926209949703	
7535	 0.015185067501609369	 4.45285063968161	
7536	 0.015178987573933473	 4.4498795853398105	
7537	 0.015177797568326087	 4.449298162803237	
7538	 0.015174563872272118	 4.447718371001302	
7539	 0.015166102098350362	 4.443585512923387	
7540	 0.015155469689968682	 4.438394663196078	
7541	 0.015143088798182647	 4.432353244917216	
7542	 0.015130434100703274	 4.426181621635854	
7543	 0.015120167057308499	 4.421176971318997	
7544	 0.01510849786908734	 4.415491598404846	
7545	 0.015067157786482164	 4.395373753492808	
7546	 0.015000599143230067	 4.363060744256434	
7547	 0.014907838361862448	 4.318186302118342	
7548	 0.014871038381477176	 4.300435195197942	
7549	 0.01482117906207844	 4.276431373548631	
7550	 0.014765989309565686	 4.249924022570306	
7551	 0.014706478174560113	 4.221415054231863	
7552	 0.014634095348370795	 4.186843399004956	
7553	 0.014564109815426976	 4.153524961897821	
7554	 0.014503386712609678	 4.124702484535961	
7555	 0.01447249146894589	 4.110068755348167	
7556	 0.01446740261668332	 4.107660383901157	
7557	 0.014478951407053983	 4.113126825900175	
7558	 0.01449805399129072	 4.122175121637388	
7559	 0.01451914940403688	 4.132176596713005	
7560	 0.014540945519091646	 4.14252045997541	
7561	 0.014562469405958612	 4.152745279748972	
7562	 0.014582479936732978	 4.162260228930724	
7563	 0.014600550888260344	 4.170860397158136	
7564	 0.014614946537374733	 4.1777165281685	
7565	 0.014630171620728995	 4.184972589262254	
7566	 0.014645615479400225	 4.192338060481481	
7567	 0.014661592878089467	 4.199963438381464	
7568	 0.014675186428040556	 4.206455463262452	
7569	 0.014662736425478376	 4.2005094206780225	
7570	 0.014620598286030611	 4.180409484448071	
7571	 0.014553990696562488	 4.1487163057275405	
7572	 0.014552045740646119	 4.147792308197225	
7573	 0.014526163290522082	 4.135504074042797	
7574	 0.014488807124047362	 4.117794177152613	
7575	 0.014447967786900006	 4.098467772326116	
7576	 0.014390649527323818	 4.0714044221766255	
7577	 0.014335241005470852	 4.045310991970229	
7578	 0.01427926592806745	 4.0190189396227805	
7579	 0.014245844099313428	 4.003353085593887	
7580	 0.014246554197640772	 4.003685676341454	
7581	 0.014261342111669219	 4.0106144444858565	
7582	 0.01428409959827721	 4.0212866570447465	
7583	 0.014313136560183555	 4.034920120613079	
7584	 0.014344114459762821	 4.049485237352419	
7585	 0.014376488370196219	 4.064729152069169	
7586	 0.01440909841948487	 4.080107410738801	
7587	 0.01443999301981856	 4.0946981173755965	
7588	 0.01447078221633313	 4.10925976435017	
7589	 0.014499225907223745	 4.122730480408152	
7590	 0.014525717985722403	 4.135292783908521	
7591	 0.014550631701525719	 4.14712058699328	
7592	 0.014573235940737162	 4.157863653224782	
7593	 0.014564924892100527	 4.1539123873918475	
7594	 0.014517240289056122	 4.131271073685601	
7595	 0.014439138932264829	 4.0942944743195335	
7596	 0.014413235854013396	 4.082060203862323	
7597	 0.01435791321502484	 4.055979860608073	
7598	 0.014288815416324631	 4.023499577187199	
7599	 0.01421522560187353	 3.9890227287739832	
7600	 0.014136613104862332	 3.9523239772723118	
7601	 0.014055049646923227	 3.9143911722686093	
7602	 0.013974966719278307	 3.877289423500596	
7603	 0.013930883597871837	 3.856926436964859	
7604	 0.013909561301232316	 3.8470925829946654	
7605	 0.013905700499385602	 3.845313053123654	
7606	 0.013914729084819584	 3.849475045374555	
7607	 0.013932391408373882	 3.8576222200617143	
7608	 0.013954869732422224	 3.868000853229233	
7609	 0.013980135567377268	 3.8796798395449597	
7610	 0.01400741353030996	 3.892304726587066	
7611	 0.014036023676046448	 3.9055638012962692	
7612	 0.014065980574830425	 3.91946633744638	
7613	 0.014099130005208729	 3.9348735009277824	
7614	 0.014134071419247062	 3.951139704577063	
7615	 0.01416971493299722	 3.9677603995360036	
7616	 0.014203470476753775	 3.9835264466012434	
7617	 0.014212231469802898	 3.98762249043811	
7618	 0.014189250939878748	 3.976881944173566	
7619	 0.014136161903951776	 3.9521137344096227	
7620	 0.014147737317244724	 3.9575088616713314	
7621	 0.014147741776140477	 3.9575109404632625	
7622	 0.01412807852480422	 3.9483479380608815	
7623	 0.014097682816518985	 3.9342003731548227	
7624	 0.014064254662706862	 3.91866483179083	
7625	 0.014031869321714895	 3.9036373897213488	
7626	 0.013996037506950164	 3.8870376393444768	
7627	 0.013978582616344761	 3.8789615907016266	
7628	 0.014000006439483447	 3.8888749270253196	
7629	 0.014048535827113386	 3.9113680951261753	
7630	 0.014105476857380585	 3.9378261426466357	
7631	 0.014160776776096643	 3.9635898842588975	
7632	 0.014195286069655715	 3.979701496496671	
7633	 0.014225059732293608	 3.993623149983103	
7634	 0.014247804766606132	 4.004271435710025	
7635	 0.014266910597156214	 4.013224759226773	
7636	 0.014281013074932411	 4.019838554902496	
7637	 0.014292614620485082	 4.0252827260623905	
7638	 0.014304480102889068	 4.030853801106892	
7639	 0.014322028456932343	 4.039098743758462	
7640	 0.014342784243027084	 4.048859367820857	
7641	 0.01433410305958636	 4.044775804689932	
7642	 0.014283172674715017	 4.020851751003494	
7643	 0.014201682656944289	 3.9826907906621623	
7644	 0.014193880423207296	 3.9790447211183344	
7645	 0.014166257748446725	 3.96614708028567	
7646	 0.014104850868352578	 3.937534884681279	
7647	 0.014010073210775973	 3.8935365673824123	
7648	 0.013901580065127065	 3.8434142161890055	
7649	 0.013785130509655198	 3.7899055498302228	
7650	 0.013676561427770085	 3.7402886326558846	
7651	 0.013625854923496251	 3.7172050432061825	
7652	 0.013581927671506037	 3.697253870483242	
7653	 0.0135342807871088	 3.6756618755447272	
7654	 0.013497783476367197	 3.6591567317425686	
7655	 0.013476294689364511	 3.6494527798564795	
7656	 0.013419719500269942	 3.623953755585449	
7657	 0.013381165406891611	 3.6066180221691098	
7658	 0.013354282192092243	 3.5945497481876503	
7659	 0.013333797002998126	 3.585364508041613	
7660	 0.013308005095785544	 3.5738131908239494	
7661	 0.01329448650638994	 3.5677646318586658	
7662	 0.013287291051117098	 3.5645468744998543	
7663	 0.013287322472914701	 3.564560923583586	
7664	 0.013289070581014027	 3.565342559750276	
7665	 0.013252635674225476	 3.5490655036401844	
7666	 0.013185563668732673	 3.5191794820144566	
7667	 0.013093978863840361	 3.4785344535289195	
7668	 0.013061648760750695	 3.4642315953904093	
7669	 0.013025499606604372	 3.448267112708463	
7670	 0.012984090208574954	 3.430015823468434	
7671	 0.012938636766281793	 3.410026741181847	
7672	 0.012883151845028022	 3.385689494178087	
7673	 0.012832654641512044	 3.3636006478177434	
7674	 0.012789535171323408	 3.3447848255378894	
7675	 0.012757685549214859	 3.3309138916602143	
7676	 0.012760441673499072	 3.332113309025169	
7677	 0.012790735605077203	 3.3453080812272074	
7678	 0.0128355701072698	 3.3648743781842603	
7679	 0.012891084697649362	 3.3891647938565126	
7680	 0.012949537350123226	 3.4148162359866006	
7681	 0.013007124338333167	 3.440163388619439	
7682	 0.013063938175284798	 3.4652436582215054	
7683	 0.013119614207702584	 3.489892295887766	
7684	 0.013176913519391136	 3.5153325006351883	
7685	 0.013232964780052663	 3.540290048622754	
7686	 0.013286660978257682	 3.5642651656181705	
7687	 0.013337543824390074	 3.587043821980268	
7688	 0.013388439626674282	 3.6098863082345405	
7689	 0.013406499937096823	 3.6180058725669726	
7690	 0.013371706280265338	 3.6023698349879503	
7691	 0.013312062051583305	 3.5756291749270135	
7692	 0.013318838305009415	 3.5786632002954026	
7693	 0.013314244850375058	 3.5766063971381366	
7694	 0.01330645567630198	 3.5731197334091305	
7695	 0.013302738318765378	 3.5714562142170743	
7696	 0.013312582932902599	 3.5758623597792965	
7697	 0.013322154844771348	 3.580148535534129	
7698	 0.013328463879761939	 3.582974760976641	
7699	 0.013330864947142607	 3.5840505889299683	
7700	 0.013344881759926482	 3.590333573513647	
7701	 0.013365159323623772	 3.5994307049929533	
7702	 0.013392784197534624	 3.611838876229843	
7703	 0.013423579120083273	 3.6256910527780004	
7704	 0.013455571317439245	 3.6401042415683147	
7705	 0.013484646783372429	 3.6532232115494687	
7706	 0.013517415337277202	 3.668031136669896	
7707	 0.013556703496914142	 3.685816805777207	
7708	 0.01359785246484031	 3.704481736522312	
7709	 0.013662554625033482	 3.7339064731172122	
7710	 0.013726140316270457	 3.76291412257147	
7711	 0.013771906207585442	 3.78384795665654	
7712	 0.01381364494634996	 3.802980207414562	
7713	 0.013827961200419655	 3.809551395707146	
7714	 0.013789024148423493	 3.7916898289682814	
7715	 0.013709781121387377	 3.7554425166680065	
7716	 0.013683973812332243	 3.743667828301213	
7717	 0.013659181753185092	 3.7323702850974105	
7718	 0.013637370379927616	 3.7224423133743723	
7719	 0.013614439384267223	 3.712016127359097	
7720	 0.013595234720151218	 3.7032932197918487	
7721	 0.013574292337284613	 3.6937903858450714	
7722	 0.013550041545256868	 3.682798531338904	
7723	 0.013521093606229084	 3.669694821190408	
7724	 0.013516869725042213	 3.667784381442222	
7725	 0.013515717040164946	 3.6672630971143536	
7726	 0.0135121324946358	 3.6656422299234053	
7727	 0.013508684776170322	 3.664083503907192	
7728	 0.01351033046134406	 3.664827491060407	
7729	 0.013518180643400556	 3.668377260490699	
7730	 0.013544433541175809	 3.680258526851433	
7731	 0.013599034860960178	 3.705018621764548	
7732	 0.013667264033084487	 3.73605181489715	
7733	 0.013735084949935824	 3.7670018459573322	
7734	 0.013800240626216879	 3.796831712699457	
7735	 0.013862859172447017	 3.8255886389150784	
7736	 0.013917152301617433	 3.85059240502214	
7737	 0.013941567802327725	 3.861857773423789	
7738	 0.013938662472591283	 3.8605165575984386	
7739	 0.013916514738562027	 3.850298408338933	
7740	 0.013938786793284788	 3.860573945161457	
7741	 0.013953311413265147	 3.867280990369123	
7742	 0.013962481668155514	 3.871517944102883	
7743	 0.013949462169526666	 3.8655030685318463	
7744	 0.013925315077068984	 3.854357263571451	
7745	 0.013960468851838808	 3.870587799041367	
7746	 0.014043852305154604	 3.9091950403708333	
7747	 0.01403537538408048	 3.90526315743022	
7748	 0.014093481248744951	 3.9322463679558863	
7749	 0.014240424419258636	 4.000815018918451	
7750	 0.01431936871352819	 4.037848653005406	
7751	 0.014445502097813517	 4.097302098310568	
7752	 0.014738995783253937	 4.236983190210241	
7753	 0.01575716492878616	 4.735949373904764	
7754	 0.01798597291540466	 5.904278144336175	
7755	 0.0200147951056517	 7.055516809005544	
7756	 0.0210152403570676	 7.653043569849131	
7757	 0.021571959719506813	 7.993916074569408	
7758	 0.02193672604207929	 8.220469126367387	
7759	 0.021987994472768235	 8.252514229660951	
7760	 0.02184754417922899	 8.16484529678569	
7761	 0.021689114528188225	 8.066403699460773	
7762	 0.021478063854600344	 7.936008640448205	
7763	 0.02124226082925854	 7.791327835934842	
7764	 0.02105038292529582	 7.674385025586245	
7765	 0.020850601030966275	 7.5533779093259215	
7766	 0.020640752824711756	 7.427103429061469	
7767	 0.02042769082998628	 7.299767765778457	
7768	 0.020221833218894647	 7.1775758440038855	
7769	 0.020028375257390582	 7.063497293530506	
7770	 0.019855394108570783	 6.962113561387251	
7771	 0.01971872536131882	 6.882427530047116	
7772	 0.019599881807747976	 6.813433226555557	
7773	 0.01948590216021023	 6.74752412469782	
7774	 0.019376557629403757	 6.684536369491491	
7775	 0.01926902168710709	 6.622821132043322	
7776	 0.019161512874621024	 6.561350564195353	
7777	 0.019054466930969936	 6.500372669805185	
7778	 0.018946267824580074	 6.438969535238006	
7779	 0.018832578126881373	 6.374701884235794	
7780	 0.018732149787087253	 6.3181454523137655	
7781	 0.01861715198446878	 6.253632034588477	
7782	 0.018495850266992558	 6.185869469217188	
7783	 0.018375048520643117	 6.118680002821468	
7784	 0.01824703455602513	 6.047799816651017	
7785	 0.018091507878834557	 5.9621311639382775	
7786	 0.017929369952451972	 5.873342098262229	
7787	 0.017715440997161644	 5.757008399299791	
7788	 0.017564901733611596	 5.675704689889588	
7789	 0.0174181678020202	 5.596901968475765	
7790	 0.01726943453882429	 5.51747591185386	
7791	 0.0171158781121874	 5.43595131422878	
7792	 0.016987475780336228	 5.368154428253714	
7793	 0.01686031024543838	 5.301346442857665	
7794	 0.016731864666635336	 5.23420613276543	
7795	 0.01662277601199892	 5.17745307566899	
7796	 0.016549091569261702	 5.139259116876966	
7797	 0.016485223881216454	 5.106245203142658	
7798	 0.016429481189572593	 5.077500783979192	
7799	 0.016380805765134496	 5.052453802189097	
7800	 0.016337042181600106	 5.029976630129955	
7801	 0.016295662276645157	 5.008760613657505	
7802	 0.016258695739079676	 4.989837736066445	
7803	 0.01622740984274028	 4.973845125673945	
7804	 0.01619546862127563	 4.957538720881901	
7805	 0.01616386408197787	 4.94142528497593	
7806	 0.01613490403333039	 4.926678559949257	
7807	 0.016108916661779004	 4.913460562023255	
7808	 0.01607953428120234	 4.898532869304611	
7809	 0.01604247770684056	 4.8797322245447745	
7810	 0.01599584669526838	 4.856115100998003	
7811	 0.015945795602946927	 4.830816839099747	
7812	 0.015912216278333974	 4.813873849091473	
7813	 0.01587247452789627	 4.793852286774185	
7814	 0.015835331154710103	 4.775169953543067	
7815	 0.015795181434184378	 4.755008322799937	
7816	 0.01580286865227529	 4.758865903848165	
7817	 0.01581024458156495	 4.762568450939517	
7818	 0.015816683313562698	 4.765801488047913	
7819	 0.015801465017283328	 4.758161441778404	
7820	 0.01581010210836432	 4.762496921755942	
7821	 0.015820066193771874	 4.767500462541208	
7822	 0.01582868554223596	 4.771830428650523	
7823	 0.015836733072182096	 4.775874558504805	
7824	 0.015844721003096474	 4.779890093104019	
7825	 0.01585275404665023	 4.783929667109492	
7826	 0.01586055596427618	 4.78785432143223	
7827	 0.01587326685151565	 4.794251126664022	
7828	 0.015879179771156233	 4.797227991448031	
7829	 0.015882815476515454	 4.799058757568519	
7830	 0.015883513016883295	 4.799410037249944	
7831	 0.015888070298478465	 4.80170532658512	
7832	 0.015909619525976512	 4.812564607809689	
7833	 0.015944738236625254	 4.830282964815519	
7834	 0.016031223710852832	 4.874028238191857	
7835	 0.01670654191581406	 5.22100999246828	
7836	 0.019272639864285727	 6.624893892531206	
7837	 0.01974666860095267	 6.898690257282639	
7838	 0.02168767384806729	 8.06551071309404	
7839	 0.023116708768207612	 8.970574404952837	
7840	 0.023195806153992315	 9.021789737357885	
7841	 0.023153937950477387	 8.99466566611491	
7842	 0.02314273860529551	 8.987415774576915	
7843	 0.023301236299646682	 9.090236662969378	
7844	 0.02360958111972207	 9.29160458955505	
7845	 0.023773423424392807	 9.399320516301172	
7846	 0.02391873412739615	 9.49526818724133	
7847	 0.024196178181040317	 9.679543442407192	
7848	 0.024645100041367173	 9.980705145933317	
7849	 0.02498270930636163	 10.209617563120217	
7850	 0.02567799904147651	 10.687567742510852	
7851	 0.02670175200968352	 11.407133218565535	
7852	 0.027389093991360473	 11.900714246940362	
7853	 0.028403280184260568	 12.644191940012794	
7854	 0.029138499392872504	 13.194376942233767	
7855	 0.029499949988993992	 13.468287636238417	
7856	 0.02953667623703689	 13.496245023344615	
7857	 0.029307924190151394	 13.322488349794158	
7858	 0.028993577396957664	 13.08518671539715	
7859	 0.028653048778788784	 12.83004900499915	
7860	 0.02828410606401272	 12.555895097275046	
7861	 0.027918418636408433	 12.286502555627502	
7862	 0.02756018118374712	 12.024869278513506	
7863	 0.027210146088568563	 11.771406907855978	
7864	 0.02686993654961835	 11.527133373218598	
7865	 0.026541701961432202	 11.293403975889097	
7866	 0.026224611854956968	 11.069432720588425	
7867	 0.025916245962449236	 10.853348249681614	
7868	 0.02562135132070864	 10.648300596821215	
7869	 0.0253393633369158	 10.4536931512188	
7870	 0.025067123357014182	 10.267177739652585	
7871	 0.024804458792673467	 10.088497933000152	
7872	 0.024547943608770627	 9.9152144464612	
7873	 0.02429690964561833	 9.746798349039329	
7874	 0.024055519994795146	 9.58594277462748	
7875	 0.023823068247997327	 9.432056815774795	
7876	 0.023598122532592983	 9.284089883631182	
7877	 0.023376814784634298	 9.139430679827072	
7878	 0.023155346791388406	 8.995577844280476	
7879	 0.023514331225520435	 9.229212289147407	
7880	 0.02342859463707373	 9.173195451994188	
7881	 0.02332630973037413	 9.106545179774756	
7882	 0.02315593090475472	 8.995956049329353	
7883	 0.02295669891578846	 8.867325428195429	
7884	 0.022770144008272996	 8.747552254331795	
7885	 0.022580477631571585	 8.626450277677483	
7886	 0.02238716704741845	 8.503717348637222	
7887	 0.022196808058642756	 8.38354682414094	
7888	 0.02200626669242627	 8.263947250441955	
7889	 0.02181922687318031	 8.147215053049367	
7890	 0.021636352647800488	 8.033725753775961	
7891	 0.021459820812995523	 7.924777340869361	
7892	 0.02129708269639901	 7.824869658270461	
7893	 0.021144008660289454	 7.731358230353032	
7894	 0.02099712075543082	 7.642049148637191	
7895	 0.02085444378516567	 7.555698190784936	
7896	 0.020715057567557083	 7.471718320758788	
7897	 0.02057869087700237	 7.389921454342982	
7898	 0.020447795630761403	 7.3117456670387515	
7899	 0.02032441839227279	 7.238364700002302	
7900	 0.020202532584554705	 7.166161803960164	
7901	 0.02008675155953626	 7.097843675530544	
7902	 0.019975647745906783	 7.032531750886389	
7903	 0.019870008874690842	 6.970656548365156	
7904	 0.01977414364112834	 6.91469546219351	
7905	 0.019690428645077602	 6.865974731684123	
7906	 0.019635788595420568	 6.83424949729177	
7907	 0.019698521276344114	 6.870678490259484	
7908	 0.019763481658582854	 6.90848271012389	
7909	 0.019716749934824328	 6.881278429769138	
7910	 0.01962563815006327	 6.828362396326655	
7911	 0.019530789256470088	 6.7734496432810545	
7912	 0.019644593999589312	 6.839358138897831	
7913	 0.019541522877028893	 6.779654969928956	
7914	 0.019439371620613998	 6.720691395213465	
7915	 0.019335820083210137	 6.661130016612126	
7916	 0.019243668048737617	 6.608303965662698	
7917	 0.01916349117574445	 6.562479630741708	
7918	 0.019093144239828802	 6.522378620355192	
7919	 0.019015064935752297	 6.477985000140886	
7920	 0.01893709208233631	 6.4337730160712345	
7921	 0.018860448017471755	 6.390432591935918	
7922	 0.018784734830008865	 6.347733686587455	
7923	 0.0187105875653596	 6.30602894173581	
7924	 0.0186653529119978	 6.280640366372993	
7925	 0.018621573817162035	 6.256107771642952	
7926	 0.018614246840580308	 6.25200568881497	
7927	 0.018542550242864952	 6.211922431783934	
7928	 0.018473290152049886	 6.173299336210967	
7929	 0.01860966342754139	 6.249440165338002	
7930	 0.018511393546453803	 6.194535884235199	
7931	 0.01839329110629851	 6.12880763853721	
7932	 0.018274758699904914	 6.063122395552392	
7933	 0.01813168777652897	 5.984216583314889	
7934	 0.01797336658292718	 5.897382594607795	
7935	 0.017809163784358633	 5.807859878368403	
7936	 0.0176469173942286	 5.719942607709829	
7937	 0.017486105161844498	 5.633332597594404	
7938	 0.01733232976949566	 5.551007605729529	
7939	 0.01722221193574367	 5.492353296654178	
7940	 0.017141538087105505	 5.449540651903371	
7941	 0.017070663294565823	 5.412038912299404	
7942	 0.01700361073013989	 5.376655036109404	
7943	 0.016943246387623134	 5.344880017911731	
7944	 0.016888881039940542	 5.316327307802616	
7945	 0.01684126511158551	 5.291369675894906	
7946	 0.01679294770342843	 5.266092409180068	
7947	 0.016741123145458177	 5.239034218332285	
7948	 0.01669186842744446	 5.2133694727230075	
7949	 0.01664720739500076	 5.190141920952837	
7950	 0.016608024648071613	 5.1697977257444565	
7951	 0.01657095655990408	 5.150580919969989	
7952	 0.016536827668099476	 5.132913169804814	
7953	 0.016489217223225484	 5.10830691105644	
7954	 0.01640421818636739	 5.0644949806687345	
7955	 0.016274567442499128	 4.997958825426313	
7956	 0.016182766979062988	 4.9510603223494325	
7957	 0.016071204391338825	 4.894304182074163	
7958	 0.015925688324960097	 4.820668527319705	
7959	 0.01576379758360425	 4.739272341030021	
7960	 0.015575537248867453	 4.645316504222238	
7961	 0.015382558551257444	 4.549788528470163	
7962	 0.015204063157118204	 4.46213828165169	
7963	 0.015090823165677555	 4.406885837990245	
7964	 0.015016985854288364	 4.3710073431610725	
7965	 0.014963078284150569	 4.344887108224509	
7966	 0.01492026335534602	 4.324186315877054	
7967	 0.014888437745675127	 4.30882443412929	
7968	 0.014866396955721785	 4.29819840071065	
7969	 0.014854878064566202	 4.292649231530537	
7970	 0.014850091920717049	 4.290344373598296	
7971	 0.014848001607023124	 4.289337898930464	
7972	 0.014851283842111327	 4.290918319547567	
7973	 0.014853113726704878	 4.291799523701512	
7974	 0.014854047347217207	 4.292249148394946	
7975	 0.014856799440075449	 4.293574645465328	
7976	 0.014865552462454797	 4.297791472826119	
7977	 0.01486426893486784	 4.297173021189216	
7978	 0.014821479446391016	 4.276575826920758	
7979	 0.014747126392700767	 4.240879383930182	
7980	 0.01470341379978674	 4.219949135705049	
7981	 0.014635219686639995	 4.187379538377299	
7982	 0.014559087707425346	 4.151138152418907	
7983	 0.014480714873757385	 4.113961791599845	
7984	 0.014397951426626953	 4.074848094981108	
7985	 0.014313549501422777	 4.035114138294102	
7986	 0.014230062143128911	 3.9959640991959198	
7987	 0.014165268137288774	 3.9656853196618354	
7988	 0.014143924332625292	 3.9557313613304883	
7989	 0.014141286868122887	 3.9545020404940336	
7990	 0.014154571141235021	 3.960695386919142	
7991	 0.014175482342263316	 3.9704523853189806	
7992	 0.014216616697765711	 3.9896733567574967	
7993	 0.014257141231424362	 4.008645665703758	
7994	 0.014296594054272646	 4.0271508042161175	
7995	 0.01431815808472739	 4.037279703562649	
7996	 0.014336053852147342	 4.045693299197549	
7997	 0.014356047296661872	 4.055101390394618	
7998	 0.01437963866846261	 4.06621375713753	
7999	 0.014404063602821234	 4.077731573908617	
8000	 0.014431502913895375	 4.09068638794815	
8001	 0.014443862644748109	 4.096527107323245	
8002	 0.014417104373221367	 4.083886411990557	
8003	 0.01435873059765614	 4.056364706506056	
8004	 0.01439478778167803	 4.073355934975579	
8005	 0.014430605978901032	 4.0902626617221465	
8006	 0.014464374172657554	 4.106227397868727	
8007	 0.014496084420234204	 4.121241829813622	
8008	 0.014492907864872458	 4.119736780106842	
8009	 0.014482636553351804	 4.114871745079726	
8010	 0.014473872418014703	 4.110722406467	
8011	 0.014466654407476449	 4.107306330906181	
8012	 0.014469172614112598	 4.108497996222998	
8013	 0.014488756535788527	 4.117770214771005	
8014	 0.014506563692471105	 4.1262084607820055	
8015	 0.014520526892619312	 4.132830010345183	
8016	 0.01453220389459968	 4.138370672381038	
8017	 0.014544043073712048	 4.143991317389741	
8018	 0.01455804785980543	 4.150644022515617	
8019	 0.014574454100406278	 4.158442920926605	
8020	 0.014606480923055247	 4.173684114314763	
8021	 0.014637754992183494	 4.188588596594726	
8022	 0.01466834936963825	 4.203189710869552	
8023	 0.014698270848116365	 4.21748933688631	
8024	 0.014728575436649164	 4.231991847462556	
8025	 0.014744781139619974	 4.239755390015673	
8026	 0.01474030045491847	 4.2376082932924675	
8027	 0.014678213451496643	 4.207901658951358	
8028	 0.01467644428994015	 4.207056397278766	
8029	 0.014703008410231956	 4.219755222962244	
8030	 0.014730201479308966	 4.232770566416416	
8031	 0.014756848837440974	 4.245540266638464	
8032	 0.014782333405865381	 4.257767135454877	
8033	 0.01480578799105151	 4.269032493778605	
8034	 0.014786527972868007	 4.259780933302824	
8035	 0.014751674261387118	 4.243059350454698	
8036	 0.014718599825990223	 4.227215738216847	
8037	 0.014691371728371056	 4.214190489527327	
8038	 0.014666609480624202	 4.202358806829589	
8039	 0.01464484898743944	 4.191972383649644	
8040	 0.014632315892885371	 4.185994923886342	
8041	 0.014632607930541518	 4.186134167768169	
8042	 0.014645771849250104	 4.192412662741248	
8043	 0.014665839393464247	 4.201991063814092	
8044	 0.014691301914088031	 4.214157112768624	
8045	 0.014716451645828112	 4.226187517766991	
8046	 0.014741953301123286	 4.238400269073001	
8047	 0.014769236020464536	 4.251481575498192	
8048	 0.014797175856257429	 4.264894657690957	
8049	 0.014826105977802137	 4.27880095016186	
8050	 0.014817486394244612	 4.274655746813699	
8051	 0.014768261076685621	 4.2510138392409385	
8052	 0.01476490778924714	 4.249405232750186	
8053	 0.014737931482036797	 4.236473282356492	
8054	 0.014703972084791087	 4.2202161898023265	
8055	 0.014663150706527045	 4.200707224574276	
8056	 0.014618016693795156	 4.179179316201129	
8057	 0.014572153071728362	 4.157348746973314	
8058	 0.014528691911195274	 4.136703946718989	
8059	 0.014468612064702121	 4.108232721161933	
8060	 0.014476877798749533	 4.112145101172644	
8061	 0.014446125969960089	 4.09759702626769	
8062	 0.014438393764823828	 4.093942320073302	
8063	 0.014445337626733409	 4.097224348025447	
8064	 0.014462098954500069	 4.105150951564795	
8065	 0.01448468940252454	 4.11584389888825	
8066	 0.014510843982232407	 4.128237784104505	
8067	 0.014539603914934343	 4.14188347116576	
8068	 0.014569252412634503	 4.1559696037958815	
8069	 0.014599420964865845	 4.1703224458619745	
8070	 0.01462854576224121	 4.184197487720016	
8071	 0.01465630495090871	 4.197439107079878	
8072	 0.014682646933894306	 4.210020165654963	
8073	 0.014712556222940428	 4.22432323968111	
8074	 0.014719297559347805	 4.227549727870673	
8075	 0.014705380582762884	 4.22088997097581	
8076	 0.014695663198124681	 4.216242355097522	
8077	 0.014672375885810763	 4.205112872030977	
8078	 0.014634665561437546	 4.187115300998849	
8079	 0.014587234720856546	 4.164522395568549	
8080	 0.014530035317036848	 4.137341471827329	
8081	 0.01446898671009552	 4.108410018028379	
8082	 0.014407618846937312	 4.079409170396553	
8083	 0.014354328065890137	 4.054292047747968	
8084	 0.014331525556943357	 4.043563684268102	
8085	 0.014322996228420086	 4.039553638893883	
8086	 0.014323045361496665	 4.039576734145983	
8087	 0.014330038895329756	 4.042864619000722	
8088	 0.014343872975172497	 4.049371615513687	
8089	 0.014362254465538118	 4.058024006227653	
8090	 0.014382499723584788	 4.067562241791831	
8091	 0.014404245015523374	 4.077817169592983	
8092	 0.014426270232423726	 4.088214634336226	
8093	 0.01444879599800389	 4.098859345432615	
8094	 0.014471863176538204	 4.109771376509297	
8095	 0.01449539871310302	 4.120916923644585	
8096	 0.014519795418450885	 4.132483029406317	
8097	 0.014532040857136944	 4.138293291719442	
8098	 0.014527797705043614	 4.136279615075864	
8099	 0.014451522832413815	 4.100148681675398	
8100	 0.014405514885073497	 4.078416350369133	
8101	 0.01433241358914054	 4.043981282159171	
8102	 0.01424108445686785	 4.001124083814774	
8103	 0.014136719225602001	 3.952373426244552	
8104	 0.014028993238312203	 3.902303946618757	
8105	 0.013921370091227845	 3.85253756220655	
8106	 0.01381473602190479	 3.8034808534545976	
8107	 0.013718525767141467	 3.7594356507057496	
8108	 0.013658298695985721	 3.7319681349193394	
8109	 0.013619773130680825	 3.714440212747267	
8110	 0.013596737934835386	 3.703975695432979	
8111	 0.013591899316427245	 3.7017790902587575	
8112	 0.013603098386283749	 3.7068639655296107	
8113	 0.013624082970538869	 3.716399414619598	
8114	 0.013650662517602974	 3.7284912910664554	
8115	 0.013681344689145118	 3.7424691105337353	
8116	 0.013717290121583143	 3.7588713055068146	
8117	 0.013752469156661654	 3.7749515556978435	
8118	 0.013787029126735139	 3.7907755584898757	
8119	 0.013821709819655656	 3.806681441728474	
8120	 0.01385714801403805	 3.82296225163084	
8121	 0.013871589352632503	 3.829604776336219	
8122	 0.013847016445980811	 3.818304828409563	
8123	 0.013775536236753734	 3.785510360903975	
8124	 0.013735752449246188	 3.76730696624795	
8125	 0.013676035356138695	 3.7400488508310534	
8126	 0.013606646825138511	 3.7084756968480295	
8127	 0.013530120406539779	 3.673778930363028	
8128	 0.013445841864900653	 3.635718488921018	
8129	 0.013357045748281119	 3.5957896033490613	
8130	 0.013267151141225826	 3.5555466231457777	
8131	 0.013186342961854851	 3.519526139725764	
8132	 0.013148564971687081	 3.5027368487906694	
8133	 0.013133533274475091	 3.4960653966852533	
8134	 0.013132496578824095	 3.495605472160641	
8135	 0.013141734300121236	 3.4997045911996514	
8136	 0.013161822685518033	 3.508625183251984	
8137	 0.013191126336767152	 3.5216542567577567	
8138	 0.013230728178971253	 3.5392928205425944	
8139	 0.013275330184440314	 3.5592006285395734	
8140	 0.013326817867342515	 3.5822373193845563	
8141	 0.013370289018285093	 3.6017335011598828	
8142	 0.013413797775917287	 3.6212889087171165	
8143	 0.013458458997467927	 3.641406330247677	
8144	 0.013505174047576866	 3.6624965632899986	
8145	 0.013538403575986348	 3.6775281878138584	
8146	 0.013537660815065753	 3.6771919253373633	
8147	 0.013498905758873978	 3.6596638176419334	
8148	 0.013473735667482958	 3.6482978582464995	
8149	 0.013420522800139919	 3.6243153105427477	
8150	 0.013352123833443528	 3.5935815307220826	
8151	 0.013274387691521838	 3.5587794912426807	
8152	 0.013201760243221174	 3.5263871106366427	
8153	 0.013122712077583878	 3.491265822447978	
8154	 0.013044472235787157	 3.4566422812195308	
8155	 0.012979993347508868	 3.428212228962258	
8156	 0.012957404884421457	 3.4182747410596233	
8157	 0.01295342096933153	 3.4165232688692866	
8158	 0.012956910361676182	 3.418057311577022	
8159	 0.012966123421158472	 3.4221089756095813	
8160	 0.012979241079725973	 3.427881093226168	
8161	 0.013002339435888754	 3.438054438269756	
8162	 0.013038036556151841	 3.4538004409752703	
8163	 0.013081611455755458	 3.473060320504702	
8164	 0.013125224262444663	 3.4923798280440583	
8165	 0.01316955342671888	 3.5120605716152578	
8166	 0.013214366548688936	 3.5320011172371757	
8167	 0.01326116085778993	 3.5528714034612907	
8168	 0.013309843935571107	 3.57463625089327	
8169	 0.013340772034815922	 3.5884909483079896	
8170	 0.013334360792361711	 3.585617176613012	
8171	 0.013288216902313393	 3.564960843586014	
8172	 0.013253135250569231	 3.5492884846243036	
8173	 0.013190698828164395	 3.521464037819664	
8174	 0.013112273350270699	 3.4866383862700028	
8175	 0.013023437892778591	 3.447357491184822	
8176	 0.01293988374781813	 3.4105745032922705	
8177	 0.012852456426430427	 3.37225559251709	
8178	 0.012766450507740095	 3.3347288479525443	
8179	 0.012692695599874492	 3.302681481387403	
8180	 0.012663654271984149	 3.290096672965117	
8181	 0.0126560344341576	 3.28679786548521	
8182	 0.012655451732996394	 3.286545654896189	
8183	 0.012654593874915349	 3.2861743622044366	
8184	 0.012660745674329229	 3.288837316253547	
8185	 0.012681954675608398	 3.298024755252401	
8186	 0.012718212512087818	 3.313754870548276	
8187	 0.012763617881497484	 3.3334957537325196	
8188	 0.012802627857999106	 3.350493550267735	
8189	 0.01284699608223576	 3.36986810229206	
8190	 0.012894691566055053	 3.3907453967520973	
8191	 0.012943582678490096	 3.412199541161352	
8192	 0.012993719298426852	 3.4342564099520767	
8193	 0.013025852959330772	 3.448423020433104	
8194	 0.013028831279024908	 3.4497372387777645	
8195	 0.013001924992384296	 3.437871796241148	
8196	 0.013023393696927005	 3.4473379931678676	
8197	 0.013039387837334007	 3.4543970564695305	
8198	 0.0130579299958785	 3.4625879233495414	
8199	 0.013080313682823235	 3.4724860927498176	
8200	 0.013106287194595606	 3.483985860747431	
8201	 0.013129308255324379	 3.4941911410470574	
8202	 0.013147138421689495	 3.5021034908866078	
8203	 0.013141791398274486	 3.499729933739927	
8204	 0.013143588321761854	 3.500527520784944	
8205	 0.013141664472376415	 3.4996735988358414	
8206	 0.01313878387816338	 3.49839517085851	
8207	 0.013132624398293031	 3.4956621772816585	
8208	 0.013131723026641779	 3.495262305607803	
8209	 0.013151002604476467	 3.5038192120055807	
8210	 0.013185994469834544	 3.5193711162071772	
8211	 0.013231896429896464	 3.5398136918246013	
8212	 0.01326989958154458	 3.5567743273683425	
8213	 0.013307563579449563	 3.5736155805079224	
8214	 0.013345181844164689	 3.590468133291005	
8215	 0.013385350859657814	 3.60849838942878	
8216	 0.013426116296693952	 3.6268332715071745	
8217	 0.01343806498367778	 3.632214419337751	
8218	 0.01340134930155078	 3.615689503246356	
8219	 0.013344974204833951	 3.590375026212813	
8220	 0.01335757870007008	 3.596028729079156	
8221	 0.013356805529825664	 3.59568182379676	
8222	 0.013340932976066332	 3.5885631003720078	
8223	 0.01331645599006073	 3.577596416251176	
8224	 0.013292088221719886	 3.5666920066660754	
8225	 0.013258410615098906	 3.5516434336516807	
8226	 0.013217332284107375	 3.533322376741092	
8227	 0.013172023443853204	 3.5131584818017014	
8228	 0.013157851786566761	 3.506861117182523	
8229	 0.01315893735086687	 3.5073433422941185	
8230	 0.013161456017269478	 3.5084622765463775	
8231	 0.01315744536902315	 3.506680586800385	
8232	 0.013149226946431789	 3.5030307670812046	
8233	 0.013143390014592863	 3.500439496090011	
8234	 0.013137494815123522	 3.4978231361264283	
8235	 0.01312938054985363	 3.4942232081550366	
8236	 0.013177829390445078	 3.515739736349676	
8237	 0.013209330903794555	 3.5297581488251963	
8238	 0.013226777508122768	 3.537531618764073	
8239	 0.013234002052738832	 3.540752573105999	
8240	 0.013237163015740894	 3.5421622095492524	
8241	 0.013212877638261743	 3.531337869934845	
8242	 0.013167302169485931	 3.5110600186765217	
8243	 0.013116527182492534	 3.4885237926784916	
8244	 0.013106930252884534	 3.484270767600981	
8245	 0.013096317877180099	 3.47957014876929	
8246	 0.013089144378213237	 3.4763941752598844	
8247	 0.013087836675029933	 3.475815331677726	
8248	 0.013855274597430467	 3.822100881719708	
8249	 0.014781564892482875	 4.257398215989984	
8250	 0.01617510054942244	 4.947151744639661	
8251	 0.017445952174483796	 5.611789592397785	
8252	 0.018546482807545988	 6.21411832837267	
8253	 0.01962840154276309	 6.829964920219007	
8254	 0.020671085263903727	 7.445303063933844	
8255	 0.02081306604738764	 7.530729021484469	
8256	 0.020875826262703616	 7.568614283470613	
8257	 0.020793148150541525	 7.518721465743703	
8258	 0.020688711556772415	 7.455887122780219	
8259	 0.02057641182874049	 7.388557473352459	
8260	 0.02044850150449158	 7.312166350411364	
8261	 0.02031959517966125	 7.2355020178271	
8262	 0.020194049052856267	 7.161147098461014	
8263	 0.02007132198813665	 7.088759027420534	
8264	 0.019953419183633504	 7.01949378584142	
8265	 0.01983539758195812	 6.95043148419507	
8266	 0.01978927457838707	 6.923516114470025	
8267	 0.01963570512926301	 6.834201079939418	
8268	 0.019506427784178597	 6.759374210388865	
8269	 0.019367808569808062	 6.679506700355287	
8270	 0.019223866653810928	 6.596974806280042	
8271	 0.019076615071789406	 6.5129704983245205	
8272	 0.018944658360203377	 6.438057922219835	
8273	 0.01881516191211346	 6.364879459464867	
8274	 0.018692481247870724	 6.295861603122561	
8275	 0.018582065542756356	 6.234001406983353	
8276	 0.018481797407943337	 6.178038241056196	
8277	 0.018386822422563367	 6.125215688416756	
8278	 0.018300568185400205	 6.077400716914531	
8279	 0.01835468731345596	 6.107384097145571	
8280	 0.018428004592461463	 6.14809783259689	
8281	 0.01908238478226133	 6.516253902490225	
8282	 0.021344016996690904	 7.853631383187269	
8283	 0.024524460653972607	 9.899411067110405	
8284	 0.027263990195107734	 11.810255092597595	
8285	 0.031035966329584535	 14.657245768563646	
8286	 0.03392045821608694	 16.99729324661516	
8287	 0.03685235477176532	 19.515768403561832	
8288	 0.039680162560094	 22.07492928963986	
8289	 0.0419155996414651	 24.186315987879794	
8290	 0.043324599928172676	 25.556488742135837	
8291	 0.04400592926286748	 26.22983611897724	
8292	 0.04368163418169732	 25.90846675076113	
8293	 0.04306315305144232	 25.299967245498667	
8294	 0.04252759522870716	 24.777736276893314	
8295	 0.04165565220749539	 23.936839864614633	
8296	 0.04085235068497086	 23.17245258490861	
8297	 0.04009534200177089	 22.461225796040626	
8298	 0.03933870370082804	 21.759236775778447	
8299	 0.0386659236377977	 21.1425596634765	
8300	 0.037941890581255786	 20.486850366549888	
8301	 0.03722821697772805	 19.84863493491247	
8302	 0.03654831209353048	 19.24815576931031	
8303	 0.03590723546908849	 18.688747631288482	
8304	 0.035383943516332526	 18.237024090859283	
8305	 0.034901256882557026	 17.824281352085766	
8306	 0.03454901270649945	 17.52546912301349	
8307	 0.034260311058827916	 17.282069720210394	
8308	 0.03385235967114749	 16.940458510544396	
8309	 0.03348217404260776	 16.63283704129484	
8310	 0.033117821152122445	 16.33226848946976	
8311	 0.03268789122877824	 15.98042861870803	
8312	 0.032226411786424304	 15.606188093157586	
8313	 0.03177908596750814	 15.246819293775223	
8314	 0.031624037936536446	 15.123040684413354	
8315	 0.033028611085872406	 16.259010141951844	
8316	 0.03311019555734667	 16.326001284597062	
8317	 0.033139951079532035	 16.350461736220762	
8318	 0.03345328105482245	 16.608922121217525	
8319	 0.03448151807232159	 17.468443630692406	
8320	 0.03526899819930708	 18.138392264514728	
8321	 0.0361803820457635	 18.92629030933508	
8322	 0.03666664491344873	 19.352134389257085	
8323	 0.03641519915301714	 19.13145786868764	
8324	 0.03636985183090861	 19.091767472344152	
8325	 0.03682499416709229	 19.49162561939683	
8326	 0.037483091309876385	 20.075633168184982	
8327	 0.03792679120571405	 20.473263905519627	
8328	 0.03812971353225641	 20.65615517016414	
8329	 0.03804677577716189	 20.581325833520904	
8330	 0.03763633138020365	 20.21260968109134	
8331	 0.037067866530334975	 19.70635192276632	
8332	 0.03626653873547477	 19.001465511533517	
8333	 0.03549703438945361	 18.33427335392761	
8334	 0.034759828286164265	 17.704063308014202	
8335	 0.034055381955317245	 17.110124747134297	
8336	 0.03338187807355245	 16.54988044843343	
8337	 0.03272690859287329	 16.012232559350213	
8338	 0.03208027905488435	 15.48842102511243	
8339	 0.03145070206389101	 14.985140670000105	
8340	 0.030873737841154894	 14.529776596143781	
8341	 0.030326958940134523	 14.103438922796638	
8342	 0.02980077081050725	 13.697965847036347	
8343	 0.029292958386904804	 13.311151950422136	
8344	 0.028789229310851917	 12.931839769348455	
8345	 0.02830839987616097	 12.573874445830109	
8346	 0.027864158054542957	 12.246729482563962	
8347	 0.027461879773269488	 11.953470639028511	
8348	 0.027074021195480222	 11.67342213885343	
8349	 0.02670127491057196	 11.406793521710439	
8350	 0.026342805336123827	 11.152706869896377	
8351	 0.025996785005493826	 10.90962076821974	
8352	 0.02566393477744248	 10.677813261656794	
8353	 0.02534461229691369	 10.457302476700763	
8354	 0.025037688135634714	 10.247091779733244	
8355	 0.024743219510140448	 10.04701991987803	
8356	 0.02445553231012473	 9.853082454647598	
8357	 0.024177589869349606	 9.667153035810497	
8358	 0.023910963456059985	 9.490127403917992	
8359	 0.023655046353374332	 9.3214453056708	
8360	 0.02340867009331253	 9.160197096765033	
8361	 0.023174512614643407	 9.007990759811861	
8362	 0.02293213950295764	 8.851520409264934	
8363	 0.022645781134162105	 8.66807032343257	
8364	 0.022407995834975793	 8.516907721415738	
8365	 0.022170406010686976	 8.366933697140258	
8366	 0.02194232739227996	 8.22396779835965	
8367	 0.021724403732440327	 8.088289587799483	
8368	 0.021503737700491528	 7.951825478571757	
8369	 0.021287713509698034	 7.819133198611517	
8370	 0.02107927026931862	 7.691945592455397	
8371	 0.02089483439681632	 7.580103560894029	
8372	 0.020720501629541362	 7.4749913071509795	
8373	 0.020555750476393218	 7.376196516144122	
8374	 0.020401946711464305	 7.284441581657361	
8375	 0.020257056672143194	 7.1984250722611085	
8376	 0.02012012622955365	 7.11750998512639	
8377	 0.01999042027476896	 7.0412017981087445	
8378	 0.01986637514342593	 6.968532077869612	
8379	 0.019747710912189263	 6.8992971705324795	
8380	 0.019629780049896312	 6.8307643889335505	
8381	 0.01951671073616578	 6.765314007439892	
8382	 0.019409419428733015	 6.703441520659862	
8383	 0.019393768243060838	 6.694434845221548	
8384	 0.01934460098276645	 6.666172434170244	
8385	 0.01928166618085287	 6.630065967636402	
8386	 0.019183841779402515	 6.574098746281835	
8387	 0.01909083451616093	 6.521063638338668	
8388	 0.01900092656259311	 6.469959305075387	
8389	 0.018909727590042006	 6.418285587505387	
8390	 0.018818632996367705	 6.366836603703668	
8391	 0.018726291968356488	 6.314852833905814	
8392	 0.018635388565837765	 6.263845027366248	
8393	 0.018543305637960337	 6.21234421118656	
8394	 0.01846822283259626	 6.170477314145973	
8395	 0.018395775432449947	 6.1301873664774345	
8396	 0.018326428826433636	 6.091720809386887	
8397	 0.018255046892231137	 6.052226480929831	
8398	 0.018183461731730823	 6.012722972125546	
8399	 0.0181127350051345	 5.973794868594728	
8400	 0.01804645957361234	 5.937408614768944	
8401	 0.01798302480376491	 5.902665265219702	
8402	 0.01791888222113414	 5.86761722498463	
8403	 0.017856025458660222	 5.833352810972707	
8404	 0.017799406910253043	 5.802557719573168	
8405	 0.017743986444450473	 5.77247744979534	
8406	 0.01768991312007521	 5.743188666190873	
8407	 0.017637285355938816	 5.714740123857114	
8408	 0.017585966238461467	 5.6870534292133845	
8409	 0.01753794156928677	 5.6611928306170425	
8410	 0.01748287352916187	 5.6315975304221215	
8411	 0.01743594407398684	 5.606425156630109	
8412	 0.017368415576780403	 5.570282911642965	
8413	 0.017269810141871043	 5.517675917995988	
8414	 0.017163256215572284	 5.4610530183969415	
8415	 0.017058652994172266	 5.4056942098086305	
8416	 0.01696381930180001	 5.355700873871392	
8417	 0.01687265627750595	 5.307817910110414	
8418	 0.016791115057063905	 5.265134612867598	
8419	 0.016738228213833087	 5.237524386179007	
8420	 0.016702832760959394	 5.219078204164874	
8421	 0.01666494441547064	 5.199361720024025	
8422	 0.016642467987792255	 5.187679459729058	
8423	 0.016620747763922878	 5.1764002298504685	
8424	 0.016600284499409573	 5.165782720231346	
8425	 0.01658088514978836	 5.155725283842575	
8426	 0.016561983232349125	 5.145933279728811	
8427	 0.016543594913479166	 5.136414488359236	
8428	 0.016522447442269016	 5.125476127415655	
8429	 0.01650207488757352	 5.114947408813481	
8430	 0.016482593442779102	 5.104887325593611	
8431	 0.016463596299395904	 5.095084963043721	
8432	 0.016444498923000803	 5.085238478540249	
8433	 0.01642578339236662	 5.075596264561784	
8434	 0.01639574111815042	 5.0601338387854	
8435	 0.016376691508875763	 5.050338994813373	
8436	 0.016356988462302473	 5.040216157234434	
8437	 0.01633851047083414	 5.030730100036449	
8438	 0.016331007980406567	 5.026880582754955	
8439	 0.016317129143315914	 5.019762478440977	
8440	 0.01630615551703309	 5.014137239728296	
8441	 0.016295731318276323	 5.008795982322429	
8442	 0.01628467433850252	 5.003132983029888	
8443	 0.016275965198917764	 4.99867426984071	
8444	 0.016266946044957004	 4.99405851851629	
8445	 0.01625785363159818	 4.9894070017269225	
8446	 0.01624861535740433	 4.984682641037627	
8447	 0.016230907632716073	 4.9756320935016545	
8448	 0.016213682397760668	 4.9668344637726225	
8449	 0.016197804228105756	 4.958730352336429	
8450	 0.016185158142598015	 4.952279662446202	
8451	 0.016176512379226283	 4.947871445419572	
8452	 0.01617099418992132	 4.945058706190393	
8453	 0.016165585437818573	 4.9423023703450255	
8454	 0.016157917121812252	 4.938395599426639	
8455	 0.01614800409908518	 4.933347051044406	
8456	 0.01613677169282454	 4.927629057598229	
8457	 0.016134288769591394	 4.926365453227739	
8458	 0.01613174999606675	 4.925073559675952	
8459	 0.016128550455056286	 4.9234456175729315	
8460	 0.016108006280292967	 4.912997770788177	
8461	 0.01605712813381213	 4.887161658861675	
8462	 0.015992121610091736	 4.854230441136567	
8463	 0.015920358583088257	 4.817979993328651	
8464	 0.01583868887904604	 4.776857618238378	
8465	 0.015754404326690046	 4.734566584096462	
8466	 0.015698908993012736	 4.706803160443642	
8467	 0.01566406087815972	 4.689402607097018	
8468	 0.015638526874101374	 4.676669196522068	
8469	 0.015618824708921848	 4.666853501179792	
8470	 0.015601265637231604	 4.658112456911036	
8471	 0.015584179694732513	 4.649613233637461	
8472	 0.01556977302620955	 4.642451612640326	
8473	 0.01555721312850892	 4.636211633321176	
8474	 0.015543278440575407	 4.629292562933121	
8475	 0.015529435330416739	 4.622423057618772	
8476	 0.01552732751892286	 4.621377435179672	
8477	 0.015583143478477073	 4.6490979784104445	
8478	 0.015760185532358514	 4.737462583900087	
8479	 0.01611089487384981	 4.91446624364521	
8480	 0.016498131523376567	 5.112910443366342	
8481	 0.017008644049318577	 5.37930791295459	
8482	 0.017611831770361214	 5.701001176519638	
8483	 0.01813184009664627	 5.98430037024964	
8484	 0.01866480743728415	 6.280334461170951	
8485	 0.019204886800481543	 6.586122982935724	
8486	 0.01959930921844828	 6.813101484676777	
8487	 0.019841985021913373	 6.954279034870552	
8488	 0.01971074585392515	 6.877786343210164	
8489	 0.019586945527907268	 6.8059398917406755	
8490	 0.019471738673204165	 6.739351950382622	
8491	 0.019368192175150557	 6.679727196078278	
8492	 0.019276328641770816	 6.62700736519655	
8493	 0.019189085201594763	 6.577093794244195	
8494	 0.01910479741240589	 6.529014672956095	
8495	 0.01902260169733282	 6.482264894249875	
8496	 0.018942612309347847	 6.436899097795226	
8497	 0.018865041597644863	 6.393026852294538	
8498	 0.018789058945723806	 6.350169213920489	
8499	 0.01871181770125633	 6.306719944672024	
8500	 0.01863592352448615	 6.264144719725036	
8501	 0.01856094056622213	 6.222194034455223	
8502	 0.01848516241343416	 6.179913094262746	
8503	 0.018410054427071682	 6.138119944874249	
8504	 0.01833715657847922	 6.097665159081513	
8505	 0.018273408137896557	 6.062375607667653	
8506	 0.018700704165286693	 6.300478249098544	
8507	 0.018626939137053017	 6.259112283454318	
8508	 0.018559199587954444	 6.221221349741865	
8509	 0.01854004714778857	 6.210524895435107	
8510	 0.018436592987432863	 6.152874122462133	
8511	 0.01831408261422061	 6.084882526077528	
8512	 0.01823944245012516	 6.043606517172094	
8513	 0.01814629178385799	 5.992251963627246	
8514	 0.01807048182745785	 5.950586935009942	
8515	 0.01800410408772336	 5.9142013821865245	
8516	 0.017939266547667556	 5.878746339418623	
8517	 0.017880297767858856	 5.8465745932881115	
8518	 0.01782544730209578	 5.816713111750108	
8519	 0.01777298884713296	 5.788211128794587	
8520	 0.01772225483467597	 5.760699374203992	
8521	 0.017672587635889445	 5.733816937827184	
8522	 0.017623505753857273	 5.707300738690781	
8523	 0.01757480803895079	 5.681040694031451	
8524	 0.017525516632026103	 5.6545098576725215	
8525	 0.017477072410882605	 5.628483439962262	
8526	 0.017429625864632606	 5.603039593939397	
8527	 0.017383256786887215	 5.5782181282417955	
8528	 0.017338812405624866	 5.5544683492398255	
8529	 0.017302252950194753	 5.534962440143785	
8530	 0.017267578662057064	 5.516487712295977	
8531	 0.017230528506453766	 5.496774418329608	
8532	 0.017191100933111932	 5.47582718615822	
8533	 0.017151792376803445	 5.454975044710542	
8534	 0.01710272763566502	 5.428992177589589	
8535	 0.017046886054905366	 5.3994809555731225	
8536	 0.016988856613974108	 5.368881702192206	
8537	 0.016930500965955306	 5.338180626208384	
8538	 0.016876141886959583	 5.309645547082142	
8539	 0.016840953482058458	 5.2912064917113	
8540	 0.016810888305102065	 5.2754723890465245	
8541	 0.016781086605857528	 5.2598946756647695	
8542	 0.016752037941699976	 5.244728322295744	
8543	 0.016724487483642237	 5.230360374791048	
8544	 0.016696672880197914	 5.215870669687666	
8545	 0.01666953940948142	 5.201751290121059	
8546	 0.016643853249337048	 5.188399153892718	
8547	 0.016619478620509255	 5.1757414721806345	
8548	 0.016595017976056236	 5.163051558386488	
8549	 0.01657462697225444	 5.152482454893244	
8550	 0.01656203469769572	 5.145959930876241	
8551	 0.016549856270706903	 5.139654914977597	
8552	 0.016535384023614645	 5.132166363312819	
8553	 0.016521569871423784	 5.125022412472415	
8554	 0.016501873623611094	 5.114843436999337	
8555	 0.016492712199589744	 5.110111592768431	
8556	 0.016484075188018334	 5.1056522101956165	
8557	 0.016480126243245338	 5.1036138460644445	
8558	 0.01648018857433453	 5.103646017562628	
8559	 0.016472824356344434	 5.099845619775442	
8560	 0.016463706857919248	 5.095141988487465	
8561	 0.016454564391613566	 5.090427219885285	
8562	 0.016445456609804725	 5.085732074235287	
8563	 0.016437788156779994	 5.081780259830874	
8564	 0.01643118628963753	 5.078379077732406	
8565	 0.016424159711279963	 5.074760091545065	
8566	 0.016416901993260596	 5.071023142136679	
8567	 0.016409425266358756	 5.06717457811156	
8568	 0.016395900201345466	 5.060215667439981	
8569	 0.016389128054314354	 5.056732702614211	
8570	 0.016382505091032968	 5.053327391947038	
8571	 0.016376232052749493	 5.050102847452197	
8572	 0.016369936942907285	 5.046867785165352	
8573	 0.016363885524468824	 5.0437587378274875	
8574	 0.016354887223855197	 5.0391370830421565	
8575	 0.016342851806218167	 5.03295817145524	
8576	 0.016330606145025166	 5.02667443484388	
8577	 0.016322178677768848	 5.022351789951364	
8578	 0.01629153044541737	 5.006644139961912	
8579	 0.016288067527853212	 5.004870583702524	
8580	 0.016285754467646463	 5.003686074555514	
8581	 0.016286251891762235	 5.003940794047383	
8582	 0.016295781286428404	 5.008821580082798	
8583	 0.016291421637398197	 5.006588409386586	
8584	 0.01626525645815288	 4.993194024836112	
8585	 0.01624015338225265	 4.980356842903897	
8586	 0.01623533557947919	 4.977894632557703	
8587	 0.016293863588771194	 5.00783921656534	
8588	 0.016291140859624516	 5.006444598459302	
8589	 0.016288004652764372	 5.004838384130952	
8590	 0.016284218583096498	 5.0028996160018115	
8591	 0.016276619586065688	 4.9990092332870395	
8592	 0.01626499453269648	 4.993060013463777	
8593	 0.016251532758098562	 4.986174377062153	
8594	 0.0162383569550553	 4.97943869490563	
8595	 0.016225496833709704	 4.972867907002052	
8596	 0.016211346661075186	 4.965641987352059	
8597	 0.016198257056789976	 4.9589613997296365	
8598	 0.016186665401388262	 4.953048329506652	
8599	 0.016175957995069705	 4.947588835037887	
8600	 0.016166155155777965	 4.942592673420203	
8601	 0.0161615671141033	 4.9402550040102025	
8602	 0.016150909882059375	 4.934826707149467	
8603	 0.016146853643236227	 4.932761275536287	
8604	 0.016147108405466307	 4.932890989958262	
8605	 0.01614754261132858	 4.933112072822437	
8606	 0.016147736219798838	 4.933210652951335	
8607	 0.016120140403083457	 4.919167568712326	
8608	 0.016094977237216007	 4.906376384482057	
8609	 0.01606697601038093	 4.8921581940201575	
8610	 0.016064695681823577	 4.891001037849102	
8611	 0.016065650101068578	 4.891485346013048	
8612	 0.016066596301400945	 4.891965502526429	
8613	 0.016067674101399337	 4.89251246325281	
8614	 0.01606892246151494	 4.893146010207518	
8615	 0.016070024660085815	 4.8937054069625425	
8616	 0.0160710380299432	 4.89421974321849	
8617	 0.01607198966045312	 4.894702763331042	
8618	 0.016072875468169125	 4.895152390832226	
8619	 0.01607406915976797	 4.895758323370569	
8620	 0.016074766009752696	 4.89611206686257	
8621	 0.016075429539679668	 4.89644890552219	
8622	 0.016076070899337644	 4.896774498331522	
8623	 0.01607667957223343	 4.897083505379822	
8624	 0.016077415447378184	 4.897457100043228	
8625	 0.016077906981389556	 4.897706652101114	
8626	 0.016053539194965053	 4.885341240189543	
8627	 0.016042138638744215	 4.879560331951298	
8628	 0.01602269541262707	 4.869707524677191	
8629	 0.015992913676837885	 4.85463115282042	
8630	 0.015949115962420105	 4.83249347350933	
8631	 0.015906262589253876	 4.810872304762233	
8632	 0.015851945601689357	 4.783523062882003	
8633	 0.015798103900348002	 4.756474720217607	
8634	 0.01574948255318502	 4.732101660934598	
8635	 0.01572505550954297	 4.719875705425048	
8636	 0.015706128188970006	 4.710411112074782	
8637	 0.015686323630827247	 4.7005159940719325	
8638	 0.01567031093163041	 4.69252152107177	
8639	 0.01566206652975478	 4.688407558009286	
8640	 0.015661283000630116	 4.6880166514618935	
8641	 0.015665391511879193	 4.690066553052545	
8642	 0.015675903875549662	 4.695313226151997	
8643	 0.015686132770810633	 4.70042067357245	
8644	 0.01569599240793706	 4.705345846678306	
8645	 0.015704967218692176	 4.709830817079286	
8646	 0.015709729201910595	 4.712211210680621	
8647	 0.01571324411340873	 4.713968533631819	
8648	 0.015717467215558494	 4.716080271762696	
8649	 0.015727060959396917	 4.720878974424288	
8650	 0.01572014443558867	 4.717419196291604	
8651	 0.015719180730466124	 4.716937213003345	
8652	 0.015706111546449974	 4.710402793338442	
8653	 0.015677424021158508	 4.696072118117109	
8654	 0.015628709180780707	 4.671776952353598	
8655	 0.015570976183355862	 4.643049538580927	
8656	 0.015512872566349745	 4.614209313898246	
8657	 0.015458075834701334	 4.587076389108984	
8658	 0.015496120277116499	 4.605907526620903	
8659	 0.015469372404109805	 4.592664713840356	
8660	 0.015444264490987474	 4.580247723494783	
8661	 0.015417211871699735	 4.5668840422044985	
8662	 0.015391643116731834	 4.554267734344364	
8663	 0.015372924088535364	 4.545040118596137	
8664	 0.015362474294221839	 4.539892109480268	
8665	 0.01535878428542792	 4.538074813193272	
8666	 0.015359642973056264	 4.538497683177316	
8667	 0.015363630227116613	 4.540461455944085	
8668	 0.01537480550722311	 4.545967232636099	
8669	 0.015384336658379407	 4.550665097331101	
8670	 0.015392575750034582	 4.554727675226503	
8671	 0.015399885869544576	 4.558333404240687	
8672	 0.015408054707207401	 4.562364047659091	
8673	 0.0154210402505626	 4.568774268273738	
8674	 0.01541181700797594	 4.564220910098085	
8675	 0.015407220218253434	 4.561952231270284	
8676	 0.015390789247593701	 4.553846653380247	
8677	 0.015386809385434798	 4.551884211271492	
8678	 0.015386286103152952	 4.551626209618349	
8679	 0.015363490283174486	 4.540392526038787	
8680	 0.015332839714562533	 4.52530556302929	
8681	 0.015308438482441464	 4.51330904160934	
8682	 0.015301572426765027	 4.509935738924051	
8683	 0.015299247723783743	 4.508793837750627	
8684	 0.015387863110895204	 4.552403762970583	
8685	 0.01538450958250683	 4.550750348839071	
8686	 0.015385316153615962	 4.551147996429686	
8687	 0.015389401439442818	 4.5531622964960805	
8688	 0.015396292933534618	 4.556561039752436	
8689	 0.015405028432884259	 4.560870666277584	
8690	 0.01541533402325966	 4.565956986569842	
8691	 0.015427345013516365	 4.571887867580323	
8692	 0.015433610674525344	 4.574982996978865	
8693	 0.015441474746127082	 4.578868899533066	
8694	 0.015450429874379735	 4.583295536787563	
8695	 0.015460062379106203	 4.588058919899454	
8696	 0.015470387637997027	 4.593167075402312	
8697	 0.015479142394955556	 4.597500046588995	
8698	 0.015481092238616703	 4.598465300616215	
8699	 0.01548631994277603	 4.601053632413532	
8700	 0.015491212006833972	 4.603476310324675	
8701	 0.015501188725531042	 4.608418622880882	
8702	 0.015565155723882076	 4.640157264955501	
8703	 0.01570791254238141	 4.711303052291479	
8704	 0.015720245680554055	 4.717469833651684	
8705	 0.015720663173927205	 4.717678643983362	
8706	 0.01576459652381867	 4.7396726738397605	
8707	 0.015964050807835296	 4.84003778593609	
8708	 0.016185788236579138	 4.952600989972863	
8709	 0.016173724183154492	 4.946450162226129	
8710	 0.016164348353462425	 4.941672030354435	
8711	 0.01615592755251226	 4.937382177035942	
8712	 0.01614816663739045	 4.933429812620227	
8713	 0.016140637155005494	 4.929596518933752	
8714	 0.0161334474563957	 4.925937323187237	
8715	 0.016127171045355035	 4.922743833589461	
8716	 0.016118171084725033	 4.91816602527391	
8717	 0.01611056114030807	 4.914296574723118	
8718	 0.016103504854136603	 4.910709732969772	
8719	 0.016095995310163105	 4.9068936425796235	
8720	 0.016089154278813324	 4.903418300141078	
8721	 0.01608729902658316	 4.902475975070093	
8722	 0.0160767878566117	 4.897138479297258	
8723	 0.016073247616593518	 4.895341294731525	
8724	 0.016063435342196546	 4.890361523585518	
8725	 0.016038306428893683	 4.877617738702736	
8726	 0.015999974502835978	 4.858203854956251	
8727	 0.015942255914494993	 4.829029709574266	
8728	 0.01587727298256599	 4.796267936249263	
8729	 0.015813789260865976	 4.76434820829123	
8730	 0.015759287142677263	 4.737012503895165	
8731	 0.015730398763060694	 4.7225489709032535	
8732	 0.0157082162851901	 4.71145489016742	
8733	 0.015687006117883286	 4.7008568523384	
8734	 0.015668712252336178	 4.691723666037518	
8735	 0.015654271123208715	 4.684518971645205	
8736	 0.015643408310469665	 4.67910242211506	
8737	 0.015636222738863188	 4.67552084144233	
8738	 0.015633282450076842	 4.674055598417587	
8739	 0.015634164997228667	 4.674495381520606	
8740	 0.015632690680183754	 4.6737607221399795	
8741	 0.015634968199037293	 4.674895640338583	
8742	 0.01563933897042184	 4.67707396307686	
8743	 0.015643765180182755	 4.679280329065126	
8744	 0.01564828688705146	 4.681534727995005	
8745	 0.01565690183224253	 4.685831105204745	
8746	 0.015648454171696302	 4.681618139858832	
8747	 0.015647619274018126	 4.681201847131324	
8748	 0.015635833252728108	 4.675326737080503	
8749	 0.015610813654063879	 4.66286472185042	
8750	 0.015576548030967629	 4.645818948564555	
8751	 0.015531745964512362	 4.623569403017686	
8752	 0.015476223377763308	 4.596055162699859	
8753	 0.015420419606914992	 4.568467810058215	
8754	 0.015369674394378455	 4.5434389322657305	
8755	 0.015340714331771418	 4.52917972570266	
8756	 0.015321168471433189	 4.519565971812387	
8757	 0.015306506015232688	 4.512359515772126	
8758	 0.015295296607094395	 4.5068533025828685	
8759	 0.015288798244963715	 4.503662450547695	
8760	 0.015287960500365735	 4.50325116359147	
