Time	  Pressure(m)	  Flow(cms)	
0	 0.011967956705068967	 0.6192149412721163	
1	 0.011755859595153854	 0.6010335688047664	
2	 0.011569395873585572	 0.5852290568304181	
3	 0.01141473412503292	 0.572248168986066	
4	 0.011283620167837419	 0.561335069039374	
5	 0.011170640343002206	 0.5519988759527611	
6	 0.01107209161590608	 0.5439064335060579	
7	 0.01098238478523067	 0.5365816761005308	
8	 0.010898730809454199	 0.5297869885832575	
9	 0.010818332735409919	 0.5232894381862385	
10	 0.01072420912282269	 0.5157234369477697	
11	 0.010646603799297334	 0.5095184315941907	
12	 0.010569535901684095	 0.503386164804668	
13	 0.010498629826951439	 0.49777045604587355	
14	 0.010427825755773041	 0.49218799981073036	
15	 0.010354714265850596	 0.48645007724809197	
16	 0.010284553017393727	 0.4809690309593664	
17	 0.010216009700530389	 0.47563839585189105	
18	 0.010158170363299681	 0.4711587181532262	
19	 0.010134268482737935	 0.469312463041976	
20	 0.01011190909161653	 0.4675879804624377	
21	 0.010086334149217816	 0.4656186109927906	
22	 0.010058183722494429	 0.4634547649040805	
23	 0.010029561598477893	 0.46125879633682093	
24	 0.010001903266998258	 0.45914073800328464	
25	 0.00997619006975066	 0.45717513604084004	
26	 0.00995253504916603	 0.4553698480932058	
27	 0.009929285754658398	 0.45359830920256944	
28	 0.009908716285601063	 0.4520332701390995	
29	 0.009887673432350263	 0.45043445309730307	
30	 0.009868440813042915	 0.4489751586282418	
31	 0.009850725842723368	 0.4476326936910336	
32	 0.00983458401126295	 0.446410843958096	
33	 0.009819894388140998	 0.4453000798866867	
34	 0.009801263714184919	 0.4438929037128712	
35	 0.009790957951971376	 0.4431152742008498	
36	 0.009781731468537197	 0.44241954531290784	
37	 0.009768496162685112	 0.4414222923150189	
38	 0.009746887441621542	 0.43979605494817897	
39	 0.009723358135443888	 0.4380280089987932	
40	 0.009697939547582595	 0.4361212006162027	
41	 0.009675589696227452	 0.43444734776428984	
42	 0.009660667383390616	 0.4333312011769963	
43	 0.009684516729990475	 0.4351156134549948	
44	 0.009706853881928015	 0.4367895421155636	
45	 0.009727287563421774	 0.43832307704314627	
46	 0.009729277615990755	 0.43847254410404385	
47	 0.009717255373679071	 0.4375698988745964	
48	 0.009696663988221964	 0.43602560056855794	
49	 0.009675584801504017	 0.434446981464608	
50	 0.009659056740091964	 0.433210798313942	
51	 0.00964737923520008	 0.4323382524009654	
52	 0.009642032893938552	 0.43193900738733465	
53	 0.00964056201025386	 0.43182919310875884	
54	 0.00963777444111872	 0.4316211074349963	
55	 0.009636595972703535	 0.43153314952291205	
56	 0.009638393400029165	 0.43166730783999	
57	 0.009648905866267739	 0.43245228264789165	
58	 0.009656811707195711	 0.4330429942922	
59	 0.00967632590686174	 0.4345024439530338	
60	 0.00967213372854188	 0.4341887490170082	
61	 0.009649744304849208	 0.4325149141326712	
62	 0.009628423947501213	 0.4309234074448594	
63	 0.009614655817609518	 0.42989690143375103	
64	 0.009593584515118117	 0.42832779195168885	
65	 0.009571736736741675	 0.42670328530156737	
66	 0.009548479550582408	 0.42497669548019973	
67	 0.009528267446972907	 0.42347844459973655	
68	 0.009504405380313007	 0.42171236049719235	
69	 0.009480082163301056	 0.4199151853490944	
70	 0.009456891697843089	 0.4182045662169323	
71	 0.009437411509717619	 0.4167697909539753	
72	 0.0094214516068453	 0.4155957658002241	
73	 0.009408825648657231	 0.4146679274629639	
74	 0.009398581586525026	 0.41391573614694627	
75	 0.00939061979474421	 0.4133315025552385	
76	 0.00938382894337723	 0.41283345304644564	
77	 0.009380173211275716	 0.41256543656071676	
78	 0.009380037581105331	 0.4125554943045879	
79	 0.009385249164000038	 0.41293759393356044	
80	 0.009395912566846793	 0.4137198476050666	
81	 0.00941268361804267	 0.4149513483833891	
82	 0.009408490763444062	 0.4146433291912768	
83	 0.009396696097468508	 0.41377734976850045	
84	 0.00936479653577069	 0.4114388728302188	
85	 0.009314546074796815	 0.4077658990949114	
86	 0.009256194623343584	 0.40351734499949904	
87	 0.009214698630671118	 0.40050687128254303	
88	 0.00919590171688417	 0.3991461516099956	
89	 0.009167382631888307	 0.3970851771085251	
90	 0.009155769806180913	 0.39624718191350533	
91	 0.009153526398617311	 0.39608537660078674	
92	 0.009147815539001524	 0.39567360132159707	
93	 0.00914048915045589	 0.39514559100574126	
94	 0.009132808685814795	 0.39459236539486886	
95	 0.009125749215744267	 0.394084143647774	
96	 0.009122889282617362	 0.39387832738545686	
97	 0.00912435939102526	 0.3939841189692468	
98	 0.009128411386379352	 0.3942757664985825	
99	 0.0091341521914238	 0.3946891160349189	
100	 0.009140495569957585	 0.39514605353357446	
101	 0.009150876361555302	 0.39589427727561705	
102	 0.009167052211726914	 0.3970613238130556	
103	 0.009186295608888331	 0.3984514751644168	
104	 0.009210145234260256	 0.4001770782309506	
105	 0.009238748773224371	 0.4022505754238784	
106	 0.00925512640811223	 0.4034397344893152	
107	 0.009284530795307794	 0.40557827126372525	
108	 0.009305413324293039	 0.4070997712728686	
109	 0.009321187756164811	 0.4082506059900106	
110	 0.009329788969219613	 0.4088786608576976	
111	 0.00934725169431147	 0.41015496509126503	
112	 0.009367408572685696	 0.41163015540552444	
113	 0.009335670743990063	 0.409308366457018	
114	 0.009291150493617433	 0.40606033544080117	
115	 0.009235329893895241	 0.4020025121554962	
116	 0.009185496904493206	 0.39839373775958636	
117	 0.009156521920182504	 0.39630143389892997	
118	 0.009141945092403611	 0.39525049778870197	
119	 0.009133247251090954	 0.3946239470045929	
120	 0.009126963959485595	 0.3941715761927822	
121	 0.009122636513843829	 0.3938601388454121	
122	 0.009114061394064161	 0.39324329605740393	
123	 0.009094813623006253	 0.3918601352742746	
124	 0.009072860487578438	 0.39028494537763647	
125	 0.009047011381156284	 0.38843346514118426	
126	 0.009019311818816928	 0.386453354078812	
127	 0.008995517311617147	 0.3847556306241646	
128	 0.008977377732344652	 0.3834633920046792	
129	 0.008956562388521348	 0.3819826790547804	
130	 0.008915840415312286	 0.3790925259044695	
131	 0.008887407475754271	 0.37707976875811955	
132	 0.008852323385907558	 0.37460208998647887	
133	 0.008810371782503048	 0.3716480029513158	
134	 0.00876916360438114	 0.36875538050820594	
135	 0.00873255355175787	 0.3661931144679529	
136	 0.00870609311526772	 0.36434565189180873	
137	 0.008681644758011095	 0.36264199603156944	
138	 0.008663504457863224	 0.3613799748569401	
139	 0.008669937629998162	 0.36182732942490303	
140	 0.008684517812698191	 0.3628420359325506	
141	 0.008707624530198764	 0.36445247307228024	
142	 0.008736485725444505	 0.36646797699596206	
143	 0.008767049966638558	 0.36860725679073075	
144	 0.0088103348133776	 0.37164540383995676	
145	 0.0088513998606366	 0.3745369578453106	
146	 0.008875894468410963	 0.3762659867743725	
147	 0.008895531510033236	 0.37765442871152777	
148	 0.008923364153439915	 0.3796258454362606	
149	 0.008945352386070126	 0.381186197868194	
150	 0.008963427843409214	 0.3824708043624998	
151	 0.008980649578935854	 0.38369634529426816	
152	 0.008997976938094468	 0.3849309848875368	
153	 0.009021639959093749	 0.3866196260089425	
154	 0.009031948224535898	 0.3873561690088066	
155	 0.009054912107322718	 0.3889989925441699	
156	 0.009070731221431788	 0.3901323004810289	
157	 0.009077153575237248	 0.39059278503226097	
158	 0.009074878220149017	 0.39042961658744324	
159	 0.009067102032660984	 0.38987218272928986	
160	 0.009053784235213257	 0.3889182402606872	
161	 0.009046051044289958	 0.3883647474615868	
162	 0.009054559451092086	 0.38897374268790963	
163	 0.009088544573468197	 0.3914100571278257	
164	 0.009094119409870097	 0.39181028497073217	
165	 0.009100603134308096	 0.392275969348324	
166	 0.00911254757027399	 0.39313444080045706	
167	 0.00912744012236203	 0.3942058506671735	
168	 0.009143942324166132	 0.39539442491543125	
169	 0.009158914512483806	 0.39647403770936634	
170	 0.009175589348024074	 0.3976778103949154	
171	 0.009201205218859025	 0.39952988764683206	
172	 0.009220221595110762	 0.40090703396388183	
173	 0.009235203015458835	 0.4019933074280741	
174	 0.009249389152664968	 0.4030229999507091	
175	 0.009263783400975757	 0.404068874778392	
176	 0.009278367440859392	 0.40512964520568434	
177	 0.009298323820728613	 0.40658297490842793	
178	 0.00930507129796975	 0.4070748328978992	
179	 0.009320000919741635	 0.40816397430440804	
180	 0.009328683227329042	 0.4087978986876209	
181	 0.009328757952386671	 0.4088033563224871	
182	 0.009306629710268521	 0.40718846732028613	
183	 0.009255351466986167	 0.40345608550465556	
184	 0.00918049509037581	 0.3980322385896358	
185	 0.009101461212435628	 0.3923376161797487	
186	 0.009043587309916248	 0.388188475202923	
187	 0.009013708725955846	 0.3860533077394135	
188	 0.008998766108511995	 0.3849872540224386	
189	 0.00898645604558988	 0.3841099011542566	
190	 0.00897435157499777	 0.38324798200354043	
191	 0.008973421640013047	 0.38318179646112843	
192	 0.008976443621785554	 0.3833968943423755	
193	 0.008979809268653983	 0.3836365103634661	
194	 0.00898643899048202	 0.38410868617184013	
195	 0.008998327795884581	 0.38495600121269463	
196	 0.009012922162330487	 0.38599716239720383	
197	 0.009026441363518253	 0.38696262471142284	
198	 0.009037801737860056	 0.3877746620127353	
199	 0.00904797519603016	 0.38850243658194555	
200	 0.009057269854999798	 0.3891678219158939	
201	 0.009064335978638233	 0.38967397572952484	
202	 0.009053945907245075	 0.38892981508486063	
203	 0.009040419511639811	 0.38796187648083374	
204	 0.009010461799928364	 0.3858215614711637	
205	 0.00896413908148655	 0.38252138675859054	
206	 0.008910864941522982	 0.3787400046315785	
207	 0.008857139773383158	 0.37494184184823703	
208	 0.008802945399056423	 0.37112603764880076	
209	 0.008756075339647142	 0.3678385377528302	
210	 0.008725661139506546	 0.3657115276099289	
211	 0.008735905033106695	 0.3664273808802256	
212	 0.008764613326262117	 0.36843652659139253	
213	 0.008801991784255224	 0.37105903384367456	
214	 0.00883906459826933	 0.3736674409251015	
215	 0.008875974607386062	 0.3762716488631161	
216	 0.008922989965788542	 0.3795993140901068	
217	 0.008967249377690013	 0.3827426187148566	
218	 0.009008563228031181	 0.3856860784921283	
219	 0.00903492827032215	 0.3875692027939885	
220	 0.00905039770529972	 0.38867581510507626	
221	 0.009064063681479958	 0.38965446592502156	
222	 0.009076895179252347	 0.39057425377337857	
223	 0.009088448974400214	 0.3914031953204224	
224	 0.00909862819603985	 0.39213409875476585	
225	 0.009110530820917725	 0.3929894401603044	
226	 0.009114457265142598	 0.39327176413818266	
227	 0.00912543409919598	 0.3940614640476703	
228	 0.009132123726566448	 0.3945430426833374	
229	 0.009130688303312975	 0.3944396883776264	
230	 0.009123056392751655	 0.3938903523518245	
231	 0.009109512308969902	 0.3929162191204629	
232	 0.009090815313150818	 0.391573057991165	
233	 0.009072146775976597	 0.3902337774668767	
234	 0.00905894044527236	 0.38928746428780364	
235	 0.009067277691351605	 0.3898847712570492	
236	 0.00908029349969146	 0.3908179975645676	
237	 0.009092716500578127	 0.3917095521053588	
238	 0.00909943597774106	 0.39219212364168415	
239	 0.009102639203480692	 0.39242225279776016	
240	 0.009109383192269135	 0.39290693728325055	
241	 0.00912441817944503	 0.3939883497235242	
242	 0.009147443914260908	 0.39564681166388094	
243	 0.009172309641494734	 0.3974409298601533	
244	 0.009195960652729858	 0.39915041511544563	
245	 0.009218210024186267	 0.400761268435472	
246	 0.009241821536548152	 0.4024735778152076	
247	 0.00926532367440285	 0.40418085405237164	
248	 0.00928608244856255	 0.4056912462604411	
249	 0.009307985821473174	 0.407287360919175	
250	 0.009315293099352088	 0.40782040511165785	
251	 0.009318244268400165	 0.40803576316813794	
252	 0.009312897171927707	 0.4076455986029612	
253	 0.00930713218315018	 0.40722510873454265	
254	 0.009303128265075964	 0.40693317094651976	
255	 0.009298932079484507	 0.40662730423269416	
256	 0.009294549841179734	 0.40630797404898433	
257	 0.0092881744397266	 0.40584358287784705	
258	 0.009280736617084381	 0.40530207230961657	
259	 0.009277939814038167	 0.40509852593067447	
260	 0.009271868545933894	 0.4046568105466002	
261	 0.009266851112626314	 0.40429191245174173	
262	 0.009264544484777633	 0.40412420470929233	
263	 0.00926567122050648	 0.4042061226852329	
264	 0.009271111059277748	 0.4046017130968305	
265	 0.00928146187730261	 0.4053548621434677	
266	 0.009297356271095953	 0.40651246478736325	
267	 0.009318258768369003	 0.4080368213984134	
268	 0.009335969294348457	 0.40933018250456826	
269	 0.00947986250397432	 0.4198989693197212	
270	 0.009748998966402713	 0.4399548590333365	
271	 0.009936016582828817	 0.45411089761597206	
272	 0.010120249616099624	 0.46823095188594505	
273	 0.010347604570284044	 0.48589353197899704	
274	 0.010488517679833597	 0.4969716356417548	
275	 0.01060908663190685	 0.5065294931872721	
276	 0.010681335655305496	 0.5122917349628081	
277	 0.010700736393705402	 0.5138434844219205	
278	 0.010672110063672864	 0.5115544935921214	
279	 0.010636785065245596	 0.5087355077664113	
280	 0.01061047805016279	 0.5066402198407641	
281	 0.01059537145429339	 0.5054385812052952	
282	 0.011174562890036885	 0.5523219691861019	
283	 0.011223126610503531	 0.5563283373119234	
284	 0.011336211318892888	 0.5657023285233638	
285	 0.011468123212692432	 0.5767159932026068	
286	 0.011604976678706204	 0.5882318440119784	
287	 0.011617705901000079	 0.5893075996241638	
288	 0.011598569689105895	 0.5876906822619036	
289	 0.011596440154509119	 0.5875108567778919	
290	 0.011587369316017884	 0.5867451294825842	
291	 0.011591983376891317	 0.5871345818536066	
292	 0.011558773222698434	 0.5843337664770716	
293	 0.011535321679702698	 0.5823591828400135	
294	 0.011502431425274838	 0.579594380358857	
295	 0.011470817398508661	 0.5769418223251348	
296	 0.011441809425354638	 0.5745122074149571	
297	 0.011415301719153968	 0.5722955945439039	
298	 0.01138223258745951	 0.5695351130481991	
299	 0.011349818130123833	 0.5668344651622897	
300	 0.011315128704832674	 0.5639499663302491	
301	 0.011278331942612897	 0.5608966750863752	
302	 0.011248675248428985	 0.5584406740829708	
303	 0.01123406162054998	 0.5572320414394408	
304	 0.011198587679281433	 0.5543024979861179	
305	 0.011156818428349502	 0.5508609922026937	
306	 0.011128358063765028	 0.5485209627944266	
307	 0.011106200372684167	 0.5467019029353221	
308	 0.011084422950250281	 0.5449164175834823	
309	 0.011057398955842136	 0.5427040264068704	
310	 0.011026798228415687	 0.5402031649830424	
311	 0.010998029181574965	 0.5378562143618183	
312	 0.010974440333984327	 0.5359349102298038	
313	 0.010955875268531997	 0.5344247261367012	
314	 0.01094082200840006	 0.5332014632515678	
315	 0.010928497539443334	 0.5322007832491927	
316	 0.0109191447837436	 0.5314418921320071	
317	 0.010910060471782147	 0.5307051975365245	
318	 0.010900601002382876	 0.5299385139564242	
319	 0.01089125521384774	 0.5291814795918456	
320	 0.010883142906233772	 0.5285247115505692	
321	 0.01087606977569001	 0.527952340991147	
322	 0.010863392842588644	 0.5269271214081402	
323	 0.010854891052496178	 0.5262400041184191	
324	 0.010841118704644463	 0.525127679919246	
325	 0.010820239229547585	 0.5234431443801607	
326	 0.01079047897873644	 0.5210458601935672	
327	 0.010761752437041335	 0.5187360215541444	
328	 0.010737445008973964	 0.5167847218232354	
329	 0.010710451210800968	 0.5146212199885044	
330	 0.010700006539882399	 0.5137850737837445	
331	 0.01068251899197504	 0.5123863292472254	
332	 0.010667711472535011	 0.5112031400953413	
333	 0.010656247891133558	 0.5102878985847953	
334	 0.010644675794985894	 0.5093646588588162	
335	 0.010632624068605304	 0.5084038645295438	
336	 0.010620293508343641	 0.5074215919809285	
337	 0.010608973298639468	 0.5065204747486354	
338	 0.010598947196634803	 0.5057229068419103	
339	 0.01059123658178719	 0.5051098760054135	
340	 0.010586802263854351	 0.5047574611950026	
341	 0.010583077173848963	 0.5044614879024908	
342	 0.010579198720436635	 0.5041534030658	
343	 0.010575834577426776	 0.503886233436219	
344	 0.010593011326419651	 0.5052509503588475	
345	 0.010721221130230864	 0.5154839733393793	
346	 0.010937747089957022	 0.5329517261647008	
347	 0.010981092044219227	 0.5364764114828654	
348	 0.010996264422972314	 0.53771238016579	
349	 0.011013901053402563	 0.5391505206316491	
350	 0.011001346615679298	 0.538126638865205	
351	 0.010995994962222129	 0.5376904194962012	
352	 0.011018081096339574	 0.5394915983010714	
353	 0.011034046466955057	 0.5407951136739866	
354	 0.011216082640407365	 0.555746511883243	
355	 0.011187790278952442	 0.5534120431059295	
356	 0.011160562324080272	 0.5511691142136317	
357	 0.011135448319199529	 0.5491035554265938	
358	 0.011112401537672881	 0.5472107507739583	
359	 0.011091283263280561	 0.5454786282330322	
360	 0.0110711288168688	 0.5438276080788005	
361	 0.01105165340897402	 0.5422341161189513	
362	 0.01103281660872029	 0.5406946554219211	
363	 0.011015498806010533	 0.5392808817695928	
364	 0.010996946988772332	 0.5377680099173755	
365	 0.01097927182752877	 0.5363282098652578	
366	 0.010961822725496449	 0.5349083392813135	
367	 0.010943921236093215	 0.5334532220273377	
368	 0.010926788919707484	 0.5320621119500174	
369	 0.010915361545611587	 0.5311350398011957	
370	 0.010907339736136334	 0.5304846383376499	
371	 0.010900785535667708	 0.529953466013738	
372	 0.010892255393277447	 0.5292624761684012	
373	 0.010880743431112977	 0.5283305138659204	
374	 0.010856201707341766	 0.526345908262961	
375	 0.010827364199090637	 0.5240177365761559	
376	 0.010798058916430323	 0.5216560308026222	
377	 0.010766504779996184	 0.5191178636920966	
378	 0.01073547143845953	 0.5166264208804866	
379	 0.010713181533866602	 0.5148398851581795	
380	 0.01069195678965965	 0.513141023666986	
381	 0.010673140037256869	 0.5116367804379222	
382	 0.01065470768067142	 0.5101649796328515	
383	 0.010637351246356334	 0.5087806406932704	
384	 0.010621928470322969	 0.507551792020635	
385	 0.010607327837698242	 0.5063895452447738	
386	 0.010593070676845643	 0.5052556683932533	
387	 0.010580476069655913	 0.5042548609504125	
388	 0.010574800014683444	 0.5038040831148892	
389	 0.010577824360743705	 0.5040442489087621	
390	 0.010597031563355582	 0.5055705770481824	
391	 0.010671762221148882	 0.5115267048868111	
392	 0.010699263418717825	 0.513725604081236	
393	 0.010845309263582315	 0.5254660309203149	
394	 0.010954451169975319	 0.5343089525622505	
395	 0.011080245621707317	 0.5445741942443042	
396	 0.011185822769615647	 0.5532498455219684	
397	 0.011287721514670258	 0.5616751650810439	
398	 0.011250809882270674	 0.558617308477501	
399	 0.01123073568384308	 0.5569571133293308	
400	 0.011260184116874069	 0.5593932620923573	
401	 0.011303870171561039	 0.5630150611601522	
402	 0.011544719072078855	 0.5831501077177178	
403	 0.011572716384546239	 0.5855090261309553	
404	 0.011633548156315222	 0.5906475377739103	
405	 0.011777330287628987	 0.602864210717601	
406	 0.012076115009972686	 0.6285697530483898	
407	 0.01231122923516103	 0.6490982544866977	
408	 0.01254865577508816	 0.6700955827138038	
409	 0.01273165435887401	 0.6864614357929426	
410	 0.01280290388273429	 0.6928760553530128	
411	 0.012911138628424123	 0.7026660732325873	
412	 0.013150891660300501	 0.7245473037086585	
413	 0.013412357717246741	 0.7487151558853914	
414	 0.0140711845715017	 0.8110093183171125	
415	 0.015130346543827316	 0.9152847012240475	
416	 0.016543203451418513	 1.0621212453832054	
417	 0.018423952046325208	 1.2709039679652572	
418	 0.02029042661389781	 1.4926570684589817	
419	 0.021616212927427412	 1.658723868633679	
420	 0.022313317398717388	 1.7488329069875588	
421	 0.022496773854199143	 1.7728628889496931	
422	 0.02263045376604755	 1.7904554314514005	
423	 0.022576280212054826	 1.7833177106415723	
424	 0.022315255951638927	 1.7490861416559342	
425	 0.021965256864827472	 1.703603623867975	
426	 0.021730674832364467	 1.6733884488410586	
427	 0.021400272121901712	 1.6311988414873246	
428	 0.02112839661490912	 1.5968065761372905	
429	 0.02088160003717597	 1.5658411420054812	
430	 0.020673040599185614	 1.5398627283911115	
431	 0.02049332397690817	 1.5176166678161875	
432	 0.020337929462094936	 1.4984858255738631	
433	 0.020216198046916864	 1.4835671799449421	
434	 0.020123793944904957	 1.4722826050800093	
435	 0.020051207936058878	 1.4634424415447336	
436	 0.019926414522465873	 1.44829382474341	
437	 0.019812919240006818	 1.4345714830099914	
438	 0.0197790122174057	 1.430482038994276	
439	 0.0196918812061023	 1.4199948085447582	
440	 0.019440760862633494	 1.3899425226394222	
441	 0.019186215235363475	 1.35974331277926	
442	 0.018928252912289625	 1.3294100624645082	
443	 0.018676702000354647	 1.300094916897851	
444	 0.01842945832991422	 1.2715370799391554	
445	 0.018189325043261657	 1.2440439335456015	
446	 0.01795753284774944	 1.2177342668664373	
447	 0.01773237474612759	 1.1923934437382608	
448	 0.017521430154718427	 1.168846096919997	
449	 0.017322970200955277	 1.146864232515322	
450	 0.017139369320407098	 1.1266771152929427	
451	 0.01697016066758009	 1.1081996316767238	
452	 0.016821055328078365	 1.0920188712834107	
453	 0.016717309415582398	 1.0808166986671788	
454	 0.016653267179307086	 1.073924691290664	
455	 0.016634416780845245	 1.0718994361346013	
456	 0.016564124534503333	 1.0643608451270767	
457	 0.0164985635571893	 1.0573488604304766	
458	 0.016414544132457395	 1.0483898022581164	
459	 0.01637955861225467	 1.0446682654675363	
460	 0.016269483267259	 1.0329937106082903	
461	 0.016330504586301777	 1.0394591293452045	
462	 0.016611648714809146	 1.0694553126946746	
463	 0.016760537780488804	 1.085478752611302	
464	 0.01668874476825473	 1.0777404898970764	
465	 0.016507853808214058	 1.0583413589542405	
466	 0.01632450351453179	 1.0388225798453037	
467	 0.016148587348121017	 1.020232074477893	
468	 0.015980438450863953	 1.0025881393782998	
469	 0.01582145099051772	 0.9860189504692504	
470	 0.015670812909559986	 0.9704219713189604	
471	 0.015528251397741317	 0.9557529941338928	
472	 0.015391337081459885	 0.9417493463005474	
473	 0.015260043496362044	 0.9283983583784435	
474	 0.015134765848515098	 0.9157303085297391	
475	 0.01501578992143223	 0.9037640267416934	
476	 0.014900725943574288	 0.8922511642194597	
477	 0.014788530487606564	 0.8810822381580034	
478	 0.014679445113361285	 0.8702769421087438	
479	 0.014573907126842275	 0.8598738481927893	
480	 0.014471967075078463	 0.849872978156282	
481	 0.01437330916100564	 0.8402387179262994	
482	 0.014277116435810637	 0.8308875412360738	
483	 0.014184028319614189	 0.8218780733231986	
484	 0.014091415790157186	 0.8129536664812602	
485	 0.014000330431652941	 0.8042144789731495	
486	 0.013911858516244073	 0.7957622478736202	
487	 0.013827167578496233	 0.7877047333876047	
488	 0.013745151877896652	 0.7799330358822337	
489	 0.013668426553993723	 0.7726905789450597	
490	 0.013654944925755561	 0.7714207788219974	
491	 0.013577253108527724	 0.7641194746111203	
492	 0.013501666898726207	 0.7570427303724996	
493	 0.013429323296326916	 0.7502942644385447	
494	 0.013367045609825818	 0.7445041584536657	
495	 0.013305122829801706	 0.7387648521114385	
496	 0.013237832816114159	 0.7325482434190184	
497	 0.013163744393937313	 0.7257278886674216	
498	 0.013091875580499221	 0.719136270584341	
499	 0.01302701139512542	 0.7132077707755387	
500	 0.012963500616094033	 0.7074220065594865	
501	 0.012901121665756965	 0.7017577155216258	
502	 0.012838801779448026	 0.6961169910158929	
503	 0.012775681079845003	 0.6904223598838262	
504	 0.012712572737464631	 0.6847475642342865	
505	 0.012650715191933844	 0.6792034378797026	
506	 0.01258915270414562	 0.6737036709974071	
507	 0.01255141981545899	 0.6703415994004825	
508	 0.012495880986375404	 0.6654052325745884	
509	 0.012442074478568788	 0.6606367654624249	
510	 0.012383356911525523	 0.6554487332714509	
511	 0.012326706279388023	 0.6504588458941281	
512	 0.01227217703098928	 0.6456702315951232	
513	 0.012220184651224203	 0.6411175889349892	
514	 0.012161955901491361	 0.6360341755950598	
515	 0.012098542239431487	 0.6305165440342245	
516	 0.012027332087188418	 0.6243434819407824	
517	 0.011952748001066903	 0.6179040147657159	
518	 0.011876659203214261	 0.6113621803346366	
519	 0.011794791004069513	 0.6043545940760845	
520	 0.011692592329503282	 0.5956522106712577	
521	 0.01159468532424869	 0.5873626892065249	
522	 0.011525426426428745	 0.58152682002516	
523	 0.011475348900942354	 0.5773217367690854	
524	 0.01143619950639926	 0.5740428119382791	
525	 0.0114024466879086	 0.5712218726219055	
526	 0.01137231774466059	 0.5687085014423082	
527	 0.01134484980857397	 0.5664209776349368	
528	 0.011319347820094474	 0.5643004801857218	
529	 0.011293784998210902	 0.5621781183561922	
530	 0.011266934833959111	 0.5599523204849508	
531	 0.011240693361062874	 0.5577803954166328	
532	 0.011217612544485396	 0.5558728598456365	
533	 0.011195063706947147	 0.5540118152346537	
534	 0.011171986459131426	 0.5521097446248989	
535	 0.011145641740801978	 0.5499415626657039	
536	 0.011118003680114341	 0.5476706075208136	
537	 0.011094510534047655	 0.5457431870353032	
538	 0.011074747250700855	 0.5441238769632661	
539	 0.011055642411532847	 0.5425603468680144	
540	 0.01103590682580273	 0.5409470871617309	
541	 0.011016445297614556	 0.5393581122631664	
542	 0.011004067329640972	 0.5383484616111898	
543	 0.010991282763491646	 0.5373064399693613	
544	 0.010960676337300145	 0.5348151079448898	
545	 0.01092792215823175	 0.5321540837896311	
546	 0.010906595054021936	 0.530424276318234	
547	 0.010884294899477329	 0.5286179564254623	
548	 0.010860254468038929	 0.5266734352534156	
549	 0.01083413112011608	 0.5245636874419791	
550	 0.01080640347148842	 0.5223280819420281	
551	 0.010779296464633971	 0.5201462106514163	
552	 0.010755501599262113	 0.5182339492223194	
553	 0.010735693201328186	 0.5166442076084464	
554	 0.01072005269241491	 0.5153903445322835	
555	 0.010708596584916541	 0.5144727085446184	
556	 0.010698566824691608	 0.5136698603029758	
557	 0.010692352970813765	 0.5131727140485137	
558	 0.010691872711778959	 0.5131342984096229	
559	 0.010690570438610984	 0.513030136130575	
560	 0.010682808359179622	 0.512409461921367	
561	 0.010675751567392382	 0.5118454450297245	
562	 0.01067095999873861	 0.5114626186414187	
563	 0.010667332376616849	 0.5111728629472332	
564	 0.010663793706102279	 0.5108902755348944	
565	 0.01066127338483194	 0.5106890484947949	
566	 0.01065905679030859	 0.5105120977600631	
567	 0.010655593693578776	 0.5102356878586736	
568	 0.010645801972087216	 0.5094544776338696	
569	 0.010633024696713915	 0.5084357919627446	
570	 0.010627023624525373	 0.5079576298315965	
571	 0.010620039382411186	 0.5074013558866067	
572	 0.010609915123739596	 0.506595421965533	
573	 0.010599141073646292	 0.5057383248266457	
574	 0.010590311951999944	 0.5050363834781438	
575	 0.01058365474192193	 0.504507373446135	
576	 0.010579667221463961	 0.5041906144337799	
577	 0.010584611125962486	 0.5045833581202378	
578	 0.010616179180268444	 0.5070940069828686	
579	 0.010757307740670312	 0.5183789999790124	
580	 0.010908636414166376	 0.5305897502852434	
581	 0.011183297519550085	 0.5530416967635853	
582	 0.011435724339944504	 0.5740030606628211	
583	 0.011486353024664784	 0.5782447225447283	
584	 0.01145179942217676	 0.5753484745247556	
585	 0.011403160201271195	 0.5712814479849256	
586	 0.011325739710159375	 0.5648316688460261	
587	 0.011232429830883277	 0.5570971478910721	
588	 0.01112739441269522	 0.5484418005388578	
589	 0.011012681986272513	 0.5390510650398985	
590	 0.010897989923310767	 0.5297269658534852	
591	 0.010786823231868269	 0.5207516816165622	
592	 0.010679592178963236	 0.5121523766228737	
593	 0.010582164965220195	 0.5043890198649364	
594	 0.010518046948973717	 0.4993057718013208	
595	 0.01047098862782381	 0.4955881246472659	
596	 0.010432316867041823	 0.492541347422533	
597	 0.01039900615675436	 0.48992297198500956	
598	 0.01037079802204189	 0.48771004999477113	
599	 0.010345702013187236	 0.48574464348941476	
600	 0.010320775046514678	 0.4837956193995207	
601	 0.0102947139161996	 0.48176126874663755	
602	 0.01026800885082277	 0.47968021069214695	
603	 0.010239232729033366	 0.4774417959362502	
604	 0.01021134999941484	 0.4752768724779222	
605	 0.01018200863801714	 0.4730029469929642	
606	 0.01015456031714918	 0.47087968115528844	
607	 0.010130368106702963	 0.4690114611751228	
608	 0.010107944524110951	 0.4672824756997734	
609	 0.010088421694447357	 0.4657792354165182	
610	 0.01006059836875708	 0.46364021403620287	
611	 0.010028833793386805	 0.4612030115156817	
612	 0.009988071032055214	 0.4580829369294945	
613	 0.009938010015980948	 0.4542627526119965	
614	 0.009883889810983905	 0.45014721733901314	
615	 0.009828995305775672	 0.445988120415086	
616	 0.009777912091967158	 0.44213167076627596	
617	 0.00973286702148306	 0.4387421854482507	
618	 0.00971113539532112	 0.4371106889468441	
619	 0.009705111873475458	 0.436658904944865	
620	 0.009704123111399501	 0.43658476238500704	
621	 0.00970432640930858	 0.43660000631587986	
622	 0.009704716347087916	 0.4366292457001173	
623	 0.009704934968775303	 0.4366456393338649	
624	 0.009704956180313893	 0.4366472299219877	
625	 0.00970447421775	 0.4366110896017213	
626	 0.009703555842455218	 0.4365422278615237	
627	 0.00970220504691392	 0.4364409502230669	
628	 0.009700793832306506	 0.4363351526271086	
629	 0.00969881780075817	 0.43618702841218737	
630	 0.009696190768449447	 0.43599013603849085	
631	 0.009692835473664818	 0.4357387131311205	
632	 0.009688546880813739	 0.4354174396986696	
633	 0.009685135344848444	 0.4351619373487745	
634	 0.009680742431625802	 0.43483302444512045	
635	 0.009678242338468786	 0.43464587807538635	
636	 0.00967382143345708	 0.43431502675589106	
637	 0.009663673908244814	 0.4335559882994677	
638	 0.009645578522980446	 0.43220376538699085	
639	 0.00962197872123757	 0.43044275088293255	
640	 0.009595039913687806	 0.42843609682598766	
641	 0.0095711219452684	 0.42665760778033207	
642	 0.00956698523497591	 0.4263503110601885	
643	 0.00956932316300515	 0.4265239738375099	
644	 0.009571044984923128	 0.4266518899503524	
645	 0.00957086908238897	 0.42663882124695296	
646	 0.009569049757361624	 0.4265036636321866	
647	 0.00956625146265467	 0.4262958118194062	
648	 0.009563230730709046	 0.4260714832974515	
649	 0.00955847411201663	 0.42571833842249057	
650	 0.009549165551312489	 0.4250275833909274	
651	 0.009539879097437885	 0.4243389159852653	
652	 0.009532505139241986	 0.42379239418405695	
653	 0.009526480750029272	 0.4233461049845208	
654	 0.009521240233979494	 0.4229580384146617	
655	 0.009516091425122832	 0.4225769015273572	
656	 0.00951034036529455	 0.42215134595634923	
657	 0.009504614021172543	 0.4217277896709412	
658	 0.009495669000510873	 0.4210665002804623	
659	 0.00948323484240746	 0.4201479548821611	
660	 0.009463630456936272	 0.41870135544572723	
661	 0.009436274468025963	 0.41668610529578154	
662	 0.009401033173915625	 0.41409569926496204	
663	 0.009361086620532108	 0.4111672524476124	
664	 0.00931900613847464	 0.4080913671175172	
665	 0.009284398779304759	 0.4055686598341161	
666	 0.009272454669948867	 0.40469944561903387	
667	 0.00926893624632873	 0.4044435399946252	
668	 0.009267097185514094	 0.4043098052896597	
669	 0.009263678482567728	 0.40406124756655837	
670	 0.009259622703662129	 0.40376645036216186	
671	 0.009255023061656886	 0.4034322262339845	
672	 0.009250488910414394	 0.4031028692311774	
673	 0.00924752979797555	 0.4028879797747876	
674	 0.009246223056023076	 0.4027930993331252	
675	 0.009245933015426368	 0.4027720411618389	
676	 0.009243550762530719	 0.402599096212136	
677	 0.009241201719398138	 0.4024285912924171	
678	 0.009238668031752542	 0.40224471636769255	
679	 0.009236272360521842	 0.40207088849645506	
680	 0.009233672243360382	 0.40188226021419665	
681	 0.009231259223200323	 0.401707236761361	
682	 0.009226628256809682	 0.4013714245731226	
683	 0.00921691985926208	 0.4006677896928434	
684	 0.0092023748046238	 0.39961453312840933	
685	 0.009183952108589669	 0.3982820757706	
686	 0.009163195299637649	 0.39678293264316983	
687	 0.00914043053513169	 0.39514136775666553	
688	 0.009115048072837223	 0.39331425213241616	
689	 0.009095928071286943	 0.3919401672773965	
690	 0.009102343582645707	 0.3924010122660128	
691	 0.009121765708177522	 0.3937974806568072	
692	 0.009143493644165368	 0.3953620897251143	
693	 0.00916239701897248	 0.3967253226547149	
694	 0.009178944792940395	 0.397920219644855	
695	 0.009195516020836113	 0.39911825024232067	
696	 0.009211683538495332	 0.4002884822589143	
697	 0.009225767072583298	 0.40130898862217607	
698	 0.00923715575114881	 0.4021349830727153	
699	 0.009245306227086025	 0.40272653518746443	
700	 0.009250483607058092	 0.4031024840627547	
701	 0.00925436790669731	 0.40338462966844246	
702	 0.009256307011831107	 0.4035255108620175	
703	 0.009257141005401126	 0.4035861087851809	
704	 0.00925633501051437	 0.4035275451856313	
705	 0.009253603418093297	 0.4033290929273469	
706	 0.00924743877708836	 0.40288137060422297	
707	 0.009232086837296646	 0.40176726261102247	
708	 0.00920506149473706	 0.39980900193311003	
709	 0.009171374521370738	 0.3973734000892311	
710	 0.00913641307411614	 0.39485195169369364	
711	 0.009097325327169318	 0.3920405178117483	
712	 0.009057774389325387	 0.3892039535121237	
713	 0.009028339915419493	 0.3870982854338558	
714	 0.009025584507696879	 0.38690140444523397	
715	 0.009036820246339996	 0.387704478322812	
716	 0.009052581078212708	 0.38883210519582945	
717	 0.009068556066137221	 0.38997639050248617	
718	 0.00908529853432823	 0.3911770933331254	
719	 0.009103470846726929	 0.39248200932326444	
720	 0.009123198126084097	 0.39390055136097196	
721	 0.00914383285254826	 0.3953865354856274	
722	 0.009164921418169438	 0.3969075138901284	
723	 0.009186590352921792	 0.39847278271063663	
724	 0.009211152150156929	 0.40024999770097464	
725	 0.009235333599024925	 0.4020027809550694	
726	 0.009258394752217082	 0.4036772128026916	
727	 0.009279922212172644	 0.4052427971398267	
728	 0.00929987078087023	 0.40669571969776325	
729	 0.009321566316159638	 0.40827824006475294	
730	 0.009343132609466051	 0.4098537687294997	
731	 0.009366430394611422	 0.41155851809442545	
732	 0.009392538907475807	 0.41347229620555703	
733	 0.009408696198239497	 0.4146584188922779	
734	 0.009419916578672761	 0.41548291755631644	
735	 0.009460322743896969	 0.41845747747899437	
736	 0.00952104225272971	 0.422943380453691	
737	 0.009540927240469121	 0.42441662210043335	
738	 0.009560388171960761	 0.42586042958314835	
739	 0.0095794811372284	 0.42727884303833147	
740	 0.009596884418451223	 0.42857337314541305	
741	 0.009610894967922395	 0.4296166752797803	
742	 0.009622758910503517	 0.43050092254391603	
743	 0.009633162248184387	 0.4312769058661547	
744	 0.00964273652080306	 0.43199154321071914	
745	 0.009652580011347922	 0.43272676870792126	
746	 0.009665971915119972	 0.43372783350438743	
747	 0.009682457660203668	 0.4349614378189888	
748	 0.009698243071181679	 0.4361439502007555	
749	 0.009713373867594207	 0.43727862937398254	
750	 0.009728511845439963	 0.43841502689232614	
751	 0.009742384052333457	 0.43945743953400895	
752	 0.009755690195622434	 0.4404582461449355	
753	 0.009768632062633172	 0.44143252752143997	
754	 0.009778676561026132	 0.44218928442782607	
755	 0.009781580690637955	 0.4424081794405341	
756	 0.009773234178720353	 0.44177918860482746	
757	 0.009753398237585835	 0.4402857941813448	
758	 0.00972380506719767	 0.4380615659282358	
759	 0.009686606937595436	 0.4352721429303734	
760	 0.009646387089982202	 0.4322641515122288	
761	 0.009613082932275037	 0.4297796946626184	
762	 0.009599690703199354	 0.4287822631861491	
763	 0.009594304988828286	 0.42838140532183516	
764	 0.009590223845246113	 0.42807774634166584	
765	 0.009585374866861248	 0.42771706830294703	
766	 0.009585549854246145	 0.42773008214743163	
767	 0.009591857708674831	 0.42819930420873026	
768	 0.009604347006826363	 0.4291289519939964	
769	 0.009621123912444629	 0.43037901912829574	
770	 0.009640678486936262	 0.43183788870041445	
771	 0.009661798631974906	 0.433415775120362	
772	 0.0096802814104674	 0.43479851193333224	
773	 0.009699081400725052	 0.4362067868216238	
774	 0.009717918185692842	 0.4376196442620289	
775	 0.009736514462909645	 0.4390162544552039	
776	 0.009754966357599018	 0.4404037800616021	
777	 0.009771792509089825	 0.44167058103598783	
778	 0.009780733524755688	 0.44234432093147436	
779	 0.009788500233190622	 0.4429299056172635	
780	 0.009788412313122124	 0.4429232749945735	
781	 0.00978106641765319	 0.4423694136222775	
782	 0.00976687137327615	 0.44129992982648175	
783	 0.00974609596252788	 0.4397365350992412	
784	 0.009716249668202937	 0.43749442295666136	
785	 0.009691482989481491	 0.4356373835961673	
786	 0.00968509480176674	 0.435158901290469	
787	 0.009684671595662239	 0.43512721011538824	
788	 0.009686266493485099	 0.4352466465409836	
789	 0.009689037176786727	 0.4354541646793815	
790	 0.009694563967783943	 0.4358682274468862	
791	 0.009702875373690177	 0.4364912076630596	
792	 0.009712931365983373	 0.4372454288331267	
793	 0.009723088267213312	 0.43800774700897827	
794	 0.00973393691011474	 0.4388225698603408	
795	 0.009746398215972375	 0.4397592644151469	
796	 0.009761609706735546	 0.4409037681501988	
797	 0.009778878881491856	 0.44220453266692505	
798	 0.00979791632562007	 0.44364026403447193	
799	 0.009817832195607865	 0.4451442346571152	
800	 0.009838618305794463	 0.4467160931129544	
801	 0.009860059628817974	 0.44833982048165527	
802	 0.009874918443218783	 0.44946644382347456	
803	 0.009893366949947273	 0.45086681781751503	
804	 0.0099093570414707	 0.4520819897387696	
805	 0.00991626299385607	 0.45260721417945543	
806	 0.009909926098320362	 0.4521252594948626	
807	 0.009893130121753652	 0.45084882981899965	
808	 0.009860424076964528	 0.4483674400965294	
809	 0.009848383242986305	 0.44745528864144785	
810	 0.009879771002684227	 0.449834618996985	
811	 0.009890621829455567	 0.450658333137889	
812	 0.009899087130513268	 0.45130137439852014	
813	 0.009907306755714378	 0.4519261045263305	
814	 0.009917077170741893	 0.45266915156077175	
815	 0.00992567301493905	 0.45332327534288736	
816	 0.009933119570120736	 0.4538902462835537	
817	 0.00994083637467824	 0.45447809270354395	
818	 0.009947746330007768	 0.4550047336535197	
819	 0.009954880122875804	 0.45554869025494954	
820	 0.009956686082570228	 0.4556864371543515	
821	 0.009956779264536704	 0.45569354492267605	
822	 0.009956255145260922	 0.4556535665364912	
823	 0.009956681322918898	 0.45568607409710665	
824	 0.009956961849010565	 0.45570747229693226	
825	 0.009961378313234227	 0.4560444079560517	
826	 0.009967403951103388	 0.4565042694348844	
827	 0.009970241197570652	 0.4567208651207857	
828	 0.009964538102105791	 0.4562855319515782	
829	 0.009956093792071224	 0.45564125923853	
830	 0.0099478864577605	 0.4550154159876669	
831	 0.009940093501324819	 0.4544214892746938	
832	 0.009938209483979811	 0.45427794872743243	
833	 0.009927618928699897	 0.45347140730392343	
834	 0.009922440969089964	 0.4530772798368574	
835	 0.009926760181054293	 0.45340603307240784	
836	 0.009932209915158224	 0.4538209711499554	
837	 0.009936890564193616	 0.4541774729374171	
838	 0.009941348371523271	 0.4545171060782211	
839	 0.009945605986671081	 0.4548415817075721	
840	 0.009949733015470258	 0.4551561936651751	
841	 0.009953739949612569	 0.4554617338074205	
842	 0.009956549794730303	 0.45567604142021473	
843	 0.009958079955372155	 0.45579276412651537	
844	 0.009961113793212144	 0.45602422470341303	
845	 0.009965221345491184	 0.4563376770675394	
846	 0.00997002786024199	 0.4567045774983802	
847	 0.009974609472006464	 0.4570544199791835	
848	 0.00997804869308653	 0.457317102252132	
849	 0.009980712591840602	 0.45752060811908085	
850	 0.00997982900318637	 0.45745310323822314	
851	 0.009979261017404466	 0.457409712059008	
852	 0.009974986396750762	 0.4570832059500123	
853	 0.0099681932256128	 0.45656451860564173	
854	 0.009959934771783004	 0.4559342680427738	
855	 0.009951187307576702	 0.45526707809932593	
856	 0.009952012056318309	 0.4553299669639528	
857	 0.009952511901909778	 0.455368082955925	
858	 0.009951407316981473	 0.4552838539496056	
859	 0.009961952022826542	 0.4560881840390331	
860	 0.009971868585638328	 0.45684511863853444	
861	 0.009981053546288431	 0.45754665760555907	
862	 0.009989624051278345	 0.4582016532922048	
863	 0.009992632411066545	 0.4584316542392166	
864	 0.009992447467774522	 0.45841751326468744	
865	 0.009990334899369731	 0.45825599626092167	
866	 0.00998761175899053	 0.45804783139727556	
867	 0.00998507034253766	 0.4578535921765147	
868	 0.00998306789825624	 0.4577005695492969	
869	 0.009981983748901949	 0.45761772964828307	
870	 0.00998079063221792	 0.457526570481257	
871	 0.00998142119226162	 0.4575747470336597	
872	 0.009983787432359306	 0.45775555249380306	
873	 0.009986900291967341	 0.45799345099804883	
874	 0.009988695075857458	 0.45813063879475496	
875	 0.009989082428296605	 0.45816024898789726	
876	 0.009988692458925181	 0.45813043875248355	
877	 0.009987319088394226	 0.45802546104726266	
878	 0.00998166333597041	 0.45759324803001594	
879	 0.009969876801027993	 0.4566930447512563	
880	 0.009960078302950936	 0.4559452187658197	
881	 0.00995143824427983	 0.4552862121946469	
882	 0.009944337894714486	 0.4547449299067671	
883	 0.009940729583572701	 0.45446995555385533	
884	 0.009941587240305685	 0.45453530797150243	
885	 0.009944993287551124	 0.45479488180236594	
886	 0.009953775342949896	 0.4554644330156197	
887	 0.009962001411396	 0.45609195264116553	
888	 0.00996400102608005	 0.45624454399763636	
889	 0.009962816173849707	 0.4561541250089252	
890	 0.009960494887223151	 0.4559770026951959	
891	 0.009958054730685797	 0.4557908398566657	
892	 0.00995808837901221	 0.45579340672617397	
893	 0.00995864993675087	 0.45583624612738455	
894	 0.009959657556062412	 0.45591311814287944	
895	 0.009958024176687012	 0.4557885090435867	
896	 0.009954601552430976	 0.4555274441900383	
897	 0.009952796567306701	 0.45538979083785464	
898	 0.009952476205479498	 0.455365360863293	
899	 0.009949166040517248	 0.4551129668336471	
900	 0.00994243704432854	 0.4546000657292879	
901	 0.009932517580053327	 0.4538444010184282	
902	 0.009917716563391594	 0.45271779484943525	
903	 0.009899982315803309	 0.45136939591139497	
904	 0.009885969252533143	 0.4503050702504939	
905	 0.009873356057230668	 0.44934792756403025	
906	 0.00987230843030088	 0.44926846583946595	
907	 0.009878292067386597	 0.44972239589997837	
908	 0.009882512793602177	 0.4500426984758556	
909	 0.009883300319359588	 0.4501024723476002	
910	 0.009882957990571742	 0.4500764889126167	
911	 0.009882106761156908	 0.450011881510142	
912	 0.009880585838093262	 0.4498964543121997	
913	 0.00987943917059829	 0.44980943827016984	
914	 0.0098795425099288	 0.44981728000549454	
915	 0.009879141478714906	 0.4497868487163219	
916	 0.009879439663239523	 0.4498094756533107	
917	 0.009880285128971517	 0.44987363403996783	
918	 0.009881825680521178	 0.4499905486052042	
919	 0.009884313194856095	 0.45017935512363866	
920	 0.009886192774714753	 0.45032203940609045	
921	 0.009888199144210711	 0.45047436860973056	
922	 0.009892908022919554	 0.45083196083198523	
923	 0.009895723329168207	 0.4510458093835752	
924	 0.009895729135116707	 0.4510462504409838	
925	 0.009892638104144365	 0.4508114601353104	
926	 0.009879879353669317	 0.449842841218981	
927	 0.009855000122332848	 0.4479564573140769	
928	 0.009831043323233821	 0.446143011609696	
929	 0.009810849171511512	 0.4446166715072581	
930	 0.009809726726796919	 0.4445318948496622	
931	 0.009817318604813252	 0.44510542466490643	
932	 0.00982168742540143	 0.4454356020893835	
933	 0.009823623563260813	 0.4455819587122531	
934	 0.009826754182828934	 0.44581864933984033	
935	 0.009831239350314299	 0.44615783823091415	
936	 0.009834762045298765	 0.4464243128897208	
937	 0.009837502925730237	 0.4466316911200234	
938	 0.009839689265777052	 0.44679713979436547	
939	 0.009841589827842358	 0.44694098247468084	
940	 0.009842419002809997	 0.4470037437914998	
941	 0.009842953879687649	 0.44704423117875675	
942	 0.00984356669765282	 0.44709062010239303	
943	 0.009844899007178118	 0.44719147954079785	
944	 0.009845620973821566	 0.4472461381721886	
945	 0.009847656783558393	 0.4474002795920178	
946	 0.009852190013381789	 0.4477435896016971	
947	 0.009855995062193887	 0.4480318344032567	
948	 0.009859191062912857	 0.4482739991678299	
949	 0.009862112366536642	 0.4484953955930984	
950	 0.009869023257556902	 0.4490193243797349	
951	 0.009877631284725885	 0.44967225866755717	
952	 0.009885523748083262	 0.4502712496079977	
953	 0.00988257687526012	 0.45004756220926706	
954	 0.00988119674037703	 0.449942816009141	
955	 0.009880109578046017	 0.44986031201129495	
956	 0.0098794045760299	 0.4498068131303985	
957	 0.009877941636822367	 0.4496958065178782	
958	 0.009876943490144521	 0.4496200742663692	
959	 0.009877056600725737	 0.44962865603428726	
960	 0.009878724391430938	 0.4497551999245403	
961	 0.009881684690278912	 0.4499798481576043	
962	 0.009885399958189824	 0.45026185223078796	
963	 0.009888234962941842	 0.4504770882555659	
964	 0.009891005239078375	 0.450687449772681	
965	 0.009896687327317374	 0.45111904328301317	
966	 0.009905381729723804	 0.45177976250974644	
967	 0.009910472510031562	 0.4521668089263407	
968	 0.009913479256675989	 0.4523954708327617	
969	 0.009916819029143754	 0.45264951342843623	
970	 0.009922109189999698	 0.4530520306915547	
971	 0.009926282049826875	 0.45336963581580886	
972	 0.009927744558972225	 0.4534809715269111	
973	 0.009929094918334089	 0.4535837793760858	
974	 0.009933289857641452	 0.4539032150670683	
975	 0.009937478646797648	 0.45422227218627764	
976	 0.009947658022870075	 0.4549980018026667	
977	 0.009951744984155646	 0.45530960175698004	
978	 0.009955383423854606	 0.4555870771169391	
979	 0.009958921203455246	 0.4558569407529524	
980	 0.009962828980661453	 0.45615510228991485	
981	 0.009966148038203938	 0.4564084060380751	
982	 0.009970499896267738	 0.4567406162502224	
983	 0.009974964032528129	 0.45708149796055847	
984	 0.009978807326983067	 0.45737505363761594	
985	 0.009982161302706991	 0.45763129613181824	
986	 0.009985315137494347	 0.45787230030146886	
987	 0.009988485250878849	 0.4581145995661298	
988	 0.009990365825963174	 0.45825836059799613	
989	 0.009992527925302192	 0.4584236651173523	
990	 0.009994210414705116	 0.45855231728830753	
991	 0.009994862182952528	 0.45860215886735317	
992	 0.009994698991441876	 0.45858967919356247	
993	 0.010059122169568495	 0.46352683578461357	
994	 0.01017917317958961	 0.4727834330542062	
995	 0.010171170815020511	 0.4721641303199055	
996	 0.010165731167501323	 0.4717433415714074	
997	 0.010161066706053839	 0.47138263755071635	
998	 0.010149204738937581	 0.47046584580898615	
999	 0.010135481686275129	 0.4694061047720572	
1000	 0.010121024931875354	 0.4682907389676067	
1001	 0.010105033444491878	 0.46705820229188627	
1002	 0.010093552775276307	 0.4661741363137823	
1003	 0.010083076084504886	 0.46536796620997795	
1004	 0.010073916665381488	 0.46466361610149415	
1005	 0.01006714446993078	 0.4641431155298119	
1006	 0.010062964736167983	 0.4638219840579918	
1007	 0.01006054695548147	 0.4636362650958868	
1008	 0.01005911610467938	 0.4635263699987248	
1009	 0.010058435369975171	 0.463474090493385	
1010	 0.010058916577413797	 0.4635110463300138	
1011	 0.010059251450370003	 0.4635367646459598	
1012	 0.01005942761655904	 0.4635502944767503	
1013	 0.010060598751784977	 0.4636402434557816	
1014	 0.010062281929482818	 0.4637695320559207	
1015	 0.010063969241169396	 0.4638991526687559	
1016	 0.010066080008199398	 0.46406132385389665	
1017	 0.010068135309394823	 0.46421925536022984	
1018	 0.010071436511071896	 0.464472968158784	
1019	 0.010075458845000574	 0.4647821782835189	
1020	 0.010079518778015566	 0.46509436223848444	
1021	 0.010083576089595779	 0.46540642838105645	
1022	 0.010092967286389391	 0.4661290688492962	
1023	 0.010096227001623237	 0.46638000456784573	
1024	 0.010093493194563046	 0.46616955006393995	
1025	 0.010088490159523405	 0.4657845037799087	
1026	 0.010088106423889076	 0.46575497576614205	
1027	 0.010088182821095448	 0.46576085438321985	
1028	 0.010088390383004067	 0.4657768260199729	
1029	 0.010088177673472127	 0.46576045828264173	
1030	 0.010088571545906939	 0.46579076646434886	
1031	 0.010089777009431857	 0.46588353085956796	
1032	 0.010091978957993571	 0.46605299714108445	
1033	 0.010095061575967153	 0.46629028288124325	
1034	 0.010098674510221036	 0.46656845141800024	
1035	 0.010102417370402914	 0.46685669324145257	
1036	 0.010105720934822203	 0.4671111635679656	
1037	 0.010108516074293574	 0.4673265137363147	
1038	 0.010110088609103217	 0.4674476863713352	
1039	 0.010110575173809392	 0.4674851814589394	
1040	 0.010110231830376416	 0.4674587229987936	
1041	 0.01010966044291263	 0.4674146925177883	
1042	 0.010111095127064531	 0.4675252508259791	
1043	 0.010108751785791641	 0.4673446758298773	
1044	 0.010099689331225493	 0.4666465968756144	
1045	 0.010084606349005716	 0.4654856836105457	
1046	 0.01006477724186927	 0.46396122904939635	
1047	 0.010041306627914939	 0.462159402762011	
1048	 0.010014719920403653	 0.46012174477763995	
1049	 0.009993778773427588	 0.45851931030220516	
1050	 0.009986462550892704	 0.45795999390085335	
1051	 0.009984043717958973	 0.4577751371055058	
1052	 0.009982185158058057	 0.4576331188773461	
1053	 0.00997975000379275	 0.4574470679941327	
1054	 0.009980151552254575	 0.457477745053523	
1055	 0.009986215847810944	 0.4579411385068812	
1056	 0.009997103947947172	 0.4587736061417352	
1057	 0.010011037437748973	 0.4598397960279608	
1058	 0.010030600406750283	 0.461338423611881	
1059	 0.010060468881512796	 0.4636302684322593	
1060	 0.010079524027635811	 0.4650947659563697	
1061	 0.010122863538864525	 0.4684325320448172	
1062	 0.010178665901746563	 0.47274416519949186	
1063	 0.010232073993219001	 0.47688558839313916	
1064	 0.01028267811127069	 0.4808229029134355	
1065	 0.01034176696074072	 0.4854367558446174	
1066	 0.010365054439404173	 0.48725995833444924	
1067	 0.010382549946671722	 0.48863149892057517	
1068	 0.010394818787400976	 0.48959422052590384	
1069	 0.010406626467808433	 0.49052147105239124	
1070	 0.010433573065754721	 0.49264019964760225	
1071	 0.010527227250067477	 0.5000323184075655	
1072	 0.010597398960339354	 0.5055997907719431	
1073	 0.010745665885500699	 0.5174443305614661	
1074	 0.010971708684812053	 0.5357125959797483	
1075	 0.0112428677097789	 0.5579602311921874	
1076	 0.011418761350215925	 0.5725846994191731	
1077	 0.011459688117216135	 0.576009184485169	
1078	 0.011442575000431675	 0.5745762768321849	
1079	 0.0114098098532623	 0.5718367854410656	
1080	 0.011369289163580074	 0.5684561009869044	
1081	 0.011330232053973245	 0.5652051181146429	
1082	 0.011294444511066608	 0.5622328344254455	
1083	 0.011267189209141337	 0.5599733908481573	
1084	 0.011230614286234597	 0.5569470794039988	
1085	 0.01119362370294086	 0.5538930508327481	
1086	 0.011155489995064062	 0.5507516789252308	
1087	 0.01111790169821601	 0.5476622348670158	
1088	 0.011081917980808143	 0.5447111902188121	
1089	 0.011048884364014418	 0.5420077027509117	
1090	 0.011010761095925397	 0.5388943672460572	
1091	 0.010969575786144783	 0.5355390364684239	
1092	 0.010927264772373171	 0.5321007306225037	
1093	 0.01088383803287514	 0.5285809758473698	
1094	 0.010840086766597177	 0.5250443733200568	
1095	 0.010802665264594509	 0.5220269726220547	
1096	 0.010777537821849125	 0.5200047818739939	
1097	 0.010789737044875371	 0.5209861512737372	
1098	 0.010827484694454057	 0.5240274560764694	
1099	 0.010850017025399332	 0.5258462455026846	
1100	 0.010837446197810926	 0.5248312287766165	
1101	 0.010808677228756306	 0.5225112650844247	
1102	 0.010776658431415847	 0.5199340677027745	
1103	 0.010743031810162887	 0.5172329467359581	
1104	 0.010708733257215384	 0.5144836521614821	
1105	 0.0106740583824434	 0.5117101535110092	
1106	 0.010638706261021157	 0.5088886617105497	
1107	 0.01060275739108592	 0.5060259453525504	
1108	 0.010568345820785552	 0.5032917034236394	
1109	 0.010534991548812317	 0.5006471296667832	
1110	 0.010502589381666174	 0.49808338531365487	
1111	 0.010470145404007761	 0.49552161063302685	
1112	 0.01043701811385338	 0.4929113365440007	
1113	 0.010402902587887168	 0.49022896108713004	
1114	 0.010366409339299451	 0.48736611909416827	
1115	 0.01033033203160368	 0.4845425036378536	
1116	 0.010298168798082813	 0.48203076214534996	
1117	 0.010268752689720885	 0.479738127376289	
1118	 0.010236852998629033	 0.4772568708276539	
1119	 0.010203805044628563	 0.4746917295979191	
1120	 0.010176492045026615	 0.472575903967593	
1121	 0.010146100145578619	 0.4702260148333408	
1122	 0.010115315390572385	 0.4678505295143403	
1123	 0.01009175533987499	 0.46603578592726497	
1124	 0.010074475243817615	 0.46470655800148436	
1125	 0.010063209110514455	 0.46384075703969957	
1126	 0.01005198718906541	 0.46297899591211705	
1127	 0.010039996083317286	 0.4620588756459685	
1128	 0.010027426563374311	 0.46109515777181187	
1129	 0.01001503898665877	 0.4601461772933548	
1130	 0.01000358685980864	 0.45926955505551076	
1131	 0.00999321595162374	 0.4584762735579384	
1132	 0.009985112414028257	 0.45785680741177615	
1133	 0.009975597393064771	 0.4571298696487611	
1134	 0.009964165517737676	 0.45625709732738645	
1135	 0.009952684097067593	 0.4553812140850144	
1136	 0.009940488463604543	 0.45445158317747997	
1137	 0.009926858213737389	 0.45341349585574336	
1138	 0.00991420048030621	 0.4524503264839587	
1139	 0.009899943916582138	 0.4513664780255677	
1140	 0.00988409053139376	 0.45016245330166144	
1141	 0.009881521914538718	 0.44996749442728207	
1142	 0.009925837231521444	 0.45333577552120086	
1143	 0.00999842883684427	 0.4588749439743241	
1144	 0.010062378100894637	 0.4637769196301414	
1145	 0.010120843411780505	 0.4682767410981972	
1146	 0.010174521326538417	 0.4724233867825545	
1147	 0.010185260479557635	 0.47325474642102444	
1148	 0.01015071425494608	 0.4705824741478742	
1149	 0.010117813428221031	 0.46804310951067807	
1150	 0.010086956985100452	 0.4656665322599085	
1151	 0.010057828960998397	 0.4634275210899493	
1152	 0.010028589085007854	 0.461184255708561	
1153	 0.009997729718178708	 0.45882146881231006	
1154	 0.009964049383472326	 0.4562482344214634	
1155	 0.009928693726067505	 0.4535532341526651	
1156	 0.009893965004656767	 0.45091224361616583	
1157	 0.00986146505950911	 0.44844633445574017	
1158	 0.009830041930189224	 0.4460672737446712	
1159	 0.009798468059529537	 0.4436819014540312	
1160	 0.009767714872119629	 0.44136345182207	
1161	 0.00973858433069832	 0.4391718149142532	
1162	 0.009710952334899882	 0.43709695605829313	
1163	 0.0096822704779042	 0.4349474233748066	
1164	 0.009656547918796977	 0.4330232792486677	
1165	 0.00963443908206374	 0.4313721832146584	
1166	 0.00961389712000593	 0.42984036393242314	
1167	 0.009626998021735732	 0.43081704970321705	
1168	 0.00960505749571323	 0.42918186186722646	
1169	 0.009587822234032	 0.42789909383879904	
1170	 0.009591235744465852	 0.42815302904265523	
1171	 0.009595131428110528	 0.42844290732514106	
1172	 0.00959111624595215	 0.428144138384648	
1173	 0.009583054152951298	 0.4275444913554698	
1174	 0.009574567786113944	 0.42691365067142667	
1175	 0.00956631668941703	 0.42630065627335606	
1176	 0.009557629531370198	 0.4256556466031385	
1177	 0.009546465666019684	 0.42482731849810684	
1178	 0.009533090522372742	 0.42383576962996306	
1179	 0.009518179409935592	 0.42273144654036504	
1180	 0.009502580286841781	 0.42157740286810325	
1181	 0.009487412888587747	 0.420456509112779	
1182	 0.009472783290326282	 0.4193764908343732	
1183	 0.009458393531513794	 0.41831526272731123	
1184	 0.009443598878190093	 0.41722529575936124	
1185	 0.009428606046723397	 0.4161218891645299	
1186	 0.009416422079694033	 0.4152260637094254	
1187	 0.009403334928365094	 0.4142646921100741	
1188	 0.009393062396260235	 0.41351070472907653	
1189	 0.009385831667538137	 0.4129803103604473	
1190	 0.009378093799456201	 0.4124130175468456	
1191	 0.009362731099102378	 0.4112876436222534	
1192	 0.009356343501703914	 0.4108200908740751	
1193	 0.00935629430171512	 0.4108164904097778	
1194	 0.009367612076498257	 0.41164505972546017	
1195	 0.009383326721645898	 0.41279662901758735	
1196	 0.009394566569637343	 0.41362107430603917	
1197	 0.009404134735529852	 0.41432341972553854	
1198	 0.009411408901842236	 0.41485769437536013	
1199	 0.009415642389448645	 0.41516876332273117	
1200	 0.009417451560827959	 0.4153017263785344	
1201	 0.009418617588553637	 0.415387431325731	
1202	 0.009419122612256747	 0.41542455359027014	
1203	 0.009417692479091766	 0.4153194336856232	
1204	 0.009414774218583798	 0.4151049641094599	
1205	 0.00941289822350242	 0.4149671163806434	
1206	 0.009409278820293148	 0.4147012151382823	
1207	 0.009403129637968414	 0.4142496187443068	
1208	 0.00939461640739553	 0.41362473138153816	
1209	 0.009383758987323802	 0.41282832363223276	
1210	 0.009370442442858265	 0.41185237397287144	
1211	 0.009351836548378645	 0.41049032357742793	
1212	 0.009330898265705871	 0.40895968906373076	
1213	 0.009309903243906048	 0.40742720419645145	
1214	 0.009287276729049294	 0.4057782097193416	
1215	 0.00926373716722934	 0.40406551373499605	
1216	 0.009242371700399108	 0.4025135105648281	
1217	 0.009223535676506649	 0.401147230237837	
1218	 0.009217974353847108	 0.400744192318574	
1219	 0.009215253907722902	 0.4005470962807953	
1220	 0.009209091233053922	 0.4001007546003931	
1221	 0.009199101757956307	 0.3993776736276918	
1222	 0.009187464346564105	 0.39853596787320567	
1223	 0.009175010691441004	 0.3976360121632709	
1224	 0.009161762105272335	 0.39667950485474807	
1225	 0.00914640010384451	 0.3955715694143201	
1226	 0.009127471829027801	 0.39420813297332163	
1227	 0.009104886997182256	 0.3925837731461246	
1228	 0.009089031439001768	 0.391445003586622	
1229	 0.009072536616936584	 0.3902617258847521	
1230	 0.009055969271665458	 0.3890746884506528	
1231	 0.009040300192088345	 0.387953342357432	
1232	 0.00902588553923384	 0.3869229119755226	
1233	 0.009011998946371507	 0.38593126690361523	
1234	 0.008995774675398418	 0.38477397737489943	
1235	 0.008971480299199497	 0.3830436416516538	
1236	 0.008948416675066741	 0.3814038524282308	
1237	 0.008926393281559114	 0.3798406495948797	
1238	 0.008903689644775113	 0.37823185298141276	
1239	 0.008882860348129346	 0.3767582769172555	
1240	 0.008866943429326108	 0.37563378020686655	
1241	 0.00885558242181914	 0.3748319715336769	
1242	 0.008861483078108759	 0.3752483277058772	
1243	 0.008880248686599153	 0.37657367634491673	
1244	 0.00889802869713865	 0.37783113953418535	
1245	 0.008903201556044404	 0.3781972966459671	
1246	 0.008905053958477828	 0.37832845212119365	
1247	 0.008905265835070213	 0.3783434547588993	
1248	 0.008905784888482902	 0.3783802090943662	
1249	 0.008906309641756559	 0.3784173684905146	
1250	 0.00890703711954651	 0.37846888584866784	
1251	 0.008908032991368189	 0.37853941445440825	
1252	 0.008910322751900299	 0.3787015974480174	
1253	 0.00891053375486835	 0.378716544117935	
1254	 0.008908835099488765	 0.37859622434943163	
1255	 0.008906509591072332	 0.37843152790168433	
1256	 0.008903696169156015	 0.37823231491150006	
1257	 0.008900908017712827	 0.37803493267214466	
1258	 0.008901601639351098	 0.37808403253549794	
1259	 0.008902855663037976	 0.3781728084314286	
1260	 0.008905562186511905	 0.37836443932280633	
1261	 0.008912114995551055	 0.37882856086978234	
1262	 0.00891921632463656	 0.37933178985358335	
1263	 0.00892586925033895	 0.3798034855620181	
1264	 0.008931632191683761	 0.38021227044222566	
1265	 0.008941734612850903	 0.38092929364184086	
1266	 0.008952953460363372	 0.38172618874404	
1267	 0.008961145056888224	 0.38230847340862256	
1268	 0.008967263772216563	 0.38274364270067857	
1269	 0.008973518320084334	 0.3831886771839877	
1270	 0.008978823795810994	 0.383566343778055	
1271	 0.008981966643144896	 0.383790135359783	
1272	 0.00898300434178784	 0.3838640378534086	
1273	 0.008983955348543264	 0.38393177134984785	
1274	 0.008986367198447871	 0.3841035718229659	
1275	 0.00899073397196741	 0.38441470329181776	
1276	 0.008999841458611298	 0.3850639335300212	
1277	 0.009009341592193744	 0.38574162062094647	
1278	 0.009017072026368322	 0.3862934188070825	
1279	 0.009024033001451073	 0.3867905629538206	
1280	 0.00902985382625569	 0.3872064753207396	
1281	 0.009032927796791816	 0.38742619027561104	
1282	 0.009036683766322736	 0.38769471942420414	
1283	 0.00903683230689153	 0.38770534070799334	
1284	 0.009036243041375167	 0.3876632063969451	
1285	 0.009035395527994407	 0.3876026097748335	
1286	 0.009030815461958398	 0.3872752037844696	
1287	 0.009022932974275949	 0.38671198337242374	
1288	 0.009009162929530731	 0.38572887141522766	
1289	 0.009000675253281987	 0.3851233927571786	
1290	 0.009004618165713954	 0.38540461786833874	
1291	 0.00901058593728673	 0.3858304206340742	
1292	 0.009015886285342915	 0.38620876015895284	
1293	 0.009019792924553913	 0.3864877115100833	
1294	 0.009024440757617566	 0.3868196923191956	
1295	 0.00903085603271416	 0.3872781034988422	
1296	 0.009039849371821455	 0.38792109889973686	
1297	 0.009048031796681004	 0.38850648712661445	
1298	 0.009052579659856775	 0.3888320036589878	
1299	 0.009056655626522234	 0.38912383652091664	
1300	 0.00906168302956776	 0.38948391136540605	
1301	 0.009066655301284574	 0.3898401685907443	
1302	 0.009070193243877832	 0.390093737204217	
1303	 0.009070699708316329	 0.3901300415176128	
1304	 0.009069899340847766	 0.3900726703077815	
1305	 0.009068935749702793	 0.39000360352511515	
1306	 0.009071877470393057	 0.39021447092017075	
1307	 0.009071554235278516	 0.39019129866401	
1308	 0.009067769946750672	 0.389920049459852	
1309	 0.009063479607327906	 0.3896126189453281	
1310	 0.009060383687933568	 0.38939083658899015	
1311	 0.00905866609628411	 0.38926781527468063	
1312	 0.009057666125910522	 0.3891962002496785	
1313	 0.009061702662601784	 0.38948531779222195	
1314	 0.00907343458849456	 0.39032610616901603	
1315	 0.009088187783614246	 0.391384448093554	
1316	 0.009097667590721524	 0.3920651006530677	
1317	 0.00910207945531543	 0.3923820349502025	
1318	 0.009105232680980617	 0.39260861540343867	
1319	 0.009108225659672538	 0.3928237294316161	
1320	 0.009110529592998129	 0.3929893518816185	
1321	 0.009111364594472393	 0.3930493843802562	
1322	 0.009110849990367929	 0.39301238644278874	
1323	 0.009109729186225417	 0.39293181001501626	
1324	 0.009110396417986728	 0.3929797775925372	
1325	 0.009110803939426707	 0.39300907563574117	
1326	 0.009111059225866502	 0.39302742945418173	
1327	 0.009111815923044985	 0.39308183421160203	
1328	 0.009113598460148302	 0.3932100063656476	
1329	 0.009117497671818041	 0.3934904348741435	
1330	 0.009132061365719434	 0.3945385523108426	
1331	 0.009146374189911639	 0.3955697015017538	
1332	 0.009146478850971272	 0.3955772456391306	
1333	 0.009144533624030312	 0.3954370399606291	
1334	 0.009142373507009912	 0.3952813689964097	
1335	 0.00914081806574988	 0.3951692897715744	
1336	 0.009138929967182059	 0.3950332576003559	
1337	 0.009146582532295765	 0.3955847192123691	
1338	 0.009157264023415957	 0.3963549666928532	
1339	 0.009166612565730033	 0.39702958630595125	
1340	 0.00917667792005312	 0.39775644622668566	
1341	 0.009187889653466182	 0.39856671678406935	
1342	 0.009200197814001306	 0.3994569853021761	
1343	 0.009213536987741494	 0.40042272557082237	
1344	 0.009228228901367161	 0.40148748180060184	
1345	 0.009244001316397618	 0.4026318028944181	
1346	 0.009260037646066076	 0.4037966067968057	
1347	 0.009273528483578476	 0.4047775602376031	
1348	 0.009282729660755579	 0.40544714745939064	
1349	 0.009283305742926963	 0.4054890847833896	
1350	 0.009267999793764903	 0.40437543986878444	
1351	 0.009240654839640134	 0.4023889002587284	
1352	 0.009206409221410779	 0.39990656774030264	
1353	 0.00916415554579068	 0.3968522357230786	
1354	 0.00911534325265167	 0.3933354807059916	
1355	 0.009059756709358885	 0.38934592788008127	
1356	 0.00898845253847226	 0.3842521391825462	
1357	 0.008916457265313664	 0.3791362399772271	
1358	 0.00884913644705115	 0.3743773484819381	
1359	 0.008788577606393571	 0.37011702680783953	
1360	 0.008744123379579414	 0.3670020916860846	
1361	 0.008717308310096676	 0.36512823825292867	
1362	 0.008706132926612901	 0.36434842870425305	
1363	 0.008699489692994587	 0.36388518513888596	
1364	 0.008694406723671163	 0.36353090056942755	
1365	 0.00869096784599026	 0.36329128800175886	
1366	 0.008688664243010222	 0.36313081393909313	
1367	 0.008687300046209614	 0.3630357943530687	
1368	 0.0086877434828845	 0.3630666796921522	
1369	 0.008689110067253399	 0.3631618688256119	
1370	 0.00869077308674658	 0.3632777195459361	
1371	 0.00869445564995135	 0.3635343100886403	
1372	 0.00869990995888386	 0.3639144839826363	
1373	 0.008705910674244277	 0.36433292687106356	
1374	 0.008711412239085742	 0.36471673190559	
1375	 0.008717706403282337	 0.36515602918544315	
1376	 0.008722819325519294	 0.36551303810342933	
1377	 0.008727430049608381	 0.3658351007732739	
1378	 0.008746186281799684	 0.3671464074610989	
1379	 0.008764332768435731	 0.3684168705335103	
1380	 0.008782659403058411	 0.36970172712231464	
1381	 0.008800642357646285	 0.37096422739580537	
1382	 0.008805389835129731	 0.37129781307954074	
1383	 0.00880594624409456	 0.37133691749686815	
1384	 0.00880337097053598	 0.3711559411252212	
1385	 0.008801338470294039	 0.37101313285985427	
1386	 0.008804701109570424	 0.3712494117345519	
1387	 0.008803533219803171	 0.371167342089242	
1388	 0.00879808210764865	 0.3707843789596686	
1389	 0.008790657501204682	 0.3702630241169725	
1390	 0.008783454551642516	 0.36975751445332256	
1391	 0.00877725951427741	 0.3693229619997997	
1392	 0.008773310718098257	 0.3690460793759193	
1393	 0.008772218672074499	 0.3689695216972413	
1394	 0.00877441891724304	 0.3691237759609339	
1395	 0.008780159356973427	 0.3695263467486732	
1396	 0.008790213361664759	 0.37023184600171954	
1397	 0.008804345177720208	 0.3712243990154433	
1398	 0.008826628906935611	 0.37279166322223517	
1399	 0.008848331970632372	 0.37432062569254837	
1400	 0.00886933062238542	 0.375802344648801	
1401	 0.008884719255134961	 0.3768896924422553	
1402	 0.008898348109087581	 0.3778537447704699	
1403	 0.008909660495231418	 0.37865468716730993	
1404	 0.008919466214831799	 0.3793495029531861	
1405	 0.008929466670570358	 0.38005864209127216	
1406	 0.00893955785978521	 0.3807747520909736	
1407	 0.008948779814693775	 0.38142964930591505	
1408	 0.008955859763469937	 0.38193273735290045	
1409	 0.008963735344320843	 0.38249267312892504	
1410	 0.008977540011619352	 0.3834749448467114	
1411	 0.00899450677068572	 0.3846835953462538	
1412	 0.009011395438785421	 0.38588819335809865	
1413	 0.00902563710203277	 0.3869051620711124	
1414	 0.009037407644275802	 0.3877464808816697	
1415	 0.009048724054469869	 0.38855602893244373	
1416	 0.009060252921251143	 0.3893814699689419	
1417	 0.009071492499909668	 0.39018687300763494	
1418	 0.009080990535906297	 0.3908679998521524	
1419	 0.00908867133053859	 0.39141915543511724	
1420	 0.009095949289212524	 0.39194169106615545	
1421	 0.009102699031532279	 0.39242655153458744	
1422	 0.009110321132808116	 0.39297436519152956	
1423	 0.009119897161037028	 0.39366304416443015	
1424	 0.009131029259185311	 0.3944642371296933	
1425	 0.00914208054443863	 0.39526025824779826	
1426	 0.00915659660728131	 0.39630682144037926	
1427	 0.009170717693509732	 0.39732596995959085	
1428	 0.009184996868607251	 0.39835759245487146	
1429	 0.009190660289029642	 0.39876705189144546	
1430	 0.009193165108476554	 0.39894820140869575	
1431	 0.009196029677744206	 0.3991554085093035	
1432	 0.009201139973149823	 0.39952516588328196	
1433	 0.009208476698671027	 0.40005625686895524	
1434	 0.009217020274516954	 0.40067506495488764	
1435	 0.0092246962669693	 0.40123136051660246	
1436	 0.009232460215359527	 0.40179434444477663	
1437	 0.009240555789091442	 0.4023817116089266	
1438	 0.009248433123386938	 0.4029535740124017	
1439	 0.009257050546427559	 0.4035795358655634	
1440	 0.009266543428362093	 0.4042695400763872	
1441	 0.009277222751699104	 0.4050463459893537	
1442	 0.009288981853950834	 0.40590238405899254	
1443	 0.009300039434254058	 0.4067080121667594	
1444	 0.009310927257509214	 0.40750189639694745	
1445	 0.009319111172105345	 0.4080990330778758	
1446	 0.009324251095688098	 0.40847424473035904	
1447	 0.009326200324762746	 0.4086165734720118	
1448	 0.009324561663850824	 0.40849692045749525	
1449	 0.009319401699716482	 0.4081202377591468	
1450	 0.009313338504086178	 0.40767779587921865	
1451	 0.00930374169010538	 0.4069778921900468	
1452	 0.00929250161634158	 0.4061587559648773	
1453	 0.009277672663014389	 0.4050790852916655	
1454	 0.00926200795156096	 0.40393981339603197	
1455	 0.009247229064602248	 0.40286614321402453	
1456	 0.009237373373361193	 0.40215077332141386	
1457	 0.009234186810132205	 0.4019195872012629	
1458	 0.009241988098464859	 0.4024856672741606	
1459	 0.00925398854560283	 0.4033570703679537	
1460	 0.009266979633231984	 0.40430125760416225	
1461	 0.009278727112331733	 0.40515581997183436	
1462	 0.0092889498573144	 0.4059000537899522	
1463	 0.009298144060484046	 0.40656987452147914	
1464	 0.009306187569836288	 0.40715622657014383	
1465	 0.009313104968502715	 0.40766075822294107	
1466	 0.009319858306866217	 0.40815356494543625	
1467	 0.00932712373714317	 0.4086840060888557	
1468	 0.009337438367624476	 0.409437539251005	
1469	 0.009351917519213328	 0.4104962471625769	
1470	 0.009365543557668995	 0.4114935745027759	
1471	 0.009378390708253194	 0.41243477931559386	
1472	 0.009381756884389199	 0.4126815334855591	
1473	 0.009380884374893327	 0.4126175693832317	
1474	 0.00937753680794138	 0.412372194395834	
1475	 0.00937284288833188	 0.4120282307676542	
1476	 0.009365739101241135	 0.4115078939214308	
1477	 0.009352579357180167	 0.4105446665393186	
1478	 0.009336881721949426	 0.40939685944542265	
1479	 0.009320069553253216	 0.40816898392401774	
1480	 0.009298614492275408	 0.4066041585353508	
1481	 0.009281677582472668	 0.40537056330096227	
1482	 0.009273691582090017	 0.40478942537335505	
1483	 0.009270002169970551	 0.404521061018444	
1484	 0.009269372399703088	 0.4044752592370588	
1485	 0.009271524587905712	 0.4046317916346737	
1486	 0.00927697325886036	 0.4050281912643383	
1487	 0.009285746246720262	 0.4056667665261909	
1488	 0.009297711230086736	 0.406538331834287	
1489	 0.009312833148824416	 0.4076409278980994	
1490	 0.009330374102046868	 0.4089214008970136	
1491	 0.00934835519940246	 0.4102356707927503	
1492	 0.009365847046935724	 0.4115157987391243	
1493	 0.009381991158281464	 0.4126987088957812	
1494	 0.009396741417065358	 0.41378067580505445	
1495	 0.009410461104139725	 0.4147880647067066	
1496	 0.00942295158625094	 0.415706049260783	
1497	 0.009434608390622242	 0.416563495034711	
1498	 0.00945097545138853	 0.4177686080870351	
1499	 0.00955619211967323	 0.4255489584105139	
1500	 0.009525634851802741	 0.423283455560355	
1501	 0.009460821887395669	 0.41849427573074816	
1502	 0.009379757463986914	 0.4125349608570255	
1503	 0.009295096032597672	 0.406347769104382	
1504	 0.009215561019628584	 0.40056934456424087	
1505	 0.009147104471448111	 0.39562234256870976	
1506	 0.009093412157613624	 0.3917595009581932	
1507	 0.009046223082581274	 0.38837705744281276	
1508	 0.009002453071017515	 0.3852501840361923	
1509	 0.008960975697337972	 0.3822964312006966	
1510	 0.00892036478626065	 0.3794131996033701	
1511	 0.008881684313938256	 0.3766751465883423	
1512	 0.0088463502134843	 0.37418090873881976	
1513	 0.008816724361695663	 0.3720947284733966	
1514	 0.008791973171845126	 0.37035538893585845	
1515	 0.008770281945965666	 0.3688337635076089	
1516	 0.00874852511501858	 0.36731005416867973	
1517	 0.00873014617503564	 0.3660248773533376	
1518	 0.008709926064827882	 0.36461303616733143	
1519	 0.008691956605854458	 0.36336017589260944	
1520	 0.008676565132740677	 0.36228842897382374	
1521	 0.008660489816990842	 0.3611704167656886	
1522	 0.008639081505831297	 0.3596836502369938	
1523	 0.008609655352067752	 0.35764406521088615	
1524	 0.00858100552207503	 0.3556627485858423	
1525	 0.008553894131190315	 0.3537918813653213	
1526	 0.008523906345357945	 0.3517271234564762	
1527	 0.008488193942201709	 0.3492745174276611	
1528	 0.008444258189469164	 0.3462665853078592	
1529	 0.008399726741729877	 0.3432284990841006	
1530	 0.008367091453402914	 0.3410088141872351	
1531	 0.008341414892398244	 0.3392664775571428	
1532	 0.008317192369853173	 0.33762608184658593	
1533	 0.008294813014722617	 0.3361133367816185	
1534	 0.008274243018569022	 0.3347252939722436	
1535	 0.008252783130250938	 0.33327965203950494	
1536	 0.008227176608015632	 0.331557949363719	
1537	 0.008199000499870723	 0.32966759979399946	
1538	 0.008170761883812636	 0.32777739682250917	
1539	 0.008144777205433936	 0.3260419082665767	
1540	 0.008135473983699772	 0.325421452348107	
1541	 0.008129930517175503	 0.3250519690286753	
1542	 0.008126711622664373	 0.32483750022070434	
1543	 0.008125873027018457	 0.3247816354880488	
1544	 0.008128384367368983	 0.3249489449464205	
1545	 0.008137040160941245	 0.3255258716641807	
1546	 0.008145425833210677	 0.3260851845581582	
1547	 0.008146448217676988	 0.32615340247220026	
1548	 0.00814616952274934	 0.32613480617519636	
1549	 0.008147795865586442	 0.3262433320906401	
1550	 0.00814788502630671	 0.3262492822062818	
1551	 0.008142716045627559	 0.32590440342363713	
1552	 0.008129901432312252	 0.3250500309061673	
1553	 0.008111007582231692	 0.3237919820826129	
1554	 0.008093565288259415	 0.3226323181794163	
1555	 0.008071616324429633	 0.32117539087521807	
1556	 0.008046153140240169	 0.319488503342985	
1557	 0.008022021833528636	 0.3178931312089844	
1558	 0.008002682111148495	 0.3166168480093912	
1559	 0.007985897448369925	 0.3155108457319724	
1560	 0.0079687104441669	 0.31437993649353213	
1561	 0.007953967335108371	 0.3134111309112501	
1562	 0.007942616703757188	 0.3126660683952704	
1563	 0.007933098119647056	 0.3120418095529728	
1564	 0.007922117603030717	 0.31132229259653954	
1565	 0.007912145963652289	 0.3106694597942796	
1566	 0.007907480463711024	 0.310364202652712	
1567	 0.007907398944355826	 0.3103588700222468	
1568	 0.007912834635588978	 0.31071452880312617	
1569	 0.007913004624282068	 0.31072565383760714	
1570	 0.007907494858021533	 0.3103651442677298	
1571	 0.007890351426629727	 0.3092445033188425	
1572	 0.007862414890634885	 0.30742180879749753	
1573	 0.007828318409825183	 0.3052030582805649	
1574	 0.0077910481137990414	 0.30278513866453016	
1575	 0.007756383060721399	 0.30054314499482865	
1576	 0.007729448020008838	 0.29880570120423616	
1577	 0.007704213977782342	 0.2971816379649373	
1578	 0.0076897745672274585	 0.2962539105568974	
1579	 0.007680264682462531	 0.2956435374413063	
1580	 0.00767026599478639	 0.2950023346232678	
1581	 0.007658565537294663	 0.29425270679839494	
1582	 0.007644072619685447	 0.2933252290220093	
1583	 0.007624646447620567	 0.29208388419549264	
1584	 0.007600482727145354	 0.29054274718376505	
1585	 0.0075764682369117	 0.2890143607189487	
1586	 0.007550724202114206	 0.2873794817056919	
1587	 0.00752248871684959	 0.28559065095183905	
1588	 0.007487726788886456	 0.2833944846779983	
1589	 0.007459719505330303	 0.28162999510268577	
1590	 0.007435712818825658	 0.28012105818182714	
1591	 0.007418554709819875	 0.27904457547069356	
1592	 0.007403664297294714	 0.2781117099793999	
1593	 0.007388157047358875	 0.27714152912204143	
1594	 0.007370838911565291	 0.27605965726155846	
1595	 0.007338916297715504	 0.2740698752685628	
1596	 0.007298826873641041	 0.27157920668731333	
1597	 0.00724984329736675	 0.2685483225369622	
1598	 0.007194735515752226	 0.26515478403976783	
1599	 0.007136636233290405	 0.2615957469878822	
1600	 0.007079692982621388	 0.2581262183525878	
1601	 0.007025934525924908	 0.2548677638347012	
1602	 0.006982671692859551	 0.2522575169594586	
1603	 0.006952737732789676	 0.2504577590677433	
1604	 0.006926550527906825	 0.24888750214593958	
1605	 0.006902465080994246	 0.2474467619637953	
1606	 0.006881719639214069	 0.24620849713364493	
1607	 0.006866288684603418	 0.24528905840114104	
1608	 0.0068563107974297655	 0.24469526823251167	
1609	 0.0068514004854371355	 0.24440326395404469	
1610	 0.006850412017088879	 0.24434449901663235	
1611	 0.006850910646097526	 0.244374142053939	
1612	 0.006845000634022724	 0.24402288977410846	
1613	 0.006835605557402693	 0.24346492423517183	
1614	 0.006824873352829026	 0.242828173121617	
1615	 0.006815407133746046	 0.24226708779912642	
1616	 0.0068078668356052205	 0.24182052795178877	
1617	 0.006803256165322214	 0.2415476321420161	
1618	 0.006795482468969619	 0.24108780265666407	
1619	 0.0067836889923231095	 0.24039086459284753	
1620	 0.006772123956357546	 0.23970821025925682	
1621	 0.006760818411712522	 0.23904162383660132	
1622	 0.006744237935544625	 0.23806536553779425	
1623	 0.00672331341704144	 0.2368356121575179	
1624	 0.006703170106546297	 0.2356541789776653	
1625	 0.006684697626978678	 0.23457282071396668	
1626	 0.006668999259482485	 0.2336554202067167	
1627	 0.006664225397733155	 0.23337672459484946	
1628	 0.006663215260481105	 0.2333177703533514	
1629	 0.0066614992193772165	 0.2332176313823765	
1630	 0.006654462516344944	 0.23280718691299504	
1631	 0.006639318929987447	 0.23192485652297948	
1632	 0.00662228505158522	 0.23093399176259713	
1633	 0.00660755801396292	 0.23007868481083768	
1634	 0.006595456079399387	 0.22937678734368563	
1635	 0.006584373410675705	 0.22873475875745383	
1636	 0.006578475216543442	 0.22839336481205538	
1637	 0.006569517917552346	 0.22787529668617412	
1638	 0.006563494373872228	 0.22752717442831505	
1639	 0.0065659964301193145	 0.22767175141008245	
1640	 0.006573952746587037	 0.22813173746328538	
1641	 0.006579108427149594	 0.2284300059627596	
1642	 0.006582016911116045	 0.22859833751199732	
1643	 0.006582269472758605	 0.22861295712146912	
1644	 0.006582792380753208	 0.22864322700255	
1645	 0.006587658716788134	 0.22892500431549925	
1646	 0.006594567635259513	 0.22932529246866015	
1647	 0.00660141345162956	 0.22972220047673067	
1648	 0.006605423073818311	 0.22995479856974724	
1649	 0.006607743345940028	 0.23008944050810795	
1650	 0.006608858374786279	 0.23015415518718885	
1651	 0.006613273277556392	 0.23041046129579654	
1652	 0.006621251782930245	 0.2308739408781975	
1653	 0.006631183772244831	 0.23145142076913047	
1654	 0.006643356291464628	 0.23215995952050783	
1655	 0.006651228683323347	 0.23261865738464968	
1656	 0.006652484189490858	 0.2326918449987706	
1657	 0.006648351197670692	 0.23245095395479606	
1658	 0.006643243813869971	 0.23215340845271767	
1659	 0.006638859233031888	 0.2318980935645745	
1660	 0.0066421241438517666	 0.2320881991928324	
1661	 0.00664413398525208	 0.23220525700655778	
1662	 0.006644899587795927	 0.23224985367989626	
1663	 0.0066470577048405284	 0.23237558335201727	
1664	 0.006651804790516418	 0.23265223943827365	
1665	 0.0066596092879421176	 0.2331073650009363	
1666	 0.0066732109512355935	 0.23390140707673282	
1667	 0.00668707193664633	 0.23471169871178055	
1668	 0.00670545721453187	 0.23578820209453366	
1669	 0.0067304802495615	 0.23725652669298347	
1670	 0.006762066935642773	 0.239115201605032	
1671	 0.006798400691798419	 0.24126038020785368	
1672	 0.006843201431727681	 0.24391599714350856	
1673	 0.006892490390196953	 0.24685107723559815	
1674	 0.006940717465848089	 0.24973650029670233	
1675	 0.006980087260654563	 0.2521019265580448	
1676	 0.00701719906379043	 0.25433984714195085	
1677	 0.007053146649118836	 0.2565150993975572	
1678	 0.007089920145436531	 0.2587479896270624	
1679	 0.007128037308558657	 0.26107063065064345	
1680	 0.007167887103875777	 0.2635077172559838	
1681	 0.0072097768238855815	 0.26607931500424026	
1682	 0.00725495865329605	 0.26886420139182887	
1683	 0.007307641129471376	 0.27212603704577515	
1684	 0.007364353333946882	 0.27565493599433916	
1685	 0.007419304385275789	 0.27909157472325247	
1686	 0.007463801600183444	 0.2818868970861392	
1687	 0.007503730399361521	 0.284404707906649	
1688	 0.007541947044850811	 0.286822935217905	
1689	 0.007577180959000283	 0.2890596750112615	
1690	 0.007613829398112916	 0.291393580825151	
1691	 0.007649091706130066	 0.29364629410314497	
1692	 0.007678788285174536	 0.2955488229652416	
1693	 0.007701228440597106	 0.2969897230337281	
1694	 0.007718655463774137	 0.29811065887245275	
1695	 0.007732247811337113	 0.29898611396166697	
1696	 0.007737686518223567	 0.2993366974533936	
1697	 0.007738876921544381	 0.29941345374456446	
1698	 0.0077477898734068865	 0.29998840411181416	
1699	 0.007757489420135979	 0.30061459680095676	
1700	 0.0077503763751572766	 0.30015533491521407	
1701	 0.007716593352104116	 0.2979779322325234	
1702	 0.007668439176670578	 0.2948852433289905	
1703	 0.007628391675299988	 0.2923230427708842	
1704	 0.007598704394267513	 0.2904294558222948	
1705	 0.007572832944550853	 0.28878327599343107	
1706	 0.007547387341417728	 0.28716784548733054	
1707	 0.007521786803120931	 0.28554623884053026	
1708	 0.0074934982257742954	 0.28375863916346344	
1709	 0.007464787958170586	 0.28194898645539446	
1710	 0.007438020540108251	 0.2802659687902328	
1711	 0.007414391659353452	 0.278783639797996	
1712	 0.0073927363877229375	 0.2774278855108717	
1713	 0.007370217452924999	 0.276020865920058	
1714	 0.00734444890047037	 0.2744143177562654	
1715	 0.007309598576901796	 0.27224753543406194	
1716	 0.0072779175227436045	 0.2702837654808206	
1717	 0.007253999381117786	 0.2688049539646779	
1718	 0.00723393589494466	 0.26756697235076005	
1719	 0.00721855110310875	 0.26661923027570966	
1720	 0.007212886019577807	 0.26627058573680445	
1721	 0.007211098326056105	 0.266160604130543	
1722	 0.007215661488876927	 0.26644137281163405	
1723	 0.007227566369864937	 0.26717443033107874	
1724	 0.007244955681446922	 0.2682466456551056	
1725	 0.007261004640795254	 0.26923773926942535	
1726	 0.007269761001242166	 0.26977909921623716	
1727	 0.0072696136541222514	 0.26976998591693485	
1728	 0.007265989178288611	 0.26954585381197943	
1729	 0.007260520976421016	 0.2692078495095094	
1730	 0.007255546528662946	 0.2689005128577198	
1731	 0.007251176362255571	 0.26863062644950647	
1732	 0.007245960091077643	 0.2683086294630614	
1733	 0.007241663382101122	 0.2680435124884422	
1734	 0.007238175729136818	 0.2678283932501314	
1735	 0.0072329133565383775	 0.2675039396721054	
1736	 0.007226032392022874	 0.26707992856758406	
1737	 0.007217637574865037	 0.26656299694047636	
1738	 0.007215840485429667	 0.2664523887759301	
1739	 0.007219778307598318	 0.26669477979926076	
1740	 0.007224897979958524	 0.2670100509312909	
1741	 0.007243201342992396	 0.26813839621895935	
1742	 0.007261510891752428	 0.26926902626933596	
1743	 0.0072800393409082325	 0.2704151099970746	
1744	 0.0072988471795882946	 0.2715804659486202	
1745	 0.00731787700004051	 0.2727616154251919	
1746	 0.007337020900243275	 0.27395191356828547	
1747	 0.007356178320001446	 0.27514512680657155	
1748	 0.007375225229361708	 0.27633351246802845	
1749	 0.00739408967734312	 0.2775125323783285	
1750	 0.007400637811093852	 0.2779222572699675	
1751	 0.0073979079833079225	 0.2777514191538109	
1752	 0.007389495820624194	 0.2772252333705925	
1753	 0.007378398901597172	 0.27653172512308055	
1754	 0.007363356953257041	 0.2755927796275353	
1755	 0.007348546569449309	 0.2746695373018206	
1756	 0.007336258002105098	 0.2739044396766862	
1757	 0.00732522764623366	 0.27321840668960645	
1758	 0.007312767237926282	 0.27244425959793345	
1759	 0.007299379615659061	 0.27161348549007963	
1760	 0.0072862872954194535	 0.2708020182998156	
1761	 0.00727409485282296	 0.27004719947776346	
1762	 0.007268819668123061	 0.2697208806494812	
1763	 0.007268062520546161	 0.2696740570408482	
1764	 0.007273718989464131	 0.2700239436406116	
1765	 0.00728317384813454	 0.2706091885639493	
1766	 0.007295328532375426	 0.2713622939873195	
1767	 0.007308634235806386	 0.27218767625525503	
1768	 0.007321306112567401	 0.2729746727461849	
1769	 0.007331052051979713	 0.273580569856574	
1770	 0.007337840079429851	 0.27400289340071743	
1771	 0.007342586473473686	 0.2742983495742031	
1772	 0.00734502399229802	 0.2744501310969982	
1773	 0.007345797881036268	 0.2744983272919638	
1774	 0.007347736045287892	 0.27461904702024714	
1775	 0.007348919724139392	 0.2746927836131724	
1776	 0.007349805904861007	 0.27474799291442625	
1777	 0.007348763936117746	 0.27468307843551065	
1778	 0.007345633785603885	 0.2744881074839804	
1779	 0.007340171838090119	 0.2741480260932705	
1780	 0.007330666486566308	 0.27355658936111543	
1781	 0.007320349610895519	 0.27291523677577484	
1782	 0.007309233828823028	 0.2722248939459032	
1783	 0.007299275074072695	 0.27160700211510136	
1784	 0.007291168780671277	 0.2711044611377672	
1785	 0.007283817393460312	 0.27064904170382614	
1786	 0.007283190697201847	 0.2706102319542905	
1787	 0.007284143082363184	 0.2706692116912783	
1788	 0.0072793189821316615	 0.2703705155785548	
1789	 0.0072716829799544785	 0.2698979833122442	
1790	 0.0072666512061290165	 0.2695867870500837	
1791	 0.0072671561040663895	 0.2696180066039295	
1792	 0.00727269491648415	 0.26996058511945975	
1793	 0.007285251372415104	 0.2707378528490005	
1794	 0.0072994451419568715	 0.27161754927822174	
1795	 0.007308589743844352	 0.27218491464964506	
1796	 0.00731517391785652	 0.2725937146623724	
1797	 0.007321152344631802	 0.27296511742518287	
1798	 0.007328434654944151	 0.27341779564059066	
1799	 0.0073384943261137255	 0.2740436117433987	
1800	 0.007351364869942731	 0.27484512763604224	
1801	 0.007367022649801501	 0.275821481278031	
1802	 0.007383889170133901	 0.27687475572533965	
1803	 0.0073988799584808595	 0.27781224249903685	
1804	 0.007412494435438885	 0.2786647561687406	
1805	 0.007422599161653029	 0.2792981710092328	
1806	 0.007430097024042424	 0.27976854628962683	
1807	 0.0074356000900771945	 0.28011398028234863	
1808	 0.007439493898220681	 0.28035850223626385	
1809	 0.007442012424902974	 0.28051670521213073	
1810	 0.007443676075222279	 0.28062122812296203	
1811	 0.007438331223068077	 0.2802854800460823	
1812	 0.007423999121950007	 0.27938597289724326	
1813	 0.007400648370616776	 0.2779229181877419	
1814	 0.007372672205937181	 0.27617410388476915	
1815	 0.007346983883612377	 0.2745721956561033	
1816	 0.007327924486730381	 0.2733860731245467	
1817	 0.007317931996085702	 0.27276503190962387	
1818	 0.007324478559495464	 0.27317184219621465	
1819	 0.00733719785685802	 0.27396292575647885	
1820	 0.007349640685890787	 0.274737699390827	
1821	 0.007359930972885817	 0.2753791024016069	
1822	 0.007366370897809841	 0.27578081313048736	
1823	 0.007368894732252101	 0.2759383091827133	
1824	 0.007370039866015571	 0.27600978137627724	
1825	 0.007370663941412425	 0.27604873543415903	
1826	 0.007370505187716094	 0.27603882600518687	
1827	 0.007368558516887072	 0.2759173260973428	
1828	 0.007364293464488452	 0.27565120105064905	
1829	 0.00735905014194133	 0.2753241759901449	
1830	 0.007354551083374344	 0.2750436943338798	
1831	 0.007351433806504348	 0.2748494231960359	
1832	 0.0073503743183928	 0.2747834075691174	
1833	 0.007350345650767226	 0.27478162140665824	
1834	 0.007353777521665054	 0.2749954802398124	
1835	 0.007357774563168448	 0.2752446418619154	
1836	 0.007354849206006525	 0.2750622764465336	
1837	 0.007345324510226465	 0.27446884633191493	
1838	 0.0073233168367740804	 0.27309963383468133	
1839	 0.007291347377809409	 0.2711155290652117	
1840	 0.0072565739235866756	 0.26896397696308305	
1841	 0.007230324525087721	 0.26734438202422806	
1842	 0.007219400418326331	 0.26667151515650794	
1843	 0.0072150264133387515	 0.26640228990052994	
1844	 0.00721370312725381	 0.26632086148741607	
1845	 0.007214478196430147	 0.26636855416337474	
1846	 0.0072192690567482	 0.2666634281094365	
1847	 0.00722677874932277	 0.2671259067536857	
1848	 0.0072357172049947165	 0.26767679243217335	
1849	 0.007244522066245967	 0.26821988830195886	
1850	 0.007252299294041533	 0.2686999644955833	
1851	 0.007259659090355934	 0.26915458948552545	
1852	 0.0072680102734772115	 0.2696708260914604	
1853	 0.007276551325931221	 0.27019920884962384	
1854	 0.007285271558899714	 0.27073910314915445	
1855	 0.0072941573376648925	 0.2712896902030168	
1856	 0.007303322692183246	 0.2718580691969262	
1857	 0.007311120277525852	 0.2723420020880883	
1858	 0.007321399465070677	 0.27298047384618646	
1859	 0.00733186600661959	 0.27363119706393774	
1860	 0.007341451806486203	 0.2742277066087308	
1861	 0.0073512546892425595	 0.2748382621360416	
1862	 0.0073622132738133846	 0.2755214413597379	
1863	 0.007374407333784937	 0.2762824397672648	
1864	 0.007388207796596545	 0.2771447019370938	
1865	 0.007429231030833121	 0.27971420239440736	
1866	 0.007469592635092615	 0.28225150998730564	
1867	 0.007509719332325078	 0.28478312720486015	
1868	 0.00754976361989811	 0.28731855158701075	
1869	 0.007569420165074911	 0.28856640304179954	
1870	 0.007580860232590529	 0.2892936454384177	
1871	 0.007587253028458144	 0.2897003528060415	
1872	 0.0075903870059651135	 0.2898998188023846	
1873	 0.007591082931580921	 0.2899441193269574	
1874	 0.007592140668298283	 0.29001145683948126	
1875	 0.00759570328667707	 0.2902383058475388	
1876	 0.007600820324412587	 0.29056425631970667	
1877	 0.0076069499859792705	 0.29095490259490847	
1878	 0.007612650923631677	 0.2913184144921743	
1879	 0.007621928495717024	 0.29191037328350306	
1880	 0.007631542392739143	 0.2925242984100344	
1881	 0.007640885461796761	 0.29312142320457146	
1882	 0.0076517412010170295	 0.2938158358410971	
1883	 0.007661971789788781	 0.2944708607071654	
1884	 0.00766668535568847	 0.29477284833634526	
1885	 0.007666613655097534	 0.2947682537124304	
1886	 0.007662741925078167	 0.29452019309094574	
1887	 0.007728454179236297	 0.2987416706378035	
1888	 0.00784331750788379	 0.30617829830326	
1889	 0.007917777662783298	 0.31103809387719045	
1890	 0.007915993916228513	 0.3109213162729421	
1891	 0.007915375126694633	 0.3108808097058528	
1892	 0.007913806114231774	 0.3107781100807882	
1893	 0.007912296808534246	 0.3106793313672634	
1894	 0.007912372111358383	 0.3106842593727544	
1895	 0.007912748643509146	 0.31070890104918647	
1896	 0.007910527818653514	 0.31056357323205186	
1897	 0.007907358881808213	 0.3103562493235619	
1898	 0.007905189206567062	 0.31021433285264827	
1899	 0.007900992328501617	 0.3099398925910492	
1900	 0.007898485996125882	 0.30977604603172476	
1901	 0.007897900205006211	 0.3097377560837501	
1902	 0.00789742817252853	 0.30970690329084327	
1903	 0.007897558075685176	 0.3097153938450005	
1904	 0.007900007128060016	 0.30987548291220485	
1905	 0.007901909327740186	 0.3099998482753032	
1906	 0.00790675769258889	 0.310316923486828	
1907	 0.007915058705450352	 0.3108600972779805	
1908	 0.0079279839210793	 0.3117066103663652	
1909	 0.007951957112672013	 0.313279126972586	
1910	 0.007976589032527234	 0.31489814796620064	
1911	 0.008001279240258013	 0.31652434847853855	
1912	 0.008007585813683608	 0.3169402629008831	
1913	 0.008009330066142973	 0.31705533378170125	
1914	 0.008011336035816625	 0.3171876911853501	
1915	 0.008009878035541934	 0.3170914875717953	
1916	 0.008008407022387271	 0.3169944371563454	
1917	 0.008007552028426582	 0.3169380342031137	
1918	 0.00800802125803616	 0.316968988235498	
1919	 0.008010212593257404	 0.31711356174907906	
1920	 0.00801532790293864	 0.3174511473263528	
1921	 0.008019008905943826	 0.3176941645208991	
1922	 0.00802110962117161	 0.3178328855800139	
1923	 0.008020861372148094	 0.31781649115471583	
1924	 0.008014802536319319	 0.31741646906277593	
1925	 0.008010394169546216	 0.317125542442076	
1926	 0.008003387287626671	 0.31666334852606526	
1927	 0.007996070322847137	 0.31618098851279924	
1928	 0.007990517724865405	 0.3158151380724596	
1929	 0.007987930154940304	 0.31564470574097797	
1930	 0.007989514648472511	 0.3157490652879258	
1931	 0.007996022412439373	 0.31617783105977953	
1932	 0.008001112948337	 0.3165133845906129	
1933	 0.008001706559837679	 0.3165525230273272	
1934	 0.007997088793142456	 0.3162481120296498	
1935	 0.007987885041316886	 0.31564173462303186	
1936	 0.007975240580570432	 0.314809429782307	
1937	 0.007964449819765277	 0.31409983761968546	
1938	 0.007953528749055984	 0.31338232867575855	
1939	 0.007937085388498634	 0.31230324651118263	
1940	 0.007920438449835861	 0.31121232181317954	
1941	 0.007907722347190903	 0.31038002580042073	
1942	 0.007897391321790927	 0.3097044947198026	
1943	 0.007886363002048088	 0.30898401839649686	
1944	 0.007874416147481541	 0.30820429208929445	
1945	 0.007863589570159025	 0.3074983629040085	
1946	 0.007856473440825228	 0.3070347201093912	
1947	 0.00785442017646899	 0.30690099418041467	
1948	 0.007858642678821874	 0.3071760245345958	
1949	 0.007865258791890454	 0.3076071595425909	
1950	 0.007873586401038886	 0.3081501669267152	
1951	 0.007883722452765638	 0.3088116118290473	
1952	 0.007894400556766858	 0.3095090427443758	
1953	 0.007903625174080468	 0.31011204702426687	
1954	 0.007917211884033167	 0.31100105180136334	
1955	 0.007932255485336168	 0.31198657097707805	
1956	 0.00794451662000368	 0.3127907306507468	
1957	 0.007958678914516508	 0.31372061021865516	
1958	 0.007978140875630112	 0.3150002601611748	
1959	 0.008000448645583578	 0.3164695875807206	
1960	 0.008013061427429536	 0.3173015532318317	
1961	 0.008026695824423625	 0.3182018892302179	
1962	 0.00804532361744489	 0.319433608810558	
1963	 0.008064499285361874	 0.32070354281383895	
1964	 0.008076287873095707	 0.3214852577481564	
1965	 0.008082193048410524	 0.3218771229000084	
1966	 0.008084776550744742	 0.32204862315475286	
1967	 0.008084352623291912	 0.3220204791350668	
1968	 0.008084839467580082	 0.3220528002095399	
1969	 0.008083356404422475	 0.32195434526817507	
1970	 0.008083412068354447	 0.32195804036812553	
1971	 0.00808581311877734	 0.3221174437692839	
1972	 0.00809328267298099	 0.32261354199572806	
1973	 0.008096655832627867	 0.3228376739917653	
1974	 0.008098421199651	 0.3229549998803604	
1975	 0.008098887052994294	 0.3229859632306071	
1976	 0.008096647601856419	 0.3228371270165153	
1977	 0.008092297662955992	 0.32254810404885254	
1978	 0.008084998604776685	 0.3220633654401484	
1979	 0.008065553207070145	 0.32077339859727133	
1980	 0.00804582901647712	 0.31946705366725076	
1981	 0.008028514121346489	 0.3183220360537709	
1982	 0.008010965390195525	 0.3171632336718077	
1983	 0.007987997026008109	 0.3156491097933025	
1984	 0.007961204473064332	 0.31388655140569016	
1985	 0.007935678061586108	 0.3122109610006228	
1986	 0.007917081991199922	 0.31099254784242975	
1987	 0.007898645105707282	 0.3097864464780878	
1988	 0.007875251113202173	 0.3082587615487066	
1989	 0.007847508677079814	 0.306451030177635	
1990	 0.007816340530135751	 0.3044251516006346	
1991	 0.007787981551709079	 0.3025865373150313	
1992	 0.007765206036161883	 0.3011131465191653	
1993	 0.007747149782538501	 0.29994709888085663	
1994	 0.0077349398875853235	 0.2991596268570797	
1995	 0.007724300687172611	 0.2984741313964941	
1996	 0.0077220814100782825	 0.29833122021486996	
1997	 0.0077190537188753	 0.2981362950585013	
1998	 0.007718495270191304	 0.2981003472570045	
1999	 0.007717997386618331	 0.29806829954357855	
2000	 0.007716242802085717	 0.29795537163203023	
2001	 0.007714441086737311	 0.29783942811819847	
2002	 0.007719187617138359	 0.2981449144576185	
2003	 0.0077257544155410985	 0.29856775962023646	
2004	 0.007735913627990606	 0.2992223974461861	
2005	 0.007744878096474589	 0.29980052475127317	
2006	 0.007754180121698791	 0.30040089322305236	
2007	 0.007773158046439521	 0.30162725009094693	
2008	 0.007790725630160302	 0.3027642510371236	
2009	 0.007807576596660915	 0.3038564787229267	
2010	 0.007812446758087458	 0.30417244056573817	
2011	 0.007809185765956195	 0.30396086239452264	
2012	 0.007800195862421754	 0.3033778886588675	
2013	 0.007785697527681887	 0.30243864975426665	
2014	 0.0077683596446736424	 0.30131698775688953	
2015	 0.0077492054248437655	 0.3000797580946013	
2016	 0.007729636580687201	 0.2988178502959814	
2017	 0.007710193715082097	 0.2975661738082544	
2018	 0.007687849448324273	 0.2961303099658555	
2019	 0.0076651936147164295	 0.29467726243566766	
2020	 0.0076417593654242435	 0.2931773001580193	
2021	 0.007620648182264146	 0.2918286538404302	
2022	 0.007602303933178253	 0.29065878816111446	
2023	 0.007585441964997439	 0.289585110399938	
2024	 0.007568398679605049	 0.2885015030622994	
2025	 0.00755460965132087	 0.2876259900459604	
2026	 0.00755267136539096	 0.28750300691500236	
2027	 0.0075579614683300034	 0.2878387105574847	
2028	 0.007569231990742816	 0.2885544469652435	
2029	 0.007591004145253158	 0.2899391038911726	
2030	 0.007613302919106968	 0.29135999959230935	
2031	 0.007636244141746534	 0.29282473096421796	
2032	 0.007659640825982885	 0.2943215668247963	
2033	 0.0076834837212052505	 0.29585008868985024	
2034	 0.0077076580897404165	 0.29740309238552015	
2035	 0.007732103064755916	 0.29897678572387015	
2036	 0.007756609156776235	 0.30055774636231164	
2037	 0.007773600504918784	 0.30165586567330516	
2038	 0.007783552287824652	 0.3022997746241271	
2039	 0.007794024602234628	 0.3029779563733902	
2040	 0.007807123464137212	 0.3038270874883037	
2041	 0.007815069485501449	 0.30434264986814136	
2042	 0.007817390979935616	 0.30449334158108093	
2043	 0.007817034976604015	 0.30447023092971315	
2044	 0.007816970877258784	 0.30446606987010444	
2045	 0.007812694048822594	 0.30418848757004824	
2046	 0.0078050626935433215	 0.30369343543777727	
2047	 0.007794909340925377	 0.3030352794460441	
2048	 0.007783185311843366	 0.302276020471598	
2049	 0.007771198119286474	 0.3015005067203851	
2050	 0.007761179100877621	 0.30085293587997314	
2051	 0.0077441134316364145	 0.29975119335828443	
2052	 0.0077210726250661905	 0.29826626817618135	
2053	 0.007697235270410019	 0.2967331134264365	
2054	 0.007675371299373111	 0.29532966157972423	
2055	 0.007658418536982366	 0.2942432935989231	
2056	 0.007646411710587299	 0.29347484044645444	
2057	 0.007638054682740243	 0.2929404538836146	
2058	 0.007639631124625357	 0.29304122896986123	
2059	 0.007649204698429019	 0.2936535237051468	
2060	 0.007666780752928501	 0.2947789615024872	
2061	 0.007683569710369322	 0.29585560701930486	
2062	 0.007696767713861307	 0.2967030730512589	
2063	 0.007708525490337454	 0.29745887614711203	
2064	 0.007718606652516471	 0.2981075168905409	
2065	 0.007727229917110175	 0.2986628021707337	
2066	 0.007736695715531333	 0.2992728172600548	
2067	 0.007748032976505548	 0.3000040922143889	
2068	 0.0077515113087824146	 0.30022859437034916	
2069	 0.00775738682882533	 0.30060797087946284	
2070	 0.0077666104020879066	 0.3012039143479219	
2071	 0.007776212040032225	 0.30182478634701476	
2072	 0.007785237035588828	 0.30240883699812593	
2073	 0.007792869149841374	 0.3029031000308859	
2074	 0.0077999488136834645	 0.3033618744598501	
2075	 0.007808439334037152	 0.3039124410294633	
2076	 0.007811232626516633	 0.3040936589661246	
2077	 0.0078081904125388716	 0.30389629406909263	
2078	 0.0078042307270398065	 0.30363948460311624	
2079	 0.007800130113435697	 0.3033736266435544	
2080	 0.007796536220357815	 0.30314069785424197	
2081	 0.007790070581423187	 0.30272182456937824	
2082	 0.007779485868138134	 0.30203659922912324	
2083	 0.007761881917945892	 0.30089834370569346	
2084	 0.007742884438735662	 0.29967191322644343	
2085	 0.007723432931483328	 0.29841824868358596	
2086	 0.007702771624563281	 0.29708891508553953	
2087	 0.007680319298152465	 0.2956470414034556	
2088	 0.0076545759880004925	 0.29399727780269796	
2089	 0.0076233656116479415	 0.2920021119674195	
2090	 0.007592620038571655	 0.29004197651401115	
2091	 0.007562471447615867	 0.2881250322109706	
2092	 0.007529668384940037	 0.286045087957436	
2093	 0.007494778186138017	 0.2838394248612727	
2094	 0.007463896541519805	 0.2818928732257397	
2095	 0.007434023558194806	 0.28001500207752583	
2096	 0.007407885233945687	 0.27837601941067663	
2097	 0.007386655765436154	 0.27704767635591826	
2098	 0.007365168219346178	 0.275705774462995	
2099	 0.007335463369224094	 0.2738549944837318	
2100	 0.007305203154153336	 0.2719747427205033	
2101	 0.007268802178997724	 0.26971979904826765	
2102	 0.007228581932489132	 0.26723700212450135	
2103	 0.007187005620756308	 0.26468015817811513	
2104	 0.007149480321547526	 0.26238089142501797	
2105	 0.007108812680487868	 0.25989815449236164	
2106	 0.007071056633606644	 0.257601628393423	
2107	 0.007041740304237889	 0.2558240787088835	
2108	 0.007007588073830945	 0.2537595250121289	
2109	 0.006971577230720078	 0.2515898692192468	
2110	 0.006935642376827284	 0.24943222675113244	
2111	 0.006895220590051709	 0.24701406664390654	
2112	 0.006850690679549674	 0.2443610650670778	
2113	 0.006808566807341158	 0.2418619685723754	
2114	 0.006770370089904723	 0.23960475185228203	
2115	 0.006737898150444454	 0.23769250149727764	
2116	 0.006710797857679935	 0.23610127916342075	
2117	 0.006684776643335851	 0.23457744200572136	
2118	 0.006661346221994228	 0.2332087041091705	
2119	 0.006633138884377605	 0.2315651656567734	
2120	 0.006607305781382992	 0.2300640468760948	
2121	 0.006588021107256415	 0.22894599350257896	
2122	 0.006569190840246238	 0.22785638824617074	
2123	 0.006549780400491573	 0.2267353889067816	
2124	 0.006531389972879158	 0.22567533888090108	
2125	 0.006512892875532423	 0.2246111455852334	
2126	 0.006495598519591968	 0.2236179704965292	
2127	 0.006479934212365667	 0.22271992543037364	
2128	 0.006469538700155037	 0.22212474207965036	
2129	 0.00646458287059798	 0.22184122592136393	
2130	 0.0064611887162478124	 0.2216471346213379	
2131	 0.0064682191751828395	 0.22204923973178925	
2132	 0.006476448460779186	 0.22252028165494694	
2133	 0.006481971194421763	 0.2228366251820444	
2134	 0.0064807918116802496	 0.22276905475671463	
2135	 0.006475236376499547	 0.22245087722989157	
2136	 0.006467131337865443	 0.2219870021202596	
2137	 0.0064560338002743285	 0.2213524859327619	
2138	 0.006444194921522193	 0.22067638376249554	
2139	 0.006433006164646639	 0.2200381697913871	
2140	 0.0064220085719372145	 0.2194115806904299	
2141	 0.0064147442052244754	 0.21899808463601056	
2142	 0.006410737179873742	 0.21877013370581347	
2143	 0.006408106909659855	 0.21862055499918512	
2144	 0.006405983794717832	 0.21849984714411552	
2145	 0.006402512700922169	 0.21830255856371703	
2146	 0.0063993724072690305	 0.21812413328884103	
2147	 0.006395938574306344	 0.21792909649083547	
2148	 0.006394941606835112	 0.2178724832383743	
2149	 0.006400545643011623	 0.21819078739493405	
2150	 0.00640835035653829	 0.21863439766400702	
2151	 0.00641886768395547	 0.21923275947138277	
2152	 0.0064264751337046585	 0.2196659773619519	
2153	 0.006431810694924467	 0.21997002314574443	
2154	 0.00643953817730559	 0.22041067021854163	
2155	 0.006450327457338848	 0.22102650121544498	
2156	 0.006461272106081542	 0.22165190237074914	
2157	 0.006470547418251136	 0.22218246718756954	
2158	 0.00647908632786143	 0.2226713568979399	
2159	 0.006486902809626125	 0.22311926121257344	
2160	 0.006495282908527538	 0.22359986203882745	
2161	 0.006503352169189638	 0.22406302704220718	
2162	 0.006506790895334523	 0.22426052190418533	
2163	 0.00650577634888405	 0.22420224666151167	
2164	 0.006496133879381794	 0.2236486885687358	
2165	 0.0064872169061235135	 0.2231372672655921	
2166	 0.006479911110479024	 0.22271860205162028	
2167	 0.006474469084012101	 0.22240694623518584	
2168	 0.006470768597549909	 0.22219512524132376	
2169	 0.006467556049816855	 0.22201130001263095	
2170	 0.006468261966130099	 0.22205168804046127	
2171	 0.006467082552142243	 0.22198421114317832	
2172	 0.006455984683621629	 0.22134967923907015	
2173	 0.006435525794595102	 0.22018182661579852	
2174	 0.0064093000995579606	 0.21868840447785953	
2175	 0.0063792573038405475	 0.21698261751324532	
2176	 0.006349945919846379	 0.2153235124694195	
2177	 0.006321142260198509	 0.21369811207765224	
2178	 0.0063078502239447215	 0.21294969997882032	
2179	 0.006301351034702475	 0.21258414357730612	
2180	 0.006294439909817728	 0.21219569291843976	
2181	 0.006287169697855041	 0.21178736597764272	
2182	 0.006277379957038437	 0.21123802841099618	
2183	 0.006262044978122268	 0.2103786751361775	
2184	 0.006247587886085104	 0.20956980128202948	
2185	 0.00623651449076603	 0.2089510883835596	
2186	 0.00622836376569408	 0.20849614387333362	
2187	 0.0062221373600216115	 0.2081488753176033	
2188	 0.0062264515337750286	 0.20838946733337171	
2189	 0.006233342383579295	 0.20877398548769288	
2190	 0.00624331551984277	 0.20933100116418615	
2191	 0.006254917868749136	 0.20997975781778377	
2192	 0.006265952836187367	 0.21059753362180533	
2193	 0.0062776478079589765	 0.2112530508952949	
2194	 0.006294160417003008	 0.21217998956370057	
2195	 0.00630953135903584	 0.213044298773304	
2196	 0.00631213243661749	 0.21319069657010667	
2197	 0.0063064592705962125	 0.21287144264466784	
2198	 0.0063004307798831425	 0.2125324028056297	
2199	 0.00629637387975985	 0.21230436610891423	
2200	 0.006290683564639777	 0.21198468084259817	
2201	 0.006286404212411715	 0.2117443912704564	
2202	 0.0062919050606467354	 0.21205328896708056	
2203	 0.006304317380640868	 0.2127509588769327	
2204	 0.006315770549744617	 0.21339552985022867	
2205	 0.006324338740536057	 0.21387824749181514	
2206	 0.006330121593058812	 0.21420429035368807	
2207	 0.006336616896879498	 0.21457073875620306	
2208	 0.006346120463522425	 0.21510735701446926	
2209	 0.006358985756030342	 0.21583464879438527	
2210	 0.006372598768887628	 0.2166052790195009	
2211	 0.006388658982054776	 0.21751585690237699	
2212	 0.0064076767763406066	 0.2185960979891598	
2213	 0.006424092024290325	 0.2195302307467657	
2214	 0.006438225844528662	 0.22033581171955288	
2215	 0.006452093311884033	 0.2211273581796254	
2216	 0.006467510547673367	 0.22200869677109206	
2217	 0.006486919918625351	 0.22312024199665884	
2218	 0.006508616614097663	 0.2243654058995422	
2219	 0.006533294988041145	 0.22578505435763507	
2220	 0.0065585799852451365	 0.22724331195107814	
2221	 0.006575513289576827	 0.2282220021707835	
2222	 0.006588453090427757	 0.2289710144146223	
2223	 0.006599400610329623	 0.22960547109796262	
2224	 0.006606789477892102	 0.23003408514875737	
2225	 0.006613104680918535	 0.23040067136339903	
2226	 0.006619102445531307	 0.23074904699703236	
2227	 0.006624081729197039	 0.23103842486274653	
2228	 0.006625857437704324	 0.23114165767579176	
2229	 0.006627478968033312	 0.23123594327978236	
2230	 0.0066298267900084555	 0.2313724871395054	
2231	 0.006633609444376685	 0.23159254532390428	
2232	 0.006638227526182421	 0.23186131842933824	
2233	 0.006640102051927703	 0.23197045170789043	
2234	 0.0066404170885332025	 0.23198879488465715	
2235	 0.006638944669445355	 0.23190306746789602	
2236	 0.006636320583247725	 0.23175031892886513	
2237	 0.006636696646613707	 0.23177220717505584	
2238	 0.0066418877101306634	 0.23207443029795424	
2239	 0.00664983077696152	 0.23253717962699624	
2240	 0.00665581896929266	 0.2328862850747687	
2241	 0.006658884179630211	 0.23306506473329072	
2242	 0.0066632716300633445	 0.2333210600720577	
2243	 0.006669811023735159	 0.23370282382403199	
2244	 0.0066707912660581474	 0.23376007097855722	
2245	 0.0066699921777430456	 0.23371340298095414	
2246	 0.006670735284135899	 0.23375680142601865	
2247	 0.0066743880275491035	 0.23397017357095182	
2248	 0.006672546904136474	 0.23386261605595252	
2249	 0.00667384485832405	 0.23393843983749754	
2250	 0.006683906528819485	 0.23452655514432486	
2251	 0.006692191908533916	 0.235011287725625	
2252	 0.006697832981519372	 0.2353415453120005	
2253	 0.006703290196921888	 0.2356612154413619	
2254	 0.006710389543076683	 0.23607733724003277	
2255	 0.006720540429327775	 0.23667283231269895	
2256	 0.006734162931068635	 0.23747293016424598	
2257	 0.0067511977098189645	 0.23847496236732932	
2258	 0.006771020701205813	 0.23964312852168257	
2259	 0.006794312999664872	 0.24101865657023558	
2260	 0.006820175353067659	 0.24254964660622205	
2261	 0.006846637977487477	 0.24412018247041622	
2262	 0.006869550146528846	 0.24548327481619991	
2263	 0.006888319245816776	 0.2466021484000638	
2264	 0.006904099414180287	 0.24754441846945544	
2265	 0.00691919105661598	 0.24844691929459792	
2266	 0.006937708818200607	 0.24955610094431321	
2267	 0.006951240159547747	 0.2503678539775573	
2268	 0.006959917246916969	 0.25088895225527064	
2269	 0.006964457373728292	 0.2511617800493223	
2270	 0.006961345503926164	 0.2509747670724019	
2271	 0.006957616312697743	 0.25075072854347674	
2272	 0.00695771490935828	 0.2507566509025469	
2273	 0.006958110387418433	 0.25078040645880695	
2274	 0.006968982048374617	 0.25143379727530124	
2275	 0.006982579189836235	 0.2522519473434726	
2276	 0.006994043320928399	 0.2529425784260719	
2277	 0.007001597908465242	 0.25339810052511286	
2278	 0.007004953143652655	 0.25360051765829617	
2279	 0.0070049628860693325	 0.25360110550021486	
2280	 0.007000982601858761	 0.25336098686431546	
2281	 0.0069974149258008825	 0.25314583697597537	
2282	 0.006994648754045548	 0.25297907239325945	
2283	 0.006992056352018994	 0.2528228237957427	
2284	 0.006986698818619944	 0.25250003827322043	
2285	 0.00698213421020717	 0.25222515576438725	
2286	 0.0069753443938518084	 0.2518164919647756	
2287	 0.006966680711160069	 0.2512954293245165	
2288	 0.0069585660694126295	 0.25080777945807486	
2289	 0.006952792534331827	 0.25046104926028556	
2290	 0.006952539951986915	 0.2504458847843452	
2291	 0.006951215202796725	 0.25036635583703976	
2292	 0.0069502498146963776	 0.25030840685395817	
2293	 0.006948327376200984	 0.2501930253540929	
2294	 0.006944303351945667	 0.24995157913235835	
2295	 0.006940284121693912	 0.24971051364601246	
2296	 0.006936777129145715	 0.24950024718297426	
2297	 0.006931318137270716	 0.2491730869665277	
2298	 0.006933273221158329	 0.24929023642246265	
2299	 0.006945776328401673	 0.250039948645068	
2300	 0.006962784432051432	 0.2510612349189762	
2301	 0.006978714760336074	 0.2520193136234843	
2302	 0.0069918222253723475	 0.2528087144750442	
2303	 0.007003337418934707	 0.25350303494090415	
2304	 0.007014240640475056	 0.254161157805598	
2305	 0.007026957237192596	 0.2549295987360262	
2306	 0.007039998949653334	 0.255718649347429	
2307	 0.007052500639235652	 0.2564759428247707	
2308	 0.00706238037897974	 0.25707504441829093	
2309	 0.0070694241740657995	 0.25750251735162677	
2310	 0.0070784185860960445	 0.2580487819868042	
2311	 0.007097188839549965	 0.2591902613323403	
2312	 0.007116964545314355	 0.26039506456145906	
2313	 0.007135772501951493	 0.26154298185644304	
2314	 0.007151699558842999	 0.26251664621179616	
2315	 0.007170075658163017	 0.26364182456641455	
2316	 0.007175444031842653	 0.26397089618241515	
2317	 0.0071691142239177184	 0.263582907719716	
2318	 0.007157785581802539	 0.2628890834401492	
2319	 0.007145383190774316	 0.26213033627684135	
2320	 0.007132111511805999	 0.2613193801555592	
2321	 0.007123226708143174	 0.2607770426033746	
2322	 0.007124911613815465	 0.26087985634657923	
2323	 0.007120032887274781	 0.26058219863012394	
2324	 0.0071118102325438345	 0.2600808309763013	
2325	 0.007103267348081535	 0.2595603468203667	
2326	 0.00709546187266666	 0.2590851547657649	
2327	 0.007089060980540361	 0.258695732759767	
2328	 0.007085974405788419	 0.2585080332823038	
2329	 0.00708839088591997	 0.2586549786182193	
2330	 0.007096466204856347	 0.2591462783032141	
2331	 0.007108985696390418	 0.25990869701204633	
2332	 0.00712154767698781	 0.2606746034528407	
2333	 0.00713621347641461	 0.2615699203441228	
2334	 0.007156127375759571	 0.26278758775683764	
2335	 0.007182099570852881	 0.26437909664225984	
2336	 0.007204411226968653	 0.26574936485597794	
2337	 0.007222480699469344	 0.266861175426325	
2338	 0.007241454513361101	 0.26803062747167467	
2339	 0.007261775591697484	 0.2692853856660634	
2340	 0.007282334667148394	 0.2705572237272753	
2341	 0.007304116561578527	 0.2719073224911346	
2342	 0.0073228518328688	 0.2730707330621617	
2343	 0.007338238716967674	 0.2740277031121057	
2344	 0.007349456920276876	 0.2747262505496828	
2345	 0.007358995349412467	 0.27532075941007733	
2346	 0.00737655491166472	 0.2764165512569247	
2347	 0.00739546992361677	 0.27759887599612226	
2348	 0.00741026313749652	 0.27852496478657446	
2349	 0.0074209222832519114	 0.2791930160650133	
2350	 0.007428636909391008	 0.2796769217807036	
2351	 0.007428408902880683	 0.279662615094448	
2352	 0.007418178939101917	 0.27902101854392275	
2353	 0.007401441093781817	 0.2779725363181685	
2354	 0.00738698836483311	 0.2770684677388351	
2355	 0.007374843156473703	 0.27630965382491635	
2356	 0.0073648573814355175	 0.2756863816945126	
2357	 0.007358234327386024	 0.27527330774726744	
2358	 0.007353433661874389	 0.27497404943681775	
2359	 0.007348598660301445	 0.2746727823435274	
2360	 0.007344159065341725	 0.2743962692355551	
2361	 0.007339543881352071	 0.27410893795503466	
2362	 0.007333823430935132	 0.2737529623420967	
2363	 0.007319826520932085	 0.2728827347259169	
2364	 0.007302531799780526	 0.2718090041505083	
2365	 0.007284415898477456	 0.2706861077177196	
2366	 0.007264435856252547	 0.26944982153806635	
2367	 0.007244036677805685	 0.2681899374129986	
2368	 0.007225210879152931	 0.26702932419903835	
2369	 0.007208417042082801	 0.2659956815638616	
2370	 0.0072029461392714095	 0.2656592997278946	
2371	 0.0072049765334604695	 0.26578411989834694	
2372	 0.007206319971763835	 0.26586672177722565	
2373	 0.007204896434161977	 0.26577919528303345	
2374	 0.007200278384701031	 0.26549533295228994	
2375	 0.0071931853495363655	 0.26505957450164014	
2376	 0.007185769740066787	 0.2646043049964328	
2377	 0.007180017857702134	 0.26425139297624406	
2378	 0.007176957438269525	 0.26406369493113563	
2379	 0.00717620814170017	 0.26401774808515377	
2380	 0.0071775349083895166	 0.2640991075658791	
2381	 0.007182990226992569	 0.2644337418976377	
2382	 0.007181616299490976	 0.2643494479350646	
2383	 0.007180049033348651	 0.26425330527880975	
2384	 0.007185705661113919	 0.2646003723357711	
2385	 0.00719262774984478	 0.2650253306743668	
2386	 0.007202839643151469	 0.2656527534377451	
2387	 0.0072055287176643525	 0.26581806993764195	
2388	 0.0071992261562572905	 0.2654306715328543	
2389	 0.007197822844209247	 0.26534444516893635	
2390	 0.0072031360190543325	 0.2656709717512675	
2391	 0.007211868466534433	 0.2662079821079564	
2392	 0.007216946700385989	 0.26652047247785	
2393	 0.00721737651793325	 0.26654692813716885	
2394	 0.007216271039986382	 0.2664788870917073	
2395	 0.007220893650852213	 0.26676345031517135	
2396	 0.007224615955266341	 0.26699267987917763	
2397	 0.007228522641102125	 0.26723334884705785	
2398	 0.007233439889010411	 0.2675363961483684	
2399	 0.007240684759202954	 0.26798314382983296	
2400	 0.007248988713925755	 0.2684955655502218	
2401	 0.007254565162440085	 0.268839897625469	
2402	 0.007257265055011188	 0.26900667281375523	
2403	 0.007256120483160783	 0.26893596636165007	
2404	 0.007253166875648204	 0.2687535402497985	
2405	 0.0072479640425201644	 0.26843231379283056	
2406	 0.00723741847485377	 0.2677816947603819	
2407	 0.007223393009927902	 0.2669173589137435	
2408	 0.0072099003819701135	 0.26608691497094855	
2409	 0.007200398055870753	 0.2655026873700346	
2410	 0.007196518122231973	 0.26526428671499175	
2411	 0.007190261229465906	 0.2648800154341387	
2412	 0.007182777854630212	 0.2644207116082046	
2413	 0.007176890700036276	 0.2640596024146827	
2414	 0.007174409498566476	 0.2639074683884098	
2415	 0.007175125474636158	 0.2639513646183516	
2416	 0.00718362890374321	 0.26447293000806876	
2417	 0.007197392372441912	 0.26531799712169374	
2418	 0.007215315557509187	 0.266420083713442	
2419	 0.0072263314400616875	 0.2670983505789785	
2420	 0.007234953006736407	 0.2676296764077728	
2421	 0.007244324048485254	 0.26820766945640473	
2422	 0.007256115889950607	 0.26893568262895856	
2423	 0.007270635912965928	 0.2698332143298274	
2424	 0.007286586081470895	 0.27082052634752646	
2425	 0.007305787967278113	 0.2720110316139782	
2426	 0.007329062552499017	 0.27345684064735526	
2427	 0.007356914584345197	 0.27519102616171737	
2428	 0.007386044083217951	 0.2770094406362618	
2429	 0.007414459076549812	 0.27878786465986255	
2430	 0.007441565756710135	 0.28048864483996644	
2431	 0.007457485423716535	 0.2814894353982706	
2432	 0.007469438466661902	 0.2822418008516326	
2433	 0.007477948449984156	 0.2827779377759544	
2434	 0.007486185472172268	 0.2832972654336744	
2435	 0.007494913797198329	 0.28384798459814664	
2436	 0.007502363498596445	 0.28431836653904197	
2437	 0.007507753336761943	 0.2846588807715617	
2438	 0.007513320389257687	 0.2850107620247914	
2439	 0.007518579465063693	 0.2853433364444827	
2440	 0.007526293694296753	 0.28583145095687174	
2441	 0.007536545608785574	 0.2864806527241247	
2442	 0.007552982774838156	 0.28752276424734674	
2443	 0.0075726649825840105	 0.2887726009376587	
2444	 0.007592150055587467	 0.2900120544800004	
2445	 0.007607166887591443	 0.2909687296844724	
2446	 0.007617204928673612	 0.2916089243439231	
2447	 0.007624821394827025	 0.29209505403590535	
2448	 0.007630203155868798	 0.29243874637064615	
2449	 0.007633861245559661	 0.29267245314731966	
2450	 0.007637961421395485	 0.2929344925250828	
2451	 0.0076427720400849795	 0.2932420553893736	
2452	 0.0076486689261250134	 0.2936192439427764	
2453	 0.007654545614041721	 0.2939953334647844	
2454	 0.007658460038865375	 0.2942459511695314	
2455	 0.007661904441799834	 0.2944665467692939	
2456	 0.0076664722965516735	 0.2947591954420539	
2457	 0.0076715362385655645	 0.29508376282185994	
2458	 0.007682174105100621	 0.29576604954795144	
2459	 0.007698726663396188	 0.29682894313023456	
2460	 0.007726080398868324	 0.29858875637890053	
2461	 0.007753110809332587	 0.30033185355262054	
2462	 0.007771420384008968	 0.30151487892835704	
2463	 0.007786036511693476	 0.3024605966969978	
2464	 0.007799629657225313	 0.30334118659314174	
2465	 0.007815368291066655	 0.3043620441159428	
2466	 0.00782825719207059	 0.3051990804579467	
2467	 0.007830319379783917	 0.3053330892251967	
2468	 0.00783136977190096	 0.3054013567281156	
2469	 0.007833650946338713	 0.3055496367502742	
2470	 0.00783713817787653	 0.3057763680744442	
2471	 0.007840838442064998	 0.3060170238213479	
2472	 0.0078448092250314	 0.30627535765174724	
2473	 0.007850202704144361	 0.3066263898307321	
2474	 0.007858949885930423	 0.3071960381450484	
2475	 0.007871117542103751	 0.30798914336128635	
2476	 0.007880782538085395	 0.3086197044021757	
2477	 0.00788621957278868	 0.3089746526343051	
2478	 0.00788526761255681	 0.3089124936272691	
2479	 0.007881446892233265	 0.30866306696191015	
2480	 0.007876309981279216	 0.30832784294182086	
2481	 0.007869102572282263	 0.30785774823887985	
2482	 0.007866488702892563	 0.3076873326090757	
2483	 0.007863077842095053	 0.30746501254343045	
2484	 0.007855577291245617	 0.3069763524088243	
2485	 0.007843340501603773	 0.30617979430817727	
2486	 0.007828606870964854	 0.3052218022599608	
2487	 0.007816342490844314	 0.3044252788743993	
2488	 0.00781058374212432	 0.304051558021112	
2489	 0.007811855190009419	 0.3041340543490883	
2490	 0.007826209761118119	 0.305066053921345	
2491	 0.00785092814883816	 0.30667361734569226	
2492	 0.007874175453189726	 0.30818859097643614	
2493	 0.007896213331295232	 0.3096275049906307	
2494	 0.007913588948345348	 0.3107638965688914	
2495	 0.007924307300917421	 0.31146572322257876	
2496	 0.0079316968339362	 0.3119499509507236	
2497	 0.007937036861181496	 0.3123000641490899	
2498	 0.007941453371962056	 0.31258974665028166	
2499	 0.007946385906574847	 0.31291340255082395	
2500	 0.007953415419368722	 0.3133748864125536	
2501	 0.007956910082581483	 0.3136044104639886	
2502	 0.007958415254437178	 0.3137032885231735	
2503	 0.007959914552669093	 0.3138017931261363	
2504	 0.007961810496553602	 0.3139263752477639	
2505	 0.007965078021210385	 0.31414113010570854	
2506	 0.007972733652492153	 0.3146445189988625	
2507	 0.007985629469783262	 0.3154932002084471	
2508	 0.008006827300576917	 0.3168902278969337	
2509	 0.008027827932737309	 0.3182766929328092	
2510	 0.008049014642176007	 0.3196778951609837	
2511	 0.00807076740616726	 0.3211190944068047	
2512	 0.008092903364155909	 0.32258834244510637	
2513	 0.008104909589950816	 0.3233863633129035	
2514	 0.008118152597650927	 0.3242675041715252	
2515	 0.008127603756063115	 0.32489693569738176	
2516	 0.008136839402316366	 0.32551248604574046	
2517	 0.008145319334114647	 0.32607807880605816	
2518	 0.008154621808897946	 0.3266989850361466	
2519	 0.00816310543891061	 0.32726564821345283	
2520	 0.00817094023299436	 0.32778932130329447	
2521	 0.008181014347343779	 0.32846316134617015	
2522	 0.008195394573360385	 0.32942598846240945	
2523	 0.008212402921173105	 0.3305662359740688	
2524	 0.008235402211983961	 0.33211062442415545	
2525	 0.008244538965655277	 0.332724950825673	
2526	 0.008248296870779128	 0.3329777522588457	
2527	 0.008246408842243627	 0.3328507313842917	
2528	 0.00824037099795474	 0.33244465353889513	
2529	 0.008230636354236869	 0.3317903634724325	
2530	 0.008219440913897496	 0.3310385271595951	
2531	 0.008202665310347416	 0.32991322917993127	
2532	 0.008172898093238193	 0.32792023584500124	
2533	 0.008131188025835352	 0.3251357698146896	
2534	 0.008084228045366978	 0.32201220874763165	
2535	 0.008034103731011814	 0.31869149188697043	
2536	 0.007982110056874176	 0.31526149488485117	
2537	 0.007931627756457654	 0.3119454229886454	
2538	 0.00789020261634374	 0.3092347829081814	
2539	 0.007849747277083785	 0.30659674234684847	
2540	 0.007806114186668147	 0.3037616274800859	
2541	 0.007759788032031572	 0.3007630693496415	
2542	 0.00771326573994756	 0.2977638022382777	
2543	 0.007666591969161011	 0.2947668640681234	
2544	 0.007614442227822191	 0.2914326718495534	
2545	 0.007560075260170474	 0.2879728930880598	
2546	 0.007507403432094689	 0.2846367698685357	
2547	 0.007459702186404822	 0.28162890535547286	
2548	 0.0074263852222147585	 0.2795356483733318	
2549	 0.007393149198739281	 0.27745370531855423	
2550	 0.007364437191016103	 0.2756601674341634	
2551	 0.007340901081249549	 0.27419342175922884	
2552	 0.007321850068910389	 0.2730084759091269	
2553	 0.007303768035664727	 0.27188569878530494	
2554	 0.007283020677742207	 0.27059970345350265	
2555	 0.007250011366669111	 0.26855869864123205	
2556	 0.00721506502306417	 0.2664046658995959	
2557	 0.007183613131384327	 0.2644719622151956	
2558	 0.007159901096084203	 0.26301859286098983	
2559	 0.007137765964745512	 0.2616647684260578	
2560	 0.00711394776352197	 0.2602111275088734	
2561	 0.00709296702738045	 0.25893334373785054	
2562	 0.007076688995054875	 0.2579437014280009	
2563	 0.0070676326945708825	 0.2573937693357558	
2564	 0.0070680965786048015	 0.257421926682885	
2565	 0.007075619278050539	 0.2578787198006591	
2566	 0.007090187036688246	 0.2587642235760912	
2567	 0.007100911260195544	 0.2594168730869542	
2568	 0.007106882762069414	 0.25978056878895867	
2569	 0.0071124180176712695	 0.2601178768101186	
2570	 0.007120224141309141	 0.2605938647379899	
2571	 0.007129146128490136	 0.2611383200009934	
2572	 0.007138214540359658	 0.26169217636985415	
2573	 0.007143923939711993	 0.2620411206435897	
2574	 0.007148436401673663	 0.2623170426594905	
2575	 0.00714919397577344	 0.2623633771785186	
2576	 0.007148442630364977	 0.26231742360348714	
2577	 0.007146619411093227	 0.26220592576982177	
2578	 0.007149234054502292	 0.2623658285528367	
2579	 0.007152739805148921	 0.262580289641196	
2580	 0.007153306408476599	 0.26261495766082	
2581	 0.0071631210780894435	 0.26321576553088294	
2582	 0.007182379397816592	 0.2643962646398045	
2583	 0.007201691814976629	 0.2655822008194673	
2584	 0.007221087868767152	 0.26677540883169154	
2585	 0.007230646035491339	 0.2673641956286986	
2586	 0.007235348830969066	 0.2676540802159429	
2587	 0.007240895038513837	 0.2679961149456393	
2588	 0.007249925554987774	 0.26855340086044716	
2589	 0.007264859655443876	 0.26947602105751073	
2590	 0.007286463049643299	 0.2708129051843819	
2591	 0.007307446086739688	 0.2721139319691662	
2592	 0.0073091435866626435	 0.2722192923415913	
2593	 0.0073057795275257706	 0.27201050789569087	
2594	 0.007300035607567316	 0.2716541696750201	
2595	 0.007294909359513616	 0.27133630805895487	
2596	 0.00728933989652731	 0.27099113289831717	
2597	 0.007287884762917149	 0.27090097794343243	
2598	 0.007292895510680389	 0.27121147671058876	
2599	 0.007304290597412296	 0.27191812051008346	
2600	 0.00731546775386589	 0.27261196415369177	
2601	 0.007319541099996284	 0.2728650008281385	
2602	 0.007318640650687309	 0.27280905674126	
2603	 0.007312727730135773	 0.2724418064337163	
2604	 0.007296160064768936	 0.2714138464088208	
2605	 0.007276509072470884	 0.27019659386785005	
2606	 0.007257123856029622	 0.2689979497797544	
2607	 0.00723791585778924	 0.2678123670912582	
2608	 0.0072179140636863485	 0.2665800160433724	
2609	 0.007205492108127932	 0.26581581901333723	
2610	 0.007201547569945674	 0.2655733351579916	
2611	 0.007187640590796499	 0.26471913336216374	
2612	 0.007174106573647758	 0.2638888970520367	
2613	 0.007166226742055417	 0.26340599402759707	
2614	 0.007162816039583054	 0.26319708424112664	
2615	 0.007163537257130761	 0.26324125418898753	
2616	 0.007169050450764238	 0.2635789998767895	
2617	 0.007179286170908202	 0.26420651316989335	
2618	 0.007195957506004403	 0.2652298470041076	
2619	 0.007219711884207492	 0.26669069040378157	
2620	 0.007245594926857179	 0.268286093902	
2621	 0.0072690421535756035	 0.2697346402388837	
2622	 0.007286583595550563	 0.2708203723572195	
2623	 0.007297794701237195	 0.2715152002030117	
2624	 0.007303575131928912	 0.2718737306922579	
2625	 0.0073038437718772435	 0.27189039765309886	
2626	 0.007306735370864901	 0.27206982412377917	
2627	 0.00730536133679395	 0.27198455809743344	
2628	 0.0073004353865922435	 0.27167896490145976	
2629	 0.007293650720205527	 0.27125828677850466	
2630	 0.007289821844883932	 0.27102099536674423	
2631	 0.007290982198922729	 0.2710928985853052	
2632	 0.007289435345347244	 0.27099704699047394	
2633	 0.007286182710420073	 0.2707955399905706	
2634	 0.007289420915126026	 0.27099615287806506	
2635	 0.007295536598130526	 0.2713751930493968	
2636	 0.0072994435013375705	 0.27161744753054284	
2637	 0.00730038144196946	 0.27167561907745386	
2638	 0.007299478317576853	 0.27161960676206054	
2639	 0.00729481710302022	 0.27133058890386735	
2640	 0.007287351673350791	 0.27086795259420615	
2641	 0.0072777017408058855	 0.2702704096048511	
2642	 0.007267201291388423	 0.26962080075998535	
2643	 0.007255708129561111	 0.2689104948503099	
2644	 0.007249163290069143	 0.26850634252396643	
2645	 0.007242426573857812	 0.26809059554443704	
2646	 0.007234558509025846	 0.26760535526946233	
2647	 0.007227184750566212	 0.2671509191612471	
2648	 0.007219824895555166	 0.26669764802944007	
2649	 0.0072133513535650754	 0.2662992167677905	
2650	 0.007206119655107714	 0.2658544045706129	
2651	 0.007195897762190455	 0.26522617693454276	
2652	 0.007181895211825234	 0.2643665590497479	
2653	 0.0071669594867030065	 0.26345088420423685	
2654	 0.0071533201859150745	 0.26261580066579754	
2655	 0.007140473276020793	 0.26183020243406924	
2656	 0.0071301657586346915	 0.261200570839998	
2657	 0.007120846494320018	 0.2606318284542765	
2658	 0.007117395154368783	 0.26042132358739367	
2659	 0.007122543845615465	 0.26073537862453927	
2660	 0.007126909370125907	 0.26100178138854685	
2661	 0.007127474773586457	 0.26103629265777617	
2662	 0.007119903520498886	 0.26057430763784484	
2663	 0.007105061114638526	 0.25966959932749495	
2664	 0.007090793035354044	 0.2588010856130002	
2665	 0.007080652026284727	 0.258184499008902	
2666	 0.007071747523715441	 0.25764357879835337	
2667	 0.007062472373475862	 0.2570806255374494	
2668	 0.007054497370952535	 0.2565969783753454	
2669	 0.007045800566519128	 0.25606997258362124	
2670	 0.007034058123086751	 0.25535909607962765	
2671	 0.007022910470279842	 0.2546849592759292	
2672	 0.007013330239204762	 0.2541061795022329	
2673	 0.0070054019386447865	 0.253627597799688	
2674	 0.007005824173747982	 0.2536530763821212	
2675	 0.006999931479668071	 0.25329759099489685	
2676	 0.006991645363072594	 0.2527980563203722	
2677	 0.006981830927646673	 0.2522068962128955	
2678	 0.006967382987548674	 0.25133765047779705	
2679	 0.0069480857429434035	 0.25017852444097727	
2680	 0.006924673416251277	 0.2487750971268086	
2681	 0.006900376087031238	 0.24732196050109842	
2682	 0.006879430954428765	 0.2460720411311843	
2683	 0.006874188615290031	 0.24575959634676858	
2684	 0.0068720149637323535	 0.24563009271799138	
2685	 0.0068679920428106256	 0.24539048380937115	
2686	 0.006863306824840912	 0.24511154579254876	
2687	 0.006859009024632853	 0.2448557845936414	
2688	 0.006855339761697661	 0.24463751204297587	
2689	 0.006852393007006042	 0.24446227554464384	
2690	 0.006851065223812841	 0.24438333184943153	
2691	 0.006850092058064933	 0.24432547850369712	
2692	 0.006845003277583727	 0.24402304684482157	
2693	 0.006837776985696975	 0.24359383810101964	
2694	 0.0068297030674220535	 0.2431146417821701	
2695	 0.006821216881085988	 0.24261138380481048	
2696	 0.006812844763519673	 0.24211529931954157	
2697	 0.0068046412782319975	 0.24162960108959833	
2698	 0.006798926575421944	 0.2412914851103417	
2699	 0.006790845527061542	 0.24081368529257008	
2700	 0.006781145120717329	 0.240240639778554	
2701	 0.006769592192730996	 0.2395588703819378	
2702	 0.006753989940548984	 0.2386393699640261	
2703	 0.006737070436384211	 0.23764383810977485	
2704	 0.006720765573097595	 0.23668604702592877	
2705	 0.0067061787156595205	 0.2358304879396844	
2706	 0.006703711613200636	 0.23568590817947144	
2707	 0.006712297054361506	 0.23618919434617466	
2708	 0.006721797659127343	 0.2367466286328274	
2709	 0.006730209757483316	 0.23724063502085438	
2710	 0.0067382582262324195	 0.23771367250082012	
2711	 0.006747487033180514	 0.2382565464713703	
2712	 0.006759014582531369	 0.23893533692450075	
2713	 0.006770868026095061	 0.23963412267460624	
2714	 0.006780618663837631	 0.24020955528807805	
2715	 0.006788539133400878	 0.2406773870280009	
2716	 0.006796925520029836	 0.24117313548290042	
2717	 0.006806253027815101	 0.24172499606591483	
2718	 0.006817079323071148	 0.24236616468026215	
2719	 0.006825914483315155	 0.24288991509011826	
2720	 0.00683403310979862	 0.24337158783718563	
2721	 0.006841870285968996	 0.24383692433550455	
2722	 0.006856124333952596	 0.24468417715688598	
2723	 0.006871241380811863	 0.2455840101363441	
2724	 0.006888207548761224	 0.24659548383647376	
2725	 0.0069095515517560175	 0.24787031216038344	
2726	 0.006935442392203868	 0.2494202398464405	
2727	 0.006961290209270118	 0.2509714445521913	
2728	 0.006987161068583497	 0.25252788182532315	
2729	 0.0070184841273322005	 0.25441748087516414	
2730	 0.007060698815830711	 0.25697303593869847	
2731	 0.007103416908669521	 0.2595694553682691	
2732	 0.0071326225705235944	 0.261350589411737	
2733	 0.007155874255225745	 0.2627720961026836	
2734	 0.007175020187193364	 0.26394490930074843	
2735	 0.007191356439928282	 0.2649472624329716	
2736	 0.007206924453231575	 0.2659038919279634	
2737	 0.007223053289615694	 0.2668964371145195	
2738	 0.007239989231328657	 0.267940241861208	
2739	 0.007257116355962504	 0.26899748644147164	
2740	 0.007276797903065705	 0.2702144692150162	
2741	 0.007293172216042258	 0.2712286273331397	
2742	 0.00730751074037988	 0.27211794459043087	
2743	 0.007320752599331931	 0.27294027740647214	
2744	 0.007333245884854555	 0.2737170327433021	
2745	 0.0073466965189989426	 0.2745542968590367	
2746	 0.0073655476151662765	 0.2757294452087196	
2747	 0.0073968210733007	 0.27768340983443934	
2748	 0.0074276108501254755	 0.27961254211765824	
2749	 0.007440846358377346	 0.28044345350800143	
2750	 0.0074482951894899365	 0.28091151695495115	
2751	 0.0075112181147792695	 0.2848778614042107	
2752	 0.007563040802135638	 0.28816118648656397	
2753	 0.007550567949305185	 0.2873695701748404	
2754	 0.00754910234521503	 0.2872766096696944	
2755	 0.007545442108253931	 0.28704450028215855	
2756	 0.0075406497027044	 0.28674070929234935	
2757	 0.0075370790167561715	 0.28651444686904143	
2758	 0.007535959013291542	 0.28644349071631764	
2759	 0.007537175687534314	 0.2865205716318934	
2760	 0.007541079861907743	 0.2867679718637298	
2761	 0.00754887108773364	 0.28726194254244525	
2762	 0.00756004802214256	 0.2879711638715263	
2763	 0.00757240331930359	 0.28875597087943344	
2764	 0.007585900814717756	 0.2896143063972996	
2765	 0.007600420885137203	 0.29053880714932856	
2766	 0.007616725230547665	 0.2915783179033336	
2767	 0.007633725708014697	 0.29266379263906234	
2768	 0.007651413797029762	 0.29379488307108487	
2769	 0.007670580562409273	 0.29502249895042326	
2770	 0.007691367071170432	 0.2963561714844332	
2771	 0.0077128155235722156	 0.2977348357935466	
2772	 0.007735996490984388	 0.29922773931731245	
2773	 0.0077657440353476395	 0.30114791751518094	
2774	 0.007795959489954385	 0.3031033252439138	
2775	 0.007817155556909547	 0.30447805855710025	
2776	 0.007833764002585866	 0.3055569863376864	
2777	 0.007845130705189905	 0.3062962765363831	
2778	 0.007860354649249987	 0.30728756085568876	
2779	 0.007877168731716155	 0.3083838730483864	
2780	 0.007895470920135775	 0.30957898728114625	
2781	 0.007913028255717032	 0.31072720042678503	
2782	 0.00792743905711954	 0.31167090692042926	
2783	 0.0079370024521041	 0.31229780765174764	
2784	 0.007938601023827546	 0.31240264655096667	
2785	 0.007931794673613416	 0.3119563642921651	
2786	 0.00791850095247911	 0.3110854509151923	
2787	 0.007902260341836014	 0.31002279967501284	
2788	 0.00789004394572044	 0.3092244185467852	
2789	 0.00787272875487227	 0.30809422583457313	
2790	 0.007858241030290192	 0.3071498591388741	
2791	 0.007845412004842097	 0.3063145813229453	
2792	 0.007834822266524124	 0.3056257856403603	
2793	 0.00782751172232528	 0.3051506428016611	
2794	 0.007820013931314682	 0.30466363721943884	
2795	 0.007815177879560568	 0.30434968522629585	
2796	 0.007817469148405181	 0.3044984161338525	
2797	 0.007824113342305051	 0.3049298685631959	
2798	 0.007832584087945703	 0.30548028564816687	
2799	 0.007842706341737372	 0.306138536015159	
2800	 0.007857962749971536	 0.30713173108888703	
2801	 0.007882657840331798	 0.3087421121130827	
2802	 0.007914680066522791	 0.31083531290569943	
2803	 0.007946494780334254	 0.31292054798240637	
2804	 0.007977399048865819	 0.31495144586873497	
2805	 0.008007376248540612	 0.3169264387068333	
2806	 0.008036411402230634	 0.3188440717763999	
2807	 0.008056001308173525	 0.320140504343494	
2808	 0.008071884000279896	 0.3211931427609034	
2809	 0.008084045635016227	 0.32200009917703165	
2810	 0.008091118808539853	 0.3224697952650795	
2811	 0.008095448301562063	 0.3227574315747543	
2812	 0.008109661938612052	 0.32370245672366066	
2813	 0.008126582328781839	 0.3248288867985289	
2814	 0.008140413561755322	 0.3257508267181695	
2815	 0.00815020762818715	 0.32640429568354096	
2816	 0.008157977133461813	 0.3269230566310179	
2817	 0.008164235649603783	 0.32734117016768555	
2818	 0.008171136574079776	 0.3278024489289186	
2819	 0.008176710047599534	 0.3281751864738333	
2820	 0.008179560295545719	 0.3283658681634476	
2821	 0.008183452970985034	 0.3286263598571646	
2822	 0.008197338756397523	 0.32955624760922103	
2823	 0.00820658932404929	 0.33017631245984386	
2824	 0.008217354629591792	 0.3308984969442657	
2825	 0.008229429185492977	 0.33170926253902294	
2826	 0.008243543802883089	 0.33265801719377985	
2827	 0.008258269389111754	 0.33364899483324373	
2828	 0.008268723633795076	 0.3343532424411754	
2829	 0.008277665322080546	 0.33495606825038204	
2830	 0.008288017042191401	 0.33565449719904566	
2831	 0.008300383373244223	 0.33648961427404583	
2832	 0.008315821149422208	 0.3375333152978262	
2833	 0.008335297302862352	 0.33885188250145415	
2834	 0.008357589201241156	 0.34036360293539936	
2835	 0.008380522270501393	 0.34192161190470305	
2836	 0.008388196013135809	 0.3424435800132344	
2837	 0.008383782097498422	 0.3421433064836297	
2838	 0.008369485734091861	 0.3411714650318302	
2839	 0.008356780749800922	 0.3403087309370834	
2840	 0.008345942524034549	 0.3395734501674023	
2841	 0.008332918202261987	 0.33869070328457274	
2842	 0.008316751789137848	 0.33759627432912637	
2843	 0.008287293740686515	 0.3356056772502917	
2844	 0.00826072095929479	 0.3338140909381393	
2845	 0.008234090177238066	 0.33202244465125025	
2846	 0.008207220384372571	 0.3302186293718958	
2847	 0.008181281198680473	 0.32848101809411206	
2848	 0.008155821585511319	 0.3267791001401604	
2849	 0.008134136775955422	 0.32533230936663055	
2850	 0.008117594946641318	 0.32423038079105054	
2851	 0.008113934890872919	 0.32398676945022403	
2852	 0.008112608866600646	 0.32389852806421743	
2853	 0.008112356997635458	 0.3238817683214172	
2854	 0.008109731574356984	 0.3237070893307081	
2855	 0.00810448960277087	 0.32335843460720987	
2856	 0.008097274611720303	 0.3228787959677097	
2857	 0.00809016207678799	 0.3224062472071989	
2858	 0.008085319452291063	 0.3220846671542285	
2859	 0.008083368445855037	 0.3219551446047518	
2860	 0.00808329402072167	 0.3219502041146586	
2861	 0.00808422883214562	 0.3220122609794456	
2862	 0.008084834013723565	 0.3220524381266201	
2863	 0.008086348862474672	 0.3221530155786426	
2864	 0.008085764781322108	 0.3221142343813799	
2865	 0.00808155304684016	 0.32183464341758167	
2866	 0.008083807136179599	 0.321984266367305	
2867	 0.008085499560464917	 0.3220966251463878	
2868	 0.008092017023638067	 0.32252946108791963	
2869	 0.008110408019920407	 0.32375209211749983	
2870	 0.008128494124878803	 0.3249562579510585	
2871	 0.008146541131163327	 0.32615960234485336	
2872	 0.008164544537890088	 0.3273618116444447	
2873	 0.008182987525320333	 0.3285952086191869	
2874	 0.008202389016706385	 0.32989470839016055	
2875	 0.008221764047214607	 0.3311944824310921	
2876	 0.008222510802529498	 0.3312446194264922	
2877	 0.008214243282167594	 0.3306897091026853	
2878	 0.008198537795302047	 0.329636592796036	
2879	 0.008179125586941265	 0.32833678327901367	
2880	 0.008162361545299885	 0.3272159442065363	
2881	 0.008147510067801771	 0.3262242597482689	
2882	 0.008135289524969494	 0.32540915509815493	
2883	 0.008125740552267715	 0.3247728107680768	
2884	 0.008120634101329903	 0.3244327209456952	
2885	 0.00811727186322374	 0.3242088735855198	
2886	 0.00811392983894012	 0.32398643324691667	
2887	 0.00811072816540651	 0.32377339173120295	
2888	 0.008107613887902527	 0.3235662193891644	
2889	 0.008104923108678882	 0.32338726231012815	
2890	 0.008106076925978842	 0.32346399499856476	
2891	 0.008105746637342929	 0.3234420289617264	
2892	 0.008107898917850982	 0.3235851783465236	
2893	 0.008114197336199948	 0.3240042352321483	
2894	 0.00812436298416119	 0.32468105064274144	
2895	 0.008159265962041418	 0.3270091420988875	
2896	 0.008244021272932082	 0.3326901306695154	
2897	 0.00833954854836838	 0.3391399720925725	
2898	 0.008423888872367748	 0.34487559257200173	
2899	 0.00843852094051611	 0.3458745698883115	
2900	 0.008452881872870995	 0.3468561594571727	
2901	 0.008461632030772432	 0.3474547902655925	
2902	 0.008469272640828368	 0.3479778504219028	
2903	 0.008476079038366337	 0.3484440671620233	
2904	 0.008477729688713853	 0.3485571691149962	
2905	 0.008471902844494603	 0.3481579814673809	
2906	 0.008459606283480614	 0.3473161646380194	
2907	 0.008446355627173928	 0.3464099436124041	
2908	 0.008434986675349756	 0.34563316862342286	
2909	 0.008422733755886268	 0.34479677836515726	
2910	 0.008407695699682638	 0.34377138149727976	
2911	 0.00839056808120379	 0.34260499255983534	
2912	 0.008371834106403218	 0.34133102731565274	
2913	 0.00835360862096542	 0.340093463324604	
2914	 0.008333069867503493	 0.33870097738017463	
2915	 0.008297230110111747	 0.3362765907944983	
2916	 0.008260726119351353	 0.33381443846631065	
2917	 0.008221618962837568	 0.3311847418486083	
2918	 0.008180332048003574	 0.3284175060524199	
2919	 0.00813912712381624	 0.32566503334009017	
2920	 0.00809008182004802	 0.32240091661997083	
2921	 0.008043120743889534	 0.3192878496802866	
2922	 0.00799642665386925	 0.31620447229166954	
2923	 0.00796049168395575	 0.31383971422197493	
2924	 0.007921502567182343	 0.31128201098143765	
2925	 0.007881879467624574	 0.30869130257472466	
2926	 0.00784798154776029	 0.3064818073800537	
2927	 0.007813398766206098	 0.3042342194177011	
2928	 0.007778046971870048	 0.3019434969882369	
2929	 0.007741742916112462	 0.29959828316002285	
2930	 0.007703858315420522	 0.29715877283833986	
2931	 0.007658496285154587	 0.2942482722063581	
2932	 0.007621284699730004	 0.2918692801324116	
2933	 0.007593867299909535	 0.2901213908994018	
2934	 0.0075738484463875695	 0.28884782098332273	
2935	 0.007559498819611242	 0.28793629842668617	
2936	 0.007611226654849304	 0.29122758107744967	
2937	 0.007662184230603824	 0.2944844686507298	
2938	 0.007712371796613753	 0.29770628797397736	
2939	 0.007761781766728492	 0.30089187293693265	
2940	 0.007810399047473048	 0.30403957508110613	
2941	 0.007858218320280556	 0.3071483797218065	
2942	 0.007905241546027675	 0.31021775602323176	
2943	 0.007951469277887193	 0.31324709600459477	
2944	 0.007996914307579657	 0.31623661194299013	
2945	 0.008041575443445585	 0.31918561654783945	
2946	 0.008085460337617771	 0.32209402099349016	
2947	 0.008128605338924027	 0.32496366806996296	
2948	 0.008171013015935468	 0.32779418764283136	
2949	 0.008212678142602792	 0.33058469990179346	
2950	 0.008253600443759201	 0.3333346643808796	
2951	 0.008293784299383647	 0.3360438655247924	
2952	 0.008333235283519388	 0.33871218312184953	
2953	 0.008371959020829118	 0.3413395155753811	
2954	 0.008409960093963898	 0.34392570515893645	
2955	 0.008447243472854027	 0.34647063435325043	
2956	 0.008483820981898807	 0.3489746693278384	
2957	 0.008519691066734803	 0.35143727524355817	
2958	 0.008554860378795322	 0.35385849107244133	
2959	 0.008589336793712416	 0.35623845458770603	
2960	 0.00860053139750548	 0.3570126083856935	
2961	 0.008608301143201528	 0.3575503139996515	
2962	 0.00862097997774796	 0.3584284482728069	
2963	 0.008630763877137989	 0.3591066686035884	
2964	 0.008635496326452413	 0.359434906198333	
2965	 0.008632783043129597	 0.3592467011134226	
2966	 0.008621992207459322	 0.3584985922945824	
2967	 0.00860573374393395	 0.3573726012053424	
2968	 0.008617413775799528	 0.3581813665464391	
2969	 0.008709557854888075	 0.3645873466549217	
2970	 0.00872672896858264	 0.36578612240307834	
2971	 0.008729181798714987	 0.36595749155403934	
2972	 0.008730967174037785	 0.3660822485727481	
2973	 0.008733108616714435	 0.3662319090142347	
2974	 0.008738210217037731	 0.366588546552564	
2975	 0.008747006811676348	 0.36720381610517033	
2976	 0.008758042992891815	 0.36797631502525957	
2977	 0.008771261600425876	 0.3689024315955249	
2978	 0.008787323792074442	 0.3700290269857484	
2979	 0.008807628563914684	 0.3714551609390852	
2980	 0.008832928951408173	 0.37323523815387905	
2981	 0.008858498946451509	 0.37503774130217865	
2982	 0.008877151047904755	 0.3763547722739971	
2983	 0.008887237295743793	 0.3770677346845201	
2984	 0.008891505223300232	 0.37736958240160784	
2985	 0.008895747849343976	 0.377669736427362	
2986	 0.00889455377271219	 0.3775852491651366	
2987	 0.008887288874427827	 0.37707138199254997	
2988	 0.008863776055427935	 0.375410172344746	
2989	 0.008835744140235139	 0.3734335187962609	
2990	 0.00881410630622291	 0.3719105958005228	
2991	 0.008800911643171138	 0.37098314577158814	
2992	 0.008781590040080339	 0.3696267063197671	
2993	 0.008765321169842574	 0.3684861204223138	
2994	 0.008758104197922688	 0.3679806010006776	
2995	 0.008764082669781882	 0.3683993488180591	
2996	 0.008772098224407438	 0.368961078125483	
2997	 0.00877808974996709	 0.36938118722968655	
2998	 0.008780561129761564	 0.36955452920890913	
2999	 0.008780208889822753	 0.3695298211972435	
3000	 0.008777367300360397	 0.3693305209343995	
3001	 0.008766029551980302	 0.3685357546594017	
3002	 0.00874759039808026	 0.36724464910571036	
3003	 0.008721824936270509	 0.3654435941140022	
3004	 0.0086960235544563	 0.3636435792151209	
3005	 0.008669232597176918	 0.3617782915427328	
3006	 0.008640196411973765	 0.35976101779071784	
3007	 0.008617472822501047	 0.3581854569996184	
3008	 0.008592631521573022	 0.35646622902767294	
3009	 0.008573019865162219	 0.35511127484167576	
3010	 0.008566508095029747	 0.3546618382164048	
3011	 0.008557257969295778	 0.3540237941818418	
3012	 0.008549216035775598	 0.353469460875407	
3013	 0.008535212373211478	 0.35250501300331694	
3014	 0.00850095732484842	 0.3501502746612009	
3015	 0.00845412106598908	 0.3469409121635781	
3016	 0.008413655274715716	 0.34417759968922673	
3017	 0.008377432636002862	 0.3417115448495158	
3018	 0.008352502391524755	 0.34001840498525815	
3019	 0.008352270812711988	 0.34000269306102765	
3020	 0.008364198261188073	 0.3408123121469142	
3021	 0.008395741646070173	 0.34295714460561344	
3022	 0.008413900967628155	 0.34419435079545774	
3023	 0.008415804727025567	 0.34432415833100277	
3024	 0.00841261201148643	 0.34410647463891103	
3025	 0.00840688347883005	 0.34371603353528396	
3026	 0.008401203044784356	 0.3433290458007437	
3027	 0.00839613285066774	 0.34298377884100684	
3028	 0.008388843826630736	 0.3424876588757249	
3029	 0.008381088608254574	 0.3419601233230376	
3030	 0.008371030963830675	 0.3412764537081987	
3031	 0.008358589419419781	 0.34043149560866826	
3032	 0.008344037568054375	 0.33944428096224283	
3033	 0.008329154609381297	 0.33843579018523356	
3034	 0.008316096599196243	 0.33755194935698724	
3035	 0.008305385383294445	 0.33682764334071785	
3036	 0.008286675023070242	 0.3355639185484378	
3037	 0.008399560041957382	 0.34321714638657275	
3038	 0.008492332469866243	 0.3495583856590618	
3039	 0.008439791748644426	 0.3459613865002638	
3040	 0.008376026719258344	 0.34161597238951463	
3041	 0.008318043222578881	 0.3376836493235016	
3042	 0.008276826413695449	 0.3348994927244342	
3043	 0.00825663571756599	 0.3335389966201194	
3044	 0.008243003503321572	 0.332621679453128	
3045	 0.008227630490987077	 0.3315884359817974	
3046	 0.008207904294089475	 0.3302644926467092	
3047	 0.008184869117285012	 0.3287211466278101	
3048	 0.008161670431811558	 0.3271697694631233	
3049	 0.008138973760108904	 0.325654806018331	
3050	 0.008117277793380635	 0.32420926834252434	
3051	 0.008097215115530907	 0.3228748419601643	
3052	 0.008076720954447534	 0.3215139903707133	
3053	 0.008059136435824607	 0.3203481779984427	
3054	 0.008047888872415193	 0.3196033794293453	
3055	 0.00804495113950306	 0.31940896092344945	
3056	 0.008051966653478482	 0.31987332449089523	
3057	 0.008063703443741807	 0.3206507970652143	
3058	 0.008065618761858127	 0.3207777438848926	
3059	 0.008071556364316048	 0.32117141445867026	
3060	 0.00807732551648445	 0.32155410153376823	
3061	 0.00807461878184356	 0.3213745321123613	
3062	 0.008074583806145298	 0.3213722120270959	
3063	 0.008065232300585345	 0.3207521277069593	
3064	 0.008044204556617888	 0.31935955977674546	
3065	 0.008025210633163318	 0.3181037663482359	
3066	 0.008018924098188942	 0.3176885647362358	
3067	 0.008035203457012162	 0.31876420053882065	
3068	 0.008065413326923239	 0.32076412674499283	
3069	 0.00810048760694683	 0.3230923544978435	
3070	 0.008135036102977267	 0.3253922606000507	
3071	 0.008168970200463458	 0.32765761395409443	
3072	 0.008201155246901825	 0.3298120101824408	
3073	 0.008214535965702461	 0.3307093474672565	
3074	 0.008218270023232426	 0.33095993472662727	
3075	 0.00821889400462395	 0.3310018166284863	
3076	 0.00821771278262841	 0.330922534287306	
3077	 0.008212986885545974	 0.33060541319621495	
3078	 0.008208137405099524	 0.3302801257518126	
3079	 0.00820665313867471	 0.3301805915684731	
3080	 0.008204541944045629	 0.3300390365596085	
3081	 0.008202999924364943	 0.32993565991595325	
3082	 0.008206843890940283	 0.3301933826504579	
3083	 0.008212207388223019	 0.33055311840077745	
3084	 0.008215110443712204	 0.3307478949229142	
3085	 0.008211110017863964	 0.3304795037968059	
3086	 0.00819913992246886	 0.3296769430820048	
3087	 0.008185288876981065	 0.32874924446000725	
3088	 0.00817525104576687	 0.3280775963435284	
3089	 0.008159916213852666	 0.3270525781826014	
3090	 0.008137707402557679	 0.32557036170425446	
3091	 0.008112414914436284	 0.32388562216243877	
3092	 0.008068875173220842	 0.32099362417354327	
3093	 0.008019848976638206	 0.3177496358141822	
3094	 0.00797191540443424	 0.31459070047394944	
3095	 0.007928130239923462	 0.311716198518911	
3096	 0.007892170720381468	 0.30936335096823786	
3097	 0.007860461147386982	 0.3072944998344859	
3098	 0.007829315501167625	 0.30526785045158156	
3099	 0.007795061335196751	 0.3030451277380211	
3100	 0.00776712351057382	 0.3012370806156413	
3101	 0.007746330127332484	 0.29989420963826807	
3102	 0.007733776306304332	 0.2990846253936615	
3103	 0.007723824324269233	 0.2984434535209744	
3104	 0.007711667794661359	 0.29766099723067824	
3105	 0.007695226277949811	 0.29660404484941916	
3106	 0.007665740170163956	 0.29471228248845455	
3107	 0.007643035433759156	 0.2932588989703134	
3108	 0.007631493781868106	 0.29252119291488005	
3109	 0.007619574038875178	 0.29176010081544274	
3110	 0.007601792060213516	 0.2906261715057527	
3111	 0.007576466963270597	 0.2890142797444241	
3112	 0.007549816787642126	 0.28732192390342365	
3113	 0.007526144836264203	 0.28582202887196834	
3114	 0.007508059277742235	 0.2846782141184981	
3115	 0.007505498859633804	 0.28451642965733603	
3116	 0.0075030039504452644	 0.28435881988085093	
3117	 0.0074948299968806715	 0.28384269513045624	
3118	 0.007492973466143373	 0.2837255212083218	
3119	 0.007495514866415304	 0.28388592518276173	
3120	 0.007495878576990053	 0.2839088842422584	
3121	 0.007496756390285965	 0.28396429885423174	
3122	 0.0075005734374579865	 0.284205311770878	
3123	 0.007504717159641454	 0.28446704391724476	
3124	 0.007519882218085481	 0.28542574415754735	
3125	 0.007532559004805866	 0.2862281313034796	
3126	 0.007527661755596853	 0.2859180492779794	
3127	 0.0075157064784047226	 0.2851616347503447	
3128	 0.0074927194810739265	 0.28370949258445727	
3129	 0.007466832403641459	 0.2820776978476639	
3130	 0.007437505584937504	 0.28023363019549813	
3131	 0.007400726619984256	 0.2779278158147501	
3132	 0.007355022056073263	 0.27507305049595415	
3133	 0.0073074172716372145	 0.27211214361510594	
3134	 0.007261333616407244	 0.26925807024566545	
3135	 0.007215840428934992	 0.266452385299056	
3136	 0.00717343052786666	 0.2638474527807026	
3137	 0.0071310608247403245	 0.2612552216406281	
3138	 0.007088194540695065	 0.2586430376850672	
3139	 0.007057799959676388	 0.25679722097215135	
3140	 0.007029378943210762	 0.2550760432166315	
3141	 0.006998819577271225	 0.2532305362228524	
3142	 0.006967342369457501	 0.25133520842368523	
3143	 0.006940035098031049	 0.24969558075999687	
3144	 0.006922149582381096	 0.248623997164916	
3145	 0.0069135537414086855	 0.24810964643893763	
3146	 0.006913285683785785	 0.24809361348276568	
3147	 0.0069141041368661425	 0.24814256777271215	
3148	 0.006915716390398408	 0.24823901310125573	
3149	 0.006916354303849347	 0.24827717735049704	
3150	 0.006917833726987985	 0.24836569536963973	
3151	 0.006922154202579288	 0.24862427373902155	
3152	 0.006921585411416169	 0.24859022571189104	
3153	 0.00692005182327526	 0.24849843391311865	
3154	 0.00691135105679907	 0.24797791263065275	
3155	 0.0069078701199949185	 0.2477697887028539	
3156	 0.0069086593088597565	 0.24781696788668575	
3157	 0.006911889675173736	 0.2480101226690905	
3158	 0.006916871277620351	 0.24830810790074087	
3159	 0.006923195884800708	 0.24868663401715588	
3160	 0.006933133294901939	 0.24928185125003366	
3161	 0.00694417257163747	 0.24994373372351752	
3162	 0.006955749413074065	 0.2506386009247344	
3163	 0.006968424078285254	 0.2514002465134723	
3164	 0.006981293007223874	 0.2521745112608142	
3165	 0.0069967344636196645	 0.2531048097808161	
3166	 0.007014718081123355	 0.2541899919130961	
3167	 0.007035728755202304	 0.2554601863447366	
3168	 0.007056385198573814	 0.2567114335110821	
3169	 0.007072722753093825	 0.25770279875217983	
3170	 0.007087530497946268	 0.2586026548886415	
3171	 0.007106108512978846	 0.2597334014696943	
3172	 0.007125490471144004	 0.26091518223656496	
3173	 0.007139314268838573	 0.261759374573826	
3174	 0.007152269750459942	 0.2625515304067441	
3175	 0.007164382293371938	 0.26329301100939545	
3176	 0.0071793379171921036	 0.2642096870550961	
3177	 0.007194222343227046	 0.26512326402196046	
3178	 0.007206274934197775	 0.26586395245688194	
3179	 0.007217908348905383	 0.2665796642690726	
3180	 0.007226793854770307	 0.2671268373340825	
3181	 0.007234472958566269	 0.26760008112341777	
3182	 0.007241192957999504	 0.2680144925907813	
3183	 0.007244956195118363	 0.26824667735317026	
3184	 0.007244047076715297	 0.2681905790635903	
3185	 0.007239347114612163	 0.2679006368709201	
3186	 0.007233520140130944	 0.2675413431204185	
3187	 0.007238688570175102	 0.2678600210709901	
3188	 0.007247585916036593	 0.26840897399672226	
3189	 0.00725600942080939	 0.2689291058295707	
3190	 0.007262988945744803	 0.26936038034335763	
3191	 0.007267441502374845	 0.26963565439013	
3192	 0.007271018990896149	 0.2698569098648288	
3193	 0.007276093478004756	 0.27017087410071844	
3194	 0.007282559301122836	 0.2705711334078394	
3195	 0.0072907566911378455	 0.2710789240326531	
3196	 0.007299409586123062	 0.2716153441853293	
3197	 0.007311267294760792	 0.2723511295621647	
3198	 0.007324212313021382	 0.27315529263164023	
3199	 0.007337181259282607	 0.27396189286513517	
3200	 0.007356043909221491	 0.2751367478530262	
3201	 0.007378154971089267	 0.2765164883529476	
3202	 0.007392452321716826	 0.277410118787364	
3203	 0.007400383435286159	 0.2779063361447727	
3204	 0.007405338758332261	 0.2782165504814547	
3205	 0.007409883976834396	 0.2785012130639249	
3206	 0.007416323084183663	 0.27890468735486057	
3207	 0.0074233153485151904	 0.27934308701725136	
3208	 0.007572866927758797	 0.2887854358625471	
3209	 0.007680265816148138	 0.29564361017465896	
3210	 0.007673977502578281	 0.29524028379312867	
3211	 0.007676896549976282	 0.29542748129514235	
3212	 0.007674764586253743	 0.295290754524074	
3213	 0.007669968161495771	 0.2949832435037622	
3214	 0.00766542337009755	 0.2946919836039743	
3215	 0.007661395176688847	 0.2944339268949466	
3216	 0.007660603517351097	 0.2943832217397299	
3217	 0.007664924398481921	 0.2946600132574974	
3218	 0.007673016892267468	 0.29517869056532137	
3219	 0.007682750450120684	 0.29580303290498927	
3220	 0.007698215442539967	 0.2967960931551077	
3221	 0.007712474551794031	 0.29771289878060414	
3222	 0.007723467905190972	 0.2984205008790434	
3223	 0.007732364630750227	 0.29899364250944704	
3224	 0.007740122347027887	 0.2994937662482166	
3225	 0.007747615886995884	 0.29997717649810496	
3226	 0.0077565614433441265	 0.3005546649874628	
3227	 0.007756076448691606	 0.3005233443289857	
3228	 0.007752720932299892	 0.3003066828970325	
3229	 0.007751004412944756	 0.3001958735882401	
3230	 0.007749991885986236	 0.30013051793388207	
3231	 0.007749131167757196	 0.30007496556509305	
3232	 0.007755195817805493	 0.30046647706187257	
3233	 0.007766923243125586	 0.30122413556958355	
3234	 0.007784788591215653	 0.3023798053542491	
3235	 0.007809016978414023	 0.30394991280285305	
3236	 0.007827822462507052	 0.30517083308782533	
3237	 0.00784115328959646	 0.3060375041978755	
3238	 0.0078529833804791	 0.3068074317404953	
3239	 0.007865613381167183	 0.3076302729671301	
3240	 0.007879121956273391	 0.3085113284744702	
3241	 0.007893207966027107	 0.30943111851863253	
3242	 0.007906000948710785	 0.31026742512323074	
3243	 0.007914996144379205	 0.3108560021958197	
3244	 0.007924312395164909	 0.3114660569391964	
3245	 0.007934688189714904	 0.31214605665435524	
3246	 0.007937262588913637	 0.31231486720778473	
3247	 0.007937536567590595	 0.3123328349050211	
3248	 0.007943742075944707	 0.3127399068477141	
3249	 0.007945577416836686	 0.3128603430640184	
3250	 0.007940135550139046	 0.31250329840961016	
3251	 0.007930860097323614	 0.31189510544245463	
3252	 0.007912584078615663	 0.31069813120905504	
3253	 0.007897392567307801	 0.309704576126894	
3254	 0.007898730256728112	 0.3097920125649704	
3255	 0.007926557843249226	 0.31161316684670154	
3256	 0.00791602096649745	 0.31092308705811716	
3257	 0.00789955722270329	 0.30984607112585044	
3258	 0.007883189759377674	 0.30877683591372684	
3259	 0.007872978038090466	 0.3081104852394849	
3260	 0.007864931397724158	 0.3075858194115036	
3261	 0.00785911563241702	 0.30720683624205963	
3262	 0.007853354307680777	 0.30683158498442314	
3263	 0.007845854037579524	 0.3063433462486022	
3264	 0.007840167416138773	 0.3059733763848243	
3265	 0.007839690066609168	 0.3059423283056827	
3266	 0.007838445917623966	 0.3058614114798642	
3267	 0.007838837559112976	 0.3058868820928971	
3268	 0.007838297540859842	 0.3058517619395032	
3269	 0.007835048144115307	 0.30564047107872117	
3270	 0.007835008895428335	 0.3056379193039003	
3271	 0.007843095177579331	 0.3061638333205952	
3272	 0.007882100101030066	 0.30870570443769635	
3273	 0.007920701712449461	 0.31122956233117344	
3274	 0.007958840333978128	 0.31373121519361635	
3275	 0.007996517134746828	 0.31621043548983635	
3276	 0.008033758582349356	 0.3186686736671502	
3277	 0.008070612374156176	 0.3211088138023857	
3278	 0.00810707435141484	 0.3235303329760067	
3279	 0.008143148047218893	 0.32593322134915736	
3280	 0.008178830566805344	 0.32831704506520165	
3281	 0.008214122674378736	 0.33068161674448066	
3282	 0.008249047727319925	 0.33302827301353427	
3283	 0.008283630212014156	 0.3353584473991182	
3284	 0.008317867474540691	 0.3376717581412177	
3285	 0.008351726265300547	 0.33996574830536574	
3286	 0.00838518935686028	 0.34223902925426986	
3287	 0.008418247995840641	 0.34449078091709057	
3288	 0.008450898795196398	 0.3467205471447288	
3289	 0.00848313889800772	 0.3489279090253489	
3290	 0.008514965930721773	 0.35111248218501995	
3291	 0.008546376317973536	 0.3532738011454695	
3292	 0.008577369976934063	 0.3554116425512666	
3293	 0.00860793169627664	 0.3575247390784115	
3294	 0.008638055458382197	 0.35961245480554854	
3295	 0.008667735912897793	 0.3616741999147522	
3296	 0.008696969388868665	 0.36370950189013973	
3297	 0.008725716275704716	 0.3657153790823098	
3298	 0.008753728620499467	 0.3676742448500417	
3299	 0.008781563985120375	 0.36962487851875264	
3300	 0.008808917820686267	 0.37154578776423536	
3301	 0.008835789549667336	 0.3734367174389619	
3302	 0.008862186878604732	 0.3752980009092945	
3303	 0.008888118676952123	 0.37713006215309974	
3304	 0.008913604435879827	 0.3789340865070796	
3305	 0.008938639949569376	 0.3807095913232441	
3306	 0.008963237750846783	 0.38245728566136594	
3307	 0.008987413148460233	 0.384178086309503	
3308	 0.009011179557242016	 0.3858727859268288	
3309	 0.009034523606219218	 0.38754027192378177	
3310	 0.00905744412293878	 0.3891803017452267	
3311	 0.009079946078275595	 0.39079307604810243	
3312	 0.009102036431244385	 0.3923789437434015	
3313	 0.009123719651856444	 0.39393808081808673	
3314	 0.0091449978466937	 0.3954704978255042	
3315	 0.009165872347973147	 0.39697615318348783	
3316	 0.009186351419441569	 0.39845550976901495	
3317	 0.009206431575746082	 0.3999081861151626	
3318	 0.009226116098417982	 0.4013342925652763	
3319	 0.009245409005786694	 0.40273399696723594	
3320	 0.009264314358249757	 0.4041074744515898	
3321	 0.009282803123056772	 0.4054524952324641	
3322	 0.00930071463116263	 0.4067572260509309	
3323	 0.009291864011614678	 0.40611230940859677	
3324	 0.00928422971693871	 0.40555635137583135	
3325	 0.009278658032287914	 0.4051507926816323	
3326	 0.009270428843686885	 0.40455209322126806	
3327	 0.00925963961580656	 0.4037676794548404	
3328	 0.009243467694940267	 0.40259306627163643	
3329	 0.009227418981300608	 0.4014287556068797	
3330	 0.009213573053441866	 0.40042533794883844	
3331	 0.009209086776527486	 0.4001004319012876	
3332	 0.00921064386599645	 0.4002131877940494	
3333	 0.009214365832932907	 0.4004827637521667	
3334	 0.009222368456462602	 0.40106262650364677	
3335	 0.009255177922885001	 0.40344347712589884	
3336	 0.009286359827638476	 0.4057114434002756	
3337	 0.009316011109903682	 0.4078727968926097	
3338	 0.009344216588501762	 0.4099330230318654	
3339	 0.009371061742015914	 0.4118977409959726	
3340	 0.009396635039232255	 0.41377286867922636	
3341	 0.009421004170665105	 0.4155628710747978	
3342	 0.009444235145248028	 0.41727214807290386	
3343	 0.009466397588958737	 0.41890541998766095	
3344	 0.009466439645500006	 0.41890852179046895	
3345	 0.009470701627239349	 0.4192229040471344	
3346	 0.009472821679830039	 0.41937932345435147	
3347	 0.009486682240458313	 0.42040254324607096	
3348	 0.00950661644842964	 0.42187588239774043	
3349	 0.00952571725460879	 0.42328955836358234	
3350	 0.009544052706385206	 0.42464836836140624	
3351	 0.009561658934186573	 0.42595477570426965	
3352	 0.009578510569395854	 0.4272066941941961	
3353	 0.00959469701735409	 0.42841057888162526	
3354	 0.009611546884437938	 0.42966524525157185	
3355	 0.009627615044657789	 0.43086307126213375	
3356	 0.009630303575006395	 0.4310636221881032	
3357	 0.009631876023949004	 0.431180936321046	
3358	 0.009633225212694985	 0.43128160408081745	
3359	 0.009649409220832154	 0.43248988287230056	
3360	 0.009652754852155485	 0.4327398323576422	
3361	 0.00966828433171964	 0.43390078376551133	
3362	 0.009683051832888772	 0.4350059250592075	
3363	 0.009697106157648705	 0.43605873913397847	
3364	 0.009710479801463206	 0.4370615081829543	
3365	 0.009723248060271033	 0.4380197443940843	
3366	 0.009735443208897559	 0.4389357532523253	
3367	 0.009747087178262262	 0.43981107580948486	
3368	 0.009758219423104697	 0.4406485821348569	
3369	 0.00976884062486887	 0.4414482354201965	
3370	 0.009778868626660343	 0.44220375978838294	
3371	 0.009788631258746109	 0.4429397871780216	
3372	 0.009797967848163438	 0.4436441521936223	
3373	 0.009806882192572489	 0.44431708017325794	
3374	 0.009815405161969873	 0.44496084539466846	
3375	 0.009823560750614054	 0.44557721027390235	
3376	 0.009831391612593292	 0.4461693548121448	
3377	 0.009838921883764545	 0.4467390662844821	
3378	 0.009846159351247682	 0.4472868993752699	
3379	 0.009853159687593793	 0.4478170385261697	
3380	 0.009859924479148362	 0.4483295783695302	
3381	 0.009866462730380183	 0.44882517704323716	
3382	 0.009872794340088909	 0.44930532103703325	
3383	 0.009878923004342765	 0.4497702706605602	
3384	 0.009884865933597786	 0.4502213132249316	
3385	 0.009890612932521152	 0.4506576575018335	
3386	 0.009896159403601652	 0.45107893689876505	
3387	 0.009901513206253765	 0.4514857315930785	
3388	 0.009906677834617942	 0.45187829135606755	
3389	 0.00991167807864157	 0.45225848639417054	
3390	 0.009916522539028666	 0.45262695835164407	
3391	 0.009921218098734813	 0.45298421940034883	
3392	 0.009925770981013857	 0.453330732511106	
3393	 0.00993017285831011	 0.45366585362112927	
3394	 0.009934030067178874	 0.4539595897826658	
3395	 0.00993811252474036	 0.4542705620344812	
3396	 0.009942173098974178	 0.45457995186231853	
3397	 0.009946113243525114	 0.4548802462582979	
3398	 0.009949936199214117	 0.4551716850304273	
3399	 0.009953646104116661	 0.45545457688312835	
3400	 0.009957247190960689	 0.45572923825709416	
3401	 0.009960743590101	 0.4559959782812375	
3402	 0.009964132779921342	 0.45625459890028636	
3403	 0.00996722576186479	 0.4564906678217578	
3404	 0.009970443375257508	 0.45673630095467876	
3405	 0.009973428080914448	 0.45696420112500635	
3406	 0.00997634944987114	 0.4571873091944157	
3407	 0.009979201771035772	 0.45740518603736385	
3408	 0.009981984951852397	 0.4576178215624571	
3409	 0.009984705172389906	 0.4578256851079328	
3410	 0.00998736368781236	 0.4580288699866854	
3411	 0.009989963096181753	 0.4582275723011016	
3412	 0.00999258499903168	 0.4584280290444558	
3413	 0.009995136229482598	 0.45862311621468205	
3414	 0.009997542184983329	 0.45880712493615267	
3415	 0.00999996109049801	 0.45899215384426006	
3416	 0.010002240321414368	 0.45916652595376956	
3417	 0.010004350952558935	 0.4593280229959022	
3418	 0.01000582393265168	 0.4594407429917338	
3419	 0.010008013516138512	 0.45960832160214093	
3420	 0.010009929529519889	 0.4597549827234371	
3421	 0.01001173872568808	 0.4598934847082286	
3422	 0.010013470117210635	 0.46002604602817865	
3423	 0.010015133557954373	 0.46015341919512287	
3424	 0.010016757934315435	 0.46027781473153756	
3425	 0.010018335795609009	 0.4603986609983599	
3426	 0.010019893752035129	 0.4605179952284573	
3427	 0.010045914790160215	 0.4625129476013412	
3428	 0.010022640051439123	 0.46072838266210153	
3429	 0.010000484705670117	 0.4590322105751848	
3430	 0.009981386448162006	 0.4575720924343731	
3431	 0.009966593416398805	 0.4564424006799466	
3432	 0.009956310046577878	 0.4556577541931444	
3433	 0.009948512806488815	 0.4550631655456234	
3434	 0.009939963703747055	 0.45441159960382843	
3435	 0.009933025867864072	 0.45388311015572075	
3436	 0.009934156498012407	 0.45396921909598326	
3437	 0.009934824982976884	 0.4540201340720624	
3438	 0.009932139897403394	 0.45381563909544154	
3439	 0.009931683817092507	 0.4537809078740746	
3440	 0.00993232632054505	 0.45382983581225544	
3441	 0.009932618958182135	 0.4538521214599495	
3442	 0.00992999504897477	 0.4536523148265246	
3443	 0.009929899934569214	 0.45364507267244614	
3444	 0.009928442095523394	 0.4535340763987019	
3445	 0.01006254922225854	 0.4637900647316467	
3446	 0.010266372442656619	 0.4795528067450274	
3447	 0.010508126649321993	 0.4985211354076989	
3448	 0.010585986508114258	 0.5046926402021473	
3449	 0.01052771094170802	 0.5000706104083773	
3450	 0.010473465581466654	 0.4957835289281831	
3451	 0.010428027660562682	 0.49220388291654477	
3452	 0.010386803438519249	 0.4889651796184338	
3453	 0.010349832176013655	 0.48606788100783316	
3454	 0.010316358940693908	 0.48345065371908125	
3455	 0.010284122269491686	 0.4809354573873827	
3456	 0.010252344512287938	 0.47846120582866725	
3457	 0.010222634338339127	 0.4761525582996182	
3458	 0.010196460019779146	 0.4741223691365624	
3459	 0.010173383153279078	 0.47233531062996303	
3460	 0.010149900337539066	 0.47051958776367564	
3461	 0.010128843977722183	 0.4688938612842323	
3462	 0.010110699136904735	 0.4674947343521501	
3463	 0.010094420987288369	 0.46624096933721065	
3464	 0.010080052828746414	 0.4651354337050037	
3465	 0.010067503492788383	 0.46417070361914736	
3466	 0.01005787332800613	 0.4634309282073839	
3467	 0.01004991443818999	 0.4628198940119548	
3468	 0.010044509575563274	 0.4624051260548963	
3469	 0.010045733016586999	 0.4624989996225157	
3470	 0.01004703153350994	 0.462598642036671	
3471	 0.010048264308256019	 0.4626932476333219	
3472	 0.010049755642543493	 0.4628077059484563	
3473	 0.01005143648242185	 0.46293672218920623	
3474	 0.010051992017409443	 0.4629793665556174	
3475	 0.010052797581675137	 0.463041206635952	
3476	 0.010053572343388183	 0.46310068523906106	
3477	 0.010054306614896575	 0.4631570582219537	
3478	 0.010055075263087333	 0.4632160733817497	
3479	 0.010055771146260679	 0.4632695043935813	
3480	 0.01005633854783207	 0.46331307220900325	
3481	 0.010048694789730908	 0.4627262854645222	
3482	 0.01003796702706521	 0.4619032513670145	
3483	 0.010026336046544638	 0.4610115846838747	
3484	 0.010016276201648142	 0.4602409220053217	
3485	 0.010007964096560849	 0.45960453903135057	
3486	 0.010001243734723535	 0.4590902790270928	
3487	 0.009996116109544297	 0.4586980543850312	
3488	 0.009992685523604576	 0.45843571531655297	
3489	 0.009990997352805016	 0.4583066418718871	
3490	 0.009989573962935346	 0.45819782423198907	
3491	 0.009995302539742552	 0.45863583475947706	
3492	 0.010000460615123389	 0.4590303676098413	
3493	 0.010004570663391391	 0.4593448356942906	
3494	 0.009995379331377108	 0.4586417074324105	
3495	 0.009984674415722868	 0.45782333464999797	
3496	 0.009969580802490751	 0.4566704468231668	
3497	 0.009956317575883951	 0.4556583285002161	
3498	 0.009944559636133509	 0.4547618300658667	
3499	 0.009937447271784966	 0.45421988204033653	
3500	 0.009928239895953485	 0.4535186822795035	
3501	 0.009920054272155955	 0.4528956592970934	
3502	 0.009912228526552073	 0.4523003476789507	
3503	 0.009906121937348595	 0.4518360314424544	
3504	 0.009901056756660974	 0.45145104374498096	
3505	 0.009897250327527423	 0.4511618160014346	
3506	 0.009894101520971567	 0.45092261309575704	
3507	 0.009891367662738564	 0.4507149733974643	
3508	 0.009889823401991443	 0.4505977019133405	
3509	 0.009892198810556684	 0.45077809598946494	
3510	 0.009897616934280167	 0.45118966902542956	
3511	 0.009910593421507371	 0.45217600330438606	
3512	 0.009922620334087	 0.45309093015651863	
3513	 0.00993370659144682	 0.45393495337029416	
3514	 0.009938954009666993	 0.4543346708912577	
3515	 0.009945766531147487	 0.4548538187190045	
3516	 0.009949404556824974	 0.4551311513949559	
3517	 0.009951767462150433	 0.45531131577038114	
3518	 0.009954462706592098	 0.45551685481658316	
3519	 0.009963250902303187	 0.4561872993741793	
3520	 0.009971630939146247	 0.4568269731297492	
3521	 0.00997939550344535	 0.4574199859489394	
3522	 0.00998628138111796	 0.45794614715468945	
3523	 0.009992519623138879	 0.45842303032518417	
3524	 0.009994415029689343	 0.45856796423315366	
3525	 0.009994925990383756	 0.45860703842237643	
3526	 0.00999463457482125	 0.4585847531265963	
3527	 0.009994768535070414	 0.4585949973567703	
3528	 0.009993686863759253	 0.4585122822251218	
3529	 0.009990508516967528	 0.45826926938388407	
3530	 0.009988682539102548	 0.4581296804665167	
3531	 0.009991815634733128	 0.458369203907761	
3532	 0.009996764325328308	 0.4587476305975522	
3533	 0.010001091912849303	 0.45907866387272417	
3534	 0.010005163059387175	 0.4593901682096851	
3535	 0.010007309649020251	 0.45955444883970537	
3536	 0.010007433107963334	 0.45956389798935154	
3537	 0.010007661539511955	 0.4595813816088654	
3538	 0.010016896798044484	 0.4602884496078666	
3539	 0.010045028035686741	 0.4624449061194386	
3540	 0.010214855426311616	 0.47554883112678564	
3541	 0.010274464355671297	 0.48018294153084967	
3542	 0.010251148868696892	 0.4783682113539522	
3543	 0.010226089712163253	 0.4764208307103337	
3544	 0.010202061106309264	 0.47455652089705214	
3545	 0.01018031765272983	 0.47287203033173103	
3546	 0.01016090924803825	 0.4713704632069775	
3547	 0.010145014977541826	 0.47014219674201563	
3548	 0.010134207317052354	 0.46930774213540527	
3549	 0.010125818907269714	 0.4686604855647045	
3550	 0.010118710958026597	 0.46811231007881143	
3551	 0.01011251686761209	 0.4676348220036744	
3552	 0.010108533550953116	 0.46732786034199214	
3553	 0.010137230147333842	 0.4695410737707872	
3554	 0.010152907284099545	 0.4707519327326564	
3555	 0.010158667463310777	 0.47119714646857974	
3556	 0.01015195255152353	 0.4706781561441951	
3557	 0.010146944276119813	 0.4702912193852562	
3558	 0.010143417929503167	 0.47001885204602095	
3559	 0.010141394696827332	 0.46986261045203	
3560	 0.010141274246474317	 0.46985330948062737	
3561	 0.010142472079249037	 0.4699458073656669	
3562	 0.010145241172346465	 0.47015966747566	
3563	 0.010150272770358263	 0.470548362936183	
3564	 0.010162062335855813	 0.47145962059857793	
3565	 0.010180200674848485	 0.4728629744001003	
3566	 0.010199502891692105	 0.4743582086900986	
3567	 0.010419156410912435	 0.4915062078067307	
3568	 0.010405165504112697	 0.4904067043494458	
3569	 0.010385188799795374	 0.4888385026595439	
3570	 0.010365724381840085	 0.4873124493204353	
3571	 0.010346697536203053	 0.4858225478987772	
3572	 0.01033380224383493	 0.4848138168916039	
3573	 0.010325162766518917	 0.48413846518275205	
3574	 0.010317138667025752	 0.48351155516438005	
3575	 0.0103084541966015	 0.48283341761058884	
3576	 0.010298777111297312	 0.48207821903821074	
3577	 0.010288450729936604	 0.4812728710708308	
3578	 0.010277695070446307	 0.4804346167302629	
3579	 0.010267118670119712	 0.4796109032386615	
3580	 0.01025860561065164	 0.4789482980656832	
3581	 0.010250739348755082	 0.4783363614745049	
3582	 0.010242103081930378	 0.4776648846726683	
3583	 0.010234113219430243	 0.47704400238215205	
3584	 0.010226662709356724	 0.4764653235884073	
3585	 0.010219494202531213	 0.47590881313743183	
3586	 0.01021342799305641	 0.475438080237055	
3587	 0.010209260441714099	 0.47511478964746384	
3588	 0.010205315340369819	 0.474808836282681	
3589	 0.010201588556805205	 0.47451988647193066	
3590	 0.010198227319244675	 0.4742593389962928	
3591	 0.010195022506045372	 0.47401097011731613	
3592	 0.010192213671294408	 0.47379333185193434	
3593	 0.010189601783461852	 0.47359098959220897	
3594	 0.010187097697439156	 0.4733970311735536	
3595	 0.01018462335054365	 0.473205407469683	
3596	 0.010261110031461964	 0.4791431890247922	
3597	 0.01029387645108016	 0.4816959524879986	
3598	 0.010275106780841165	 0.4802329827505947	
3599	 0.0102574593730223	 0.4788591098375441	
3600	 0.010243729984170427	 0.4777913488064993	
3601	 0.010233499727734553	 0.47699634205899777	
3602	 0.010224736307707054	 0.4763157462894326	
3603	 0.010215658107375973	 0.4756111136268372	
3604	 0.010205203097568635	 0.47480013270083016	
3605	 0.010195376450596011	 0.47403839780588725	
3606	 0.01018792087697821	 0.4734607884964361	
3607	 0.010180891172644431	 0.47291643081583	
3608	 0.01017305837526235	 0.47231017928301894	
3609	 0.010167513681214508	 0.4718812129665386	
3610	 0.010163849633853502	 0.471597828803439	
3611	 0.010160841474959265	 0.4713652231646697	
3612	 0.010157968087803023	 0.47114308160521806	
3613	 0.010158125367638321	 0.4711552398255896	
3614	 0.010153604710848942	 0.47080582903686213	
3615	 0.010149757277026173	 0.47050853470649284	
3616	 0.010144157527090013	 0.4700759717236948	
3617	 0.010160843825597263	 0.4713654049096385	
3618	 0.010167874372506786	 0.4719091131760496	
3619	 0.01016549411264235	 0.47172500739550216	
3620	 0.01015980734114069	 0.471285269455117	
3621	 0.010155861814839942	 0.47098027224947553	
3622	 0.010153118177904137	 0.47076823009306284	
3623	 0.010152146106220939	 0.47069311263435504	
3624	 0.010153197574336368	 0.470774365714759	
3625	 0.010153694597556507	 0.47081277555355233	
3626	 0.010152332576968709	 0.4707075219085357	
3627	 0.010149375060248008	 0.47047900460806974	
3628	 0.010147006341447856	 0.47029601374132457	
3629	 0.010144243297276017	 0.47008259599930297	
3630	 0.010140569053738016	 0.46979885717466646	
3631	 0.010136676546950878	 0.4694983380032818	
3632	 0.010134115118456079	 0.46930062607418255	
3633	 0.010132463462701437	 0.46917315548596045	
3634	 0.01013997885024229	 0.46975328584184944	
3635	 0.010144401474857458	 0.4700948126020943	
3636	 0.010146404750819491	 0.47024954353563886	
3637	 0.010145225477866433	 0.4701584552640128	
3638	 0.010142674930394556	 0.469961472461931	
3639	 0.010137025851025157	 0.46952530271986004	
3640	 0.010136705687222521	 0.4695005874785992	
3641	 0.010141514622343334	 0.46987187096957655	
3642	 0.010152735189665418	 0.4707386338604755	
3643	 0.01017337900764863	 0.47233498983740235	
3644	 0.010200260858853137	 0.4744169626730124	
3645	 0.010228640787677353	 0.4766189329197117	
3646	 0.01025578072045665	 0.4787285066356182	
3647	 0.010279323387587636	 0.4805614838973716	
3648	 0.010300402794775353	 0.4822050541344549	
3649	 0.010319641516533952	 0.48370706391158147	
3650	 0.010336699395673837	 0.48504037282023194	
3651	 0.010351912200099624	 0.4862307017845206	
3652	 0.010366174032150592	 0.48734768135929046	
3653	 0.010379008072872816	 0.488353713227911	
3654	 0.010390585584734881	 0.4892619604121214	
3655	 0.010400639848869459	 0.490051257514921	
3656	 0.010409076371059938	 0.4907139484850689	
3657	 0.010416878890179282	 0.4913271571605984	
3658	 0.010436512939603527	 0.4928715738942883	
3659	 0.010454894601702189	 0.49431923441409026	
3660	 0.010469611094385503	 0.4954794658090849	
3661	 0.010480621762812706	 0.49634824567380437	
3662	 0.010488985905203299	 0.497008612298442	
3663	 0.010493790008028157	 0.49738806509012123	
3664	 0.010491669975896655	 0.49722059975010374	
3665	 0.010489671256377803	 0.4970627377811203	
3666	 0.010490764108969645	 0.49714905049015806	
3667	 0.01049298045218699	 0.4973241140837998	
3668	 0.010494237511328748	 0.4974234171038044	
3669	 0.010492940586046122	 0.49732096493595274	
3670	 0.010491527033445615	 0.4972093092678102	
3671	 0.010490289577228988	 0.49711157157937724	
3672	 0.010489284368060906	 0.49703218305780866	
3673	 0.010488133474632734	 0.4969412950411281	
3674	 0.01048650037782571	 0.4968123380121525	
3675	 0.01048427664025254	 0.49663676272821317	
3676	 0.010480018701434333	 0.49630064628470555	
3677	 0.010474419238381421	 0.495858770139285	
3678	 0.010467654649667688	 0.4953251592496111	
3679	 0.010460317130557735	 0.49474661377453405	
3680	 0.010452549764197398	 0.4941344706156505	
3681	 0.010445144017038107	 0.4935511088655671	
3682	 0.010447769580377464	 0.4937578968668131	
3683	 0.0104493001311395	 0.49387845823354826	
3684	 0.010449998485734299	 0.4939334714832035	
3685	 0.010450979496293233	 0.49401075524456833	
3686	 0.010442492642078274	 0.49334232311738324	
3687	 0.010430832975441529	 0.49242458791396787	
3688	 0.01041671756452131	 0.4913144752961361	
3689	 0.01040086236462113	 0.4900687315843295	
3690	 0.010385937490364695	 0.48889723976723637	
3691	 0.010372234459857885	 0.48782264137904036	
3692	 0.010358455070116426	 0.486743008822077	
3693	 0.010344738117292834	 0.485669218814498	
3694	 0.010332385783408986	 0.48470306575461647	
3695	 0.010321500661703486	 0.48385231050315397	
3696	 0.010311766771375918	 0.4830920391725774	
3697	 0.010303171128462161	 0.4824210690010367	
3698	 0.01029581104641132	 0.4818468423758604	
3699	 0.010289097015640148	 0.4813232586845766	
3700	 0.010282691657559817	 0.4808239586320675	
3701	 0.010275797004990957	 0.48028674955991674	
3702	 0.01026957868237934	 0.47980244398282607	
3703	 0.010263439970755005	 0.47932453052262375	
3704	 0.010256593469893667	 0.4787917387146545	
3705	 0.010250539979431247	 0.47832085609233305	
3706	 0.01024686253370448	 0.4780348892663982	
3707	 0.010242704202381077	 0.4777116100612972	
3708	 0.01023877578059074	 0.4774062849682134	
3709	 0.010235047646447918	 0.4771165988643877	
3710	 0.010231548577053638	 0.4768447756982563	
3711	 0.010228264023921662	 0.47658967348728193	
3712	 0.010225477577882853	 0.47637330069780726	
3713	 0.010230040841387735	 0.476727667234832	
3714	 0.01022676774666534	 0.47647347985078453	
3715	 0.010223679578920604	 0.47623370355091826	
3716	 0.010220948013188437	 0.47602165533536867	
3717	 0.010218082295763733	 0.4757992336880053	
3718	 0.010215688690151672	 0.4756134867032738	
3719	 0.010212719326885193	 0.47538310047715754	
3720	 0.01020680826227624	 0.47492460717502794	
3721	 0.010195347889328422	 0.47403618452732404	
3722	 0.010172429330293322	 0.47226150525806987	
3723	 0.010139174579476485	 0.4696911885976027	
3724	 0.010101569510754568	 0.4667913923892501	
3725	 0.010063396485518197	 0.46385515150407297	
3726	 0.010023164115236311	 0.4607685343042432	
3727	 0.009981422708323664	 0.45757486286748866	
3728	 0.009939007728788684	 0.45433876362633857	
3729	 0.009897869558143176	 0.4512088625760311	
3730	 0.009855974723006138	 0.448030293446497	
3731	 0.00980956104330899	 0.444519381558478	
3732	 0.009753720954841736	 0.44031007450343734	
3733	 0.00969502904279754	 0.4359030776756682	
3734	 0.009639379137394172	 0.4317408894496177	
3735	 0.009587597616762178	 0.4278823863993501	
3736	 0.009537907593444387	 0.4241927701364903	
3737	 0.009487988500680234	 0.420499025927489	
3738	 0.009440292583188266	 0.4169818665093897	
3739	 0.009402563030742848	 0.4142080169723958	
3740	 0.009379668249334122	 0.41252842123402145	
3741	 0.009360815113736588	 0.41114737697296916	
3742	 0.009342968034732663	 0.4098417365090634	
3743	 0.00932553302065572	 0.4085678460509162	
3744	 0.009307798498368634	 0.40727369992195145	
3745	 0.00928960790231207	 0.405947979337922	
3746	 0.00927030758785448	 0.40454327412422897	
3747	 0.009249330759293186	 0.4030187593423187	
3748	 0.009229714505030285	 0.401595209817533	
3749	 0.009209941374747059	 0.40016231565113936	
3750	 0.009189625969321298	 0.3986922590881845	
3751	 0.009167783532817272	 0.39711411923652257	
3752	 0.009143754976277276	 0.39538092311605494	
3753	 0.009118985106258177	 0.3935974311636683	
3754	 0.009089405244743935	 0.3914718356344999	
3755	 0.009053559471121245	 0.3889021486225582	
3756	 0.009017014478710074	 0.3862893098911853	
3757	 0.008984351938389801	 0.3839600190568025	
3758	 0.00895456787475051	 0.3818409183497582	
3759	 0.008928200029986937	 0.3799687944449826	
3760	 0.008903198538962738	 0.3781970830426556	
3761	 0.00887777057564734	 0.37639854901521225	
3762	 0.008851291363529447	 0.3745293063229425	
3763	 0.008829523383509858	 0.372995431971557	
3764	 0.00881689652321174	 0.3721068381880162	
3765	 0.008807066049279475	 0.3714156223893483	
3766	 0.008798211085500864	 0.37079343835957324	
3767	 0.008787488234496795	 0.3700405680135861	
3768	 0.008777371409568874	 0.36933080911047256	
3769	 0.008771777739267645	 0.36893861198727224	
3770	 0.008769056240790636	 0.36874785589470793	
3771	 0.008770449262875343	 0.36884549108913856	
3772	 0.008775430060621365	 0.36919467360900393	
3773	 0.008778405110535398	 0.36940330473273875	
3774	 0.008771505366512177	 0.3689195189768557	
3775	 0.008755436123135027	 0.36779378354193626	
3776	 0.008733614349834867	 0.36626725709579483	
3777	 0.008712651073619007	 0.364803178872566	
3778	 0.00869389246523416	 0.36349506428357325	
3779	 0.008673941381557233	 0.36210585694174036	
3780	 0.008655266491082525	 0.3608074404705261	
3781	 0.008641689061283467	 0.3598646087917958	
3782	 0.008634222129514679	 0.35934651746863083	
3783	 0.008631281288095037	 0.35914254983046057	
3784	 0.008628162212758592	 0.3589262710624863	
3785	 0.008623366259792998	 0.358593818158613	
3786	 0.008617610675041559	 0.3581950067905933	
3787	 0.00861518423965052	 0.358026929369807	
3788	 0.008617134882181722	 0.3581620464770073	
3789	 0.008618134040245464	 0.35823126405587874	
3790	 0.008617247267208448	 0.358169831784364	
3791	 0.008616222717042306	 0.3580988600835216	
3792	 0.008616797018582398	 0.35813864188095573	
3793	 0.008619808959112718	 0.35834730757712213	
3794	 0.008625051027763614	 0.3587105913352778	
3795	 0.008631346156716601	 0.3591470484171977	
3796	 0.008641747620479851	 0.3598686730878975	
3797	 0.008652236232846038	 0.3605969304649306	
3798	 0.008663689575015484	 0.36139284457354476	
3799	 0.00867366540409063	 0.3620866553675866	
3800	 0.008681257222847287	 0.36261501680544894	
3801	 0.008688737101970373	 0.36313588902058536	
3802	 0.008741587757828137	 0.3668247366608092	
3803	 0.008778028180575959	 0.369376869182847	
3804	 0.008845463064544942	 0.3741183701227809	
3805	 0.008899945833913294	 0.37796682614108046	
3806	 0.008924032123372375	 0.37967320892183287	
3807	 0.00894116292421411	 0.38088870339902686	
3808	 0.008962980433039437	 0.38243898644644475	
3809	 0.009004462110986378	 0.38539348582770194	
3810	 0.00906200633816339	 0.38950707207289287	
3811	 0.009198911987749178	 0.399363942311911	
3812	 0.009545786589525698	 0.4247769537146775	
3813	 0.00958313802988843	 0.4275507282723017	
3814	 0.009582391021222995	 0.4274951835229084	
3815	 0.009587862799276913	 0.4279021111830224	
3816	 0.009592001797716397	 0.42821002495719623	
3817	 0.00959237870465318	 0.4282380687111052	
3818	 0.009585784509785944	 0.4277475337723351	
3819	 0.009571979478698403	 0.4267213209811344	
3820	 0.009558457262443443	 0.42571708767053984	
3821	 0.009543976725815752	 0.4246427339731267	
3822	 0.009530355108619479	 0.4236330974573419	
3823	 0.009517971507937798	 0.4227160573802138	
3824	 0.009506302841852865	 0.42185268774567897	
3825	 0.009496197379622554	 0.42110555086762397	
3826	 0.009486067847052398	 0.42035716612900426	
3827	 0.009476756883562908	 0.41966972823079757	
3828	 0.00946469670995944	 0.41877998248611165	
3829	 0.009447964967361052	 0.4175468404709451	
3830	 0.009427363236084356	 0.4160304762194806	
3831	 0.009406231940234861	 0.4144774274466853	
3832	 0.009393033494250564	 0.4135085841430481	
3833	 0.009382692742199184	 0.41275014609239236	
3834	 0.009375835157998634	 0.41224748668737465	
3835	 0.009373371607170286	 0.4120669687802933	
3836	 0.009388859222252488	 0.41320235690929574	
3837	 0.009403847624138508	 0.4143023375515364	
3838	 0.009409159282892536	 0.4146924344271869	
3839	 0.00940745430851721	 0.4145672023268932	
3840	 0.009399537065163808	 0.41398587102889167	
3841	 0.00939130915208329	 0.4133820743107352	
3842	 0.0093824834256927	 0.41273479961376697	
3843	 0.009370187767560371	 0.41183371820565	
3844	 0.00935757833437512	 0.4109104602915403	
3845	 0.009342750221315196	 0.40982581217338415	
3846	 0.009325636174614333	 0.4085753783363783	
3847	 0.00930921428217464	 0.40737695397358875	
3848	 0.009289774819125308	 0.4059601362824706	
3849	 0.009263622280980805	 0.4040571619258046	
3850	 0.00922809434470551	 0.4014777250435082	
3851	 0.009169164053553254	 0.39721378923702927	
3852	 0.009090017044672554	 0.3915157526654047	
3853	 0.009000062021464996	 0.38507966186150266	
3854	 0.008909219040554514	 0.3786234184633626	
3855	 0.008819981277437314	 0.37232384425126125	
3856	 0.008733325486973557	 0.366247066936029	
3857	 0.008650276113132854	 0.3604607884401811	
3858	 0.008573537819861502	 0.35514703339207143	
3859	 0.008510285046456447	 0.3507908493235849	
3860	 0.00846716135963233	 0.3478332850672376	
3861	 0.008437194383400537	 0.34578395402250783	
3862	 0.008418779958744982	 0.3445270632441828	
3863	 0.008411411520003914	 0.34402463774109365	
3864	 0.008412214713739073	 0.34407939019021355	
3865	 0.008414081701939628	 0.3442066732949854	
3866	 0.008413470879286376	 0.34416502800059384	
3867	 0.008410213744923102	 0.34394299377883414	
3868	 0.0084066369499624	 0.3436992347821219	
3869	 0.00839957065984771	 0.3432178694886432	
3870	 0.008391031460356451	 0.3426365277574708	
3871	 0.008378705143314017	 0.341798057522737	
3872	 0.008363196873922969	 0.34074430971591013	
3873	 0.008349101329637714	 0.3397876823796031	
3874	 0.008329890881548325	 0.33848565282766896	
3875	 0.008309403863218929	 0.3370993051093241	
3876	 0.008279534521302772	 0.33508213977814605	
3877	 0.008233195031070025	 0.33196228867318894	
3878	 0.008183980501823437	 0.32866166774509503	
3879	 0.008138805479275067	 0.32564358407024435	
3880	 0.008084530440689018	 0.32203228409251655	
3881	 0.008019540087825974	 0.3177292389114926	
3882	 0.00795575169703312	 0.31352832205275644	
3883	 0.007904513556308036	 0.31017014448948027	
3884	 0.007874525818324122	 0.3082114463088768	
3885	 0.007856845041412474	 0.30705892437058263	
3886	 0.007851464966541809	 0.30670856683958214	
3887	 0.007852396221766063	 0.30676919995047175	
3888	 0.007851463704820335	 0.3067084846933911	
3889	 0.007847048113077043	 0.306421055154613	
3890	 0.007839773812083442	 0.305947775242232	
3891	 0.00783425199156161	 0.305588710452442	
3892	 0.007836345162829446	 0.30572480225272036	
3893	 0.00784166975697499	 0.306071100841103	
3894	 0.007848387389084858	 0.30650822290400276	
3895	 0.007855864895716538	 0.3069950840788194	
3896	 0.007864632688804756	 0.30756634955221945	
3897	 0.007877344343407103	 0.3083953315257691	
3898	 0.007884485835125387	 0.3088614505837824	
3899	 0.007892892014951438	 0.3094104754985613	
3900	 0.007899876060870309	 0.3098669145055699	
3901	 0.007908092736316673	 0.3104042559508662	
3902	 0.007918731387341841	 0.3111005391305356	
3903	 0.007927517735931505	 0.31167606242685647	
3904	 0.007931112806305835	 0.31191166933145825	
3905	 0.00793427042392019	 0.3121186660260827	
3906	 0.007938615361233576	 0.3124035869026885	
3907	 0.007946309633183834	 0.3129083967342963	
3908	 0.007964557676867606	 0.31410692705084986	
3909	 0.007988287709011986	 0.31566825413033633	
3910	 0.008014291381692445	 0.31738273035517106	
3911	 0.008035248642939306	 0.318767188159279	
3912	 0.008047701848335687	 0.3195910008072893	
3913	 0.008054562363061686	 0.3200452053715372	
3914	 0.008060670888931932	 0.32044984117660624	
3915	 0.008069775679213685	 0.32105333250319174	
3916	 0.008085117067004282	 0.32207123032091906	
3917	 0.008102041799409399	 0.3231956774582331	
3918	 0.008114808217285295	 0.32404489093261746	
3919	 0.008124898460848597	 0.3247167176346147	
3920	 0.008133396686434235	 0.3252829765901955	
3921	 0.008143858661524525	 0.32598062716519177	
3922	 0.008151757278520012	 0.32650773774817443	
3923	 0.00816483779241878	 0.3273814088762554	
3924	 0.00817604647639289	 0.32813079989449845	
3925	 0.008179278162356748	 0.32834699146734536	
3926	 0.008174632700221958	 0.32803623977350865	
3927	 0.008162841866298025	 0.3272480369962973	
3928	 0.008144186853192412	 0.32600252210207936	
3929	 0.008124017054892898	 0.3246580098446776	
3930	 0.00810249400705426	 0.3232257427756838	
3931	 0.008086149004187675	 0.3221397453911323	
3932	 0.0080836748387476	 0.3219754839008083	
3933	 0.008085294410490622	 0.32208300455827693	
3934	 0.008090056343524738	 0.3223992244974396	
3935	 0.008098969774746362	 0.3229914615284107	
3936	 0.008108533441898722	 0.32362738573287764	
3937	 0.008113392326315283	 0.32395066287914903	
3938	 0.008112000784398433	 0.32385806594480665	
3939	 0.008105053282840023	 0.32339591896041414	
3940	 0.008094179318314526	 0.3226731141580484	
3941	 0.008079766227259942	 0.32171605687520083	
3942	 0.008063611716853988	 0.3206447179337143	
3943	 0.008047161134322817	 0.31955521347621385	
3944	 0.008030877794773445	 0.3184782466059243	
3945	 0.008017377409841413	 0.31758644513285433	
3946	 0.008000139278678991	 0.3164491920672767	
3947	 0.007985812945207102	 0.31550528142929574	
3948	 0.00797172918464482	 0.3145784527779512	
3949	 0.0079535374764814	 0.31338290180121997	
3950	 0.007934363369444773	 0.3121247598748498	
3951	 0.007913276904693877	 0.31074347376050454	
3952	 0.007886113929417748	 0.3089677543188782	
3953	 0.007857563873118568	 0.30710574774999805	
3954	 0.007830780106391856	 0.3053630322008491	
3955	 0.007811385039871274	 0.30410354819410174	
3956	 0.007810075182497677	 0.304018563263427	
3957	 0.007815799266259155	 0.30439001782466707	
3958	 0.00782619683052253	 0.3050652138630198	
3959	 0.007841144163437253	 0.30603691054670373	
3960	 0.007856738415677128	 0.30705197920889554	
3961	 0.007868697709357771	 0.3078313500463804	
3962	 0.0078768176862815	 0.3083609682149615	
3963	 0.007881647636553607	 0.30867617007282117	
3964	 0.00788562386343327	 0.3089357547282944	
3965	 0.007887457350252411	 0.3090554817875452	
3966	 0.00788745235694173	 0.3090551556981512	
3967	 0.007886084803460479	 0.3089658524589314	
3968	 0.007883920827434755	 0.308824562757475	
3969	 0.007883322982568395	 0.30878553299961164	
3970	 0.007880715791065331	 0.3086153479423643	
3971	 0.007880558609967081	 0.3086050891075684	
3972	 0.007880993695555996	 0.308633486438387	
3973	 0.007884141310178764	 0.3088389572707391	
3974	 0.007889955035870661	 0.30921861101822545	
3975	 0.007897337925423513	 0.3097010047366244	
3976	 0.007901481941753948	 0.3099719041424887	
3977	 0.007906152755587065	 0.3102773545069129	
3978	 0.007914334767385537	 0.3108127115279233	
3979	 0.00793435573312484	 0.31212425920797204	
3980	 0.007974523277293097	 0.31476224059652314	
3981	 0.00801358066115559	 0.31733582170458824	
3982	 0.008052429583419037	 0.3199039757556254	
3983	 0.008090373027961834	 0.3224202585802702	
3984	 0.008126511289042494	 0.32482415424486	
3985	 0.008160901273634155	 0.32711838345487926	
3986	 0.008179757315933588	 0.328379050471502	
3987	 0.008198094126550226	 0.3296068625316908	
3988	 0.008209281827746067	 0.330356878370049	
3989	 0.008216636655432553	 0.3308503124085023	
3990	 0.008224061484683862	 0.3313487415982924	
3991	 0.008230155959076443	 0.33175808824749337	
3992	 0.008233539782348533	 0.3319854562730467	
3993	 0.008241172096740102	 0.33249852037700534	
3994	 0.008250495012073188	 0.333125661008146	
3995	 0.008266302160739153	 0.3341900676537419	
3996	 0.008292579312971381	 0.3359624976259423	
3997	 0.008298166330929587	 0.3363398329813109	
3998	 0.008301779133965006	 0.3365839242374727	
3999	 0.008306321788813072	 0.33689093944380116	
4000	 0.008310845214868494	 0.3371967663192365	
4001	 0.008314459785415916	 0.33744122564871365	
4002	 0.008318057848681877	 0.3376846389390072	
4003	 0.008326330982193287	 0.3382445926081749	
4004	 0.008342853302600484	 0.3393639894739197	
4005	 0.008368432456423571	 0.3410999088211626	
4006	 0.008390957938850975	 0.34263152418512566	
4007	 0.008408601832235265	 0.3438331331830904	
4008	 0.008420801467051044	 0.3446649533871508	
4009	 0.008432530355853592	 0.34546543410079283	
4010	 0.008446263027916472	 0.3464036140213264	
4011	 0.008465585186507762	 0.3477253757312168	
4012	 0.008498160069059662	 0.3499582663946908	
4013	 0.008529868897299954	 0.35213727973178827	
4014	 0.00856002660355626	 0.35421471751134964	
4015	 0.00857576958198104	 0.3553011262306796	
4016	 0.00859023886705492	 0.35630081183965184	
4017	 0.008606737223847777	 0.35744205686836944	
4018	 0.0086280403548009	 0.3589178224080749	
4019	 0.008655380940229461	 0.3608153921389936	
4020	 0.008681188404986856	 0.3626102259625566	
4021	 0.008685690075419826	 0.3629236688145039	
4022	 0.008684210116293013	 0.36282061008908223	
4023	 0.008682716917788132	 0.36271664128944736	
4024	 0.008677160811499695	 0.3623298840229712	
4025	 0.008671301244029464	 0.36192218183541575	
4026	 0.008662903074107858	 0.36133816671437535	
4027	 0.008656292439564565	 0.36087872355811695	
4028	 0.00865241544114891	 0.36060937857821734	
4029	 0.008648937782318948	 0.36036784518330517	
4030	 0.008648083730462247	 0.3603085387296461	
4031	 0.00864960148215657	 0.3604139360452204	
4032	 0.008651810316506114	 0.36056734628180814	
4033	 0.008652916739816255	 0.36064420054850893	
4034	 0.008651753818582875	 0.36056342200446717	
4035	 0.008652786030759807	 0.3606351209076539	
4036	 0.008669017829314934	 0.36176335409821414	
4037	 0.008684990152142047	 0.3628749273600052	
4038	 0.008701227310356207	 0.36400632927766946	
4039	 0.008719072416711415	 0.365251397177412	
4040	 0.008737828405411844	 0.3665618504430066	
4041	 0.008757159062526805	 0.3679144186830789	
4042	 0.008773076872873292	 0.36902968516635265	
4043	 0.008792655622490873	 0.3704033030595282	
4044	 0.008810496323366179	 0.3716567588400763	
4045	 0.008822031013862986	 0.3724680669427643	
4046	 0.00881721926827256	 0.37212954026335887	
4047	 0.008800144910691551	 0.3709292807898588	
4048	 0.00878436931779711	 0.36982169827373435	
4049	 0.008768186954402943	 0.3686869339264778	
4050	 0.008755051839325791	 0.36776687927995355	
4051	 0.00875145417280564	 0.36751503966152704	
4052	 0.008757627190935854	 0.3679471983892226	
4053	 0.00876313655477935	 0.36833306775905394	
4054	 0.0087656102066322	 0.36850637205064957	
4055	 0.00876433773801872	 0.36841721870197275	
4056	 0.008762063684942078	 0.36825791253185763	
4057	 0.008760636223105448	 0.36815792741647413	
4058	 0.008762308297904278	 0.3682750472884521	
4059	 0.008768920279197751	 0.36873832706869153	
4060	 0.008775882134814979	 0.3692263731476113	
4061	 0.00878310911669838	 0.36973327845157317	
4062	 0.008791802716136433	 0.3703434218113993	
4063	 0.008803516495683476	 0.3711661669089725	
4064	 0.00881590599399224	 0.372037167245767	
4065	 0.008825829034254806	 0.3727353607042419	
4066	 0.008832450537649953	 0.37320154648901543	
4067	 0.008838814368570182	 0.37364981051335683	
4068	 0.008849650412466058	 0.37441358944466185	
4069	 0.008871999010663491	 0.3759908006468427	
4070	 0.008920113631541398	 0.3793953956750198	
4071	 0.009167240427614867	 0.39707491119814137	
4072	 0.009407966987910743	 0.4146048575585526	
4073	 0.009900045346045628	 0.45137418547934055	
4074	 0.010407539213444868	 0.4905931776749515	
4075	 0.010769375009959628	 0.5193485358984975	
4076	 0.010977669995810032	 0.5361978026502016	
4077	 0.01112981564226076	 0.5486407090111216	
4078	 0.011342384119370295	 0.5662158159786046	
4079	 0.011799909978476415	 0.6047918101363977	
4080	 0.012427719609121075	 0.6593669200180686	
4081	 0.01284713408340031	 0.6968701133531782	
4082	 0.012891596686638068	 0.7008944078415361	
4083	 0.012844365390096072	 0.6966198265320767	
4084	 0.012936318806455011	 0.704951536071475	
4085	 0.012919656436561391	 0.7034388544028002	
4086	 0.012855123065635644	 0.6975925101206655	
4087	 0.012802458517814691	 0.6928358848946344	
4088	 0.012759467608448045	 0.6889626324803038	
4089	 0.01269774319826852	 0.6834167895686137	
4090	 0.012601610057336196	 0.6748151215588406	
4091	 0.012492241716865388	 0.6650822789703991	
4092	 0.012380279233615918	 0.6551772542508291	
4093	 0.012272355978805933	 0.645685923165782	
4094	 0.012158970301365663	 0.6357739668565447	
4095	 0.012038450694606176	 0.6253057303863766	
4096	 0.011928374104458869	 0.6158054054431691	
4097	 0.011809900442795467	 0.6056454686329502	
4098	 0.01168771959260628	 0.5952385508632393	
4099	 0.011574994622675144	 0.5857011470464493	
4100	 0.011477746671728581	 0.5775228027845533	
4101	 0.011385617787504621	 0.569817450952818	
4102	 0.011297065487710594	 0.5624503031568505	
4103	 0.011212966332340719	 0.5554891854184995	
4104	 0.011133899824715805	 0.5489762975039483	
4105	 0.011055133805513944	 0.5425187474119583	
4106	 0.010974396768389818	 0.5359313643706108	
4107	 0.010898030777062598	 0.5297302755404393	
4108	 0.010831150495995758	 0.5243231845696464	
4109	 0.010773991668485562	 0.519719649579611	
4110	 0.01072309167782772	 0.5156338774986257	
4111	 0.010676430736733293	 0.5118997171033941	
4112	 0.010632202905250562	 0.5083703014365876	
4113	 0.010587837628141942	 0.504839737358697	
4114	 0.010538397139271903	 0.5009168946045616	
4115	 0.010499182673990859	 0.4978141436123889	
4116	 0.010464891603102164	 0.4951072680245254	
4117	 0.01043446526310179	 0.4927104128597568	
4118	 0.010401745270398168	 0.49013806826401707	
4119	 0.010363764227824177	 0.48715887471109237	
4120	 0.010320499542502477	 0.4837740954268172	
4121	 0.010275565325396639	 0.4802687020055547	
4122	 0.010232662004572568	 0.47693126494448207	
4123	 0.010194437508163776	 0.47396563915485074	
4124	 0.010168730812623183	 0.47197536321488504	
4125	 0.010151001391295808	 0.47060466020699404	
4126	 0.010143978354512884	 0.47006213383602446	
4127	 0.010137218662285378	 0.4695401871545101	
4128	 0.010130034951629252	 0.4689857543377906	
4129	 0.010122070821293168	 0.46837139568674163	
4130	 0.010112967492839959	 0.46766955308349395	
4131	 0.010090268253253187	 0.4659213358113836	
4132	 0.010060912276091169	 0.4636643248580981	
4133	 0.010027446279705199	 0.46109666881265604	
4134	 0.009993603685380182	 0.45850592184262395	
4135	 0.009960232004773285	 0.45595694557648797	
4136	 0.009928926776948186	 0.4535709776428276	
4137	 0.009902408592399393	 0.4515537794839975	
4138	 0.009872320179631031	 0.4492693569862636	
4139	 0.00985225496225012	 0.4477485090668634	
4140	 0.009829204277690726	 0.4460039239380991	
4141	 0.009800802574471407	 0.443858096392417	
4142	 0.009767305459137994	 0.44133261939700535	
4143	 0.009729356928774495	 0.43847850147894496	
4144	 0.009685088102343763	 0.4351583996067083	
4145	 0.009639820165588252	 0.43177381218007943	
4146	 0.009594895878785268	 0.4284253778428426	
4147	 0.009553521200842258	 0.42535074472585105	
4148	 0.009528233155617	 0.4234759045029976	
4149	 0.009505237291881541	 0.42177388242886776	
4150	 0.009482137026163275	 0.4200668947343053	
4151	 0.009462466803629225	 0.418615552706999	
4152	 0.009446567282423858	 0.41744389587691494	
4153	 0.009429437486457816	 0.41618304886672064	
4154	 0.009408297870436285	 0.41462916091598584	
4155	 0.009385296803428568	 0.4129410873844597	
4156	 0.009363655003799529	 0.4113552882515626	
4157	 0.009343413233180957	 0.40987428573085477	
4158	 0.009324794639171297	 0.40851393117553103	
4159	 0.00930763181157938	 0.4072615440327884	
4160	 0.009293588390028147	 0.40623792730002956	
4161	 0.00928670471632068	 0.4057365567600672	
4162	 0.009276391335238839	 0.40498584797394027	
4163	 0.009281497985248618	 0.4053574904202504	
4164	 0.009286857723193863	 0.40574769828348267	
4165	 0.009292372919862107	 0.40614938085025126	
4166	 0.009297831771030371	 0.40654711620510403	
4167	 0.009303301188652701	 0.4069457775976378	
4168	 0.009309353307211339	 0.4073870937262026	
4169	 0.009315278505256153	 0.407819340237845	
4170	 0.0093215710665689	 0.4082785868392822	
4171	 0.009327584596096318	 0.4087176621923873	
4172	 0.009316833116609174	 0.40793278036820085	
4173	 0.009301875147670124	 0.40684181957007465	
4174	 0.009286186642625722	 0.4056988330222562	
4175	 0.009268852253836475	 0.4044374317571411	
4176	 0.009249998516532588	 0.4030672538726216	
4177	 0.009231381953537586	 0.4017161380177599	
4178	 0.00921498396543074	 0.4005275411051044	
4179	 0.009200995685398812	 0.3995147240093227	
4180	 0.009191048294371772	 0.39879511043473204	
4181	 0.00918318935613143	 0.39822694659554886	
4182	 0.009176364711653775	 0.3977338201660747	
4183	 0.009170003515296638	 0.397274401079416	
4184	 0.009162882598204606	 0.3967603653370064	
4185	 0.009155460498072471	 0.39622487155826275	
4186	 0.009153176353647846	 0.39606013206293583	
4187	 0.00915537775560761	 0.39621890343979116	
4188	 0.009178065007066017	 0.39785665507558776	
4189	 0.009214342567727348	 0.4004810784659971	
4190	 0.009237803683685031	 0.4021819965399604	
4191	 0.009242153755634563	 0.40249769120850315	
4192	 0.009239334118437807	 0.40229305239186464	
4193	 0.009232509972096613	 0.40179795345238084	
4194	 0.00922222405723203	 0.4010521604950697	
4195	 0.009203493634755143	 0.39969551202596326	
4196	 0.009189004284511791	 0.3986473070715291	
4197	 0.009176291482093693	 0.39772853016360304	
4198	 0.009165365994390787	 0.3969396033625637	
4199	 0.009155866551664046	 0.3962541602562862	
4200	 0.009150455615833695	 0.3958639398769766	
4201	 0.009146675845380647	 0.395591445468848	
4202	 0.009136881995723392	 0.39488572822027823	
4203	 0.009120867726864747	 0.3937328712405599	
4204	 0.009102857262378132	 0.39243792075316736	
4205	 0.00908267478637471	 0.3909888310742329	
4206	 0.009061746363143554	 0.38948844831992996	
4207	 0.009040137249405056	 0.38794168828668596	
4208	 0.009018305909485711	 0.38638152254834374	
4209	 0.008999506443664965	 0.38504004411431486	
4210	 0.008979440585228728	 0.3836102591587263	
4211	 0.008964608113726052	 0.38255474523102256	
4212	 0.008950424611229161	 0.3815465018480595	
4213	 0.008934297394428149	 0.38040138174825766	
4214	 0.008910939485729068	 0.3787452852547037	
4215	 0.00888474094756054	 0.3768912260975917	
4216	 0.008857626479414942	 0.37497618133841687	
4217	 0.008826722093253666	 0.3727982227678092	
4218	 0.008794756551574535	 0.37055082258880506	
4219	 0.008771221276326156	 0.36889960500943036	
4220	 0.008763645420120389	 0.3683687162506893	
4221	 0.008757628293995023	 0.36794727562999774	
4222	 0.008756752072972237	 0.3678859210457717	
4223	 0.008767967425031956	 0.3686715493443827	
4224	 0.008773599911228147	 0.3690663542692582	
4225	 0.008773335444109206	 0.36904781286176536	
4226	 0.008770119415107603	 0.36882237153296044	
4227	 0.00876490939115567	 0.3684572695390464	
4228	 0.008758684940930914	 0.36802126940710517	
4229	 0.008748543385553488	 0.3673113326614828	
4230	 0.008734582748344556	 0.36633494685958157	
4231	 0.008718795252804293	 0.365232046221486	
4232	 0.008702538027575124	 0.36409772123552386	
4233	 0.00868610060473439	 0.36295225858899544	
4234	 0.00866466218202241	 0.3614604651799928	
4235	 0.008641844975072975	 0.35987543001588396	
4236	 0.008619349223760231	 0.35831545420356337	
4237	 0.008596910448417549	 0.3567621310233326	
4238	 0.00857428772116598	 0.35519880762149464	
4239	 0.008558610105903095	 0.35411703155333285	
4240	 0.00854787644316111	 0.35337715604781433	
4241	 0.008536006060525451	 0.35255964695515374	
4242	 0.008523342392115003	 0.351688339736646	
4243	 0.00852041543677396	 0.3514870770977876	
4244	 0.008529469810010556	 0.3521098210602993	
4245	 0.008542792209043967	 0.3530269139012898	
4246	 0.008552593087650547	 0.3537021999295633	
4247	 0.008558096610531488	 0.3540816220226892	
4248	 0.008562960219044647	 0.3544170627711239	
4249	 0.008567592496156818	 0.35473666682427246	
4250	 0.008572322150796619	 0.35506310832233107	
4251	 0.008577804716932369	 0.3554416661808353	
4252	 0.008589531706648836	 0.3562519278841385	
4253	 0.008601716378203261	 0.357094594110249	
4254	 0.00861267433835769	 0.3578531035293957	
4255	 0.008623376348311694	 0.35859451736001163	
4256	 0.008632443825156003	 0.3592231742582572	
4257	 0.008643962966455707	 0.36002244247469556	
4258	 0.008651567808356967	 0.36055050208011136	
4259	 0.008662248034813747	 0.3612926306452593	
4260	 0.008675284870442872	 0.3621993381496651	
4261	 0.008683626222005228	 0.36277995313220884	
4262	 0.008680532862740162	 0.3625645908244934	
4263	 0.00867250875268909	 0.36200618392494693	
4264	 0.008653169479868734	 0.36066175727232036	
4265	 0.008629482695255842	 0.3590178278400158	
4266	 0.008604922974235627	 0.3573164878849848	
4267	 0.008590065447970013	 0.35628882363111725	
4268	 0.008593996801358599	 0.35656063198812044	
4269	 0.008610559774655352	 0.357706683415643	
4270	 0.008645135987210032	 0.3601038736619158	
4271	 0.008677737631761377	 0.36237002846156247	
4272	 0.008693764463698836	 0.36348614466976564	
4273	 0.00870733762403281	 0.3644324594790327	
4274	 0.008719275466092082	 0.3652655738853133	
4275	 0.008728962764458635	 0.3659421872260917	
4276	 0.008727802938610715	 0.3658611523195292	
4277	 0.008716525715742562	 0.3650736077147379	
4278	 0.008709164284555315	 0.36455988858254623	
4279	 0.008712010626119511	 0.3647584868576676	
4280	 0.00874221724363371	 0.36686876308443733	
4281	 0.008773568268562909	 0.3690641358281057	
4282	 0.008801217242015755	 0.37100461576953414	
4283	 0.008784211248277121	 0.3698106071364396	
4284	 0.008767854514016384	 0.3686636366590467	
4285	 0.008748475150739014	 0.3673065578941544	
4286	 0.008717569332345783	 0.3651464601515971	
4287	 0.008678730077313108	 0.36243910296153153	
4288	 0.008657506095504246	 0.36096305586670724	
4289	 0.00862563973606217	 0.3587513989598416	
4290	 0.008599154332767455	 0.3569173423275196	
4291	 0.008578213634516607	 0.35546990741152446	
4292	 0.008577701941001359	 0.3554345682687495	
4293	 0.008586393854293056	 0.35603504958374216	
4294	 0.008597100318128131	 0.35677526341968485	
4295	 0.008610981404962591	 0.35773587672488194	
4296	 0.008634385935373837	 0.3593578798968052	
4297	 0.008656630569451049	 0.360902218118384	
4298	 0.008670852189348748	 0.3618909446850865	
4299	 0.008681298157635011	 0.3626178665447759	
4300	 0.008687518125578211	 0.36305098343730036	
4301	 0.008686392740941688	 0.3629726038681527	
4302	 0.00868836271291418	 0.36310981078688154	
4303	 0.00869055359979736	 0.36326242860723074	
4304	 0.008689346213643777	 0.3631783185618684	
4305	 0.008686056957431885	 0.3629492188935073	
4306	 0.00867142670971905	 0.36193090967488106	
4307	 0.008639250597219109	 0.359695383699699	
4308	 0.008606645452160808	 0.3574357046849755	
4309	 0.00856309264722841	 0.3544261980562491	
4310	 0.008507986097514193	 0.3506329271490472	
4311	 0.008447009409391835	 0.34645463399221427	
4312	 0.008379065029605804	 0.34182252633872595	
4313	 0.008306382256664639	 0.33689502691702744	
4314	 0.008235592194525103	 0.3321233936255303	
4315	 0.008171500987794757	 0.3278268146710481	
4316	 0.008127825909242548	 0.32491173660447675	
4317	 0.008097218554374229	 0.3228750704988523	
4318	 0.008077315279916081	 0.3215534223466727	
4319	 0.008066090449653448	 0.32080901032185	
4320	 0.00805951028733454	 0.3203729458510252	
4321	 0.008055349534713274	 0.3200973370513848	
4322	 0.008058048451138408	 0.32027610281801244	
4323	 0.008066982432839598	 0.3208681399156643	
4324	 0.008069575124238634	 0.32104003425876343	
4325	 0.008070254718613383	 0.3210850971694833	
4326	 0.008069231541055948	 0.3210172527224492	
4327	 0.008067369859814547	 0.320893823819967	
4328	 0.00806514504045229	 0.32074634387429785	
4329	 0.008063937404110157	 0.32066630282396275	
4330	 0.008056903353619227	 0.3202002511192631	
4331	 0.008039083601017048	 0.319020790200085	
4332	 0.008021491167538032	 0.31785808365342194	
4333	 0.007999384649463807	 0.31639944412152815	
4334	 0.007974628299916173	 0.3147691495364312	
4335	 0.00794909938945941	 0.3130915090542665	
4336	 0.007922786379582696	 0.31136609631136053	
4337	 0.00789934303772476	 0.3098320695448277	
4338	 0.007878877038759446	 0.30849534550811497	
4339	 0.007863243185357544	 0.3074757881425084	
4340	 0.007864061997461846	 0.3075291532383874	
4341	 0.007867606464604673	 0.307760202352671	
4342	 0.007869241606204226	 0.30786681384744935	
4343	 0.007873161020669955	 0.30812242042840277	
4344	 0.00788221298545357	 0.30871307308128787	
4345	 0.007898403516269182	 0.30977065466200276	
4346	 0.007919995606614147	 0.3111833217985242	
4347	 0.007953422244282395	 0.31337533459677086	
4348	 0.007985114368687115	 0.3154592835753105	
4349	 0.008003329568172075	 0.3166595423060295	
4350	 0.008018098392306546	 0.31763404613544793	
4351	 0.008028996757115492	 0.31835393001673223	
4352	 0.008036783962946388	 0.3188687076918781	
4353	 0.008046625779622344	 0.31951978243227336	
4354	 0.0080451238573367	 0.3194203900416666	
4355	 0.008034454224781653	 0.31871466414747013	
4356	 0.008036148000944501	 0.3188266545867235	
4357	 0.008041855253453354	 0.31920412709268337	
4358	 0.008046258083959265	 0.31949544837144184	
4359	 0.008046199366054937	 0.31949156249526994	
4360	 0.00804459009931392	 0.31938507062990606	
4361	 0.008044302461613893	 0.31936603794436125	
4362	 0.008047136269108933	 0.3195535678025793	
4363	 0.008055303278476283	 0.3200942735654621	
4364	 0.008090848662598687	 0.3224518511177416	
4365	 0.008125990180358976	 0.32478943966208756	
4366	 0.008160494056272257	 0.32709117933754267	
4367	 0.008194355066091721	 0.32935635052373075	
4368	 0.008227602227650857	 0.33158653754442596	
4369	 0.008260283909777266	 0.3337846563171241	
4370	 0.008292117788155536	 0.33593133479400134	
4371	 0.008313024697782764	 0.33734415983794247	
4372	 0.008333012638732743	 0.3386971005783632	
4373	 0.008351064675319103	 0.33992086497089363	
4374	 0.008365238507358564	 0.34088295916506256	
4375	 0.00837329694827657	 0.3414304365161567	
4376	 0.00837463914812527	 0.3415216575267665	
4377	 0.008373546642090827	 0.3414474059201926	
4378	 0.008363097495411143	 0.34073756139370853	
4379	 0.008334325355711426	 0.3387860313569404	
4380	 0.008309368394311735	 0.33709690691743766	
4381	 0.008287944499903215	 0.3356496007575723	
4382	 0.00827803040659215	 0.3349806905453642	
4383	 0.008279134274163163	 0.3350551427880586	
4384	 0.008283223690297999	 0.3353310181485139	
4385	 0.008293182058510058	 0.33600319762915287	
4386	 0.008306291093294343	 0.3368888645122679	
4387	 0.008322329169189078	 0.33797369002503735	
4388	 0.008337206245474712	 0.33898123165227534	
4389	 0.008348781941471636	 0.33976601881434704	
4390	 0.008357527021908432	 0.3403593825139517	
4391	 0.008367808983261086	 0.34105755493977424	
4392	 0.008382719531672123	 0.34207103710649983	
4393	 0.008403848339302201	 0.3435092385971595	
4394	 0.008429450521386952	 0.34525516767464376	
4395	 0.008454797454343433	 0.3469871761984143	
4396	 0.008471420677642599	 0.34812495719560405	
4397	 0.008489833495275606	 0.3493869659615669	
4398	 0.008505512197755794	 0.3504630188170954	
4399	 0.008517554873933577	 0.35129042425561724	
4400	 0.008527003030111436	 0.3519401165509683	
4401	 0.008535700584327718	 0.3525386189132865	
4402	 0.00853450715456377	 0.3524564716878403	
4403	 0.008521294618861084	 0.3515475263745922	
4404	 0.008505119671948867	 0.3504360630304931	
4405	 0.008479540455233695	 0.34868125905624575	
4406	 0.008457883771291221	 0.3471983073561475	
4407	 0.008441779299379396	 0.3460971856219266	
4408	 0.008431831679922933	 0.3454177296144653	
4409	 0.0084229681210799	 0.34481276864328847	
4410	 0.008415938036463481	 0.3443332487475587	
4411	 0.008412315843430888	 0.3440862842887185	
4412	 0.00841838686728039	 0.3445002524432745	
4413	 0.008425017206804775	 0.3449525863823831	
4414	 0.008430590776643248	 0.34533300919971904	
4415	 0.008435358189762113	 0.34565854103827887	
4416	 0.00844130215997651	 0.34606458319547656	
4417	 0.008450350455850771	 0.3466830528279498	
4418	 0.008461249585330082	 0.3474286171234066	
4419	 0.008473196821310014	 0.34824661391523004	
4420	 0.008489457386453627	 0.3493611693073004	
4421	 0.008506326094622601	 0.35051891391282797	
4422	 0.008525744555447967	 0.35185355117571704	
4423	 0.008548475732767357	 0.3534184489949079	
4424	 0.00857269818260343	 0.35508906724999867	
4425	 0.008596942684455093	 0.3567643606250586	
4426	 0.008616421124828928	 0.3581126035667763	
4427	 0.008633529385153771	 0.35929846669805826	
4428	 0.00866675221535471	 0.36160579209248905	
4429	 0.008698959288142226	 0.3638482093023385	
4430	 0.00872978667353583	 0.3659997566043994	
4431	 0.008759137514000178	 0.36805296354560685	
4432	 0.008787697010627614	 0.37005522071217195	
4433	 0.008815326808367396	 0.37199643143247946	
4434	 0.00884197135690847	 0.3738722665429262	
4435	 0.008863279166417	 0.37537509818403	
4436	 0.00888401770706127	 0.37684009431187815	
4437	 0.00890239669801227	 0.3781403160273677	
4438	 0.008919793799984492	 0.3793727238469023	
4439	 0.008936638110500605	 0.3805674999007662	
4440	 0.00895410202735218	 0.3818078111289105	
4441	 0.008972508988666701	 0.38311684547951325	
4442	 0.00899252503748794	 0.3845423453808505	
4443	 0.009013138985456493	 0.38601263902454036	
4444	 0.009032586270322687	 0.3874017768860291	
4445	 0.009051679186595328	 0.3887675429884552	
4446	 0.009070891375405074	 0.39014378092368	
4447	 0.009091192820396667	 0.39160015928474684	
4448	 0.009114812494797727	 0.3932973102941415	
4449	 0.009133152203922591	 0.3946171024585828	
4450	 0.00914716437219882	 0.3956266605338686	
4451	 0.009158991968370589	 0.39647962595069175	
4452	 0.009179585536034431	 0.39796651591875243	
4453	 0.009195026158272458	 0.39908281456239836	
4454	 0.009206853521611024	 0.3999387339957316	
4455	 0.009208974231519642	 0.40009228250060985	
4456	 0.009198421726476886	 0.3993284690594923	
4457	 0.009178526131948875	 0.3978899708627033	
4458	 0.00915421802590054	 0.3961352572588975	
4459	 0.00913124246762542	 0.3944795884037004	
4460	 0.009121845646543484	 0.39380323239758624	
4461	 0.0091144930148067	 0.3932743350266516	
4462	 0.009107157073342092	 0.39274692163406016	
4463	 0.009099866140284841	 0.3922230246448533	
4464	 0.00909254062647729	 0.391696924577035	
4465	 0.009084920912277255	 0.3911499955169601	
4466	 0.009076074409792046	 0.3905153933828676	
4467	 0.009066118240900173	 0.38980168259087794	
4468	 0.009057415124252198	 0.3891782250546068	
4469	 0.009047296308075296	 0.38845385425232565	
4470	 0.009036539570764054	 0.3876844089384914	
4471	 0.009025777756720327	 0.38691521127996814	
4472	 0.00901570552683515	 0.38619585515061156	
4473	 0.009004612113615673	 0.3854041861442945	
4474	 0.008983971180581708	 0.3839328989946136	
4475	 0.008951200969009669	 0.38160166220314623	
4476	 0.008922348263939745	 0.37955381668336186	
4477	 0.008886341949236314	 0.3770044238695151	
4478	 0.0088518620007113	 0.3745695499687331	
4479	 0.008816420471265681	 0.3720733534284182	
4480	 0.008775129456691542	 0.36917359580013764	
4481	 0.008736978143482788	 0.3665024032779432	
4482	 0.008704272120872951	 0.3642186479031349	
4483	 0.008683419243167671	 0.3627655414923244	
4484	 0.008678453900427752	 0.36241988044089446	
4485	 0.008681715656791374	 0.36264693191370984	
4486	 0.00868694699827502	 0.3630112053360655	
4487	 0.008690999565478435	 0.3632934978491807	
4488	 0.008692702238876738	 0.3634121283481211	
4489	 0.008692528875531808	 0.36340004888161465	
4490	 0.008690782118459512	 0.36327834876138515	
4491	 0.008689237044880374	 0.3631707139310713	
4492	 0.008692781008379682	 0.36341761683689255	
4493	 0.008697263102447832	 0.3637299740832633	
4494	 0.008702400650545337	 0.36408814196103706	
4495	 0.008707339269952246	 0.36443257429149156	
4496	 0.008711153466498093	 0.3646986755607682	
4497	 0.008714083717976596	 0.36490316027831954	
4498	 0.008708952240188562	 0.3645450953064026	
4499	 0.008701161519452731	 0.3640017421383957	
4500	 0.008703884667655351	 0.36419162753290507	
4501	 0.008708822697119747	 0.3645360578518164	
4502	 0.008710687318191135	 0.3646661500866915	
4503	 0.008723314979844009	 0.3655476545010987	
4504	 0.00871859746268204	 0.3652182372141029	
4505	 0.008712731499108879	 0.3648087913175031	
4506	 0.008723917202312744	 0.3655897153608534	
4507	 0.008731948915287311	 0.366150857144872	
4508	 0.008747560369482033	 0.36724254798816486	
4509	 0.008767632651441488	 0.3686480889607909	
4510	 0.008787065544686484	 0.37001090275440673	
4511	 0.00880644937273607	 0.3713722787917306	
4512	 0.008824663748229685	 0.3726533430661465	
4513	 0.008841653207953073	 0.37384984589342635	
4514	 0.008857308773345033	 0.3749537654792689	
4515	 0.008872296338091737	 0.3760118018564714	
4516	 0.008888546247501438	 0.37716029957817065	
4517	 0.00890465977240856	 0.37830054107845745	
4518	 0.00892068712224122	 0.3794360499392288	
4519	 0.008937226629167367	 0.3806092710141231	
4520	 0.008954382687241504	 0.3818277571561208	
4521	 0.00897123244791555	 0.38302600484015903	
4522	 0.008982855659247668	 0.3838534486779743	
4523	 0.008989787022150733	 0.38434722480904515	
4524	 0.008998858660615778	 0.38499385335357933	
4525	 0.008999411816358435	 0.38503329648972634	
4526	 0.008998051808733898	 0.38493632314470067	
4527	 0.008997438758049007	 0.38489261366140154	
4528	 0.00899453892621917	 0.3846858874343164	
4529	 0.008992860287662259	 0.38456623920559946	
4530	 0.008993492327603355	 0.3846112873344603	
4531	 0.008999283015741556	 0.3850241121321765	
4532	 0.009011364615040908	 0.3858859934573171	
4533	 0.009021448262784965	 0.3866059342946108	
4534	 0.009030300321802227	 0.38723838591783105	
4535	 0.009041460219407627	 0.38803631447765413	
4536	 0.009057991832929367	 0.38921952587826886	
4537	 0.009078259454092722	 0.3906720987803827	
4538	 0.009097620798630553	 0.39206173980733056	
4539	 0.009119907129934365	 0.39366376134866904	
4540	 0.00914129353552023	 0.39520354897898785	
4541	 0.009155145810918386	 0.3962021737287961	
4542	 0.009168748592645354	 0.39718379298945433	
4543	 0.009183393712609223	 0.39824171649314316	
4544	 0.009197889723639439	 0.39928997698819896	
4545	 0.00921500391583376	 0.4005289863403254	
4546	 0.009219018245988708	 0.40081983249148245	
4547	 0.009208680036702407	 0.4000709801239751	
4548	 0.009223267871128154	 0.40112781824120636	
4549	 0.009260265491583418	 0.40381316612497803	
4550	 0.009341805321307312	 0.40975673341375946	
4551	 0.00941635158234178	 0.4152208826429899	
4552	 0.009461612046227667	 0.41855253109127627	
4553	 0.009518291483005743	 0.42273974241904977	
4554	 0.009628027654968709	 0.43089384750399	
4555	 0.010007029798821437	 0.459533030295066	
4556	 0.011212310596324927	 0.5554350446505898	
4557	 0.013217766318115805	 0.7306984631545372	
4558	 0.01565271891826251	 0.9685552262259566	
4559	 0.017879355566172216	 1.2089115126318173	
4560	 0.020227998520862073	 1.485010758497718	
4561	 0.022734232517763665	 1.8041607919501628	
4562	 0.025449657770531514	 2.177432273687869	
4563	 0.02769537495233914	 2.5069951474029533	
4564	 0.02749578888268385	 2.4769565340430244	
4565	 0.026838376562577752	 2.3790403872223638	
4566	 0.026128164784893385	 2.275042890631778	
4567	 0.025477377115955057	 2.1813864138250043	
4568	 0.02489956590052533	 2.0995571667689363	
4569	 0.02438517232820978	 2.0277657957014976	
4570	 0.023923213389057358	 1.9641467595505209	
4571	 0.023503489838409025	 1.9070496399387358	
4572	 0.02311757168626368	 1.8551474471086256	
4573	 0.022758347739590727	 1.8073515102791882	
4574	 0.022419244836826176	 1.762691773947452	
4575	 0.022095062846088784	 1.7204160281540506	
4576	 0.021780223856194457	 1.679752553036282	
4577	 0.021477786266116166	 1.6410580293528405	
4578	 0.021183318741240183	 1.6037305895597767	
4579	 0.020903988354424093	 1.5686401832172379	
4580	 0.020637154031103017	 1.5354101978525827	
4581	 0.020379942629224164	 1.5036485500818202	
4582	 0.02013034971974292	 1.4730820733908623	
4583	 0.019887488094244326	 1.443581471144751	
4584	 0.01965056678550977	 1.4150329307321179	
4585	 0.01941878427739535	 1.387324768555833	
4586	 0.019189620558231778	 1.3601455667656557	
4587	 0.01896298411993547	 1.333478077575091	
4588	 0.01874803847858538	 1.3083817317443438	
4589	 0.01853876761995866	 1.2841315385474252	
4590	 0.01833610637239006	 1.2608205466675546	
4591	 0.01813856228075944	 1.2382628558169384	
4592	 0.017947254828529602	 1.2165728686272836	
4593	 0.01776498388361204	 1.1960502909975743	
4594	 0.017591154688690186	 1.176608524981098	
4595	 0.017423019742102627	 1.1579250762839812	
4596	 0.01730451437868973	 1.1448285149618493	
4597	 0.01715297178727703	 1.1281678004533788	
4598	 0.017003281616306296	 1.1118067962104312	
4599	 0.016848138872545652	 1.0949508724295134	
4600	 0.01670270505681143	 1.0792434752223616	
4601	 0.016543899120268907	 1.0621956863285942	
4602	 0.016377329277171462	 1.0444313024323637	
4603	 0.01621243441534539	 1.026963791806817	
4604	 0.01605752088495058	 1.0106611474771936	
4605	 0.015911816382640758	 0.9954230098951555	
4606	 0.015769090858990108	 0.9805863358430519	
4607	 0.015628766083114493	 0.966086240071702	
4608	 0.015488878057621707	 0.9517174063555092	
4609	 0.015351253559700677	 0.9376652467786095	
4610	 0.015217609269811553	 0.9240996224432326	
4611	 0.015088166377703188	 0.9110359580743198	
4612	 0.01496035891749503	 0.8982104419009191	
4613	 0.014836306070280804	 0.8858313612167533	
4614	 0.014715885134841298	 0.8738805234198326	
4615	 0.014598259304345473	 0.8622698496345679	
4616	 0.014484285989653135	 0.8510790435241811	
4617	 0.014376628416869631	 0.8405621393854853	
4618	 0.01427224863368002	 0.8304154411830359	
4619	 0.014171988378672045	 0.8207156669033173	
4620	 0.014073253719041317	 0.8112080909908813	
4621	 0.013975448282357738	 0.8018337342408507	
4622	 0.01387801017225448	 0.792537974211469	
4623	 0.013781634529048613	 0.7833862767188552	
4624	 0.013689302049182442	 0.774658436379903	
4625	 0.013601259907451911	 0.7663726147316791	
4626	 0.013514388779358696	 0.758231970181254	
4627	 0.013429235701690127	 0.7502861079577312	
4628	 0.013345101952053854	 0.7424682806322039	
4629	 0.013264594367149725	 0.7350181007151088	
4630	 0.01318491864580876	 0.7276745210810391	
4631	 0.01310524821647662	 0.7203609514257173	
4632	 0.013026294636958915	 0.7131423697275371	
4633	 0.01294778238998852	 0.705993004126514	
4634	 0.012870449735088812	 0.6989792488715851	
4635	 0.012795228856015708	 0.6921839233730652	
4636	 0.012723361873753778	 0.6857164114749335	
4637	 0.012654828560678694	 0.6795715484227962	
4638	 0.01258890109036157	 0.6736812294552529	
4639	 0.012528830339847216	 0.668332055293717	
4640	 0.012576368136228866	 0.6725637882954404	
4641	 0.01279623689396362	 0.6922748121974313	
4642	 0.013060950344400973	 0.7163072968580333	
4643	 0.013197210664553762	 0.7288055314955947	
4644	 0.013211996707413205	 0.7301669522407769	
4645	 0.013161074863828469	 0.7254826163209592	
4646	 0.01309672256359763	 0.71958006636579	
4647	 0.013029301456010122	 0.7134167448927515	
4648	 0.012951617484933625	 0.7063415602773978	
4649	 0.012877886448570465	 0.6996525107006163	
4650	 0.012812190932779365	 0.6937139291189461	
4651	 0.012758434476134282	 0.6888696596425263	
4652	 0.012712783610475958	 0.6847664950442603	
4653	 0.012668580976830969	 0.6808028486244065	
4654	 0.012628125636031206	 0.6771832925480284	
4655	 0.012592194026498613	 0.6739749515030181	
4656	 0.012557375243558266	 0.6708717920835453	
4657	 0.012521656156755262	 0.6676943499420142	
4658	 0.012484868011352469	 0.6644281188380378	
4659	 0.012446785676558441	 0.6610537355084679	
4660	 0.012405687625516408	 0.6574198512470032	
4661	 0.012363101426444728	 0.6536628427339713	
4662	 0.01231998942514385	 0.649868225341476	
4663	 0.012277512914172901	 0.6461381898908014	
4664	 0.012235927165335413	 0.6424947007024369	
4665	 0.012198686240529744	 0.6392388768645891	
4666	 0.012168541890979895	 0.6366083253611625	
4667	 0.012137427336051432	 0.6338976613295951	
4668	 0.012112613885685982	 0.6317392595393708	
4669	 0.012093300637824303	 0.6300613322732367	
4670	 0.012058404174689945	 0.6270340698483929	
4671	 0.012025178923735617	 0.6241572071383625	
4672	 0.011958379813132778	 0.6183893237793122	
4673	 0.011881173570615999	 0.6117495315698642	
4674	 0.011794230382709395	 0.604306718602031	
4675	 0.011718699518289495	 0.5978704777784457	
4676	 0.011653727064157597	 0.5923560323036482	
4677	 0.011598228126506452	 0.5876618380175939	
4678	 0.011550041665292454	 0.5835982704615558	
4679	 0.011505922041391102	 0.5798875569427097	
4680	 0.01146351204850241	 0.5763295632633926	
4681	 0.011422211556188187	 0.5728730748469993	
4682	 0.01138248231063462	 0.5695559389502948	
4683	 0.011345070693072095	 0.5664393581376125	
4684	 0.011311453464514874	 0.5636447072835525	
4685	 0.011277100385843569	 0.5607945986805124	
4686	 0.011242233458905213	 0.557907771250689	
4687	 0.01120738249904359	 0.55502822441764	
4688	 0.01117526617895532	 0.5523799058399668	
4689	 0.011147931837272813	 0.5501299031723681	
4690	 0.011114588276633634	 0.547390232762856	
4691	 0.011077291322521034	 0.5443322182444025	
4692	 0.011042942155220567	 0.5415219605683808	
4693	 0.01100325998833312	 0.5382826343873849	
4694	 0.010962762526933434	 0.5349847745610947	
4695	 0.010921803087370736	 0.5316575452469924	
4696	 0.010874922584445668	 0.5278595315755403	
4697	 0.010828936708559727	 0.5241445853531974	
4698	 0.010783251914353325	 0.5204643612583694	
4699	 0.010748109674099438	 0.5176404748219082	
4700	 0.010721418440685691	 0.5154997848158193	
4701	 0.010693602902663456	 0.5132727007579326	
4702	 0.010663925125241109	 0.5109007691480975	
4703	 0.010634373338977675	 0.5085432758015116	
4704	 0.01060678772634346	 0.5063465714777572	
4705	 0.010581588484961778	 0.5043432250404402	
4706	 0.010558050620107362	 0.502474829072535	
4707	 0.01053500164415597	 0.5006479292571157	
4708	 0.010512467900473839	 0.49886444168016336	
4709	 0.010490862649162413	 0.4971568334180976	
4710	 0.010471499890285906	 0.4956284550843107	
4711	 0.010452255525470588	 0.4941112877341991	
4712	 0.01043420921628002	 0.4926902623457024	
4713	 0.010417454961183799	 0.49137244336539493	
4714	 0.010397114950378643	 0.489774481949093	
4715	 0.010379821264900155	 0.48841748549381353	
4716	 0.010378441178296848	 0.488309258107723	
4717	 0.010383093114281965	 0.48867410461205124	
4718	 0.010391837783506573	 0.48936023492408126	
4719	 0.010399699813471056	 0.48997743967663476	
4720	 0.01039301660206076	 0.48945275765667057	
4721	 0.010371664833609153	 0.4877779914861852	
4722	 0.010354811047659201	 0.4864576550630115	
4723	 0.010340471219997146	 0.48533539116882696	
4724	 0.010332424089322412	 0.4847060607093488	
4725	 0.010325214130081086	 0.4841424791820068	
4726	 0.010311525708417792	 0.48307321687453175	
4727	 0.010291503239003675	 0.4815108782509047	
4728	 0.010275416401160956	 0.48025710113469094	
4729	 0.010261861091693634	 0.4792016417934617	
4730	 0.010247522705304232	 0.4780862207241763	
4731	 0.010231123121655875	 0.4768117286689091	
4732	 0.010220760437592211	 0.4760070954498798	
4733	 0.010208891100501284	 0.47508614288479895	
4734	 0.010196281035968636	 0.47410849835337254	
4735	 0.010183574498422991	 0.473124189369266	
4736	 0.010171280942797763	 0.47217265090139104	
4737	 0.01016085518555088	 0.4713662832309052	
4738	 0.01014675345615817	 0.47027647925143606	
4739	 0.010130241764243977	 0.4690017123002	
4740	 0.01012262574309556	 0.46841419230634523	
4741	 0.01010509485506671	 0.4670629329987732	
4742	 0.01008525233324223	 0.4655353802842019	
4743	 0.010066068488289592	 0.4640604387124858	
4744	 0.010048005648414344	 0.46267339691888054	
4745	 0.010030613143745475	 0.4613393999688174	
4746	 0.01001585299844285	 0.46020851264042456	
4747	 0.010013904202701783	 0.4600592835098441	
4748	 0.010022234451930614	 0.46069730823397254	
4749	 0.010031507567439634	 0.4614079642644538	
4750	 0.010036946700378172	 0.46182500241409596	
4751	 0.010039610583264276	 0.462029307002084	
4752	 0.010041810841366522	 0.46219808147462965	
4753	 0.010046109485914737	 0.46252788732077366	
4754	 0.010056142362712624	 0.46329800798874404	
4755	 0.010075753435053873	 0.46480482763101055	
4756	 0.010104449947966162	 0.4670132541324223	
4757	 0.01013458503468257	 0.46933689554375296	
4758	 0.010161580622857361	 0.4714223734612319	
4759	 0.010182167964474107	 0.47301528284918554	
4760	 0.010195111410301922	 0.4740178593804127	
4761	 0.010200897019644366	 0.4744662770563608	
4762	 0.010197889878415429	 0.4742331853170749	
4763	 0.01019253386998222	 0.47381813993856586	
4764	 0.010206232654138257	 0.47487996943211236	
4765	 0.010219238297228409	 0.4758889513305166	
4766	 0.010227390521911583	 0.4765218401798499	
4767	 0.010227578104025392	 0.47653640686727466	
4768	 0.010214966829880429	 0.4755574750783825	
4769	 0.010199775472053255	 0.47437933747860545	
4770	 0.010186259901280355	 0.4733321452833395	
4771	 0.010182348948325537	 0.47302929568600466	
4772	 0.010180915837292625	 0.47291834032889274	
4773	 0.010179161620181124	 0.47278253823778993	
4774	 0.010177756460162482	 0.4726737695304268	
4775	 0.010176901328997354	 0.4726075816050636	
4776	 0.010175827501880386	 0.47252447166645073	
4777	 0.010174197203872554	 0.47239830427553514	
4778	 0.010172619574515318	 0.4722762256982944	
4779	 0.010171200376358294	 0.4721664174733253	
4780	 0.010169876214678323	 0.4720639717571618	
4781	 0.01016851531609225	 0.4719586931018926	
4782	 0.010166988142612505	 0.47184056266139524	
4783	 0.010165330689856398	 0.47171236819978324	
4784	 0.010163922443454267	 0.47160345936877035	
4785	 0.01016381140019956	 0.4715948721012991	
4786	 0.01016089384267093	 0.4713692721010632	
4787	 0.010181542830420495	 0.47296688256240954	
4788	 0.01023021229240063	 0.4767409835547612	
4789	 0.010298680043857655	 0.48207064630232227	
4790	 0.010361403594525212	 0.48697394895776025	
4791	 0.010416247782088781	 0.49127754628625	
4792	 0.010467992076470395	 0.495351771033922	
4793	 0.010526245248886908	 0.49995458077114696	
4794	 0.010584281083931588	 0.5045571357767226	
4795	 0.01063745677563467	 0.5087890530994151	
4796	 0.010689878056189168	 0.5129747593881205	
4797	 0.010777158219061276	 0.5199742565117981	
4798	 0.010894690682749819	 0.5294597116268892	
4799	 0.011018971675528235	 0.5395642777647339	
4800	 0.011135400293850631	 0.5490996084440741	
4801	 0.011233838446674341	 0.5572135917734438	
4802	 0.011312598045059642	 0.5637397670575356	
4803	 0.011377679435760438	 0.5691554520348	
4804	 0.011441256132177086	 0.5744659052161355	
4805	 0.011495020396849836	 0.5789721252757333	
4806	 0.011539701164962335	 0.5827277256917037	
4807	 0.011577698173606096	 0.5859291667580148	
4808	 0.01160836910540588	 0.5885184635532285	
4809	 0.011708840708696681	 0.5970324100809897	
4810	 0.011830931629066755	 0.6074441010909797	
4811	 0.011980347170710235	 0.620283768792073	
4812	 0.012046473052035227	 0.6260003851530976	
4813	 0.012120328242695235	 0.6324099786166494	
4814	 0.012189428535929454	 0.6384305401578215	
4815	 0.012255257438717969	 0.6441872760506336	
4816	 0.012317752343720708	 0.6496715638986231	
4817	 0.012480558046156012	 0.66404587844297	
4818	 0.012567853572133086	 0.6718050510922327	
4819	 0.012628026476817017	 0.6771744302157329	
4820	 0.0126912553679936	 0.6828349096668832	
4821	 0.012759641948447429	 0.6889783220445378	
4822	 0.012817601056753338	 0.6942022149264395	
4823	 0.013257940575766404	 0.7344037033234462	
4824	 0.014086675130613107	 0.8124978920324327	
4825	 0.014517207550039076	 0.854305537043735	
4826	 0.014964531850410401	 0.8986280477912238	
4827	 0.01526820977510701	 0.9292265465051776	
4828	 0.015705061617570158	 0.9739593229302049	
4829	 0.01605623306376823	 1.010526058542035	
4830	 0.016240367499806115	 1.0299144835795357	
4831	 0.016561190347015753	 1.064046626904236	
4832	 0.016999338066794524	 1.111377062872535	
4833	 0.017116469326007144	 1.124169301601974	
4834	 0.01709744181793277	 1.1220872704534652	
4835	 0.017039883088260085	 1.115798472494707	
4836	 0.01691695595401872	 1.1024149875638356	
4837	 0.016752288593555806	 1.0845884820507432	
4838	 0.016590898671351897	 1.0672297656880076	
4839	 0.01644142956864633	 1.0512532997128128	
4840	 0.016299111135128472	 1.0361308698223235	
4841	 0.016161517587140687	 1.0215939443948467	
4842	 0.016029499434874583	 1.0077234052658366	
4843	 0.015905369859224337	 0.9947509568172198	
4844	 0.01579175110920065	 0.9829359717852486	
4845	 0.01568789079490654	 0.9721852041095134	
4846	 0.015587760837016133	 0.9618653962709734	
4847	 0.01549089119620195	 0.9519235781676084	
4848	 0.01539563798997201	 0.9421879864504934	
4849	 0.01529962662175538	 0.9324154585376566	
4850	 0.015201946491460757	 0.9225149450100484	
4851	 0.015102062530590066	 0.9124348226788115	
4852	 0.015004146616227353	 0.9025963580842732	
4853	 0.014902736769961417	 0.8924518527515568	
4854	 0.014799139362048724	 0.8821359292632422	
4855	 0.014688740182388436	 0.8711955725989147	
4856	 0.01458210187536163	 0.86067982864749	
4857	 0.014487445696960555	 0.8513885002939224	
4858	 0.014404645463323942	 0.8432940459410848	
4859	 0.014320252446661963	 0.8350757420030058	
4860	 0.014253973541721681	 0.8286440034070766	
4861	 0.014191594658801803	 0.8226089087178926	
4862	 0.014123198798665797	 0.8160119745396605	
4863	 0.014047965296751973	 0.8087800949111349	
4864	 0.01397256837304791	 0.8015583644438818	
4865	 0.013892110676736846	 0.7938805021236631	
4866	 0.013810344683160027	 0.7861081061529408	
4867	 0.013733067159660807	 0.7787905107981276	
4868	 0.013665183957273685	 0.7723850907467535	
4869	 0.013603897378166505	 0.7666203143308833	
4870	 0.013546226700611246	 0.7612114466462264	
4871	 0.013493250001777368	 0.7562563303772546	
4872	 0.013450125640441039	 0.7522323041468865	
4873	 0.013418863443922898	 0.7493205333762498	
4874	 0.013393511349772451	 0.7469625494362705	
4875	 0.01336886378246349	 0.7446729440005484	
4876	 0.013334909912669737	 0.7415234471676017	
4877	 0.013290561293391562	 0.7374177987386504	
4878	 0.013244081769824965	 0.7331246696347865	
4879	 0.01320162059923223	 0.7292114686347618	
4880	 0.013164189680617814	 0.7257688041542556	
4881	 0.013143593160794628	 0.723877243970858	
4882	 0.013144590043178065	 0.7239687510023561	
4883	 0.013141047280334255	 0.72364357043408	
4884	 0.013140076975703288	 0.7235545190047921	
4885	 0.01313641348695862	 0.7232183353469779	
4886	 0.013129297577291971	 0.722565515478054	
4887	 0.01311361645660267	 0.721127748094121	
4888	 0.013099901025463127	 0.7198711497276166	
4889	 0.013076403695470466	 0.7177203784631198	
4890	 0.01305282843708822	 0.7155650620137957	
4891	 0.013034457375302243	 0.7138873258036377	
4892	 0.013016768105421175	 0.7122733432487375	
4893	 0.012999883005654161	 0.7107340971904522	
4894	 0.012981584836583527	 0.7090675399015037	
4895	 0.01296057854356083	 0.7071562626122065	
4896	 0.012937466617910735	 0.7050557871844486	
4897	 0.012911776476905062	 0.7027239304932816	
4898	 0.012880693194061302	 0.6999066788568391	
4899	 0.012844968508155682	 0.6966743446756806	
4900	 0.01280973967188059	 0.6934927380427182	
4901	 0.012771066425785835	 0.6900067686390076	
4902	 0.012726209751824239	 0.6859722377845867	
4903	 0.012676985556484282	 0.6815557778616586	
4904	 0.012622334939135779	 0.6766658280822457	
4905	 0.012557034646068143	 0.6708414652598961	
4906	 0.012502587758672891	 0.6660005647146064	
4907	 0.01245099537625197	 0.6614264088906495	
4908	 0.01239361525797204	 0.6563539370228961	
4909	 0.01237002819391833	 0.6542733443537444	
4910	 0.012354013792929818	 0.6528622355411473	
4911	 0.012339177279259608	 0.6515560040077913	
4912	 0.012320191452550545	 0.6498859867081703	
4913	 0.012299004616377241	 0.6480243904167816	
4914	 0.012278402646671299	 0.6462162328458424	
4915	 0.012258907463347617	 0.6445070752415164	
4916	 0.012238667125659271	 0.6427345056313355	
4917	 0.012225094296096924	 0.6415469443135965	
4918	 0.012219181311824635	 0.6410298596371106	
4919	 0.012219255583540917	 0.6410363535915896	
4920	 0.012222123291716938	 0.6412871120475321	
4921	 0.012225133067295665	 0.6415503353672457	
4922	 0.01222600624801555	 0.6416267084583297	
4923	 0.012224851609966518	 0.6415257183675547	
4924	 0.012217513349715896	 0.6408840281450859	
4925	 0.012210061103632984	 0.6402326334057468	
4926	 0.012200099046621886	 0.6393622720437444	
4927	 0.012187198384165774	 0.6382358755545902	
4928	 0.012171417506201812	 0.6368590791499548	
4929	 0.01215086292371635	 0.6350675866007421	
4930	 0.012134895239391503	 0.6336772716090792	
4931	 0.012114006075746647	 0.6318602814236278	
4932	 0.01209703317379599	 0.6303854743469791	
4933	 0.012098525166794157	 0.6305150611317104	
4934	 0.01257512682240958	 0.6724531528496778	
4935	 0.013662582583217796	 0.7721400476940353	
4936	 0.013542469643299318	 0.760859608124861	
4937	 0.013413113096974134	 0.7487854362044413	
4938	 0.013293411785457777	 0.7376814136217352	
4939	 0.013182335200168446	 0.7274369030324443	
4940	 0.01308425785312463	 0.7184390033583575	
4941	 0.012996699485479395	 0.710444036678175	
4942	 0.012918134667962643	 0.7033007664777262	
4943	 0.012847053724620111	 0.6968628485013256	
4944	 0.012782788863964618	 0.6910626757927748	
4945	 0.012725990952922655	 0.6859525816163435	
4946	 0.012679372112445516	 0.68176963957026	
4947	 0.01264193336468468	 0.678417808122913	
4948	 0.012601685196235906	 0.6748218277080666	
4949	 0.01256259856880411	 0.6713369460057846	
4950	 0.012523366213670442	 0.6678463329415486	
4951	 0.012486568622393454	 0.6645789661273614	
4952	 0.01245032940183133	 0.6613674463736707	
4953	 0.012419421906223232	 0.6586333430877659	
4954	 0.01238933303874129	 0.6559760102073555	
4955	 0.012363185790705604	 0.6536702769402872	
4956	 0.012334683331386091	 0.6511605558118851	
4957	 0.012305635432208348	 0.6486067820658495	
4958	 0.012275147105472827	 0.6459306911391	
4959	 0.012243142811062856	 0.6431263004878623	
4960	 0.012207102273421049	 0.6399740779650737	
4961	 0.012169692582677761	 0.6367086609931899	
4962	 0.01217068284780005	 0.6367950131445751	
4963	 0.012120789838682018	 0.6324501207657334	
4964	 0.012082913608563547	 0.6291596496234569	
4965	 0.012055013395285887	 0.6267402312268542	
4966	 0.012027953231089699	 0.6243972225680026	
4967	 0.012000829699629808	 0.6220522511169736	
4968	 0.011975832398342302	 0.619894229687638	
4969	 0.011960240561147764	 0.618549703140296	
4970	 0.011948947148133035	 0.6175765707700362	
4971	 0.011936554048520561	 0.6165093858681195	
4972	 0.011914148457264975	 0.6145818875453889	
4973	 0.011885204146406031	 0.6120954544211817	
4974	 0.011852290980822494	 0.6092729819592149	
4975	 0.011816012301962577	 0.606167948104693	
4976	 0.011775825714807465	 0.6027358547351068	
4977	 0.011726524655532684	 0.5985360038169041	
4978	 0.011668105116753204	 0.5935745878655742	
4979	 0.011600091579016342	 0.5878192095519588	
4980	 0.011539617778571425	 0.5827207076814173	
4981	 0.01147989158718418	 0.5777026892470166	
4982	 0.011419735331627458	 0.57266610093795	
4983	 0.011360550379501344	 0.5677280662800082	
4984	 0.01131084318929316	 0.5635940252891708	
4985	 0.011279372662145482	 0.5609829399234183	
4986	 0.01127130417977529	 0.5603142854766674	
4987	 0.011282083007173456	 0.561207624272593	
4988	 0.0113693145358171	 0.5684582153104788	
4989	 0.011799297767553538	 0.6047395140101974	
4990	 0.012325100685858707	 0.6503176447295694	
4991	 0.012670573345018218	 0.680981306001948	
4992	 0.012989042708274801	 0.7097465976342024	
4993	 0.013743346914368891	 0.7797623467215234	
4994	 0.015010356026413907	 0.9032190041960929	
4995	 0.016801070568469554	 1.0898573847532793	
4996	 0.02046421529735328	 1.5140256692493637	
4997	 0.026095575281746376	 2.270315444984455	
4998	 0.03202477142255844	 3.193631542905415	
4999	 0.035091861591658446	 3.7195073759161015	
5000	 0.03738038580906666	 4.132514415056701	
5001	 0.03733805786701077	 4.124718223090673	
5002	 0.03648408850652986	 3.9686906288031056	
5003	 0.03529559502861762	 3.755567663778793	
5004	 0.0341602109827719	 3.5563867640724403	
5005	 0.033151573652842305	 3.383101223188193	
5006	 0.032255422765462914	 3.2320592139491757	
5007	 0.03144763298639422	 3.098284886971495	
5008	 0.030716471681215225	 2.9791586033409794	
5009	 0.03004507619514381	 2.871421365689524	
5010	 0.029422959082013055	 2.773013545544	
5011	 0.02884259501107992	 2.6824520317194227	
5012	 0.02829551638825742	 2.598189270105412	
5013	 0.02777664630377992	 2.51926832272236	
5014	 0.027282286989312576	 2.4449840657210276	
5015	 0.026808892199911515	 2.374686000659255	
5016	 0.026356130602343056	 2.3082215758636946	
5017	 0.025920541843275753	 2.2449923786375052	
5018	 0.025499987616811045	 2.1846139064905827	
5019	 0.025088840535792335	 2.1262242313519106	
5020	 0.024685177076143747	 2.0695145758932347	
5021	 0.024292538042726426	 2.014943613126546	
5022	 0.023911314092349152	 1.9625187668668718	
5023	 0.02353267685333649	 1.9109982821611833	
5024	 0.023167515349602014	 1.8618320856614734	
5025	 0.0228219671440786	 1.8157799000782688	
5026	 0.02249183508213427	 1.7722142681721105	
5027	 0.022173573096037773	 1.7306166637529559	
5028	 0.02186624417422852	 1.6908239872082786	
5029	 0.021564572913213946	 1.6521247866813316	
5030	 0.021259121058374044	 1.613306634043062	
5031	 0.020963010467702114	 1.5760288504475177	
5032	 0.020676917728359515	 1.5403440815413623	
5033	 0.02039920374386581	 1.506017797031013	
5034	 0.020130190845760565	 1.47306269686049	
5035	 0.019869241915824037	 1.441374741231684	
5036	 0.01961570017837102	 1.4108508451484216	
5037	 0.019386014619116806	 1.3834250581588297	
5038	 0.019171777480111472	 1.3580383806887715	
5039	 0.01896241525847441	 1.3334114076268195	
5040	 0.01875929032515906	 1.309690726945748	
5041	 0.01856020882184268	 1.286607785208299	
5042	 0.0183630874616819	 1.2639141691639562	
5043	 0.018168588429982025	 1.2416810592295635	
5044	 0.01797627991940197	 1.2198537947410004	
5045	 0.017787564316861605	 1.1985851253478121	
5046	 0.01760467566780256	 1.1781161932012159	
5047	 0.017427477714192428	 1.158418909346725	
5048	 0.01725981289125086	 1.1399038406163224	
5049	 0.017110167288429443	 1.1234795480148896	
5050	 0.01697308852418622	 1.1085183122392286	
5051	 0.016850935899904242	 1.0952538511981815	
5052	 0.016713502234430792	 1.0804064898548884	
5053	 0.016565296222759467	 1.064486330027173	
5054	 0.016411935727921486	 1.0481121541919036	
5055	 0.01625576381770692	 1.0315423101661927	
5056	 0.01609713389095096	 1.0148199711427217	
5057	 0.015941616645770075	 0.9985320601757594	
5058	 0.015808578011411445	 0.9846822042874147	
5059	 0.01568099104634291	 0.9714726747127599	
5060	 0.015554426173640864	 0.9584395677173646	
5061	 0.015432301227276546	 0.9459305048738634	
5062	 0.015314674446312241	 0.9339444091069199	
5063	 0.015201238625243254	 0.9224433525301762	
5064	 0.015090396092274022	 0.9112603558088783	
5065	 0.0149763335503301	 0.8998095221344196	
5066	 0.014858406835273494	 0.888031737128877	
5067	 0.014740577703517424	 0.8763257746511934	
5068	 0.014628121949325945	 0.8652116629891063	
5069	 0.014516492711759478	 0.8542354271098774	
5070	 0.01440596307332913	 0.8434226117052344	
5071	 0.014297093724983482	 0.8328261471584385	
5072	 0.014190489693983092	 0.8225021635711114	
5073	 0.014084870044925294	 0.812324375138329	
5074	 0.01397205480021613	 0.8015092618565309	
5075	 0.01385235302494005	 0.7900974550432776	
5076	 0.013747169688751565	 0.7801238709694808	
5077	 0.013648161963502678	 0.7707822248520503	
5078	 0.013554561638316073	 0.7619922238715429	
5079	 0.013464414254908645	 0.7535646539158466	
5080	 0.013373025900100971	 0.7450593814819438	
5081	 0.01328139620826129	 0.7365704626611631	
5082	 0.013187772582285161	 0.7279370542007103	
5083	 0.013099718585370934	 0.7198544406001988	
5084	 0.013025856891848948	 0.7131024285806878	
5085	 0.012957243384700936	 0.7068529998942078	
5086	 0.012891026806572153	 0.7008427695695402	
5087	 0.012826437032361585	 0.6949999933366935	
5088	 0.01276337955457533	 0.6893147187657815	
5089	 0.012700830683277937	 0.6836937692486073	
5090	 0.012637898338649124	 0.6780569532089942	
5091	 0.012573282729561175	 0.6722888065373575	
5092	 0.012509422911692243	 0.6666075117685996	
5093	 0.01244688360461725	 0.6610624038614257	
5094	 0.012386032032037619	 0.6556847396333902	
5095	 0.012326509750697946	 0.6504415618575184	
5096	 0.012269954823769547	 0.6454753834654826	
5097	 0.012214193991742887	 0.6405938530516985	
5098	 0.012150355379483408	 0.6350233756936308	
5099	 0.01207813803310646	 0.6287452623294704	
5100	 0.012015675049090443	 0.6233352721757904	
5101	 0.011960043757064677	 0.618532739652139	
5102	 0.01191420579917558	 0.6145868174481736	
5103	 0.01187923272102801	 0.6115829866901522	
5104	 0.011832281115880972	 0.6075595849482822	
5105	 0.011788259641949387	 0.6037969283999279	
5106	 0.011749716766818148	 0.6005102265376492	
5107	 0.01172036855753147	 0.598012404315127	
5108	 0.011699085378702347	 0.5962036017950384	
5109	 0.011680895683541307	 0.5946594439993762	
5110	 0.011661548097742187	 0.5930187491486848	
5111	 0.01164003710552482	 0.5911967245416749	
5112	 0.011617399896593135	 0.5892817297520925	
5113	 0.011594841597504605	 0.5873758833970318	
5114	 0.01157245800510164	 0.5854872389137818	
5115	 0.011549844018684089	 0.5835816261405217	
5116	 0.011526545982499815	 0.5816209702599169	
5117	 0.011503353251107108	 0.5796717986780848	
5118	 0.011480373205877166	 0.5777430839817165	
5119	 0.01145714080879226	 0.5757958039939294	
5120	 0.01143500552956439	 0.573942928819101	
5121	 0.011420419147163715	 0.5727232543047314	
5122	 0.0114140941199095	 0.5721946949832099	
5123	 0.01140351922618469	 0.5713114259941448	
5124	 0.011406298167240385	 0.5715434844355155	
5125	 0.011411669414513537	 0.5719921230131019	
5126	 0.011414112402024815	 0.5721962224711956	
5127	 0.01141191479016934	 0.5720126216131404	
5128	 0.011413817592196509	 0.5721715910307723	
5129	 0.011411392512589177	 0.5719689910720512	
5130	 0.01140621122353433	 0.5715362235372349	
5131	 0.011400440984770095	 0.5710544181629317	
5132	 0.011397876176375686	 0.570840313093276	
5133	 0.011397547750236525	 0.5708128990562972	
5134	 0.011397112241714203	 0.5707765475648322	
5135	 0.011398422473239477	 0.5708859141699124	
5136	 0.011403196143125271	 0.5712844490442299	
5137	 0.011408112746942792	 0.5716950331948448	
5138	 0.011409601746526282	 0.5718194023930611	
5139	 0.011408829327120795	 0.571754884447946	
5140	 0.011412359754465218	 0.5720497945308257	
5141	 0.011415809988597727	 0.5723380645383925	
5142	 0.011416704166337152	 0.5724127833303074	
5143	 0.011418298744759471	 0.5725460383039148	
5144	 0.011418749109994356	 0.5725836764592581	
5145	 0.011416798333424202	 0.5724206522960805	
5146	 0.01141705275739452	 0.5724419131628372	
5147	 0.011420079654914785	 0.572694879225489	
5148	 0.01143667060809563	 0.5740822242529084	
5149	 0.011454719092350345	 0.5755929732964528	
5150	 0.011470876574017274	 0.5769467828673668	
5151	 0.01148731263985302	 0.5783252395242502	
5152	 0.01149880465368644	 0.5792898309094768	
5153	 0.011506188899701378	 0.5799099727921883	
5154	 0.011819941777840974	 0.6065039591463047	
5155	 0.012099294956495485	 0.6305819252450177	
5156	 0.012113694148985485	 0.6318331650925839	
5157	 0.012112151596322224	 0.631699075173485	
5158	 0.012115126285797063	 0.6319576670518638	
5159	 0.01212025677056961	 0.6324037632188911	
5160	 0.012129032574371937	 0.6331671121071699	
5161	 0.012133426591206769	 0.6335494568221519	
5162	 0.012130055565801007	 0.6332561193074449	
5163	 0.012122808915914527	 0.6326257194080561	
5164	 0.01219353100961436	 0.6387886972698077	
5165	 0.012150137541158094	 0.6350044007202419	
5166	 0.01211186021959297	 0.6316737478630068	
5167	 0.012080584867222905	 0.6289575659200823	
5168	 0.012050011285507917	 0.6263068583082839	
5169	 0.012029303301947736	 0.6245140354645107	
5170	 0.012009273796295279	 0.6227819091692793	
5171	 0.011993613967046363	 0.6214290076777996	
5172	 0.011975273438970554	 0.6198460089200608	
5173	 0.011931298901375537	 0.6160570816760552	
5174	 0.011889247806697555	 0.612442578843191	
5175	 0.011849139066809136	 0.609002963021176	
5176	 0.011984858989341934	 0.6206731508261824	
5177	 0.011933747163937662	 0.6162677841686148	
5178	 0.011887873993410698	 0.6123246362340311	
5179	 0.011866429312310316	 0.6104847769525139	
5180	 0.011822910451298801	 0.6067578609805847	
5181	 0.011780053948426425	 0.6030965956117608	
5182	 0.011739113947928974	 0.599607341542497	
5183	 0.011700066138390194	 0.5962869058567244	
5184	 0.011662782384673108	 0.5931233637775215	
5185	 0.011627049761181235	 0.5900977561829516	
5186	 0.011593523629168302	 0.5872646107135346	
5187	 0.011582037899631492	 0.586295257050644	
5188	 0.011591353109107779	 0.5870813776559624	
5189	 0.01157650080881636	 0.5858281756460101	
5190	 0.01154368382374293	 0.5830629557293886	
5191	 0.011505173614838871	 0.5798246916586295	
5192	 0.01146471378962721	 0.5764302629350319	
5193	 0.011422558116526255	 0.5729020442944391	
5194	 0.011384490337056389	 0.5697234112987951	
5195	 0.011351590571058646	 0.5669820053982416	
5196	 0.011340138373214768	 0.5660289809101952	
5197	 0.011335365297553536	 0.5656319663417653	
5198	 0.0113341659461565	 0.5655322242889137	
5199	 0.011331678150618795	 0.5653253533687029	
5200	 0.011317696169093039	 0.5641632546530403	
5201	 0.011295240840510607	 0.5622989042355978	
5202	 0.011265750171499769	 0.5598541968968997	
5203	 0.011237440735544502	 0.557511420942616	
5204	 0.011216119736865121	 0.5557495753785219	
5205	 0.011199728674892112	 0.554396628635277	
5206	 0.01123268284605055	 0.5571180627908354	
5207	 0.011346021591046512	 0.5665184881112081	
5208	 0.011404654492947084	 0.5714062231035709	
5209	 0.011581787357471797	 0.5862741193455746	
5210	 0.011790158691637409	 0.6039590532562905	
5211	 0.011901540085968757	 0.613498281938208	
5212	 0.011955220689382717	 0.6181170744729665	
5213	 0.012010972320155506	 0.6229287206834229	
5214	 0.012023989740988039	 0.6240543379114852	
5215	 0.012066473364759462	 0.6277335523465436	
5216	 0.012135871540608766	 0.6337622437040854	
5217	 0.012159270580199387	 0.6358001356071481	
5218	 0.012126401475033407	 0.6329382115887904	
5219	 0.012093948425494183	 0.6301175828731975	
5220	 0.012064918618451067	 0.6275987539847504	
5221	 0.012035920213966197	 0.6250866804418472	
5222	 0.01200468149005168	 0.6223850435565402	
5223	 0.011973659697817723	 0.6197068017881647	
5224	 0.011946816018246683	 0.6173930040195319	
5225	 0.01192102336210285	 0.6151730620709863	
5226	 0.011896303084626402	 0.613048421384223	
5227	 0.011873296881548739	 0.6110737431176968	
5228	 0.011851729738571435	 0.6092248978176519	
5229	 0.011834066761625968	 0.6077124070951209	
5230	 0.011821380519160696	 0.6066270051149101	
5231	 0.01181078323826465	 0.6057209243067967	
5232	 0.011799808588133683	 0.604783149071272	
5233	 0.01178520817105622	 0.6035364559998065	
5234	 0.011767545964646213	 0.6020297000686343	
5235	 0.011747454488695432	 0.6003175362252434	
5236	 0.01172593605098651	 0.598485932841244	
5237	 0.011701691154596822	 0.596424942219632	
5238	 0.011678439172476808	 0.5944510288887845	
5239	 0.011656738222830428	 0.5926111483444347	
5240	 0.01163584632211606	 0.590842017757578	
5241	 0.011619476950489548	 0.5894573345727495	
5242	 0.01159770966874166	 0.5876180564301828	
5243	 0.01157879881347309	 0.5860220057988018	
5244	 0.011568809048823916	 0.5851795841960277	
5245	 0.011559153684502605	 0.5843658228083614	
5246	 0.011550262260045609	 0.5836168475281643	
5247	 0.01154223191555458	 0.5829407361675382	
5248	 0.011568555040084449	 0.5851581703466497	
5249	 0.01160452753145625	 0.5881939006201193	
5250	 0.011674227684527803	 0.5940937861735902	
5251	 0.011797584900909468	 0.6045932075606694	
5252	 0.011969592401384893	 0.619355997617466	
5253	 0.012206297818141915	 0.6399037883903789	
5254	 0.012513459144966288	 0.6669660245480554	
5255	 0.012874258089959754	 0.6993239951224428	
5256	 0.013246193600900543	 0.7333195136131759	
5257	 0.013602284383175723	 0.7664688251632762	
5258	 0.013903110865838545	 0.7949284758767279	
5259	 0.014110549245763136	 0.8147942257886069	
5260	 0.014091093860142321	 0.8129227123887354	
5261	 0.014111826126615039	 0.8149171157046222	
5262	 0.014224914355467756	 0.8258303607062499	
5263	 0.014478044008042869	 0.8504678459155758	
5264	 0.01485717554817865	 0.8879090914300106	
5265	 0.015226454901727072	 0.9249950575383209	
5266	 0.015657716307458214	 0.969070659842703	
5267	 0.016091879942287394	 1.0142679855157277	
5268	 0.016562460913797667	 1.0641826856499532	
5269	 0.017056484725286907	 1.1176108965565588	
5270	 0.017216978982448394	 1.135192884289048	
5271	 0.017116475581583603	 1.1241699863545498	
5272	 0.01696474777904645	 1.1076105660223072	
5273	 0.01679856684186687	 1.0895867105951036	
5274	 0.016621449843629118	 1.0705071780473105	
5275	 0.016461786527405927	 1.0534235439966342	
5276	 0.016308519699636537	 1.037127895537576	
5277	 0.01616041657615683	 1.0214779527493256	
5278	 0.016035958820960435	 1.0084002977741604	
5279	 0.015921779849012916	 0.9964620630307591	
5280	 0.015813266551088626	 0.9851689840996171	
5281	 0.01571244406837069	 0.9747224880728442	
5282	 0.015617964820562774	 0.9649737032094282	
5283	 0.015522707620906441	 0.9551843691798205	
5284	 0.015418347379219459	 0.9445054212495666	
5285	 0.015317037542177368	 0.9341846050589119	
5286	 0.015220174849324627	 0.9243592979558789	
5287	 0.015127512464568425	 0.9149989810197346	
5288	 0.015039876993150925	 0.906181555998847	
5289	 0.014963671439595686	 0.8985419359012612	
5290	 0.01488947886617161	 0.8911289937438015	
5291	 0.014799775822178285	 0.8821991595613757	
5292	 0.014708510259324663	 0.8731507356928234	
5293	 0.014606313646341898	 0.8630629000597406	
5294	 0.014507077095082963	 0.8533121767539783	
5295	 0.014410973182842483	 0.8439115445953763	
5296	 0.014328715899603505	 0.8358984715058765	
5297	 0.014250128160636477	 0.828271456362994	
5298	 0.014190626665901962	 0.8225153954450078	
5299	 0.014120095649223402	 0.8157131728214746	
5300	 0.014071916352608087	 0.8110796146475673	
5301	 0.014026917535832037	 0.8067614743536654	
5302	 0.01397725903155569	 0.8020068929674529	
5303	 0.013928719623494774	 0.7973703307050037	
5304	 0.01387887177414189	 0.7926199824073179	
5305	 0.013827776017305457	 0.787762503372798	
5306	 0.013780440774720742	 0.7832731861471545	
5307	 0.013730137956014937	 0.7785136760871031	
5308	 0.013684569830283298	 0.7742121717407277	
5309	 0.013639551739279379	 0.7699719555413536	
5310	 0.013594752254228895	 0.7657615816603806	
5311	 0.013551349313950823	 0.7616912707213553	
5312	 0.013509934476104669	 0.7578154975221549	
5313	 0.013476977688881609	 0.7547369173237168	
5314	 0.013444300485790126	 0.7516894050188855	
5315	 0.01340905390038044	 0.7484078006958809	
5316	 0.013449759782326855	 0.7521982018883858	
5317	 0.013526489444160359	 0.7593638315906511	
5318	 0.013502533034356057	 0.7571236729341426	
5319	 0.013502515497400286	 0.7571220340270103	
5320	 0.01349029672711875	 0.7559804801425725	
5321	 0.013478515802114342	 0.7548804849975426	
5322	 0.013433420335624389	 0.7506758048449451	
5323	 0.013370033989125436	 0.7447815853281128	
5324	 0.013304260908960823	 0.7386850904686674	
5325	 0.013248441810128611	 0.7335269630156485	
5326	 0.013197462331491078	 0.7288286951557762	
5327	 0.013150692507740296	 0.7245290166441939	
5328	 0.013106868297593737	 0.7205093768561556	
5329	 0.013061285200002246	 0.7163379048350039	
5330	 0.013015109790824412	 0.7121221122734444	
5331	 0.012968928370674072	 0.7079157323689264	
5332	 0.01292379537000583	 0.703814483263522	
5333	 0.012880422165253582	 0.6998821339120216	
5334	 0.012835076989948627	 0.6957804281307793	
5335	 0.012788361801399634	 0.6915648886703937	
5336	 0.012741427068592156	 0.6873398637508418	
5337	 0.012696729050795524	 0.683325819734145	
5338	 0.012651542227980423	 0.6792774439679422	
5339	 0.01260470139909954	 0.6750910459228735	
5340	 0.01256950169975909	 0.6719518898578478	
5341	 0.012526560780747965	 0.6681302903157436	
5342	 0.012477261013742767	 0.6637535320084541	
5343	 0.012425997156657138	 0.6592146159025924	
5344	 0.012373041692368861	 0.6545390149704947	
5345	 0.012319691345480365	 0.6498420198347242	
5346	 0.012266552235950816	 0.6451770824958186	
5347	 0.012219659339517415	 0.6410716564936164	
5348	 0.012188432750100151	 0.6383436174647815	
5349	 0.01216699667762185	 0.6364735989961827	
5350	 0.012183227452806077	 0.6378893212571062	
5351	 0.012194233659032324	 0.6388500485343224	
5352	 0.01218142254697888	 0.6377318269613232	
5353	 0.012185261831105014	 0.6380668577414833	
5354	 0.012459335443069994	 0.6621649806352543	
5355	 0.01243298726548775	 0.6598327884125326	
5356	 0.012545794155799404	 0.6698409189588097	
5357	 0.012547546910323212	 0.6699968970448017	
5358	 0.01243667870775074	 0.6601593357986637	
5359	 0.012323784656941724	 0.650201917971887	
5360	 0.012220929997493407	 0.6411827631163234	
5361	 0.012202715383618234	 0.6395908093606348	
5362	 0.012176215915636997	 0.6372775886317428	
5363	 0.012129416211846385	 0.633200490585807	
5364	 0.012027561835504658	 0.624363359274625	
5365	 0.011928482133501768	 0.6158147005168041	
5366	 0.011835854170178626	 0.6078653955060039	
5367	 0.011747104993282353	 0.60028777003989	
5368	 0.011655800742457052	 0.5925317169722969	
5369	 0.01157018970548357	 0.5852959839951961	
5370	 0.011490155338517443	 0.5785637838563843	
5371	 0.011417742135015995	 0.5724995223952144	
5372	 0.011362228913855625	 0.5678678772873597	
5373	 0.011319427846082355	 0.564307129392391	
5374	 0.011282590972628183	 0.5612497380034612	
5375	 0.01124904380253585	 0.5584711692075249	
5376	 0.011217723960437805	 0.5558820616416063	
5377	 0.01118882535536624	 0.5534973803953679	
5378	 0.011161983245865948	 0.5512860738875657	
5379	 0.01113681323103933	 0.5492157359968836	
5380	 0.011111701383856377	 0.5471532889001481	
5381	 0.011087082339146397	 0.545134330079122	
5382	 0.011061215561678791	 0.5430162646442916	
5383	 0.011033574681493059	 0.5407565760385347	
5384	 0.011007124159749093	 0.5385977318905901	
5385	 0.010972107261054062	 0.5357450316597038	
5386	 0.01092606757977211	 0.5320035724579721	
5387	 0.010878471694825058	 0.5281466808285036	
5388	 0.010847338902016695	 0.5256299378154846	
5389	 0.010818760622122897	 0.5233239338821275	
5390	 0.010791670374334459	 0.5211417463588885	
5391	 0.010766968954428979	 0.5191551652905386	
5392	 0.010750005579692612	 0.5177926651766795	
5393	 0.010742026244610303	 0.5171522594875242	
5394	 0.010752686455670526	 0.5180078981358791	
5395	 0.010754737464712534	 0.5181725866592374	
5396	 0.010752980273033987	 0.5180314893103252	
5397	 0.01075773654046695	 0.5184134391665521	
5398	 0.010766059155938628	 0.5190820538321205	
5399	 0.010774473116455975	 0.5197583572541119	
5400	 0.010778964351866382	 0.5201195012052103	
5401	 0.010779884245869528	 0.5201934830221747	
5402	 0.01077954582499351	 0.5201662652759895	
5403	 0.010779277320005227	 0.520144670971433	
5404	 0.010781954394970148	 0.5203599886758049	
5405	 0.010783389768699676	 0.520475450767149	
5406	 0.010782773553745862	 0.5204258809111879	
5407	 0.01077814988759389	 0.5200540020119636	
5408	 0.010759934932486148	 0.5185900180707825	
5409	 0.010744382684908127	 0.51734134974913	
5410	 0.01073850555176459	 0.5168697964312757	
5411	 0.010720572403128306	 0.5154319889501232	
5412	 0.01071642792092618	 0.5150999290355168	
5413	 0.010715824008519014	 0.5150515501358655	
5414	 0.010722410346603374	 0.5155792741511921	
5415	 0.010725019970660105	 0.515788427563536	
5416	 0.010734134099400034	 0.5165191633640919	
5417	 0.01073503256529146	 0.5165912213109016	
5418	 0.010727890589940349	 0.516018538137533	
5419	 0.010720494695448893	 0.5154257621484382	
5420	 0.010718828878838791	 0.5152922856706397	
5421	 0.010728307425272159	 0.5160519553227982	
5422	 0.010740362553918909	 0.5170187748974849	
5423	 0.010750174938174716	 0.5178062609898287	
5424	 0.010757233867563446	 0.5183730669301294	
5425	 0.01076602669064569	 0.5190794449954432	
5426	 0.010779597929634973	 0.5201704557927426	
5427	 0.01079549179046002	 0.5214493500420215	
5428	 0.010804607630725653	 0.5221834198593852	
5429	 0.010819019157658993	 0.523344777137077	
5430	 0.010840072490870371	 0.5250432209020449	
5431	 0.010869277806638713	 0.5274029560346641	
5432	 0.010895942748543374	 0.529561128578219	
5433	 0.010914085401262178	 0.5310315497851648	
5434	 0.010914577279999445	 0.5310714381560976	
5435	 0.010850848619004023	 0.5259134192139719	
5436	 0.010789577382929391	 0.520973302450808	
5437	 0.010718418382838874	 0.5152593960822665	
5438	 0.010630254081282462	 0.5082150084861234	
5439	 0.010525842557069084	 0.49992270409102346	
5440	 0.010417254896894417	 0.49135671568370515	
5441	 0.010320875531976106	 0.48380347000240764	
5442	 0.010241114455392055	 0.47758804222092993	
5443	 0.010181309352464089	 0.4729488063076713	
5444	 0.010157698996487606	 0.4711222803007676	
5445	 0.010158136827428436	 0.471156125707908	
5446	 0.010175119535114076	 0.47246968105868925	
5447	 0.010189404056683123	 0.47357567315866905	
5448	 0.010198690342790641	 0.4742952270248865	
5449	 0.010206058000618015	 0.47486642558623166	
5450	 0.010213635135332457	 0.47545415123560014	
5451	 0.010222148365018955	 0.47611483257498427	
5452	 0.01023132054968547	 0.47682706367570904	
5453	 0.010241540878449576	 0.4776211859737715	
5454	 0.010252073175652418	 0.47844010123996283	
5455	 0.01026251575267198	 0.4792525944234621	
5456	 0.010271412367426354	 0.47994523772309816	
5457	 0.010272698110151954	 0.48004537193118746	
5458	 0.010256387863763886	 0.4787757421983884	
5459	 0.010216325080214904	 0.4756628685888408	
5460	 0.010181628313096897	 0.47297350084361267	
5461	 0.010144122278585386	 0.47007324939217404	
5462	 0.01010510495667799	 0.4670637111688997	
5463	 0.010059772221344725	 0.46357676110421814	
5464	 0.009993304325963613	 0.4584830310851878	
5465	 0.009920513195218257	 0.45293057971558054	
5466	 0.00984729843604611	 0.44737314575432574	
5467	 0.009779769819194258	 0.44227168226212865	
5468	 0.009746260075109009	 0.439748876229326	
5469	 0.009744522376174914	 0.4396182097425228	
5470	 0.009764779002767805	 0.4411423739105241	
5471	 0.009796996644462229	 0.4435708624031922	
5472	 0.009836859400670776	 0.4465829977980665	
5473	 0.009882633620362092	 0.4500518691230088	
5474	 0.009931521659758689	 0.4537685595984217	
5475	 0.009982385886445563	 0.4576484562963401	
5476	 0.010030627054420134	 0.4613404662953346	
5477	 0.010077347957473134	 0.4649274290189858	
5478	 0.010121539356537791	 0.46833040958534783	
5479	 0.010162582541744878	 0.4714998454151437	
5480	 0.010201150011435811	 0.47448588923123697	
5481	 0.010225388211765218	 0.4763663619007217	
5482	 0.010243907879302088	 0.47780517795647	
5483	 0.010221911265768286	 0.4760964271815819	
5484	 0.010223494368377457	 0.4762193246818118	
5485	 0.010215765085399063	 0.4756194146280657	
5486	 0.01019629062280619	 0.4741092413044161	
5487	 0.010165294398267704	 0.47170956140949477	
5488	 0.010125150592243256	 0.468608933198614	
5489	 0.010078874239226408	 0.4650447955587695	
5490	 0.01003705275137309	 0.461833135228278	
5491	 0.010007987568774017	 0.45960633559124414	
5492	 0.009993563358333202	 0.4585028381760506	
5493	 0.009990164185356431	 0.45824294526789894	
5494	 0.009996340390462167	 0.458715207378745	
5495	 0.010016482025466223	 0.46025668454866503	
5496	 0.01004745427726911	 0.46263108336541753	
5497	 0.010084530924940936	 0.4654798812464256	
5498	 0.010124546456223583	 0.4685623334135152	
5499	 0.010166000611035092	 0.47176418108176693	
5500	 0.010210649797349449	 0.4752225567343085	
5501	 0.010254713185964843	 0.4786454573007199	
5502	 0.01029671015650895	 0.4819169754248768	
5503	 0.010336810225197763	 0.48504904047832936	
5504	 0.01036901427470525	 0.4875702501414481	
5505	 0.010380994428354447	 0.4885094933612524	
5506	 0.010374047166812528	 0.4879647404627175	
5507	 0.010346252066465538	 0.4857876871559825	
5508	 0.010349137229991603	 0.4860134866669142	
5509	 0.010357022331084374	 0.4866308068335586	
5510	 0.010368597940979331	 0.48753762260703426	
5511	 0.010368649070214814	 0.48754162949189767	
5512	 0.010384929833093939	 0.48881818657209175	
5513	 0.010954123034052902	 0.5342822778331575	
5514	 0.011433776525569001	 0.5738401227353617	
5515	 0.011661029319085796	 0.5929747811572857	
5516	 0.011728254666811358	 0.5986831808348124	
5517	 0.011766560982255115	 0.6019457159609768	
5518	 0.011767681670977114	 0.6020412713789701	
5519	 0.011921617566245022	 0.6152241684852493	
5520	 0.011925894381884386	 0.6155920596937033	
5521	 0.01190755231996695	 0.6140148980323981	
5522	 0.011887364674736564	 0.6122809132607773	
5523	 0.011844824437909452	 0.6086334139728705	
5524	 0.011801278597228855	 0.6049087264822732	
5525	 0.01173330761002792	 0.5991131320685459	
5526	 0.011643245598074116	 0.5914683480407679	
5527	 0.011538997126315698	 0.5826684730747256	
5528	 0.011435181776144084	 0.5739576724350355	
5529	 0.011281210712786205	 0.5611353081876101	
5530	 0.011095222894187112	 0.5458015903949706	
5531	 0.010940164943860234	 0.5331480942024159	
5532	 0.010845304032514358	 0.5254656085029655	
5533	 0.010750577478576146	 0.5178385768270134	
5534	 0.010645510618667154	 0.5094312399998043	
5535	 0.01053256149071985	 0.5004546745109898	
5536	 0.0104435766986857	 0.4934276842040233	
5537	 0.010356508922678153	 0.4865906028362668	
5538	 0.010279532106516947	 0.48057774679611737	
5539	 0.010211189411013864	 0.4752644151709593	
5540	 0.010162316011998242	 0.4714792358841841	
5541	 0.010140221131170883	 0.4697719928448331	
5542	 0.010127988241630923	 0.46882783892587526	
5543	 0.010127495630780336	 0.46878983435039795	
5544	 0.010136986645843999	 0.4695222762238754	
5545	 0.010148353685237393	 0.47040009673183003	
5546	 0.010156905689809897	 0.47106095822357136	
5547	 0.010160824543956856	 0.47136391410620965	
5548	 0.010167308810097801	 0.4718653660602768	
5549	 0.010170797583130362	 0.472135253841726	
5550	 0.010172293653064176	 0.4722510071352333	
5551	 0.010174085972761437	 0.47238969668456526	
5552	 0.010174235182248775	 0.47240124323679344	
5553	 0.0101602205079185	 0.4713172126552844	
5554	 0.010123589617207801	 0.46848853181986166	
5555	 0.010073494272801674	 0.4646311448315643	
5556	 0.010053461335331708	 0.46309216294203487	
5557	 0.010029798739996562	 0.4612769733482626	
5558	 0.01000155001883385	 0.45911371169486676	
5559	 0.009972601991706881	 0.4569011197102088	
5560	 0.00994485684714482	 0.4547844825805519	
5561	 0.009918099997294861	 0.4527469664816835	
5562	 0.009891872569496526	 0.45075331877022135	
5563	 0.009868807508954226	 0.44900296433691156	
5564	 0.009864777431653916	 0.44869741064716756	
5565	 0.009896587213678755	 0.4511114375365832	
5566	 0.009927896696110902	 0.45349255382361836	
5567	 0.00995444649441771	 0.45551561836701354	
5568	 0.009978472465252498	 0.45734947347828886	
5569	 0.010000003743964423	 0.45899541679599826	
5570	 0.010004365249458035	 0.4593291170148209	
5571	 0.010006777314925604	 0.4595137065935799	
5572	 0.01000327791272342	 0.45924591544642945	
5573	 0.009994275839768455	 0.45855732033150676	
5574	 0.009984908114109379	 0.45784119425578035	
5575	 0.009976601790798893	 0.457206582784592	
5576	 0.009967970214465535	 0.4565474947553008	
5577	 0.00994861711499506	 0.4550711176764029	
5578	 0.009909633262314555	 0.452102992720842	
5579	 0.009845422235822618	 0.4472310918545221	
5580	 0.00981344932627096	 0.4448130823482948	
5581	 0.009788134721684313	 0.4429023402841324	
5582	 0.009760056532316161	 0.44078685366676357	
5583	 0.009722204640140487	 0.4379414059850653	
5584	 0.009665827301825077	 0.43371701850326105	
5585	 0.009606996191914761	 0.4293262492078464	
5586	 0.009550212964646244	 0.4251052857884435	
5587	 0.009499560376473632	 0.42135413173881303	
5588	 0.009476528289221709	 0.4196528565388497	
5589	 0.009461433831471543	 0.4185393917219737	
5590	 0.00944389926942015	 0.41724741517772745	
5591	 0.009424879948823727	 0.4158478460678476	
5592	 0.009406747949727828	 0.41451532398865193	
5593	 0.00939170343311761	 0.41341100016656823	
5594	 0.00938136556902831	 0.41265284547258085	
5595	 0.00937563616273543	 0.4122329040368063	
5596	 0.009376291242665721	 0.41228090998660777	
5597	 0.009379952357406851	 0.4125492471017264	
5598	 0.009384067327144063	 0.4128509323411542	
5599	 0.0093882975372396	 0.4131611582685419	
5600	 0.009387712981336168	 0.41311828383176974	
5601	 0.009375922034664181	 0.4122538531953603	
5602	 0.009343962932095492	 0.40991447658737895	
5603	 0.009289684460871207	 0.4059535552599785	
5604	 0.009254578344861862	 0.4033999176141561	
5605	 0.009223964382764347	 0.4011783059912704	
5606	 0.009203785092749914	 0.3997166083050496	
5607	 0.009188283462507149	 0.39859518930331705	
5608	 0.009176684604320444	 0.3977569291013318	
5609	 0.009167342781839236	 0.39708230027124586	
5610	 0.009163296525111565	 0.3967902380802988	
5611	 0.009170422151914237	 0.3973046293743365	
5612	 0.009220884017500087	 0.4009550400688069	
5613	 0.009267458035239335	 0.4043360445338881	
5614	 0.00931033541497043	 0.40745872635953956	
5615	 0.00931292044781502	 0.40764729666403815	
5616	 0.009305671227270518	 0.40711857631488146	
5617	 0.009298484187895237	 0.4065946621285814	
5618	 0.009293698796653916	 0.4062459707551047	
5619	 0.00928704225986098	 0.4057611358792237	
5620	 0.009276348761248122	 0.404982750174963	
5621	 0.009267561609362854	 0.4043435760682949	
5622	 0.009263765544561004	 0.40406757667363485	
5623	 0.009265852030389468	 0.4042192688702914	
5624	 0.009268599865412695	 0.40441907738117555	
5625	 0.009269932739728792	 0.40451601141068244	
5626	 0.009255176926438671	 0.40344340473223245	
5627	 0.009193868062005613	 0.3989990451951218	
5628	 0.009122642676678108	 0.39386058230188215	
5629	 0.009029858809228119	 0.3872068314430687	
5630	 0.008930728856800518	 0.38014818222549734	
5631	 0.008825526972378905	 0.3727140996500147	
5632	 0.00872233405230995	 0.3654791479911533	
5633	 0.008627949592170983	 0.3589115297062335	
5634	 0.008551984744353818	 0.3536602697105826	
5635	 0.008501386030488734	 0.3501797054486877	
5636	 0.008489150798742746	 0.34934014154959625	
5637	 0.00849148643604395	 0.34950034734483876	
5638	 0.008491309923287635	 0.3494882389735801	
5639	 0.008496464835048486	 0.34984192322911384	
5640	 0.008508513791402727	 0.35066917361912003	
5641	 0.008527877268751708	 0.3520002569001603	
5642	 0.008551406989523058	 0.35362044965048417	
5643	 0.008575115890771402	 0.3552559891112208	
5644	 0.008605325601353254	 0.3573443532421863	
5645	 0.00864396547006657	 0.3600226162677016	
5646	 0.008690734460584638	 0.3632750285687552	
5647	 0.008742470357476719	 0.3668864665373301	
5648	 0.00878964613047235	 0.37019202851273847	
5649	 0.008817570327675175	 0.37215423461500796	
5650	 0.008828497874517567	 0.3729232318946433	
5651	 0.008822130106214127	 0.37247503980321084	
5652	 0.008843874678218048	 0.3740064089721782	
5653	 0.00886126587933957	 0.37523299866740384	
5654	 0.008881456117488268	 0.3766590169159257	
5655	 0.008917441516669861	 0.3792059947161035	
5656	 0.008967444425731854	 0.382756493972926	
5657	 0.009019996204508416	 0.38650222880467416	
5658	 0.009067101137110367	 0.38987211855033815	
5659	 0.009103927808584319	 0.39251484520748825	
5660	 0.009140001695457534	 0.39511047029790136	
5661	 0.009287943148176261	 0.40582673934328484	
5662	 0.009344525088476973	 0.4099555798932823	
5663	 0.009360833360583376	 0.41114871270922343	
5664	 0.00937216984042285	 0.41197892020368476	
5665	 0.009384604912690088	 0.41289035144807823	
5666	 0.00939736814084882	 0.4138266725934514	
5667	 0.00941402761492876	 0.41505010163412076	
5668	 0.009437108174315562	 0.41674746497375237	
5669	 0.00945884905296869	 0.41834884042304704	
5670	 0.009483179534114919	 0.4201438708993553	
5671	 0.009511913068259015	 0.42226770268736696	
5672	 0.009541579018160782	 0.42446494577281696	
5673	 0.009557319330776219	 0.42563262185530143	
5674	 0.009560187261429588	 0.42584551400227627	
5675	 0.009552112974614273	 0.42524625260010573	
5676	 0.009598162808153416	 0.42866852696309393	
5677	 0.009640323624557193	 0.43181139659191087	
5678	 0.009679767427753266	 0.4347600359575318	
5679	 0.009716017522682297	 0.4374770017009985	
5680	 0.009749299969157292	 0.4399774987915009	
5681	 0.0097797877990786	 0.44227303744033747	
5682	 0.009807559892095263	 0.4443682551888107	
5683	 0.00983304339985086	 0.44629429781051977	
5684	 0.009856099059486523	 0.448039713577536	
5685	 0.009877987260147655	 0.44969926821236256	
5686	 0.009812907831451377	 0.44477217597896096	
5687	 0.00971353254327686	 0.4372905349287693	
5688	 0.009602604634603645	 0.4289992091546902	
5689	 0.009520551698286306	 0.4229070620924278	
5690	 0.009462520175411571	 0.41861948795641396	
5691	 0.009415471884856336	 0.41515623315387157	
5692	 0.009386409522817394	 0.41302268766531847	
5693	 0.009366115403118734	 0.4115354506124273	
5694	 0.009349806256718279	 0.41034180466296183	
5695	 0.009339728894165436	 0.4096049485189983	
5696	 0.009314515778991029	 0.4077636886484777	
5697	 0.009231930314018706	 0.40175590989185483	
5698	 0.009043054661795617	 0.38815037015396053	
5699	 0.00883136820510099	 0.3731253291206568	
5700	 0.00862655788657337	 0.3588150463099599	
5701	 0.008524201271901255	 0.3517474065788097	
5702	 0.008451439001186672	 0.34675748690541	
5703	 0.008382802755329405	 0.3420766972618671	
5704	 0.008299688749739888	 0.3364426832941912	
5705	 0.008235344667662086	 0.33210675676522283	
5706	 0.008187975003976953	 0.32892907089963935	
5707	 0.008148367204252353	 0.3262814609682652	
5708	 0.008119078179496574	 0.3243291248251155	
5709	 0.008110986650046836	 0.3237905893933724	
5710	 0.008108595633104766	 0.32363152269735435	
5711	 0.008113393731122938	 0.32395075636417137	
5712	 0.008129807964064326	 0.3250438025115801	
5713	 0.008159698667778758	 0.32703804609464987	
5714	 0.008201397793654645	 0.32982826716459906	
5715	 0.008251427496058103	 0.33318841401994453	
5716	 0.008311205039252043	 0.3372210986557756	
5717	 0.00837536080374454	 0.3415707080188013	
5718	 0.008442496523795666	 0.34614619511250555	
5719	 0.008510029614209692	 0.35077330145888846	
5720	 0.008569127123117894	 0.35484257385245327	
5721	 0.008603176907871659	 0.35719565470954545	
5722	 0.008620254244240247	 0.3583781608274564	
5723	 0.008631625879742425	 0.359166447242232	
5724	 0.008625256558212118	 0.3587248379242929	
5725	 0.008650175114627196	 0.36045377404765083	
5726	 0.008672618773360355	 0.36201383805996806	
5727	 0.008689310557135385	 0.363175834743805	
5728	 0.008699744203844532	 0.3639029282545115	
5729	 0.008709712185621186	 0.36459811401452336	
5730	 0.00871926474786534	 0.36526482554376954	
5731	 0.008732647074950927	 0.3661996508667656	
5732	 0.00875242071670431	 0.36758269175098585	
5733	 0.008791020687325797	 0.3702885201702979	
5734	 0.008842568805002815	 0.37391437146408535	
5735	 0.008918022844832086	 0.37924719635332876	
5736	 0.00898907829706087	 0.3842967250284928	
5737	 0.009054895374795709	 0.38899779449607125	
5738	 0.009101918914211757	 0.39237050039283305	
5739	 0.009160524051578006	 0.3965901682550166	
5740	 0.009214978336661706	 0.4005271333495457	
5741	 0.00924609057421884	 0.4027834805404307	
5742	 0.009251750021434907	 0.40319446449291085	
5743	 0.00925568990605348	 0.4034806743359754	
5744	 0.009257128356551089	 0.4035851896933074	
5745	 0.009247968976515426	 0.40291986983256217	
5746	 0.009229710224359285	 0.40159489938960274	
5747	 0.009208290024658432	 0.40004274040933185	
5748	 0.009181649702050567	 0.39811567489151106	
5749	 0.009205939229496779	 0.3998725425935648	
5750	 0.009224050355379414	 0.40118453802878334	
5751	 0.009231740558718166	 0.40174214700794514	
5752	 0.009237556923321157	 0.40216409154588223	
5753	 0.009237576485667372	 0.40216551098300773	
5754	 0.009231339744450144	 0.40171307671270323	
5755	 0.009219935987753215	 0.40088633655526956	
5756	 0.009207585952548973	 0.39999176247591756	
5757	 0.009208754326002874	 0.40007635930120317	
5758	 0.009213418326829419	 0.40041413055063346	
5759	 0.009223204630182823	 0.40112323424689994	
5760	 0.009240258630692121	 0.4023601454776358	
5761	 0.009263143364808154	 0.4040223472192548	
5762	 0.009293948100664882	 0.40626413353717966	
5763	 0.009330032442133972	 0.408896444708521	
5764	 0.009370991745654951	 0.41189261328259863	
5765	 0.009414395689148439	 0.41507714837039233	
5766	 0.009459263776484213	 0.4183794117319033	
5767	 0.00950701823033652	 0.42190559932968213	
5768	 0.009551844512876911	 0.4252263335730155	
5769	 0.009573188379793629	 0.42681114663497555	
5770	 0.009578224943817477	 0.4271854626493123	
5771	 0.009569817507310884	 0.4265606976692957	
5772	 0.009534871748399065	 0.4239677650062781	
5773	 0.009549467559224614	 0.42504998727630294	
5774	 0.009563958057330828	 0.426125492414506	
5775	 0.00956998849828299	 0.42657340053479137	
5776	 0.009566831901913823	 0.4263389223715793	
5777	 0.009565438301904351	 0.4262354194421975	
5778	 0.00957342318200165	 0.4268285941517617	
5779	 0.009610236271787018	 0.4295676024342181	
5780	 0.009645466265479798	 0.4321953819385305	
5781	 0.00967839771791118	 0.4346575081822497	
5782	 0.00967979598109446	 0.4347621733821383	
5783	 0.009662637770084264	 0.433478514684871	
5784	 0.009632536831836161	 0.4312302403677873	
5785	 0.009592913663693727	 0.4282778735902542	
5786	 0.009555601178512788	 0.4255051004231974	
5787	 0.009524078868296667	 0.4231682250580427	
5788	 0.009493710776303227	 0.42092178765187976	
5789	 0.009466040564194601	 0.41887908865321516	
5790	 0.00942996326894236	 0.41622172664661505	
5791	 0.009382543982103838	 0.4127392394105766	
5792	 0.009319208609314974	 0.40810614465909983	
5793	 0.009232222994951817	 0.40177713830476586	
5794	 0.009139516464103645	 0.3950755110418602	
5795	 0.009027229551373044	 0.3870189422394101	
5796	 0.008882148527446352	 0.3767079595720446	
5797	 0.008780967810799518	 0.3695830568351773	
5798	 0.008677985113219884	 0.3623872527504066	
5799	 0.008577766444807337	 0.355439023024436	
5800	 0.008482932079369603	 0.34891373105629114	
5801	 0.00839802759746014	 0.34311278988099225	
5802	 0.008323136312613251	 0.33802832257937454	
5803	 0.008262619283451917	 0.33394195223406814	
5804	 0.008228825867612108	 0.33166873294816396	
5805	 0.008233541895428192	 0.33198559827591817	
5806	 0.008251999721337111	 0.33322692518271857	
5807	 0.008278803354477246	 0.33503282264731205	
5808	 0.008312648135767658	 0.3373186919560853	
5809	 0.008352794351324777	 0.34003821399129786	
5810	 0.008397004558022303	 0.34304312994043756	
5811	 0.008445062449776768	 0.3463215530949384	
5812	 0.008499830915880897	 0.3500729510191581	
5813	 0.008561023246176391	 0.354283455456768	
5814	 0.008624688008860387	 0.35868542879844295	
5815	 0.00871157508474462	 0.36472809495155056	
5816	 0.008788589901604655	 0.3701178897971453	
5817	 0.008836470743382152	 0.37348470207397266	
5818	 0.008856913282941479	 0.37492586226910946	
5819	 0.008850861218794689	 0.3744989719169563	
5820	 0.00882749447990664	 0.37285259417305255	
5821	 0.008867404727008487	 0.37566635099417905	
5822	 0.008902717446600879	 0.3781630232887599	
5823	 0.00892416720922721	 0.3796827876896039	
5824	 0.008988010648062107	 0.38422065535146444	
5825	 0.009045730185738912	 0.3883417892528525	
5826	 0.009055762500642528	 0.38905988260701085	
5827	 0.009006451906731381	 0.3855354359693112	
5828	 0.008894756785377855	 0.37759961285575444	
5829	 0.008831283603931503	 0.37311937180697	
5830	 0.008888321290524255	 0.3771443906914653	
5831	 0.00895501523442009	 0.3818727127505038	
5832	 0.009013801891485493	 0.3860599581622857	
5833	 0.009053569640882166	 0.3889028767051366	
5834	 0.009089504914836675	 0.3914789901504317	
5835	 0.009126849626786566	 0.3941633466376231	
5836	 0.009168521031844555	 0.39716736350013454	
5837	 0.009209856642855943	 0.40015617981661045	
5838	 0.009252858435059996	 0.40327497612297286	
5839	 0.009293504201032593	 0.4062317939210541	
5840	 0.009323312227312404	 0.4084056975489651	
5841	 0.009328173706473325	 0.4087606859932069	
5842	 0.00930569215487645	 0.40712010227027484	
5843	 0.009260951005929776	 0.4038629894893981	
5844	 0.00916557143031466	 0.396954432059976	
5845	 0.009106069179827458	 0.3926687322473597	
5846	 0.009042325027629784	 0.3880981753729482	
5847	 0.008977097149626995	 0.3834434173374408	
5848	 0.008900804913211373	 0.37802763436192555	
5849	 0.008827390004122526	 0.37284523951661597	
5850	 0.00875706924047723	 0.367908129216763	
5851	 0.008698082362520948	 0.36378707994100457	
5852	 0.00866520719840405	 0.36149835971475414	
5853	 0.008683820460224582	 0.3627934778694002	
5854	 0.008710525988177703	 0.36465489356361497	
5855	 0.008727249280634577	 0.3658224717826886	
5856	 0.00873594322585586	 0.3664300508744213	
5857	 0.008738999455792535	 0.3666437322621106	
5858	 0.008738184184057397	 0.36658672631273825	
5859	 0.008737447967876191	 0.36653525118274305	
5860	 0.008734126519517542	 0.36630305644993394	
5861	 0.008736831760019464	 0.3664921690774754	
5862	 0.008741417539185914	 0.3668128318815991	
5863	 0.008743586424833874	 0.36696453132078816	
5864	 0.008735843949794103	 0.3664231106594154	
5865	 0.008702867260498185	 0.36412067899572503	
5866	 0.008641506773363004	 0.3598519572315375	
5867	 0.008542327829069994	 0.3529949306701769	
5868	 0.008393735516491311	 0.34282057504054736	
5869	 0.008298614115879602	 0.3363700827614647	
5870	 0.008198798249104706	 0.32965404631750267	
5871	 0.008097497337860091	 0.3228935981101281	
5872	 0.007994540280387676	 0.3160801599264354	
5873	 0.007891683706939335	 0.30933153441301714	
5874	 0.007800472688178873	 0.30339583346621674	
5875	 0.007730676355890808	 0.29888484726265924	
5876	 0.007717157996276418	 0.29801427288160814	
5877	 0.007750458431888167	 0.3001606314004582	
5878	 0.007784580146783399	 0.30236631134098707	
5879	 0.00781208683801121	 0.30414908550806213	
5880	 0.007855542501982764	 0.3069740866162431	
5881	 0.007914894542051706	 0.31084935162231325	
5882	 0.00798087993243736	 0.315180524033812	
5883	 0.00805405698807008	 0.32001173790865295	
5884	 0.00815488292448262	 0.326716420364848	
5885	 0.008265758570728702	 0.33415344136127917	
5886	 0.008345709454784066	 0.3395576454030799	
5887	 0.008413373004096898	 0.34415835515273097	
5888	 0.008476537027029189	 0.3484754469045355	
5889	 0.008526340379471163	 0.3518945344354359	
5890	 0.008536116956643428	 0.35256728082694294	
5891	 0.008518786424267046	 0.3513750832719211	
5892	 0.008471640015594618	 0.3481399797986718	
5893	 0.008482631103575842	 0.3488930987748673	
5894	 0.008503481841394565	 0.3503235978192338	
5895	 0.008586949338117548	 0.3560734389974994	
5896	 0.00859077810634432	 0.35633808969648983	
5897	 0.008573714784203029	 0.35515925098428003	
5898	 0.008543500323725275	 0.35307568609846696	
5899	 0.008509631774176983	 0.3507459710629945	
5900	 0.008495791407654107	 0.34979571049731395	
5901	 0.008499630219760896	 0.3500591747196242	
5902	 0.00848503379969986	 0.3490578203160741	
5903	 0.00845699744681286	 0.34713766972748594	
5904	 0.008424689695960892	 0.34493023741739753	
5905	 0.008395461089939249	 0.34293804411756207	
5906	 0.008365316203023561	 0.34088823600408563	
5907	 0.008343405360858354	 0.33940141728156176	
5908	 0.008412931526991638	 0.3441282571613679	
5909	 0.008469571830081958	 0.34799833869437197	
5910	 0.008546731212727192	 0.3532982514211163	
5911	 0.008633607144708635	 0.3593038601996546	
5912	 0.008709674918518614	 0.3645955139485197	
5913	 0.008754882270633863	 0.3677550077823717	
5914	 0.008769355314599329	 0.36876881673633677	
5915	 0.008727871390390197	 0.3658659347205848	
5916	 0.008662677199639238	 0.36132246444221866	
5917	 0.00869518367066722	 0.36358504508311656	
5918	 0.008772786493075632	 0.36900932788756746	
5919	 0.00884313951558867	 0.3739545938409458	
5920	 0.00881263922702831	 0.37180742935242894	
5921	 0.00876080558314333	 0.3681697895005997	
5922	 0.008690164623184178	 0.36323533050977624	
5923	 0.008603650513314128	 0.35722842805055643	
5924	 0.008536384753445096	 0.35258571570742486	
5925	 0.008492356165566019	 0.3495600112505966	
5926	 0.008479278577296915	 0.348663311741533	
5927	 0.008489952143871918	 0.34939510402187496	
5928	 0.0085316762506008	 0.35226164300004353	
5929	 0.008603901359015323	 0.35724578697788106	
5930	 0.008685145989586243	 0.36288577938525785	
5931	 0.008771003669361475	 0.36888435163004846	
5932	 0.008832514568899845	 0.3732060557357468	
5933	 0.00889634903538039	 0.37771227639336497	
5934	 0.008965943494484317	 0.38264972644396217	
5935	 0.009044219052460783	 0.388233671295462	
5936	 0.00914331765876735	 0.39534940720808126	
5937	 0.009261346201075115	 0.40389171349463265	
5938	 0.009373831497436643	 0.41210066506647186	
5939	 0.00943082555877213	 0.4162851618002548	
5940	 0.009422898841537712	 0.4157021710959914	
5941	 0.009454237113025595	 0.4180089318850242	
5942	 0.009476229126415481	 0.4196307768627506	
5943	 0.009492351586986969	 0.42082135535742027	
5944	 0.009494545391270877	 0.42098346320515345	
5945	 0.009498285040266828	 0.42125985647574266	
5946	 0.009506490036416095	 0.4218665327790359	
5947	 0.00951991849273282	 0.4228601843532682	
5948	 0.00954374575138745	 0.42462560609860417	
5949	 0.009586009509372021	 0.4277642675393969	
5950	 0.009636072390943433	 0.43149407300070447	
5951	 0.009689395499718647	 0.4354810051750948	
5952	 0.009745021037411629	 0.43965570504690943	
5953	 0.009803313492602543	 0.44404763639972183	
5954	 0.009862591560687464	 0.4485317163871159	
5955	 0.009920779608336055	 0.4529508521426328	
5956	 0.009974990185677083	 0.4570834953162897	
5957	 0.010026800018261322	 0.4610471409819281	
5958	 0.010074264141345636	 0.4646903288653827	
5959	 0.010117831183863927	 0.46804447845124875	
5960	 0.010160620364445294	 0.4713481276234177	
5961	 0.010198617225662178	 0.4742895597903359	
5962	 0.010216257265150847	 0.47565760625359527	
5963	 0.010196497750130566	 0.4741252931620957	
5964	 0.010138320882838652	 0.46962527880524774	
5965	 0.010157490233467138	 0.47110614274893164	
5966	 0.010169976811167691	 0.47207175424043074	
5967	 0.010173376002337423	 0.4723347572838104	
5968	 0.010138621257137645	 0.4696484688315942	
5969	 0.010094414161540858	 0.46624044389145164	
5970	 0.010045506886151679	 0.4624816482563181	
5971	 0.00999241515320744	 0.458415042474029	
5972	 0.010018916288967342	 0.4604431233941509	
5973	 0.009987110619248079	 0.4580095269226038	
5974	 0.00996843475137063	 0.4565829560796277	
5975	 0.009963086585423738	 0.45617476015009667	
5976	 0.009966395390668044	 0.4564272857291749	
5977	 0.00997779695866519	 0.4572978731270281	
5978	 0.00999829933994647	 0.45886503864717243	
5979	 0.010026818605179708	 0.4610485654062811	
5980	 0.010066731529234357	 0.46411138508871647	
5981	 0.010115550975037682	 0.4678686899585502	
5982	 0.01016454980781104	 0.4716519762823888	
5983	 0.010209231852866667	 0.47511257222083886	
5984	 0.01024867730588171	 0.47817600166824686	
5985	 0.01026548570280685	 0.4794837745165896	
5986	 0.010265966976433482	 0.47952124092068	
5987	 0.010247518499815499	 0.47808589372060056	
5988	 0.010215758156285806	 0.4756188769590775	
5989	 0.010226061063737548	 0.47641860622140203	
5990	 0.010472324473704742	 0.49569350430323406	
5991	 0.010469073919856072	 0.4954370964548276	
5992	 0.010442497804563142	 0.4933427296092023	
5993	 0.010399216106686456	 0.48993945753266216	
5994	 0.010336658932782607	 0.4850372083494004	
5995	 0.010327109596250173	 0.4842906168432293	
5996	 0.010318498567857107	 0.4836177791663682	
5997	 0.0103289995196756	 0.48443833936669467	
5998	 0.01034106345164887	 0.4853817198872454	
5999	 0.010355185660873387	 0.48648698694595244	
6000	 0.010379021033912425	 0.48835472963436183	
6001	 0.010391398296793633	 0.4893257424224156	
6002	 0.010399831282885914	 0.48998776326287435	
6003	 0.010420679022734984	 0.4916259247312527	
6004	 0.010488418712214601	 0.49696382011969337	
6005	 0.010541882810853307	 0.5011930631495125	
6006	 0.0105786748102188	 0.5041117920443327	
6007	 0.01061076121768115	 0.5066627550066799	
6008	 0.010632092493573329	 0.5083615027232448	
6009	 0.010628285907886276	 0.5080581929295563	
6010	 0.010601403072212322	 0.5059182231686961	
6011	 0.01056224174991577	 0.502807310884379	
6012	 0.0105029909292063	 0.49811512458286494	
6013	 0.010515258962073844	 0.49908520883975155	
6014	 0.010523168573142882	 0.49971105483100603	
6015	 0.010522153880192254	 0.49963074996473106	
6016	 0.010492128112578922	 0.49725678692083336	
6017	 0.0104527081401173	 0.49414694913339036	
6018	 0.01040490248744558	 0.4903860440901979	
6019	 0.010349270380535097	 0.48602390834683873	
6020	 0.01029362874488652	 0.4816766338645479	
6021	 0.010270736105465387	 0.47989257349789427	
6022	 0.010261254673341911	 0.4791544458474055	
6023	 0.010254476239850789	 0.47862702475080393	
6024	 0.010245757986958771	 0.4779490104738733	
6025	 0.010238755138097815	 0.47740468079706244	
6026	 0.0102330222654862	 0.4769592507722135	
6027	 0.010230732379418983	 0.47678137877356463	
6028	 0.010235178053636756	 0.4771267306684926	
6029	 0.01022455580108765	 0.4763017316428943	
6030	 0.010207546534914515	 0.4749818618177701	
6031	 0.010191866000274559	 0.47376639587525077	
6032	 0.010170586459985786	 0.47211891982450044	
6033	 0.010109457636275862	 0.4673990648633588	
6034	 0.010011916983111642	 0.45990713200707867	
6035	 0.009902011826394377	 0.4515236254067345	
6036	 0.009784139563315728	 0.44260108706837314	
6037	 0.009741951846703982	 0.43942494694466777	
6038	 0.009708106250196833	 0.4368834697146243	
6039	 0.009675495308449966	 0.4344402842178576	
6040	 0.009637138085162986	 0.43157361053986243	
6041	 0.009591088918038526	 0.42814210520543305	
6042	 0.0095389118744725	 0.4242672140853625	
6043	 0.009490226979112702	 0.42066438447932075	
6044	 0.009452616484844842	 0.41788951482054837	
6045	 0.00944820322307155	 0.41756438988603545	
6046	 0.009452561642928266	 0.41788547399622117	
6047	 0.009462216386578622	 0.418597088961501	
6048	 0.009472006264082209	 0.4193191585770559	
6049	 0.009475202571296356	 0.4195550156147872	
6050	 0.009484012784073782	 0.42020540003722057	
6051	 0.009511176286402565	 0.42221319014318076	
6052	 0.00954537512829464	 0.4247464382030391	
6053	 0.00961360611216269	 0.4298186790642277	
6054	 0.00967624879466805	 0.4344966729355464	
6055	 0.009732927257688756	 0.438746711045041	
6056	 0.009778270391832457	 0.44215867340439324	
6057	 0.009782464219301863	 0.4424747828673865	
6058	 0.00974994565367199	 0.44002606517237114	
6059	 0.009704387058609187	 0.4366045540366719	
6060	 0.00965912267620842	 0.43321572707379447	
6061	 0.009710586197102035	 0.4370694895270204	
6062	 0.009757825386430316	 0.4406189269014489	
6063	 0.009800849961570704	 0.44386167317119374	
6064	 0.00983874717442791	 0.44672584515028557	
6065	 0.009872042345006245	 0.4492482843626724	
6066	 0.009900569977074282	 0.4514140521462629	
6067	 0.009873556309879381	 0.4493631172186447	
6068	 0.00982850148584883	 0.44595077612135925	
6069	 0.009774853464933685	 0.44190118957952235	
6070	 0.009711951084311903	 0.43717188267700546	
6071	 0.009654423681431839	 0.43286453087277305	
6072	 0.009617252829924748	 0.43009045110184657	
6073	 0.009599317639077584	 0.4287544912486263	
6074	 0.00959498412956312	 0.4284319453952236	
6075	 0.009600652468355356	 0.42885386299507716	
6076	 0.009608295211199387	 0.42942300650887727	
6077	 0.009625556151988268	 0.430709513401571	
6078	 0.009648182793569951	 0.4323982719251533	
6079	 0.00966441123455593	 0.433611122673599	
6080	 0.009664769304869807	 0.433637898781069	
6081	 0.00963184376028558	 0.4311785291297165	
6082	 0.009572080670229978	 0.4267288395820474	
6083	 0.009496941203568355	 0.42116052665742343	
6084	 0.009406647274061831	 0.41450793010189924	
6085	 0.009353296188390897	 0.41059711174146557	
6086	 0.009294863169232967	 0.40633080268139893	
6087	 0.009237569233899155	 0.40216498479696167	
6088	 0.009229207123400097	 0.401558415920618	
6089	 0.009271495225303317	 0.4046296558784381	
6090	 0.009301955133508927	 0.4068476502362854	
6091	 0.009382491947255187	 0.4127354243855341	
6092	 0.009456471815512332	 0.4181736198068459	
6093	 0.009507911392546007	 0.4219716631449974	
6094	 0.009636180324048567	 0.4315021282655367	
6095	 0.009695806147018886	 0.435961312187877	
6096	 0.009748679896297992	 0.43993086085807326	
6097	 0.009798596985577356	 0.44369163127515887	
6098	 0.009946274054998627	 0.45489250403764636	
6099	 0.01011366339052941	 0.4677231900973236	
6100	 0.010359447242727712	 0.48682071482773726	
6101	 0.010834996434151974	 0.5246335168235988	
6102	 0.011007370899015104	 0.5386178543434221	
6103	 0.011030481025360936	 0.540503899006977	
6104	 0.011052261383930825	 0.5422838327837006	
6105	 0.011049441430513946	 0.5420532487381892	
6106	 0.011021530053362634	 0.5397730867414311	
6107	 0.01097495572517432	 0.5359768592869888	
6108	 0.010906098605681641	 0.530384037017319	
6109	 0.010924788383144963	 0.5318997670995674	
6110	 0.010943906633807612	 0.5334520357321223	
6111	 0.010968445866585954	 0.5354471010908622	
6112	 0.011096778398478273	 0.54592912822495	
6113	 0.01113951299500735	 0.5494376535592433	
6114	 0.011167557229593922	 0.551744978458169	
6115	 0.011364543219901185	 0.568060666527633	
6116	 0.011992634248039688	 0.6213444058174564	
6117	 0.01271634635768429	 0.685086367005369	
6118	 0.013564220703823572	 0.7628974395419655	
6119	 0.014039740659140825	 0.8079910571632557	
6120	 0.014221592743061893	 0.8255089908913642	
6121	 0.014266120828176044	 0.8298212932742618	
6122	 0.014179715159706424	 0.8214615799563877	
6123	 0.014099112339766356	 0.8136938425573783	
6124	 0.014024754615481258	 0.8065541502195043	
6125	 0.01395771557055031	 0.8001387770547348	
6126	 0.013896522570238325	 0.7943007510784087	
6127	 0.013837751590694542	 0.7887099047269334	
6128	 0.013784123059734404	 0.7836220492029208	
6129	 0.013729596924480081	 0.7784625483031019	
6130	 0.01365128310887075	 0.7710760259218516	
6131	 0.013554957715497983	 0.7620293344621095	
6132	 0.013446017622767894	 0.751849424330466	
6133	 0.013389630305671764	 0.7466018381315122	
6134	 0.013335893489348438	 0.7416146067762313	
6135	 0.013285826057737931	 0.7369799651688412	
6136	 0.013257762583786222	 0.7343872707330195	
6137	 0.013227996333600842	 0.731641257964548	
6138	 0.013194512612121925	 0.7285572187293323	
6139	 0.013129370606991937	 0.7225722140898584	
6140	 0.013060180072075643	 0.7162368909500884	
6141	 0.013002082660344633	 0.7109345422976961	
6142	 0.012949668010492351	 0.706164371890091	
6143	 0.012902484373038295	 0.7018812608539741	
6144	 0.01286252233669186	 0.6982618497961948	
6145	 0.01283012601283209	 0.695333170713687	
6146	 0.012800233803181238	 0.692635236864708	
6147	 0.012769868679124354	 0.6898989171045123	
6148	 0.012733827352279438	 0.686656718222345	
6149	 0.012701445707927464	 0.6837489487507077	
6150	 0.012670404460634175	 0.680966178220657	
6151	 0.012636731821083474	 0.67795264512063	
6152	 0.012601181032393471	 0.6747768315794863	
6153	 0.01252989158210736	 0.6684264086407898	
6154	 0.012423255043562512	 0.6589721795495945	
6155	 0.012296466542100296	 0.6478015240213865	
6156	 0.012155641640704404	 0.6354839090341896	
6157	 0.012062445488406116	 0.6273843545170982	
6158	 0.011969344287163022	 0.619334600346162	
6159	 0.011876217242540751	 0.6113242635707897	
6160	 0.011780539378860543	 0.6031380166817661	
6161	 0.01168188559182913	 0.594743437977897	
6162	 0.011587744400671127	 0.5867767848511851	
6163	 0.011504278254237672	 0.5797494879959777	
6164	 0.01144268974759127	 0.5745858800342792	
6165	 0.011397864815800183	 0.5708393648066211	
6166	 0.011358704335752834	 0.5675743187291178	
6167	 0.011316584964788535	 0.5640709390276621	
6168	 0.011270996584150955	 0.5602888006034753	
6169	 0.011232800406101905	 0.5571277807210125	
6170	 0.011205894146958469	 0.5549053826439755	
6171	 0.011190666667001135	 0.5536492010795154	
6172	 0.011189001410340198	 0.55351189584194	
6173	 0.011197714302300951	 0.5542304498448173	
6174	 0.011209792497093205	 0.5552271576974138	
6175	 0.01122260002656426	 0.5562848335427595	
6176	 0.011225623017092371	 0.5565345966349377	
6177	 0.011206617176469239	 0.5549650568343416	
6178	 0.011176917273242994	 0.5525159318650538	
6179	 0.011147849494757308	 0.5501231307699154	
6180	 0.011110028822226583	 0.5470160309400534	
6181	 0.011101262295690811	 0.5462968355152266	
6182	 0.011093728537144914	 0.5456790773338414	
6183	 0.0110809920924474	 0.5446353417802559	
6184	 0.011063707773952344	 0.5432201924175729	
6185	 0.01118331193428965	 0.5530428848382473	
6186	 0.011583422149019626	 0.5864120486996189	
6187	 0.011791006317536032	 0.6040314220310423	
6188	 0.012551805661479086	 0.6703759449555963	
6189	 0.013397827330820634	 0.747363766413936	
6190	 0.01346670948401468	 0.7537787617327002	
6191	 0.013406214519447896	 0.7481436924721933	
6192	 0.013351206784660594	 0.7430344478692034	
6193	 0.013301350919905653	 0.7384158272582626	
6194	 0.013253384031060458	 0.7339830799354136	
6195	 0.013209517802027133	 0.7299386368156856	
6196	 0.013163422799618761	 0.7256983393160334	
6197	 0.013120429608200113	 0.7217522902139754	
6198	 0.013079276639029247	 0.7179832082633495	
6199	 0.013038175937680575	 0.7142267961413711	
6200	 0.012996983010694095	 0.7104698676289467	
6201	 0.0129495917672732	 0.70615744247959	
6202	 0.01289667782738633	 0.7013548901096338	
6203	 0.012814299170666075	 0.6939041898652275	
6204	 0.012722243960787858	 0.6856159992275481	
6205	 0.012702192017030881	 0.6838159093774799	
6206	 0.01267996982980336	 0.6818232058335539	
6207	 0.012655410729206845	 0.6796236538613022	
6208	 0.012629262445534925	 0.6772848979545091	
6209	 0.012601296254975055	 0.6747871149761119	
6210	 0.012571664787425973	 0.6721446281031628	
6211	 0.012514060941234492	 0.6670194848654956	
6212	 0.012452445424185657	 0.6615547971841719	
6213	 0.012401840049781374	 0.657080059366498	
6214	 0.012355120191059638	 0.652959686611385	
6215	 0.012309023703399452	 0.6489044583328248	
6216	 0.012265560756136046	 0.6450901709758957	
6217	 0.012223340413711769	 0.6413935516215307	
6218	 0.01217792400474684	 0.6374265919312406	
6219	 0.01213027873936133	 0.6332755375874762	
6220	 0.012091376494599917	 0.629894261266805	
6221	 0.012053623106252721	 0.6266197672970497	
6222	 0.012016494316197833	 0.6234061087690668	
6223	 0.011979281028647058	 0.6201917721536732	
6224	 0.011932970753339357	 0.6162009615610139	
6225	 0.01185776571470221	 0.6097421065927001	
6226	 0.011760239820983133	 0.601406856370236	
6227	 0.011647660105335755	 0.5918421515006757	
6228	 0.011526186173105187	 0.581590711048992	
6229	 0.011464731904451936	 0.5764317809172033	
6230	 0.011408657406288956	 0.5717405247973667	
6231	 0.011356022020417468	 0.5673509520766148	
6232	 0.011310675699558221	 0.5635801159595136	
6233	 0.011262409816649825	 0.5595775579966012	
6234	 0.011218914839716182	 0.5559804196591158	
6235	 0.011172435919487628	 0.5521467650138228	
6236	 0.011117934217424052	 0.547664904669286	
6237	 0.011061777895257648	 0.5430622754786256	
6238	 0.011000294690311597	 0.5380408840571901	
6239	 0.01094483187862813	 0.533527205056791	
6240	 0.01090649130569188	 0.5304158669631412	
6241	 0.01088606876839465	 0.5287615501554349	
6242	 0.01087888417111626	 0.5281800572597373	
6243	 0.010879162829757264	 0.5282026060173907	
6244	 0.010882727311732893	 0.5284910740297367	
6245	 0.010893812065533777	 0.529388548536856	
6246	 0.010910406972276581	 0.5307332895837034	
6247	 0.010930911543281178	 0.5323967280442329	
6248	 0.010949525607210265	 0.5339086011783033	
6249	 0.01094231631727066	 0.5333228441297816	
6250	 0.010917420733941278	 0.5313020484470022	
6251	 0.010878052274791628	 0.5281127433941093	
6252	 0.010815308626459165	 0.5230456642063935	
6253	 0.01078375709785157	 0.5205050005316291	
6254	 0.01073197267997198	 0.5163458316341948	
6255	 0.0106644489965514	 0.5109426003117253	
6256	 0.010580833252291326	 0.5042832328790053	
6257	 0.010500287744601666	 0.4979014740737519	
6258	 0.010431289839785064	 0.492460534950532	
6259	 0.01037474560005627	 0.4880194954423545	
6260	 0.010327911354297309	 0.48435328264269667	
6261	 0.010307492422479593	 0.4827583397125194	
6262	 0.010299120704049805	 0.48210502487843115	
6263	 0.010296087876354103	 0.48186843543422664	
6264	 0.010291775026046033	 0.48153207204000253	
6265	 0.010287066032010132	 0.48116492031023145	
6266	 0.01027975488150306	 0.480595105153345	
6267	 0.01027239161364451	 0.4800215010900757	
6268	 0.01030206460501238	 0.4823347216184575	
6269	 0.01033705473775616	 0.48506816332093355	
6270	 0.01035575182008234	 0.48653131805313654	
6271	 0.010363386818933578	 0.4871293076132381	
6272	 0.010365553960482811	 0.4872990963391995	
6273	 0.010364489383436114	 0.48721568711751245	
6274	 0.010366437527345498	 0.48736832781636713	
6275	 0.010362503432460556	 0.48706010385110904	
6276	 0.010333990951345347	 0.48482857244222893	
6277	 0.010286511197682419	 0.4811216682604262	
6278	 0.010229477251215719	 0.47668389515576237	
6279	 0.010179733965058434	 0.47282684439735606	
6280	 0.010138772345611653	 0.4696601336035517	
6281	 0.010088113775074277	 0.46575554142431613	
6282	 0.010047267396253714	 0.4626167420161569	
6283	 0.010021597657146874	 0.4606485228008212	
6284	 0.010018703743311203	 0.4604268434408272	
6285	 0.010037384315851295	 0.46185856253787216	
6286	 0.010057792728659093	 0.4634247386732056	
6287	 0.01029309092057569	 0.48163468997571496	
6288	 0.010304256006120867	 0.48250573325998763	
6289	 0.010319467427445347	 0.48369346401274593	
6290	 0.010345877399640945	 0.4857583679506668	
6291	 0.010375717134518153	 0.48809566478918076	
6292	 0.010431773509370674	 0.4924985922230713	
6293	 0.010452238499272976	 0.4941099462642744	
6294	 0.010465700021555467	 0.4951710151664828	
6295	 0.010482183476708335	 0.4964715196027523	
6296	 0.0104903452494101	 0.4971159685559335	
6297	 0.01048965338346119	 0.4970613262408851	
6298	 0.010472515722644533	 0.495708591917337	
6299	 0.01044199445072831	 0.4933030963768905	
6300	 0.010384070390331393	 0.48875076521087957	
6301	 0.01035515193977637	 0.48648434658494316	
6302	 0.01031847504246069	 0.48361594148115844	
6303	 0.010278616855794662	 0.48050643419955597	
6304	 0.010217422898052731	 0.4757480606518721	
6305	 0.010164100409660272	 0.47161722209484475	
6306	 0.010120894429161507	 0.46828067527181066	
6307	 0.010095078930371494	 0.4662916188801515	
6308	 0.010124774453683283	 0.46857991968665663	
6309	 0.010130752184297967	 0.4690410979840833	
6310	 0.01014685340368733	 0.47028419980406655	
6311	 0.010254385638689294	 0.47861997676583307	
6312	 0.010286956869892809	 0.4811564104663284	
6313	 0.010323055561416718	 0.48397380116976324	
6314	 0.010358968476575595	 0.4867832177032281	
6315	 0.010396356774676407	 0.48971495805114085	
6316	 0.010432820566722852	 0.49258098337869866	
6317	 0.010475326143042321	 0.49593032694800376	
6318	 0.010514150652501726	 0.49899753918394957	
6319	 0.010546813220316871	 0.501583801737382	
6320	 0.010567860883061551	 0.5032532140510294	
6321	 0.010576889784424906	 0.5039700285509755	
6322	 0.010569731429013471	 0.5034016852526634	
6323	 0.010549130003173694	 0.5017674505507608	
6324	 0.01049483070107934	 0.49747027965288576	
6325	 0.01047327276274363	 0.49576831655497994	
6326	 0.010440783824878409	 0.49320777895402473	
6327	 0.010398720898295246	 0.48990057346729254	
6328	 0.010401276161418971	 0.49010122753739555	
6329	 0.010456020730581207	 0.4944079786774353	
6330	 0.010455692890969297	 0.49438214271332154	
6331	 0.01045316931585249	 0.49418328611754553	
6332	 0.010495678315177863	 0.4975372450295224	
6333	 0.010534883595403083	 0.5006385793704345	
6334	 0.0106032771535991	 0.506067289568514	
6335	 0.010777516601901828	 0.5200030754751537	
6336	 0.011333669682555331	 0.5654909554145785	
6337	 0.012332551956981616	 0.65097303755353	
6338	 0.013098738562371549	 0.719764685960243	
6339	 0.013920965987983043	 0.7966306872668096	
6340	 0.013820288992374453	 0.7870517439872143	
6341	 0.013730753492758856	 0.7785718462885299	
6342	 0.013681288257076568	 0.7739027684172476	
6343	 0.01364014699560688	 0.7700279614564477	
6344	 0.01366512702097505	 0.7723797271542293	
6345	 0.013764884583573363	 0.7818000641973156	
6346	 0.01384351599306394	 0.7892575698695627	
6347	 0.013831999093643741	 0.7881635222887285	
6348	 0.013733888481377514	 0.77886813976758	
6349	 0.013708107886532022	 0.7764329084601452	
6350	 0.01363332038787197	 0.769385763851813	
6351	 0.013593405530914152	 0.7656351560486557	
6352	 0.013542800587120467	 0.7608905975287917	
6353	 0.013515356292141328	 0.7583224437056372	
6354	 0.013529160399024038	 0.7596137560103507	
6355	 0.013658130452293145	 0.7717207400525287	
6356	 0.013670440704950389	 0.7728803583985235	
6357	 0.0137149484499222	 0.777078769774199	
6358	 0.013670364107281025	 0.7728731407912229	
6359	 0.013627020921992916	 0.7687933460728084	
6360	 0.013585515883140043	 0.7648946716329799	
6361	 0.013582589672549111	 0.7646201044389352	
6362	 0.013567318540675517	 0.763187849604882	
6363	 0.013526465899416161	 0.7593616286272403	
6364	 0.01352458750158458	 0.7591858846179654	
6365	 0.013497498665210382	 0.7566532468406885	
6366	 0.013470256291239605	 0.7541096694260965	
6367	 0.013435028303136372	 0.7508255694416031	
6368	 0.013392273995394995	 0.7468475398999951	
6369	 0.013322725219743968	 0.7403945202486081	
6370	 0.013229979918945646	 0.7318241208084144	
6371	 0.013127027055674279	 0.7223572654379026	
6372	 0.012997889326073295	 0.7105524412454601	
6373	 0.012903729926990022	 0.7019941924781096	
6374	 0.012806297057089785	 0.6931821391626937	
6375	 0.0127062808026477	 0.6841828114897246	
6376	 0.012608878847149816	 0.6754639847209783	
6377	 0.012518593430715003	 0.6674221817195579	
6378	 0.012435653355390841	 0.6600686259789189	
6379	 0.012361549020195447	 0.6535260502235941	
6380	 0.012313978912485573	 0.6493398961608426	
6381	 0.012279716732953272	 0.6463315049222487	
6382	 0.012256842111680153	 0.6443261103649288	
6383	 0.01224264330707534	 0.643082569915883	
6384	 0.012231323962750057	 0.6420919029504498	
6385	 0.012223025492707429	 0.6413660105184792	
6386	 0.012217992032113238	 0.6409258784382893	
6387	 0.012216125648713575	 0.640762710258966	
6388	 0.012218583183128535	 0.6409775631577501	
6389	 0.012222288182729206	 0.6413015316583294	
6390	 0.012226479926830727	 0.6416681404814436	
6391	 0.012229335386743482	 0.6419179262332485	
6392	 0.012224946642443408	 0.6415340301161586	
6393	 0.012505555115642124	 0.666264032539494	
6394	 0.012455980070976225	 0.6618677991292173	
6395	 0.012441646212114472	 0.6605988664610166	
6396	 0.012476793273020514	 0.6637120618123118	
6397	 0.012601718549677579	 0.6748248045123563	
6398	 0.012918048914949666	 0.7032929854231784	
6399	 0.01342756734851309	 0.7501307639998266	
6400	 0.013961562705075172	 0.8005063783175138	
6401	 0.014151281203245018	 0.8187180144083838	
6402	 0.014546480691613198	 0.8571785657469772	
6403	 0.014514142931139846	 0.8540049814616132	
6404	 0.014424226057420879	 0.8452054292219114	
6405	 0.014340284829983717	 0.8370236076404366	
6406	 0.01425721919930577	 0.8289585003688685	
6407	 0.014178330493320616	 0.8213278897753414	
6408	 0.014104861034234572	 0.814246869454879	
6409	 0.014035277374016905	 0.8075629969888877	
6410	 0.013969374922922523	 0.8012530588890164	
6411	 0.013907020035227056	 0.7953010305437381	
6412	 0.013848792869588794	 0.7897590493954357	
6413	 0.013792747505577529	 0.784439380286075	
6414	 0.013739575697875454	 0.7794057640469704	
6415	 0.013689226565158764	 0.7746513171676321	
6416	 0.013636282335053478	 0.7696643759776974	
6417	 0.013565730666710626	 0.7630389871214022	
6418	 0.013485209494677339	 0.7555054022583118	
6419	 0.013400916365556306	 0.7476509784124455	
6420	 0.01331039609352669	 0.7392529118095239	
6421	 0.013269124717596836	 0.7354365415368687	
6422	 0.01326502117483297	 0.7350575182714395	
6423	 0.01328501299346503	 0.736904797360515	
6424	 0.013235586179453541	 0.7323410498074178	
6425	 0.013186266898379923	 0.7277985418797419	
6426	 0.013134733915892639	 0.7230642287457477	
6427	 0.013084258422120902	 0.7184390554297252	
6428	 0.013055902988578135	 0.7158459991265436	
6429	 0.013026029518010431	 0.7131181793907637	
6430	 0.012995114816396317	 0.71029967016108	
6431	 0.012946211466363598	 0.7058502491483566	
6432	 0.012888179649666848	 0.7005848042870607	
6433	 0.01283081878045004	 0.6953957464792149	
6434	 0.012779072066933508	 0.6907278126715882	
6435	 0.012734138884085226	 0.686684716763283	
6436	 0.012696401943740221	 0.6832964790044344	
6437	 0.01266187419919793	 0.6802022568231519	
6438	 0.012628126142541678	 0.6771833378174063	
6439	 0.012594006194603389	 0.6741366144211045	
6440	 0.012555290891550386	 0.670686209830051	
6441	 0.012497541108745226	 0.6655525748643071	
6442	 0.012433695912195	 0.6598954707492551	
6443	 0.012355114988977275	 0.6529592284006001	
6444	 0.01227069906786946	 0.6455406378430059	
6445	 0.012221574566104173	 0.6412391272867667	
6446	 0.012172940173352867	 0.6369918717953377	
6447	 0.012134153879732584	 0.6336127506291879	
6448	 0.012110829909223417	 0.6315841935547567	
6449	 0.01212179852139941	 0.6325378432121922	
6450	 0.012094963747103683	 0.6302057523002124	
6451	 0.012044521878645952	 0.6258314049404903	
6452	 0.012001235370859831	 0.6220872975195401	
6453	 0.012026825777560432	 0.6242996780062617	
6454	 0.012219253139743287	 0.641036139917496	
6455	 0.012272566534669972	 0.6457043865772621	
6456	 0.012283954910190022	 0.6467033352420294	
6457	 0.012328653291851236	 0.6506300890103442	
6458	 0.012327661609236666	 0.6505428665548584	
6459	 0.012310442013521512	 0.6490290800645889	
6460	 0.012300718521524328	 0.6481749044845171	
6461	 0.012325724234242358	 0.6503724801645788	
6462	 0.012435444079803305	 0.6600501126138006	
6463	 0.01297670659648756	 0.708623504696635	
6464	 0.013828235411552665	 0.7878061230131298	
6465	 0.014349384183329364	 0.8379089903789599	
6466	 0.015020607631576229	 0.9042473556001229	
6467	 0.015289184762741874	 0.9313550910869455	
6468	 0.015723937170463005	 0.975911070005013	
6469	 0.016039525217172116	 1.0087741057521258	
6470	 0.016343505419246757	 1.0408386968757126	
6471	 0.016851672991303055	 1.0953336997764191	
6472	 0.01714898362763957	 1.1277306590425622	
6473	 0.01776825762523341	 1.1964176616408726	
6474	 0.018769352390871342	 1.3108617511824294	
6475	 0.01915485569462091	 1.3560412025994972	
6476	 0.01926748553292286	 1.3693563517629304	
6477	 0.019592736238203734	 1.4080991335525355	
6478	 0.020132539815079613	 1.473349191384467	
6479	 0.02037188457209702	 1.5026577974623432	
6480	 0.020312327784658423	 1.4953432858383406	
6481	 0.020087722315461937	 1.4678868224212922	
6482	 0.019831560367723104	 1.4368217332838125	
6483	 0.01959015113276756	 1.4077895014024007	
6484	 0.01936441508728892	 1.3808570355363132	
6485	 0.019151623239336116	 1.355659828806834	
6486	 0.018950073155036697	 1.3319652547548497	
6487	 0.018758526936905606	 1.3096019008283706	
6488	 0.018576077786766076	 1.2884417222017877	
6489	 0.018397895127666125	 1.2679096568176822	
6490	 0.018213334495393935	 1.246781982126565	
6491	 0.018010052382787335	 1.2236757999959011	
6492	 0.01780194268097092	 1.2002003302342104	
6493	 0.01763895443264877	 1.1819419357085412	
6494	 0.01745270974730809	 1.1612155818231422	
6495	 0.01724133261290276	 1.1378703866559727	
6496	 0.017036300511252555	 1.1154075118900655	
6497	 0.0168278040247515	 1.0927491752114424	
6498	 0.016625928920761104	 1.070988014050854	
6499	 0.016469330168739277	 1.054228222068091	
6500	 0.016344014916954926	 1.0408927765062899	
6501	 0.01623416613243113	 1.0292591140605303	
6502	 0.01612705252840321	 1.0179655453514342	
6503	 0.01601555640064867	 1.006262905552765	
6504	 0.015896919666364785	 0.9938702952541569	
6505	 0.015772731607902674	 0.9809636925564522	
6506	 0.015648192315950427	 0.9680884445219858	
6507	 0.01552946010209147	 0.955876988860842	
6508	 0.015425377283757183	 0.9452232664521673	
6509	 0.01532546739478865	 0.9350416553772165	
6510	 0.015227165453730278	 0.9250670011083607	
6511	 0.015128906792500348	 0.9151395469628912	
6512	 0.015025553829318588	 0.9047436822970484	
6513	 0.014892198183568768	 0.8914002602443007	
6514	 0.014731741749174866	 0.8754504553544377	
6515	 0.014549872673787878	 0.857511723123268	
6516	 0.01435517722549181	 0.8384728583973335	
6517	 0.014216541523674435	 0.8250203755166061	
6518	 0.0140765811619251	 0.8115277826760617	
6519	 0.013939331352510721	 0.7983830615638764	
6520	 0.013811322345427363	 0.7862008586495435	
6521	 0.013686686419119362	 0.7744117606869539	
6522	 0.01356706276350529	 0.7631638698232187	
6523	 0.013461151557317804	 0.7532603387861904	
6524	 0.013389382943886155	 0.7465788502393487	
6525	 0.013332597341818605	 0.7413091317117789	
6526	 0.013285326272245813	 0.7369337596268947	
6527	 0.013243331905647956	 0.7330554898605993	
6528	 0.013204405824558146	 0.7294678968845894	
6529	 0.013165091857957806	 0.725851704196304	
6530	 0.013125112521276459	 0.7221816848601422	
6531	 0.013084161649657427	 0.7184301993749146	
6532	 0.01304610474788523	 0.7149508386998976	
6533	 0.01301039025678796	 0.7116917818928661	
6534	 0.01298030520891382	 0.7089510527594188	
6535	 0.01295979701768914	 0.7070851945648324	
6536	 0.01292604493930679	 0.7040186765457674	
6537	 0.01286093141261121	 0.6981179127879272	
6538	 0.012776474147443739	 0.6904937928573491	
6539	 0.012676119761151553	 0.681478199695163	
6540	 0.012561737083911914	 0.6712602191230493	
6541	 0.01249343083434323	 0.6651877959349018	
6542	 0.012421229958042177	 0.6587931601080658	
6543	 0.012350752290955837	 0.6525749977092029	
6544	 0.012286470909613035	 0.6469241132563287	
6545	 0.012226600112447366	 0.641678653119354	
6546	 0.01216739568431092	 0.6365083870936128	
6547	 0.012116348940529915	 0.6320639655757735	
6548	 0.012102423346133054	 0.6308536870823139	
6549	 0.012087353149568056	 0.6295449764069817	
6550	 0.012070793890626326	 0.6281082078981571	
6551	 0.012051841829422252	 0.6264654391088492	
6552	 0.012016642020517991	 0.6234188801246067	
6553	 0.01197700768656443	 0.6199956253144944	
6554	 0.011934817111204709	 0.6163598750724021	
6555	 0.01188774306419011	 0.6123133963642998	
6556	 0.011828575155973903	 0.6072424643016772	
6557	 0.011769455437859169	 0.6021925238448892	
6558	 0.011711266077839374	 0.5972385397909453	
6559	 0.011655543390500778	 0.5925099126539154	
6560	 0.01159983443024249	 0.5877974919257071	
6561	 0.011528860968002153	 0.5818156707153919	
6562	 0.011432196652886403	 0.573707977336316	
6563	 0.011325480447556642	 0.5648101193174141	
6564	 0.011226296146812293	 0.5565902175218443	
6565	 0.011178764217510694	 0.5526681089392579	
6566	 0.011127735202065869	 0.5484697952692722	
6567	 0.011079882655987966	 0.5445444627123862	
6568	 0.011007174239928561	 0.5386018160806095	
6569	 0.010941337820931731	 0.533243360822367	
6570	 0.010882644595220897	 0.5284843791963773	
6571	 0.010824102191115096	 0.5237546410930033	
6572	 0.010789146030151651	 0.5209385898946622	
6573	 0.010779396744963315	 0.5201542755863949	
6574	 0.010777737849315116	 0.5200208671623711	
6575	 0.010769245858156374	 0.5193381554552291	
6576	 0.010757871868980381	 0.5184243083077172	
6577	 0.0107446987895239	 0.5173667173601452	
6578	 0.010726936445979723	 0.515942048826693	
6579	 0.010706703222542536	 0.514321112915897	
6580	 0.010691600286942814	 0.5131125078178872	
6581	 0.010682479879327677	 0.5123832025250596	
6582	 0.010679183211890705	 0.5121196895469046	
6583	 0.010677726845094163	 0.5120032948451464	
6584	 0.010667868118935752	 0.5112156511392375	
6585	 0.010629433463465043	 0.508149622849342	
6586	 0.010569132781189155	 0.5033541667582807	
6587	 0.010504481164672607	 0.49823292339803754	
6588	 0.010423608483399651	 0.49185628939960013	
6589	 0.010461089390503026	 0.49480749185157974	
6590	 0.010494982123104485	 0.4974822424184324	
6591	 0.010524226240715601	 0.4997947662913802	
6592	 0.010548984130369143	 0.5017558865816868	
6593	 0.010569877706842713	 0.5034132965293142	
6594	 0.010586542972258688	 0.5047368571926839	
6595	 0.01063751001582944	 0.5087932972331474	
6596	 0.010680841823446462	 0.5122522607982143	
6597	 0.010687690635149467	 0.51279982517501	
6598	 0.010690724796238631	 0.5130424819787707	
6599	 0.010623063938393755	 0.5076422227729213	
6600	 0.010548913341808151	 0.5017502749042506	
6601	 0.010497493838487902	 0.49768069177668445	
6602	 0.010467996956343373	 0.49535215589825893	
6603	 0.010455111578429661	 0.4943363327072623	
6604	 0.010475829907249429	 0.4959700768564004	
6605	 0.010494124763120193	 0.4974145100888418	
6606	 0.010485388352061687	 0.496724534873028	
6607	 0.010476180748873722	 0.49599776104171545	
6608	 0.0104636737694814	 0.49501124299944776	
6609	 0.010424763296075544	 0.49194711253030526	
6610	 0.010364389697387738	 0.4872078770445722	
6611	 0.010294289221543266	 0.4817281451739319	
6612	 0.010210714421448034	 0.47522756962032403	
6613	 0.010240170436515072	 0.47751467158078137	
6614	 0.01026637569923575	 0.47955306027531713	
6615	 0.010285305845758496	 0.4810277105414725	
6616	 0.010304797141448892	 0.4825479658851432	
6617	 0.010320889915986831	 0.48380459378263874	
6618	 0.010333862007582949	 0.48481848996126437	
6619	 0.010344209438025073	 0.4856278517494283	
6620	 0.010353972871478136	 0.4863920291724493	
6621	 0.010362354168848065	 0.48704841105216157	
6622	 0.010366794712501308	 0.4873963160124104	
6623	 0.010302902953027089	 0.4824001414057058	
6624	 0.010239111100342438	 0.47743234366701665	
6625	 0.010193398739459097	 0.47388515017086513	
6626	 0.010163337209762112	 0.47155820240916974	
6627	 0.01014335756287203	 0.47001419000827066	
6628	 0.010134696268661734	 0.46934548106242985	
6629	 0.010124313812560338	 0.4685443890339427	
6630	 0.01011171230574733	 0.46757281449831983	
6631	 0.010098810633359484	 0.4665789331644255	
6632	 0.010075190652566384	 0.46476155888218074	
6633	 0.01001673608201704	 0.4602761411825869	
6634	 0.009924699060263742	 0.45324914067524474	
6635	 0.009781110838700126	 0.4423727620203277	
6636	 0.009598183567718572	 0.42867007222038417	
6637	 0.009481791693468801	 0.4200413974806831	
6638	 0.009366628868245162	 0.41157305299692565	
6639	 0.009258752702334363	 0.4037032249015684	
6640	 0.009197698047899962	 0.39927610901190796	
6641	 0.009136721939566633	 0.39487419921016537	
6642	 0.009073562921795307	 0.3903353074024349	
6643	 0.00900849553331064	 0.38568124811662147	
6644	 0.008956347480788343	 0.3819674034070739	
6645	 0.008932457646569783	 0.38027083714426907	
6646	 0.00889644382998997	 0.3777189842414956	
6647	 0.008851429789359532	 0.37453906851436664	
6648	 0.008817271025614656	 0.37213318095645787	
6649	 0.008797670351228156	 0.37075545779536595	
6650	 0.008790159568835925	 0.3702280698746269	
6651	 0.008792470093285378	 0.37039027700874727	
6652	 0.008809080290463966	 0.3715572090182211	
6653	 0.008827361697907486	 0.37284324688794523	
6654	 0.008855800604961649	 0.3748473634610909	
6655	 0.008906800774670206	 0.3784521484477341	
6656	 0.00895656185763889	 0.3819826413193394	
6657	 0.008956002473698725	 0.3819428808044658	
6658	 0.008879000166636184	 0.3764854397548106	
6659	 0.00874983235706546	 0.36740153379074014	
6660	 0.0085891295425278	 0.3562241286372723	
6661	 0.0085111877904123	 0.3508528694781003	
6662	 0.008433372112098526	 0.34552291138424834	
6663	 0.008353702575506345	 0.3400998385025786	
6664	 0.00828628486218961	 0.3355375867449031	
6665	 0.008222537829784935	 0.3312464340876838	
6666	 0.008168960757507553	 0.3276569826923131	
6667	 0.008140372575913773	 0.3257480932064833	
6668	 0.008137398782985559	 0.32554978340323365	
6669	 0.008163306602890856	 0.32727908970776076	
6670	 0.008203285239238103	 0.32995478638253534	
6671	 0.008250314116559559	 0.3331134879007452	
6672	 0.008308819494220864	 0.337059794500116	
6673	 0.008377430408771881	 0.3417113934366855	
6674	 0.008452101664665455	 0.3468028025666703	
6675	 0.00852680785230039	 0.35192669050174047	
6676	 0.008603656317187836	 0.35722882968416997	
6677	 0.00867841620626657	 0.36241725687572807	
6678	 0.008752064432707405	 0.3675577534971782	
6679	 0.008817573680911009	 0.3721544704927359	
6680	 0.008854619274535977	 0.37476402845751716	
6681	 0.008848884505347234	 0.37435958396662583	
6682	 0.008813089828177686	 0.37183911484908433	
6683	 0.00875900181523828	 0.3680434603128459	
6684	 0.008688669068565863	 0.36313115006829605	
6685	 0.008666334692629738	 0.36157675849231236	
6686	 0.008642684333380536	 0.3599336880638269	
6687	 0.008621088671732374	 0.3584359801272681	
6688	 0.00859430912709611	 0.3565822293143288	
6689	 0.008574893544493447	 0.35524063671148093	
6690	 0.008562438066252299	 0.3543810440554985	
6691	 0.008556311670226413	 0.353958547417249	
6692	 0.008551816839933599	 0.3536486972051551	
6693	 0.008567239644310757	 0.3547123177496528	
6694	 0.008581444710658977	 0.355693088014673	
6695	 0.0085943541331899	 0.3565853415290578	
6696	 0.008608717277177437	 0.3575791217029754	
6697	 0.008618790338659168	 0.3582767326335759	
6698	 0.00863606277434528	 0.3594742024528597	
6699	 0.008674583478220404	 0.3621505334214328	
6700	 0.008710013476315458	 0.36461913485562913	
6701	 0.008751677751426046	 0.3675306883380512	
6702	 0.008789585050947034	 0.37018774106273455	
6703	 0.008819609662601046	 0.37229769923710593	
6704	 0.008842391414546135	 0.37390186974295375	
6705	 0.008840484673644993	 0.3737675013523645	
6706	 0.008809812839637584	 0.3716087072946525	
6707	 0.008770514844342409	 0.36885008786785795	
6708	 0.008726508433772847	 0.365770716116315	
6709	 0.008759064120049476	 0.3680478236206674	
6710	 0.008828231524473528	 0.3729044806639208	
6711	 0.008891693149731312	 0.3773828756548618	
6712	 0.008865256027333646	 0.3755146476508538	
6713	 0.008827437058515354	 0.3728485519410753	
6714	 0.008779756679586918	 0.369498101697771	
6715	 0.008729201579232942	 0.3659588736679585	
6716	 0.008677005528450363	 0.36231907723281404	
6717	 0.008649291957431953	 0.36039244070160187	
6718	 0.00863233500457518	 0.3592156270114985	
6719	 0.008614053448706036	 0.3579486110802623	
6720	 0.00858348904834487	 0.3558343257957984	
6721	 0.008530916939092179	 0.35220939293479825	
6722	 0.008487476232122655	 0.34922529793175694	
6723	 0.00847624392154573	 0.34845536423659257	
6724	 0.008472998515118794	 0.34823303011635787	
6725	 0.008466048362972997	 0.34775708473186606	
6726	 0.008470519717058082	 0.3480632525225957	
6727	 0.0084922235258442	 0.34955091183217907	
6728	 0.008539046891427619	 0.3527689957537256	
6729	 0.008539447556733434	 0.35279658363131455	
6730	 0.008529753401424076	 0.35212933310320577	
6731	 0.008521290615762985	 0.35154725112709423	
6732	 0.008473948394718721	 0.34829809795341005	
6733	 0.00850933153199002	 0.35072534590519533	
6734	 0.008547843056452457	 0.3533748556548704	
6735	 0.008745860384035697	 0.36712360691252494	
6736	 0.008984222009910333	 0.38395076461431743	
6737	 0.009230325310916493	 0.4016395055410454	
6738	 0.009623207253154149	 0.43053435282520547	
6739	 0.009794267623948274	 0.44336494868896065	
6740	 0.010038995764900322	 0.4619821507401272	
6741	 0.0107112943363413	 0.5146887399698128	
6742	 0.011401110707507099	 0.5711103305639501	
6743	 0.012265850574072961	 0.645115575463946	
6744	 0.01307587879652992	 0.7176723625057456	
6745	 0.013531300530541173	 0.7598140343979877	
6746	 0.014355946908072648	 0.8385477871701236	
6747	 0.015400938355808028	 0.9427286714262954	
6748	 0.015557739211257512	 0.9587798322553792	
6749	 0.015571217481655714	 0.9601646120003062	
6750	 0.015509299678539087	 0.953809676749685	
6751	 0.015412184380745287	 0.9438762779625419	
6752	 0.015285137664271089	 0.9309442393168063	
6753	 0.015150418252566581	 0.9173092693552719	
6754	 0.015008282974866099	 0.9030111106867406	
6755	 0.01487939338610155	 0.8901232013991619	
6756	 0.014742350875605095	 0.8765014731821451	
6757	 0.014649951404270372	 0.8673646498359847	
6758	 0.014572800596298872	 0.8597650404233534	
6759	 0.014481899758376503	 0.8508453696072863	
6760	 0.014414838996085474	 0.8442888839202444	
6761	 0.01433749762851321	 0.8367524830534316	
6762	 0.014256555017943042	 0.828894138795386	
6763	 0.01417456375873958	 0.8209642538510352	
6764	 0.01409941624824317	 0.8137230749216933	
6765	 0.014033778193144	 0.8074192354443724	
6766	 0.01397096762088835	 0.8014053208457432	
6767	 0.013908603032506505	 0.7954519144296994	
6768	 0.013847728684082185	 0.7896579059703751	
6769	 0.013796306839550083	 0.7847767945565098	
6770	 0.0137428554234146	 0.7797158707098069	
6771	 0.013691089158500213	 0.7748269937379723	
6772	 0.01364054563855323	 0.7700654695084567	
6773	 0.01358971562747458	 0.7652888037730118	
6774	 0.01353985093749315	 0.7606144117050723	
6775	 0.01349100428440521	 0.7560465657718242	
6776	 0.01344343076640491	 0.7516083614135236	
6777	 0.013383355764998286	 0.7460188183238191	
6778	 0.013311541734927467	 0.7393589621270928	
6779	 0.013227281832535447	 0.7315753939902775	
6780	 0.013119147639528275	 0.7216347592950177	
6781	 0.013091682378378967	 0.7191185830284322	
6782	 0.013065301464858013	 0.7167050582946102	
6783	 0.013035922086332322	 0.7140210326618847	
6784	 0.01300470763776133	 0.7111737748308945	
6785	 0.012968984442881222	 0.7079208335941605	
6786	 0.012933319788086654	 0.7046791763610711	
6787	 0.013044954164295347	 0.7148457515831903	
6788	 0.013004572047253438	 0.711161416731955	
6789	 0.013010413700615946	 0.7116939192601811	
6790	 0.01294102133972222	 0.7053786874341815	
6791	 0.01287715541936302	 0.6995863175479385	
6792	 0.012821302247216568	 0.6945363416619679	
6793	 0.012772768779292922	 0.6901600692842095	
6794	 0.012728029112016558	 0.6861356918005334	
6795	 0.012685406494826803	 0.6823105064320786	
6796	 0.012660698548091045	 0.6800969991320609	
6797	 0.012632785136583941	 0.6775997866612692	
6798	 0.012592827496301287	 0.6740314613717427	
6799	 0.012553168705828255	 0.6704972801169374	
6800	 0.01251394978625678	 0.667009610330922	
6801	 0.012467090480001079	 0.6628520396470382	
6802	 0.01239393374493987	 0.6563820485358922	
6803	 0.01231624451716864	 0.6495390245581935	
6804	 0.012207034626990666	 0.6399681672145158	
6805	 0.012179447738107125	 0.6375595249159749	
6806	 0.01216021335345588	 0.6358822993702069	
6807	 0.01212809355218309	 0.633085415206187	
6808	 0.012087332618890227	 0.6295431942443069	
6809	 0.012048975185829786	 0.6262171076682087	
6810	 0.012459981488027488	 0.6622222062316239	
6811	 0.012722776498334896	 0.6856638316379807	
6812	 0.012661151505433087	 0.6801375522660497	
6813	 0.012616331047882746	 0.6761294793673183	
6814	 0.012576263770618195	 0.6725544861482765	
6815	 0.012679177692881197	 0.681752216431108	
6816	 0.012825302901928265	 0.694897574999532	
6817	 0.01282146742466094	 0.6945512546336746	
6818	 0.012778605404540783	 0.6906857735250299	
6819	 0.012741868692835905	 0.6873795701161359	
6820	 0.01271103889468322	 0.6846098720864823	
6821	 0.012681759492992025	 0.6819836020222496	
6822	 0.012652977335036494	 0.6794058700383868	
6823	 0.012624376627249892	 0.6768482580199628	
6824	 0.012595991826210788	 0.6743137697674304	
6825	 0.01256423737286371	 0.6714829133582731	
6826	 0.012499738009964179	 0.6657475784153106	
6827	 0.01241958978845303	 0.6586481818531182	
6828	 0.01231044268924017	 0.6490291394398015	
6829	 0.012291501765488114	 0.6473656593805168	
6830	 0.012258233443053051	 0.644448015752413	
6831	 0.01222643879602274	 0.6416645427847992	
6832	 0.012201205223614326	 0.6394588927361287	
6833	 0.012171687499948071	 0.6368826246463258	
6834	 0.012139378259991788	 0.6340674875961608	
6835	 0.012128805911584845	 0.6331473915829572	
6836	 0.012116079072398695	 0.6320405024220306	
6837	 0.012072824989489278	 0.6282843660741114	
6838	 0.012024324305670898	 0.6240832784548794	
6839	 0.011979574245784885	 0.6202170731072693	
6840	 0.01193975801016621	 0.6167852121443846	
6841	 0.011906602391931672	 0.613933261543815	
6842	 0.011882186585521573	 0.6118364658841612	
6843	 0.011862582069002807	 0.610154934731597	
6844	 0.011844619742390296	 0.6086158839796889	
6845	 0.011826437832904588	 0.6070596027232008	
6846	 0.011809032674206302	 0.6055713010247484	
6847	 0.01179269041760137	 0.6041752177569423	
6848	 0.011772044596477604	 0.602413333592972	
6849	 0.011727029944036767	 0.5985789886617692	
6850	 0.01166570285488773	 0.5933709238711962	
6851	 0.011594487690991546	 0.5873460031504285	
6852	 0.01149273064827707	 0.578779924287019	
6853	 0.011505150185829425	 0.5798227237455538	
6854	 0.01151055065530555	 0.5802764053268559	
6855	 0.011510545010921356	 0.5802759310804401	
6856	 0.011524664227462665	 0.5814627255969305	
6857	 0.011543391984217988	 0.5830383882711662	
6858	 0.012762904462698697	 0.6892719553061317	
6859	 0.012994695874466985	 0.7102615056763693	
6860	 0.013039303435420754	 0.7143297390063791	
6861	 0.012959360478704648	 0.7070454991402575	
6862	 0.01287515881178183	 0.6994055417079373	
6863	 0.012797623473506213	 0.6923998396789268	
6864	 0.012728666161251902	 0.6861929289300172	
6865	 0.012669779717084762	 0.6809102181240084	
6866	 0.01261996468869146	 0.6764540649532775	
6867	 0.012576684194818675	 0.6725919590334578	
6868	 0.012538286816679558	 0.6691730032478027	
6869	 0.012500354168748779	 0.6658022746228901	
6870	 0.012469477628658686	 0.6630635869134905	
6871	 0.012454414666079532	 0.6617291712461123	
6872	 0.012431412197748053	 0.6596934765656368	
6873	 0.012370498056308243	 0.6543147646756062	
6874	 0.012301339148156534	 0.6482294109716559	
6875	 0.012184015873368675	 0.6379581229365885	
6876	 0.012046810544850954	 0.6260296153690968	
6877	 0.012016206579675183	 0.623381229733429	
6878	 0.011983804705449774	 0.6205821545508177	
6879	 0.0119459674308814	 0.6173199162756	
6880	 0.011879049040996872	 0.6115672259916728	
6881	 0.011817690899015007	 0.6063114764918771	
6882	 0.011767305042704693	 0.6020091575280472	
6883	 0.011735728781985137	 0.5993191915666749	
6884	 0.011740285496262862	 0.5997070782508104	
6885	 0.011789709334606848	 0.6039206893679587	
6886	 0.011745305477852883	 0.6001345164021193	
6887	 0.011710732270472807	 0.5971931695912688	
6888	 0.01168896944590747	 0.5953446433278756	
6889	 0.011675339260806604	 0.5941880681448654	
6890	 0.011658046149180977	 0.5927219741904954	
6891	 0.011639370760464805	 0.5911403195812069	
6892	 0.011625505411047378	 0.5899671301544777	
6893	 0.011608608245810073	 0.5885386701685886	
6894	 0.01158841724069078	 0.586833571074516	
6895	 0.01156599302496445	 0.5849422007923308	
6896	 0.011534949140543344	 0.5823278371941628	
6897	 0.011466830077929977	 0.5766076140235175	
6898	 0.01137458560670008	 0.5688975332918323	
6899	 0.011281275713610995	 0.5611406968420776	
6900	 0.011148294603802912	 0.5501597399294925	
6901	 0.011106746217665596	 0.5467466856345976	
6902	 0.011062440951325104	 0.5431165295558452	
6903	 0.011015789159367323	 0.5393045731449282	
6904	 0.011028025459450148	 0.5403033721736683	
6905	 0.01107696440244647	 0.5443054440427847	
6906	 0.011159146507020944	 0.5510525845960619	
6907	 0.011237396162147788	 0.5575077353251243	
6908	 0.011281228427500671	 0.5611367767588502	
6909	 0.011333510264833006	 0.5654776986230955	
6910	 0.011370508511764115	 0.5685577154742568	
6911	 0.011426497814115737	 0.5732314101364971	
6912	 0.011423933809252516	 0.5730170460898467	
6913	 0.011461869176948646	 0.5761919105369212	
6914	 0.011677432955370635	 0.5943656679362593	
6915	 0.012061475211219377	 0.6273002476907891	
6916	 0.01239589371799808	 0.6565550577638228	
6917	 0.013091512651628369	 0.7191030447742682	
6918	 0.013977902438682325	 0.8020684244483604	
6919	 0.014506087202070195	 0.8532151357783538	
6920	 0.014591646502451346	 0.861618954830945	
6921	 0.014643965432590911	 0.8667740548115846	
6922	 0.014734845090037732	 0.8757578428520775	
6923	 0.015559229567805529	 0.9589329146333548	
6924	 0.015753780855967518	 0.9790001187717995	
6925	 0.01661402579715149	 1.069710385168347	
6926	 0.01743023486200615	 1.1587243752941188	
6927	 0.01820637351327229	 1.2459879007916006	
6928	 0.018008594857620432	 1.2235107541904342	
6929	 0.017760771726599067	 1.1955776802454345	
6930	 0.01755713206386441	 1.1728182207335918	
6931	 0.017391796344798035	 1.1544686573426959	
6932	 0.017238733091221904	 1.1375844681071896	
6933	 0.017097517275402874	 1.1220955241240167	
6934	 0.016965559362167204	 1.1076988797799439	
6935	 0.01684164045143234	 1.0942470818349073	
6936	 0.01672583486174382	 1.081735507892841	
6937	 0.016619181184970355	 1.0702636669109817	
6938	 0.016518522955383842	 1.0594816275283916	
6939	 0.016421706389505263	 1.0491523302192964	
6940	 0.016330421494763728	 1.0394503145419167	
6941	 0.0162400513818586	 1.0298810717391285	
6942	 0.01615074961060665	 1.0204597629181986	
6943	 0.016060433449003195	 1.0109666941551976	
6944	 0.015970198069351304	 1.001517591794862	
6945	 0.015863810170571188	 0.9904226992981794	
6946	 0.01573785225244195	 0.9773509010827474	
6947	 0.015608606960426194	 0.9640102523153488	
6948	 0.015553459274268615	 0.9583402717138091	
6949	 0.01546274759390842	 0.9490429249757052	
6950	 0.015375249297737729	 0.9401093132989017	
6951	 0.015287035530967226	 0.9311368971816251	
6952	 0.015204801139532171	 0.9228036821952235	
6953	 0.015120376374252542	 0.9142797078182521	
6954	 0.015033908015969722	 0.9055822313462379	
6955	 0.014952581433995372	 0.8974323181628253	
6956	 0.014879192838135137	 0.8901032060056163	
6957	 0.01480894294708716	 0.8831100854702186	
6958	 0.01473973659749807	 0.8762424367975433	
6959	 0.014671546885385408	 0.8694966659262775	
6960	 0.014605149364762982	 0.8629482439869195	
6961	 0.014540331286916432	 0.8565747089105913	
6962	 0.014475965594565375	 0.850264372383939	
6963	 0.014411438031553732	 0.8439569145838003	
6964	 0.01434818542598466	 0.8377923278132223	
6965	 0.01428518667881205	 0.8316704640053875	
6966	 0.014221895836173481	 0.8255383134235035	
6967	 0.014156273677697475	 0.819199467803001	
6968	 0.014093108987740051	 0.8131164779326919	
6969	 0.014023023864948969	 0.8063882665564995	
6970	 0.013937134588926661	 0.7981733711254919	
6971	 0.013820935673677438	 0.7871131247087254	
6972	 0.013727748319463558	 0.7782878642256247	
6973	 0.013733551322093942	 0.778836272066087	
6974	 0.013641946613702528	 0.770197292133575	
6975	 0.013593620366916139	 0.765655323531345	
6976	 0.013544919594766431	 0.7610890322462668	
6977	 0.013482539445046876	 0.755256103970753	
6978	 0.013426936148915818	 0.7500719950006104	
6979	 0.013399701173625218	 0.7475379871376786	
6980	 0.01354121412663452	 0.7607420468009325	
6981	 0.013767770857726486	 0.7820733013873663	
6982	 0.013747640478018276	 0.7801683986972537	
6983	 0.013775239476094488	 0.7827805162315083	
6984	 0.013772553271161544	 0.7825261259530873	
6985	 0.013819299865855656	 0.7869578632707909	
6986	 0.013764491868698926	 0.7817628897005798	
6987	 0.013749461342673297	 0.7803406274979944	
6988	 0.013730352052807685	 0.7785339087252162	
6989	 0.013709859347756861	 0.7765982546504332	
6990	 0.013755818379792657	 0.7809420351565898	
6991	 0.013727361704629794	 0.7782513330090081	
6992	 0.01368748290908932	 0.7744868729951303	
6993	 0.013639930794389785	 0.7700076195321118	
6994	 0.013590075997337995	 0.7653226270781985	
6995	 0.013521488813189047	 0.7588960050655248	
6996	 0.013483361931911533	 0.7553328947537555	
6997	 0.013441549512253695	 0.7514330712888762	
6998	 0.013398401619161875	 0.7474171592041218	
6999	 0.01335720867788172	 0.7435912366938117	
7000	 0.013338320067273372	 0.7418395254368811	
7001	 0.013306058181233774	 0.738851412874996	
7002	 0.01334064654955876	 0.74205519188349	
7003	 0.013945596952554536	 0.7989812607989166	
7004	 0.01473080849993721	 0.8753580249829565	
7005	 0.01515084469841318	 0.9173523029745091	
7006	 0.015254442932129927	 0.9278305445185673	
7007	 0.015326508702439996	 0.9351475453594632	
7008	 0.01530592711760499	 0.9330555053229719	
7009	 0.015251430281269457	 0.9275251640376537	
7010	 0.01515355485656455	 0.9176258100636941	
7011	 0.01504211999875609	 0.9064068095423238	
7012	 0.014936521338324165	 0.8958263871950933	
7013	 0.01483758245028636	 0.885958379565738	
7014	 0.014744631686650026	 0.8767274929163081	
7015	 0.014656793389353539	 0.8680398989260262	
7016	 0.014573638277739174	 0.8598474111171163	
7017	 0.014484661229856907	 0.851115791605491	
7018	 0.014394289091619758	 0.842283796221677	
7019	 0.014271204581621868	 0.8303141985744437	
7020	 0.014207561095205839	 0.8241519650248059	
7021	 0.014192681100322879	 0.8227138698235764	
7022	 0.014150047214038381	 0.8185990310913039	
7023	 0.014128594955001546	 0.816531673727456	
7024	 0.014072787449484406	 0.8111632971017743	
7025	 0.014010842594736358	 0.8052211396764539	
7026	 0.013945558465637218	 0.798977585768303	
7027	 0.013865065050494233	 0.7913062522081505	
7028	 0.013786885260264923	 0.7838837833988799	
7029	 0.013716842318433424	 0.777257619972796	
7030	 0.013653418338563357	 0.7712770461301809	
7031	 0.01359472409779561	 0.7657589383487559	
7032	 0.013539643224422778	 0.760594964328626	
7033	 0.013488756817422886	 0.7558366610456725	
7034	 0.013441409275374907	 0.7514200050544656	
7035	 0.013396333302942851	 0.7472248706599932	
7036	 0.013353929195463068	 0.7432869821566869	
7037	 0.013313640021244967	 0.7395532131434898	
7038	 0.013273453636420853	 0.7358364663440811	
7039	 0.013233887018022219	 0.7321843620719263	
7040	 0.013197751308883699	 0.7288552932683451	
7041	 0.013162657197040498	 0.7256279946753583	
7042	 0.01312019256768127	 0.7217305577565082	
7043	 0.013065052669176876	 0.7166823120416453	
7044	 0.013061417560066933	 0.716350003548906	
7045	 0.013058567347387784	 0.7160894905615081	
7046	 0.013028534651756386	 0.713346769247893	
7047	 0.012982235560220089	 0.7091267795505268	
7048	 0.012926509025607482	 0.7040608045819529	
7049	 0.012883859406616401	 0.7001934432998449	
7050	 0.012839805739796963	 0.6962077175605429	
7051	 0.01282103537733623	 0.6945122477047897	
7052	 0.012857880003611214	 0.697841873319482	
7053	 0.012946130558688079	 0.7058428971154083	
7054	 0.013458494259561943	 0.7530125262463523	
7055	 0.014655447785646838	 0.8679070820211175	
7056	 0.0167227693545016	 1.0814050943472198	
7057	 0.01974763313743324	 1.4267016455809378	
7058	 0.02351590204050977	 1.9087284581552446	
7059	 0.02719742706784209	 2.4323222507351874	
7060	 0.029334718181177936	 2.7591667331872394	
7061	 0.0309770150639394	 3.0213939569996904	
7062	 0.031202469242950306	 3.05813287141857	
7063	 0.0303473898852766	 2.9197364510609263	
7064	 0.029453252102070615	 2.7777735347540724	
7065	 0.02866451221695441	 2.654905115679845	
7066	 0.027958600090474964	 2.5468328812305483	
7067	 0.02731850439895646	 2.4503960122915447	
7068	 0.026776184897538042	 2.3698593693722367	
7069	 0.02628519564695583	 2.2978769453608066	
7070	 0.025838967394176997	 2.233229389210314	
7071	 0.025426089046611144	 2.1740724736717567	
7072	 0.025036284424005763	 2.1188060572917364	
7073	 0.024663146713943717	 2.066437250632677	
7074	 0.024302634283601948	 2.0163395269807567	
7075	 0.023969607558332984	 1.9704992959717094	
7076	 0.023662573378592858	 1.9286112728105225	
7077	 0.023367755320473707	 1.888729392808515	
7078	 0.023074989598997803	 1.8494557061684562	
7079	 0.022782138996779736	 1.8105015739348562	
7080	 0.022491196926718485	 1.7721304646175495	
7081	 0.022203146860184486	 1.7344653593314379	
7082	 0.021918719047206044	 1.6975921614311098	
7083	 0.02163971235237817	 1.6617303450275571	
7084	 0.021366444572779437	 1.6269036951967397	
7085	 0.021098280770937488	 1.5930149707275447	
7086	 0.020835215522501973	 1.5600484034610498	
7087	 0.020577186634982012	 1.5279814167942487	
7088	 0.02032594238079534	 1.497014113796725	
7089	 0.02006613535095975	 1.465258693976626	
7090	 0.019793963227429615	 1.4322846685935484	
7091	 0.01951077899788477	 1.3982959315192194	
7092	 0.019270584941238223	 1.3697235006944568	
7093	 0.019025745363206396	 1.3408418129090938	
7094	 0.018784869803740473	 1.312668489787119	
7095	 0.01855266659084582	 1.2857365146037776	
7096	 0.018341180009250887	 1.2614020528561476	
7097	 0.01813292036651786	 1.2376209960075089	
7098	 0.017922951903174306	 1.2138284440755216	
7099	 0.017729474246447795	 1.1920683934394054	
7100	 0.01756662165301266	 1.1738749202813998	
7101	 0.0174190264663665	 1.1574827916024801	
7102	 0.017270038767331762	 1.1410296559592885	
7103	 0.0171109294529757	 1.1235629573877681	
7104	 0.016946553842585067	 1.1056315021720038	
7105	 0.01678690376805839	 1.088326187487827	
7106	 0.016633909244826193	 1.071844928458657	
7107	 0.01648686697027961	 1.056099817347842	
7108	 0.016334804299151878	 1.0399153071271763	
7109	 0.016183304988317358	 1.0238903332770457	
7110	 0.016035773267219194	 1.0083808506752676	
7111	 0.015898118335182874	 0.9939951990405299	
7112	 0.015762699554354182	 0.9799240297217856	
7113	 0.015611354535874892	 0.9642930926654573	
7114	 0.015455939122549243	 0.9483465649962245	
7115	 0.015299972116714255	 0.9324505516887666	
7116	 0.0152385650483731	 0.9262215189111708	
7117	 0.015255762338723666	 0.9279643001985818	
7118	 0.015313444890476535	 0.933819441158656	
7119	 0.01529274342237848	 0.9317164176240226	
7120	 0.015183773842051008	 0.9206776956822642	
7121	 0.015079847261510347	 0.9101989200962587	
7122	 0.014981744959626469	 0.9003514687599069	
7123	 0.014893711590129548	 0.8915512449728699	
7124	 0.014813182931917737	 0.8835315347167668	
7125	 0.014729251745405599	 0.8752038504211263	
7126	 0.014647433256787981	 0.8671161817803998	
7127	 0.01456744086016528	 0.859238082826331	
7128	 0.01448810852624759	 0.8514534224629428	
7129	 0.014409755618064018	 0.8437927129220322	
7130	 0.014332186135145149	 0.8362359056457459	
7131	 0.014255507424288646	 0.8287926272486379	
7132	 0.014179612813985252	 0.8214516981317065	
7133	 0.014105792322192194	 0.8143364739053389	
7134	 0.014033579971268056	 0.8074002280419256	
7135	 0.013962930307199802	 0.8006370716590158	
7136	 0.013896958532382254	 0.7943422828930315	
7137	 0.013816172593617506	 0.786661074738821	
7138	 0.013719961357567775	 0.7775522068056455	
7139	 0.013613486627886544	 0.7675211641123596	
7140	 0.013567982640338616	 0.763250112100084	
7141	 0.01351998264843825	 0.7587551206817831	
7142	 0.0134692882134812	 0.7540193445783069	
7143	 0.013416798112017809	 0.7491283268092673	
7144	 0.01331750186336442	 0.7399107805056934	
7145	 0.013219719024794775	 0.7308783863979738	
7146	 0.013130794470840593	 0.7227028222350538	
7147	 0.013041252514087451	 0.7145077078977193	
7148	 0.012964532833560204	 0.7075158897311228	
7149	 0.012885258500146279	 0.7003201744220048	
7150	 0.012806715261159429	 0.6932198673139145	
7151	 0.012731117111854583	 0.6864131579385999	
7152	 0.012659069121105444	 0.6799511250243458	
7153	 0.012595733292531419	 0.6742907026905356	
7154	 0.012546332861845984	 0.6698888570052994	
7155	 0.012511556887168616	 0.6667970495514622	
7156	 0.012484276131211372	 0.6643756212073358	
7157	 0.012466193309406896	 0.6627725400645407	
7158	 0.012453391979047011	 0.661638611213515	
7159	 0.012441233590559207	 0.6605623527615528	
7160	 0.012429177523204918	 0.6594958438994375	
7161	 0.012396296089743195	 0.656590577868139	
7162	 0.012337819824170686	 0.6514365436419259	
7163	 0.012254512961320456	 0.6441220559933168	
7164	 0.01221013378020908	 0.6402389847264082	
7165	 0.012146147740380054	 0.6346569062006372	
7166	 0.012065481826708444	 0.6276475834756988	
7167	 0.011977028936062804	 0.6199974586332678	
7168	 0.011880255728590217	 0.6116707690122801	
7169	 0.01178038048448408	 0.6031244583314043	
7170	 0.011673507354708429	 0.5940326922438027	
7171	 0.011593487944704958	 0.5872615980831437	
7172	 0.011562668775402128	 0.5846620248846727	
7173	 0.01156289406228652	 0.5846810109198204	
7174	 0.011581710233801	 0.5862676126481169	
7175	 0.0116138980072098	 0.588985709400767	
7176	 0.011655026223588097	 0.5924660963083602	
7177	 0.011699435093271163	 0.596233305422332	
7178	 0.011744403309732638	 0.6000576901945375	
7179	 0.011789704582475781	 0.603920283659641	
7180	 0.011818726013745739	 0.606399990718818	
7181	 0.01185348926922899	 0.609375649783222	
7182	 0.011892798783925377	 0.6127474742401029	
7183	 0.011935301539802193	 0.6164015718975816	
7184	 0.01197370497929704	 0.6197107077613327	
7185	 0.01198665237091265	 0.6208279516058997	
7186	 0.01197677739361437	 0.6199757567309845	
7187	 0.011946859834281946	 0.6173967779325512	
7188	 0.01197858108455543	 0.6201313774451269	
7189	 0.011979165298675556	 0.6201817862253565	
7190	 0.011970414911180349	 0.6194269326482821	
7191	 0.011959053546272792	 0.6184473914567622	
7192	 0.011965117510973254	 0.6189701302849226	
7193	 0.011985554709144657	 0.6207332020065893	
7194	 0.011999542010934101	 0.6219410114468604	
7195	 0.012006897692146397	 0.6225765543873732	
7196	 0.012033888550697633	 0.6249108326230302	
7197	 0.012090248204481577	 0.6297963014571051	
7198	 0.012102941751969982	 0.6308987252940564	
7199	 0.01209633486077549	 0.6303248261550017	
7200	 0.012094905257877282	 0.6302006730253065	
7201	 0.012078393799143545	 0.6287674529489671	
7202	 0.012064363971304438	 0.6275506682171215	
7203	 0.01205453599513066	 0.6266988650438744	
7204	 0.012054261614292648	 0.6266750907491212	
7205	 0.012054171181394138	 0.6266672550827855	
7206	 0.012050265062468719	 0.6263288421558578	
7207	 0.012044384784203721	 0.6258195326438661	
7208	 0.012031654425833484	 0.6247174838670044	
7209	 0.011991259706821413	 0.6212257175669804	
7210	 0.011933450162956818	 0.6162422221196012	
7211	 0.011867061114620114	 0.6105389511452916	
7212	 0.011863469427361497	 0.6102310058008763	
7213	 0.011835624822749037	 0.6078457642703381	
7214	 0.011788378276953455	 0.6038070559468162	
7215	 0.011727939830691278	 0.5986563957463568	
7216	 0.011709713663786694	 0.5971065983868509	
7217	 0.011696007687518875	 0.595942218162761	
7218	 0.011822694642278213	 0.6067394020425306	
7219	 0.012071133442751781	 0.6281376560408879	
7220	 0.013431723133699119	 0.7505177420019905	
7221	 0.01727331305405649	 1.1413902317143239	
7222	 0.019973466686175837	 1.45399806062296	
7223	 0.02338152967106067	 1.8905853072176126	
7224	 0.024394089246305393	 2.0290017671029537	
7225	 0.023820980434557326	 1.9501774573787367	
7226	 0.02348482765782735	 1.9045265902018083	
7227	 0.02379679336694539	 1.946878327319529	
7228	 0.024391665030870875	 2.0286657174959988	
7229	 0.025918431702515867	 2.2446877861511556	
7230	 0.025993445652408197	 2.2555259735100766	
7231	 0.025430803276205314	 2.174744336745653	
7232	 0.024887905792013155	 2.0979187685391434	
7233	 0.024422720507020507	 2.032972374001572	
7234	 0.02408714539890733	 1.9866299034857162	
7235	 0.023741882457833784	 1.9393967443480908	
7236	 0.023367653797763288	 1.8887157166518562	
7237	 0.023006829606958348	 1.8403596583073123	
7238	 0.02267753976613715	 1.7966685813586756	
7239	 0.02237381690644566	 1.7567429160066987	
7240	 0.022062708581504144	 1.7162193423804528	
7241	 0.02176434692373519	 1.677712258961339	
7242	 0.02147505209734747	 1.6407098603846357	
7243	 0.02119601087627859	 1.60533238690008	
7244	 0.020948269442832877	 1.5741821981816642	
7245	 0.020709988567047775	 1.5444523360290254	
7246	 0.02047494233601592	 1.5153486167502395	
7247	 0.020242749247936412	 1.4868160378229323	
7248	 0.020012517089031647	 1.4587390340814945	
7249	 0.01978558790917683	 1.431274752270583	
7250	 0.0195636156107659	 1.4046127724730997	
7251	 0.019348994121133348	 1.3790247660150845	
7252	 0.019142424422530387	 1.354574762407274	
7253	 0.018943620451510493	 1.331209426421897	
7254	 0.018750673773255698	 1.3086882645192337	
7255	 0.018562020530716324	 1.2868171070794865	
7256	 0.018377199274223207	 1.2655334219556247	
7257	 0.018174296768099864	 1.2423313278359995	
7258	 0.017955668387002365	 1.2175235531432078	
7259	 0.01773882287759781	 1.1931161934851704	
7260	 0.01758173838351492	 1.1755590081306753	
7261	 0.017407573633671413	 1.1562146810066254	
7262	 0.017185990544059126	 1.1317895824960085	
7263	 0.016964748037744743	 1.1076105941725403	
7264	 0.016747501068305175	 1.0840719357037771	
7265	 0.01653236974935118	 1.0609622404005288	
7266	 0.016330620619555394	 1.039471438835276	
7267	 0.016176401293709383	 1.0231624616642068	
7268	 0.01605035346708178	 1.0099093966327028	
7269	 0.01593488615049682	 0.9978295311067903	
7270	 0.015819660519453806	 0.9858329822961595	
7271	 0.01570336912948407	 0.9737843946836199	
7272	 0.01559022164008599	 0.9621184886274313	
7273	 0.015482228717055182	 0.9510365535615245	
7274	 0.015380489780584325	 0.9406434169896576	
7275	 0.015286760157122744	 0.9311089422077333	
7276	 0.015194871407147991	 0.9217994819806168	
7277	 0.015101182184537721	 0.9123461766429584	
7278	 0.015006422807996037	 0.9028245823592802	
7279	 0.014913247852233372	 0.8935011946996739	
7280	 0.014824747579783665	 0.8846814552399374	
7281	 0.014721403919816377	 0.8744267994920297	
7282	 0.014599242416994595	 0.8623666337108767	
7283	 0.014463168460527948	 0.8490119814919691	
7284	 0.014377935814002516	 0.8406895431377527	
7285	 0.014300060521296001	 0.833114200625029	
7286	 0.014238554254628768	 0.8271505611316683	
7287	 0.0141759941538315	 0.8211023348482877	
7288	 0.014113706144940607	 0.8150980664348474	
7289	 0.014018363088613112	 0.8059416226439023	
7290	 0.014327877000623988	 0.8358169079409622	
7291	 0.014433385597077459	 0.8461001428778007	
7292	 0.014296902494827238	 0.8328075815246062	
7293	 0.014178134379702912	 0.8213089556183654	
7294	 0.014070615931423384	 0.8109546953169827	
7295	 0.013976124971753854	 0.801898443094527	
7296	 0.013895752546170748	 0.794227397067842	
7297	 0.013828267992791755	 0.7878092166495732	
7298	 0.013765901918034408	 0.7818963686421815	
7299	 0.013713465307180447	 0.7769387185500206	
7300	 0.01364882532217612	 0.770844664683311	
7301	 0.013579381240168375	 0.7643191016120987	
7302	 0.013510420900160467	 0.7578609732067986	
7303	 0.013443042578419901	 0.7515721897779634	
7304	 0.013405369573574634	 0.7480651060768041	
7305	 0.01334397936027993	 0.7423641893313969	
7306	 0.013239227473593995	 0.7326768759753198	
7307	 0.0131208483394766	 0.7217906811663383	
7308	 0.013076721218845897	 0.7177494250377828	
7309	 0.013158578911809908	 0.7252533220639389	
7310	 0.013868826273657011	 0.7916640517705965	
7311	 0.013735703391675328	 0.7790396908515683	
7312	 0.01393560726072446	 0.7980275941294918	
7313	 0.01420928498030039	 0.8243186369281412	
7314	 0.014145293467117433	 0.8181407314626261	
7315	 0.014083239648523047	 0.8121676632870848	
7316	 0.01419502251144302	 0.8229400917424442	
7317	 0.014114284511008648	 0.8151537370832224	
7318	 0.014044275331690604	 0.8084260568088942	
7319	 0.01398170102232691	 0.8024317359910901	
7320	 0.013925207364961062	 0.7970352514083135	
7321	 0.013872555395615747	 0.7920188614633618	
7322	 0.013822064440783623	 0.7872202679118656	
7323	 0.013772460309231575	 0.7825173228195633	
7324	 0.013714061531334715	 0.7769950180013625	
7325	 0.013662653986639661	 0.7721467733060337	
7326	 0.013615867925660193	 0.7677449376705597	
7327	 0.013572604031446443	 0.7636834457103948	
7328	 0.013531792842072685	 0.7598601090216149	
7329	 0.013474972500759519	 0.7545497692258688	
7330	 0.013395799651342792	 0.7471752610088713	
7331	 0.013288730505395831	 0.7372485064576453	
7332	 0.013219527214318788	 0.7308607121124496	
7333	 0.013147343827891603	 0.7242215537768514	
7334	 0.013070288750064267	 0.7171610839149536	
7335	 0.012991909413410316	 0.7100076874287393	
7336	 0.012923027918582602	 0.7037448271602403	
7337	 0.012857823220671187	 0.697836736980923	
7338	 0.012790524964642306	 0.6917598643986967	
7339	 0.012741116024923445	 0.6873118984148799	
7340	 0.012706228424140481	 0.684178110871497	
7341	 0.012679184095457824	 0.681752790202747	
7342	 0.012657079054226231	 0.6797729816853604	
7343	 0.012638666069614968	 0.6781256059557719	
7344	 0.012619904949012672	 0.6764487280280447	
7345	 0.012597865606684012	 0.6744809629831486	
7346	 0.012575519972510616	 0.6724881926261957	
7347	 0.012600700422178908	 0.6747339387064621	
7348	 0.012908169262882945	 0.702396756362292	
7349	 0.01335322810220439	 0.7432219445729751	
7350	 0.01435647639668556	 0.8385993345609245	
7351	 0.01599532707057884	 1.004145437995802	
7352	 0.01811240098161036	 1.235287703786261	
7353	 0.020530910026488193	 1.5222585112346039	
7354	 0.023032990431767698	 1.8438487362348017	
7355	 0.0267901748787688	 2.3719233964186066	
7356	 0.032586292822002594	 3.28750436129641	
7357	 0.03906978940659495	 4.448461762229631	
7358	 0.0447738458367868	 5.582757246870281	
7359	 0.05123337666139857	 6.988699677359649	
7360	 0.05246556981111838	 7.271076845740722	
7361	 0.05595578529468297	 8.094991613599225	
7362	 0.05944131631387968	 8.952729064491583	
7363	 0.06168555155043724	 9.52314722464791	
7364	 0.06225192923457705	 9.669323784685067	
7365	 0.061327119798218095	 9.431100204034754	
7366	 0.060084799396694054	 9.114841141078104	
7367	 0.05942266909262173	 8.94804864823417	
7368	 0.060247558223855364	 9.15602903983823	
7369	 0.06131003663977786	 9.426722096944188	
7370	 0.06115924480175947	 9.388112130795676	
7371	 0.05888107535128502	 8.812537261093203	
7372	 0.05668875372341347	 8.27249017851858	
7373	 0.05452583888259753	 7.75315865670741	
7374	 0.05255754093438359	 7.292332683539512	
7375	 0.050759770234083935	 6.88135807704689	
7376	 0.049105470473662004	 6.5116523382321345	
7377	 0.047558078758972305	 6.173269651965222	
7378	 0.046100198330951844	 5.861103640949949	
7379	 0.04472317651816334	 5.572231467070481	
7380	 0.04346264215700752	 5.31294049255986	
7381	 0.042275726492326714	 5.0733311467623725	
7382	 0.04115235228625529	 4.850641586933907	
7383	 0.040078680868736234	 4.641557941551915	
7384	 0.03905819498178935	 4.446261756634805	
7385	 0.038084029068459514	 4.262976035868002	
7386	 0.037151950484388734	 4.090509855781579	
7387	 0.03626733659277248	 3.9294718591582565	
7388	 0.03542896377585772	 3.779248898533208	
7389	 0.03460473044859832	 3.633851669277695	
7390	 0.03381306328531207	 3.496355683578742	
7391	 0.03305389422297456	 3.366503985344363	
7392	 0.03232797202599364	 3.2441842688456073	
7393	 0.0316380243223994	 3.129610839613496	
7394	 0.030980831510949144	 3.0220143881726784	
7395	 0.03035107328389792	 2.9203271107718423	
7396	 0.029742229046708365	 2.8233448971167903	
7397	 0.029157954438924563	 2.7315123369445033	
7398	 0.02859551690364209	 2.644263094767577	
7399	 0.028053754720351536	 2.5612957994070986	
7400	 0.027534022218424412	 2.4826996073692755	
7401	 0.02703944708365302	 2.4088204109532474	
7402	 0.026562171791021678	 2.338374393596303	
7403	 0.02608730825070471	 2.2691168518631404	
7404	 0.025641357525181773	 2.2048367295505122	
7405	 0.02520181524882696	 2.142205436582114	
7406	 0.0247732525897022	 2.081835752400463	
7407	 0.02435769074962142	 2.023958477357074	
7408	 0.023944765618287348	 1.9670967849331256	
7409	 0.023543225546424445	 1.9124261935441176	
7410	 0.02315482258673323	 1.8601323294268832	
7411	 0.023020912918214023	 1.8422376257409345	
7412	 0.02267409029983834	 1.796213120908593	
7413	 0.022340776774894218	 1.7524213138655178	
7414	 0.022020478044906915	 1.7107477709995458	
7415	 0.02171400141700254	 1.6712490794678898	
7416	 0.021421386563772026	 1.6338820767719084	
7417	 0.021141936495768517	 1.5985124311602747	
7418	 0.020875199548772254	 1.5650413051439365	
7419	 0.02062001400315295	 1.5332854146252208	
7420	 0.020368818549307645	 1.502280893049435	
7421	 0.020125101314116142	 1.4724420232158888	
7422	 0.019887931857428175	 1.4436351575858197	
7423	 0.019656868631424636	 1.4157893357767346	
7424	 0.019434988823351308	 1.3892547915992601	
7425	 0.019214903147336693	 1.3631335624023988	
7426	 0.019000567850127076	 1.3378858035750325	
7427	 0.018762840234488255	 1.310103817962858	
7428	 0.018564476307876672	 1.287100865288628	
7429	 0.018374186014078857	 1.2651875973155626	
7430	 0.018186363563268814	 1.2437063718842276	
7431	 0.017989494747248907	 1.2213487376843795	
7432	 0.01780854594736391	 1.2009424048970099	
7433	 0.017630083436977428	 1.180951396650135	
7434	 0.017451071369478148	 1.1610339051323308	
7435	 0.017271329093440792	 1.1411717456831252	
7436	 0.017107808417978956	 1.1232214148559254	
7437	 0.017107272205007358	 1.123162739933402	
7438	 0.01695120997181243	 1.1061378425425838	
7439	 0.01680908080670379	 1.0907235403340778	
7440	 0.016719589675031662	 1.081062417488963	
7441	 0.01662699241846227	 1.0711021948967157	
7442	 0.016499659300430857	 1.0574659017830434	
7443	 0.016376537652782637	 1.044347163360615	
7444	 0.01625610361921335	 1.0315782484009037	
7445	 0.01613700504798025	 1.0190127925136188	
7446	 0.01601918891696551	 1.0066433213890402	
7447	 0.015902637713915636	 0.994466184172916	
7448	 0.015792328042855405	 0.9829958232592473	
7449	 0.015680086696989382	 0.9713792990460614	
7450	 0.015564743349436935	 0.9594993491953775	
7451	 0.015425545290654895	 0.94524042482289	
7452	 0.015329758052772126	 0.9354780007792151	
7453	 0.01522976182698832	 0.9253299035878274	
7454	 0.015128168702385463	 0.9150651370404236	
7455	 0.015023311021893505	 0.904518614066856	
7456	 0.014914043379425522	 0.8935806338156579	
7457	 0.014809466947332782	 0.8831621660903903	
7458	 0.014722906414634052	 0.8745755473558409	
7459	 0.014636244537160678	 0.8660125243305857	
7460	 0.014551443382251145	 0.8576660142086031	
7461	 0.014468225273870157	 0.8495067780353901	
7462	 0.014385296647501725	 0.8414069886958667	
7463	 0.014303674439110231	 0.8334651385190909	
7464	 0.014224125225458486	 0.8257540069402438	
7465	 0.014143286012135266	 0.8179472274069873	
7466	 0.014061762041287017	 0.8101043892976331	
7467	 0.013984702151854739	 0.8027188224089458	
7468	 0.013905401834573793	 0.7951468030711949	
7469	 0.01382657066613072	 0.7876480594608273	
7470	 0.013747427040852142	 0.7801482114669862	
7471	 0.013669681922220707	 0.7728088613841121	
7472	 0.013597923970370194	 0.7660593641184223	
7473	 0.013519371707210286	 0.7586979771416372	
7474	 0.013431725205088306	 0.7505179349053136	
7475	 0.013338251784822288	 0.7418331959872936	
7476	 0.013271932096581068	 0.7356958898032356	
7477	 0.013215929368084661	 0.730529221954098	
7478	 0.013140669485583772	 0.723608897129334	
7479	 0.013061330448531763	 0.71634204088463	
7480	 0.01299206642212422	 0.71002198836011	
7481	 0.012924258315308438	 0.7038565028470497	
7482	 0.012864628181762872	 0.6984523919362178	
7483	 0.012824727679226123	 0.6948456314719702	
7484	 0.012796159135022958	 0.6922678009633927	
7485	 0.012765518576785725	 0.689507267279815	
7486	 0.012734058723829926	 0.6866775124145102	
7487	 0.01270145420244519	 0.6837497108842729	
7488	 0.012667461460333358	 0.6807025812028537	
7489	 0.012631262742493403	 0.677463694677796	
7490	 0.012594500586647838	 0.6741807216648029	
7491	 0.012564762414519173	 0.6715296812069568	
7492	 0.012524054901089134	 0.6679075446251335	
7493	 0.012490343227649829	 0.6649138294107383	
7494	 0.012460629872773377	 0.6622796410714649	
7495	 0.012433540950042217	 0.6598817635889357	
7496	 0.012408665916198554	 0.6576829219932406	
7497	 0.012367416632033572	 0.6540431434394224	
7498	 0.012315937689291857	 0.6495120554302095	
7499	 0.012257616927603793	 0.6443939968897768	
7500	 0.01225678697073026	 0.6443212792265105	
7501	 0.012255412477865754	 0.6442008586114184	
7502	 0.012248132780339014	 0.6435632275772044	
7503	 0.012236909482160246	 0.6425806702459379	
7504	 0.012221847755206504	 0.6412630168499699	
7505	 0.012204106377369767	 0.6397123261153742	
7506	 0.012184462561167056	 0.6379971045546391	
7507	 0.012135061718650355	 0.6336917607610763	
7508	 0.012226750527503114	 0.6416918100238752	
7509	 0.012181721250898312	 0.6377578904954417	
7510	 0.012140793293330064	 0.6341906764278432	
7511	 0.01210083586719443	 0.6307157776288747	
7512	 0.012062768264468806	 0.6274123348104518	
7513	 0.012029339267345817	 0.6245171474372374	
7514	 0.012000353249777393	 0.6220110910765919	
7515	 0.011974444494684846	 0.6197744996341525	
7516	 0.011954556604104832	 0.6180598505399627	
7517	 0.011934065955880504	 0.616295222177106	
7518	 0.011913611165303912	 0.6145356952745032	
7519	 0.011892800498044684	 0.6127476214331432	
7520	 0.011876190716099189	 0.6113219878398128	
7521	 0.011843014744378101	 0.6084784399779544	
7522	 0.011784293920471573	 0.603458424668608	
7523	 0.011700116482579119	 0.5962911821322233	
7524	 0.011655266195813958	 0.5924864275058092	
7525	 0.011606727777922064	 0.5883797840089527	
7526	 0.011545483788218383	 0.583214488401598	
7527	 0.011474640401358089	 0.5772623306171186	
7528	 0.011470434621653175	 0.5769097354632577	
7529	 0.011416889222140278	 0.5724282473495393	
7530	 0.011361852308936974	 0.5678365073459947	
7531	 0.011328264824473156	 0.5650415698565693	
7532	 0.011312991388370018	 0.5637724365108455	
7533	 0.011305222353499112	 0.5631273131500191	
7534	 0.011300723890346424	 0.5627539058611769	
7535	 0.011299791124323215	 0.5626764914575403	
7536	 0.011304774272443911	 0.5630901145086686	
7537	 0.011313678243219195	 0.5638294856229733	
7538	 0.011319552430837682	 0.5643174809644151	
7539	 0.01131957661138291	 0.5643194901006968	
7540	 0.011316899447177526	 0.5640970646978195	
7541	 0.011311603503442789	 0.5636571679606569	
7542	 0.011305018505159614	 0.5631103900157121	
7543	 0.011299327184343856	 0.5626379886002318	
7544	 0.011293520516590272	 0.5621561764032821	
7545	 0.011267673644324594	 0.56001351838055	
7546	 0.011226423180816049	 0.5566007146245924	
7547	 0.011172251243183494	 0.552131553788804	
7548	 0.011150600342863717	 0.5503493970772242	
7549	 0.011119838356704426	 0.547821242134232	
7550	 0.011087463206632881	 0.545165541524597	
7551	 0.01105299952117341	 0.5423441958156179	
7552	 0.011012209644967198	 0.5390125318221993	
7553	 0.010975094183634689	 0.5359881290124535	
7554	 0.010944936716069631	 0.533535722593707	
7555	 0.010940403972972789	 0.533167508724438	
7556	 0.010956133950100528	 0.5344457570008233	
7557	 0.010982730415939702	 0.5366098213310272	
7558	 0.01101150353577314	 0.5389549300659299	
7559	 0.011038530515464657	 0.5411614464909683	
7560	 0.011062645344320875	 0.5431332543002146	
7561	 0.011083450977209145	 0.5448367820161322	
7562	 0.01110087343951503	 0.546264942983206	
7563	 0.011115189939666143	 0.5474396198689351	
7564	 0.011125650190324894	 0.5482985273342637	
7565	 0.011136169152963457	 0.5491627988014416	
7566	 0.0111458111595718	 0.5499554950016586	
7567	 0.011154394511034338	 0.5506615409574275	
7568	 0.01116219225754776	 0.5513032790063654	
7569	 0.011154192867736862	 0.5506449501062148	
7570	 0.011129609115964348	 0.5486237413696564	
7571	 0.011092587027151291	 0.5455854994243343	
7572	 0.011092090777190195	 0.5455448201934348	
7573	 0.011075866356796249	 0.544215519815885	
7574	 0.011052428147923997	 0.5422974700942149	
7575	 0.011028258119776523	 0.5403223704436357	
7576	 0.010993348681462352	 0.5374747704241359	
7577	 0.010960445910267456	 0.5347963689864886	
7578	 0.010927837100974964	 0.5321471804569781	
7579	 0.010910138934248892	 0.5307115587201375	
7580	 0.01092052798697	 0.5315540992070863	
7581	 0.010939184035476831	 0.5330684254150161	
7582	 0.010960723006404214	 0.5348189032364373	
7583	 0.010984039005658468	 0.5367163871176893	
7584	 0.011006909583811827	 0.5385802327145316	
7585	 0.011028982605126466	 0.5403815312239624	
7586	 0.011047764800845477	 0.5419161714334577	
7587	 0.01106065711664367	 0.5429705735186977	
7588	 0.011074586938043564	 0.5441107495720735	
7589	 0.01108422521772235	 0.544900216610798	
7590	 0.011091253880042104	 0.5454762197479074	
7591	 0.011096880504313003	 0.5459375004326767	
7592	 0.011102491849528743	 0.5463976838318914	
7593	 0.011092476673363827	 0.5455764532588723	
7594	 0.011060093470020764	 0.5429244583665528	
7595	 0.01100849477715663	 0.5387095143532898	
7596	 0.01098131933544113	 0.5364949186313183	
7597	 0.01093209992061974	 0.532493199281172	
7598	 0.010870969185245981	 0.5275397459181342	
7599	 0.01080704049105698	 0.5223794002411373	
7600	 0.01073678744581844	 0.5167319762437508	
7601	 0.010667401225188972	 0.5111783616036598	
7602	 0.010602386733613816	 0.5059964624383173	
7603	 0.0105683110800462	 0.5032889460216415	
7604	 0.010558653219548303	 0.5025226277970237	
7605	 0.010567225157626493	 0.503202758483178	
7606	 0.010587789685015038	 0.5048359273961228	
7607	 0.01061436769500156	 0.5069498023906581	
7608	 0.010642448427273363	 0.5091870327726528	
7609	 0.010670564987882544	 0.5114310640305971	
7610	 0.010698157594536939	 0.5136371134688155	
7611	 0.010724931869977423	 0.5157813660089832	
7612	 0.010751055044322827	 0.517876916725341	
7613	 0.010776055348151792	 0.5198855743645427	
7614	 0.010799640003650574	 0.5217833413290235	
7615	 0.01082177603144319	 0.5235670582301325	
7616	 0.010841804772599913	 0.5251830679413533	
7617	 0.010845290219818084	 0.5254644931056548	
7618	 0.010830566276503983	 0.5242760497928153	
7619	 0.010800598020713946	 0.5218604877470433	
7620	 0.010806173705589004	 0.5223095724950941	
7621	 0.010804151454900997	 0.5221466756437242	
7622	 0.010787458120328377	 0.5208027664312779	
7623	 0.010762553956275912	 0.5188004142918262	
7624	 0.010736878337933685	 0.5167392669091545	
7625	 0.010712888084044836	 0.5148163816681681	
7626	 0.010690042124057806	 0.5129878813192237	
7627	 0.010678452110659013	 0.512061257676197	
7628	 0.010696687416443276	 0.513519475854756	
7629	 0.010730615998114845	 0.5162370464922564	
7630	 0.010755147887005635	 0.5182055445823889	
7631	 0.01076932764469749	 0.5193447289546625	
7632	 0.01077621045829038	 0.5198980464469808	
7633	 0.010778193624266498	 0.5200575192300743	
7634	 0.010772448800653115	 0.5195956131535738	
7635	 0.010763689552346491	 0.5188916516869452	
7636	 0.010750466156734554	 0.517829639858254	
7637	 0.01073526824674366	 0.5166101238867251	
7638	 0.010720099007500889	 0.5153940557053504	
7639	 0.010708890571062082	 0.5144962487025109	
7640	 0.010699643986707613	 0.5137560594236313	
7641	 0.010677965306039365	 0.5120223522250997	
7642	 0.010629012781617998	 0.5081161048350288	
7643	 0.010564604240020425	 0.5029947657018736	
7644	 0.010542343974391442	 0.5012296055364808	
7645	 0.010504445990041562	 0.49823014281652195	
7646	 0.010444773528848367	 0.4935219321983022	
7647	 0.010360986263981868	 0.4869412593109808	
7648	 0.010277974651135982	 0.4804563987638351	
7649	 0.010189775376612968	 0.47360443673516134	
7650	 0.010104597970499762	 0.46702465650514197	
7651	 0.010061805230493813	 0.46373291428912794	
7652	 0.01003270023711948	 0.461499397696259	
7653	 0.010002371454848735	 0.4591765590971278	
7654	 0.009977462662466704	 0.4572723378921622	
7655	 0.0099735315766968	 0.456972104464211	
7656	 0.009936232068794716	 0.45412731184528665	
7657	 0.0099143084504383	 0.45245853882862347	
7658	 0.009913706817760097	 0.45241277864650226	
7659	 0.009922234692385033	 0.45306158164306715	
7660	 0.009923231799932342	 0.45313746613696426	
7661	 0.009932132513261327	 0.4538150767731297	
7662	 0.009945077187437689	 0.4548012765354061	
7663	 0.009961583791462642	 0.4560600864827227	
7664	 0.00997868416848071	 0.4573656454667068	
7665	 0.009967142972529304	 0.45648434836782775	
7666	 0.00992900338939117	 0.45357681064485983	
7667	 0.009876758255719164	 0.44960602056046334	
7668	 0.009861777206243783	 0.4484699926267244	
7669	 0.009843073649353839	 0.44705329731821103	
7670	 0.009820194785363537	 0.4453227835034313	
7671	 0.009795542882594087	 0.4434611664537565	
7672	 0.009761203836960502	 0.4408732152942614	
7673	 0.009730611435812261	 0.4385727348409185	
7674	 0.00970526734551959	 0.43667056351132266	
7675	 0.009687238209554186	 0.4353194214509423	
7676	 0.009694104537850953	 0.43583380132453403	
7677	 0.009722409902143136	 0.4379568163036757	
7678	 0.009758962057795263	 0.4407044750545546	
7679	 0.009800691546206813	 0.4438497160229351	
7680	 0.009844020896243673	 0.4471250031431399	
7681	 0.009881892065431143	 0.44999558691997077	
7682	 0.009915059324073158	 0.45251565287515	
7683	 0.00994573455959579	 0.4548513817748112	
7684	 0.009979446222612315	 0.4574238605991185	
7685	 0.010010670017018665	 0.4598116683059747	
7686	 0.010038135464874668	 0.46191616938896146	
7687	 0.010061023074062982	 0.4636728352287239	
7688	 0.010080822563429251	 0.4651946331283405	
7689	 0.010083532906440257	 0.4654031065288832	
7690	 0.01004508393305991	 0.46244919505776444	
7691	 0.009986965001124578	 0.45799839688272054	
7692	 0.009972894363791007	 0.45692344528417944	
7693	 0.009948991219461592	 0.4550996386037623	
7694	 0.009920320979037688	 0.4529159534521172	
7695	 0.009894816060864385	 0.45097688953363174	
7696	 0.009878351407760843	 0.4497268984915422	
7697	 0.009860727380317546	 0.44839042638685006	
7698	 0.009839071142041293	 0.44675036153294484	
7699	 0.009813732324500812	 0.44483446160051243	
7700	 0.009792414248322882	 0.44322512711375256	
7701	 0.009775966963497668	 0.4419850910971055	
7702	 0.009764480719833725	 0.4411199149789977	
7703	 0.009757375631687777	 0.4405850792971771	
7704	 0.009753991623419063	 0.4403304392449901	
7705	 0.009751892828227745	 0.4401725385691129	
7706	 0.009754423148330357	 0.4403629073809729	
7707	 0.009763476537955078	 0.4410443094155616	
7708	 0.009772679704051391	 0.4417374162272612	
7709	 0.009785685393347949	 0.4427176399990848	
7710	 0.009800941714480935	 0.4438685987146416	
7711	 0.00981695648023851	 0.44507806117981114	
7712	 0.009830960319768944	 0.4461367336541833	
7713	 0.009828817901422477	 0.44597470436804754	
7714	 0.009785384812026246	 0.442694975722046	
7715	 0.009708431790286734	 0.43690788653874507	
7716	 0.009659183783780296	 0.43322029491739217	
7717	 0.009609553795666182	 0.4295167603455095	
7718	 0.00956245459635345	 0.4260138528830502	
7719	 0.009514828897660421	 0.42248346482023097	
7720	 0.009474338875078136	 0.419491277827102	
7721	 0.009434026000524441	 0.41652063908481257	
7722	 0.009393809727300981	 0.4135655390965212	
7723	 0.009352726607528108	 0.4105554395321562	
7724	 0.009332287121609405	 0.40906114665163185	
7725	 0.009317354546942389	 0.40797083201284096	
7726	 0.009302553975201152	 0.40689130460071915	
7727	 0.009293402043430807	 0.4062243515338988	
7728	 0.009293028671742504	 0.4061971511179399	
7729	 0.009301279478118683	 0.40679839855598493	
7730	 0.009322376347167692	 0.40833737311934576	
7731	 0.009358256629999775	 0.4109601037448199	
7732	 0.00940122726449338	 0.4141099481645492	
7733	 0.009444048941277304	 0.41725843649488586	
7734	 0.009484880060671682	 0.420269445609957	
7735	 0.009523105041154346	 0.42309611333232827	
7736	 0.009555226353590702	 0.4254772829111158	
7737	 0.009568988890947445	 0.42649914216379686	
7738	 0.009565878859715592	 0.4262681386653735	
7739	 0.009547856879275621	 0.42493050749100675	
7740	 0.009556590984200296	 0.42557856203356054	
7741	 0.009566465483033372	 0.4263117073997928	
7742	 0.009733925959060643	 0.4388217470401492	
7743	 0.009704852374896955	 0.4366394458947154	
7744	 0.009675174988538164	 0.43441631329382185	
7745	 0.00968519984855808	 0.43516676771003887	
7746	 0.009690130045055376	 0.43553602901100263	
7747	 0.009692647184418302	 0.4357246057382705	
7748	 0.009794228345721141	 0.44336198529470017	
7749	 0.009882356723284988	 0.4500308529836515	
7750	 0.009960681482463658	 0.45599123954968096	
7751	 0.010176814645660441	 0.47260087244337406	
7752	 0.010680115403109426	 0.512194197019146	
7753	 0.011878910310705747	 0.6115553223215039	
7754	 0.013399669175930471	 0.7475350120124657	
7755	 0.01451527333128324	 0.8541158379803967	
7756	 0.014983080624597474	 0.9004852542055438	
7757	 0.015270619274331949	 0.9294709637674673	
7758	 0.015310285440033912	 0.9334983558467438	
7759	 0.015221369906132915	 0.9244802657716162	
7760	 0.015066365762277142	 0.9088431162515941	
7761	 0.014905441687582137	 0.8927218428466457	
7762	 0.014734485233677269	 0.8757221966833617	
7763	 0.014557352686784835	 0.8582465861336056	
7764	 0.014413637188967415	 0.844171569141162	
7765	 0.01426906901151228	 0.8301071259193425	
7766	 0.014120340467927423	 0.815736744781248	
7767	 0.013973711250403885	 0.8016676390186933	
7768	 0.013841850076326885	 0.7890992785976397	
7769	 0.013721708497960514	 0.7777172401339209	
7770	 0.01361828718134851	 0.7679723049013262	
7771	 0.013534629535790632	 0.7601256122749764	
7772	 0.013459112791379419	 0.7530702059704807	
7773	 0.013387807920096915	 0.7464324863445544	
7774	 0.01332209312341599	 0.7403359745121164	
7775	 0.013259061149073385	 0.7345071603632931	
7776	 0.01319691126631186	 0.7287779749850724	
7777	 0.01313532062569867	 0.7231180599580443	
7778	 0.01307329126527477	 0.7174356827888627	
7779	 0.013008232254271036	 0.7114950483963104	
7780	 0.012949080616257536	 0.7061109869167191	
7781	 0.012882679578126305	 0.7000865805281218	
7782	 0.01280902758127858	 0.693428487386149	
7783	 0.012731571315442858	 0.6864539732920724	
7784	 0.012649837749206463	 0.6791249247509509	
7785	 0.012551642802287882	 0.6703614481818579	
7786	 0.012419702930820366	 0.6586581823499276	
7787	 0.012271173993798842	 0.6455822801244845	
7788	 0.012160298990915867	 0.6358897629827848	
7789	 0.012053142485942376	 0.6265781252970327	
7790	 0.011947120601492403	 0.6174192382288314	
7791	 0.011837210954221241	 0.6079815360580848	
7792	 0.011746615717941175	 0.6002460999254304	
7793	 0.011656308911568835	 0.5925747728862324	
7794	 0.011563762752463944	 0.5847542220276257	
7795	 0.01148252627428684	 0.5779236817901275	
7796	 0.011431209583370523	 0.5736254219921941	
7797	 0.011385546739447463	 0.5698115247133332	
7798	 0.011344127813078314	 0.5663608997543769	
7799	 0.011308267797705536	 0.5633801648484634	
7800	 0.011276153165046368	 0.5607160942458776	
7801	 0.011245515925830457	 0.5581792908499535	
7802	 0.01121793464738343	 0.5558994623530941	
7803	 0.011195186382762748	 0.5540219333994262	
7804	 0.011174000101301736	 0.5522756086308636	
7805	 0.011150718873616463	 0.5503591474579878	
7806	 0.011127806816093253	 0.5484756781996984	
7807	 0.011104876855231507	 0.5465933238319282	
7808	 0.011077911572515349	 0.5443830171185563	
7809	 0.011046597588892404	 0.5418207511126857	
7810	 0.011009906984970825	 0.5388246984803485	
7811	 0.010969054127947783	 0.5354965912081336	
7812	 0.010932901993755205	 0.532558314696354	
7813	 0.01089659840518781	 0.5296142396681208	
7814	 0.010860923243139057	 0.5267274906641211	
7815	 0.010823232036837643	 0.5236844682015936	
7816	 0.010805788392035397	 0.522278533052438	
7817	 0.01078663139712	 0.5207362464766384	
7818	 0.010763533245226302	 0.5188790930955859	
7819	 0.010737955564482404	 0.516825676859258	
7820	 0.010722315780474775	 0.5155716956013714	
7821	 0.010712051641117121	 0.5147493901916648	
7822	 0.010702464897850603	 0.5139818282365058	
7823	 0.01069184844566362	 0.5131323574078007	
7824	 0.010688846769431659	 0.5128922815118351	
7825	 0.010685059597294742	 0.5125894452962024	
7826	 0.01068045969432539	 0.5122217163625163	
7827	 0.010674325723748962	 0.5117315140841091	
7828	 0.010663200531111939	 0.5108429125101341	
7829	 0.010651882994360101	 0.5099395818201286	
7830	 0.010641251483670042	 0.5090915902440954	
7831	 0.010635500871706189	 0.5086331446688969	
7832	 0.010745337044925583	 0.517417939307954	
7833	 0.010774144546231209	 0.5197319405897033	
7834	 0.010823133346858482	 0.5236765096651183	
7835	 0.01148546348673034	 0.5781700894363869	
7836	 0.012742714964605599	 0.6874556608395066	
7837	 0.013655073841656018	 0.771432917125232	
7838	 0.015073686051268492	 0.9095792008302577	
7839	 0.01584167807742106	 0.9881208214384456	
7840	 0.015762779181700548	 0.9799322800938374	
7841	 0.015613378031592542	 0.9645014161694142	
7842	 0.015593351069561223	 0.9624403873449291	
7843	 0.015558768433854038	 0.958885548089734	
7844	 0.01567323586207032	 0.9706720548707676	
7845	 0.015789582803269187	 0.98271104334693	
7846	 0.01601846153631812	 1.0065671417322493	
7847	 0.016227319563524707	 1.0285357525303997	
7848	 0.016391076918643645	 1.0458929249919173	
7849	 0.016586260258125724	 1.066732526064777	
7850	 0.017096485951929082	 1.1219827182541415	
7851	 0.017586422436682726	 1.1760810336700003	
7852	 0.018276672248367588	 1.2540165966579486	
7853	 0.018965284830380565	 1.3337477319532045	
7854	 0.019493434561757814	 1.3962248142186	
7855	 0.019968442534558106	 1.4533885441500887	
7856	 0.020164553910155147	 1.477256045556958	
7857	 0.020046452801405018	 1.4628640627775502	
7858	 0.0197881165348177	 1.4315796300962973	
7859	 0.01953460200518964	 1.4011426630942705	
7860	 0.019278916951275652	 1.3707106870135979	
7861	 0.019027862983806678	 1.341090554770319	
7862	 0.01879274604135211	 1.3135859243995003	
7863	 0.018564752188188358	 1.2871327440536529	
7864	 0.01834829300241934	 1.262217476945674	
7865	 0.018146076564045037	 1.2391179348617265	
7866	 0.017951018064877988	 1.2169980563296152	
7867	 0.017763512193472115	 1.1958851565187498	
7868	 0.017585091327849797	 1.175932675624627	
7869	 0.01741649111913072	 1.1572020183130876	
7870	 0.01725290213268441	 1.1391432540784883	
7871	 0.017094071270127235	 1.1217186187867492	
7872	 0.016937962814597456	 1.104697496543486	
7873	 0.01678399457453985	 1.0880118582710903	
7874	 0.016635229005597187	 1.071986668671342	
7875	 0.016490959286602887	 1.0565367562467776	
7876	 0.016347270349799388	 1.0412383445449283	
7877	 0.016206041731105802	 1.0262889813334626	
7878	 0.01606434336372263	 1.011376927408614	
7879	 0.016338930372704216	 1.0403531379321542	
7880	 0.016324945892231074	 1.0388694986886597	
7881	 0.01627806812012498	 1.0339023297879302	
7882	 0.016178881070262992	 1.0234238860979545	
7883	 0.01603069728636581	 1.007848916884431	
7884	 0.015862948201272032	 0.9903330089391837	
7885	 0.01570460490059768	 0.9739121174015938	
7886	 0.015541653493973214	 0.9571282056760947	
7887	 0.015383422881562749	 0.9409424080648684	
7888	 0.01522775305648557	 0.9251264977266782	
7889	 0.01507803252419006	 0.9100163689889723	
7890	 0.014933515917318674	 0.8955259876131136	
7891	 0.0147956660320211	 0.8817908968676273	
7892	 0.014669115222314877	 0.8692564951456605	
7893	 0.014551684453138605	 0.8576896956450457	
7894	 0.014439128405437054	 0.8466612996660117	
7895	 0.014328617838648684	 0.8358889371768372	
7896	 0.014220120591511336	 0.8253665745402476	
7897	 0.014114122671970564	 0.8151381591070747	
7898	 0.014013078354705064	 0.8054353044010547	
7899	 0.013919267392880347	 0.7964686896548908	
7900	 0.013826989927027435	 0.7876878660739428	
7901	 0.013738963521132234	 0.7793478865930147	
7902	 0.013654445917018834	 0.7713737944973658	
7903	 0.013575112566656354	 0.7639187045241126	
7904	 0.013611104209847754	 0.7672973113935978	
7905	 0.01359847272125617	 0.7661108893133081	
7906	 0.013592748101648074	 0.7655734419522046	
7907	 0.013762717263561219	 0.7815949139128052	
7908	 0.013895139796037483	 0.7941690272184445	
7909	 0.013894766121954191	 0.7941334323117157	
7910	 0.013803923027090515	 0.7854989814318999	
7911	 0.013711226535495499	 0.7767273334005119	
7912	 0.01399764727271431	 0.8039576162957592	
7913	 0.013888327637038426	 0.7935202246367484	
7914	 0.013782997580116101	 0.7835154136390782	
7915	 0.01368137371047963	 0.7739108247690624	
7916	 0.013592895262407319	 0.7655872560309458	
7917	 0.013512085606688462	 0.7580166145367175	
7918	 0.013436727583202692	 0.7509838517918931	
7919	 0.01336444067884541	 0.7442623628192248	
7920	 0.013294464572545581	 0.7377787854102746	
7921	 0.013226479590505595	 0.7315014447250223	
7922	 0.01316023913048985	 0.7254058372354629	
7923	 0.013099878870570179	 0.7198691206207761	
7924	 0.013079515571786967	 0.7180050686405585	
7925	 0.013056222985353213	 0.715875241363157	
7926	 0.012995446136878065	 0.7103298531480785	
7927	 0.012934462711627754	 0.7047829674676741	
7928	 0.012876360129545083	 0.6995143085776497	
7929	 0.013005744673828902	 0.711268296045704	
7930	 0.012932921391540246	 0.7046429986340668	
7931	 0.012839438928587396	 0.6961745687772121	
7932	 0.012743855016709457	 0.6875581715220417	
7933	 0.012630911531598066	 0.6774323002940911	
7934	 0.012507789113147441	 0.6664624138191774	
7935	 0.012382338650843466	 0.655358908492208	
7936	 0.012261219423730658	 0.6447096719384161	
7937	 0.012143243708879946	 0.6344040253701096	
7938	 0.012032003356758258	 0.6247476799576521	
7939	 0.011953039740831181	 0.6179291510549098	
7940	 0.011900357732527725	 0.6133967057586228	
7941	 0.011861295413751994	 0.6100446396510518	
7942	 0.01182194670474977	 0.6066754299373541	
7943	 0.011783011361667694	 0.6033489650152889	
7944	 0.011746040586269189	 0.6001971191640573	
7945	 0.011725408293417667	 0.5984410393759004	
7946	 0.011686051146463315	 0.595096938378599	
7947	 0.011641684321643106	 0.5913361677840885	
7948	 0.011600583555065979	 0.587860760525786	
7949	 0.011561881141442689	 0.5845956490305849	
7950	 0.011525259142657557	 0.5815127526456043	
7951	 0.011486629786879433	 0.5782679439529252	
7952	 0.011449558482795616	 0.5751608421558084	
7953	 0.011406746761176952	 0.5715809482850184	
7954	 0.011340168971013462	 0.5660315263312797	
7955	 0.011242243996740047	 0.5579086428363641	
7956	 0.011159999575354053	 0.5511227956837506	
7957	 0.011064528564545697	 0.5432873611370013	
7958	 0.010945699710024289	 0.5335977138140898	
7959	 0.010820219142452413	 0.5234415248155763	
7960	 0.01067910951502661	 0.512113799344818	
7961	 0.01053717588951902	 0.5008201498158714	
7962	 0.010407889901967572	 0.49062072938940005	
7963	 0.010333795637270755	 0.4848133003097374	
7964	 0.010290141237315597	 0.48140467580368657	
7965	 0.010258138266874989	 0.478911933456965	
7966	 0.010231965174979337	 0.47687713561573886	
7967	 0.010213984083130479	 0.4754812246145271	
7968	 0.010207171090688322	 0.4749527449595436	
7969	 0.010211774728338481	 0.4753098205590998	
7970	 0.010216760987544204	 0.4756966948225126	
7971	 0.010214126023755845	 0.47549223736176516	
7972	 0.010211761232276413	 0.47530877359645385	
7973	 0.010208800031764508	 0.4750790795374651	
7974	 0.010206469558644628	 0.4748983408983533	
7975	 0.010205228564250619	 0.47480210744415924	
7976	 0.010207378352397328	 0.4749688186563313	
7977	 0.010207859623866295	 0.47500614337801234	
7978	 0.010183035538014442	 0.47308245701750784	
7979	 0.010139895820136207	 0.46974687498714024	
7980	 0.01010974111781393	 0.4674209091351684	
7981	 0.010055759619939054	 0.46326861936428004	
7982	 0.009997624913161359	 0.4588134525550655	
7983	 0.009939663601486954	 0.4543887342326671	
7984	 0.009874147005326907	 0.4494079241137156	
7985	 0.00980743668752096	 0.44435895148618004	
7986	 0.009740762376208374	 0.4393355292481335	
7987	 0.00968681028659423	 0.43528737233842957	
7988	 0.00966986470985297	 0.43401899927122994	
7989	 0.009666489150041382	 0.4337665161437456	
7990	 0.009676020603806165	 0.4344795954859073	
7991	 0.009689654970918511	 0.43550044150758777	
7992	 0.009703375295260282	 0.43652869055843563	
7993	 0.009730292285196052	 0.43854876080303945	
7994	 0.009754900135116236	 0.4403987972038661	
7995	 0.00977731631854304	 0.4420867728120947	
7996	 0.009797915925060258	 0.4436402338061982	
7997	 0.00980394182754119	 0.44409507216476934	
7998	 0.009811415321708197	 0.44465943448212947	
7999	 0.009818491557689825	 0.4451940619839192	
8000	 0.009827070318448589	 0.44584255358189134	
8001	 0.009830769138010006	 0.4461222737828865	
8002	 0.009811614750875575	 0.44467449834035083	
8003	 0.009773828079079706	 0.44182393294238276	
8004	 0.00978957499755445	 0.44301096377900495	
8005	 0.009803910147316878	 0.44409268043693245	
8006	 0.0098165099979841	 0.44504432423973633	
8007	 0.0098265867567297	 0.4458059898098596	
8008	 0.009834545076353292	 0.44640789841020045	
8009	 0.009812791372727888	 0.4447633784855917	
8010	 0.009792226618216469	 0.4432109729864686	
8011	 0.009775009872036229	 0.4419129743859074	
8012	 0.00976915336461188	 0.44147178988386687	
8013	 0.00977060615228873	 0.44158121536227113	
8014	 0.00977203650224776	 0.44168896140592523	
8015	 0.009769702076841807	 0.44151311818472566	
8016	 0.009765425666339029	 0.4411910654033658	
8017	 0.009760501685439892	 0.4408203610935711	
8018	 0.009756508458476918	 0.4405198205852509	
8019	 0.009753753928591631	 0.4403125553841018	
8020	 0.009754759698733656	 0.44038823025523577	
8021	 0.009757298775756023	 0.4405792953840364	
8022	 0.00976336502972686	 0.44103591420201754	
8023	 0.009779255813107308	 0.44223294134452273	
8024	 0.009794689579948179	 0.4433967841792041	
8025	 0.009799555409795949	 0.44376396453372197	
8026	 0.009793353606298296	 0.4432959915537071	
8027	 0.00974936038577538	 0.4399820430506624	
8028	 0.009728718757055542	 0.43843056777635536	
8029	 0.00971238124342336	 0.4372041549848326	
8030	 0.009727229182491564	 0.43831869252903083	
8031	 0.009741407897877663	 0.43938405503047123	
8032	 0.009753682999002885	 0.4403072187870341	
8033	 0.009763631068923832	 0.4410559438239449	
8034	 0.009736379327596528	 0.43900609915702793	
8035	 0.009694819081766497	 0.43588734418335834	
8036	 0.009658505852493119	 0.4331696200488407	
8037	 0.009628193683169027	 0.43090623165018854	
8038	 0.00960305192946235	 0.42903251472253096	
8039	 0.009584471138935577	 0.42764986040963016	
8040	 0.009573780852376909	 0.42685517221789077	
8041	 0.009571447908850297	 0.4266818258433916	
8042	 0.009577705384982194	 0.42714684311218426	
8043	 0.009590400737022903	 0.4280909062532503	
8044	 0.009608384325580793	 0.4294296445029322	
8045	 0.009625734510779117	 0.4307228150230207	
8046	 0.009642656284035924	 0.43198555225772867	
8047	 0.009660234539971651	 0.4332988428608908	
8048	 0.009678461735774128	 0.4346622999372059	
8049	 0.009698318477013378	 0.4361496020633833	
8050	 0.00970054237883223	 0.43631630244433434	
8051	 0.009668628794573364	 0.43392654919125784	
8052	 0.009660754659536228	 0.4333377258454277	
8053	 0.009627418387505728	 0.43084840308675076	
8054	 0.009591107113816734	 0.42814345895921097	
8055	 0.00955265898746574	 0.4252867662092679	
8056	 0.009515043535598589	 0.42249934908934406	
8057	 0.009475823524054117	 0.41960084216978305	
8058	 0.009438121085816641	 0.416822018780399	
8059	 0.009386993324851428	 0.4130655028446397	
8060	 0.00933961027419464	 0.4095962781885769	
8061	 0.009309385948093432	 0.4073894743945468	
8062	 0.009300137914427799	 0.4067151900605304	
8063	 0.00930603931592325	 0.4071454161670625	
8064	 0.009320982450847497	 0.4082356194512722	
8065	 0.009340744821342015	 0.4096792090411728	
8066	 0.009363742208079631	 0.41136167323212897	
8067	 0.009388918276888153	 0.41320668856188264	
8068	 0.009415568381970635	 0.4151633245873179	
8069	 0.009442909498080295	 0.4171745347756584	
8070	 0.009469042818370766	 0.41910053189757357	
8071	 0.009493616968392871	 0.4209148557534543	
8072	 0.009514381487659807	 0.4224503550350567	
8073	 0.00953682876317465	 0.42411280592671047	
8074	 0.009543607795210823	 0.42461537611057826	
8075	 0.009523996976233157	 0.42316216077607605	
8076	 0.009501376617323152	 0.42148840626076933	
8077	 0.009468866537541407	 0.4190875283074704	
8078	 0.00942816571115328	 0.41608950006835416	
8079	 0.00937883935819902	 0.4124676637406887	
8080	 0.009322162620271265	 0.4083217705145204	
8081	 0.009262302975974445	 0.40396125823687834	
8082	 0.009204021967733155	 0.39973375409094314	
8083	 0.009154506584540518	 0.39615606905877426	
8084	 0.009135108635286052	 0.39475799875668954	
8085	 0.009133339615803369	 0.39463059842681725	
8086	 0.009138679058051767	 0.3950151817161322	
8087	 0.009147504593902497	 0.3956511858839796	
8088	 0.009159551773628883	 0.3965200153847585	
8089	 0.009173901655566486	 0.3975559078363024	
8090	 0.009189582433045093	 0.3986891110549276	
8091	 0.009206722825806004	 0.39992927182943316	
8092	 0.009225134778411378	 0.4012631496988405	
8093	 0.009245816021228087	 0.40276354701397726	
8094	 0.00926800848760893	 0.40437607207605314	
8095	 0.009291113906938162	 0.40605767047127506	
8096	 0.009314045383497253	 0.4077293682076181	
8097	 0.009324860219517618	 0.4085187195826623	
8098	 0.009306656204265323	 0.4071903992871606	
8099	 0.009249155421018314	 0.4030060261386388	
8100	 0.009198626792730874	 0.39934330664145795	
8101	 0.00912890718841301	 0.39431145840920395	
8102	 0.00904859129387197	 0.3885465276520925	
8103	 0.008961608111097547	 0.38234139937139094	
8104	 0.00887837125543699	 0.3764409958770232	
8105	 0.008797291653322777	 0.37072885940907335	
8106	 0.008716841815864884	 0.3650956733118928	
8107	 0.008645036903005415	 0.360096994944288	
8108	 0.008604669201539334	 0.3572989250167242	
8109	 0.008588139065880691	 0.3561556664964389	
8110	 0.008585380125535193	 0.3559649951909593	
8111	 0.008594726281129922	 0.3566110763338745	
8112	 0.00861406328075383	 0.35794929201582343	
8113	 0.00863882960761275	 0.3596661709887535	
8114	 0.008666396584745955	 0.3615810622733273	
8115	 0.008696446618168416	 0.36367306527780024	
8116	 0.008732321679033539	 0.36617690892871274	
8117	 0.008767762340752277	 0.36865717730390696	
8118	 0.008801300708661747	 0.37101047984643115	
8119	 0.008832607837433585	 0.3732126239868474	
8120	 0.008862295841990568	 0.3753056916198451	
8121	 0.008876188114224564	 0.37628673400735274	
8122	 0.008860170082250068	 0.37515566542025414	
8123	 0.008803438724459814	 0.3711607020544842	
8124	 0.008756905190459817	 0.3678966423146846	
8125	 0.008699140261745644	 0.36386082525174496	
8126	 0.00864026305369986	 0.35976564252293913	
8127	 0.008581195464589296	 0.3556758698094126	
8128	 0.008519349552290915	 0.3514137964380128	
8129	 0.00845688239088289	 0.3471297985205273	
8130	 0.008395174291236578	 0.3429185190700143	
8131	 0.008339817202694683	 0.33915818099172385	
8132	 0.00831878461968109	 0.337733814390478	
8133	 0.008318510267671388	 0.33771525059453494	
8134	 0.008328553087682964	 0.33839505544481224	
8135	 0.008343395776652935	 0.3394007674885982	
8136	 0.008364279161413761	 0.3408178061745548	
8137	 0.008390464244922898	 0.3425979261567926	
8138	 0.008422300268167138	 0.34476720312882075	
8139	 0.00845901584987181	 0.3472757643406681	
8140	 0.008501927754309873	 0.3502168963876651	
8141	 0.008540999660429765	 0.35290346214082297	
8142	 0.008580960572641497	 0.35565964350856394	
8143	 0.00862056005382173	 0.3583993506068328	
8144	 0.008660470157659765	 0.3611690503373118	
8145	 0.008692812714671715	 0.363419826072174	
8146	 0.008713425393018748	 0.3648572157254381	
8147	 0.008687184210100072	 0.36302772654778415	
8148	 0.008653798341661011	 0.36070544297882917	
8149	 0.008597015979784562	 0.35676943010860024	
8150	 0.008531397559273728	 0.3522424652142389	
8151	 0.008463363697161785	 0.347573308935742	
8152	 0.008402496150742865	 0.34341712517265455	
8153	 0.008338800832163176	 0.3390892953137629	
8154	 0.008275777355578814	 0.33482875019380337	
8155	 0.008220149865616845	 0.3310861169902132	
8156	 0.008198174004733605	 0.3296122150934188	
8157	 0.008195841309543988	 0.32945591770734056	
8158	 0.008201102402805834	 0.3298084682871088	
8159	 0.008211475951031156	 0.33050405086529705	
8160	 0.008228125927518039	 0.33162171496818493	
8161	 0.008254890481663087	 0.3334215025953093	
8162	 0.008290803827447511	 0.3358426205735115	
8163	 0.00833206327810925	 0.3386327914076421	
8164	 0.008373646561325766	 0.3414541966109104	
8165	 0.008415661722785343	 0.3443144069292554	
8166	 0.008457260940196124	 0.3471556961073335	
8167	 0.008499502599793804	 0.35005041466857684	
8168	 0.008542121724081959	 0.3529807359775255	
8169	 0.008572973194906026	 0.3551080528918143	
8170	 0.008578055814853628	 0.3554590077457475	
8171	 0.008545322517606974	 0.3532012041472592	
8172	 0.008506063047165781	 0.35050084850334695	
8173	 0.00844551517387487	 0.346352496405581	
8174	 0.008374101783040065	 0.3414851349801329	
8175	 0.008298882753806597	 0.3363882309196024	
8176	 0.008231972503164542	 0.3318801388976896	
8177	 0.00816446504205702	 0.32735649928126515	
8178	 0.008098112015880723	 0.32293445036597684	
8179	 0.008039990973234067	 0.3190808056418876	
8180	 0.008016344192121223	 0.31751823458012773	
8181	 0.008015776505312948	 0.31748075975496404	
8182	 0.008025685356315855	 0.31813512880655964	
8183	 0.008035966831445533	 0.3188146751260839	
8184	 0.008051139847401311	 0.3198185833807363	
8185	 0.008076602240960833	 0.32150611426603465	
8186	 0.00811139557883234	 0.3238177972459959	
8187	 0.00815162679934263	 0.32649902751301246	
8188	 0.00818908625407091	 0.32900347655680257	
8189	 0.008231222102384781	 0.3318297185098838	
8190	 0.008276588174590278	 0.3348834267054956	
8191	 0.008322399837647805	 0.33797847317065316	
8192	 0.008367392374832272	 0.3410292550000226	
8193	 0.00839889241854106	 0.3431716809630474	
8194	 0.008410208832268985	 0.3439426589334729	
8195	 0.008401156116884561	 0.3433258494964024	
8196	 0.008419207230733958	 0.3445562062741376	
8197	 0.008436621705430938	 0.345744837865449	
8198	 0.008455966914473777	 0.34706717148700755	
8199	 0.008477671852921729	 0.34855320597964545	
8200	 0.008499126969225019	 0.3500246312579643	
8201	 0.00851699557750472	 0.3512519798933167	
8202	 0.008526922056278316	 0.35193454643253436	
8203	 0.008522872645517664	 0.3516560360232417	
8204	 0.008524776785633258	 0.3517869880035123	
8205	 0.008525393100116848	 0.3518293775084778	
8206	 0.008527117903965941	 0.3519480186824184	
8207	 0.008528972567427092	 0.3520756101424123	
8208	 0.008537999650962767	 0.35269689190947545	
8209	 0.008559657967543873	 0.35418929422070344	
8210	 0.008589461860522495	 0.35624709976882923	
8211	 0.008623776659539737	 0.35862226202889574	
8212	 0.008673177660726724	 0.3620527208380393	
8213	 0.00872043698971909	 0.36534667455222136	
8214	 0.00876548143949804	 0.3684973498080495	
8215	 0.008808619436445739	 0.3715248123999894	
8216	 0.008849979885935933	 0.37443682216565843	
8217	 0.008875632886490351	 0.3762475053670548	
8218	 0.008889229907456287	 0.3772086494426943	
8219	 0.008867300946165179	 0.37565902325477607	
8220	 0.008880099102497723	 0.3765631043589466	
8221	 0.00887478692577544	 0.37618773864389893	
8222	 0.008853872542342184	 0.37471135529156774	
8223	 0.0088263578269946	 0.37277258170036087	
8224	 0.00880210535281718	 0.3710670132539316	
8225	 0.008768777617845048	 0.3687283287979842	
8226	 0.008731785922264276	 0.36613946609034037	
8227	 0.00869025509596717	 0.363241633233737	
8228	 0.008676784177118901	 0.362303672700316	
8229	 0.008679218479571	 0.3624730978346695	
8230	 0.008682194808203422	 0.3626802905248909	
8231	 0.008677716037677917	 0.3623685255655927	
8232	 0.008667237584934191	 0.36163954478386806	
8233	 0.008656507493362558	 0.3608936662492955	
8234	 0.008646133220969016	 0.36017310749618653	
8235	 0.008636346297834444	 0.3594938720056306	
8236	 0.008689307748504006	 0.363175639095959	
8237	 0.008727062132055947	 0.36580939728005063	
8238	 0.008751664914763214	 0.3675297898693321	
8239	 0.008765665854864515	 0.3685102711463036	
8240	 0.008775902930605862	 0.3692278313790824	
8241	 0.00877063176377555	 0.3688582831174317	
8242	 0.008759181981152138	 0.3680560776830298	
8243	 0.008740745934945655	 0.3667658626223222	
8244	 0.008743008583713604	 0.36692411264239483	
8245	 0.00874454245448621	 0.36703140734143574	
8246	 0.00874098046688444	 0.36678226455545	
8247	 0.008738802045242047	 0.3666299284705789	
8248	 0.009619280177915098	 0.43024156914895845	
8249	 0.010877169204015925	 0.5280412924427682	
8250	 0.012525479226531	 0.6680341481598568	
8251	 0.01392767426806722	 0.7972705949823444	
8252	 0.014835336653782108	 0.8857348950626177	
8253	 0.016154179385853812	 1.0208209634263177	
8254	 0.016678259379369315	 1.0766121684372925	
8255	 0.016636215324232543	 1.0720926026227355	
8256	 0.01645602096422624	 1.0528086987314549	
8257	 0.016243833643545237	 1.030280863383857	
8258	 0.016045589674524123	 1.009409872547575	
8259	 0.01590432340268652	 0.9946418803625328	
8260	 0.01572644771449966	 0.9761707799919753	
8261	 0.015565716976124275	 0.9595993844300038	
8262	 0.015419206083705807	 0.9445930945130462	
8263	 0.015283275357808596	 0.9307552067742085	
8264	 0.015157767553029864	 0.9180510169158543	
8265	 0.0150386269267283	 0.9060560279607701	
8266	 0.014918972771035157	 0.8940729320299026	
8267	 0.014788798790729923	 0.8811088802626458	
8268	 0.014733603419640875	 0.8756348495848622	
8269	 0.014605188078079031	 0.8629520562973116	
8270	 0.014493151393675905	 0.8519474212574383	
8271	 0.014370411929111876	 0.8399564583093341	
8272	 0.014260251226196674	 0.8292523401187042	
8273	 0.014146618040810136	 0.818268420755854	
8274	 0.014039902826383035	 0.808006611841121	
8275	 0.013942343403550597	 0.798670610475627	
8276	 0.013851305681728855	 0.7899978952610419	
8277	 0.013764812966613481	 0.7817932848637162	
8278	 0.013717431072890826	 0.7773132232018884	
8279	 0.013933542710862364	 0.7978305585350768	
8280	 0.014115426986859483	 0.8152637106099386	
8281	 0.014914517311300361	 0.8936279606672936	
8282	 0.01729701783401207	 1.1440020428876374	
8283	 0.019618430681407666	 1.4111781774406849	
8284	 0.021930487059561857	 1.6991114762306232	
8285	 0.024815028598527435	 2.087690162420365	
8286	 0.02734847520522113	 2.4548781511288507	
8287	 0.030151211827663185	 2.8883469810542404	
8288	 0.03336484618382033	 3.419452876285931	
8289	 0.03622084090439251	 3.9210793022838644	
8290	 0.038101897358548964	 4.266310067066912	
8291	 0.03850366013706312	 4.341549631366667	
8292	 0.0382624583403556	 4.29631577671362	
8293	 0.037524970135154295	 4.159189136959148	
8294	 0.03697224239992819	 4.057585976349495	
8295	 0.03600720913324597	 3.8826106955047197	
8296	 0.03516462936738908	 3.7323711049453903	
8297	 0.03416243705755652	 3.5567730299764673	
8298	 0.03324466235841534	 3.3989487962830953	
8299	 0.032400327109316264	 3.2562949523667712	
8300	 0.03157692951745036	 3.1195449001350375	
8301	 0.030881067574384958	 3.0058127399500116	
8302	 0.030271523367175514	 2.9075813365282257	
8303	 0.029701272819583353	 2.8168681089993353	
8304	 0.029212566099564612	 2.740044344737555	
8305	 0.02874460770498468	 2.667280692317318	
8306	 0.02838321197739383	 2.611623969104911	
8307	 0.02805708356051671	 2.561802355579233	
8308	 0.027704701456942253	 2.508402369506666	
8309	 0.02734106599612987	 2.4537697978735156	
8310	 0.02695480572708099	 2.3962663443016106	
8311	 0.026542817020701374	 2.335535286785907	
8312	 0.026114331872292208	 2.2730358026453317	
8313	 0.025697760541419545	 2.2129259140840722	
8314	 0.025566486033228433	 2.1941171535331887	
8315	 0.02621106982865864	 2.2870868510990854	
8316	 0.026772191967026626	 2.3692703998927085	
8317	 0.027012755374619207	 2.4048586450943192	
8318	 0.02763377221366308	 2.497708203661119	
8319	 0.02933146961442277	 2.758657495498799	
8320	 0.030249644578207353	 2.904079749097019	
8321	 0.03072835881853503	 2.981080386323137	
8322	 0.03061362779249943	 2.9625526280354126	
8323	 0.030118200799613352	 2.8830783977908347	
8324	 0.030002337170759712	 2.8646169480351866	
8325	 0.030359005370912177	 2.921599240779176	
8326	 0.030867011555969777	 3.0035328452875594	
8327	 0.031104141279786557	 3.042087987320125	
8328	 0.031115610609268502	 3.04395778109234	
8329	 0.03089237954133846	 3.007648050307454	
8330	 0.030383405025571967	 2.925513790875677	
8331	 0.029794089771881752	 2.8315546494500747	
8332	 0.029032996496612434	 2.7120301551781694	
8333	 0.028318133670652914	 2.601651516879391	
8334	 0.027649424077530106	 2.500066499696417	
8335	 0.027023298443991848	 2.406423207814255	
8336	 0.0264354321488697	 2.3198083212426606	
8337	 0.025879119409343627	 2.239016198029939	
8338	 0.025336677318563566	 2.1613454127393164	
8339	 0.024816879398772692	 2.08794968213775	
8340	 0.02433719715254689	 2.0211211424494135	
8341	 0.023890271136604614	 1.959641113789109	
8342	 0.023457886787601055	 1.9008866528320894	
8343	 0.023042799652925012	 1.8451576766681077	
8344	 0.022634426370301344	 1.7909792968531775	
8345	 0.022248680621060807	 1.740397754641638	
8346	 0.021893065624856413	 1.6942820488420889	
8347	 0.02156885281375208	 1.6526713155930992	
8348	 0.021253668980744832	 1.612617116585424	
8349	 0.020947558960831336	 1.574093215853255	
8350	 0.020650858336268355	 1.5371099143918199	
8351	 0.020362415367798162	 1.5014938756131835	
8352	 0.02008288336773215	 1.4672975356645381	
8353	 0.019812564894966692	 1.4345287221685163	
8354	 0.019550822734481835	 1.4030822850641387	
8355	 0.01929826446654022	 1.3730041004542528	
8356	 0.019052577877222778	 1.343995002359522	
8357	 0.018813586891561547	 1.316014730893846	
8358	 0.0185838522744696	 1.2893405818189485	
8359	 0.018362684746713723	 1.2638679720094217	
8360	 0.01815038770369351	 1.2396086225207728	
8361	 0.017946910801542072	 1.2165340018452573	
8362	 0.01772807121855332	 1.1919111730328296	
8363	 0.017478017296816705	 1.164023333318716	
8364	 0.017262492642641448	 1.1401988242107668	
8365	 0.017047128754651895	 1.1165893473808859	
8366	 0.01684052591596497	 1.094126393841034	
8367	 0.01664298623025782	 1.0728199338176985	
8368	 0.01644618964286431	 1.0517606082582533	
8369	 0.016254519116954927	 1.0314106718611173	
8370	 0.016069856935511197	 1.0119555315368236	
8371	 0.015904585721780422	 0.9946692225076704	
8372	 0.015746969763820957	 0.9782947749705864	
8373	 0.015595894799495816	 0.9627020716929396	
8374	 0.015452754175365851	 0.9480208836920384	
8375	 0.015316546739841149	 0.9341347156151993	
8376	 0.015186975488531974	 0.9210012748434738	
8377	 0.015063521866069974	 0.9085572153135005	
8378	 0.01494458773035033	 0.8966328431059117	
8379	 0.014829947038888198	 0.8851986537924503	
8380	 0.014715783133449347	 0.8738704281131823	
8381	 0.01460604077376567	 0.8630360275788712	
8382	 0.014501160002956755	 0.8527321793470679	
8383	 0.01439860257897822	 0.84270451207946	
8384	 0.014298350268378572	 0.8329481431472802	
8385	 0.014199119711428594	 0.8233360139189384	
8386	 0.014102166055130016	 0.8139875925842092	
8387	 0.01400912640196232	 0.805056760045991	
8388	 0.013916044065461592	 0.796161312224136	
8389	 0.013821682218725356	 0.7871839865277478	
8390	 0.0137276984478946	 0.7782831518249959	
8391	 0.013633908547105129	 0.7694410851571906	
8392	 0.013540066727428591	 0.7606346154979974	
8393	 0.013447876441578733	 0.7520226622724485	
8394	 0.013361458733331022	 0.7439856104034708	
8395	 0.013289147580754453	 0.737287071892469	
8396	 0.013218665894932837	 0.7307813483528559	
8397	 0.01314488736901865	 0.7239960443907049	
8398	 0.013069538051875254	 0.7170924344216961	
8399	 0.012994893659573875	 0.7102795232662503	
8400	 0.012923297185222355	 0.7037692662625622	
8401	 0.012854470873272293	 0.697533524971139	
8402	 0.012787773979443947	 0.6915119094065059	
8403	 0.012723752427833973	 0.6857514928846551	
8404	 0.012664546043732433	 0.6804414950384864	
8405	 0.01260633891441587	 0.675237224157442	
8406	 0.012549755995694079	 0.6701935048242934	
8407	 0.012494955194105425	 0.6653230705928513	
8408	 0.012441436068883377	 0.6605802703689995	
8409	 0.012389320333288845	 0.6559748890185166	
8410	 0.012338248031151999	 0.6514742262723782	
8411	 0.012286851264791275	 0.6469574919047255	
8412	 0.012221898097265498	 0.6412674191500688	
8413	 0.012133784058027534	 0.6335805658047741	
8414	 0.012038582684661011	 0.62531715688986	
8415	 0.011946320139113285	 0.6173502941639705	
8416	 0.011862533650414587	 0.610150784033184	
8417	 0.0117838966977399	 0.603424522947078	
8418	 0.011713912036479042	 0.597463449644455	
8419	 0.011667018033604237	 0.5934824213874824	
8420	 0.011632149446934257	 0.5905291859275819	
8421	 0.01159969197672121	 0.587785461081609	
8422	 0.011567942468418592	 0.585106529643744	
8423	 0.011537255283078444	 0.5825218881131319	
8424	 0.011508535803196376	 0.5801071254267469	
8425	 0.011482142093400304	 0.5778914553225772	
8426	 0.011458036670319896	 0.5758708440587262	
8427	 0.011434090026137036	 0.5738663463323564	
8428	 0.011411682715341723	 0.5719932341522979	
8429	 0.011390027462628046	 0.5701853177159586	
8430	 0.011368620146248771	 0.5684003514557919	
8431	 0.011347012404803838	 0.5666009444222053	
8432	 0.011325274254721698	 0.56479298110512	
8433	 0.011304816291257565	 0.5630936027705505	
8434	 0.011279051834008397	 0.5609563460382044	
8435	 0.011260463191630083	 0.5594163691490773	
8436	 0.011241940000968183	 0.5578834995257332	
8437	 0.011220149109966602	 0.5560823688028809	
8438	 0.011205059769467049	 0.5548365216999803	
8439	 0.011188252470495864	 0.5534501480224295	
8440	 0.011169054033136243	 0.551868235901952	
8441	 0.011149220199705549	 0.5502358711094911	
8442	 0.011129298301387045	 0.5485982060809912	
8443	 0.011110846182821434	 0.547083105520456	
8444	 0.01108878880608699	 0.545274177727917	
8445	 0.01106553548707992	 0.5433697663471521	
8446	 0.01103982181441433	 0.5412669600003612	
8447	 0.011012397744790696	 0.5390278767200655	
8448	 0.010984680999673308	 0.5367686713792864	
8449	 0.010957641906920725	 0.5345683607863597	
8450	 0.01093434073992127	 0.5326751256833819	
8451	 0.010915356414063722	 0.5311346236377851	
8452	 0.01090143175662389	 0.5300058282650267	
8453	 0.010889792846236021	 0.5290630629959164	
8454	 0.010877992894986688	 0.5281079387388523	
8455	 0.010864886885200679	 0.5270479074390974	
8456	 0.010849448774836722	 0.5258003458499417	
8457	 0.01083743731737889	 0.5248305120138449	
8458	 0.010822497491362836	 0.5236252343004242	
8459	 0.010809092102889878	 0.5225446918052781	
8460	 0.010786479111328186	 0.5207239935999817	
8461	 0.010740950729822531	 0.5170659650388286	
8462	 0.010682682874762421	 0.512399430359632	
8463	 0.01062108209922263	 0.5074843896714906	
8464	 0.01055282541970425	 0.50206043778272	
8465	 0.010484859637943728	 0.49668279093195417	
8466	 0.010440350748464569	 0.4931736829023496	
8467	 0.010414987232514874	 0.49117846154655503	
8468	 0.010397684596662975	 0.48981920642481486	
8469	 0.010384419941746516	 0.4887781862882586	
8470	 0.010371607139829634	 0.4877734692768508	
8471	 0.010358356384638787	 0.48673528014158607	
8472	 0.010347017726670966	 0.48584760538741095	
8473	 0.010337916361945776	 0.48513555164478167	
8474	 0.010329240808239621	 0.4844572005579824	
8475	 0.010321974692457055	 0.4838893471696417	
8476	 0.010337244286309817	 0.4850829877451532	
8477	 0.010455755235728554	 0.4943870558576489	
8478	 0.010706891097483264	 0.5143361546786421	
8479	 0.011130960056117831	 0.5487347347599177	
8480	 0.011679643472211029	 0.5945532003367275	
8481	 0.012323311922957256	 0.6501603494897857	
8482	 0.012951691053570559	 0.7063482473037158	
8483	 0.013494992130872074	 0.756419072594829	
8484	 0.014000055206140545	 0.8041881297269985	
8485	 0.014357554704595698	 0.8387043151646179	
8486	 0.014541563042266753	 0.8566956507072222	
8487	 0.014519951973118297	 0.8545747260464843	
8488	 0.014359722197724903	 0.8389153512539421	
8489	 0.014219252389517125	 0.8252825890449901	
8490	 0.014099719606153143	 0.8137522547469814	
8491	 0.013991274936917866	 0.8033477149386726	
8492	 0.01389590000902668	 0.7942414444603974	
8493	 0.01381005453348355	 0.7860805799976621	
8494	 0.013733726302172802	 0.7788528108097684	
8495	 0.013659906527604904	 0.7718880022764711	
8496	 0.013587454605037949	 0.7650766041903073	
8497	 0.013518152615864688	 0.7585839562689219	
8498	 0.013450794693347106	 0.7522946693083127	
8499	 0.013382645460474617	 0.7459528294970944	
8500	 0.013316298733126671	 0.7397993754496048	
8501	 0.013250757911233367	 0.7337407015611673	
8502	 0.013184825836424883	 0.7276659841979384	
8503	 0.013119767484495096	 0.7216915857406442	
8504	 0.013056136048215747	 0.7158672967472447	
8505	 0.012997802847365516	 0.7105445620789393	
8506	 0.013480749895727185	 0.7550890350179286	
8507	 0.013380304228460458	 0.7457353405105464	
8508	 0.013289310501673954	 0.7373021368139066	
8509	 0.013259410601200965	 0.7345394247574272	
8510	 0.013145296746051742	 0.7240336243284572	
8511	 0.013020778490151305	 0.7126391257355831	
8512	 0.012903909939623056	 0.7020105144267897	
8513	 0.012782552343431659	 0.6910413646498501	
8514	 0.012681473392125806	 0.6819579595983002	
8515	 0.01260560379117921	 0.6751715993781948	
8516	 0.012540957115618426	 0.6694105448455278	
8517	 0.012482086381644398	 0.6641814127548591	
8518	 0.012427234506711727	 0.6593240244682029	
8519	 0.012374096997440884	 0.6546320610725461	
8520	 0.012321747479697246	 0.6500227923216401	
8521	 0.012270980416436934	 0.6455653068153823	
8522	 0.012221360087299687	 0.6412203720115308	
8523	 0.012172807007574093	 0.6369802578921288	
8524	 0.012124270311914138	 0.6327528288169194	
8525	 0.01207601200569321	 0.6285608173392958	
8526	 0.012028730067077288	 0.6244644360922268	
8527	 0.011982319939187261	 0.62045401197084	
8528	 0.011937164850012774	 0.6165619654309077	
8529	 0.0118991499331205	 0.6132929504584307	
8530	 0.01186234425729189	 0.6101345483578047	
8531	 0.01182910624095667	 0.6072879054158095	
8532	 0.011792496790842984	 0.6041586843727719	
8533	 0.011759726169545282	 0.6013630776429706	
8534	 0.011723714297093788	 0.5982969494254428	
8535	 0.011677535110007969	 0.5943743338514674	
8536	 0.011628000853656482	 0.5901782083541139	
8537	 0.01157942302632928	 0.5860746608063649	
8538	 0.011534911763647253	 0.582324692319214	
8539	 0.01151336673526687	 0.5805130343212382	
8540	 0.011488977419058403	 0.5784649342715598	
8541	 0.011462004718309588	 0.5762032667625593	
8542	 0.011433366257368318	 0.5738058054739553	
8543	 0.011404434894850197	 0.5713878857200867	
8544	 0.01137470095409089	 0.5689071484506004	
8545	 0.011345611986481369	 0.566484401895071	
8546	 0.011318493533524173	 0.5642295010972626	
8547	 0.011292713159061796	 0.5620891984393609	
8548	 0.011266629142755316	 0.5599269999410516	
8549	 0.011243143057920684	 0.5579830063077862	
8550	 0.011218644046240915	 0.5559580534646379	
8551	 0.01119397301766743	 0.5539218596464942	
8552	 0.011170227310432282	 0.5519648595942072	
8553	 0.01115288358280134	 0.5505372293388413	
8554	 0.01112530362794543	 0.5482700619313429	
8555	 0.011111298877925621	 0.5471202561873062	
8556	 0.011097264648313775	 0.5459689989298537	
8557	 0.011094510665399002	 0.5457431978040077	
8558	 0.011072532579654955	 0.5439425372240524	
8559	 0.011043382179360956	 0.541557924097055	
8560	 0.011013997249431182	 0.5391583689392342	
8561	 0.010986902113580655	 0.536949575542638	
8562	 0.010958856512206747	 0.5346671219298379	
8563	 0.010934378948796687	 0.532678227980037	
8564	 0.010914901776502658	 0.531097753503002	
8565	 0.010897700819211027	 0.5297035448855799	
8566	 0.010880336888207333	 0.5282976137936498	
8567	 0.010862124402871187	 0.5268245829586635	
8568	 0.010844803873861546	 0.5254252204957236	
8569	 0.010828071556059778	 0.5240747950413266	
8570	 0.010812162611305074	 0.5227921115669537	
8571	 0.010797177089329514	 0.5215850307110924	
8572	 0.010782794468906245	 0.5204275633474912	
8573	 0.01076972124079219	 0.519376364254799	
8574	 0.010758682104141423	 0.5184893856379551	
8575	 0.010748700147006554	 0.5176878720360067	
8576	 0.010737053478993288	 0.5167533154919904	
8577	 0.010727787617641038	 0.5160102831059551	
8578	 0.010707838933016649	 0.5144120435718391	
8579	 0.01069822963611372	 0.5136428782169791	
8580	 0.010694165671081167	 0.5133177212459433	
8581	 0.010691696436608096	 0.5131201985505568	
8582	 0.01069690623934908	 0.5135369844823913	
8583	 0.010689733673038063	 0.5129632119257526	
8584	 0.010682098005170294	 0.5123526753481017	
8585	 0.010674279454032981	 0.5117278171077978	
8586	 0.010666468172723377	 0.5111038444970766	
8587	 0.010772529569422587	 0.5196021061376607	
8588	 0.010760538110293962	 0.5186384706306993	
8589	 0.010748735958905744	 0.5176907467101876	
8590	 0.010737038326062607	 0.5167521000245284	
8591	 0.01072045020190931	 0.5154221968457983	
8592	 0.010699610928722457	 0.5137534138959364	
8593	 0.010677430487979022	 0.5119796109003946	
8594	 0.010657154696793864	 0.5103602731962275	
8595	 0.010638476046331351	 0.5088703084763808	
8596	 0.010620488071924937	 0.507437085332559	
8597	 0.010603120086958788	 0.506054795648739	
8598	 0.010586883836181839	 0.5047639432194533	
8599	 0.010572058057868016	 0.5035863816551202	
8600	 0.010559053805330119	 0.5025544036244417	
8601	 0.010548463867086617	 0.5017146439258614	
8602	 0.010529428923104255	 0.5002066258475758	
8603	 0.010521145473392186	 0.4995509477119142	
8604	 0.010513034452639488	 0.4989092516159759	
8605	 0.010513068120456508	 0.49891191453304323	
8606	 0.010511281168762836	 0.4987705855117068	
8607	 0.01048655848745599	 0.49681692639301783	
8608	 0.010462031809150368	 0.4948817877801666	
8609	 0.010436792901360119	 0.4928936097387355	
8610	 0.010417356946877489	 0.4913647381279977	
8611	 0.010419215161581154	 0.4915108269223169	
8612	 0.010420212767080975	 0.491589263660861	
8613	 0.010420648504828222	 0.4916235251148338	
8614	 0.010420549502532742	 0.4916157406179704	
8615	 0.010419983243384154	 0.49157121691536804	
8616	 0.010418958126686499	 0.4914906183632927	
8617	 0.010417491871331706	 0.4913753450099665	
8618	 0.010415453979718688	 0.4912151489972238	
8619	 0.01040513553314163	 0.4904043500779016	
8620	 0.010393440032720224	 0.48948599345439364	
8621	 0.01038476653686894	 0.48880537606245955	
8622	 0.010379114943882974	 0.4883620940920254	
8623	 0.010378386745029933	 0.4883049896083634	
8624	 0.010377405467131973	 0.48822804319338586	
8625	 0.010373926340614173	 0.4879552683163964	
8626	 0.010358711784506593	 0.48676311397065325	
8627	 0.010349822182522084	 0.48606709878682297	
8628	 0.010332375861622143	 0.4847022900191342	
8629	 0.010305957267251907	 0.4826385122825674	
8630	 0.010271969131197982	 0.47998859770439184	
8631	 0.010238894781639614	 0.47741553282980154	
8632	 0.010198863775418138	 0.4743086697204589	
8633	 0.010161368441138626	 0.47140596746480495	
8634	 0.010132353491611937	 0.46916466868894374	
8635	 0.010119162881415043	 0.4681471554347145	
8636	 0.010109433438231733	 0.467397200250607	
8637	 0.010098004733203367	 0.4665168786568161	
8638	 0.01008928074242768	 0.46584534058153676	
8639	 0.01008561294981004	 0.465563124057391	
8640	 0.010087623516218242	 0.4657178176428016	
8641	 0.010094582841046855	 0.4662534289021963	
8642	 0.010104713987101761	 0.4670335934962066	
8643	 0.010118725481599663	 0.46811342989644755	
8644	 0.010131465784924238	 0.4690961639643705	
8645	 0.01014069804780867	 0.46980881741845143	
8646	 0.01014538675916145	 0.4701709123826365	
8647	 0.010148114655985394	 0.4703816309287441	
8648	 0.010151252956956026	 0.4706240981825293	
8649	 0.010159218404022044	 0.4712397384038202	
8650	 0.010161741061984869	 0.47143477884630464	
8651	 0.010158258059523794	 0.47116549741858016	
8652	 0.010145519130144932	 0.4701811366120048	
8653	 0.010126964551231573	 0.46874886332279614	
8654	 0.010102250165502504	 0.46684381508675354	
8655	 0.010062590072649442	 0.4637932027752743	
8656	 0.010025207185761912	 0.4609250794433322	
8657	 0.009994770684401983	 0.4585951617215531	
8658	 0.010090324557486265	 0.4659256689291335	
8659	 0.010077276211283983	 0.4649219122414496	
8660	 0.010065970919064754	 0.4640529419307575	
8661	 0.010052076941176335	 0.462985885671838	
8662	 0.010037121273871456	 0.4618383900962579	
8663	 0.010026163204719506	 0.4609983392960184	
8664	 0.010021803185081085	 0.46066426825873924	
8665	 0.010022362113853345	 0.46070708877977923	
8666	 0.010025961881562767	 0.46098291149014975	
8667	 0.010032121066604912	 0.46145499594100703	
8668	 0.010042605722781352	 0.4622590602437275	
8669	 0.010052308691601303	 0.46300367602517545	
8670	 0.010060603400776504	 0.4636406005352405	
8671	 0.010067231571912003	 0.46414980857331417	
8672	 0.01007366234950641	 0.4646440655559852	
8673	 0.010082882296769312	 0.465353059709574	
8674	 0.010078634784152258	 0.4650263813901038	
8675	 0.010076575729038294	 0.4648680514573132	
8676	 0.010066083758118663	 0.4640616119820646	
8677	 0.01007489075421445	 0.46473850227256563	
8678	 0.010074640730066309	 0.46471928041203836	
8679	 0.01006829277735108	 0.4642313562501909	
8680	 0.010067123639811474	 0.46414151491872957	
8681	 0.010053995541011468	 0.4631331754910412	
8682	 0.010054803400659292	 0.4631952000237402	
8683	 0.010075218255366464	 0.46476368104749954	
8684	 0.010234578349931743	 0.47708013824020806	
8685	 0.010232509614949717	 0.47691942719480585	
8686	 0.010231114219693334	 0.476811037223329	
8687	 0.010230441142641142	 0.47675875821071295	
8688	 0.010231533998244247	 0.4768436432815715	
8689	 0.010234864326936904	 0.4771023562569554	
8690	 0.010240543213349855	 0.47754364384723275	
8691	 0.010247753689952241	 0.47810418139140404	
8692	 0.010249809979570788	 0.4782640841450441	
8693	 0.010253794595644218	 0.47857399975927023	
8694	 0.010258728050800822	 0.47895782547070564	
8695	 0.010263733852228531	 0.47934740556000904	
8696	 0.010269088819396309	 0.47976429997734504	
8697	 0.010274546638569058	 0.48018935077808494	
8698	 0.010274725984291527	 0.4802033206413711	
8699	 0.01027882791258791	 0.48052287850697756	
8700	 0.010283502664154686	 0.4808871654372952	
8701	 0.01029407932724711	 0.48171177504537677	
8702	 0.010377786998415796	 0.4882579602016281	
8703	 0.010449291659785271	 0.49387779091322015	
8704	 0.010465007697146657	 0.49511642231870145	
8705	 0.010483941056438191	 0.49661026885128806	
8706	 0.01107604018055738	 0.544229754681785	
8707	 0.011174513285962123	 0.5523178829144535	
8708	 0.011206936291054613	 0.5549913953095177	
8709	 0.011171971667915892	 0.5521085263439994	
8710	 0.01114278586788809	 0.5497067281144125	
8711	 0.011117230757918378	 0.5476071523401713	
8712	 0.01109480182257144	 0.5457670682328374	
8713	 0.011074974744556038	 0.5441425057835974	
8714	 0.011057261191005458	 0.5426927571470505	
8715	 0.011042044447215984	 0.5414485931301799	
8716	 0.011025876837919887	 0.540127935499977	
8717	 0.011011530061928277	 0.5389570939262843	
8718	 0.010998647052847208	 0.5379065767375528	
8719	 0.01098626968580542	 0.536898063401749	
8720	 0.010974592738807172	 0.5359473147261703	
8721	 0.010966642701576667	 0.535300400488697	
8722	 0.010949505341867755	 0.5339069542524632	
8723	 0.010941144669402297	 0.5332276716738205	
8724	 0.010931146030729462	 0.5324157629378341	
8725	 0.01091854505152175	 0.5313932440925981	
8726	 0.010892311885876953	 0.5292670512026361	
8727	 0.010849022538503967	 0.5257659182519876	
8728	 0.010801997874864628	 0.5219732222655404	
8729	 0.01075448748909876	 0.5181525134113251	
8730	 0.010715827731401574	 0.5150518483671936	
8731	 0.010697191024377089	 0.5135597712799771	
8732	 0.010682656704611647	 0.5123973382573084	
8733	 0.010668126146703103	 0.511236259583075	
8734	 0.010655034954114621	 0.5101910972208048	
8735	 0.01064400101128755	 0.5093108442081751	
8736	 0.010635056702302415	 0.5085977418329447	
8737	 0.010628525652915636	 0.5080772937427529	
8738	 0.010624964534195598	 0.5077936041166041	
8739	 0.010624002338855089	 0.5077169635642178	
8740	 0.010620944314596311	 0.5074734172733907	
8741	 0.010619522794270945	 0.5073602208739371	
8742	 0.010619080963276285	 0.507325039700781	
8743	 0.010618518199822654	 0.5072802305895628	
8744	 0.010617662210050626	 0.5072120768521381	
8745	 0.010617370508266903	 0.5071888524502438	
8746	 0.010611516605606447	 0.5067228725925926	
8747	 0.010606600880918308	 0.5063317055278685	
8748	 0.010596490530550989	 0.5055275578293068	
8749	 0.010576394383527907	 0.5039306875425289	
8750	 0.010556973347533619	 0.502389383384163	
8751	 0.010520411717230269	 0.49949288368175543	
8752	 0.010474665492096632	 0.4958781997004056	
8753	 0.01042828106060576	 0.4922238172543145	
8754	 0.010390074224967514	 0.4892218303706928	
8755	 0.010370136571812776	 0.4876582074613456	
8756	 0.010357165802291053	 0.48664204201763867	
8757	 0.010348708372601007	 0.48597992064880174	
8758	 0.01034419737839806	 0.48562690814767734	
8759	 0.010343350937011173	 0.48556068043781203	
8760	 0.010345492139157437	 0.4857282204865268	
