Time	  Pressure(m)	  Flow(cms)	
0	 0.016256181991649667	 4.988552009180811	
1	 0.016077254093577322	 4.897375181748517	
2	 0.015903045080100955	 4.809250513568584	
3	 0.01576030993657469	 4.737524909929278	
4	 0.015636666784945547	 4.67574214023898	
5	 0.01552610979433355	 4.620773401440021	
6	 0.01542552811227857	 4.5709905061507845	
7	 0.015333732705401023	 4.525744830959519	
8	 0.015252011073574531	 4.485616113299756	
9	 0.015181595006578714	 4.451153652049858	
10	 0.01512122059028226	 4.42169040963904	
11	 0.015070926441144966	 4.397206218852005	
12	 0.015026349163440719	 4.375550598276968	
13	 0.014984578582371429	 4.355297299526127	
14	 0.014937455638924168	 4.33249394271656	
15	 0.014888091312877737	 4.3086573350521595	
16	 0.014824681010232592	 4.278115564839855	
17	 0.01476292519301167	 4.248454275493704	
18	 0.014703751905754632	 4.220110866958163	
19	 0.014644754997817845	 4.19192754410054	
20	 0.014583047770283221	 4.1625303592161025	
21	 0.014524459116519227	 4.134695493600275	
22	 0.014470595210365152	 4.10917125810149	
23	 0.014421281825504043	 4.085858824745586	
24	 0.014375046743572399	 4.064049845488483	
25	 0.014329739972288143	 4.0427240637895725	
26	 0.014285118873083506	 4.021764915362962	
27	 0.014241205573595548	 4.001180798178934	
28	 0.014196777352772435	 3.9803983322218492	
29	 0.014156866884212813	 3.9617660928779763	
30	 0.01412346929586957	 3.9462012837515195	
31	 0.014094975243959213	 3.9329411294482886	
32	 0.014066517601714847	 3.9197157436374033	
33	 0.014036805872682271	 3.905926555459472	
34	 0.014007634314996069	 3.8924069778925987	
35	 0.013980548391791367	 3.8798707821761287	
36	 0.01394246013108182	 3.862269745293941	
37	 0.013898301020541815	 3.84190338845129	
38	 0.013852832250183897	 3.820978042305349	
39	 0.01380728316616071	 3.8000615944582554	
40	 0.013754919624680697	 3.776072681338179	
41	 0.013706367886223174	 3.75388436576869	
42	 0.01367252015406458	 3.738446790402783	
43	 0.013641016134979984	 3.7241010302927187	
44	 0.013608845042294758	 3.70947428648305	
45	 0.013577398803953032	 3.6951993619359356	
46	 0.013548428513359046	 3.6820678772718636	
47	 0.013524795480473617	 3.6713694870703986	
48	 0.013509025270898227	 3.6642374310065002	
49	 0.013499521311173884	 3.659941957312571	
50	 0.013495063728121384	 3.6579279723840847	
51	 0.013495106211726343	 3.657947164849956	
52	 0.013504058408870053	 3.6619923231618468	
53	 0.013516489442423042	 3.66761240109481	
54	 0.013531357081060713	 3.674338596140994	
55	 0.013539034754681337	 3.677813944488848	
56	 0.01354027485144988	 3.678375405543009	
57	 0.01353865837214247	 3.677643541877988	
58	 0.013536717762233157	 3.6767650044947984	
59	 0.01353319450054332	 3.675170196260998	
60	 0.013522353149177343	 3.670264583012302	
61	 0.013506367077880735	 3.6630358131651044	
62	 0.01348028015091272	 3.6512517643980655	
63	 0.013451303611748247	 3.6381802242769306	
64	 0.013426621759220015	 3.627060844305347	
65	 0.013402424070745971	 3.6161728047773978	
66	 0.013391565536009764	 3.6112911340651475	
67	 0.01338475494320713	 3.608230642538481	
68	 0.013376617454081915	 3.6045752416770114	
69	 0.013364730467246686	 3.5992382116770982	
70	 0.013348977272014392	 3.5921702025919537	
71	 0.013327179242607212	 3.5823992164547294	
72	 0.013303024818713085	 3.5715844120537095	
73	 0.013279486717270611	 3.5610581439467848	
74	 0.013257594359689685	 3.5512790123100513	
75	 0.013235638437941446	 3.5414822936522747	
76	 0.013210515100885918	 3.530285560631092	
77	 0.013187144662292281	 3.5198827792727045	
78	 0.01316150642900315	 3.5084846737506927	
79	 0.0131344887386574	 3.4964893047328074	
80	 0.01310830967504426	 3.484881951763722	
81	 0.013085580963869305	 3.4748169511222433	
82	 0.013069557235683012	 3.4677281317261626	
83	 0.013049430811326987	 3.4588325057155944	
84	 0.013034922321262701	 3.4524256059704816	
85	 0.013022170863085837	 3.446798529374525	
86	 0.013009236710126177	 3.441094583106121	
87	 0.012997237154061743	 3.4358061726006026	
88	 0.012987046688220585	 3.4313176142843593	
89	 0.012973732972187672	 3.42545690594981	
90	 0.012970235434749717	 3.4239179519266463	
91	 0.012976284767579347	 3.4265798978500257	
92	 0.012987867133125216	 3.431678905859816	
93	 0.012998617559671636	 3.4364143754522734	
94	 0.01300582918379495	 3.4395924969521805	
95	 0.013010931650763035	 3.4418418347792876	
96	 0.013011980573371242	 3.4423043077760314	
97	 0.013015440055052433	 3.443829779368689	
98	 0.013023481606648079	 3.4473767766076744	
99	 0.013031012468900585	 3.450699841341054	
100	 0.013034663794860376	 3.452311484683004	
101	 0.013037145786700993	 3.453407172422851	
102	 0.013040672930113873	 3.4549644868076697	
103	 0.013056949066867291	 3.4621544105470976	
104	 0.01307512375302364	 3.4701900755142496	
105	 0.013092826432147384	 3.4780242119154874	
106	 0.013105485258072248	 3.483630575979339	
107	 0.013128260524758783	 3.49372642076813	
108	 0.013141046911545643	 3.4993995052605213	
109	 0.013136671224394339	 3.4974576790195395	
110	 0.01312232043214374	 3.491092163638113	
111	 0.013104364545079732	 3.483134086827132	
112	 0.01308379896426156	 3.4740283170046813	
113	 0.013081010475096728	 3.4727943988682024	
114	 0.013102840056617054	 3.482458765792349	
115	 0.013089351442761254	 3.4764858341393934	
116	 0.013072636459056963	 3.46908991569032	
117	 0.013056172977125751	 3.461811440011982	
118	 0.013040677971502873	 3.4549667128970616	
119	 0.013026254684940576	 3.448600274862738	
120	 0.013016223411619933	 3.4441752409622644	
121	 0.013013707807814105	 3.443065904573358	
122	 0.013018044035320071	 3.4449781926876137	
123	 0.013027332026456378	 3.449075651037255	
124	 0.013035270022562207	 3.4525790941045797	
125	 0.013042741264368416	 3.455877834253966	
126	 0.01305554525944805	 3.4615340481841117	
127	 0.013075967815655844	 3.4705634462056176	
128	 0.013099188753059455	 3.4808415168007687	
129	 0.013126476188576949	 3.4929350364089147	
130	 0.013148353064992749	 3.502642763821338	
131	 0.013173134985435691	 3.5136526012255658	
132	 0.013197238898342917	 3.524374475986973	
133	 0.013254992329321381	 3.5501174225783374	
134	 0.013299517112248376	 3.570014973430154	
135	 0.013312542693136245	 3.5758443452785778	
136	 0.01331869855837774	 3.578600619214433	
137	 0.013321060832128915	 3.5796585471662947	
138	 0.013331563692858962	 3.584363694863881	
139	 0.013342943793425346	 3.5894646249661606	
140	 0.013349389642633845	 3.5923551506813163	
141	 0.013350646025994426	 3.5929186616917685	
142	 0.013349742276514564	 3.59251330988384	
143	 0.013340695945950077	 3.5884568368779393	
144	 0.013315156955879488	 3.577014771390987	
145	 0.013282767558099503	 3.5625245945877957	
146	 0.01325231453101712	 3.548922167488778	
147	 0.013225104316151634	 3.536785818573122	
148	 0.013199938865713329	 3.5255762860865683	
149	 0.013178810631635592	 3.5161760593796947	
150	 0.013162509289557573	 3.5089302420790136	
151	 0.013148069691460859	 3.5025169496964965	
152	 0.013135187297276328	 3.496799245237497	
153	 0.013122395141045866	 3.491125289913185	
154	 0.013107263342914588	 3.484418346739602	
155	 0.013079447663648384	 3.4721029249291324	
156	 0.013050268336515547	 3.459202499033363	
157	 0.013020701180232765	 3.446150210675625	
158	 0.012989757319915961	 3.4325113274752566	
159	 0.012959102387980825	 3.419021133692212	
160	 0.012931311923910213	 3.406809865117153	
161	 0.01290641850427771	 3.3958864160111104	
162	 0.012895894792594561	 3.391272740598303	
163	 0.0128930882625366	 3.3900427602347665	
164	 0.012889757954736913	 3.38858346236369	
165	 0.012883295479489933	 3.385752406253978	
166	 0.01287290950235076	 3.3812045407699816	
167	 0.012859301101242749	 3.375249325051455	
168	 0.01284479139889258	 3.3689043144638298	
169	 0.012829221655419071	 3.362101066627139	
170	 0.0128168625753854	 3.3567046452638887	
171	 0.012808226502051772	 3.3529358815367623	
172	 0.012801422200349058	 3.3499676919024606	
173	 0.012800903962845308	 3.349741668126885	
174	 0.012796789263890529	 3.3479473024431914	
175	 0.012791758543120925	 3.3457539943520103	
176	 0.012796043378741396	 3.347622072991301	
177	 0.012804213369735409	 3.3511851356459554	
178	 0.012811036955648279	 3.3541621715211223	
179	 0.012810152762019179	 3.353776350476984	
180	 0.01279642437354024	 3.347788197161989	
181	 0.012788234935667908	 3.344218104249615	
182	 0.012790785958364385	 3.345330030379152	
183	 0.012800837783340104	 3.3497128050787786	
184	 0.01280826487136299	 3.352952622075714	
185	 0.012808952939314657	 3.3532528319503343	
186	 0.012808454837296415	 3.353035504746908	
187	 0.012816177582604532	 3.3564056540620437	
188	 0.012822704291644386	 3.3592549177373185	
189	 0.012829754610727882	 3.3623338521736494	
190	 0.012836856739713704	 3.3654365530837125	
191	 0.012848067911179161	 3.37033669725794	
192	 0.012857569515309355	 3.374491861398161	
193	 0.012866812830788617	 3.3785360377037392	
194	 0.012871216623283964	 3.3804634858866427	
195	 0.01287296619704447	 3.381229359898504	
196	 0.012871693365383909	 3.3806721723439033	
197	 0.012864495493307827	 3.3775219639693073	
198	 0.01285344399352216	 3.3726874702630396	
199	 0.012838110015163861	 3.365984189258518	
200	 0.012823677666640103	 3.359679931759791	
201	 0.012814553997729782	 3.3556970211252417	
202	 0.012811248682254047	 3.354254561815327	
203	 0.01280524516926639	 3.3516352276103416	
204	 0.012794203754300593	 3.346819992733934	
205	 0.01278447407309583	 3.342579109267604	
206	 0.012779110113334657	 3.3402420359189673	
207	 0.012777046375584036	 3.339343041069815	
208	 0.012781747691315801	 3.3413911450098794	
209	 0.01279176478547127	 3.3457567155535726	
210	 0.012809220635201825	 3.353369632838141	
211	 0.01282027600937395	 3.3581947274111745	
212	 0.012828431500829665	 3.361755952803005	
213	 0.012837671632493122	 3.3657926277876182	
214	 0.012850046343199837	 3.3712017202251823	
215	 0.012866120788972164	 3.3782331854060046	
216	 0.012883849517714211	 3.385995080077042	
217	 0.01290417524596413	 3.39490274406628	
218	 0.012926841133377586	 3.404847009632708	
219	 0.012950803778968184	 3.4153728533958683	
220	 0.01297116815003314	 3.4243283296166114	
221	 0.012995112014358786	 3.4348699261682905	
222	 0.01302316193414468	 3.447235746405354	
223	 0.013048700602706863	 3.4585099345325125	
224	 0.013066560177414158	 3.4664028906030975	
225	 0.013078087089317065	 3.471500976688121	
226	 0.013087911032963345	 3.475848244544441	
227	 0.01309996175490738	 3.4811838725886592	
228	 0.013109659777013415	 3.485480186475159	
229	 0.013116181943529695	 3.4883707588059707	
230	 0.01312143249473675	 3.49069845768496	
231	 0.013124220752646293	 3.491934813672151	
232	 0.013127985742467449	 3.493604545336184	
233	 0.013133066969825627	 3.495858520106876	
234	 0.013145674768311168	 3.5014537074863044	
235	 0.013159949227353238	 3.5077928579769857	
236	 0.013173075907510863	 3.513626338305595	
237	 0.013182402310263344	 3.517773335744843	
238	 0.01318552373398675	 3.5191617179658183	
239	 0.0131859706760869	 3.519360531873673	
240	 0.013184503804059418	 3.518708037869359	
241	 0.013181212675954545	 3.5172442543901994	
242	 0.013178840971779683	 3.5161895509070087	
243	 0.013178057471209946	 3.515841153815156	
244	 0.013175349677409135	 3.5146371927576014	
245	 0.013173741604914087	 3.5139222766961336	
246	 0.01317290359642387	 3.5135497383606173	
247	 0.01317171208555764	 3.513020077045234	
248	 0.013171780079079572	 3.5130503012885614	
249	 0.013172906559893767	 3.513551055749198	
250	 0.013178071808647588	 3.5158475290809705	
251	 0.013191820309111596	 3.5219630468559697	
252	 0.013211123308587949	 3.5305564534013687	
253	 0.01324248861970624	 3.544537678622675	
254	 0.013257919820002906	 3.551424313914324	
255	 0.013267349528341781	 3.5556352352560663	
256	 0.013276221350664114	 3.5595988496903783	
257	 0.013286880759578913	 3.5643634299887177	
258	 0.0132970989714839	 3.568933195367139	
259	 0.013295331994419747	 3.5681428044485117	
260	 0.01329067902429052	 3.5660618077713155	
261	 0.013287193145081007	 3.564503099612955	
262	 0.013285349208450292	 3.5636786950258723	
263	 0.01328415979547226	 3.5631469615190694	
264	 0.013283159969329484	 3.5627000083859834	
265	 0.013283421956474126	 3.562817122554223	
266	 0.01328714215396299	 3.5644803009973085	
267	 0.013295747545668235	 3.5683286794164695	
268	 0.013308772060625976	 3.5741564731440834	
269	 0.013320907299396757	 3.579589784794139	
270	 0.013325395860182424	 3.581600284849394	
271	 0.01332054489627361	 3.5794274781879127	
272	 0.013352475801279786	 3.5937394127496045	
273	 0.013383638055999854	 3.6077288434683323	
274	 0.01341401306374503	 3.621385777081903	
275	 0.01344366862550441	 3.6347391451416207	
276	 0.013472529197528702	 3.6477534125582274	
277	 0.013500664854321888	 3.6604586941198276	
278	 0.013528019459251923	 3.6728282100272405	
279	 0.013554649063699853	 3.6848859155165137	
280	 0.013580608984254247	 3.69665560443054	
281	 0.01360593087773228	 3.7081504848367817	
282	 0.013630736295209358	 3.7194247481161486	
283	 0.013655115791471346	 3.7305187626670735	
284	 0.013678894829631338	 3.741352264139751	
285	 0.013702083835123079	 3.751929051152159	
286	 0.013724695141263229	 3.7622538400174905	
287	 0.013746741284066985	 3.7723314880724867	
288	 0.013768229016144396	 3.7821642518371332	
289	 0.013789163210102921	 3.7917535608807476	
290	 0.013809550009062093	 3.80110145797975	
291	 0.013829427061642424	 3.8102244849292846	
292	 0.013848803375451255	 3.8191261045965463	
293	 0.013867693684716251	 3.8278124472524384	
294	 0.013886101639018518	 3.836284580488698	
295	 0.01390404077511505	 3.844548150331521	
296	 0.01392152055423867	 3.8526069598886115	
297	 0.013938549896000121	 3.8604645915142948	
298	 0.01395494753658441	 3.8680367961331306	
299	 0.01397111759835891	 3.8755097191307373	
300	 0.013986868310339632	 3.8827943873262853	
301	 0.014002207039466195	 3.8898937725662472	
302	 0.014017142650750413	 3.8968115624609845	
303	 0.014031680828569142	 3.9035499927656723	
304	 0.014045829019054898	 3.910112134739637	
305	 0.014059594724898464	 3.9165011056184524	
306	 0.014072988996298212	 3.922721689824358	
307	 0.014086040308318379	 3.9287867943717574	
308	 0.014098604061727214	 3.934628864635303	
309	 0.014110795058974132	 3.94030092428822	
310	 0.014122655171474876	 3.9458221704551195	
311	 0.014134202236435618	 3.951200654057111	
312	 0.014145438317647682	 3.956437098010256	
313	 0.014156368739500953	 3.9615337545485803	
314	 0.014167115985923918	 3.9665475582928713	
315	 0.014177578608800513	 3.9714310159502673	
316	 0.014187764690357731	 3.976187705915576	
317	 0.014197665566922493	 3.980813393537563	
318	 0.014207204611976606	 3.985272068086817	
319	 0.014216489791994974	 3.989614000034709	
320	 0.014225521465873688	 3.9938392017842466	
321	 0.01423430222560343	 3.997948735659788	
322	 0.014242394239792748	 4.001737422483234	
323	 0.014250605566810312	 4.005583438892972	
324	 0.014258506832614794	 4.009285624068293	
325	 0.014266114153158758	 4.0128513720020385	
326	 0.014273454820014773	 4.016293334409461	
327	 0.014280559603081907	 4.019625817388207	
328	 0.014287469231045923	 4.022867823650919	
329	 0.014294189559758998	 4.026022013318704	
330	 0.014300744606121445	 4.0290995802256155	
331	 0.014307139113458286	 4.032102681048135	
332	 0.014313347241213267	 4.035019107220374	
333	 0.014319376100992078	 4.037852124930604	
334	 0.014325228432872612	 4.040602951237315	
335	 0.014330907405023166	 4.043273007988409	
336	 0.01433641781843341	 4.045864488615172	
337	 0.014341762427272448	 4.048378627822774	
338	 0.014346943999092684	 4.050816669741053	
339	 0.014351968802177439	 4.053181509284571	
340	 0.014356844790555308	 4.055476839431465	
341	 0.014361565593024287	 4.057699612343797	
342	 0.014366134384655308	 4.059851275374782	
343	 0.014370552595550487	 4.061932456647532	
344	 0.014374822506928486	 4.063944187378775	
345	 0.014378954164848167	 4.065891160500092	
346	 0.014382816590298289	 4.067711599758053	
347	 0.014386652900353727	 4.0695200529456645	
348	 0.014390330386628583	 4.071253937744567	
349	 0.014393852642681167	 4.072914910586003	
350	 0.01439722836188209	 4.074507036082262	
351	 0.0144004674116185	 4.076034936719308	
352	 0.014403577059855085	 4.0775020126159145	
353	 0.014406563621032632	 4.078911217058572	
354	 0.014409474405066625	 4.080284853589702	
355	 0.01441222930060317	 4.081585094731954	
356	 0.014414875662308913	 4.082834266687051	
357	 0.01441741871964726	 4.0840348195572815	
358	 0.014419866225706365	 4.085190396915324	
359	 0.01442221463835619	 4.086299310763143	
360	 0.014424464524187606	 4.08736181343946	
361	 0.014426630506702738	 4.088384797381033	
362	 0.01442871607307521	 4.089369897900438	
363	 0.014430782402330086	 4.090346005543179	
364	 0.014432761758413315	 4.091281115548933	
365	 0.01443465026148439	 4.092173383440461	
366	 0.014436449790424126	 4.093023685815684	
367	 0.014438162735523041	 4.093833141771528	
368	 0.014439790358784206	 4.094602338027166	
369	 0.014441334321670033	 4.095332050763549	
370	 0.01444257583324242	 4.0959188557083	
371	 0.01444394891974702	 4.096567889186115	
372	 0.014445240248716247	 4.097178314869668	
373	 0.01444645401451701	 4.097752108741982	
374	 0.014447593842607433	 4.0982909786722725	
375	 0.01444866235644863	 4.098796159516302	
376	 0.014449652083815543	 4.099264113256805	
377	 0.014450563826055595	 4.099695213700353	
378	 0.01445127656528036	 4.100032231879911	
379	 0.014451931186609864	 4.100341778821423	
380	 0.014452533637839896	 4.100626664654514	
381	 0.014453104106298086	 4.100896433841478	
382	 0.014453738859445297	 4.101196610998988	
383	 0.01445432274637489	 4.101472741090691	
384	 0.014454756659668777	 4.10167795090768	
385	 0.014455139251403699	 4.101858892720986	
386	 0.014455477525769814	 4.1020188778672555	
387	 0.014455775143503246	 4.10215963672921	
388	 0.014456036458943092	 4.102283227946601	
389	 0.014456259150823264	 4.1023885530194635	
390	 0.014456444025770865	 4.102475992895153	
391	 0.014456627174996559	 4.102562617295225	
392	 0.014456762969091935	 4.1026268445312795	
393	 0.014456834709570543	 4.102660776159088	
394	 0.014456696564736513	 4.102595436869388	
395	 0.014456639777079667	 4.102568577750761	
396	 0.01445648671403391	 4.1024961831699756	
397	 0.014456298521130492	 4.102407173839995	
398	 0.0144559451360854	 4.102240035904806	
399	 0.014455516972624156	 4.102037534219503	
400	 0.014455068418583399	 4.10182539301381	
401	 0.014454564685050077	 4.101587160197366	
402	 0.0144541314343102	 4.101382265531891	
403	 0.01445368891399092	 4.101172991286668	
404	 0.014453229213987662	 4.100955597044368	
405	 0.014452762924792969	 4.100735091452348	
406	 0.01445230662434741	 4.1005193140762	
407	 0.014451814653185572	 4.100286673661916	
408	 0.01445127858021675	 4.1000331846566995	
409	 0.014450714876475403	 4.099766636846681	
410	 0.014450118459426842	 4.09948462806734	
411	 0.014449499615112153	 4.09919202302212	
412	 0.01444888995771864	 4.098903769951882	
413	 0.014448249317793373	 4.098600876718943	
414	 0.014447600736919147	 4.098294238142361	
415	 0.01444694425775335	 4.0979838747261566	
416	 0.01444626422455585	 4.09766238559296	
417	 0.014445557151851815	 4.097328124094889	
418	 0.014444823582805456	 4.09698134824597	
419	 0.01444406413848756	 4.096622352898497	
420	 0.014443279445143588	 4.0962514353541515	
421	 0.014442470112835688	 4.095868885264917	
422	 0.0144416097911268	 4.095462249497644	
423	 0.014440666174388958	 4.095016262448981	
424	 0.014439715562016415	 4.094566988657605	
425	 0.014438600519271797	 4.094040027712908	
426	 0.01443745452202315	 4.093498466168518	
427	 0.01443631886089846	 4.092961817415741	
428	 0.014435179187850446	 4.092423301149463	
429	 0.014434030605220775	 4.091880603620416	
430	 0.014432867023004054	 4.091330848243484	
431	 0.014431693430838258	 4.090776393415018	
432	 0.01443051650642065	 4.090220394475488	
433	 0.014429334309061933	 4.089661934943094	
434	 0.014428150424708967	 4.089102709057198	
435	 0.014426966621830066	 4.088543552243896	
436	 0.014425767971057662	 4.087977413349309	
437	 0.014424562418651173	 4.08740804635122	
438	 0.01442336495925804	 4.08684253298407	
439	 0.014422156118897706	 4.086271676576873	
440	 0.014420914776474282	 4.0856855047624325	
441	 0.014419655153509401	 4.085090735114098	
442	 0.014417910705683126	 4.084267097724344	
443	 0.014416579267837732	 4.083638506834536	
444	 0.014415208735074707	 4.082991499096034	
445	 0.014413801476020718	 4.082327196103889	
446	 0.014412368032325066	 4.081650576984715	
447	 0.01441091389509591	 4.080964235869997	
448	 0.014409445548498162	 4.0802712348948855	
449	 0.014407976084727008	 4.079577753789307	
450	 0.014406521145306946	 4.078891173585305	
451	 0.014405113124115226	 4.078226777921651	
452	 0.014403721606097195	 4.077570212059503	
453	 0.014402331939050182	 4.076914561749628	
454	 0.014400937422735502	 4.076256665931461	
455	 0.014399546827437841	 4.075600662236429	
456	 0.014398158527207681	 4.074945783352192	
457	 0.014396773029430553	 4.074292268388497	
458	 0.014395372278002838	 4.073631601167436	
459	 0.014393984144755761	 4.0729769276156285	
460	 0.014392594006974806	 4.072321350862767	
461	 0.014391216639304963	 4.071671838014241	
462	 0.014389861240855107	 4.0710327254478536	
463	 0.014388519224513743	 4.070399962501122	
464	 0.014387155839660548	 4.069757164554004	
465	 0.014385763937840164	 4.069100963542994	
466	 0.014384059392881078	 4.068297427072476	
467	 0.014382610161737346	 4.067614297556107	
468	 0.014381120073447953	 4.066911956900407	
469	 0.014379586112281252	 4.0661889878077595	
470	 0.01437800993940008	 4.0654461775266455	
471	 0.014376399506484854	 4.064687277428133	
472	 0.01437477539195578	 4.063921987404922	
473	 0.014373140608470033	 4.063151728332214	
474	 0.014371507869225034	 4.062382490735924	
475	 0.014369904184156835	 4.06162699823941	
476	 0.0143683200206174	 4.060880757476555	
477	 0.01436674922837027	 4.060140869590348	
478	 0.014365191971046676	 4.059407410272178	
479	 0.01436364894589678	 4.0586807065073645	
480	 0.014362118439644963	 4.057959950058923	
481	 0.014360597892115901	 4.057243934144845	
482	 0.014359084848893967	 4.05653150212748	
483	 0.014357578030292	 4.055822050773359	
484	 0.01435607819496551	 4.055115936627452	
485	 0.01435458194428124	 4.0544115591136505	
486	 0.014353089169379156	 4.0537088666400765	
487	 0.01435159962941868	 4.053007745509227	
488	 0.014350113102140858	 4.05230809080107	
489	 0.014348628558276143	 4.051609417833634	
490	 0.014346985803122192	 4.050836341831043	
491	 0.014345449664636254	 4.050113492725259	
492	 0.01434385998188535	 4.04936550202858	
493	 0.01434220519716079	 4.048586937715941	
494	 0.014340497283390805	 4.047783439368563	
495	 0.014338762658114382	 4.046967439729833	
496	 0.01433701257355031	 4.046144234447639	
497	 0.014335239622247196	 4.045310341409178	
498	 0.014333478752163707	 4.044482198724896	
499	 0.014331773710449587	 4.043680376927399	
500	 0.014330109154090097	 4.042897655328891	
501	 0.014328468878083103	 4.042126410331422	
502	 0.01432684591598525	 4.041363364127971	
503	 0.014325238901411089	 4.040607872533797	
504	 0.014323649236622597	 4.0398605930286315	
505	 0.014322075537483893	 4.039120873212815	
506	 0.01432051481508002	 4.038387306648339	
507	 0.014318964868816803	 4.037658857802515	
508	 0.014317421227733801	 4.036933424530779	
509	 0.014315886265948067	 4.036212121791192	
510	 0.014314357812234696	 4.03549392852726	
511	 0.014312835247217248	 4.034778553084776	
512	 0.014311316256451068	 4.0340649075531685	
513	 0.01430979913958915	 4.0333521928129406	
514	 0.014308143060894113	 4.032574253759658	
515	 0.014306572031783057	 4.031836322028006	
516	 0.01430494681223227	 4.031072993226661	
517	 0.014303261355116	 4.030281433273104	
518	 0.014301524901494151	 4.02946598829563	
519	 0.01429973151564964	 4.028623877022975	
520	 0.014297908504023455	 4.0277679266789495	
521	 0.01429635000359301	 4.027036228756798	
522	 0.01429483618264647	 4.026325558245523	
523	 0.014293320938921788	 4.025614270046464	
524	 0.014291803122954524	 4.024901824776762	
525	 0.014290282579884626	 4.0241881500128525	
526	 0.014288759367357977	 4.023473273082415	
527	 0.014287138758136917	 4.02271274153426	
528	 0.014285515405063978	 4.021950979986923	
529	 0.01428390552517467	 4.021195597747436	
530	 0.01428230810980738	 4.020446120165354	
531	 0.014280721425851014	 4.019701732881669	
532	 0.014279142090784685	 4.018960848057408	
533	 0.014277566347756294	 4.0182217027425855	
534	 0.014275994472479578	 4.0174844258841125	
535	 0.014274425721422873	 4.016748668374632	
536	 0.01427285974540035	 4.016014266140938	
537	 0.014271294510948045	 4.015280265362003	
538	 0.014269440853551918	 4.014411080988308	
539	 0.014267907667862685	 4.013692223437606	
540	 0.014266377110506026	 4.012974649584115	
541	 0.014264845855644605	 4.012256800074421	
542	 0.014263297712506626	 4.0115310855938855	
543	 0.014261418161122983	 4.010650089282063	
544	 0.014259441623029051	 4.009723716185965	
545	 0.014257462359052798	 4.008796151288479	
546	 0.014255549955845673	 4.00790000165083	
547	 0.014253740635741507	 4.007052230399666	
548	 0.01425200464874096	 4.006238887390934	
549	 0.014250304387819036	 4.005442346750716	
550	 0.014248630775174704	 4.004658352207991	
551	 0.014246978843731177	 4.0038845743039735	
552	 0.014245344070517316	 4.003118892333873	
553	 0.014243722777201321	 4.0023595818244555	
554	 0.014242104874746123	 4.001601916814482	
555	 0.014240494059046073	 4.000847627539451	
556	 0.014238889541697644	 4.000096344110348	
557	 0.01423729345457445	 3.999349063960102	
558	 0.0142357007447195	 3.9986034207007988	
559	 0.014234115414307422	 3.997861287430203	
560	 0.014232536454707484	 3.997122191267782	
561	 0.014230952685511066	 3.9963808986900196	
562	 0.014228726883608427	 3.9953391918502774	
563	 0.014227206959829873	 3.9946279083951985	
564	 0.014225679619991088	 3.993913205451563	
565	 0.014224124073666789	 3.993185356153604	
566	 0.014222553820546192	 3.9924506792768306	
567	 0.014220957581550451	 3.9917038997692447	
568	 0.014219359413710114	 3.990956273857991	
569	 0.0142175324450947	 3.990101683135843	
570	 0.014215724241094392	 3.9892559419144407	
571	 0.014213966745993439	 3.9884339872109362	
572	 0.014212252487252802	 3.9876323187911753	
573	 0.014210564218011427	 3.9868428672926233	
574	 0.014208876819944734	 3.9860538856397256	
575	 0.01420717412222324	 3.9852578135965953	
576	 0.01420545742296485	 3.984455259723612	
577	 0.014203737684061841	 3.9836513496493047	
578	 0.014202037533261047	 3.9828566600225295	
579	 0.014200391286202277	 3.9820872266814584	
580	 0.014198767326652413	 3.981328268479319	
581	 0.01419721663803523	 3.9806036074894418	
582	 0.01419568976875029	 3.97989012920109	
583	 0.01419415464051225	 3.979172843228448	
584	 0.014192599282063482	 3.978446157467633	
585	 0.01419104724969785	 3.9777210786197883	
586	 0.014188859297885352	 3.976699000567303	
587	 0.014187286004463685	 3.975964118479208	
588	 0.01418568629984801	 3.9752169554805796	
589	 0.014184067697311791	 3.974461023128895	
590	 0.014182638677824856	 3.9737936791253676	
591	 0.014181226269024379	 3.973134136265244	
592	 0.014179806006343566	 3.97247097008928	
593	 0.014178397984507166	 3.971813563265914	
594	 0.01417699849771178	 3.9711601845891162	
595	 0.01417561876686342	 3.970516071466593	
596	 0.014174240161254527	 3.9698725253929408	
597	 0.014172839934536406	 3.969218929095512	
598	 0.014171408408236105	 3.9685507673147074	
599	 0.014169966811950879	 3.9678779508610447	
600	 0.014168546849235568	 3.9672152757561645	
601	 0.014167136658720578	 3.9665572050070272	
602	 0.014165723577733116	 3.9658978292102387	
603	 0.014164312870359158	 3.9652396047337777	
604	 0.01416291003307364	 3.9645850957137703	
605	 0.014161514071345149	 3.96393383746061	
606	 0.01416012110807127	 3.963284020736004	
607	 0.014158729389601943	 3.962634827269607	
608	 0.014157336173297324	 3.961984977718072	
609	 0.01415594409655139	 3.961335702280993	
610	 0.014153792830110859	 3.9603324185717375	
611	 0.014152256695055251	 3.9596160752044627	
612	 0.014150686330148578	 3.9588838230661136	
613	 0.014149074871514943	 3.9581324654760053	
614	 0.01414741626255296	 3.957359183181153	
615	 0.014145728397332089	 3.9565723229786793	
616	 0.014144049428562226	 3.9557896722782555	
617	 0.01414237545613198	 3.9550094122774917	
618	 0.01414073554207456	 3.9542450870227435	
619	 0.014139176983819106	 3.9535187345541942	
620	 0.014137676580019227	 3.952819534886875	
621	 0.014136207453383494	 3.952134958549676	
622	 0.014134751783337453	 3.951456699426463	
623	 0.014133302569252656	 3.950781494668728	
624	 0.014131849466765115	 3.9501045246023265	
625	 0.0141304150250124	 3.949436293696588	
626	 0.014129000545748279	 3.948777406545741	
627	 0.014127617445355024	 3.9481331786977205	
628	 0.014126179357223535	 3.947463382954972	
629	 0.01412469586238758	 3.946772486476194	
630	 0.0141231757385445	 3.9460645812361648	
631	 0.014121660190764804	 3.945358857584541	
632	 0.014120156617878275	 3.944658760005568	
633	 0.014118667766543979	 3.9439655660848842	
634	 0.014116492663935188	 3.9429529482050327	
635	 0.01411499045298187	 3.9422536554060335	
636	 0.014113476210673215	 3.9415488121136644	
637	 0.014111931445531207	 3.9408298131262343	
638	 0.014110347641323653	 3.9400926981817426	
639	 0.014108743265562296	 3.9393460653092935	
640	 0.01410712929087665	 3.9385950224674446	
641	 0.014105522664333485	 3.937847455882353	
642	 0.014103940179905431	 3.937111178162621	
643	 0.014102423657602276	 3.936405642117011	
644	 0.01410095449964353	 3.935722189755773	
645	 0.014099511358826098	 3.9350508867868266	
646	 0.014098085445677925	 3.9343876425673208	
647	 0.014096673841749945	 3.9337310981370552	
648	 0.014095273390185842	 3.933079784040297	
649	 0.014093879795411636	 3.9324317016842385	
650	 0.014092484731034895	 3.9317829786864333	
651	 0.014091098244363384	 3.931138286850073	
652	 0.014089717223650749	 3.930496178626432	
653	 0.014088344472504752	 3.929857956934163	
654	 0.014086979153644411	 3.929223231793152	
655	 0.014085624824478858	 3.9285936561847192	
656	 0.014084280498930585	 3.9279687707820967	
657	 0.014082940592585453	 3.9273459791319425	
658	 0.014081148611219587	 3.926513123680995	
659	 0.014079770555135296	 3.9258726954824326	
660	 0.014078496418860489	 3.925280599431847	
661	 0.014077223661803346	 3.9246891799740147	
662	 0.014075931452057492	 3.924088757789802	
663	 0.014074632508198086	 3.9234852436493193	
664	 0.01407332278995921	 3.922876761120456	
665	 0.014072003410713496	 3.922263828349892	
666	 0.0140706845191695	 3.921651160436362	
667	 0.01406938108425332	 3.921045710241296	
668	 0.014068099863192246	 3.9204506149039573	
669	 0.01406664362565667	 3.919774272634894	
670	 0.014065159563225507	 3.9190850552549295	
671	 0.014063659022086665	 3.9183882342443606	
672	 0.01406215678331073	 3.9176906745332865	
673	 0.01406066466740202	 3.9169978645195465	
674	 0.014059192671424208	 3.916314444492781	
675	 0.014057758414476474	 3.915648591869592	
676	 0.014056347715358792	 3.914993720128165	
677	 0.014054970085925107	 3.9143542422103876	
678	 0.01405363363508549	 3.913733918798311	
679	 0.01405232079897881	 3.9131245946265047	
680	 0.014051023690797373	 3.912522607497548	
681	 0.014049724407123935	 3.911919647864121	
682	 0.014047666027003775	 3.9109644898173355	
683	 0.014046307781234961	 3.91033426890214	
684	 0.014044891940957148	 3.9096773675984835	
685	 0.014043425471955376	 3.9089970228462834	
686	 0.0140419308210718	 3.908303652297603	
687	 0.014040419567486119	 3.9076026297567306	
688	 0.01403887957030822	 3.906888325722191	
689	 0.01403734808872308	 3.906178023317297	
690	 0.014035848155710679	 3.905482403241738	
691	 0.014034698968735805	 3.9049494812825802	
692	 0.01403352409980717	 3.9044046796917975	
693	 0.014032194054174664	 3.903787957394751	
694	 0.01403087675786526	 3.903177185179467	
695	 0.014029577847243943	 3.902574975027726	
696	 0.01402828659189635	 3.901976350909084	
697	 0.014026993963690823	 3.901377127127145	
698	 0.014025692071662897	 3.9007736461231866	
699	 0.014024397255971153	 3.9001734823339462	
700	 0.014023106478151826	 3.899575226917408	
701	 0.014021819856534666	 3.8989789343691443	
702	 0.014020528415090546	 3.8983804447237302	
703	 0.014019241484283665	 3.8977840819903444	
704	 0.014017961835720296	 3.8971911300290163	
705	 0.014016681022736701	 3.8965976746429747	
706	 0.014014920181513499	 3.8957818606752217	
707	 0.014013643918207525	 3.895190598833651	
708	 0.014012354495863409	 3.894593277183436	
709	 0.014011049720012419	 3.8939888803596667	
710	 0.014009737187016084	 3.8933809281366187	
711	 0.014008410436630064	 3.8927664291496926	
712	 0.01400707444178257	 3.892147687694184	
713	 0.014005752340547711	 3.8915354195408485	
714	 0.014004446377519707	 3.8909306628556424	
715	 0.01400316022216061	 3.8903351153191164	
716	 0.014001878525341049	 3.8897416685619475	
717	 0.014000598670763694	 3.8891491109292287	
718	 0.013999319283155889	 3.8885568055892143	
719	 0.013998036644659982	 3.8879630314413705	
720	 0.01399675108987209	 3.887367943643554	
721	 0.01399546565273984	 3.8867729467407095	
722	 0.01399418086063145	 3.886178284807177	
723	 0.013992900516813732	 3.8855857179577815	
724	 0.01399164869389847	 3.885006386057157	
725	 0.01399041340123967	 3.8844347380766338	
726	 0.013989190025535534	 3.883868637987168	
727	 0.013987978007108132	 3.883307825864606	
728	 0.01398677655839355	 3.882751936417526	
729	 0.013985573770266635	 3.882195459133498	
730	 0.013983966889207685	 3.8814520755661532	
731	 0.013982770585554194	 3.880898672405358	
732	 0.013981563192025722	 3.8803401711362766	
733	 0.013980335788300378	 3.879772446752219	
734	 0.013979085664092011	 3.879194247372494	
735	 0.013977825829321468	 3.878611591599425	
736	 0.013976557648548984	 3.8780251112762514	
737	 0.013975260416057811	 3.8774252324577856	
738	 0.013973963728050263	 3.876825642522096	
739	 0.013972695044157053	 3.8762390376169646	
740	 0.013971459195105998	 3.875667648789738	
741	 0.013970244196391904	 3.8751059328608966	
742	 0.013969039570678507	 3.87454904470994	
743	 0.013967844181024897	 3.8739964579577997	
744	 0.013966660671725757	 3.8734493941354105	
745	 0.013965490786087319	 3.872908658068842	
746	 0.013964334142686033	 3.872374072419806	
747	 0.013963188196659315	 3.8718444600693886	
748	 0.013962056574706175	 3.871321496191714	
749	 0.013960931776181566	 3.870801713671424	
750	 0.013959811467902426	 3.8702840338966635	
751	 0.013958692479076494	 3.8697669914709816	
752	 0.01395757285303032	 3.8692496822650195	
753	 0.013956440616390092	 3.8687265746246986	
754	 0.01395502405154051	 3.868072143597509	
755	 0.01395383472207484	 3.8675227259987444	
756	 0.013952582211544783	 3.8669441552931447	
757	 0.013951257334939418	 3.866332194294753	
758	 0.013949854935664486	 3.8656844677549635	
759	 0.01394839487474387	 3.8650101551387905	
760	 0.01394698340120221	 3.8643583267856303	
761	 0.013945589881206975	 3.8637148326466866	
762	 0.01394424618697655	 3.8630943874464485	
763	 0.013942973051745685	 3.862506559342075	
764	 0.013941742839120011	 3.8619385833244926	
765	 0.013940528050638367	 3.8613777612545572	
766	 0.013939328259077996	 3.860823894676649	
767	 0.013938145348369948	 3.8602778520155288	
768	 0.013936977120313871	 3.8597386173249544	
769	 0.01393582290529196	 3.8592058804108698	
770	 0.01393468223985451	 3.858679426311515	
771	 0.013933556017434848	 3.8581596663188913	
772	 0.013932452759288248	 3.857650531664383	
773	 0.01393137569930235	 3.8571535129374883	
774	 0.013930312050896846	 3.856662708241181	
775	 0.013929251562402227	 3.8561733865103576	
776	 0.013928169581933134	 3.8556741737278757	
777	 0.0139270288756104	 3.8551478935381844	
778	 0.01392504909859144	 3.854234565025182	
779	 0.013923825749961219	 3.8536702421199656	
780	 0.01392254895132656	 3.8530812983204124	
781	 0.01392123413851487	 3.8524748575032763	
782	 0.013919896720419475	 3.8518580294576243	
783	 0.013918540776779183	 3.8512326976139377	
784	 0.013917167106831874	 3.8505992321930615	
785	 0.013915790132633584	 3.849964284855351	
786	 0.013914430423004647	 3.8493373396179393	
787	 0.013913120432523572	 3.8487333578916103	
788	 0.013911846352156221	 3.8481459691803503	
789	 0.01391059643095403	 3.8475697534066806	
790	 0.013909360544347677	 3.847000041541888	
791	 0.013908122866550363	 3.8464295378036613	
792	 0.013906884008654618	 3.8458585239960636	
793	 0.013905656276923148	 3.8452926719099847	
794	 0.013904445527223615	 3.8447346793287265	
795	 0.013903247882196691	 3.8441827581040457	
796	 0.013902058258220953	 3.8436345646673833	
797	 0.01390088405530404	 3.8430935081122137	
798	 0.013899723255156341	 3.842558657316813	
799	 0.013898576975985663	 3.8420305264338435	
800	 0.013897437635413165	 3.8415056211799246	
801	 0.013896270183259481	 3.8409677944060987	
802	 0.013894257832059971	 3.8400408066919565	
803	 0.01389309266741777	 3.8395041155932197	
804	 0.01389190779265359	 3.8389583765089337	
805	 0.013890699354778303	 3.838401816501215	
806	 0.013889464339111809	 3.8378330491358796	
807	 0.013888186604089406	 3.837244643515877	
808	 0.013886915547093983	 3.8366593489784253	
809	 0.013885662711705661	 3.8360824800499147	
810	 0.013884458076015425	 3.8355278374269828	
811	 0.01388330807456327	 3.8349983796237868	
812	 0.013882202147703512	 3.834489241230831	
813	 0.013881139165146595	 3.833999898702091	
814	 0.013880206719594857	 3.8335706692683758	
815	 0.013879175493309122	 3.8330959908265214	
816	 0.01387813851319181	 3.832618687577244	
817	 0.01387710360949845	 3.8321423637727072	
818	 0.01387607327239668	 3.8316681653078977	
819	 0.013875050553840728	 3.8311974963873197	
820	 0.013874029078072177	 3.8307274225000265	
821	 0.013873011700647855	 3.8302592575671564	
822	 0.013871991713143478	 3.8297899145341256	
823	 0.013870967258742721	 3.8293185392347238	
824	 0.013869943062077606	 3.8288473057254255	
825	 0.01386887821228286	 3.8283573922834644	
826	 0.01386702921346007	 3.827506769084252	
827	 0.01386589590943579	 3.826985435280238	
828	 0.013864654265782747	 3.8264142965223304	
829	 0.01386329652408124	 3.8257897933110416	
830	 0.01386182355408684	 3.825112336116018	
831	 0.013860301025401702	 3.8244121360296037	
832	 0.013858746726603475	 3.8236973779860532	
833	 0.013857177151743071	 3.8229756493401377	
834	 0.01385567071274802	 3.822283003351665	
835	 0.013854305836588077	 3.8216554899249893	
836	 0.01385306651941051	 3.821085739008411	
837	 0.013851908882919475	 3.820553569823537	
838	 0.013850790887791623	 3.820039652043056	
839	 0.013849687916795465	 3.8195326676245336	
840	 0.013848596369996906	 3.8190309608773885	
841	 0.013847516798647638	 3.8185347843261255	
842	 0.013846448610097763	 3.818043864749389	
843	 0.013845391789980663	 3.817558194738591	
844	 0.013844337355888497	 3.817073645874248	
845	 0.013843286770817163	 3.8165908902359846	
846	 0.013842233182543795	 3.8161067791215073	
847	 0.013841189713576375	 3.8156273419178737	
848	 0.013840151176695577	 3.8151501947590827	
849	 0.01383905963105944	 3.8146487188945812	
850	 0.013836968629371333	 3.813688148428871	
851	 0.013835853467981923	 3.813175901896088	
852	 0.013834674377763603	 3.8126343197550003	
853	 0.013833428011711866	 3.812061869794376	
854	 0.013832129633553396	 3.8114655674877884	
855	 0.013830796911603415	 3.8108535310171363	
856	 0.013829384340313992	 3.8102048676205706	
857	 0.013827951399696134	 3.809546895603985	
858	 0.013826558614775414	 3.8089074056830206	
859	 0.013825371633666041	 3.808362443401018	
860	 0.01382426648482929	 3.8078550796824255	
861	 0.013823416888983597	 3.807465056387036	
862	 0.0138225769989064	 3.807079504418733	
863	 0.013821755165857486	 3.8067022566560995	
864	 0.013820931281226512	 3.806324082161106	
865	 0.01381994194145007	 3.8058699813139887	
866	 0.013818988946965321	 3.8054325832232347	
867	 0.013818025024533848	 3.80499018996358	
868	 0.013817023299896092	 3.8045304691391215	
869	 0.01381603197733081	 3.804075544005089	
870	 0.013815055094862248	 3.8036272668238476	
871	 0.013814088697167971	 3.803183821746022	
872	 0.013813132802517463	 3.8027452164816027	
873	 0.013812107600536038	 3.8022748325438873	
874	 0.013811133803587514	 3.8018280558559048	
875	 0.013810062690882204	 3.801336655087124	
876	 0.013808903969578538	 3.800805090209211	
877	 0.013807675598480403	 3.80024160586924	
878	 0.013806400028062871	 3.7996565053981475	
879	 0.013805101357340008	 3.799060845905583	
880	 0.013803794386469028	 3.7984614171098583	
881	 0.013802484929757287	 3.7978608861523084	
882	 0.01380120514402586	 3.797273999325684	
883	 0.013800029816206302	 3.796735046986693	
884	 0.013798976585030376	 3.796252108659883	
885	 0.01379798971684612	 3.795799622070195	
886	 0.01379703124526587	 3.7953601761925873	
887	 0.013796087524125852	 3.794927513070664	
888	 0.013795151115373215	 3.7944982219241914	
889	 0.013794219052719506	 3.7940709425127506	
890	 0.01379329459191449	 3.7936471669792846	
891	 0.013792379537648525	 3.793227722077349	
892	 0.013791481352412862	 3.792816027686197	
893	 0.013790588555165864	 3.792406820660561	
894	 0.013789697974451488	 3.791998647161455	
895	 0.013788807057604229	 3.791590337188597	
896	 0.013787915658494692	 3.7911818237950414	
897	 0.013786985294919181	 3.7907554724124704	
898	 0.013786069183131015	 3.7903356708410683	
899	 0.01378512126308485	 3.789901312943671	
900	 0.013784138423824739	 3.7894509753167807	
901	 0.013783115283250887	 3.78898219434098	
902	 0.013782053706023034	 3.7884958270400264	
903	 0.013780969930169236	 3.7879993150830225	
904	 0.013779884419951665	 3.787502034652456	
905	 0.013778791032334925	 3.7870011719256027	
906	 0.013777699113139778	 3.7865010083008857	
907	 0.013776620372520278	 3.7860069071929052	
908	 0.013775539904669941	 3.785512040806642	
909	 0.013774460844969373	 3.785017845193682	
910	 0.013773397936380305	 3.784531071816483	
911	 0.013772351424023685	 3.784051831782003	
912	 0.013771325689540528	 3.783582130328535	
913	 0.013770311731271545	 3.783117844328588	
914	 0.013769322893611262	 3.7826650828701713	
915	 0.013768358577677171	 3.7822235701094353	
916	 0.013767409857172175	 3.7817892178447967	
917	 0.013766562360660279	 3.7814012257874774	
918	 0.013765626584654503	 3.780972837026242	
919	 0.013764675207385437	 3.780537326067067	
920	 0.013763710185564135	 3.7800955895566157	
921	 0.013762686414996733	 3.7796269835143255	
922	 0.013761684847899497	 3.77916856305754	
923	 0.013760656970042159	 3.778698123207829	
924	 0.013759597209929308	 3.778213115992886	
925	 0.013758508977080404	 3.7777151039307313	
926	 0.013757396894319941	 3.7772062044736403	
927	 0.013756264932315677	 3.776688236252591	
928	 0.013755149212505318	 3.776177728012342	
929	 0.013754026484564452	 3.775664041000896	
930	 0.01375291377672848	 3.77515496611596	
931	 0.013751840939105189	 3.774664158248857	
932	 0.013750806568796603	 3.7741909727974936	
933	 0.013749792330325148	 3.773727019943864	
934	 0.013748793742204814	 3.7732702484701925	
935	 0.013747813133834537	 3.7728217227679934	
936	 0.013746846679490311	 3.7723796919197334	
937	 0.013745887181608718	 3.771940863268855	
938	 0.013744943584561934	 3.771509326818423	
939	 0.013744002009083992	 3.771078734580918	
940	 0.013743082971153621	 3.7706584679629516	
941	 0.013742171150435849	 3.7702415202179917	
942	 0.013741255009179831	 3.76982261539738	
943	 0.013740339719396494	 3.7694041185047378	
944	 0.01373942437752371	 3.768985616381452	
945	 0.013738453629118028	 3.76854180222683	
946	 0.013737522976048447	 3.7681163387920305	
947	 0.013736584653537044	 3.7676873885983073	
948	 0.013735630614320484	 3.7672512736058272	
949	 0.01373464831298867	 3.766802260399324	
950	 0.013733645948034227	 3.7663440981129717	
951	 0.013732628480055731	 3.765879055315405	
952	 0.013731624033946514	 3.7654199868098774	
953	 0.01373062281240035	 3.764962414325786	
954	 0.013729625107956426	 3.7645064713336027	
955	 0.013728635468038916	 3.764054235586513	
956	 0.013727649613297938	 3.7636037511596605	
957	 0.013726668800725688	 3.763155592144182	
958	 0.013725695066423568	 3.762710688493345	
959	 0.013724732197218056	 3.7622707698451205	
960	 0.013723770758772562	 3.761831525415844	
961	 0.013722809114932904	 3.76139220767053	
962	 0.013721853693870075	 3.760955753065584	
963	 0.013720909659746653	 3.760524520130568	
964	 0.013719968431170744	 3.760094588455571	
965	 0.013719037670646748	 3.759669457682907	
966	 0.013718104055833668	 3.759243042512211	
967	 0.01371716951398211	 3.7588162233054394	
968	 0.013716244613122998	 3.7583938263703143	
969	 0.013715253914822489	 3.7579414011821286	
970	 0.013714325546973443	 3.757517460402984	
971	 0.013713367117285102	 3.757079811903913	
972	 0.013712384922351856	 3.7566313326182312	
973	 0.013711379770756133	 3.7561723932802806	
974	 0.013710354551909675	 3.75570431459762	
975	 0.013709307381243784	 3.7552262375787655	
976	 0.013708268050498034	 3.7547517638815564	
977	 0.013707202234567265	 3.754265224114056	
978	 0.013706117786396176	 3.7537702047052743	
979	 0.013705059504760916	 3.7532871547407205	
980	 0.01370405298535323	 3.7528277545850703	
981	 0.013703086065878802	 3.7523864499943667	
982	 0.01370214643147744	 3.7519576182714487	
983	 0.013701221303539544	 3.7515354261824037	
984	 0.013700301205020084	 3.7511155481721734	
985	 0.01369938694822744	 3.7506983545971417	
986	 0.013698480499486599	 3.750284742315588	
987	 0.013697584034656122	 3.7498757036347414	
988	 0.013696711974168005	 3.749477817283632	
989	 0.013695846240182085	 3.749082834167732	
990	 0.013694988481322631	 3.748691506044769	
991	 0.013694136737864323	 3.7483029384459923	
992	 0.013693289364821577	 3.7479163806301248	
993	 0.013692424986295465	 3.747522081619354	
994	 0.013691557617931758	 3.747126435430188	
995	 0.013690638075498833	 3.746707008520483	
996	 0.013689660242450954	 3.7462610143687236	
997	 0.013688622171377507	 3.7457875686164375	
998	 0.013687536112771164	 3.745292262224342	
999	 0.013686413398951068	 3.7447802664471475	
1000	 0.01368524665777473	 3.7442482223620646	
1001	 0.01368405087446329	 3.743702966189067	
1002	 0.013682860536039801	 3.7431602243366036	
1003	 0.013681750748432657	 3.7426542384590937	
1004	 0.013680712161078891	 3.7421807397239566	
1005	 0.013679704286944951	 3.7417212662566923	
1006	 0.013678710475058118	 3.741268225637382	
1007	 0.01367773186890323	 3.7408221381683657	
1008	 0.01367677599847839	 3.740386435087499	
1009	 0.013675845060033054	 3.739962115968256	
1010	 0.013674939241765782	 3.7395492650386433	
1011	 0.01367405747091968	 3.7391473918764624	
1012	 0.0136732203212574	 3.7387658711143374	
1013	 0.013672385903792121	 3.7383856110137788	
1014	 0.013671550362317805	 3.7380048541829893	
1015	 0.01367070906499031	 3.7376214900796443	
1016	 0.01366985168613662	 3.737230814094939	
1017	 0.013668874891253775	 3.736785744527746	
1018	 0.01366795720423109	 3.736367626349406	
1019	 0.013666969634309044	 3.7359176889083088	
1020	 0.013665933874131779	 3.735445819245027	
1021	 0.013664857970661174	 3.734955686421883	
1022	 0.013663747992740642	 3.734450057786296	
1023	 0.013662611632557844	 3.7339324395959244	
1024	 0.013661474522614826	 3.733414508614576	
1025	 0.013660340993531483	 3.732898237247157	
1026	 0.013659227161921292	 3.7323909650093494	
1027	 0.01365816850763345	 3.7319088477356126	
1028	 0.01365719283657413	 3.7314645435627383	
1029	 0.013656262225384751	 3.7310407786128827	
1030	 0.013655350817023175	 3.7306257765601756	
1031	 0.013654450859168657	 3.730216006517458	
1032	 0.013653556640699623	 3.729808867572489	
1033	 0.01365266739321783	 3.729404009553384	
1034	 0.013651784886940558	 3.729002238060811	
1035	 0.013650906753742356	 3.7286024746504562	
1036	 0.013650027893226191	 3.7282023972990506	
1037	 0.013649138050065105	 3.7277973378927776	
1038	 0.013648231867107528	 3.7273848586522123	
1039	 0.013647317998997797	 3.7269688997500365	
1040	 0.013646402065116896	 3.7265520192172565	
1041	 0.013645359286137389	 3.7260774287829443	
1042	 0.013644410938557415	 3.7256458370385817	
1043	 0.013643418947990288	 3.7251944048273455	
1044	 0.013642376360309145	 3.724719970611122	
1045	 0.013641340159588015	 3.7242484667592266	
1046	 0.01364035346749194	 3.7237995130781947	
1047	 0.013639409245427473	 3.723369903911481	
1048	 0.013638401543677748	 3.722911434157117	
1049	 0.013637404207431699	 3.722457702587145	
1050	 0.013636431890420454	 3.72201537464928	
1051	 0.013635513329803933	 3.7215975209666325	
1052	 0.013634650858476165	 3.7212051994110773	
1053	 0.013633824377605587	 3.7208292647425503	
1054	 0.013633011632231474	 3.720459592644004	
1055	 0.013632211608072245	 3.7200957210584837	
1056	 0.013631412302173272	 3.7197321903729628	
1057	 0.013630617406712895	 3.7193706796832573	
1058	 0.013629816655290724	 3.7190065199695446	
1059	 0.013629017250083886	 3.718642986704214	
1060	 0.013628215991152293	 3.718278624713342	
1061	 0.013627410783107518	 3.7179124813020787	
1062	 0.013626605744503324	 3.717546429356804	
1063	 0.013625802082302699	 3.717181017643706	
1064	 0.013624999813604183	 3.716816253863206	
1065	 0.0136241920942818	 3.716449026337562	
1066	 0.01362337743434013	 3.7160786579786405	
1067	 0.013622476076156636	 3.715668891255529	
1068	 0.013621468982972429	 3.7152110776907725	
1069	 0.013620435255603781	 3.714741179984486	
1070	 0.01361939514693641	 3.714268405549707	
1071	 0.013618358687936677	 3.713797313990194	
1072	 0.01361731694789785	 3.713323846176476	
1073	 0.013616311985648171	 3.71286711664374	
1074	 0.013615346524797515	 3.7124283606470634	
1075	 0.013614432345758936	 3.712012928910373	
1076	 0.013613535127189429	 3.7116052226269454	
1077	 0.013612618797893146	 3.7111888507023725	
1078	 0.013611688762599994	 3.7107662700002844	
1079	 0.013610761191934228	 3.7103448283244522	
1080	 0.013609840322783968	 3.709926450421792	
1081	 0.013608934214200973	 3.7095147970988345	
1082	 0.013608047113006245	 3.7091117967053577	
1083	 0.013607183040477007	 3.7087192748211377	
1084	 0.013606337226990258	 3.708335063558616	
1085	 0.013605500699886312	 3.707955086301764	
1086	 0.013604671532687747	 3.707578467518248	
1087	 0.01360384781293635	 3.7072043381895825	
1088	 0.013603027964946612	 3.706831982391265	
1089	 0.01360215256028949	 3.7064344105688143	
1090	 0.013601308759701846	 3.7060512081248422	
1091	 0.013600431699980708	 3.7056529182213076	
1092	 0.013599521719675937	 3.705239696538431	
1093	 0.013598579218515528	 3.7048117265810263	
1094	 0.013597608993945116	 3.704371188661431	
1095	 0.013596623960051797	 3.7039239478924117	
1096	 0.013595644302738859	 3.7034791697077742	
1097	 0.013594676670803349	 3.703039872187314	
1098	 0.01359372361990802	 3.702607214723955	
1099	 0.01359278626178186	 3.7021817010477474	
1100	 0.013591862849235678	 3.701762537094338	
1101	 0.01359094168321968	 3.7013444118219585	
1102	 0.013590027443869265	 3.7009294493035014	
1103	 0.013589122723959835	 3.7005188258680484	
1104	 0.013588230713026164	 3.7001139884729737	
1105	 0.01358735276798289	 3.6997155521544074	
1106	 0.013586487606474981	 3.699322934156004	
1107	 0.01358563318055064	 3.69893520441919	
1108	 0.013584791748536355	 3.6985533870731295	
1109	 0.013583956263163798	 3.698174283739179	
1110	 0.013583124953089134	 3.697797090383805	
1111	 0.013582296892475166	 3.6974213867175765	
1112	 0.01358147122070929	 3.697046782111797	
1113	 0.013580593741702555	 3.696648689369622	
1114	 0.013579747140598794	 3.6962646214994557	
1115	 0.01357886748424516	 3.6958655747402727	
1116	 0.013577951408061983	 3.6954500248308504	
1117	 0.013577000836942304	 3.69501884710913	
1118	 0.013576016817152405	 3.6945725183173774	
1119	 0.013575007747033603	 3.6941148496686633	
1120	 0.01357398935738624	 3.6936529770970488	
1121	 0.013572963886947046	 3.6931879165000803	
1122	 0.013571952267763272	 3.692729160530445	
1123	 0.013570977615485416	 3.6922871901270016	
1124	 0.013570024310846975	 3.6918549205950337	
1125	 0.013569076534093831	 3.691425177713839	
1126	 0.013568124899325122	 3.6909937056563944	
1127	 0.013567194646085946	 3.690571947503226	
1128	 0.013566275921603095	 3.690155435178458	
1129	 0.01356536633469295	 3.689743083982061	
1130	 0.013564464396919976	 3.6893342186380784	
1131	 0.013563574670598624	 3.6889309067321787	
1132	 0.013562693276506523	 3.688531389206034	
1133	 0.013561812760921296	 3.688132287171327	
1134	 0.01356093347815087	 3.6877337611597367	
1135	 0.013560064856340544	 3.6873400840347403	
1136	 0.013559197886857784	 3.686947172541949	
1137	 0.013558255490827884	 3.6865200966547373	
1138	 0.01355738086352399	 3.686123749966189	
1139	 0.013556605216457835	 3.685772271489276	
1140	 0.013555824950475978	 3.6854187135127843	
1141	 0.013555042318982803	 3.685064097292687	
1142	 0.01355425838161736	 3.6847089030556774	
1143	 0.013553483477465423	 3.6843578151375245	
1144	 0.01355270840107045	 3.6840066625669823	
1145	 0.01355190607251926	 3.683643177361389	
1146	 0.013551082390229958	 3.6832700330281707	
1147	 0.013550270694737647	 3.68290233374247	
1148	 0.013549479769450723	 3.6825440575162065	
1149	 0.013548596740909065	 3.682144076493189	
1150	 0.013547724409580152	 3.68174895799739	
1151	 0.013546852816758175	 3.6813541909440333	
1152	 0.013545984178609338	 3.6809607789852543	
1153	 0.013545130562181812	 3.6805741868476307	
1154	 0.013544274499238453	 3.6801865030253933	
1155	 0.01354342046474814	 3.6797997541026524	
1156	 0.013542562019792648	 3.679411024288319	
1157	 0.013541714020080186	 3.6790270405240664	
1158	 0.01354087876431212	 3.678648843031015	
1159	 0.013540057994762869	 3.6782772199381726	
1160	 0.013539249886087184	 3.6779113440314015	
1161	 0.013538336914322657	 3.677498008265296	
1162	 0.013537542984600023	 3.6771385822985168	
1163	 0.013536748968004808	 3.676779131057742	
1164	 0.013535940745535727	 3.676413263254413	
1165	 0.01353510730204526	 3.6760359935997684	
1166	 0.013534247938140257	 3.6756470069300424	
1167	 0.013533362184910101	 3.675246092499251	
1168	 0.013532461671325135	 3.6748385150890455	
1169	 0.01353154993054204	 3.6744258746076626	
1170	 0.013530646916074458	 3.674017201798293	
1171	 0.013529779203519499	 3.6736245225316835	
1172	 0.013528956843578466	 3.6732523828744035	
1173	 0.01352816701004024	 3.6728949764731897	
1174	 0.013527390341880361	 3.6725435410829212	
1175	 0.01352661931622979	 3.6721946721827723	
1176	 0.013525869641123508	 3.6718554765557094	
1177	 0.013525138871724398	 3.6715248470081017	
1178	 0.01352440647822581	 3.6711934946012836	
1179	 0.01352367218644539	 3.6708612953750985	
1180	 0.013522935984797061	 3.6705282441816767	
1181	 0.013522197751239853	 3.670194285908051	
1182	 0.013521457650130088	 3.6698594950014005	
1183	 0.013520716015338587	 3.6695240225753967	
1184	 0.013519972681297083	 3.669187793817033	
1185	 0.013519227698139567	 3.668850831486671	
1186	 0.013518472302769919	 3.668509172262111	
1187	 0.013517679252039548	 3.6681504955169357	
1188	 0.01351693007128764	 3.66781167293677	
1189	 0.013516180039597193	 3.6674724780539876	
1190	 0.013515428715457443	 3.66713271125347	
1191	 0.013514676043095234	 3.6667923473798734	
1192	 0.013513922046010976	 3.666451397127802	
1193	 0.01351316676437867	 3.6661098787296185	
1194	 0.013512410241291342	 3.665767811734924	
1195	 0.013511652519677909	 3.6654252156163207	
1196	 0.01351075542965721	 3.665019622048741	
1197	 0.013509878309942469	 3.664623074841559	
1198	 0.013508992764744883	 3.6642227358717174	
1199	 0.01350811492531473	 3.663825897807327	
1200	 0.013507236333894324	 3.663428737010892	
1201	 0.013506361799103377	 3.663033427087007	
1202	 0.013505610514360094	 3.6626938426572577	
1203	 0.013504860026519705	 3.6623546310048165	
1204	 0.013504108766144805	 3.662015082762108	
1205	 0.013503356434724988	 3.6616750630575448	
1206	 0.013502537031142892	 3.6613047441436413	
1207	 0.013501706472061208	 3.660929398934062	
1208	 0.01350095262558472	 3.6605887349137	
1209	 0.013500198893641365	 3.660248135328857	
1210	 0.013499444374395228	 3.6599071926713123	
1211	 0.013498684184447642	 3.659563700456048	
1212	 0.01349789463941763	 3.65920695778421	
1213	 0.01349679692252736	 3.6587109959446313	
1214	 0.013495645464213567	 3.6581907819742674	
1215	 0.013494461771881327	 3.65765603593463	
1216	 0.013493287950504808	 3.6571257800877537	
1217	 0.013492103629862504	 3.6565908125234885	
1218	 0.013490937701446716	 3.656064183461642	
1219	 0.013489858990023057	 3.6555769757803853	
1220	 0.013488886406146214	 3.6551377236249722	
1221	 0.013487989142611956	 3.6547325074376036	
1222	 0.013487111571694422	 3.6543362020819323	
1223	 0.013486223324067646	 3.6539350926990095	
1224	 0.013485503373093575	 3.6536099946027374	
1225	 0.013484791266920884	 3.653288450254711	
1226	 0.013484077977383708	 3.652966382918537	
1227	 0.013483363596829752	 3.6526438343459393	
1228	 0.013482649197991215	 3.6523212889108674	
1229	 0.01348192345762859	 3.65199363453348	
1230	 0.013481207264161412	 3.6516703018778927	
1231	 0.013480496259385376	 3.651349323035556	
1232	 0.013479784705041992	 3.65102810739353	
1233	 0.013478988236002295	 3.65066857227718	
1234	 0.013478258082437454	 3.6503389851580246	
1235	 0.013477485444085807	 3.64999023361238	
1236	 0.013476428226533048	 3.649513051022979	
1237	 0.013475341417419578	 3.6490225380875656	
1238	 0.013474248878928664	 3.648529465876427	
1239	 0.013473136867997504	 3.6480276329514734	
1240	 0.013472016094675774	 3.647521873637526	
1241	 0.013470895653021522	 3.647016292028685	
1242	 0.013469801562704161	 3.6465226280971175	
1243	 0.01346879339808879	 3.646067758322198	
1244	 0.013519908395727141	 3.669158716409327	
1245	 0.01354672192937313	 3.6812949101061188	
1246	 0.013544105060821989	 3.6801097716639686	
1247	 0.01354155589449045	 3.6789554412598444	
1248	 0.013539060469847193	 3.677825586832285	
1249	 0.013536612933127742	 3.6767175494915403	
1250	 0.013534211785089416	 3.6756306427976817	
1251	 0.013531852854466358	 3.6745629714685992	
1252	 0.013529560824353767	 3.6735256987038722	
1253	 0.013527320305322334	 3.672511850828503	
1254	 0.013525124332972758	 3.6715182692113446	
1255	 0.013522982199348485	 3.6705491508853836	
1256	 0.013520890147733574	 3.6696027888366074	
1257	 0.013518836427879224	 3.6686738615192467	
1258	 0.01351676668318886	 3.667737781113929	
1259	 0.01351463286182725	 3.666772820882179	
1260	 0.013512444078762592	 3.6657831113020465	
1261	 0.013510235975468004	 3.6647847739176695	
1262	 0.013508331780274526	 3.66392392814857	
1263	 0.013506457600800475	 3.6630767308345016	
1264	 0.013504609469637567	 3.662241385047328	
1265	 0.013502782823469351	 3.6614158252524973	
1266	 0.013500979289041851	 3.660600783941865	
1267	 0.013499203577709867	 3.6597983871708495	
1268	 0.01349745089428065	 3.6590064650972263	
1269	 0.013495720674540364	 3.6582247601237405	
1270	 0.013494012408576074	 3.6574530393041784	
1271	 0.013492325607037626	 3.6566910790908516	
1272	 0.013490659793902187	 3.6559386620603354	
1273	 0.013489014504650247	 3.655195576084952	
1274	 0.013487389285647062	 3.6544616140491564	
1275	 0.013485783693800416	 3.6537365736909573	
1276	 0.013484197296286946	 3.653020257474483	
1277	 0.013482629670299586	 3.652312472472251	
1278	 0.013481080402804968	 3.651613030252092	
1279	 0.013479536598076443	 3.6509161075894965	
1280	 0.01347800648543673	 3.650225418476531	
1281	 0.013476510245644098	 3.649550070033559	
1282	 0.013475031043303849	 3.648882460814432	
1283	 0.013473568312268121	 3.6482223336408244	
1284	 0.01347212142592215	 3.647569404141216	
1285	 0.013470679844248417	 3.6469189149464234	
1286	 0.013468897337260765	 3.646114653173553	
1287	 0.013466930467997233	 3.645227290041669	
1288	 0.013464941227901771	 3.6443299220705314	
1289	 0.01369126924988188	 3.7469949013385397	
1290	 0.01414308647311108	 3.9553408188811714	
1291	 0.014368685072864902	 4.06105271520483	
1292	 0.014619267496798375	 4.179775324907533	
1293	 0.014796627451485531	 4.264631222322127	
1294	 0.01496140627004779	 4.344077956325652	
1295	 0.014924812351539843	 4.326383853734483	
1296	 0.014889132169260242	 4.309159391573203	
1297	 0.014854340478630225	 4.292390322189189	
1298	 0.014820405607811095	 4.276059432092	
1299	 0.014787297995894951	 4.260150660209272	
1300	 0.014754963534163659	 4.244636303310602	
1301	 0.014723368666655927	 4.22949868809487	
1302	 0.014692606312020797	 4.2147807357965545	
1303	 0.014662563648128674	 4.2004269269772765	
1304	 0.014633221330284874	 4.18642664348594	
1305	 0.014604561458104164	 4.172770034977039	
1306	 0.01457656681571459	 4.15944765044299	
1307	 0.014549210907183462	 4.146445700637341	
1308	 0.014522466486481624	 4.133750129462486	
1309	 0.014496083187115543	 4.121241245520199	
1310	 0.014470227938907397	 4.108997437959309	
1311	 0.01444495205855129	 4.0970420809935755	
1312	 0.01442045138659523	 4.085466696979629	
1313	 0.014396524366560484	 4.074174982918351	
1314	 0.014373160835339753	 4.063161258246547	
1315	 0.014350376047306471	 4.052431846077722	
1316	 0.01432810687221449	 4.041956205920942	
1317	 0.014306326243845926	 4.031720877292163	
1318	 0.014284927490481152	 4.021675114173685	
1319	 0.014264054731886884	 4.01188594281356	
1320	 0.01424367718531569	 4.002338230322408	
1321	 0.014223786093401474	 3.9930272202114945	
1322	 0.014204370910258338	 3.9839473503610843	
1323	 0.014185423708719573	 3.975094314220568	
1324	 0.014166998034622038	 3.966492517903269	
1325	 0.014148987092798224	 3.9580915394704665	
1326	 0.014131379545905876	 3.9498856082293403	
1327	 0.01411416539095164	 3.941869602669059	
1328	 0.01409733510029341	 3.934038647515798	
1329	 0.014080879438049363	 3.926388026730455	
1330	 0.014064789414568624	 3.9189131610865218	
1331	 0.01404905627127949	 3.911609599990595	
1332	 0.014033652844015806	 3.9044643785272757	
1333	 0.014018406523831493	 3.89739718148742	
1334	 0.01431116749953428	 4.033995021950309	
1335	 0.014787280348497406	 4.260142186659606	
1336	 0.015282648598540628	 4.500643658872909	
1337	 0.01574153465539126	 4.728122277986732	
1338	 0.01613930099484265	 4.928916398247529	
1339	 0.01645355771009557	 5.089908181076881	
1340	 0.01665330642998463	 5.19331149388618	
1341	 0.016742022256645377	 5.239503179162299	
1342	 0.016727577456447335	 5.231971053607942	
1343	 0.01664898383843143	 5.191065030883121	
1344	 0.01656956060676399	 5.149857790551358	
1345	 0.01649216975609197	 5.109831477488518	
1346	 0.01641678564810304	 5.070963245777735	
1347	 0.016343334561925688	 5.033205956973893	
1348	 0.016271781847207244	 4.996533135078205	
1349	 0.01620205302727041	 4.960898392232504	
1350	 0.016134104785323237	 4.92627182547731	
1351	 0.016067884155756766	 4.89261906424907	
1352	 0.016003327133318798	 4.85990061807203	
1353	 0.015940375641020167	 4.828080498502053	
1354	 0.015878969641464735	 4.797122188796809	
1355	 0.01581905666388518	 4.766993423804691	
1356	 0.015760686542543128	 4.737713590056272	
1357	 0.01570375865376003	 4.709226762931973	
1358	 0.0156482329555143	 4.681507836651572	
1359	 0.015594067434672385	 4.654531029527458	
1360	 0.01554121776216127	 4.628269713333322	
1361	 0.015489446045654272	 4.602601701381729	
1362	 0.015438914253811022	 4.577603529182082	
1363	 0.01565811127263282	 4.686434393920992	
1364	 0.015859940884974437	 4.787544866955871	
1365	 0.015934985634914727	 4.825359896564616	
1366	 0.015913402966491987	 4.8144722058297615	
1367	 0.015852494485468136	 4.783799120322609	
1368	 0.015793102051622567	 4.75396506713597	
1369	 0.015735179820756028	 4.72494147928508	
1370	 0.015678686639326794	 4.696702483703575	
1371	 0.015623583350842879	 4.669223519457119	
1372	 0.015569832174269351	 4.642481006384309	
1373	 0.015517396533807654	 4.616452242775024	
1374	 0.015466240988282788	 4.591115354222709	
1375	 0.015416331183704663	 4.56644925505448	
1376	 0.015367633812344798	 4.54243361390231	
1377	 0.015320116574635077	 4.519048821506869	
1378	 0.015273748143006348	 4.496275960260471	
1379	 0.01522849812739587	 4.474096775305345	
1380	 0.01518433704228852	 4.452493647074792	
1381	 0.015141236275190397	 4.431449565184754	
1382	 0.015099168056445837	 4.410948103592465	
1383	 0.015058105430317218	 4.390973396945638	
1384	 0.015018022227254542	 4.371510118051968	
1385	 0.014978892887596202	 4.352543383908654	
1386	 0.01494069255367571	 4.334058792721007	
1387	 0.014903397468849482	 4.316042608906112	
1388	 0.014866979486906611	 4.298479108416544	
1389	 0.014831342393676615	 4.281319954921659	
1390	 0.014796488508955047	 4.2645644799962295	
1391	 0.01476248070901027	 4.248241089310565	
1392	 0.014729298051236525	 4.232337903679114	
1393	 0.014696938242513936	 4.216852064638071	
1394	 0.014665374759466339	 4.201769191380178	
1395	 0.014634548391965034	 4.187059429003255	
1396	 0.014604439944854093	 4.172712171155525	
1397	 0.014575031255222692	 4.15871738484193	
1398	 0.014546304765025974	 4.145065401459276	
1399	 0.014518243419645707	 4.131746864281064	
1400	 0.014490830634158599	 4.118752708564441	
1401	 0.014464050274854623	 4.10607414914775	
1402	 0.01443788664451356	 4.093702670032499	
1403	 0.014412324468893928	 4.081630014723619	
1404	 0.014387348883854144	 4.069848177041414	
1405	 0.01436294542200597	 4.058349391877126	
1406	 0.014345975170488986	 4.050360770245676	
1407	 0.014681565441733166	 4.209503343309468	
1408	 0.014950363432454938	 4.3387354166310725	
1409	 0.015259997683589398	 4.4895315662832465	
1410	 0.015572682084092964	 4.643897362847447	
1411	 0.015925561492910394	 4.820604541215967	
1412	 0.016211856074184242	 4.965902051046101	
1413	 0.01644251734553182	 5.084217226257962	
1414	 0.01659983538240165	 5.165549790492885	
1415	 0.016554896497684508	 5.142263966542836	
1416	 0.016473905344107365	 5.100403406262357	
1417	 0.016396356051146265	 5.060450148789289	
1418	 0.01631836155406308	 5.020394387494074	
1419	 0.016239595217842455	 4.9800715596693035	
1420	 0.016163990650378997	 4.941489773467757	
1421	 0.01608923670573341	 4.903460168341188	
1422	 0.016015167967237485	 4.865895149394986	
1423	 0.015943237240112963	 4.829525137973485	
1424	 0.015877444917547827	 4.79635450120053	
1425	 0.01581289896994195	 4.7639011747667945	
1426	 0.01574993772230231	 4.732329597236452	
1427	 0.01568519824014017	 4.699953955600069	
1428	 0.015619383211938382	 4.667131635938545	
1429	 0.015552712404814852	 4.6339764112954	
1430	 0.015486406290230119	 4.601096389505721	
1431	 0.01541687151021502	 4.566716007066518	
1432	 0.015343758767500194	 4.530677885915497	
1433	 0.015271186929213726	 4.495019416440578	
1434	 0.015201648838975915	 4.460957407493902	
1435	 0.015138345345471933	 4.430039487252035	
1436	 0.01508258061639197	 4.402874861741367	
1437	 0.01503301812398019	 4.378787655470169	
1438	 0.01498472548200428	 4.355368460871711	
1439	 0.014934462400990027	 4.331047096691351	
1440	 0.014883933216254279	 4.306651912822951	
1441	 0.014834880794418437	 4.283022456511555	
1442	 0.014786650249574975	 4.259839643661972	
1443	 0.014739516176082768	 4.237232519907908	
1444	 0.0146947866686812	 4.215823230643554	
1445	 0.014651887224220386	 4.195330654362214	
1446	 0.014610704668569936	 4.175695810219977	
1447	 0.014571159506078018	 4.156876327076236	
1448	 0.014532662799668434	 4.138588480508202	
1449	 0.01449665812919952	 4.121513676162959	
1450	 0.014463784132914072	 4.105948228696846	
1451	 0.01443328966519617	 4.091530529742911	
1452	 0.014400904154115138	 4.076240971197255	
1453	 0.014368635640981514	 4.061029430163664	
1454	 0.014337241589719099	 4.046251955329763	
1455	 0.014304786398386948	 4.0309976536126815	
1456	 0.01426796183862593	 4.013717621350577	
1457	 0.014230977776911246	 3.9963926424401337	
1458	 0.01419512038076904	 3.9796240776336393	
1459	 0.014161094877082486	 3.963738279048063	
1460	 0.0141304102515965	 3.9494340700888775	
1461	 0.014101310763269813	 3.93588791925396	
1462	 0.014073885937552783	 3.923138389463603	
1463	 0.014048540325326668	 3.9113701824338265	
1464	 0.014025387444410497	 3.900632444136016	
1465	 0.014003700315227446	 3.890585198157949	
1466	 0.013982799433894773	 3.880912017109704	
1467	 0.013962399270216013	 3.8714798653332445	
1468	 0.013941446271324938	 3.8618016661419876	
1469	 0.013920837537112436	 3.8522919376071085	
1470	 0.013902059152051687	 3.843634976543897	
1471	 0.013884748117735796	 3.8356613765290866	
1472	 0.013867487099518721	 3.827717410365288	
1473	 0.013850371115917188	 3.819846699282127	
1474	 0.013834979832146524	 3.812774618736452	
1475	 0.0138207832189744	 3.806256121122892	
1476	 0.01380787360655583	 3.80033243483343	
1477	 0.013794270799303336	 3.79409466385752	
1478	 0.013782324404208878	 3.788619846493591	
1479	 0.013760185698028449	 3.7784824389387692	
1480	 0.01373511722855946	 3.7670166005960932	
1481	 0.01370849658563538	 3.754856092339317	
1482	 0.01368124638013761	 3.74242429067733	
1483	 0.013654933357078621	 3.730435695887738	
1484	 0.013628720456269347	 3.71850802194419	
1485	 0.013604216587893063	 3.70737183203538	
1486	 0.013581803742277278	 3.6971976442442083	
1487	 0.013561209934905182	 3.687859060527454	
1488	 0.013542256739740832	 3.6792727882162137	
1489	 0.01352487860380451	 3.67140709418078	
1490	 0.01350899109495747	 3.6642219810075494	
1491	 0.013494041527604146	 3.6574661934784283	
1492	 0.013480480427300226	 3.6513421758641096	
1493	 0.013467881427669174	 3.645656309575806	
1494	 0.013458362216122422	 3.6413626873908593	
1495	 0.01345127296570586	 3.6381664095389796	
1496	 0.013444095938432328	 3.634931700155882	
1497	 0.01343724715639363	 3.6318460052101504	
1498	 0.013431575628237038	 3.6292915114066115	
1499	 0.013427272363324957	 3.6273537721457347	
1500	 0.013422904713301589	 3.625387463888751	
1501	 0.01341867738108995	 3.6234847326229986	
1502	 0.013415273724964226	 3.6219530300985823	
1503	 0.013418309807491605	 3.6233193058422954	
1504	 0.013416110318902283	 3.6223294874359024	
1505	 0.013413238747493705	 3.6210373797391564	
1506	 0.013409959813337669	 3.6195621984079116	
1507	 0.013406824985676373	 3.61815207492897	
1508	 0.013405989750710069	 3.6177764025415935	
1509	 0.01340499328388936	 3.6173282316249025	
1510	 0.01340348697400445	 3.6166507958538876	
1511	 0.013400672657194553	 3.6153852434954485	
1512	 0.013394462514967875	 3.6125932706947075	
1513	 0.013381661818867293	 3.606841020996562	
1514	 0.013354614065586096	 3.5946986324741834	
1515	 0.013313131414872902	 3.576107907290962	
1516	 0.013263201272912192	 3.553782548472677	
1517	 0.013212887275243014	 3.531342162646612	
1518	 0.013161540581319148	 3.5084998471633435	
1519	 0.013110158163728044	 3.4857010336801557	
1520	 0.013060266035327221	 3.463620402505914	
1521	 0.013013569266379097	 3.4430048144257506	
1522	 0.01296929571128799	 3.4235045106620885	
1523	 0.01291774865340708	 3.4008564440823768	
1524	 0.012852977031236341	 3.372483257967998	
1525	 0.01278482071528407	 3.342730163507615	
1526	 0.012719154194598587	 3.314163809306922	
1527	 0.012656793903442765	 3.287126598255537	
1528	 0.012596678139866589	 3.2611464668357373	
1529	 0.01253505422585399	 3.2346002195652948	
1530	 0.012474382050587818	 3.208548819069476	
1531	 0.012425089571353853	 3.187445714265381	
1532	 0.012391610944120059	 3.1731446187214547	
1533	 0.012363138860594505	 3.1610024221964825	
1534	 0.012336980978304171	 3.1498635572298017	
1535	 0.012312643571798924	 3.13951403848577	
1536	 0.012289389981061086	 3.129638146066708	
1537	 0.01226723230395225	 3.1202392761494826	
1538	 0.012244973900524907	 3.1108090682699956	
1539	 0.012222250137732184	 3.1011934834860813	
1540	 0.012202725916120153	 3.092941301090881	
1541	 0.012184136848037723	 3.0850925498022845	
1542	 0.012165367138600187	 3.0771756231427654	
1543	 0.012145369970325007	 3.068749918248852	
1544	 0.01212323808501969	 3.0594355376789406	
1545	 0.012100511643736505	 3.0498827233353305	
1546	 0.01207330289705192	 3.038461543319954	
1547	 0.012038084056806947	 3.0237034988719076	
1548	 0.012002579203732754	 3.008854711647969	
1549	 0.011971294323659808	 2.9957950394484225	
1550	 0.011941251240342798	 2.983275144456588	
1551	 0.01191428751388059	 2.972056379547642	
1552	 0.011887255466578157	 2.9608261665058317	
1553	 0.01185908996285293	 2.9491431670450434	
1554	 0.011828060514976044	 2.9362936076678037	
1555	 0.011803420755326012	 2.926106065591326	
1556	 0.011789117655721658	 2.920198812111898	
1557	 0.011778466574154378	 2.915802963220047	
1558	 0.011767545848895536	 2.9112985793675135	
1559	 0.011754332887014725	 2.905852459648916	
1560	 0.011742421885857866	 2.9009464787302046	
1561	 0.011735406147238985	 2.898058342466426	
1562	 0.011731506395283448	 2.8964534474698755	
1563	 0.011731460415162188	 2.8964345270371177	
1564	 0.011733639769493934	 2.897331367354238	
1565	 0.011734437765507612	 2.8976597836769185	
1566	 0.011726058186422446	 2.894211899536496	
1567	 0.011709579776348254	 2.887436438984659	
1568	 0.011689674672252745	 2.8792604909214656	
1569	 0.011673825605786548	 2.8727571784603425	
1570	 0.011662645900521927	 2.868173373323152	
1571	 0.011684666181159317	 2.8772047321305423	
1572	 0.011753488549373218	 2.905504579156912	
1573	 0.011741850875592931	 2.900711370592226	
1574	 0.011736906073361437	 2.898675713316843	
1575	 0.01173611084854213	 2.898348391562782	
1576	 0.011734027974993271	 2.8974911319848813	
1577	 0.01172809241094241	 2.8950487561003104	
1578	 0.01171897906937958	 2.891300386681454	
1579	 0.011714253097399752	 2.8893573323649555	
1580	 0.01171268872737629	 2.888714266356726	
1581	 0.011710257917193392	 2.8877151461662987	
1582	 0.01170976034893932	 2.887510650950331	
1583	 0.011708122262886355	 2.8868374560798085	
1584	 0.011706917035514583	 2.886342190762439	
1585	 0.011706951847255126	 2.8863564955099017	
1586	 0.011709000937781032	 2.8871985522766526	
1587	 0.011712723504807222	 2.888728561702376	
1588	 0.011719771143804056	 2.891626094332209	
1589	 0.011726278294649062	 2.89430244485935	
1590	 0.011732154818064253	 2.896720273249097	
1591	 0.011737226692910238	 2.898807687415768	
1592	 0.011741724487863904	 2.900659332656699	
1593	 0.01174626674130822	 2.9025297604570763	
1594	 0.011746850469693338	 2.902770165502749	
1595	 0.011750316976263563	 2.9041979895904397	
1596	 0.01175840556671734	 2.9075307022203147	
1597	 0.011775356022114583	 2.9145196950954553	
1598	 0.011799291084332718	 2.9243999999973256	
1599	 0.011827396669944869	 2.9360189490213893	
1600	 0.011853527171557672	 2.9468379167083287	
1601	 0.011879372876743457	 2.957554620894507	
1602	 0.011904190843332505	 2.9678598218944092	
1603	 0.011931308362800227	 2.979136255756055	
1604	 0.011965197937646388	 2.993252788227409	
1605	 0.011998878100989829	 3.007308525121248	
1606	 0.012034856210766122	 3.0223523457378776	
1607	 0.012068301258631066	 3.0363639141649523	
1608	 0.012097762860485861	 3.0487281121401097	
1609	 0.01212251355705973	 3.059130805778289	
1610	 0.01214238854196754	 3.0674945002883214	
1611	 0.012155193078137578	 3.0728876798794453	
1612	 0.012165448539521272	 3.0772099398888044	
1613	 0.01217204550087822	 3.079991575132046	
1614	 0.012177454322294964	 3.082272976375692	
1615	 0.012183077257716755	 3.08464540563384	
1616	 0.012188972513954783	 3.0871335164868947	
1617	 0.012196092875439933	 3.090139756561298	
1618	 0.012203744171314633	 3.0933714633305103	
1619	 0.012210810666223603	 3.0963573656182586	
1620	 0.012213250184090304	 3.0973884358640977	
1621	 0.01220939542018814	 3.09575927016734	
1622	 0.01219662472335449	 3.0903643514775565	
1623	 0.012177866070672685	 3.0824466765005374	
1624	 0.012167554677750698	 3.0780978922831936	
1625	 0.012158579103937707	 3.0743144833613183	
1626	 0.012152753443081522	 3.0718598307262943	
1627	 0.012153018454326916	 3.0719714766618784	
1628	 0.012173743145404927	 3.080707556397029	
1629	 0.012192839641961073	 3.0887660854557883	
1630	 0.012198970048249828	 3.0913548404007285	
1631	 0.012201946276085474	 3.092611958078432	
1632	 0.012201695593955023	 3.0925060655118357	
1633	 0.012197780877903778	 3.090852608376533	
1634	 0.012193244642108568	 3.0889370826158005	
1635	 0.012180823883323012	 3.083694574100245	
1636	 0.012166484640088304	 3.0776467493038053	
1637	 0.012149368803275648	 3.070434066892753	
1638	 0.012132319206622269	 3.0632560299874387	
1639	 0.012117342682133289	 3.0569563208854276	
1640	 0.012100516415995707	 3.049884728048469	
1641	 0.012073524254695097	 3.0385543915380913	
1642	 0.01203295752622472	 3.0215576828862054	
1643	 0.011964415166360232	 2.9929264276645475	
1644	 0.01187950889456313	 2.9576110606957537	
1645	 0.011784993473292125	 2.9184963906435555	
1646	 0.011691420411059823	 2.87997717567787	
1647	 0.011601022010041779	 2.842959467342697	
1648	 0.011515836377895574	 2.808251886573031	
1649	 0.011434246831743369	 2.7751695512364747	
1650	 0.011358251639988047	 2.744496788510623	
1651	 0.011300068222054795	 2.7211053680626813	
1652	 0.011265996667398782	 2.707444819545691	
1653	 0.011246866460407933	 2.699786870352657	
1654	 0.011239828618090265	 2.6969717587262303	
1655	 0.011242413782918034	 2.69800567885752	
1656	 0.011254847706595255	 2.7029807614956343	
1657	 0.011271369647542119	 2.7095972196919944	
1658	 0.011286145058529403	 2.7155197332681187	
1659	 0.011298390929324276	 2.720432235780016	
1660	 0.011310817530136626	 2.725420869107885	
1661	 0.011319400472590823	 2.7288686079316884	
1662	 0.011326798838498258	 2.731841905377165	
1663	 0.011331087082848794	 2.7335658823075213	
1664	 0.011331195319914755	 2.733609401829027	
1665	 0.011332197146357319	 2.734012225304949	
1666	 0.011328066664888196	 2.732351556652516	
1667	 0.011318732566479308	 2.7286002497595656	
1668	 0.011425283008253621	 2.7715445305270503	
1669	 0.011381450556803055	 2.753845746507391	
1670	 0.01133238279311956	 2.7340868744488365	
1671	 0.011279782235291358	 2.712968651869503	
1672	 0.011217372602759077	 2.6879972895670488	
1673	 0.011148298689894262	 2.6604672058112273	
1674	 0.01107891682185396	 2.63292862588893	
1675	 0.011025068968384158	 2.611634767350505	
1676	 0.010992900075162826	 2.598946764764459	
1677	 0.010972159426918109	 2.5907793821071734	
1678	 0.010963870042323564	 2.5875180128698894	
1679	 0.010963114417182576	 2.5872208020099827	
1680	 0.010960387433427355	 2.5861483080953236	
1681	 0.010953775381938681	 2.5835485966241962	
1682	 0.010943777707251657	 2.579619719989962	
1683	 0.010936749558253358	 2.576859236527694	
1684	 0.010939352205685166	 2.5778813543614802	
1685	 0.010946492077979425	 2.580686174269687	
1686	 0.010956470576944046	 2.584608161038446	
1687	 0.010967700017764535	 2.5890246713031355	
1688	 0.010980278564105262	 2.593975362105303	
1689	 0.010997164461871767	 2.600627295986893	
1690	 0.011009585860130936	 2.60552485970171	
1691	 0.011016589661847665	 2.608287974361474	
1692	 0.011020608880497858	 2.609874151031525	
1693	 0.01102525144570411	 2.6117068102471115	
1694	 0.011030719178657928	 2.613865865450164	
1695	 0.011036182512580787	 2.6160238963260163	
1696	 0.01103335290428606	 2.614906104877551	
1697	 0.011028732760124874	 2.61308140165194	
1698	 0.011025083018370218	 2.6116403143222544	
1699	 0.011026201450180297	 2.6120818892850006	
1700	 0.011041487515090802	 2.618120067546475	
1701	 0.011068261441335827	 2.6287095218976853	
1702	 0.011091683557221135	 2.6379873052858533	
1703	 0.011104859991476515	 2.6432123955469677	
1704	 0.0111080461458965	 2.6444764799620226	
1705	 0.011109242782525593	 2.6449512995974183	
1706	 0.01111303216660964	 2.6464551338524265	
1707	 0.011121929644092657	 2.6499874819058618	
1708	 0.011135987632069192	 2.6555724219206835	
1709	 0.011152180929468984	 2.662011502724678	
1710	 0.011166367481681962	 2.66765774903828	
1711	 0.011178858871907968	 2.6726332820507808	
1712	 0.01119013207259038	 2.6771267725984407	
1713	 0.011205626157103743	 2.6833076305434784	
1714	 0.011221702208189976	 2.6897266703121	
1715	 0.011235232442235246	 2.6951339390694997	
1716	 0.01124648509991656	 2.699634297424326	
1717	 0.011246891388242121	 2.6997968434844926	
1718	 0.01123829179487269	 2.696357191243488	
1719	 0.011221456542488914	 2.689628531789386	
1720	 0.011195369615458943	 2.679215480999439	
1721	 0.011166860230489227	 2.6678539489978568	
1722	 0.011136517921264735	 2.6557831865998223	
1723	 0.011112417462319725	 2.646211162434505	
1724	 0.011102711298263436	 2.642360053085588	
1725	 0.011096026259595887	 2.639708938844967	
1726	 0.011091867654359036	 2.638060280170909	
1727	 0.011091189311215471	 2.6377913934395605	
1728	 0.011092075571583173	 2.6381426981511877	
1729	 0.011089566866770479	 2.63714832123905	
1730	 0.011082401114749818	 2.6343088535085086	
1731	 0.011071075387955808	 2.6298234690699687	
1732	 0.011057388281279865	 2.624406976434178	
1733	 0.01104097195846517	 2.6179163256537348	
1734	 0.01102308101915775	 2.6108499672316823	
1735	 0.011005972608356635	 2.6040998307172787	
1736	 0.01099022230598951	 2.5978917179635466	
1737	 0.010978236074304017	 2.593171217402868	
1738	 0.010964148055485777	 2.5876273675263812	
1739	 0.010950293801950816	 2.5821801372326036	
1740	 0.010935072332245197	 2.576200638289833	
1741	 0.010912959768340044	 2.567523970481778	
1742	 0.010889177954054606	 2.5582053844484567	
1743	 0.01086266886844967	 2.5478341333197423	
1744	 0.010827873611278504	 2.534246641748366	
1745	 0.010790733522761399	 2.519775581142612	
1746	 0.010754122641449674	 2.505543179027714	
1747	 0.010725434384085682	 2.4944132253747173	
1748	 0.010715601229796439	 2.490602897409619	
1749	 0.010712778775917675	 2.4895096324825756	
1750	 0.010715828621149165	 2.4906909847935848	
1751	 0.010724071407934957	 2.49388493570409	
1752	 0.010733093933519722	 2.4973828998504515	
1753	 0.010739977470023076	 2.50005291299541	
1754	 0.01074434466905345	 2.50174747093946	
1755	 0.010746090694691218	 2.502425091270502	
1756	 0.010748069714412953	 2.5031932237249723	
1757	 0.010749169569843004	 2.5036201600093633	
1758	 0.010749601757664854	 2.5037879324495576	
1759	 0.010749371295525974	 2.5036984680192234	
1760	 0.01074839046161036	 2.5033177267317295	
1761	 0.01074930040329193	 2.503670948210125	
1762	 0.010748737622390389	 2.5034524853721396	
1763	 0.010748538111313226	 2.5033750400898396	
1764	 0.010748285498067053	 2.5032769832293664	
1765	 0.0107478695598988	 2.5031155318964635	
1766	 0.010750143040994711	 2.5039980613838244	
1767	 0.010754015377040432	 2.5055015276033656	
1768	 0.010754010504578722	 2.505499635603341	
1769	 0.010753586381320521	 2.505334948717664	
1770	 0.010755890472183347	 2.506229678380771	
1771	 0.010772016819670743	 2.5124954738851417	
1772	 0.010817842176204363	 2.53033478117863	
1773	 0.010861980366987404	 2.5475649928218473	
1774	 0.010906002343896758	 2.564796394285944	
1775	 0.010948370931741905	 2.5814244639580295	
1776	 0.010989490636214114	 2.5976034683093077	
1777	 0.011029598009824039	 2.613423088993052	
1778	 0.01106909034068855	 2.6290376357611573	
1779	 0.011108582416546508	 2.644689265349575	
1780	 0.011116870460938542	 2.647978726903638	
1781	 0.011119603233702953	 2.6490637020778403	
1782	 0.011124211979322878	 2.650893885394097	
1783	 0.011131436430815097	 2.6537638114996533	
1784	 0.011138786318932916	 2.656684842074762	
1785	 0.011152251244570841	 2.6620394763268127	
1786	 0.011172862643816887	 2.6702444196706554	
1787	 0.011208982531296747	 2.684647297409885	
1788	 0.011243804363628674	 2.698561898279755	
1789	 0.011252197955367908	 2.701920231152053	
1790	 0.01125705124117702	 2.7038628258935926	
1791	 0.011261222849568197	 2.7055330161085727	
1792	 0.011262860022303343	 2.706188604996175	
1793	 0.011261877954340626	 2.705795338413371	
1794	 0.011259498888860851	 2.7048427425540034	
1795	 0.011263994792894808	 2.706643049422552	
1796	 0.011280176819501487	 2.713126826772283	
1797	 0.011299747066286392	 2.7209764764505175	
1798	 0.011314872923659491	 2.727049689630269	
1799	 0.011323603790834934	 2.730557702532208	
1800	 0.011325047510855366	 2.7311379548426027	
1801	 0.011325465331006281	 2.7313058921080096	
1802	 0.011329051855954241	 2.7327476181133656	
1803	 0.011337946855940667	 2.7363245798824636	
1804	 0.01135275285809418	 2.7422826927975428	
1805	 0.011387337240940962	 2.756220050600782	
1806	 0.011420826732446536	 2.769743092871671	
1807	 0.01145357413968474	 2.7829920707616704	
1808	 0.011485186726404624	 2.7958059012633703	
1809	 0.011505141496145725	 2.803906475856809	
1810	 0.011537022717132146	 2.8168680006695417	
1811	 0.011567565888096877	 2.82930794940997	
1812	 0.011595635313724005	 2.840759691482868	
1813	 0.011594267043630063	 2.8402010367910155	
1814	 0.011584473972521488	 2.836203880440118	
1815	 0.011574112553066921	 2.831977197990798	
1816	 0.011560148046271871	 2.8262847157995044	
1817	 0.011550193416588393	 2.8222296147292574	
1818	 0.01154090636827622	 2.818448558667518	
1819	 0.011533967187077903	 2.815624718472851	
1820	 0.011526129820612092	 2.8124367312295306	
1821	 0.01151172842879142	 2.806582477645432	
1822	 0.011495870100159138	 2.8001416165177537	
1823	 0.011482448838453587	 2.7946951959100272	
1824	 0.011471430961336525	 2.7902272525542817	
1825	 0.011459772072108545	 2.785502481879289	
1826	 0.011445753729581674	 2.7798257832190525	
1827	 0.011432316819730457	 2.7743888834046686	
1828	 0.011440544086124304	 2.777717329690705	
1829	 0.01145270687280454	 2.7826408651173966	
1830	 0.011464861840165652	 2.7875647189978903	
1831	 0.01147782905625199	 2.7928214446843636	
1832	 0.011494512035603392	 2.799590313702264	
1833	 0.01151376043909988	 2.8074082065405324	
1834	 0.0115333416497586	 2.815370217069995	
1835	 0.011553550830206791	 2.8235970247622264	
1836	 0.011574019486155487	 2.8319392450932677	
1837	 0.011589915876384768	 2.8384247790856483	
1838	 0.011591960132051146	 2.8392592411507955	
1839	 0.011573121696930323	 2.8315731350592954	
1840	 0.011552232575330999	 2.823060093298445	
1841	 0.011528951952990502	 2.813584516978831	
1842	 0.011506851336083514	 2.804601015883489	
1843	 0.011496386681836841	 2.8003513329214367	
1844	 0.011495412729288683	 2.7999559431392904	
1845	 0.011493693773858036	 2.7992581634131546	
1846	 0.011488127132672974	 2.7969989607711123	
1847	 0.011478586827327013	 2.793128756846969	
1848	 0.01146855516054552	 2.7890615352724866	
1849	 0.011459858241217568	 2.7855373902042735	
1850	 0.011454524320272608	 2.783376873230787	
1851	 0.011454352712849237	 2.7833073743825865	
1852	 0.01145605184358137	 2.7839955315477747	
1853	 0.01145919602139457	 2.785269120081584	
1854	 0.011464343956747461	 2.7873548586686865	
1855	 0.011472002370325194	 2.7904588986628127	
1856	 0.011480054237122101	 2.793723899671337	
1857	 0.011487883633958897	 2.796900154291683	
1858	 0.011496816612165298	 2.8005258763105507	
1859	 0.011504253580946422	 2.803545830266106	
1860	 0.011519718994746644	 2.809830088836759	
1861	 0.011548230828830039	 2.821430413167714	
1862	 0.01158873360253941	 2.8379422214746617	
1863	 0.011654941454497638	 2.8650161680029793	
1864	 0.011716450529062115	 2.890260727888072	
1865	 0.011777784730933372	 2.915521647296608	
1866	 0.011809104214397221	 2.9284546888557523	
1867	 0.011883030948677549	 2.9590726665209544	
1868	 0.011962930785572106	 2.992307584383899	
1869	 0.012037101591060249	 3.0232922202047727	
1870	 0.012105276407691575	 3.0518845503390266	
1871	 0.012168967836360562	 3.0786937404288817	
1872	 0.012228064694005428	 3.1036527856012484	
1873	 0.012279125214895338	 3.1252826194987815	
1874	 0.012328305170602988	 3.1461725942440544	
1875	 0.012378417618373707	 3.1675158817477285	
1876	 0.012422454891356509	 3.186319323207214	
1877	 0.012470521074799061	 3.206893847154486	
1878	 0.012544783951216923	 3.2387858036263344	
1879	 0.012698929397787348	 3.30538534875484	
1880	 0.012861265002014658	 3.3761084946315796	
1881	 0.012973797088520422	 3.4254851204065475	
1882	 0.012950538082178466	 3.415256072047444	
1883	 0.012903551707219718	 3.394629341690955	
1884	 0.012849038053217157	 3.370760857999628	
1885	 0.01279485470480805	 3.3471037997820985	
1886	 0.012732030493334729	 3.3197575463148485	
1887	 0.012654297460283126	 3.2860460738045574	
1888	 0.012590551753149022	 3.2585034677490476	
1889	 0.012514667740384247	 3.2258372770971437	
1890	 0.012430601607599906	 3.1898027615556317	
1891	 0.012358328796725092	 3.158952962674603	
1892	 0.012299227048318036	 3.133814468706488	
1893	 0.01224512241114963	 3.110871949861194	
1894	 0.012193041698291931	 3.088851396207552	
1895	 0.01214441701685232	 3.068348626863262	
1896	 0.012100187488083477	 3.0497465544516142	
1897	 0.012055952367805952	 3.031187414306009	
1898	 0.012010633023765113	 3.0122204040906393	
1899	 0.011971433682753186	 2.99585316361464	
1900	 0.011939801972205755	 2.9826717193199923	
1901	 0.011918272742140704	 2.973713443754535	
1902	 0.011903064596278254	 2.967391858130943	
1903	 0.011892406712301299	 2.962964892046244	
1904	 0.011885352677742789	 2.960036311300256	
1905	 0.011875441961894396	 2.95592369684048	
1906	 0.011866676126463624	 2.952288075697227	
1907	 0.011866244583657762	 2.952109139992122	
1908	 0.011873260822397863	 2.955018904241798	
1909	 0.011883854309228696	 2.9594143919027216	
1910	 0.011888139757058701	 2.9611932676873756	
1911	 0.011881560550794883	 2.9584624357450937	
1912	 0.011867454558878809	 2.9526108573203014	
1913	 0.011849464382261551	 2.9451547308405472	
1914	 0.011832072218367481	 2.93795362492195	
1915	 0.011818228358015053	 2.9322267110749283	
1916	 0.011818953142549183	 2.9325264283071086	
1917	 0.01182817283847645	 2.9363400813084355	
1918	 0.011843996407891152	 2.9428899936827246	
1919	 0.011867455450425335	 2.952611227013454	
1920	 0.011890363403385298	 2.9621164647007032	
1921	 0.011912733306789648	 2.9714102379249376	
1922	 0.011918895776312445	 2.973972535741044	
1923	 0.011917717641291008	 2.9734826097979514	
1924	 0.011912857633848641	 2.971461923233926	
1925	 0.011905720730379446	 2.968495548262433	
1926	 0.011898103690169904	 2.965330917288053	
1927	 0.01189080991040442	 2.9623018560555208	
1928	 0.011885118053405416	 2.9599389236435005	
1929	 0.011882150147263987	 2.9587071185108544	
1930	 0.01188384743115604	 2.9594115371802907	
1931	 0.011887685729717358	 2.9610047821297534	
1932	 0.011887555187177809	 2.960950589402118	
1933	 0.01188293356846516	 2.9590322511394396	
1934	 0.011867253206788041	 2.952527364126926	
1935	 0.011844764150599776	 2.9432079369224096	
1936	 0.011813718376035013	 2.9303619917373736	
1937	 0.011779737434312943	 2.916327325632409	
1938	 0.01174446512867155	 2.9017878272885147	
1939	 0.011712450160654139	 2.8886162037013645	
1940	 0.011697374275692155	 2.8824219748250384	
1941	 0.011684019534820378	 2.876939355902158	
1942	 0.011668555268574974	 2.8705959160208936	
1943	 0.011656707671035287	 2.865739823081731	
1944	 0.011649205948792096	 2.8626667180585237	
1945	 0.011642389645094795	 2.8598755407416734	
1946	 0.011633664983391724	 2.856304507921168	
1947	 0.011622691580006067	 2.8518155920989097	
1948	 0.011614262070919767	 2.8483692312766196	
1949	 0.011607019558408552	 2.845409499339504	
1950	 0.011600996100603398	 2.8429488850238522	
1951	 0.011595627448265663	 2.840756479948045	
1952	 0.011593400966755926	 2.8398474466391868	
1953	 0.011596465889164614	 2.8410988308088507	
1954	 0.011602288810860216	 2.843476892224946	
1955	 0.011629848063408036	 2.854742791212528	
1956	 0.011657519440044475	 2.866072445986263	
1957	 0.0116846978156447	 2.8772177148111155	
1958	 0.011710893337892509	 2.887976305681092	
1959	 0.011736243959192434	 2.8984031800844043	
1960	 0.011761812480678225	 2.9089348982167706	
1961	 0.011786783011019722	 2.919235045238905	
1962	 0.011810927812198604	 2.92920842912259	
1963	 0.011833905820550049	 2.93871248276035	
1964	 0.01183702545653228	 2.9400037609614342	
1965	 0.011831381159160518	 2.937667642278413	
1966	 0.011824259578103966	 2.9347211505021136	
1967	 0.01181288125943478	 2.930015925600739	
1968	 0.011799188510401529	 2.9243576293253652	
1969	 0.011785429961787806	 2.9186765499607596	
1970	 0.0117741870682686	 2.914037497888826	
1971	 0.011765654423747005	 2.91051872144458	
1972	 0.011760980617599023	 2.9085920119344446	
1973	 0.011760073818318964	 2.908218256060179	
1974	 0.011762823943631257	 2.909351835689531	
1975	 0.011768767320288745	 2.9118022515032886	
1976	 0.011775067684682249	 2.9144007520157196	
1977	 0.011779036521783835	 2.916038121419034	
1978	 0.01178267633219183	 2.9175400720946865	
1979	 0.011795121679652186	 2.9226779232601054	
1980	 0.011800340214107774	 2.924833382820019	
1981	 0.011809609054417965	 2.9286633445627084	
1982	 0.011819773791824906	 2.932865802891895	
1983	 0.011831515141033384	 2.9377230874391818	
1984	 0.011828300263010133	 2.936392803329877	
1985	 0.011825210515320657	 2.935114524023195	
1986	 0.011819219918608055	 2.9326367502225152	
1987	 0.011815851917524923	 2.931244077158995	
1988	 0.011822545336865558	 2.9340120748280483	
1989	 0.011826041631499962	 2.9354583485320984	
1990	 0.011823484361539113	 2.934400482822355	
1991	 0.011816262951721447	 2.9314140261864035	
1992	 0.011807866628044247	 2.927943206516107	
1993	 0.011802172807638827	 2.925590466670392	
1994	 0.011794223160833147	 2.9223068638644882	
1995	 0.011780130429728723	 2.9164894848799667	
1996	 0.011763779160741806	 2.909745609879106	
1997	 0.011745271624090016	 2.9021199457419304	
1998	 0.011725923295289048	 2.894156410297599	
1999	 0.011706462746182734	 2.8861555180030254	
2000	 0.011687897165444584	 2.878530837636508	
2001	 0.011674063278276362	 2.8728546586420642	
2002	 0.011663387996591452	 2.868477550344052	
2003	 0.011656156516092085	 2.8655139957697795	
2004	 0.011649214841345104	 2.862670360141101	
2005	 0.011638649545134995	 2.8583444869376304	
2006	 0.011616617560599308	 2.8493320931224217	
2007	 0.011588949254744164	 2.838030239762402	
2008	 0.011559699105560267	 2.826101785926806	
2009	 0.01152567036100178	 2.812249882747792	
2010	 0.011488854038724556	 2.7972939317339454	
2011	 0.011463024867760279	 2.7868203567828127	
2012	 0.011454839450181078	 2.7835044986881163	
2013	 0.011447766050319254	 2.7806403835538744	
2014	 0.011441342902449731	 2.77804058611053	
2015	 0.011446966039013011	 2.780316522415737	
2016	 0.01145154380760647	 2.7821699017565473	
2017	 0.01145239018022044	 2.782512622712465	
2018	 0.011448958648844076	 2.7811232001373094	
2019	 0.011442435865099583	 2.778482898886289	
2020	 0.011436436880080777	 2.7760555071977486	
2021	 0.011427989690751405	 2.7726389284283752	
2022	 0.011417080235694994	 2.768228944052886	
2023	 0.011405127370311593	 2.7634004007831336	
2024	 0.011395396540897088	 2.759471973278671	
2025	 0.01138721367377595	 2.7561702032632387	
2026	 0.011374211744954172	 2.750927204538549	
2027	 0.011355778194214506	 2.7435007620935843	
2028	 0.011336256658754405	 2.735644753934378	
2029	 0.011317531703473669	 2.7281177812504387	
2030	 0.011293055404522613	 2.7182914222777907	
2031	 0.011274478536787093	 2.7108429440932653	
2032	 0.011261116784818332	 2.7054905457680203	
2033	 0.01124556052011579	 2.6992644101635315	
2034	 0.01122805120068929	 2.692263462345828	
2035	 0.011222716734650964	 2.69013196846608	
2036	 0.011231496901218389	 2.693640620678482	
2037	 0.011247934584892047	 2.7002142189770817	
2038	 0.011259790338718146	 2.7049594340753833	
2039	 0.011262775127004979	 2.706154607990181	
2040	 0.011264125999451811	 2.706695596010296	
2041	 0.011264858543980424	 2.706988978445748	
2042	 0.011265987311220466	 2.7074410720847477	
2043	 0.011268795891761184	 2.7085660952738317	
2044	 0.01127810405292052	 2.7122959689108286	
2045	 0.011289348224193847	 2.716804358856326	
2046	 0.01130013157610691	 2.721130794660422	
2047	 0.011312241464691397	 2.725992738145819	
2048	 0.011323705067943966	 2.730598405683449	
2049	 0.011338604562185037	 2.7365891387403094	
2050	 0.011350630578262024	 2.741428343686212	
2051	 0.011360485202464838	 2.7453963411068423	
2052	 0.011372842472176457	 2.750375280785621	
2053	 0.011381186427618971	 2.7537392332236674	
2054	 0.011376289785847295	 2.751764901760824	
2055	 0.011364970934449423	 2.7472032963523145	
2056	 0.011340076740554041	 2.7371813517813695	
2057	 0.011309064140141099	 2.72471675278478	
2058	 0.01127460613821428	 2.7108940785695927	
2059	 0.01124974955405562	 2.700940436621621	
2060	 0.011243356834159186	 2.698382885626402	
2061	 0.01125354949806453	 2.7024611486949457	
2062	 0.011289103681693401	 2.7167062768234738	
2063	 0.011323558543484425	 2.730539517753585	
2064	 0.011356534136117213	 2.7438051553240705	
2065	 0.011374328770094705	 2.750974376854603	
2066	 0.011388423764586987	 2.756658372782796	
2067	 0.011396764936187867	 2.760024272268343	
2068	 0.011387279019204005	 2.7561965637454704	
2069	 0.01136547991784109	 2.74740835652265	
2070	 0.011346669019862534	 2.739833855920477	
2071	 0.011342794012745933	 2.7382745631985514	
2072	 0.011340083191662192	 2.737183946980779	
2073	 0.011340066742755846	 2.7371773297952515	
2074	 0.011349894010679552	 2.74113185449477	
2075	 0.011345068094950802	 2.7391896048817177	
2076	 0.01132986163690889	 2.7330731792942013	
2077	 0.01130921426924573	 2.7247770379229515	
2078	 0.01127289790710737	 2.7102095609824315	
2079	 0.011229974220184888	 2.693032009293779	
2080	 0.0111919965021532	 2.6778702239816012	
2081	 0.011157043018702992	 2.6639460747451635	
2082	 0.011128366557312417	 2.6525441470650564	
2083	 0.011106111895224055	 2.6437090507430914	
2084	 0.011106402587886656	 2.643824379662178	
2085	 0.011116725383776397	 2.6479211328218413	
2086	 0.011128132792543178	 2.652451281230487	
2087	 0.01114170424471004	 2.6578448556597705	
2088	 0.01116687246737809	 2.667858821487158	
2089	 0.011195029013910278	 2.6790796308341336	
2090	 0.011215712226518603	 2.687334201043214	
2091	 0.011229923646520631	 2.693011796084388	
2092	 0.011237860908369953	 2.6961848920641973	
2093	 0.011238475702880474	 2.696430732132872	
2094	 0.011244249392166936	 2.698739915266178	
2095	 0.011250635120491431	 2.7012948037633424	
2096	 0.011255062492550184	 2.703066734226713	
2097	 0.011257711616466838	 2.7041271933960087	
2098	 0.011280248357887417	 2.7131555043848516	
2099	 0.011261245316549304	 2.7055420123487965	
2100	 0.011229807720522341	 2.6929654631771114	
2101	 0.011186607785308784	 2.675721669537001	
2102	 0.011129527113988685	 2.653005211261732	
2103	 0.011063613774597468	 2.6268700797937115	
2104	 0.010986842514136657	 2.59656031735973	
2105	 0.010905796502432813	 2.5647157142306884	
2106	 0.01082854230110539	 2.534507490106559	
2107	 0.010760516456409628	 2.5080264366357	
2108	 0.010716683562129417	 2.491022184942547	
2109	 0.010688887393672571	 2.4802631053255118	
2110	 0.010672417334530393	 2.473896821423617	
2111	 0.01066313462374409	 2.4703115964938753	
2112	 0.0106573908309335	 2.468094235672967	
2113	 0.010658895915370403	 2.468675188545251	
2114	 0.010673085725626547	 2.474155051756262	
2115	 0.010695923537329174	 2.482984828650471	
2116	 0.010711427417727834	 2.4889862578848683	
2117	 0.010724501688621534	 2.4940517076997026	
2118	 0.010736341397404417	 2.498642396684553	
2119	 0.010747671297137697	 2.5030385753203417	
2120	 0.01075847025086698	 2.5072316153840877	
2121	 0.010765481996145089	 2.5099556532779626	
2122	 0.010770637702575091	 2.511959381519842	
2123	 0.010763092925837743	 2.5090273751420265	
2124	 0.010745944852260806	 2.502368488034255	
2125	 0.010721902947557687	 2.4930445325347628	
2126	 0.010693964846430341	 2.482227047287507	
2127	 0.010662268378553148	 2.469977136120344	
2128	 0.010628518722778514	 2.456960379406361	
2129	 0.010595889827915018	 2.4444020541515097	
2130	 0.010565187517546456	 2.43260875787222	
2131	 0.010540223587820969	 2.423036498113815	
2132	 0.010534050259618503	 2.420671703392944	
2133	 0.010530797943844683	 2.4194262219432323	
2134	 0.010526671492616562	 2.4178463574536577	
2135	 0.010527218865326756	 2.418055902331121	
2136	 0.010534633307862484	 2.420895010096792	
2137	 0.010552071150904216	 2.427577488490157	
2138	 0.01057852125655463	 2.437727678454671	
2139	 0.010625672421091777	 2.4558638600049227	
2140	 0.010671888706943893	 2.4736925958215132	
2141	 0.010697566571605031	 2.483620559646018	
2142	 0.010719371597769077	 2.4920636321714613	
2143	 0.01074227678344392	 2.500945033959013	
2144	 0.010765972657907817	 2.5101463179064543	
2145	 0.010789879235158246	 2.5194431112769653	
2146	 0.010810631027428207	 2.5275242136030256	
2147	 0.010815565879595273	 2.5294474525743285	
2148	 0.010822242935364367	 2.5320506045527753	
2149	 0.010828153101666436	 2.534355666489611	
2150	 0.010832728219772329	 2.5361406137700824	
2151	 0.01083183088258599	 2.535790484914066	
2152	 0.010828954791820456	 2.5346684034367626	
2153	 0.010826495759780175	 2.533709191284243	
2154	 0.010827047656413666	 2.5339244608975937	
2155	 0.0108355289020363	 2.537233526531262	
2156	 0.010877974535524632	 2.5538201719988396	
2157	 0.010919795709417033	 2.570205049899986	
2158	 0.010960009366835837	 2.585999632536801	
2159	 0.011000831270143145	 2.6020726778916816	
2160	 0.011040121720237672	 2.6175803353972418	
2161	 0.011079127023783468	 2.6330118846566894	
2162	 0.011117356745401034	 2.648171780289156	
2163	 0.011154627354900868	 2.66298483832507	
2164	 0.011190522564452611	 2.677282476506746	
2165	 0.011209307067525712	 2.6847768473365017	
2166	 0.011221935932774235	 2.689820039927606	
2167	 0.011228091029425348	 2.692279379263157	
2168	 0.011230971578066367	 2.693430644256497	
2169	 0.011232205880536649	 2.69392401651475	
2170	 0.011229399382549602	 2.692802262589764	
2171	 0.011208837924516117	 2.684589573387767	
2172	 0.0111775242244999	 2.6721014923625255	
2173	 0.011146056945076336	 2.6595756364683973	
2174	 0.011125385150538868	 2.6513598452502167	
2175	 0.011117656064765873	 2.648290611924387	
2176	 0.011113489415518481	 2.646636618272477	
2177	 0.011118707030736011	 2.6487078687929246	
2178	 0.011126904742471768	 2.651963445097398	
2179	 0.011138094976186666	 2.65641003029797	
2180	 0.011146632656995736	 2.6598045927357674	
2181	 0.01115095887712151	 2.661525349896537	
2182	 0.011152612132132773	 2.6621830508210276	
2183	 0.011154981743359424	 2.663125847231991	
2184	 0.011164934392908733	 2.6670871625833596	
2185	 0.011181538112382833	 2.6737009520449186	
2186	 0.011200267855828935	 2.68116946669858	
2187	 0.011220036758196626	 2.689061384486562	
2188	 0.011227314093178483	 2.6919688959132095	
2189	 0.011235972117179771	 2.6954296704966367	
2190	 0.011241988611435902	 2.6978356233524425	
2191	 0.011245402663411905	 2.6992012600596604	
2192	 0.011247689515520415	 2.700116166161114	
2193	 0.011250166615444656	 2.7011073250613897	
2194	 0.011242759507017242	 2.6981439610156577	
2195	 0.011222137338319409	 2.689900499590982	
2196	 0.011188932901374144	 2.676648640218186	
2197	 0.011151943473653758	 2.6619170360565074	
2198	 0.011121066509892986	 2.6496447302840123	
2199	 0.011094669477413338	 2.639171003913501	
2200	 0.011073353831315814	 2.630725566750818	
2201	 0.011053510438214505	 2.622873183162803	
2202	 0.011034932953288789	 2.6155302543758783	
2203	 0.011021449451918542	 2.6102059296446	
2204	 0.011020308855805492	 2.6097557335599126	
2205	 0.01101961073639135	 2.609480199438413	
2206	 0.011016006121318566	 2.608057713316184	
2207	 0.01101105220929891	 2.6061032615411723	
2208	 0.011008021037791664	 2.604907671736653	
2209	 0.011009881456880685	 2.605641453789594	
2210	 0.011014811679962065	 2.6075864203982784	
2211	 0.011020673684907724	 2.6098997291230703	
2212	 0.011028948558020817	 2.6131666186269342	
2213	 0.01103950880236291	 2.6173381381753407	
2214	 0.011053744825104694	 2.622965879420931	
2215	 0.011072573380171426	 2.6304165509858013	
2216	 0.0110939113441161	 2.6388704394781386	
2217	 0.011120613500876075	 2.6494648469584767	
2218	 0.011144309856278749	 2.6588808807584026	
2219	 0.011170695073892007	 2.6693810827056446	
2220	 0.01120805429739668	 2.6842767743590974	
2221	 0.011244972596654471	 2.6990292161335043	
2222	 0.01128040208234155	 2.71321712835953	
2223	 0.011314872460970736	 2.727049503772355	
2224	 0.011349020917200428	 2.740780426399595	
2225	 0.01138261016761785	 2.754313393073571	
2226	 0.011415389769449906	 2.7675458495828513	
2227	 0.011447181695755404	 2.7804038232439465	
2228	 0.011469176668802657	 2.789313449610166	
2229	 0.011489164870239344	 2.7974200677478143	
2230	 0.01150803374629189	 2.805081353258258	
2231	 0.01152659684700142	 2.8126266619828804	
2232	 0.011546968748309296	 2.820916518774661	
2233	 0.011570128145317816	 2.830352529580321	
2234	 0.01159620486095075	 2.8409922464126587	
2235	 0.011623946349690974	 2.852328740666628	
2236	 0.011651481465648294	 2.863598751614294	
2237	 0.011678602005878662	 2.8747164489153	
2238	 0.011705507559143345	 2.885763036313947	
2239	 0.011733171599407989	 2.8971386982618945	
2240	 0.011762966402453041	 2.9094105608887735	
2241	 0.011791566204684207	 2.921209736620782	
2242	 0.011818539914758074	 2.9323555463797404	
2243	 0.011847060100990845	 2.944158834710533	
2244	 0.011875843297158125	 2.956090193069168	
2245	 0.011898961105330478	 2.9656870777912077	
2246	 0.011917155410163475	 2.9732488180825163	
2247	 0.011927443089464043	 2.977527891714752	
2248	 0.011925191745356447	 2.9765912536818204	
2249	 0.011908783954593105	 2.9697685983484536	
2250	 0.011881411968592293	 2.9584007753497326	
2251	 0.01185206710917194	 2.946232978549753	
2252	 0.01183418423405625	 2.9388277143210852	
2253	 0.011816850709890678	 2.9316570515709555	
2254	 0.0117998439120934	 2.9246283632580736	
2255	 0.011784828596704471	 2.9184283394841106	
2256	 0.011771737913544128	 2.91302731720001	
2257	 0.011757406318079328	 2.9071189026532527	
2258	 0.011740103895626224	 2.8999921152570773	
2259	 0.011720951002982193	 2.8921112895396006	
2260	 0.011703604643873426	 2.8849812013607865	
2261	 0.011685374246460638	 2.877495325225616	
2262	 0.011666311778704381	 2.8696761020482136	
2263	 0.011647230094930995	 2.8618575225193243	
2264	 0.011629709133895227	 2.854685953776686	
2265	 0.011613447682039103	 2.848036360937701	
2266	 0.011592185191896613	 2.839351116234074	
2267	 0.011563235433745064	 2.82754286185683	
2268	 0.0115265412749684	 2.8126040616246795	
2269	 0.01147740596181343	 2.7926498656781074	
2270	 0.011429891597464029	 2.773408033240894	
2271	 0.011381456705484742	 2.753848226057175	
2272	 0.011326024180717681	 2.731530520790823	
2273	 0.011272776312668377	 2.7101608386354124	
2274	 0.011226486083065328	 2.691638017922897	
2275	 0.011193815796945929	 2.678595757226996	
2276	 0.011177709110994537	 2.6721751577813673	
2277	 0.011170674143212024	 2.6693727466194344	
2278	 0.011166934658615119	 2.667883584873806	
2279	 0.011162856935066258	 2.6662601063009905	
2280	 0.011157788536381245	 2.664242757764801	
2281	 0.01115203602252514	 2.661953854466901	
2282	 0.01114605196767911	 2.659573657029616	
2283	 0.011142527794088319	 2.6581722921632926	
2284	 0.011142452863526586	 2.6581424997169942	
2285	 0.011145098260211353	 2.659194392257834	
2286	 0.011147981290978107	 2.660340965114889	
2287	 0.011150698474448812	 2.66142176195592	
2288	 0.01115275175708685	 2.6622385996516518	
2289	 0.011154178614535807	 2.6628062916816044	
2290	 0.011152902639562583	 2.6622986277312806	
2291	 0.011153646812241845	 2.6625947022199328	
2292	 0.011158304619154956	 2.664448143594105	
2293	 0.011162248427293936	 2.666017872834795	
2294	 0.011159457368017076	 2.6649069267512897	
2295	 0.01115759697066994	 2.6641665218338106	
2296	 0.011150849899859497	 2.6614819986469955	
2297	 0.011140987449824122	 2.657559877003179	
2298	 0.01113122495833843	 2.653679786037868	
2299	 0.011130644245686461	 2.65344905392567	
2300	 0.011144488684215272	 2.6589519909977355	
2301	 0.011165811748313818	 2.6674364771647756	
2302	 0.01118700841776944	 2.675881383392202	
2303	 0.011207031006825779	 2.6838683312512184	
2304	 0.011227101286471822	 2.691883855476563	
2305	 0.011246469327848264	 2.699627987483008	
2306	 0.01126465869217176	 2.7069089369843673	
2307	 0.011282249058233579	 2.7139575747973397	
2308	 0.011301877084527534	 2.7218313766612123	
2309	 0.011321888391875798	 2.7298683225728704	
2310	 0.011342157186203653	 2.7380183398369535	
2311	 0.011363562696851489	 2.7466359748870977	
2312	 0.011386903445832213	 2.756045058038305	
2313	 0.011411600453323621	 2.7660148833615725	
2314	 0.011436969778781097	 2.7762711016416066	
2315	 0.011458641563428056	 2.7850445130291552	
2316	 0.011474025572173868	 2.7912791555664183	
2317	 0.011476451111665219	 2.792262657366534	
2318	 0.011474909863447558	 2.7916376997689314	
2319	 0.011473264135323208	 2.7909704386037624	
2320	 0.011468099165479858	 2.788876713757734	
2321	 0.011463133666623677	 2.786864441110476	
2322	 0.01145991748796034	 2.785561391999376	
2323	 0.011462739532799575	 2.786704742930396	
2324	 0.011475338240336922	 2.791811395825446	
2325	 0.011487108067597285	 2.7965854556448053	
2326	 0.011495797892422178	 2.8001123028795813	
2327	 0.01150625622761115	 2.8043592739559755	
2328	 0.011523116237248696	 2.811211287535572	
2329	 0.01154557010041085	 2.8203470605696848	
2330	 0.011573678879673805	 2.8318003467324893	
2331	 0.01160125587340804	 2.8430549860159977	
2332	 0.01161971939067049	 2.8506002377356006	
2333	 0.011633902026679537	 2.8564015069338136	
2334	 0.011647862373532266	 2.8621164573332423	
2335	 0.011663955106399851	 2.8687100111178903	
2336	 0.01168287134273527	 2.8764681751893306	
2337	 0.011702199886625783	 2.884404094815742	
2338	 0.011716508274868679	 2.8902844695367182	
2339	 0.011715075023620822	 2.889695224742238	
2340	 0.011738354517913222	 2.8992719442329684	
2341	 0.011782627004493118	 2.9175197151835786	
2342	 0.011801780667641303	 2.92542845860192	
2343	 0.011801074942525261	 2.925136905538276	
2344	 0.01177238281735236	 2.9132933012501327	
2345	 0.01175953537548711	 2.907996334922781	
2346	 0.011764434705867676	 2.910015861039824	
2347	 0.011791733112399163	 2.9212786523658836	
2348	 0.011843389473413096	 2.9426386552505917	
2349	 0.011902538771647661	 2.9671733843170816	
2350	 0.011959702775981034	 2.990961993166262	
2351	 0.012015596710299788	 3.0142954789369005	
2352	 0.01206539601730987	 3.0351457556967487	
2353	 0.012109863028299816	 3.0538120299943103	
2354	 0.012150986388474325	 3.0711154341310314	
2355	 0.012187222484336577	 3.0863948274080344	
2356	 0.012225945582684894	 3.102756404205678	
2357	 0.01225767255630935	 3.1161877033306924	
2358	 0.01228489155747201	 3.127729084639145	
2359	 0.01230741131275861	 3.137290792159795	
2360	 0.012325696984032297	 3.145063327627305	
2361	 0.012334917480451976	 3.1489855230893005	
2362	 0.01234220732934327	 3.1520878476580627	
2363	 0.012343865103007272	 3.15279351318906	
2364	 0.012340323223344031	 3.151285915818264	
2365	 0.012333637485994796	 3.1484409248517222	
2366	 0.012316775582099792	 3.141270221790105	
2367	 0.012288394697782725	 3.1292157230891413	
2368	 0.012243240386891958	 3.1100751106081255	
2369	 0.012195801598625874	 3.090016755571426	
2370	 0.01214714675714536	 3.0694981842283378	
2371	 0.012120021342029708	 3.0580826885344763	
2372	 0.012112015459945847	 3.054716734844032	
2373	 0.012109798670757583	 3.0537849810386963	
2374	 0.012110404122242293	 3.054039451201552	
2375	 0.012113084826061434	 3.05516624807256	
2376	 0.012117192850238209	 3.0568933219696186	
2377	 0.012123814926584237	 3.059678162292432	
2378	 0.012133947786580607	 3.063941386803269	
2379	 0.012148961930871916	 3.0702626916051767	
2380	 0.012161192244591482	 3.075415789636357	
2381	 0.01217329179607739	 3.0805171934052775	
2382	 0.012185016643475592	 3.085463840729507	
2383	 0.012196591805238608	 3.0903504502435903	
2384	 0.012209320647849985	 3.095727672003454	
2385	 0.012223395412623581	 3.101677822829723	
2386	 0.012234990232704128	 3.1065830019595464	
2387	 0.0122384140711802	 3.1080320469178564	
2388	 0.012231790369073764	 3.105228992523797	
2389	 0.012209802711837206	 3.095931390472412	
2390	 0.01218872025600233	 3.087027033816233	
2391	 0.012158161973945644	 3.0741386988254424	
2392	 0.012126605954983738	 3.060852201979965	
2393	 0.012083382755847697	 3.042690679598474	
2394	 0.012030232149346336	 3.020417167805239	
2395	 0.011988386067532495	 3.0029270621585242	
2396	 0.011978451432695474	 2.998780723898325	
2397	 0.01198025761941208	 2.9995343870036892	
2398	 0.011983031408178598	 3.0006919465418957	
2399	 0.01198360670021794	 3.0009320502012446	
2400	 0.011978474592143844	 2.998790387105139	
2401	 0.011972723794747826	 2.996391267493032	
2402	 0.011970729690839108	 2.9955595458914193	
2403	 0.011972333969374832	 2.99622866780864	
2404	 0.011973058844593897	 2.9965310226307693	
2405	 0.011976823359222219	 2.998101446589389	
2406	 0.011983530635425548	 3.0009003033885464	
2407	 0.0119928440656085	 3.0047884056133407	
2408	 0.012003326496966895	 3.0091669422381098	
2409	 0.012014783078815336	 3.0139553001944237	
2410	 0.012026803132131126	 3.0189824381633166	
2411	 0.012036765727551343	 3.023151626546398	
2412	 0.012043875292566068	 3.026128273948722	
2413	 0.012046928207002573	 3.0274068340811295	
2414	 0.012046839723289017	 3.027369774074534	
2415	 0.012044420411965602	 3.026356554032308	
2416	 0.012052124670399579	 3.029583608996057	
2417	 0.01206851940536242	 3.0364553902890417	
2418	 0.012084447444326485	 3.0431375209234814	
2419	 0.012099204973970821	 3.0493338421237186	
2420	 0.012101825348470197	 3.0504345994986823	
2421	 0.012105631435836569	 3.0520337298464573	
2422	 0.012105874789028095	 3.052135986267307	
2423	 0.01210207804818331	 3.0505407610750446	
2424	 0.012097734376851478	 3.0487161486625465	
2425	 0.012092511754824797	 3.0465229004236294	
2426	 0.012088080883632859	 3.0446626442517233	
2427	 0.012085957901531209	 3.0437714928836512	
2428	 0.012087084057448304	 3.044244199552663	
2429	 0.012089800192584568	 3.045384424652131	
2430	 0.012093678606977774	 3.0470128670267007	
2431	 0.012099677425667893	 3.0495322961686213	
2432	 0.012102644185423653	 3.0507786061309625	
2433	 0.01210729089618342	 3.052731058248594	
2434	 0.012116914951711216	 3.056776477022172	
2435	 0.012132769817781552	 3.0634456549630222	
2436	 0.012155160656499605	 3.072874019330867	
2437	 0.01217902537265216	 3.08293576053592	
2438	 0.01219928658208467	 3.091488530220715	
2439	 0.012212434917359558	 3.097043845423715	
2440	 0.012199954097039563	 3.091770466443151	
2441	 0.012181957663827046	 3.0841729682954044	
2442	 0.012169266857983224	 3.0788198266550295	
2443	 0.012165199010884704	 3.077104744870257	
2444	 0.012166261664632864	 3.0775527430352656	
2445	 0.012165444857012446	 3.077208387424931	
2446	 0.01216577125283949	 3.0773459898678706	
2447	 0.012172518357689798	 3.0801909957162787	
2448	 0.012184474980510443	 3.085235246221869	
2449	 0.012198290385029368	 3.091067788685511	
2450	 0.01221213234445396	 3.096915960222769	
2451	 0.012225944678997082	 3.102756021968976	
2452	 0.012239589829959825	 3.108529716655153	
2453	 0.012252660237972604	 3.114064244789736	
2454	 0.012266086147913781	 3.119753405930624	
2455	 0.012279845504884613	 3.125588172454344	
2456	 0.012293608996286455	 3.131429054315178	
2457	 0.012310384755773708	 3.1385541646090904	
2458	 0.01232724376354629	 3.1457211569605703	
2459	 0.01234299112149952	 3.152421477070617	
2460	 0.012353521894191116	 3.156905381322037	
2461	 0.01232906291361768	 3.1464948930942636	
2462	 0.012269469998422843	 3.1211879507073754	
2463	 0.01219946117075638	 3.0915622697036578	
2464	 0.012087950827282087	 3.044608048282832	
2465	 0.011959455506517348	 2.990858929223837	
2466	 0.01183035952210521	 2.93724487623316	
2467	 0.011729345644117962	 2.8955643699855598	
2468	 0.011660424914197786	 2.8672630925410596	
2469	 0.011616732980767675	 2.8493792771782798	
2470	 0.011592148625402183	 2.83933618879145	
2471	 0.011577475326163095	 2.8333486809684105	
2472	 0.011567159850567653	 2.829142430322851	
2473	 0.011559919233939283	 2.8261914810460653	
2474	 0.01155678031484607	 2.824912581765969	
2475	 0.011558856418047624	 2.8257584288330078	
2476	 0.01157055224019323	 2.8305254393144974	
2477	 0.011582906523573074	 2.835564316904226	
2478	 0.011595607111278116	 2.8407481761864704	
2479	 0.011608570675962765	 2.846043276914383	
2480	 0.01162741755985062	 2.853748513513208	
2481	 0.011646770207897257	 2.8616691924995292	
2482	 0.011671272713057982	 2.8717102057218296	
2483	 0.011695491992967759	 2.881648974842585	
2484	 0.01169793392389587	 2.8826518224199997	
2485	 0.01168744576995944	 2.8783455549350774	
2486	 0.011669529088967892	 2.8709952117554676	
2487	 0.011644963165741321	 2.860929232074377	
2488	 0.01160252613727247	 2.8435738324036484	
2489	 0.011559368958019161	 2.825967263729692	
2490	 0.011515315364778662	 2.8080401326666813	
2491	 0.011484640587606674	 2.7955843297863714	
2492	 0.01146618215536708	 2.788099774922976	
2493	 0.011442170529105539	 2.778375517056043	
2494	 0.011414508144351148	 2.7671896235992564	
2495	 0.011388045249595606	 2.7565056702107853	
2496	 0.01136621576315825	 2.747704826068735	
2497	 0.011351079523898303	 2.7416090632374224	
2498	 0.011342520101081924	 2.7381643552986037	
2499	 0.011339063195029064	 2.736773627430395	
2500	 0.01134012595794372	 2.737201151341107	
2501	 0.011342442331669134	 2.7381330652288116	
2502	 0.011346205448322641	 2.739647297248435	
2503	 0.01134921048975238	 2.740856729550404	
2504	 0.01135208389703905	 2.742013383037159	
2505	 0.011347240067870235	 2.740063674161845	
2506	 0.011337801252078452	 2.736266012882247	
2507	 0.011328348971409424	 2.732465045725456	
2508	 0.011324250479900832	 2.7308176102814983	
2509	 0.011325296546793024	 2.73123805103591	
2510	 0.011328493028706626	 2.7325229584302293	
2511	 0.011328988459072382	 2.7327221309327174	
2512	 0.011310413884768953	 2.725258769062294	
2513	 0.011257727667191398	 2.704133619098209	
2514	 0.011194405227231852	 2.6788308383950032	
2515	 0.011146146190369494	 2.6596111281288133	
2516	 0.011126408176444466	 2.6517661971664817	
2517	 0.01111787567416483	 2.648377799567713	
2518	 0.011102474788630561	 2.642266241290167	
2519	 0.011073498124794641	 2.6307827006295033	
2520	 0.011053458475685864	 2.622852632993079	
2521	 0.01104529963679673	 2.6196267698657736	
2522	 0.011039510347290383	 2.6173387486490274	
2523	 0.01103374696308844	 2.615061760044846	
2524	 0.011040555403328734	 2.6177517126133245	
2525	 0.011046451943351769	 2.6200822755513755	
2526	 0.011052225224342361	 2.622364924969193	
2527	 0.011059282429385942	 2.6251562943291047	
2528	 0.01106707908058305	 2.628241521222777	
2529	 0.011069193982816711	 2.629078662906361	
2530	 0.01107556660325898	 2.631601781784873	
2531	 0.011082456115008675	 2.6343306429966415	
2532	 0.011088117853714111	 2.636574043337719	
2533	 0.011066972702032166	 2.628199416221306	
2534	 0.011025590638687958	 2.6118407273305277	
2535	 0.01097607651194386	 2.5923210887629886	
2536	 0.010921810959630098	 2.5709956515190027	
2537	 0.010866794668605746	 2.5494471784789594	
2538	 0.010815719585053075	 2.529507364945809	
2539	 0.01079868306157789	 2.5228702073959	
2540	 0.010787461748213665	 2.5185023738496346	
2541	 0.010765080253412787	 2.5097995457144178	
2542	 0.010732586204053133	 2.4971860049474577	
2543	 0.010695352642587044	 2.482763950456662	
2544	 0.010661665694092697	 2.4697444481755637	
2545	 0.010633948137801576	 2.4590525695006122	
2546	 0.010617881525843224	 2.4528634692767097	
2547	 0.01061864709696885	 2.4531582372073193	
2548	 0.010641122044799669	 2.4618180806295276	
2549	 0.010675255421530288	 2.474993379735242	
2550	 0.010714577409005797	 2.4902063027994013	
2551	 0.010756000890993586	 2.506272559666296	
2552	 0.01079657288334712	 2.5220486011896734	
2553	 0.010836507404962678	 2.537615413006374	
2554	 0.010875894380485154	 2.553006294492462	
2555	 0.010908810178909257	 2.565897033319471	
2556	 0.010933385832411217	 2.5755384663884344	
2557	 0.010948744088876772	 2.5815711049372694	
2558	 0.01095551547882173	 2.5842326625824055	
2559	 0.010953332703295083	 2.583374582590707	
2560	 0.01091551138501974	 2.5685245923288447	
2561	 0.010865558730866882	 2.5489639267294235	
2562	 0.010825625199816204	 2.5333696405639157	
2563	 0.010861733630372575	 2.5474685443564007	
2564	 0.010899610119226629	 2.562291420272136	
2565	 0.010937599001985317	 2.577192814248707	
2566	 0.010942827066055332	 2.5792462624516985	
2567	 0.010931799474667171	 2.5749156755093026	
2568	 0.010922057188719586	 2.571092256175198	
2569	 0.010927030321722257	 2.573043708498514	
2570	 0.010939738408737765	 2.5780330387491213	
2571	 0.010960238727433786	 2.5860898287126757	
2572	 0.010967039857609372	 2.588764948566779	
2573	 0.01098086358517599	 2.594205707990993	
2574	 0.01099836924277947	 2.601102160900357	
2575	 0.011018716731096856	 2.609127369972016	
2576	 0.011037289738663332	 2.616461340275018	
2577	 0.01105135969340475	 2.622022659245049	
2578	 0.011063398100692344	 2.626784733411345	
2579	 0.01106086271252755	 2.6257815138908533	
2580	 0.011037407995625574	 2.616508063079001	
2581	 0.010977123266527307	 2.592733137980165	
2582	 0.010881373727186824	 2.5551503565829794	
2583	 0.010765229434715005	 2.5098575135272063	
2584	 0.010636557899633584	 2.4600584778792327	
2585	 0.010515016845389732	 2.4133864567888663	
2586	 0.010405742508541121	 2.371730699024931	
2587	 0.010313986667781683	 2.3369774731986475	
2588	 0.010238085328478877	 2.3083845451931215	
2589	 0.010166155906599778	 2.2814179775592986	
2590	 0.010123742530230623	 2.2655765240425474	
2591	 0.01010237425681026	 2.257612178569479	
2592	 0.01009320227237231	 2.254197054556607	
2593	 0.010092165039338529	 2.253810978282584	
2594	 0.010095999740151141	 2.2552384528563314	
2595	 0.01010387436098089	 2.2581709285860967	
2596	 0.010108848062926336	 2.260023899628244	
2597	 0.010117110598254883	 2.2631034813933892	
2598	 0.010129115942101117	 2.2675810576888042	
2599	 0.010146210813905474	 2.2739629589512798	
2600	 0.010165011017175629	 2.280989780102641	
2601	 0.010175465125937103	 2.284900890627394	
2602	 0.01019479328347179	 2.292139033259651	
2603	 0.010215702164582932	 2.2999794439134784	
2604	 0.010232392178309638	 2.3062455476309793	
2605	 0.010242668808410295	 2.3101072001515646	
2606	 0.010242420017809702	 2.310013681506644	
2607	 0.010226806294304813	 2.304147622471815	
2608	 0.01019144459170065	 2.2908843361372893	
2609	 0.010154943129923518	 2.2772256973944165	
2610	 0.01010615579348001	 2.2590208092211745	
2611	 0.010073716602859871	 2.2469485677283334	
2612	 0.010066171018910301	 2.244144189732761	
2613	 0.010070498322061647	 2.2457522960148295	
2614	 0.010082757396299	 2.250310497118198	
2615	 0.010107112506957125	 2.259377242780997	
2616	 0.01013995831852039	 2.27162792925153	
2617	 0.010177060759887465	 2.285498087898402	
2618	 0.010217889416893897	 2.300800238264423	
2619	 0.01026139883943423	 2.3171520353251203	
2620	 0.010307019197321292	 2.3343468779342507	
2621	 0.01035786296599755	 2.3535703542981428	
2622	 0.010411637913967271	 2.373970640805326	
2623	 0.01046897085438579	 2.3957982013370507	
2624	 0.010529772580653267	 2.4190336100240293	
2625	 0.010577988927633564	 2.4375232309794037	
2626	 0.010626108099763158	 2.4560316897172334	
2627	 0.01067274014250846	 2.4740215356999116	
2628	 0.010716014181028865	 2.490762868328924	
2629	 0.010753355233782314	 2.5052451960472553	
2630	 0.010783392895646922	 2.5169193436849127	
2631	 0.010803273638596208	 2.52465793635008	
2632	 0.010806735912830137	 2.5260066003709594	
2633	 0.01081544432946887	 2.5294000743312113	
2634	 0.010827377331205073	 2.5340530554328353	
2635	 0.010845027787487279	 2.5409416877087145	
2636	 0.010869071118963174	 2.5503373666429634	
2637	 0.010895120220334762	 2.5605325118449436	
2638	 0.010923767892202889	 2.5717634676565932	
2639	 0.010954455656347277	 2.583816017112448	
2640	 0.010986264570391707	 2.5963326754510243	
2641	 0.011018885453026964	 2.6091939565603046	
2642	 0.011050522163672616	 2.621691483335392	
2643	 0.011082331115977902	 2.6342811221540168	
2644	 0.011114193870021232	 2.646916229593872	
2645	 0.011147684252171405	 2.660222824519667	
2646	 0.01118051970856725	 2.6732951008169845	
2647	 0.011212795978399383	 2.6861697254259163	
2648	 0.011245426176322121	 2.6992106662918505	
2649	 0.011280604508986101	 2.7132982765787315	
2650	 0.011316392089914163	 2.7276599523788807	
2651	 0.011345033499435409	 2.7391756834756604	
2652	 0.0113635505919782	 2.7466310985307514	
2653	 0.011371985097816955	 2.7500297145837065	
2654	 0.011367633007813596	 2.7482758651186985	
2655	 0.01135158965472913	 2.741814418193229	
2656	 0.011328245587477272	 2.732423484487914	
2657	 0.011298114381108662	 2.7203212576553457	
2658	 0.011265988928715205	 2.707441719945099	
2659	 0.011249369902044481	 2.700788521249545	
2660	 0.01124879715504242	 2.7005593465950524	
2661	 0.01125705105514375	 2.7038627514205014	
2662	 0.011267485068843307	 2.7080410003009603	
2663	 0.011273246169078427	 2.710349109932969	
2664	 0.011276203048731365	 2.7115340506145063	
2665	 0.011289341847822088	 2.716801801378991	
2666	 0.011315150871843954	 2.7271613398334744	
2667	 0.011348196696114556	 2.740448686427122	
2668	 0.011384508814016148	 2.755079145668048	
2669	 0.011418533544759845	 2.7688162604297095	
2670	 0.011450774005440893	 2.781858201072292	
2671	 0.011487229098373446	 2.7966345649151068	
2672	 0.01165072333989089	 2.8632882158693356	
2673	 0.011789835186623646	 2.920495042282034	
2674	 0.011825459873548872	 2.935217679354038	
2675	 0.011842144484116832	 2.942123117973713	
2676	 0.011839115129662375	 2.940868844339596	
2677	 0.011828352582047548	 2.9364144504907874	
2678	 0.011813592267067834	 2.930309856922924	
2679	 0.011799641136267393	 2.924544599362628	
2680	 0.011781007076727475	 2.9168512232594552	
2681	 0.011765686510975999	 2.910531950708084	
2682	 0.011750764084649427	 2.9043821701175734	
2683	 0.011737319896269572	 2.898846052431165	
2684	 0.011733604326253486	 2.897316780986761	
2685	 0.011735707201931804	 2.8981822526111873	
2686	 0.01174265998177507	 2.901044514749759	
2687	 0.011754203264905656	 2.90579905220284	
2688	 0.011768146454690048	 2.9115462340281453	
2689	 0.011784563179439527	 2.918318792500849	
2690	 0.011802958824464542	 2.9259152111643156	
2691	 0.011822088754181335	 2.9338232263433364	
2692	 0.011839767862160195	 2.9411390835598166	
2693	 0.011856438625738935	 2.948044348890588	
2694	 0.011872013775777644	 2.95450164710725	
2695	 0.011886115201583653	 2.960352827854609	
2696	 0.011910778820305532	 2.9705977650604507	
2697	 0.011990532569462304	 3.00382323136107	
2698	 0.012007356388746773	 3.010850916283696	
2699	 0.012024444222945942	 3.0179956090344655	
2700	 0.012048161339234503	 3.0279233309366087	
2701	 0.01205945121222198	 3.0326537272086456	
2702	 0.012060478914977682	 3.0330844758210334	
2703	 0.012048836308682904	 3.0282060564978246	
2704	 0.012026090760624929	 3.0186844101419914	
2705	 0.011992038558485666	 3.004452048885261	
2706	 0.011948251512738076	 2.986190503271571	
2707	 0.011898695370217672	 2.9655766926188543	
2708	 0.011865086338268225	 2.951628904434619	
2709	 0.011836380670386167	 2.939736852792517	
2710	 0.011806903588771648	 2.9275452165254987	
2711	 0.011781608590267181	 2.917099441338111	
2712	 0.011767007135794554	 2.911076452798285	
2713	 0.011761537841199756	 2.908821692571178	
2714	 0.011761371912749277	 2.9087532981694486	
2715	 0.011764921562139355	 2.9102165760269245	
2716	 0.01177007559671052	 2.912341756234204	
2717	 0.01177891028873994	 2.915986037496812	
2718	 0.01179046581788931	 2.9207554061595706	
2719	 0.011804376809532127	 2.9265010911238933	
2720	 0.0118162755410697	 2.9314192315271708	
2721	 0.011815490737243563	 2.931094744327622	
2722	 0.01181991572964051	 2.9329245020174963	
2723	 0.011816806902176579	 2.931638937743733	
2724	 0.011808941376601594	 2.928387387545168	
2725	 0.01180252249164777	 2.9257349375689974	
2726	 0.011794601260596393	 2.922463004618805	
2727	 0.011722298629917922	 2.892665515962067	
2728	 0.011566753628219883	 2.828976839771448	
2729	 0.011351292342906888	 2.74169473352807	
2730	 0.011145648943141302	 2.6594133819642343	
2731	 0.010974571471199032	 2.5917286836158517	
2732	 0.010860836215086258	 2.5471177602291775	
2733	 0.010787060399034409	 2.5183462070038716	
2734	 0.010734505332164058	 2.497930265683379	
2735	 0.010695742278014187	 2.4829146988816793	
2736	 0.010675350728429853	 2.4750302070582	
2737	 0.010673074253324212	 2.474150619385384	
2738	 0.010689759896167952	 2.480600542165234	
2739	 0.010719868218737317	 2.4922560610769384	
2740	 0.010755058265419165	 2.5059064992657056	
2741	 0.010787778090651387	 2.5186254669038295	
2742	 0.010818103725893665	 2.5304367444597085	
2743	 0.010845147328218854	 2.5409883676481635	
2744	 0.010903240609373734	 2.5637140103832396	
2745	 0.010927972537236236	 2.5734134996358478	
2746	 0.010944708790750072	 2.5799855152897107	
2747	 0.010958665040618385	 2.5854710008465727	
2748	 0.010967644085728881	 2.589002665903367	
2749	 0.010966564486117063	 2.5885779325484712	
2750	 0.010958177102700752	 2.585279138880439	
2751	 0.010945543509530177	 2.5803134693649348	
2752	 0.010928138943081525	 2.573478811113778	
2753	 0.010904396040570159	 2.564166826796138	
2754	 0.010880384168423591	 2.5547630901032066	
2755	 0.010873387202301212	 2.552025478632683	
2756	 0.010889281246535642	 2.5582458289181544	
2757	 0.01089352499367433	 2.559907701488045	
2758	 0.010908130646861153	 2.565630647246639	
2759	 0.010923421031384353	 2.5716273677094272	
2760	 0.01093111144097289	 2.5746455779252617	
2761	 0.010905401558896008	 2.564560918007185	
2762	 0.01086869627459683	 2.550190778126803	
2763	 0.010833017184318	 2.536253367950695	
2764	 0.010809291503037681	 2.5270022674305426	
2765	 0.010792168559441432	 2.520334105217581	
2766	 0.010772496129529935	 2.512681802612846	
2767	 0.010751958897346073	 2.5047030375523733	
2768	 0.010734929138289885	 2.498094634704525	
2769	 0.010690632401184615	 2.4809379983417843	
2770	 0.010652739457741776	 2.4662991813726123	
2771	 0.010599097779699055	 2.4456356008982674	
2772	 0.010531879241368407	 2.4198402787469373	
2773	 0.010468085074725629	 2.3954603633754106	
2774	 0.01040716752678075	 2.372272052958633	
2775	 0.010345821820250343	 2.3490120297688555	
2776	 0.010284208777162051	 2.3257430094050013	
2777	 0.01022286950803432	 2.302669518022762	
2778	 0.010161938822023068	 2.2798409143626293	
2779	 0.010090579963533838	 2.2532210364477487	
2780	 0.010042009697093266	 2.2351738645067956	
2781	 0.01001102757633391	 2.2236922345145285	
2782	 0.01001381548722705	 2.2247244347926003	
2783	 0.010029373222597197	 2.230488071294717	
2784	 0.010047206266430806	 2.2371019711584195	
2785	 0.01006711027482395	 2.244493195535756	
2786	 0.010093672304685709	 2.254372017512718	
2787	 0.010114049332367507	 2.261962302029438	
2788	 0.01013847397702165	 2.2710737344896432	
2789	 0.01016718747545719	 2.2818038197857	
2790	 0.010210314987422454	 2.297958336535995	
2791	 0.010249285168498122	 2.31259479919909	
2792	 0.010278038364169273	 2.323417773875486	
2793	 0.010301366208869477	 2.3322134413178577	
2794	 0.010323300665693662	 2.340495859674959	
2795	 0.010351312904525727	 2.351090309146863	
2796	 0.01038456866125951	 2.3636927344377257	
2797	 0.010419860568839503	 2.3770962264458704	
2798	 0.010457973312694286	 2.3916050697430884	
2799	 0.010498612651659736	 2.407114622197768	
2800	 0.010536385324043756	 2.4215660795484477	
2801	 0.010570912816703972	 2.434806215081412	
2802	 0.010603177943589325	 2.4472048971177935	
2803	 0.01063149073938849	 2.4581055386159028	
2804	 0.01065882404043844	 2.4686474440421624	
2805	 0.010690058516761419	 2.480716036699407	
2806	 0.010722796973810116	 2.493391005423071	
2807	 0.010755194241183279	 2.505959302944778	
2808	 0.01078597088685578	 2.5179222922416726	
2809	 0.010816220484689441	 2.5297026129933156	
2810	 0.010846175816131504	 2.541390000187058	
2811	 0.010876618183359775	 2.5532894764577945	
2812	 0.010908699020446734	 2.5658534568896925	
2813	 0.010941684406698092	 2.578797399576442	
2814	 0.010975298439410495	 2.592014821738589	
2815	 0.011009088318989583	 2.605328616128043	
2816	 0.011042613599860454	 2.61856510501004	
2817	 0.011076327579607876	 2.631903140720777	
2818	 0.011107623665059588	 2.644308849750939	
2819	 0.011132506700470904	 2.6541890836446074	
2820	 0.01115561676456722	 2.663378525590018	
2821	 0.011180374620246776	 2.6732372826611415	
2822	 0.011213497525173586	 2.6864498388800615	
2823	 0.011246016567214287	 2.6994468537658167	
2824	 0.011278003936773478	 2.7122558404434227	
2825	 0.01131017758857228	 2.7251638766024113	
2826	 0.011340959759477492	 2.737536588305158	
2827	 0.01137079596924232	 2.7495504630278083	
2828	 0.011400250812717503	 2.76143140911427	
2829	 0.011429007766077009	 2.7730506134196666	
2830	 0.01145932574646882	 2.785321671849641	
2831	 0.011485241758734421	 2.7958282285680713	
2832	 0.01151553091763152	 2.808127738436196	
2833	 0.011569977747645616	 2.8302912112465664	
2834	 0.011673757293210059	 2.872729160643915	
2835	 0.011824802669090948	 2.9349458079809474	
2836	 0.011876107873835303	 2.956199956267908	
2837	 0.011903718860679476	 2.967663706109359	
2838	 0.011922328824094743	 2.97540034838331	
2839	 0.011937535771013981	 2.9817282493799673	
2840	 0.011963015869621112	 2.992343054823558	
2841	 0.012024334506166362	 3.017949713115321	
2842	 0.01205030797642444	 3.0288225329903473	
2843	 0.012069456096691187	 3.0368481884059597	
2844	 0.01205906950093696	 3.0324937439837027	
2845	 0.012015098633888945	 3.014087231722248	
2846	 0.01195410866270161	 2.9886306683225823	
2847	 0.011880556587931792	 2.958045809390048	
2848	 0.011780932162847348	 2.9168203102005097	
2849	 0.011674866134881227	 2.8731839560421535	
2850	 0.011600976787096618	 2.842940996723913	
2851	 0.011537381011201924	 2.8170138033855214	
2852	 0.011492929679808339	 2.798948015206316	
2853	 0.01146536850928633	 2.787770041107359	
2854	 0.01144318001863523	 2.778784067669927	
2855	 0.011419862791466666	 2.7693534839261513	
2856	 0.011387549594756078	 2.7563057155619117	
2857	 0.011348382600353264	 2.7405235094470806	
2858	 0.011311559634808335	 2.725718901174217	
2859	 0.011278682925271347	 2.712527996681717	
2860	 0.011252313697069171	 2.701966551867602	
2861	 0.011231496416822697	 2.6936404270581207	
2862	 0.011216029565403258	 2.687460928569718	
2863	 0.01120365185178702	 2.6825197291043335	
2864	 0.01118969548669253	 2.676952693539657	
2865	 0.011155790648249363	 2.6634477165158326	
2866	 0.011117681642891205	 2.6483007666969303	
2867	 0.011065709530898072	 2.6276994693047033	
2868	 0.011018051808706377	 2.6088649630824077	
2869	 0.010976083125807215	 2.592323692191891	
2870	 0.010934914834398636	 2.5761387968905076	
2871	 0.01089415485217365	 2.560154394010999	
2872	 0.010843272477431477	 2.540256289148144	
2873	 0.010790221072237486	 2.5195761446116793	
2874	 0.010734983582924868	 2.4981157508321865	
2875	 0.010697263402615807	 2.4835032510947865	
2876	 0.010687461533748777	 2.479711699244097	
2877	 0.010681845741641554	 2.477540446804231	
2878	 0.010679183887627374	 2.4765115510920723	
2879	 0.01067814594622108	 2.4761103983087893	
2880	 0.010681297722096295	 2.4773286049243057	
2881	 0.010690379524365853	 2.480840192035231	
2882	 0.0107004383530844	 2.484731879947211	
2883	 0.010700197023077805	 2.4846384825502663	
2884	 0.010697825800602474	 2.483720867764987	
2885	 0.010700288965426392	 2.4846740650962835	
2886	 0.010708101212365739	 2.4876982218865513	
2887	 0.01071939105476943	 2.4920711711880705	
2888	 0.010734273793069106	 2.497840467359086	
2889	 0.010740312903839436	 2.5001830515396946	
2890	 0.010731762397543691	 2.496866550187366	
2891	 0.010693553016502697	 2.482067729660325	
2892	 0.01064112579944561	 2.4618195283553583	
2893	 0.010589934264496906	 2.4421126343779127	
2894	 0.010542254025448177	 2.4238144924235203	
2895	 0.010501512695386383	 2.4082229242558655	
2896	 0.010473157390916563	 2.3973952118074373	
2897	 0.010451147912594305	 2.3890041658646077	
2898	 0.010428133563905914	 2.380242607242115	
2899	 0.010418092968157747	 2.376424189412014	
2900	 0.010422916582385403	 2.378258293888477	
2901	 0.010429215444374248	 2.3806541904884617	
2902	 0.010434685873510312	 2.382735759167656	
2903	 0.010441743123656614	 2.385422208499317	
2904	 0.010451896379633271	 2.389289323305986	
2905	 0.010466176795652217	 2.3947326070450905	
2906	 0.01048768656037442	 2.402940859726178	
2907	 0.010515474516187609	 2.413561532198726	
2908	 0.010548208003331156	 2.426096429234483	
2909	 0.010580096450714567	 2.438332691338707	
2910	 0.010611011226195259	 2.4502188312272186	
2911	 0.010646633964334722	 2.463943747120091	
2912	 0.01070190954714014	 2.4853012787855673	
2913	 0.010761327055625986	 2.5083413309565694	
2914	 0.010828041528597275	 2.5343121433904274	
2915	 0.01089559020304762	 2.5607166039423888	
2916	 0.010948174952309748	 2.5813474505093135	
2917	 0.010983342017635529	 2.595181655419742	
2918	 0.010995721275543144	 2.60005850912828	
2919	 0.01098107828923226	 2.594290247504385	
2920	 0.01094482980392667	 2.5800330593281795	
2921	 0.0109075223862841	 2.565392209971209	
2922	 0.010876423931372253	 2.553213475720176	
2923	 0.01085687803913905	 2.5455708082214366	
2924	 0.010862932905929507	 2.547937350611051	
2925	 0.010883949838538564	 2.5561586348017618	
2926	 0.010893783681483306	 2.560009018884804	
2927	 0.010900344688646944	 2.5625792322802408	
2928	 0.010920736350834575	 2.5705740602741236	
2929	 0.010950123966119173	 2.582113389488701	
2930	 0.010983300729781709	 2.5951653960476873	
2931	 0.011041393925065347	 2.618083081402002	
2932	 0.011209167878584593	 2.6847212849219346	
2933	 0.011354377411810059	 2.742936748263267	
2934	 0.0114518509647672	 2.7822942766970926	
2935	 0.011533358916018286	 2.815377241766886	
2936	 0.011617364500073035	 2.8496374493959147	
2937	 0.011672095666026217	 2.872047692192696	
2938	 0.01170232979257907	 2.8844574612274347	
2939	 0.011708094677065843	 2.8868261198302694	
2940	 0.011693238951956413	 2.8807238240226107	
2941	 0.011665185699204423	 2.869214462368899	
2942	 0.011634500419290504	 2.856646377321645	
2943	 0.011600980619398045	 2.8429425619668294	
2944	 0.01156380992036067	 2.8277769965041415	
2945	 0.011527462198825719	 2.8129785976774784	
2946	 0.01149302364856296	 2.798986156681609	
2947	 0.011497237988884603	 2.800696951322453	
2948	 0.011524410256629907	 2.8117374614722213	
2949	 0.011555762934214895	 2.824498116991443	
2950	 0.011588323560434557	 2.837774866105058	
2951	 0.011621739249196992	 2.8514261530930636	
2952	 0.011656275934546136	 2.865562925051567	
2953	 0.011689099836750694	 2.8790245171431206	
2954	 0.011719036819947065	 2.891324133703471	
2955	 0.011747312476029833	 2.902960445696738	
2956	 0.011861679732280306	 2.9502166272604873	
2957	 0.011988571167271665	 3.003004337486153	
2958	 0.01212195385220148	 3.058895405749725	
2959	 0.012270263126052325	 3.121524226267932	
2960	 0.012427278393307263	 3.1883816110497096	
2961	 0.012535417299841211	 3.2347563697390775	
2962	 0.01254926865628613	 3.2407157863684004	
2963	 0.012562929810708142	 3.2465976672032917	
2964	 0.012566414024289806	 3.2480984961725374	
2965	 0.012566751282646815	 3.2482437853218507	
2966	 0.012570461489999973	 3.2498422949805117	
2967	 0.012574015555571976	 3.2513738273379	
2968	 0.012577420027428383	 3.252841166818525	
2969	 0.012580142877885942	 3.254014915643421	
2970	 0.012582097564955614	 3.2548576339878856	
2971	 0.012569077098087092	 3.2492458053141475	
2972	 0.012571825471014925	 3.2504300330839038	
2973	 0.012574388351322227	 3.251534490720614	
2974	 0.01257703106779051	 3.2526735104315163	
2975	 0.012579964059047542	 3.2539378263745125	
2976	 0.012583080890079062	 3.255281604983924	
2977	 0.012585901878013209	 3.256498026256757	
2978	 0.012587702029024386	 3.257274353578549	
2979	 0.012588665155083483	 3.257689738612719	
2980	 0.012523774788767547	 3.229750682601109	
2981	 0.012427527722967879	 3.188488226431918	
2982	 0.012319998386683701	 3.142640247974481	
2983	 0.01221500902286526	 3.0981319000402956	
2984	 0.012108550927340684	 3.0532605834906725	
2985	 0.011983968500795342	 3.0010830550840333	
2986	 0.011878174910776399	 2.9570575505078396	
2987	 0.011772225497947684	 2.9132284155577257	
2988	 0.011664621471540976	 2.868983166712386	
2989	 0.011558877834010469	 2.825767154663763	
2990	 0.011461836176856973	 2.7863387280186416	
2991	 0.011378759523606523	 2.7527606320034903	
2992	 0.011265645678366399	 2.7073042381725467	
2993	 0.011145032225978629	 2.65916813295375	
2994	 0.011023952307128736	 2.611193921597541	
2995	 0.010921121497776305	 2.570725158201467	
2996	 0.010847280713697042	 2.541821499580654	
2997	 0.010781586236234294	 2.5162165713580364	
2998	 0.010736245793279142	 2.498605313938701	
2999	 0.01072293033126633	 2.4934426887138366	
3000	 0.010729803081522445	 2.4961068345065205	
3001	 0.010755607595109722	 2.50611982404809	
3002	 0.0107931576330607	 2.520719086869387	
3003	 0.01083138705661019	 2.5356173171570724	
3004	 0.010868114912885668	 2.549963434570179	
3005	 0.0109087036085647	 2.565855255521526	
3006	 0.010944774558212368	 2.580011354174237	
3007	 0.010971594490642736	 2.5905570618270355	
3008	 0.010986393082599267	 2.5963832934662956	
3009	 0.010976707870625062	 2.592569616519894	
3010	 0.010951368919533626	 2.5826026887750984	
3011	 0.01091436901636906	 2.5680765907788894	
3012	 0.010871715218605638	 2.551371477231418	
3013	 0.010827038673591851	 2.5339209570514316	
3014	 0.010782626544516453	 2.5166212312216416	
3015	 0.010740380650979398	 2.500209335784356	
3016	 0.010707621988821144	 2.48751266988382	
3017	 0.01067306005695496	 2.4741451345645205	
3018	 0.010637032887175957	 2.460241575101562	
3019	 0.010601609327360078	 2.4466015346106533	
3020	 0.010579650313970103	 2.438161329555214	
3021	 0.010568259199234537	 2.4337876175132434	
3022	 0.010560630011642579	 2.430860084925604	
3023	 0.01056140531582169	 2.4311575264766963	
3024	 0.010571685521896608	 2.435102851912301	
3025	 0.010590800154911706	 2.442445444053969	
3026	 0.010615662493872937	 2.4520091552187746	
3027	 0.010644134078605602	 2.4629795776435546	
3028	 0.010678414018524544	 2.47621400277597	
3029	 0.0107131040474832	 2.489635615184807	
3030	 0.010746876132805377	 2.502729938243305	
3031	 0.010779509877759687	 2.5154089857685458	
3032	 0.010808947041198457	 2.5268680547176254	
3033	 0.010818389383899524	 2.530548108073733	
3034	 0.01080060022649242	 2.5236167559096847	
3035	 0.01080156478985295	 2.5239923925517718	
3036	 0.010789592098385767	 2.51933136792772	
3037	 0.010761111701622557	 2.5082576706202806	
3038	 0.010718080308782523	 2.4915633159798527	
3039	 0.010667193664691495	 2.4718790480503587	
3040	 0.010635398679645301	 2.4596116470236837	
3041	 0.010606280722831818	 2.448398545101794	
3042	 0.010584637458472306	 2.4400771731837545	
3043	 0.010577485781894404	 2.4373299979696643	
3044	 0.010587867660403122	 2.441318397206021	
3045	 0.010611594166945548	 2.4504431828511275	
3046	 0.010640685881650132	 2.461649906062263	
3047	 0.010670784703661687	 2.4732661060897194	
3048	 0.010700268218827885	 2.484666035951448	
3049	 0.010730095704026752	 2.4962202916481724	
3050	 0.010759433164171626	 2.5076056336615555	
3051	 0.010788745903916855	 2.519002070873416	
3052	 0.010820302043797215	 2.5312938079718985	
3053	 0.010852603636738935	 2.5439006893758487	
3054	 0.010884547848639622	 2.556392715979719	
3055	 0.010915804271215537	 2.5686394582443564	
3056	 0.010944737076326948	 2.5799966281849755	
3057	 0.010971711723885546	 2.590603196185931	
3058	 0.010996678355425445	 2.600435706741241	
3059	 0.01102641363262823	 2.612165665716247	
3060	 0.01105535426119585	 2.6236024209882673	
3061	 0.011083263612101886	 2.6346505579413524	
3062	 0.011110370666284355	 2.645398869641686	
3063	 0.011132071910274998	 2.6540163162708073	
3064	 0.011151608504677887	 2.6617837781632443	
3065	 0.011169540430722621	 2.6689212371876967	
3066	 0.011186132967803372	 2.675532386432095	
3067	 0.011200280610675921	 2.681174555552959	
3068	 0.01121795600391268	 2.6882302924221366	
3069	 0.01124198675626504	 2.6978348813506	
3070	 0.01126240301741855	 2.706005595724747	
3071	 0.011282170192638037	 2.713925956192961	
3072	 0.011301646907979399	 2.7217389882474654	
3073	 0.011321107846936232	 2.7295546623034252	
3074	 0.011340566764118072	 2.7373784848801557	
3075	 0.011358528555317908	 2.744608307934827	
3076	 0.011380332126412493	 2.7533947372285157	
3077	 0.011399934885943328	 2.7613038677597457	
3078	 0.011416959005359007	 2.768179954274672	
3079	 0.011431610556574268	 2.7741032299759163	
3080	 0.011451304409862703	 2.782072965691689	
3081	 0.011492679679438267	 2.7988465422449087	
3082	 0.011488538778403003	 2.7971660008258636	
3083	 0.011500347408377947	 2.8019594758164668	
3084	 0.011511875489886437	 2.806642234216384	
3085	 0.01152127577777954	 2.81046298807894	
3086	 0.011529207221141256	 2.8136883459912694	
3087	 0.011535483897543598	 2.8162418340750985	
3088	 0.011529188709997223	 2.8136808166267366	
3089	 0.011511330404943702	 2.8064207478222443	
3090	 0.011484262629484713	 2.79543099423588	
3091	 0.011458667686815263	 2.7850550952683455	
3092	 0.01144078301588017	 2.777814015643553	
3093	 0.011435927950354181	 2.7758496161164805	
3094	 0.01144617079481108	 2.7799946060546032	
3095	 0.011460945320166697	 2.785977796292837	
3096	 0.011476677042156843	 2.7923542741634795	
3097	 0.011492709143831947	 2.79885850150784	
3098	 0.011506500764149668	 2.804458607332261	
3099	 0.011518105296267822	 2.809174111201227	
3100	 0.011526456902446042	 2.812569748654524	
3101	 0.011537663335074468	 2.817128693228137	
3102	 0.011550996443921605	 2.822556648219986	
3103	 0.01156506571419215	 2.82828882802539	
3104	 0.011576807719793875	 2.8330763813501685	
3105	 0.011571213624583056	 2.8307951039152286	
3106	 0.011540667378139736	 2.8183512848580676	
3107	 0.011537550140325089	 2.8170826291444646	
3108	 0.01152738523195062	 2.8129472947929997	
3109	 0.01150146894008976	 2.802414909675408	
3110	 0.011472769086446934	 2.790769733310296	
3111	 0.011444169073399773	 2.779184371431457	
3112	 0.011409353482711692	 2.7651072183579544	
3113	 0.011370118107926376	 2.7492772812055186	
3114	 0.01132449228511625	 2.7309147956156963	
3115	 0.01129109797815178	 2.7175061981296125	
3116	 0.011291688797934015	 2.717743196696588	
3117	 0.011303258796053603	 2.7223859953045415	
3118	 0.011330013174265057	 2.7331341045057576	
3119	 0.011344129064279925	 2.7388117443488893	
3120	 0.011355653291334852	 2.7434504690645936	
3121	 0.0113675620777035	 2.748247284688614	
3122	 0.011381639038960441	 2.753921755221462	
3123	 0.011395261845312194	 2.7594176110886948	
3124	 0.011411898420232144	 2.7661352562050427	
3125	 0.011424250769252985	 2.771127208961104	
3126	 0.011434239112638965	 2.775166428771859	
3127	 0.011444044693275125	 2.7791340293396307	
3128	 0.011451490006140663	 2.7821481165447395	
3129	 0.01143868088017912	 2.7769634059786283	
3130	 0.011401665812469625	 2.762002681110039	
3131	 0.011395151793571387	 2.7593731952987195	
3132	 0.011381256324139225	 2.7537674196793502	
3133	 0.011345629712301759	 2.739415606433156	
3134	 0.011297054335491968	 2.7198958807088998	
3135	 0.01124937235273498	 2.700789501867024	
3136	 0.011195351712144414	 2.6792083401287754	
3137	 0.011137313284566122	 2.656099318144752	
3138	 0.011077308585171248	 2.6322916551492144	
3139	 0.011039346103107976	 2.6172738483473807	
3140	 0.011021444156749468	 2.6102038395566067	
3141	 0.010996110890881951	 2.6002120589525637	
3142	 0.010976243051941949	 2.592386644570084	
3143	 0.010976798603170159	 2.592605333222715	
3144	 0.010988479657725023	 2.597205202853439	
3145	 0.01098504679377014	 2.5958530407231373	
3146	 0.010995154573232606	 2.5998351747035637	
3147	 0.01100641615891645	 2.6042747456619897	
3148	 0.011032584305230055	 2.614602515129873	
3149	 0.011036224797170235	 2.6160406016250923	
3150	 0.010914348840388072	 2.568068678665896	
3151	 0.010788610758003449	 2.5189494803596086	
3152	 0.010669675420603092	 2.4728376063437345	
3153	 0.010552388068465817	 2.4276990048618856	
3154	 0.01044126348858271	 2.3852395897824206	
3155	 0.01039696366776314	 2.368396772211668	
3156	 0.01037232583286106	 2.359050122921411	
3157	 0.0103162687722032	 2.3378393481353092	
3158	 0.010248259237487529	 2.312209002609902	
3159	 0.010171657326819272	 2.28347599945246	
3160	 0.01008844943312024	 2.2524281817766676	
3161	 0.010009351965325574	 2.2230719459925337	
3162	 0.009932180253014525	 2.1945790944968717	
3163	 0.009865675740537422	 2.1701427985764465	
3164	 0.009834163333633895	 2.1586021826121873	
3165	 0.00983062837483766	 2.1573091298140987	
3166	 0.009838014102588936	 2.1600111082946447	
3167	 0.009850806798674162	 2.164694360545391	
3168	 0.009867935817908008	 2.1709714401008022	
3169	 0.009891308777174028	 2.179548390667551	
3170	 0.009920847927064585	 2.19040743140076	
3171	 0.009955672082131694	 2.2032370311567298	
3172	 0.010008376787599822	 2.222710980259722	
3173	 0.010060015045649587	 2.2418573097067043	
3174	 0.010112253494757636	 2.261292956446469	
3175	 0.010148208651198006	 2.2747092648478056	
3176	 0.010181357435385232	 2.287106513255397	
3177	 0.010179187010264337	 2.286293975778893	
3178	 0.010139371093518602	 2.271408676055074	
3179	 0.010115280129231222	 2.2624210910770297	
3180	 0.010087977103515387	 2.2522524243561506	
3181	 0.01005638438301942	 2.240508993574916	
3182	 0.010018089173877802	 2.2263071028641344	
3183	 0.009970496344168295	 2.2087075427308833	
3184	 0.009923316448507108	 2.1913158746112504	
3185	 0.009885612553249452	 2.17745685546449	
3186	 0.009859080848936394	 2.1677255512016016	
3187	 0.009849319007888432	 2.164149489746528	
3188	 0.009880185410604462	 2.1754648685901	
3189	 0.00993292430752134	 2.194853107385444	
3190	 0.009986793865704214	 2.21472798325666	
3191	 0.01003133198873483	 2.231214153378443	
3192	 0.010072919616376902	 2.246652295015181	
3193	 0.010112260975618593	 2.2612957445527293	
3194	 0.010146627525910426	 2.27411861650887	
3195	 0.010177758738619773	 2.285759339741191	
3196	 0.01021195726630549	 2.2985743950331043	
3197	 0.010245414256200997	 2.311139295313603	
3198	 0.010281838720203074	 2.324849775892434	
3199	 0.010322915720510422	 2.340350403707911	
3200	 0.010361344409349804	 2.3548889563884097	
3201	 0.010391402513417471	 2.3662857918705074	
3202	 0.010401880308381226	 2.3702637261264035	
3203	 0.01044691434696369	 2.3873914817387636	
3204	 0.010477844346607004	 2.399183618877423	
3205	 0.010505202271847239	 2.40963325490912	
3206	 0.010531883279806918	 2.419841825222673	
3207	 0.010559460654941557	 2.430411494641241	
3208	 0.010573303634635347	 2.435724082394292	
3209	 0.010583988964080472	 2.4398280158472607	
3210	 0.010589952186189282	 2.4421195224937056	
3211	 0.01058702296917126	 2.4409937952699785	
3212	 0.01058651778475037	 2.4407996688653997	
3213	 0.010580818096525248	 2.4386098867603363	
3214	 0.010573019438007142	 2.435614968221257	
3215	 0.010562983157332707	 2.431762902398926	
3216	 0.010554107678482064	 2.428358400988228	
3217	 0.010551132347133787	 2.4272175352514602	
3218	 0.010558481601564678	 2.4300359342603617	
3219	 0.01057606067229457	 2.436782718201167	
3220	 0.010592337585615251	 2.443036408580441	
3221	 0.010611414838041316	 2.450374165131993	
3222	 0.010632520797810735	 2.4585024842162886	
3223	 0.010656019646336837	 2.4675650148857886	
3224	 0.010669915612011749	 2.472930386236527	
3225	 0.010647913975890192	 2.4644374873436505	
3226	 0.010556828670809244	 2.4294019302945453	
3227	 0.01046007725356531	 2.3924070309084633	
3228	 0.01038110514823799	 2.3623789629106753	
3229	 0.010289280202880852	 2.3276548031475466	
3230	 0.010168846423469744	 2.2824243781260933	
3231	 0.010023910609974542	 2.228463670935221	
3232	 0.00986315097275205	 2.1692172598087818	
3233	 0.009718972878528844	 2.1166263593930155	
3234	 0.009597622488904988	 2.072763197866844	
3235	 0.009507217949023209	 2.0403249173075158	
3236	 0.00947292404019247	 2.028073427295942	
3237	 0.00947916270261774	 2.0302999912685444	
3238	 0.009510959731629619	 2.041663453609641	
3239	 0.009541028742987661	 2.0524326918572284	
3240	 0.009565716561961597	 2.061291585944225	
3241	 0.009589113817266619	 2.0697014588554548	
3242	 0.009613707746687671	 2.078556221605203	
3243	 0.00964168908840712	 2.088648963168635	
3244	 0.009673762009829813	 2.100241559547127	
3245	 0.009708813211005545	 2.1129399742883557	
3246	 0.009746308423665473	 2.126557683749487	
3247	 0.009786477589681502	 2.1411853332141795	
3248	 0.009826999138189954	 2.1559819135634526	
3249	 0.009853942110419098	 2.1658427794549535	
3250	 0.009847551452328707	 2.1635022325387374	
3251	 0.009850227945047934	 2.1644823615585795	
3252	 0.00982138474914254	 2.153929368371561	
3253	 0.009793375362511382	 2.143701199208416	
3254	 0.009788588839030245	 2.141955256333032	
3255	 0.00982371436854387	 2.1547809509987714	
3256	 0.009733320996164847	 2.121836880231235	
3257	 0.009624861097576976	 2.0825768401403697	
3258	 0.009504238993005147	 2.0392595156694364	
3259	 0.009390417151650138	 1.998718929750533	
3260	 0.00931143608228099	 1.9707794603051638	
3261	 0.009275924890271306	 1.9582687293935355	
3262	 0.009271746330716762	 1.956798702802907	
3263	 0.009291603413508695	 1.9637884048298628	
3264	 0.009333797556191207	 1.9786738390464151	
3265	 0.00939581237667503	 2.0006332223202623	
3266	 0.009471436499332849	 2.0275426717514238	
3267	 0.00955749485597768	 2.058339641640774	
3268	 0.009685579281425282	 2.1045193213439077	
3269	 0.009893319867340395	 2.1802870130775123	
3270	 0.010134596307185946	 2.269626220240537	
3271	 0.010464364787993395	 2.3940416474130277	
3272	 0.011111400133960203	 2.6458074123778172	
3273	 0.011609187967565653	 2.8462955143639666	
3274	 0.011734066646899704	 2.8975070474672258	
3275	 0.011737125215771037	 2.8987659169204663	
3276	 0.011704419493819493	 2.8853159815994833	
3277	 0.011651953237374554	 2.863792000739439	
3278	 0.011579252056682619	 2.8340734150527664	
3279	 0.011489407500511275	 2.797518529149971	
3280	 0.011387637969938405	 2.756341367020298	
3281	 0.01127344048664764	 2.7104269744434695	
3282	 0.011156757845715952	 2.663832592020147	
3283	 0.011053012949591566	 2.6226764387289405	
3284	 0.010968889009504195	 2.5894924752761077	
3285	 0.010897702327561397	 2.561543987879176	
3286	 0.010835655706197052	 2.5372830138899176	
3287	 0.010789008773789178	 2.519104364988753	
3288	 0.0107609774874008	 2.508205531885144	
3289	 0.010747072074250609	 2.502805990033515	
3290	 0.010743004092047924	 2.5012272522026757	
3291	 0.010745988314871729	 2.5023853563531273	
3292	 0.010758130539916316	 2.507099668950118	
3293	 0.010771048790100999	 2.5121191752624017	
3294	 0.010782064283033178	 2.5164025191132917	
3295	 0.010793139608898408	 2.520712071031797	
3296	 0.010793474438199202	 2.520842403356855	
3297	 0.01076882735144387	 2.5112557287057875	
3298	 0.010709434425060187	 2.488214461636167	
3299	 0.010662328983837588	 2.4700005354485803	
3300	 0.010612710593206936	 2.4508728756032094	
3301	 0.01055411009851778	 2.428359329017814	
3302	 0.010493208579473171	 2.405049906676739	
3303	 0.010430688854525503	 2.3812147704048927	
3304	 0.010386007207875466	 2.3642384863932584	
3305	 0.010333860539019945	 2.344487439319876	
3306	 0.01030503410195327	 2.333597614481082	
3307	 0.01029234813423056	 2.3288116373679846	
3308	 0.010288355501933353	 2.327306168439006	
3309	 0.010248123541675133	 2.3121579767581024	
3310	 0.010157700549280209	 2.278256366968545	
3311	 0.010125991483009768	 2.266415402202332	
3312	 0.010121822025161948	 2.2648602579576194	
3313	 0.010101089007276623	 2.257133500344155	
3314	 0.01007553327206202	 2.2476239569275775	
3315	 0.010033538387405783	 2.232032141935803	
3316	 0.00998561133842813	 2.2142909272616866	
3317	 0.009904474739328503	 2.1843857319456648	
3318	 0.009794528145453063	 2.1441217758813678	
3319	 0.009670797074094383	 2.0991688219295854	
3320	 0.009548520580445155	 2.0551194245710582	
3321	 0.00935836998540343	 1.987363313498346	
3322	 0.009151344958736124	 1.9146311801112574	
3323	 0.009019880320880037	 1.8690096425105995	
3324	 0.008911067993986698	 1.8315826141009672	
3325	 0.008793991170774944	 1.7916518626008302	
3326	 0.008657936809266999	 1.7456919245289997	
3327	 0.008508946278875057	 1.6959116344038536	
3328	 0.008388222950933338	 1.6559994635972486	
3329	 0.008267789201213748	 1.6165627797133546	
3330	 0.008158917853196982	 1.5812402143313942	
3331	 0.008061951085919606	 1.5500433635941913	
3332	 0.007993898735103673	 1.528297797871198	
3333	 0.00796100647896873	 1.5178314439451592	
3334	 0.007947419754062839	 1.513516532187086	
3335	 0.007957376314779736	 1.516678084793706	
3336	 0.007990182610636484	 1.5271138814598615	
3337	 0.008028956885150304	 1.5394849926731107	
3338	 0.008057289531304048	 1.5485498832995397	
3339	 0.008078378082454684	 1.5553108740910404	
3340	 0.008102826927921249	 1.5631639156322086	
3341	 0.008128658913511732	 1.5714784053965702	
3342	 0.008156860915113381	 1.5805758615463883	
3343	 0.008187958662509067	 1.590631769662452	
3344	 0.0082182469433232	 1.600450432281753	
3345	 0.008222850465219951	 1.60194488810874	
3346	 0.008203824699432427	 1.5957721065789212	
3347	 0.008199065645770923	 1.5942295544221368	
3348	 0.008197209082334572	 1.5936279482917797	
3349	 0.008191517664092696	 1.5917842508849052	
3350	 0.00818007597299332	 1.5880803742135072	
3351	 0.008167471836424745	 1.5840041896758068	
3352	 0.008157679250907822	 1.5808401554275544	
3353	 0.008151547461267455	 1.5788602315457638	
3354	 0.008151173770284554	 1.5787396007046715	
3355	 0.008155257419347575	 1.5800580396685133	
3356	 0.008184887240965713	 1.589637445764231	
3357	 0.00826551721595228	 1.6158224628278552	
3358	 0.008348188013807422	 1.6428476307003181	
3359	 0.008431463342448408	 1.6702513966855785	
3360	 0.008511747998631844	 1.6968424176169101	
3361	 0.008570999583615896	 1.7165746973556568	
3362	 0.008644925748671574	 1.7413217679440673	
3363	 0.008741080914110534	 1.7737217192662913	
3364	 0.008793214122671415	 1.7913880160247846	
3365	 0.00888890441643663	 1.823996400606079	
3366	 0.009061424616276572	 1.8833789827721086	
3367	 0.009207247179900695	 1.9341638150414555	
3368	 0.009363337633163731	 1.9891218582881502	
3369	 0.009516774536154373	 2.0437442623932363	
3370	 0.009641964455307224	 2.0887483838995333	
3371	 0.00977692092629129	 2.13770162727302	
3372	 0.00988201395888573	 2.17613594033257	
3373	 0.009917690488527378	 2.1892456787040495	
3374	 0.009912614299535969	 2.1873784548917032	
3375	 0.009890417887847669	 2.1792212216102413	
3376	 0.009862148407998492	 2.1688497796992894	
3377	 0.009842647393858489	 2.1617068318985586	
3378	 0.009838743569078046	 2.1602780481205452	
3379	 0.009800975159114133	 2.146474486646552	
3380	 0.009789203806048268	 2.1421795412024136	
3381	 0.009772338217961238	 2.136031890207906	
3382	 0.009747849186531115	 2.127118014496193	
3383	 0.00971981622445885	 2.1169324788219526	
3384	 0.009692216766184354	 2.106923566729631	
3385	 0.009666863537115966	 2.097745974954458	
3386	 0.009645835867076227	 2.090146350628072	
3387	 0.009630162418696603	 2.084488977771742	
3388	 0.009622988291785015	 2.0819015041619457	
3389	 0.009619161069237218	 2.0805216756775247	
3390	 0.009616189955991335	 2.0794507525810215	
3391	 0.009613557718622257	 2.078502159885065	
3392	 0.009605451057407944	 2.075581809150134	
3393	 0.00957516722822327	 2.064686869758532	
3394	 0.009518383797440029	 2.0443202810652723	
3395	 0.009486335048465595	 2.0328609921028717	
3396	 0.009429982029043943	 2.012774052495254	
3397	 0.009369917209743263	 1.9914519826865569	
3398	 0.009323458468427871	 1.9750222121253438	
3399	 0.009285048303773006	 1.961479901035245	
3400	 0.009252990104238364	 1.9502056612550989	
3401	 0.009223998297357214	 1.9400322085578876	
3402	 0.009201528968609481	 1.9321621911437368	
3403	 0.00919522916462862	 1.92995794425627	
3404	 0.009255303084073772	 1.9510182206122164	
3405	 0.009310462712238851	 1.9704361135457638	
3406	 0.009314573850236006	 1.9718864401464844	
3407	 0.00931175060363352	 1.9708904097503774	
3408	 0.009303633148895344	 1.9680277249142129	
3409	 0.009296388882015463	 1.9654743823761465	
3410	 0.009296018080196608	 1.9653437237954707	
3411	 0.00930112730664471	 1.9671443559881614	
3412	 0.009302619366988046	 1.9676703235994533	
3413	 0.009306672631665685	 1.9690994277023495	
3414	 0.009318395882325017	 1.9732351588591492	
3415	 0.009340745405787353	 1.981129241751139	
3416	 0.009366302509305998	 1.9901717193930273	
3417	 0.009384495570092775	 1.9966187232393786	
3418	 0.009365535069786718	 1.9898999482021025	
3419	 0.00935675289189008	 1.986790997447579	
3420	 0.009294148199034761	 1.964684891027119	
3421	 0.009180860653490023	 1.9249342928223423	
3422	 0.00904908050404409	 1.879104805155666	
3423	 0.008901132796018226	 1.8281804083254019	
3424	 0.008750949596603814	 1.7770605289010415	
3425	 0.00860595137637888	 1.7282572866647667	
3426	 0.008480835941191736	 1.6865841708124136	
3427	 0.008391272251259914	 1.6570029044917771	
3428	 0.008342347744311043	 1.6409325573765638	
3429	 0.008310944430106224	 1.630650472981222	
3430	 0.008278081088600129	 1.6199180468156744	
3431	 0.008249588766637958	 1.61063605422732	
3432	 0.008228124199847536	 1.6036576028235576	
3433	 0.008213612106243572	 1.5989463741988885	
3434	 0.008198192308591257	 1.593946544428889	
3435	 0.008188159440536294	 1.590696777017012	
3436	 0.00819223434645085	 1.59201636842547	
3437	 0.008206263127535657	 1.5965627055183218	
3438	 0.008229317599541016	 1.6040452766459203	
3439	 0.00826001725835458	 1.6140308863507704	
3440	 0.008286061794515808	 1.6225217588581338	
3441	 0.008287745264475146	 1.6230712059670234	
3442	 0.008266419798923105	 1.6161165494703205	
3443	 0.008285606132426208	 1.6223730536949323	
3444	 0.008295544782611576	 1.6256177659039988	
3445	 0.008294566135153244	 1.6252981477285149	
3446	 0.008288966640089344	 1.6234698823476625	
3447	 0.00828434653132425	 1.6219620116828835	
3448	 0.008298327381446039	 1.626526677046638	
3449	 0.008331184291373576	 1.6372744542330548	
3450	 0.008404332958956724	 1.6613035747068365	
3451	 0.00847710330754608	 1.6853471706645706	
3452	 0.008548909188250488	 1.7092073678332333	
3453	 0.008618477284777252	 1.7324517664799257	
3454	 0.00862793744851024	 1.7356223329886429	
3455	 0.008625575971962665	 1.7348306687941812	
3456	 0.008629513428801036	 1.736150746866203	
3457	 0.0086364108003867	 1.7384641385886843	
3458	 0.00864284849271984	 1.740624464619347	
3459	 0.008656536732968902	 1.7452214563729367	
3460	 0.008682076479825761	 1.7538115611594365	
3461	 0.008707304211316528	 1.7623132768754832	
3462	 0.008737321789730685	 1.772450578857421	
3463	 0.008774506097805664	 1.785040401767158	
3464	 0.008812738965078261	 1.7980223838590863	
3465	 0.008826140468837585	 1.8025817715267958	
3466	 0.008815834166806785	 1.7990750065693717	
3467	 0.00884979210749938	 1.8106396695461338	
3468	 0.008873290883012643	 1.8186597191433478	
3469	 0.008888436086243713	 1.8238362350889101	
3470	 0.008949792732661664	 1.8448676381596814	
3471	 0.00901104009180567	 1.865957666503274	
3472	 0.00907231619758669	 1.8871534431497428	
3473	 0.009133673119263781	 1.9084730195506885	
3474	 0.009193108486180835	 1.929216163655271	
3475	 0.009248596713484542	 1.9486626178174347	
3476	 0.00924103508937453	 1.9460079739930185	
3477	 0.009276562338513032	 1.9584930239279539	
3478	 0.009265793231128824	 1.9547051518146192	
3479	 0.009172969305490693	 1.9221774754443708	
3480	 0.009048969076253393	 1.8790662407148924	
3481	 0.008949212948723514	 1.8446684526293593	
3482	 0.008869070626637346	 1.8172183160419835	
3483	 0.008801039382212977	 1.7940457916461838	
3484	 0.008754873793837183	 1.7783888758545923	
3485	 0.008720122669878596	 1.766639381088447	
3486	 0.008688849595351692	 1.7560924780679512	
3487	 0.008666638093185507	 1.7486169572551973	
3488	 0.008629650429050314	 1.736196685018986	
3489	 0.008533565310845696	 1.7040975200466864	
3490	 0.008296720166942221	 1.6260016699434583	
3491	 0.008087355822942906	 1.5581927127450081	
3492	 0.007886609754158289	 1.4942645817647444	
3493	 0.007732166704254889	 1.4458134634942306	
3494	 0.0076072634311858765	 1.4070979902499026	
3495	 0.007481569794612103	 1.3685630269252729	
3496	 0.0073337002881477655	 1.3237790759690984	
3497	 0.007201710465632628	 1.2843094515640028	
3498	 0.007082811460668381	 1.2491647455434103	
3499	 0.006975449833275972	 1.2177662944662473	
3500	 0.006884430325747326	 1.1913981780830856	
3501	 0.006817418422378735	 1.1721328378126479	
3502	 0.006758445467046073	 1.1552827083756725	
3503	 0.006711098814348696	 1.1418252404696563	
3504	 0.006681250938239614	 1.1333739399609268	
3505	 0.006669051614700371	 1.1299269860446846	
3506	 0.006671237726136392	 1.13054436923077	
3507	 0.006685541882183398	 1.1345873567128177	
3508	 0.006714062042147578	 1.1426656359465044	
3509	 0.006751750892977405	 1.1533760638817114	
3510	 0.006795922925185573	 1.1659797051289935	
3511	 0.006843814091712302	 1.1797063653761433	
3512	 0.0068836332161493295	 1.1911682780950281	
3513	 0.0068910192576651375	 1.1932992178714388	
3514	 0.00687671211657082	 1.1891728611696142	
3515	 0.006891285584859981	 1.1933760841316312	
3516	 0.006898289277591728	 1.1953981718928701	
3517	 0.006901639755469415	 1.1963659972391933	
3518	 0.006903606538332825	 1.1969342717679834	
3519	 0.006900324187822003	 1.1959859425347596	
3520	 0.006895403489832906	 1.1945648289646549	
3521	 0.006891025241566127	 1.1933009448985958	
3522	 0.006887181978688078	 1.192191938035613	
3523	 0.006890499900129094	 1.1931493287310346	
3524	 0.0069042861442965425	 1.1971306595441522	
3525	 0.006946366310563077	 1.2093157789437294	
3526	 0.0070087208505225556	 1.2274623732347782	
3527	 0.007104365434982063	 1.2555068050927791	
3528	 0.007198405367528144	 1.2833272498664257	
3529	 0.0072664326392066015	 1.3036039564308948	
3530	 0.007327100838314396	 1.3217942678270973	
3531	 0.007388231670707961	 1.3402251343635652	
3532	 0.00745994384525797	 1.3619761854096883	
3533	 0.007552767839402023	 1.3903382648314662	
3534	 0.007607373453375629	 1.4071319079983415	
3535	 0.007645641228498637	 1.4189489625387468	
3536	 0.0076730870583972535	 1.4274485359038418	
3537	 0.007676818145150004	 1.4286055664209605	
3538	 0.007663768764135259	 1.4245605195995232	
3539	 0.007695905826132858	 1.4345306256815569	
3540	 0.007734847111079459	 1.4466488947114142	
3541	 0.007779151831218179	 1.4604857704420662	
3542	 0.007824653142991448	 1.4747511432329647	
3543	 0.007860082981143114	 1.4858973278795322	
3544	 0.00789770479093309	 1.4977698255270184	
3545	 0.00792274330673561	 1.5056922856920316	
3546	 0.007936735384749498	 1.510126811087945	
3547	 0.007943577669728977	 1.5122972431570896	
3548	 0.007946604211621262	 1.5132576861749387	
3549	 0.007962866313135095	 1.5184224777982815	
3550	 0.007982990781983817	 1.524823686427787	
3551	 0.00800514296740604	 1.5318823215276436	
3552	 0.00803577797577156	 1.5416654212254153	
3553	 0.008088574175040709	 1.5585839660240746	
3554	 0.008191342503542021	 1.591727522321279	
3555	 0.008310047336802021	 1.6303571262585743	
3556	 0.008374349210038984	 1.6514370672472503	
3557	 0.008448273123578617	 1.6758050421709194	
3558	 0.008532971056827363	 1.703899743530188	
3559	 0.008616748465757553	 1.7318726047566835	
3560	 0.008691914555985867	 1.7571250250313748	
3561	 0.008748550811476808	 1.7762487318865787	
3562	 0.0087929129171161	 1.791285745900409	
3563	 0.008895356802369494	 1.826203642286602	
3564	 0.008991311495275097	 1.8591538174949127	
3565	 0.009076889733174612	 1.888739295742369	
3566	 0.009161518616065182	 1.918180024389543	
3567	 0.009239694694482263	 1.945537555364595	
3568	 0.009302655622487334	 1.967683104759949	
3569	 0.009361433835460972	 1.988447841338374	
3570	 0.009418978772866182	 2.008861274907681	
3571	 0.009475172692875011	 2.0288758535180946	
3572	 0.009530708577616644	 2.0487339630317	
3573	 0.009582671087715615	 2.0673843277866313	
3574	 0.009588463065264397	 2.0694673684194775	
3575	 0.009582685848790698	 2.0673896354283587	
3576	 0.009567692396320479	 2.0620012472159277	
3577	 0.00953896669972647	 2.0516934459096174	
3578	 0.009505185484919987	 2.039597997392604	
3579	 0.00947185537013881	 2.027692119506385	
3580	 0.009437180204094169	 2.0153353840110175	
3581	 0.009401708044042759	 2.0027259161019924	
3582	 0.009350361613516763	 1.9845296640126353	
3583	 0.009285631065799502	 1.9616850875313143	
3584	 0.009200480419632591	 1.9317952431181917	
3585	 0.009085082362788665	 1.8915813846281013	
3586	 0.008942162881675252	 1.8422470812407326	
3587	 0.008834090188409987	 1.8052885645974694	
3588	 0.008707425089254602	 1.7623540521785583	
3589	 0.008565752415401128	 1.7148235756581625	
3590	 0.008405914982416846	 1.6618248110243068	
3591	 0.008241413501711209	 1.607976724420092	
3592	 0.008073479437750945	 1.5537393178570051	
3593	 0.007912140033296487	 1.5023352532731216	
3594	 0.007763860604035464	 1.4557041901012087	
3595	 0.007633670755950981	 1.4152482431673343	
3596	 0.007535553571206844	 1.3850608467870138	
3597	 0.007481086818956636	 1.3684157832273836	
3598	 0.007442299020081514	 1.3566113372962543	
3599	 0.00741390261683739	 1.3479953020150592	
3600	 0.007396941566171637	 1.3428594605633875	
3601	 0.007390213447263458	 1.340824345004841	
3602	 0.007392379794362154	 1.3414794850233607	
3603	 0.007405669140927526	 1.3455012089622558	
3604	 0.007430827439794411	 1.35312798749453	
3605	 0.007466396818659137	 1.363940304306361	
3606	 0.007506747610785475	 1.3762477036609182	
3607	 0.007555541341871932	 1.3911892946974218	
3608	 0.0076117621198173455	 1.4084851170644643	
3609	 0.0076410050802906745	 1.4175152201561096	
3610	 0.007638086271209601	 1.4166128673449465	
3611	 0.007710297292466781	 1.4390044038662666	
3612	 0.0077900318762745635	 1.463891788273058	
3613	 0.007869160139997703	 1.4887583912890343	
3614	 0.007945813698000119	 1.5130068009930462	
3615	 0.007980279328025683	 1.5239605969715522	
3616	 0.008059222894531568	 1.5491692290582768	
3617	 0.008138798682297693	 1.5747468929625208	
3618	 0.008229623647310213	 1.6041447017720694	
3619	 0.008233781972686278	 1.6054958528815821	
3620	 0.008164679492178969	 1.5831017111222339	
3621	 0.008075585653978498	 1.554414944675267	
3622	 0.008052544681704174	 1.5470303082081411	
3623	 0.00809143023877794	 1.5595012968496922	
3624	 0.008172802131927144	 1.585727498755567	
3625	 0.008231926213836756	 1.6048928109857583	
3626	 0.00827781830555573	 1.6198323420718157	
3627	 0.008329162004883407	 1.6366121294096978	
3628	 0.00838442827322018	 1.6547510790744189	
3629	 0.00844109598386508	 1.6734329438572462	
3630	 0.00850329210106492	 1.6940338339676728	
3631	 0.008566137688441148	 1.7149521273535953	
3632	 0.008619190942531494	 1.7326908674491073	
3633	 0.008640387516540227	 1.7397984968149023	
3634	 0.008629231079695621	 1.7360560726863326	
3635	 0.00864847903904841	 1.7425148126180758	
3636	 0.008632718492538332	 1.7372255781634771	
3637	 0.008572640021726285	 1.7171223025236413	
3638	 0.00849578277560845	 1.6915412098978164	
3639	 0.008409864330488882	 1.6631263057502896	
3640	 0.008310095949143939	 1.6303730218023262	
3641	 0.008207207384500717	 1.5968688991441629	
3642	 0.008102740144756123	 1.5631360126486546	
3643	 0.008004269547335569	 1.531603765581581	
3644	 0.007939347835878479	 1.5109553560636375	
3645	 0.007923556950694771	 1.5059500119455829	
3646	 0.007921911415947345	 1.5054287978963532	
3647	 0.007914658083390523	 1.5031322051104303	
3648	 0.00790080762133515	 1.498750687363103	
3649	 0.007881965331215017	 1.4927982494806373	
3650	 0.007861513004446749	 1.4863479161389475	
3651	 0.00784157829093626	 1.4800715864924903	
3652	 0.00781905718061688	 1.4729937310617318	
3653	 0.007803678635471318	 1.4681684164874158	
3654	 0.0077923356355154355	 1.4646133913688917	
3655	 0.007780701331576412	 1.4609706505259685	
3656	 0.0077606257278580795	 1.454693445361774	
3657	 0.007704588341226244	 1.4372290338864435	
3658	 0.007609654070786433	 1.4078350526133199	
3659	 0.007543793592037234	 1.387586007364093	
3660	 0.007446670462280828	 1.3579396699066204	
3661	 0.007315737042617491	 1.3183793579551504	
3662	 0.007171083114712906	 1.275219201656312	
3663	 0.007013430888992481	 1.2288374910121893	
3664	 0.006847019228570483	 1.1806273212782934	
3665	 0.006672765011309483	 1.1309757722889995	
3666	 0.006508977790532576	 1.0850878470837675	
3667	 0.00636638773187377	 1.0457600770118634	
3668	 0.006286125029640246	 1.0238789348174147	
3669	 0.006255639527394152	 1.015616563836655	
3670	 0.006220438255426672	 1.0061094371699597	
3671	 0.006189608992628028	 0.997812502578524	
3672	 0.006186722796334653	 0.9970371614383071	
3673	 0.006201155262465411	 1.0009166767960642	
3674	 0.00622395343734282	 1.0070572063631893	
3675	 0.006255235176019176	 1.0155071539982792	
3676	 0.0063226631813139925	 1.0338169809478321	
3677	 0.0064257592190020245	 1.0620647543861939	
3678	 0.006526728956198771	 1.0900243822800708	
3679	 0.0065920755519369365	 1.1082741669566756	
3680	 0.006652133164021607	 1.1251535826845154	
3681	 0.006685370219732453	 1.1345388030869707	
3682	 0.006674805049435297	 1.1315521122845127	
3683	 0.006710069778909178	 1.141533455518792	
3684	 0.006739361429212043	 1.149850813208715	
3685	 0.0067609607096764945	 1.155999386196671	
3686	 0.006782280647328091	 1.1620812959521714	
3687	 0.006872555503031141	 1.1879751143514927	
3688	 0.006878305064101542	 1.189632004096192	
3689	 0.006863009063878749	 1.1852260932089909	
3690	 0.0068320540628842305	 1.1763297314439738	
3691	 0.0067969900232113375	 1.1662848586198722	
3692	 0.006779616531567266	 1.161320609423381	
3693	 0.006770232004445005	 1.1586426272463695	
3694	 0.006742881455643076	 1.1508519490824274	
3695	 0.0067051341162225825	 1.1401343536920108	
3696	 0.006662660089501105	 1.1281227191525283	
3697	 0.006628504082050019	 1.1185003648446872	
3698	 0.006597902796112723	 1.1099074631037549	
3699	 0.0065742782681632896	 1.1032917923268661	
3700	 0.0066110052100455275	 1.113583401680691	
3701	 0.0066546898722885375	 1.1258744186243979	
3702	 0.0067268474521131735	 1.1462945171459253	
3703	 0.00678397258429394	 1.1625644991439226	
3704	 0.006845648848543813	 1.1802335245748943	
3705	 0.006885363342824108	 1.1916672986465866	
3706	 0.00687590348304246	 1.188939811969646	
3707	 0.006867994290145654	 1.18666133605396	
3708	 0.0068599417380933595	 1.1843433577382139	
3709	 0.0068916176735575214	 1.1934719329807566	
3710	 0.0069840290834337505	 1.2202635776872552	
3711	 0.007072038017413256	 1.2459995756558437	
3712	 0.007052045059479503	 1.240134285096658	
3713	 0.007009606960832262	 1.2277210302527164	
3714	 0.0069494724125137	 1.2102171657937184	
3715	 0.006860447160079817	 1.184488793344948	
3716	 0.006766410328764343	 1.15755277706881	
3717	 0.006699689157347767	 1.13859167908041	
3718	 0.0066597252534707704	 1.1272946292200974	
3719	 0.006647507416591463	 1.123849873115923	
3720	 0.006677820166279865	 1.1324041410451806	
3721	 0.006743422803042395	 1.151005945408341	
3722	 0.006820942132001858	 1.1731427428977403	
3723	 0.006899372324922365	 1.1957109887139137	
3724	 0.006953556397078175	 1.2114027417274573	
3725	 0.007013325297917143	 1.2288066564551396	
3726	 0.007080033535591083	 1.2483483012994083	
3727	 0.007153679859533671	 1.2700653992573092	
3728	 0.007225702666294823	 1.2914484072876926	
3729	 0.007281913265192616	 1.3082359709783236	
3730	 0.007327770644041786	 1.3219956599757303	
3731	 0.007393433073053836	 1.3417980605704616	
3732	 0.007455492757317535	 1.3606220487692218	
3733	 0.007509892388444919	 1.3772087495535332	
3734	 0.007553379535688271	 1.390525941660837	
3735	 0.007587286703233403	 1.4009449669313048	
3736	 0.007600481492789418	 1.4050078790798104	
3737	 0.0076129691868406756	 1.408857397441867	
3738	 0.007626665954235436	 1.4130844740260098	
3739	 0.007642929847000907	 1.4181103895012224	
3740	 0.007668800661850269	 1.4261197636602656	
3741	 0.007715459416977458	 1.4406104762995071	
3742	 0.007773782365611683	 1.458806019260861	
3743	 0.00783996617959679	 1.4795644869044249	
3744	 0.00791166960146962	 1.5021863824013346	
3745	 0.007988281295984634	 1.5265082854367449	
3746	 0.008067763869398972	 1.551906484082336	
3747	 0.008148145957142677	 1.5777623311012081	
3748	 0.008226152441260886	 1.6030171625915737	
3749	 0.008303303929282541	 1.6281527287871744	
3750	 0.008379058874666404	 1.6529852816208095	
3751	 0.008453469916980379	 1.677523460050087	
3752	 0.008598194697554056	 1.7256618911123847	
3753	 0.00866758266530939	 1.748934603463653	
3754	 0.00868694520045032	 1.7554510334999602	
3755	 0.008742781359376634	 1.774296841173658	
3756	 0.008792307503238967	 1.791080193169279	
3757	 0.008834591721253173	 1.8054593855538055	
3758	 0.008867289057238466	 1.8166099689938775	
3759	 0.008888043743372709	 1.823702061013531	
3760	 0.008865567884729236	 1.8160223228687167	
3761	 0.008828444655469333	 1.8033661548153566	
3762	 0.008780434106380807	 1.7870507936720925	
3763	 0.008728835993778057	 1.7695824642411946	
3764	 0.008679294847954011	 1.752875161299954	
3765	 0.008652807482531728	 1.7439685624751617	
3766	 0.008643183456253442	 1.7407368992435728	
3767	 0.00864046900288286	 1.7398258432469582	
3768	 0.008643917797698965	 1.7409834001343487	
3769	 0.008656117600406084	 1.7450806249683768	
3770	 0.008679178064712408	 1.7528358521300826	
3771	 0.008710846491013615	 1.7635083373449656	
3772	 0.008755083990948494	 1.7784600391108016	
3773	 0.008804918553028928	 1.795363899695345	
3774	 0.00885437164323313	 1.8122015366053021	
3775	 0.008901143811245916	 1.8281841789750155	
3776	 0.008934840921799032	 1.8397336741682988	
3777	 0.00894490820671945	 1.8431898219534626	
3778	 0.008932046674361383	 1.8387748555315717	
3779	 0.008953433872509709	 1.8461187531677024	
3780	 0.00897081193362892	 1.852094619872195	
3781	 0.008967773570000863	 1.8510492478310592	
3782	 0.008957927510325888	 1.847663258687534	
3783	 0.008943434334893603	 1.842683672481854	
3784	 0.00892360809598545	 1.8358804538114957	
3785	 0.008859397634049866	 1.8139162887223113	
3786	 0.008773724302648802	 1.7847753356619684	
3787	 0.008713025942602325	 1.7642437809073073	
3788	 0.008691381260908007	 1.756945347133368	
3789	 0.008689485255120819	 1.7563066039519897	
3790	 0.00869948654099861	 1.759676972866691	
3791	 0.008708250403987415	 1.762632462596888	
3792	 0.008707915982258478	 1.7625196471589295	
3793	 0.008699424171885843	 1.7596559468692061	
3794	 0.008689680557902216	 1.7563723949864942	
3795	 0.008693465155902838	 1.7576474952566217	
3796	 0.008761688990420125	 1.780696774050004	
3797	 0.008808959192912446	 1.7967372852221937	
3798	 0.008850456307596065	 1.810866163968354	
3799	 0.008894842558285593	 1.8260276897563599	
3800	 0.008925042699229658	 1.8363723888305514	
3801	 0.008923585113346559	 1.83587257334042	
3802	 0.008893365889397395	 1.8255224739449727	
3803	 0.00893141198019754	 1.8385570943120089	
3804	 0.009009591749225195	 1.8654578349783837	
3805	 0.009084566662021842	 1.8914024334870818	
3806	 0.00910105265801278	 1.8971265207117503	
3807	 0.0090811537919951	 1.8902183186153307	
3808	 0.009027170078556688	 1.871527838797455	
3809	 0.008965487727630134	 1.8502629420564558	
3810	 0.008900258944576012	 1.8278812880067814	
3811	 0.00893470378726679	 1.8396866131315632	
3812	 0.0095629760557867	 2.060307438929542	
3813	 0.009586705746109326	 2.0688352732919113	
3814	 0.009562082556229567	 2.0599866136899787	
3815	 0.00954754534613723	 2.054769605155131	
3816	 0.009535024768015751	 2.0502805532976964	
3817	 0.009521302985151898	 2.0453653402602403	
3818	 0.009505491078499215	 2.039707287690478	
3819	 0.009489517372151774	 2.033997705249169	
3820	 0.009463916428187022	 2.0248603560895266	
3821	 0.009414823709783292	 2.0073845192918727	
3822	 0.009360492678160408	 1.9881146695331176	
3823	 0.009310782425723054	 1.9705488867103278	
3824	 0.009258154389519494	 1.9520200822964704	
3825	 0.009156757111381562	 1.916518756725566	
3826	 0.009019549959670272	 1.868895553644974	
3827	 0.00893172251245009	 1.8386636354901187	
3828	 0.008852134752835375	 1.8114385698271565	
3829	 0.008780899181281844	 1.7872085548819894	
3830	 0.00871178953175802	 1.7638265460347098	
3831	 0.008639104891762625	 1.7393680766447082	
3832	 0.008564051944746529	 1.7142562360828921	
3833	 0.008484693368439152	 1.6878629091563921	
3834	 0.008403089611027021	 1.6608939692276978	
3835	 0.008329272069405792	 1.636648174197415	
3836	 0.008271540969360681	 1.6177855745743055	
3837	 0.008249284957104655	 1.610537196656976	
3838	 0.00823552684603887	 1.6060629444122676	
3839	 0.008226417604495809	 1.6031032834090226	
3840	 0.008214399269493803	 1.5992017778742638	
3841	 0.008195847679417239	 1.593186853116247	
3842	 0.008183844606806847	 1.5892999660745666	
3843	 0.008190691264125562	 1.591516615047094	
3844	 0.00820335984687095	 1.5956214076127802	
3845	 0.008233801161743845	 1.6055020889742182	
3846	 0.008279509571059003	 1.6203839675187184	
3847	 0.008319578708656359	 1.6334749344903086	
3848	 0.008347870437837813	 1.6427434719070968	
3849	 0.008341732840149246	 1.6407309771383292	
3850	 0.008293446568588547	 1.6249325373670096	
3851	 0.008298763234252257	 1.6266690628945237	
3852	 0.008365350351261942	 1.6484804742751675	
3853	 0.008433219006594246	 1.6708310912382993	
3854	 0.008500531446513348	 1.6931172995167312	
3855	 0.008566737896542772	 1.7151524027944869	
3856	 0.008631935015585755	 1.7369628113754934	
3857	 0.008695166553508464	 1.758220847820779	
3858	 0.008755321523009181	 1.7785404581181556	
3859	 0.008755284277581668	 1.7785278481860884	
3860	 0.008730763442612324	 1.7702337596913873	
3861	 0.008693449401347345	 1.7576421864915936	
3862	 0.008645105691374475	 1.741382177238621	
3863	 0.008602746556371029	 1.7271847602768822	
3864	 0.00857898958730258	 1.7192425502495696	
3865	 0.008575302764718715	 1.7180113185765542	
3866	 0.008585336519759169	 1.721362964503556	
3867	 0.008602639799010051	 1.7271490373979583	
3868	 0.008619706766970079	 1.7328636953725172	
3869	 0.008643738688463761	 1.7409232761529883	
3870	 0.008669552002655897	 1.7495969378979574	
3871	 0.00869221083670243	 1.7572248511731254	
3872	 0.0086884452136229	 1.7559562650423242	
3873	 0.008646932255415225	 1.7419954279007088	
3874	 0.008568009110686448	 1.7155766081850317	
3875	 0.008533566940649872	 1.7040980624822197	
3876	 0.008485249499390158	 1.688047298713843	
3877	 0.008412282893510155	 1.6639235364795812	
3878	 0.008323589251220136	 1.6347875356856663	
3879	 0.008225327246089228	 1.6027491641155913	
3880	 0.008155147497432924	 1.5800225447283154	
3881	 0.008100400359625686	 1.5623837876235924	
3882	 0.008067138723457391	 1.5517060685774346	
3883	 0.008016367342126043	 1.535463864123063	
3884	 0.007982555842308562	 1.5246852265672164	
3885	 0.007998626644853832	 1.5298045883870417	
3886	 0.008054255130983595	 1.5475780241436823	
3887	 0.008100429645957434	 1.5623932020852311	
3888	 0.008146195194837965	 1.5771328231396677	
3889	 0.008189638670699415	 1.591175750824894	
3890	 0.00823290111683643	 1.6052096012767243	
3891	 0.008283139168838263	 1.6215680556551932	
3892	 0.008349046303125319	 1.6431291462603776	
3893	 0.00841602338780088	 1.6651568162365142	
3894	 0.00848476398009753	 1.687886320556305	
3895	 0.008557381552350378	 1.7120314728517736	
3896	 0.00861490698922513	 1.731255787485259	
3897	 0.008648732660772896	 1.7425999805668284	
3898	 0.008641413687637335	 1.740142887543103	
3899	 0.008659098686536701	 1.7460823890897579	
3900	 0.008648793113885637	 1.7426202813905962	
3901	 0.00862842433102108	 1.7357855740219799	
3902	 0.00861937014204351	 1.732750907792378	
3903	 0.008623864080930256	 1.7342568627476258	
3904	 0.008672387689721736	 1.7505508223106345	
3905	 0.008709810623811645	 1.7631588328436785	
3906	 0.00874742985712078	 1.7758694293111608	
3907	 0.008814907386321265	 1.7987597992677136	
3908	 0.008861116035907137	 1.8145027165989787	
3909	 0.00892497051634386	 1.836347635578095	
3910	 0.008996486757133838	 1.8609376606612065	
3911	 0.009065005033152742	 1.8846194370958849	
3912	 0.009131060577216663	 1.9075632923351218	
3913	 0.009197005671711415	 1.930579426819085	
3914	 0.009262849974363363	 1.9536704157997047	
3915	 0.009326790841663235	 1.9761988669162782	
3916	 0.009385675283409514	 1.9970370615466082	
3917	 0.009443603799408645	 2.01762219632725	
3918	 0.009498729913168908	 2.0372898204127625	
3919	 0.009553059896712748	 2.056748004128211	
3920	 0.009675979629381536	 2.101044055451499	
3921	 0.009722175594954603	 2.1177889820100027	
3922	 0.009722766129202162	 2.1180033805658303	
3923	 0.009761686104141704	 2.132152745816531	
3924	 0.009797108892920748	 2.145063445002885	
3925	 0.009827637161727446	 2.156215215876385	
3926	 0.009855863777046106	 2.1665467783027834	
3927	 0.009902414552799627	 2.1836285102277357	
3928	 0.009948658868555615	 2.200650876727374	
3929	 0.009994082306567204	 2.217422515099469	
3930	 0.010038609583151264	 2.233912664761082	
3931	 0.01008049870906038	 2.2494703882973317	
3932	 0.010092652023909299	 2.2539922391619314	
3933	 0.010109148330508667	 2.2601357848841337	
3934	 0.010130993928826193	 2.268281801683412	
3935	 0.01015928894900391	 2.2788501644838237	
3936	 0.010191657950052765	 2.2909642696398977	
3937	 0.010223399576789586	 2.302868515355852	
3938	 0.010264532307909488	 2.3183314492301923	
3939	 0.010304674649240432	 2.333461951297463	
3940	 0.010335802578611056	 2.345221816794301	
3941	 0.010374396418256904	 2.3598350545166396	
3942	 0.01040594822683649	 2.3718088468379195	
3943	 0.01043456523618524	 2.3826898472663807	
3944	 0.010461150211200828	 2.3928160526102866	
3945	 0.010435049768122276	 2.382874251562824	
3946	 0.010363002308789475	 2.355516992216624	
3947	 0.010336265871929156	 2.3453970236094825	
3948	 0.010298696563046654	 2.3312061888360205	
3949	 0.010248729595365061	 2.312385875307991	
3950	 0.010191553416128993	 2.290925106455864	
3951	 0.010126011223492905	 2.2664227661172927	
3952	 0.010052701867361456	 2.239141752295638	
3953	 0.009970694642105982	 2.208780756246565	
3954	 0.009886878120357582	 2.177921476035685	
3955	 0.009813005040063506	 2.1508673141275088	
3956	 0.009765306774246106	 2.1334709566301133	
3957	 0.009731228489671924	 2.1210766670641914	
3958	 0.00969948243109229	 2.1095566116910427	
3959	 0.009662919720864773	 2.0963197971815415	
3960	 0.009621518875462476	 2.081371692242482	
3961	 0.009585372613065997	 2.0683558063977667	
3962	 0.009559505611531662	 2.059061432614016	
3963	 0.009546225327817431	 2.0542961486415274	
3964	 0.00954474965742303	 2.0537669154108884	
3965	 0.009559863386234447	 2.059189871836767	
3966	 0.009583237885385827	 2.067588135213705	
3967	 0.009607114933723734	 2.0761810714505033	
3968	 0.009614092946742196	 2.078695028727371	
3969	 0.009599820080875628	 2.0735542679852377	
3970	 0.009563608708653639	 2.0605346150973465	
3971	 0.009574061430982396	 2.0642894811979833	
3972	 0.009581132770079971	 2.066831224593002	
3973	 0.009571037742995489	 2.0632030195755466	
3974	 0.009549846066423659	 2.0555949184800877	
3975	 0.009522076384030015	 2.0456422502050216	
3976	 0.009483723676483197	 2.0319284104668203	
3977	 0.009458652648312414	 2.0229836765460534	
3978	 0.009451234350765562	 2.020340035185507	
3979	 0.009451853240663796	 2.020560534661123	
3980	 0.009476833802485441	 2.0294686979668577	
3981	 0.009515363521144059	 2.0432392573803853	
3982	 0.00956044167854661	 2.0593974824889525	
3983	 0.009609886296174342	 2.0771793599680435	
3984	 0.009657426801528706	 2.0943340734310754	
3985	 0.009706629278457909	 2.112147880845274	
3986	 0.00975545467714021	 2.129884775797525	
3987	 0.009804243288975858	 2.1476675204919435	
3988	 0.009848350110936868	 2.1637946819531804	
3989	 0.009892599843741379	 2.180022555167415	
3990	 0.009935846596648843	 2.19592943095963	
3991	 0.009977116121278351	 2.211152153097606	
3992	 0.010015440769803367	 2.2253262702405063	
3993	 0.010037346054418899	 2.2334440582958854	
3994	 0.010021863101612847	 2.227705070241832	
3995	 0.01005489324975466	 2.2399553266647616	
3996	 0.01009817808018938	 2.2560495050320593	
3997	 0.010140031719905896	 2.271655335846715	
3998	 0.010181179397829535	 2.2870398573629402	
3999	 0.01022088140535671	 2.3019232098461573	
4000	 0.010259467499116263	 2.316425212980695	
4001	 0.01029768688930028	 2.3308252861410366	
4002	 0.010334740288667092	 2.3448201030776334	
4003	 0.010336674456399143	 2.3455515451485756	
4004	 0.010333804852001922	 2.3444663827684096	
4005	 0.010345440809647471	 2.3488678511947616	
4006	 0.010365972944081472	 2.3566424785535243	
4007	 0.010386143605501962	 2.364290235174613	
4008	 0.010404803502502617	 2.3713740045593634	
4009	 0.010420612279283212	 2.3773820477734713	
4010	 0.010425096196514482	 2.379087243997862	
4011	 0.010420412552692052	 2.3773061047984694	
4012	 0.010426021095935732	 2.3794390363531464	
4013	 0.010432296866732927	 2.381826621841896	
4014	 0.010437128852138534	 2.383665579011724	
4015	 0.010438598769746755	 2.3842251129186365	
4016	 0.01041885815716049	 2.376715102886687	
4017	 0.010356295496178976	 2.3529767691138765	
4018	 0.010261069803873908	 2.317028202749425	
4019	 0.010215984122070407	 2.3000852454826437	
4020	 0.01016242522086389	 2.2800227906905524	
4021	 0.010104853730751354	 2.2585357483441078	
4022	 0.010046588429998017	 2.236872697677892	
4023	 0.00998819991874018	 2.2152476981232407	
4024	 0.009937321830191543	 2.196472862102182	
4025	 0.00987880298716296	 2.174957578284841	
4026	 0.009823863096363494	 2.1548353224034975	
4027	 0.009761753608222654	 2.1321773196694807	
4028	 0.009692691466500751	 2.1070955558689892	
4029	 0.009628043055187763	 2.0837244586855044	
4030	 0.009561484489454364	 2.059771879459235	
4031	 0.009500655985617905	 2.03797837439957	
4032	 0.00945647161585212	 2.022206283596863	
4033	 0.009431449431888204	 2.0132960937106645	
4034	 0.009423330184629142	 2.0104082806656045	
4035	 0.009427210241848998	 2.011788113056987	
4036	 0.009441176601803715	 2.016757987370323	
4037	 0.009470100192328886	 2.0270659239267044	
4038	 0.009500397007073063	 2.0378857864282933	
4039	 0.009539371973398348	 2.051838728786021	
4040	 0.009572347995884686	 2.0636737872441855	
4041	 0.0095647259038757	 2.060935807634326	
4042	 0.009532811584690878	 2.049487460506628	
4043	 0.009584337052541326	 2.067983393386193	
4044	 0.009601974353211862	 2.074329861467573	
4045	 0.009589105727199714	 2.069698548607632	
4046	 0.00955190195395225	 2.0563325176662457	
4047	 0.009491425333576168	 2.0346793432242225	
4048	 0.00940569225806482	 2.004140626374019	
4049	 0.009314188122031632	 1.971750344867433	
4050	 0.009229537865304824	 1.9419744414062539	
4051	 0.009156220016954871	 1.9163314030215355	
4052	 0.009097019047765158	 1.8957253753891605	
4053	 0.009066737952876125	 1.885219933599828	
4054	 0.009052399104517779	 1.8802534965206819	
4055	 0.009044746847535404	 1.877605187832901	
4056	 0.009036413985766855	 1.8747230325034605	
4057	 0.009029037055784079	 1.8721729912833969	
4058	 0.009021340961849056	 1.86951410216241	
4059	 0.00901507271512208	 1.8673496306470485	
4060	 0.009047549603937633	 1.87857499819232	
4061	 0.009083246949552494	 1.8909445164876018	
4062	 0.009103305207762572	 1.8979091635883067	
4063	 0.00911502839655863	 1.9019844411054105	
4064	 0.009119924203426723	 1.903687382508165	
4065	 0.009118658213396788	 1.9032469662515503	
4066	 0.009133001209915765	 1.9082390338363133	
4067	 0.009189592827530256	 1.9279866918037647	
4068	 0.009195957292451658	 1.9302126584388342	
4069	 0.009155007538850764	 1.91590848335602	
4070	 0.009096464444090199	 1.8955327564502222	
4071	 0.009128664504958903	 1.9067290957595333	
4072	 0.009258917165255115	 1.9522881332820547	
4073	 0.009701241394735742	 2.1101942501266704	
4074	 0.010338932415329332	 2.3464055504195254	
4075	 0.010810936334646056	 2.5276431827066914	
4076	 0.011035090570297426	 2.615592519369426	
4077	 0.011139214828137454	 2.656855182073213	
4078	 0.011294945411019167	 2.7190496869616028	
4079	 0.011673379343908517	 2.872574149959822	
4080	 0.012230946772393222	 3.104872067308252	
4081	 0.012729051121061178	 3.318462908344934	
4082	 0.012870824145988242	 3.3802916889073056	
4083	 0.012857720269706885	 3.374557804586356	
4084	 0.012922290767970725	 3.402849682277149	
4085	 0.012883311328859759	 3.3857593483266433	
4086	 0.012848961727707199	 3.3707274865608547	
4087	 0.012818886856814805	 3.3575882822900236	
4088	 0.012777924549747523	 3.3397255749616748	
4089	 0.012724365671883394	 3.3164273309183434	
4090	 0.012657119799584178	 3.28726766492658	
4091	 0.012606276934046045	 3.265289228891489	
4092	 0.012539653940532674	 3.23657867901383	
4093	 0.012454041811580175	 3.1998340023649843	
4094	 0.012355968590867432	 3.1579475267506782	
4095	 0.012251181485344417	 3.1134378848346094	
4096	 0.012113765399442452	 3.0554523441680614	
4097	 0.011983314193177995	 3.0008099686177645	
4098	 0.011862194387654384	 2.950429970681687	
4099	 0.011757745048022215	 2.9072584937685377	
4100	 0.011675388439954946	 2.8733981913232296	
4101	 0.011609100009403963	 2.8462595723885977	
4102	 0.01155675261766529	 2.8249012980505763	
4103	 0.011519365046579697	 2.809686201642987	
4104	 0.01149617628465852	 2.8002659173265494	
4105	 0.01148312609457651	 2.7949699284854637	
4106	 0.01147650250360912	 2.7922834971451156	
4107	 0.011476298272379473	 2.7922006803767974	
4108	 0.011475471650563097	 2.7918654912001415	
4109	 0.011484386103270103	 2.7954810865077717	
4110	 0.01149111779328311	 2.7982126196449406	
4111	 0.011497352903535691	 2.8007436063227726	
4112	 0.011501261953379213	 2.8023308538666747	
4113	 0.011487057863933156	 2.7965650851808674	
4114	 0.011458423795204379	 2.784956298623312	
4115	 0.011444132818588418	 2.77916969748148	
4116	 0.011415597183957928	 2.767629659341586	
4117	 0.011366599497611783	 2.747859436435919	
4118	 0.011310225627865707	 2.725183168243565	
4119	 0.011248455947188107	 2.7004228219618533	
4120	 0.011207482371881244	 2.6840484890825773	
4121	 0.011171734330911946	 2.669795001899403	
4122	 0.01114363192031038	 2.658611309043261	
4123	 0.011119347777381423	 2.6489622723666684	
4124	 0.011106120220974779	 2.6437123538594673	
4125	 0.011099197618077802	 2.640966485264727	
4126	 0.011084498396055367	 2.635139785837576	
4127	 0.011079900764638844	 2.6333183643232396	
4128	 0.011089600236236553	 2.637161546931385	
4129	 0.011108599194453157	 2.644695922720468	
4130	 0.011130970386911253	 2.653578637257005	
4131	 0.01115492592619456	 2.663103637740013	
4132	 0.01117432062700256	 2.6708251930635	
4133	 0.01119357655117999	 2.6785003417256146	
4134	 0.01121158483239137	 2.685686166789216	
4135	 0.011229663103151157	 2.6929076634468623	
4136	 0.01124417962900199	 2.6987120088164134	
4137	 0.0112376439697099	 2.696098146170299	
4138	 0.011215177577740655	 2.6871206974203306	
4139	 0.011207417450215093	 2.68402257595334	
4140	 0.011169324918056786	 2.6688354111212695	
4141	 0.011117038082558475	 2.648045271517994	
4142	 0.011059637506674524	 2.6252967710976667	
4143	 0.010998840547703639	 2.601287935376038	
4144	 0.010950235261835892	 2.5821571301097874	
4145	 0.010913974086837832	 2.567921718938269	
4146	 0.010891659131667189	 2.559176967433606	
4147	 0.010895317127759922	 2.5606096397840483	
4148	 0.010922496050978982	 2.571264441452816	
4149	 0.010932765413733666	 2.575294887993338	
4150	 0.010945481528711887	 2.5802891170431788	
4151	 0.01095900615073386	 2.5856051320658655	
4152	 0.010972924301257545	 2.591080396495441	
4153	 0.010987114660325195	 2.59666751373687	
4154	 0.011000070326793806	 2.6017727029479825	
4155	 0.011009832270515026	 2.6056220527568383	
4156	 0.011025961479882428	 2.611987142615059	
4157	 0.011039499372395492	 2.6173344119518314	
4158	 0.011050969830945116	 2.621868497794788	
4159	 0.011062839965962322	 2.6265638737320947	
4160	 0.011066591397673284	 2.6280484968429927	
4161	 0.011037938822840522	 2.61671779468059	
4162	 0.010969213635821482	 2.5896202040579195	
4163	 0.010941403443307527	 2.578687035481313	
4164	 0.010892499747636446	 2.559506170472638	
4165	 0.010819747796296042	 2.5310777112142544	
4166	 0.010731359734821007	 2.4967104120385044	
4167	 0.010627214418078408	 2.456457880114154	
4168	 0.010521976228830401	 2.4160492179198623	
4169	 0.010416895340028084	 2.375968897609199	
4170	 0.01031629883197383	 2.3378507015591063	
4171	 0.010220644080788249	 2.3018341277206504	
4172	 0.01014991603212686	 2.2753471463951893	
4173	 0.01009972601382418	 2.2566259115413203	
4174	 0.010062133738654526	 2.242644276859295	
4175	 0.010034311742714406	 2.2323188799717597	
4176	 0.010015016252271833	 2.2251690668633337	
4177	 0.010004793796951876	 2.22138492402641	
4178	 0.009999992535383188	 2.2196084849699975	
4179	 0.009999910921400984	 2.2195782931816974	
4180	 0.010008859505924197	 2.2228896573473427	
4181	 0.01002239968814762	 2.2279038652605587	
4182	 0.010039295886654713	 2.2341672114712483	
4183	 0.010056852531056816	 2.2406828310967932	
4184	 0.010060597668816788	 2.2420737081937463	
4185	 0.010035437976009023	 2.232736481425972	
4186	 0.009999465022519213	 2.219413342917608	
4187	 0.010005555240340887	 2.221666705908495	
4188	 0.010023372831971977	 2.2282644144845345	
4189	 0.010051992045120629	 2.2388782484755096	
4190	 0.010077798837388033	 2.248466347503053	
4191	 0.010103241718481348	 2.257935278868576	
4192	 0.010133435300360403	 2.2691928941646493	
4193	 0.010159373287062097	 2.2788816946316808	
4194	 0.010180130633180465	 2.286647223710219	
4195	 0.010206031428029158	 2.2963517807444775	
4196	 0.010229929608874833	 2.3053205710006823	
4197	 0.010250735480531405	 2.3131402262228886	
4198	 0.010265166855502961	 2.318570317388309	
4199	 0.01027432718731838	 2.3220197158516345	
4200	 0.01028082310044076	 2.3244670483640677	
4201	 0.010283730160856942	 2.3255626161305933	
4202	 0.0102849515718593	 2.3260229841383357	
4203	 0.010287517723626067	 2.3269903237123346	
4204	 0.010297477194114606	 2.330746181074565	
4205	 0.010307115748920244	 2.3343833232638893	
4206	 0.010318536965186075	 2.3386960951396705	
4207	 0.010332499745825108	 2.3439729135528706	
4208	 0.010336135473462484	 2.3453477093965787	
4209	 0.010311706732827892	 2.3361165445412593	
4210	 0.010262561196343225	 2.317589509691391	
4211	 0.010260914628085514	 2.3169698032399983	
4212	 0.010261086696978856	 2.3170345604071914	
4213	 0.010260460943658673	 2.316799065110124	
4214	 0.01026609759165458	 2.3189207001382095	
4215	 0.010277374070638945	 2.3231674994410305	
4216	 0.010269457603382973	 2.3201857785012545	
4217	 0.010260407012692827	 2.316778769239561	
4218	 0.010251632226273216	 2.3134774961906137	
4219	 0.010245012296477188	 2.3109881752221244	
4220	 0.010280348936775702	 2.3242883725162415	
4221	 0.01031715394374599	 2.3381736822010164	
4222	 0.010338492693387514	 2.346239229027695	
4223	 0.010334044005646132	 2.3445568128362773	
4224	 0.010320616345611789	 2.339481633754269	
4225	 0.010314020901313191	 2.3369904011257185	
4226	 0.010317555159628362	 2.3383252299021584	
4227	 0.010330414178962001	 2.343184433281622	
4228	 0.010348419423106636	 2.349995085396633	
4229	 0.010369365094027463	 2.357927927374021	
4230	 0.010389766045556465	 2.365664742022889	
4231	 0.010409479081826899	 2.37315030079509	
4232	 0.010415656431361714	 2.3754979492662063	
4233	 0.01039409369240484	 2.3673072530121657	
4234	 0.010362228036820364	 2.355223678673069	
4235	 0.010364010650740493	 2.355898999213602	
4236	 0.010354848344674728	 2.352428800446967	
4237	 0.01033508420549772	 2.3449501550545904	
4238	 0.010316782855984927	 2.33803351802418	
4239	 0.010305411415467453	 2.3337400220096383	
4240	 0.010285680446081392	 2.3262977250596295	
4241	 0.010242115964519568	 2.3098993920599464	
4242	 0.010199724660806153	 2.293987235671475	
4243	 0.010169257580357461	 2.2825781889440453	
4244	 0.010150951911211748	 2.2757341881359623	
4245	 0.010138809469004875	 2.271198989276053	
4246	 0.010138981422148984	 2.2712631884663246	
4247	 0.01014656392631452	 2.274094859399674	
4248	 0.010160635795644225	 2.2793537097835803	
4249	 0.010180124273427158	 2.2866448428453525	
4250	 0.010204496936275897	 2.2957763765022947	
4251	 0.010231813397719029	 2.3060281359430896	
4252	 0.010257680333438317	 2.3157527292073854	
4253	 0.010286417255196693	 2.326575470141806	
4254	 0.010317916990750037	 2.3384619045177626	
4255	 0.010351644002021087	 2.351215647259302	
4256	 0.010383949739453606	 2.363457945049822	
4257	 0.01040897800986447	 2.3729599134265116	
4258	 0.010415135858038006	 2.375300074034035	
4259	 0.010431612850837008	 2.381566344921143	
4260	 0.010454866525855968	 2.3904210494850315	
4261	 0.010477693722299902	 2.399126136691425	
4262	 0.010501419270236281	 2.40818721703166	
4263	 0.010519173104421168	 2.4149765605660574	
4264	 0.010545188873707662	 2.4249392025371046	
4265	 0.010568508635394956	 2.4338833569349823	
4266	 0.010588350379190602	 2.4415039064139403	
4267	 0.010601393094870825	 2.446518366240184	
4268	 0.01060795239577029	 2.4490417389357577	
4269	 0.010613720044464965	 2.451261421508633	
4270	 0.010623811351908975	 2.455147000948815	
4271	 0.010640256607715443	 2.4614843923064846	
4272	 0.01066098894719421	 2.4694831762224876	
4273	 0.010681540252385066	 2.4774223562931357	
4274	 0.010700862398812554	 2.4848959937624033	
4275	 0.010718511787007452	 2.49173048984433	
4276	 0.010732865820630362	 2.497294438064757	
4277	 0.010745577179680043	 2.5022257920685638	
4278	 0.010756736296836995	 2.5065581629479468	
4279	 0.010838680294198478	 2.5384635223258143	
4280	 0.010955084864778534	 2.584063373074364	
4281	 0.0109770151173297	 2.5926905644265403	
4282	 0.010973916816211403	 2.5914710191326114	
4283	 0.010901575566982239	 2.563061532316641	
4284	 0.010895951120933473	 2.560857978971268	
4285	 0.010878504472193427	 2.554027530597192	
4286	 0.010823985230409975	 2.5327300410289157	
4287	 0.010726597760358194	 2.4948641855221148	
4288	 0.010629380203308274	 2.457292297831159	
4289	 0.010508210309405977	 2.4107833135406818	
4290	 0.010386533460533639	 2.3644381473051403	
4291	 0.010310589634987708	 2.335694762357991	
4292	 0.010276596392057795	 2.3228745205759833	
4293	 0.010262709835534053	 2.317645455162496	
4294	 0.01025915050308492	 2.316305926406822	
4295	 0.010257169394229005	 2.315560484764769	
4296	 0.010251100398400777	 2.313277471044813	
4297	 0.010238783871980354	 2.308647052560575	
4298	 0.010224407139741147	 2.3032467915520494	
4299	 0.010213324218053411	 2.2990872220388536	
4300	 0.010213135002210758	 2.299016232902458	
4301	 0.010215049658292206	 2.2997346052851815	
4302	 0.010216459420489798	 2.3002636006012196	
4303	 0.010214616937008784	 2.2995722418946722	
4304	 0.010196889981159661	 2.292924769654347	
4305	 0.010135731117153672	 2.270049800767998	
4306	 0.010031866094301694	 2.2314121538453224	
4307	 0.009878456089073886	 2.1748302889433284	
4308	 0.009792699579681789	 2.1434546646741355	
4309	 0.009699814340335582	 2.109676925554897	
4310	 0.009600006082044896	 2.073621228616803	
4311	 0.009498969180247797	 2.0373753512296076	
4312	 0.009402244258236873	 2.002916291168939	
4313	 0.009304518687712886	 1.9683399363211695	
4314	 0.009208325700523592	 1.9345414373231695	
4315	 0.009122044866596691	 1.904425216240147	
4316	 0.009078334461356401	 1.8892403593847142	
4317	 0.009055258874027469	 1.8812435946093606	
4318	 0.009048395249023776	 1.8788676478192368	
4319	 0.009052071261824314	 1.8801400054409483	
4320	 0.009061923230601175	 1.8835517107561623	
4321	 0.009074342444304037	 1.8878559692110766	
4322	 0.009088530385317543	 1.8927780423376486	
4323	 0.009104129792935433	 1.8981956959653177	
4324	 0.009126003153596391	 1.9058027129127264	
4325	 0.009151941196669466	 1.914839091359146	
4326	 0.009187243647714833	 1.9271653276157636	
4327	 0.00922977968191092	 1.9420592426492165	
4328	 0.009266217789876931	 1.954854428447239	
4329	 0.009260257336658657	 1.9527591255365029	
4330	 0.009220790389676789	 1.9389078366507304	
4331	 0.00914342767348486	 1.9118712380223553	
4332	 0.009130894432315786	 1.9075054439999102	
4333	 0.009105688395267725	 1.8987373367982616	
4334	 0.00907485586358746	 1.8880339949550498	
4335	 0.009045176053436195	 1.8777536887596054	
4336	 0.009022884872532356	 1.8700473797651496	
4337	 0.009006791996302934	 1.8644917756662653	
4338	 0.00899193982517655	 1.8593703578639975	
4339	 0.008986633019580465	 1.85754179881715	
4340	 0.009003611772759487	 1.863394677178302	
4341	 0.009061927491064454	 1.8835531866761466	
4342	 0.009120956102164339	 1.9040463925634543	
4343	 0.009178140719153212	 1.9239839139099846	
4344	 0.00923509021733305	 1.943921936492773	
4345	 0.009273441975138958	 1.9573951810631283	
4346	 0.009306731287441103	 1.9691201116605197	
4347	 0.009334358933796593	 1.9788721872971269	
4348	 0.00934662728540267	 1.9832088776090786	
4349	 0.009357451670859275	 1.9870382987535427	
4350	 0.009368508100136137	 1.9909528616901664	
4351	 0.009381427050214735	 1.9955307591589007	
4352	 0.009392428213131897	 1.9994323935445555	
4353	 0.009365051117439387	 1.9897285751561329	
4354	 0.009301449561507427	 1.9672579495943607	
4355	 0.009209894850650808	 1.935090896306427	
4356	 0.009184471923422135	 1.9261964055664507	
4357	 0.009156916602558258	 1.9165743931629788	
4358	 0.009121988392414725	 1.9044055659249257	
4359	 0.009089254958797756	 1.8930295485696649	
4360	 0.00903245888297686	 1.8733556684723138	
4361	 0.00897513477405248	 1.8535823327466359	
4362	 0.008926696452464468	 1.8369395372558597	
4363	 0.008871280180339235	 1.8179729187612768	
4364	 0.008837887449507894	 1.8065820639946866	
4365	 0.008844788482014136	 1.8089337810291017	
4366	 0.00885814499446353	 1.813488856302915	
4367	 0.008872350082675855	 1.8183383548701118	
4368	 0.00888534103391553	 1.82277789117188	
4369	 0.008905491122710243	 1.8296725606968238	
4370	 0.008922722679226783	 1.8355768648109665	
4371	 0.008935103960605716	 1.8398239436544075	
4372	 0.008966751185290932	 1.8506975417072555	
4373	 0.008994549958417723	 1.8602699920633519	
4374	 0.009024476756194427	 1.8705972912732216	
4375	 0.009055303219403146	 1.8812589493314593	
4376	 0.00906727589886021	 1.8854063598085675	
4377	 0.009040069980299515	 1.875987343299084	
4378	 0.008981204622489187	 1.8556720878023267	
4379	 0.008902683242537289	 1.82871117607297	
4380	 0.00890453935665941	 1.8293466647289829	
4381	 0.008919803310549243	 1.8345760228507546	
4382	 0.008976030246372243	 1.8538905708055338	
4383	 0.009033673482733656	 1.8737755392512625	
4384	 0.009089910040240597	 1.8932569449707481	
4385	 0.009145245652970977	 1.9125048394042177	
4386	 0.009199565919428481	 1.9314752292836908	
4387	 0.009253145956983821	 1.950260408713233	
4388	 0.009306276087492547	 1.9689595954470158	
4389	 0.0093610771850382	 1.9883215836571946	
4390	 0.009347918640410534	 1.9836655743728457	
4391	 0.009291249774163316	 1.9636638364418904	
4392	 0.00924492930336892	 1.9473749269108638	
4393	 0.00922468644136522	 1.9402734370532946	
4394	 0.00922591682890094	 1.9407047786143652	
4395	 0.009241684007661845	 1.9462357316175103	
4396	 0.009298216253097064	 1.9661183396558295	
4397	 0.009317532731435086	 1.972930537921528	
4398	 0.009329558824842456	 1.977176449743799	
4399	 0.009346033045174654	 1.9829987345125644	
4400	 0.009347358583838788	 1.9834675012693048	
4401	 0.009305644756472916	 1.968736979163202	
4402	 0.009234446944394256	 1.9436962676374945	
4403	 0.009146882918192666	 1.9130755302014304	
4404	 0.009144275383919188	 1.9121666712270822	
4405	 0.009198829681033997	 1.9312176105548764	
4406	 0.009253762065926418	 1.9504768395271401	
4407	 0.009302089095031663	 1.9674833904850135	
4408	 0.009354151265066762	 1.9858703772050412	
4409	 0.009402889343819724	 2.0031453290341736	
4410	 0.009449922000342009	 2.0198724998913686	
4411	 0.009496233669404459	 2.0363975736682054	
4412	 0.00954137988095487	 2.0525585860180797	
4413	 0.00958750986087289	 2.069124498034128	
4414	 0.00963461104653447	 2.086094098418509	
4415	 0.009681870899923468	 2.10317654080101	
4416	 0.009656778013458387	 2.09409958230452	
4417	 0.009627265556953063	 2.0834440194745483	
4418	 0.009607460429489772	 2.0763055140074695	
4419	 0.00960151378477959	 2.0741640352284447	
4420	 0.00961630404606777	 2.079491871713554	
4421	 0.009634132062225957	 2.085921251139775	
4422	 0.009652172009327152	 2.092435138652975	
4423	 0.009665958224453932	 2.0974185580523494	
4424	 0.009654671853430245	 2.0933384263967665	
4425	 0.009600549334847778	 2.073816805193162	
4426	 0.009506948710209859	 2.040228616883126	
4427	 0.009353004601660648	 1.9854646693043185	
4428	 0.009229581572161319	 1.9419897685969625	
4429	 0.009085438267728637	 1.8917048896449562	
4430	 0.008924031462149972	 1.8360256234091161	
4431	 0.008758545305687869	 1.779632047882856	
4432	 0.008643078994424722	 1.740701835036008	
4433	 0.008527948543558424	 1.702228543692546	
4434	 0.008408879588968209	 1.662801749265416	
4435	 0.008285816685508377	 1.6224417669419273	
4436	 0.008185626892466396	 1.5898768734445543	
4437	 0.008122215535984894	 1.5694028369106323	
4438	 0.008042640483917073	 1.543860334798657	
4439	 0.007941499307219158	 1.5116378367167447	
4440	 0.007850107548629217	 1.482755673789484	
4441	 0.0077777077680926884	 1.4600339424476698	
4442	 0.007721015623380065	 1.44233995862338	
4443	 0.007676722020680115	 1.4285757529884955	
4444	 0.007649941735872336	 1.4202794252910695	
4445	 0.007628061378525384	 1.413515412146975	
4446	 0.0076139447880342204	 1.4091583185054692	
4447	 0.00761059936473203	 1.4081265404708392	
4448	 0.007597909190435464	 1.404215451796472	
4449	 0.007529891090274	 1.3833266419660135	
4450	 0.007404400884952774	 1.3451171917764577	
4451	 0.007204569054767482	 1.2851592031135304	
4452	 0.0070424072557230075	 1.2373108192176896	
4453	 0.006881915300003399	 1.190672862152672	
4454	 0.006717816882556574	 1.143730894417758	
4455	 0.006549817125303192	 1.0964585218791882	
4456	 0.006397899640644927	 1.0544013554096023	
4457	 0.006250359104750737	 1.0141881525639111	
4458	 0.006109312733444593	 0.9763319728020895	
4459	 0.005991485947926356	 0.9451509135700342	
4460	 0.0059043376507685146	 0.9223495901325376	
4461	 0.005846157483794452	 0.9072516505609326	
4462	 0.005807164545025439	 0.8971887166110181	
4463	 0.005777470238123852	 0.8895556277055172	
4464	 0.005770791173025421	 0.8878423316660196	
4465	 0.005786361217055682	 0.8918383674983671	
4466	 0.005816145233951256	 0.8995023889518389	
4467	 0.00585255066809479	 0.9089058257140972	
4468	 0.005900197137080323	 0.9212718208305151	
4469	 0.005951127214443153	 0.9345638401584234	
4470	 0.006007690121658513	 0.9494150734653254	
4471	 0.006063370665162843	 0.9641259680698482	
4472	 0.0060844686216756805	 0.9697236992508046	
4473	 0.0060544732495207655	 0.961769184099278	
4474	 0.0059894761537776404	 0.9446225676284568	
4475	 0.005903045999167369	 0.9220133211275997	
4476	 0.005874498862545164	 0.9145938780665324	
4477	 0.005838856540925883	 0.905364076046959	
4478	 0.005796382126679752	 0.8944140189451711	
4479	 0.005751596710198763	 0.8829259765208275	
4480	 0.005701688963134215	 0.8701940714670935	
4481	 0.005657585678132082	 0.8590045864589172	
4482	 0.005618437324366801	 0.8491208092309326	
4483	 0.005586048868079	 0.8409783220990743	
4484	 0.005557553940070497	 0.8338406453216854	
4485	 0.005557061631679139	 0.8337175412157964	
4486	 0.0055592391327592165	 0.8342620909788024	
4487	 0.0055635814354573565	 0.8353484391777878	
4488	 0.00557890072981353	 0.8391855030767029	
4489	 0.005593945163847872	 0.8429605645966084	
4490	 0.005613687910516473	 0.8479248391770821	
4491	 0.005657407898553276	 0.8589595991084016	
4492	 0.005703071306710674	 0.8705457229405723	
4493	 0.005753957018521708	 0.8835299428897403	
4494	 0.0058059133535507046	 0.8968665644826058	
4495	 0.005855114924502826	 0.909569641114818	
4496	 0.005891581372714733	 0.9190307666889705	
4497	 0.005888187980920673	 0.9181487079010665	
4498	 0.005854057662441845	 0.909295921582845	
4499	 0.005804927005801812	 0.8966126359540753	
4500	 0.005832636886139835	 0.9037572967343892	
4501	 0.005872731729174055	 0.9141353858229951	
4502	 0.005913568815602425	 0.9247542622304813	
4503	 0.005986554616662423	 0.943854748351065	
4504	 0.005981336515132655	 0.9424839824965745	
4505	 0.005970896493607606	 0.9397438403982777	
4506	 0.005963791997902978	 0.9378809828549068	
4507	 0.005933584910567336	 0.9299769531543234	
4508	 0.005901549021679954	 0.9216236588784418	
4509	 0.005895769105668652	 0.920119768940908	
4510	 0.005898657779297751	 0.9208712569234175	
4511	 0.005896778212746182	 0.9203822600953494	
4512	 0.005866372055568764	 0.9124860954663069	
4513	 0.0058169920157023405	 0.8997206661616922	
4514	 0.005799396068272567	 0.895189266549684	
4515	 0.005819668121124067	 0.9004106323146448	
4516	 0.005839630753010887	 0.9055641651067886	
4517	 0.005852182034895971	 0.9088104126636517	
4518	 0.005871801068568614	 0.9138939579009197	
4519	 0.0059038217923167	 0.9222152854899835	
4520	 0.005933698360976274	 0.930006588678113	
4521	 0.005936976872322769	 0.9308631648213568	
4522	 0.005922385012297327	 0.9270531747184957	
4523	 0.00589881426888478	 0.9209119746715508	
4524	 0.005922688056577725	 0.9271322371664271	
4525	 0.005946566338718167	 0.9333704134362415	
4526	 0.00596882560766741	 0.9392006842990775	
4527	 0.005990876800078093	 0.9449907648916812	
4528	 0.0060293955992260844	 0.9551389360392772	
4529	 0.006079508192876925	 0.9684064278111051	
4530	 0.006136938862366302	 0.9837012983082284	
4531	 0.006198759881186356	 1.000272369877198	
4532	 0.006274693750296682	 1.0207776204335641	
4533	 0.006373131053382712	 1.0476068558107567	
4534	 0.006473809592032389	 1.0753341865499146	
4535	 0.006574461227636758	 1.1033429663999497	
4536	 0.006674648689876939	 1.1315079343133507	
4537	 0.006774511270994353	 1.1598634581802123	
4538	 0.006873073059435082	 1.188124224233041	
4539	 0.006970375325974676	 1.2162901494448015	
4540	 0.007062100938857653	 1.2430829728537516	
4541	 0.007153884294341817	 1.2701258921445755	
4542	 0.007243874177076973	 1.2968659278320862	
4543	 0.007332772553976251	 1.3234999846398838	
4544	 0.00740940545369868	 1.346632787723482	
4545	 0.00746014570802508	 1.3620376100814795	
4546	 0.007488898226345233	 1.3707980068704175	
4547	 0.007504671698655585	 1.3756134507445545	
4548	 0.00756896518693477	 1.3953112511242094	
4549	 0.00762889554419157	 1.4137730461963822	
4550	 0.007732871980854736	 1.4460332659216726	
4551	 0.007849747227407531	 1.482642244311362	
4552	 0.007878555943900186	 1.4917222078818868	
4553	 0.007907701751962343	 1.5009309682859693	
4554	 0.007948475840247006	 1.513851750985225	
4555	 0.008153412131465974	 1.5794622191058376	
4556	 0.008917072172281947	 1.833639909275688	
4557	 0.01061749119845947	 2.452713186936759	
4558	 0.012973178412613555	 3.42521287533033	
4559	 0.015278569180192983	 4.498641565395171	
4560	 0.017511019426594	 5.646716270433695	
4561	 0.020140620072936346	 7.1295969416119656	
4562	 0.02321645478925233	 9.03517886152426	
4563	 0.02647078051134324	 11.243154059701189	
4564	 0.027090747007980677	 11.68544397536363	
4565	 0.02711552169980535	 11.70326011477878	
4566	 0.02683424550393787	 11.501625729724324	
4567	 0.026481282167468558	 11.250589135206212	
4568	 0.026142167705152878	 11.011493935526948	
4569	 0.02575316179948276	 10.739758375031673	
4570	 0.025336932617559937	 10.452021892326842	
4571	 0.024895525070117917	 10.150304415943488	
4572	 0.02454751401058726	 9.914925248220282	
4573	 0.024212741197393983	 9.69058919614872	
4574	 0.023888847166718803	 9.47550219609482	
4575	 0.02357534385779616	 9.269158525465965	
4576	 0.02327051690820022	 9.070271784918779	
4577	 0.022976161084075963	 8.879858163908438	
4578	 0.02269066514211809	 8.696722806674611	
4579	 0.0223910321668664	 8.506164418330668	
4580	 0.02209558622021249	 8.319926006807162	
4581	 0.021814866419588897	 8.144501606268186	
4582	 0.021543795523530977	 7.97652897991126	
4583	 0.02128425808436198	 7.817017974647313	
4584	 0.021038618071714976	 7.667237792599164	
4585	 0.02080580079175273	 7.526348255345475	
4586	 0.020582616113877933	 7.392270894081289	
4587	 0.020367890949696307	 7.264187048149909	
4588	 0.020156886110697787	 7.139196241432092	
4589	 0.01995309053299821	 7.019301091345889	
4590	 0.01975606093354591	 6.904159961831213	
4591	 0.019564368140549848	 6.792869852027547	
4592	 0.019375482686804987	 6.683918323692888	
4593	 0.019162529903371497	 6.561930998550952	
4594	 0.018928249049475685	 6.428766509125994	
4595	 0.018671422790799173	 6.28404478973508	
4596	 0.01852105965332411	 6.199927830833438	
4597	 0.01837019936009604	 6.115989048331711	
4598	 0.01825929038522337	 6.054571455334423	
4599	 0.018094392487666675	 5.963715639408072	
4600	 0.017941550720482178	 5.879993941752539	
4601	 0.017764262496887246	 5.783475319587112	
4602	 0.017590851998159615	 5.6896869826894	
4603	 0.017419459803735122	 5.5975939074725565	
4604	 0.017265833248805613	 5.515558395904822	
4605	 0.017135083676995806	 5.446121165351116	
4606	 0.017009778779458782	 5.379906059652583	
4607	 0.01688652318800697	 5.315090347102228	
4608	 0.01676644927862427	 5.252250314475546	
4609	 0.016651166432327315	 5.192199282483978	
4610	 0.016542393455795355	 5.135792794052583	
4611	 0.016440107055802348	 5.08297513768279	
4612	 0.016343834202042162	 5.033462413943954	
4613	 0.016250013438840742	 4.985397490886838	
4614	 0.01615749615551367	 4.938181165841058	
4615	 0.01606578898862041	 4.891555824370906	
4616	 0.01602036417280377	 4.868526709461782	
4617	 0.015930198706914644	 4.8229442122041934	
4618	 0.015788333778139638	 4.751573102585038	
4619	 0.015618114487127735	 4.666499819976841	
4620	 0.015514808098652078	 4.615168874264429	
4621	 0.015406358849001038	 4.561527165175983	
4622	 0.015301497951701038	 4.50989915475278	
4623	 0.01520168782767218	 4.460976476375174	
4624	 0.015103079835201205	 4.412852860093374	
4625	 0.015009922642072057	 4.367581388034686	
4626	 0.014942857409847743	 4.335105494210482	
4627	 0.014878070096156193	 4.303824803740272	
4628	 0.014815438772059762	 4.273671270711713	
4629	 0.014712091783259983	 4.22410098930518	
4630	 0.014607694937168124	 4.174262288234184	
4631	 0.014511064753835562	 4.128342464702568	
4632	 0.014423742352051403	 4.087020757503325	
4633	 0.014351346349836463	 4.0528885325415525	
4634	 0.014293910285104823	 4.025890915926732	
4635	 0.014239703575368905	 4.0004774921807735	
4636	 0.014184663416422754	 3.9747392338162015	
4637	 0.014128272709530843	 3.9484383858850864	
4638	 0.014073784954125009	 3.9230914738478755	
4639	 0.014022475751778944	 3.899282908418276	
4640	 0.014034055667304072	 3.904651170501064	
4641	 0.014187369599337717	 3.976003164104558	
4642	 0.014363217008028877	 4.058477290192959	
4643	 0.014426456788484924	 4.0883027472597115	
4644	 0.014456727878918553	 4.102610247711839	
4645	 0.014419286958065223	 4.084916886874832	
4646	 0.014367338980969535	 4.0604186535387	
4647	 0.014315235722236681	 4.035906436602054	
4648	 0.014268070356623589	 4.013768500108245	
4649	 0.014221747030136676	 3.9920732259665845	
4650	 0.014119967993400352	 3.94457093568627	
4651	 0.014004557418964997	 3.8909820817282155	
4652	 0.013960909296216552	 3.8707913257018873	
4653	 0.013921046011054528	 3.8523880892087607	
4654	 0.013883422854087129	 3.835051222517174	
4655	 0.013834301217691015	 3.8124629255140983	
4656	 0.013783377883627105	 3.789102509964867	
4657	 0.013735061953715124	 3.7669913343420305	
4658	 0.013690146691238678	 3.746482883244197	
4659	 0.01364836214447927	 3.7274441575968953	
4660	 0.01361756379715057	 3.7134360362599814	
4661	 0.013588080539517289	 3.700045834265899	
4662	 0.013558633999884644	 3.6866916273543033	
4663	 0.013529916906967712	 3.673686838463673	
4664	 0.013502201996029145	 3.661153333646622	
4665	 0.013419803531845884	 3.6239915764431356	
4666	 0.013285124296813904	 3.5635781446286816	
4667	 0.013120379467484955	 3.490231574937509	
4668	 0.013039508982107663	 3.4544505461285464	
4669	 0.01298157029735472	 3.4289064175145363	
4670	 0.01291599205471554	 3.400085712619472	
4671	 0.012857204595690515	 3.3743322399092492	
4672	 0.012764377962874988	 3.3338266132065106	
4673	 0.012684132317339409	 3.298968659088753	
4674	 0.012613631448633516	 3.268464801285541	
4675	 0.012556801217259918	 3.243958441873607	
4676	 0.012505782850563753	 3.2220211649301254	
4677	 0.012497101291224055	 3.2182941298751215	
4678	 0.012489379885917778	 3.2149807434895843	
4679	 0.012426990690633367	 3.1882585888283472	
4680	 0.01237968774321707	 3.1680575877958104	
4681	 0.012352345833724722	 3.156404499356495	
4682	 0.012331248436928092	 3.1474245588107284	
4683	 0.012309322002108488	 3.138102592755666	
4684	 0.012291115809515136	 3.1303706846498667	
4685	 0.012271570862250513	 3.1220787206584055	
4686	 0.012248940921473746	 3.112488938104184	
4687	 0.01222121318316303	 3.1007549791502655	
4688	 0.012173996933842017	 3.0808145973429455	
4689	 0.012075642715771872	 3.039443035090481	
4690	 0.011942509404125166	 2.983799039941119	
4691	 0.011790393121863843	 2.920725392237547	
4692	 0.011699904209272614	 2.883461077233374	
4693	 0.011612558612914083	 2.8476729838354116	
4694	 0.01152006346483664	 2.8099701258277654	
4695	 0.011421886714162723	 2.7701715451971656	
4696	 0.011351279568440818	 2.7416895911366206	
4697	 0.011294637025371038	 2.7189259578305407	
4698	 0.01126484581586858	 2.706983880757013	
4699	 0.01125213422696083	 2.701894726690911	
4700	 0.01122379395536355	 2.6905623393916294	
4701	 0.011206588747161126	 2.683691812437014	
4702	 0.011186747132002047	 2.675777220263675	
4703	 0.01116432389009549	 2.6668441047977955	
4704	 0.011145816437957947	 2.6594799909447704	
4705	 0.011129571263599005	 2.653022751584865	
4706	 0.011118325481023868	 2.6485563820295246	
4707	 0.011115805311593945	 2.6475558856712174	
4708	 0.011124738191110723	 2.6511028820116027	
4709	 0.011135620871302048	 2.655426655911351	
4710	 0.011149237451167991	 2.6608405981638703	
4711	 0.011164143568220342	 2.666772315446677	
4712	 0.011174423840683494	 2.6708663091422387	
4713	 0.011170200557799161	 2.669184133990672	
4714	 0.011136618437822515	 2.6558231378947665	
4715	 0.01107753654378395	 2.6323819384620877	
4716	 0.011029737720814519	 2.613478262576841	
4717	 0.011004014680304503	 2.6033277744982715	
4718	 0.010970865548009351	 2.590270211137676	
4719	 0.010955472246539725	 2.584215666253252	
4720	 0.010909431938467311	 2.5661407814595925	
4721	 0.010867719944435705	 2.549808985383639	
4722	 0.010845006255427756	 2.5409332796049386	
4723	 0.010837947176989477	 2.538177363666381	
4724	 0.010838200798330535	 2.5382763585771473	
4725	 0.01084060915084078	 2.5392164772580292	
4726	 0.010843864936788917	 2.540487619376483	
4727	 0.01084844524208595	 2.5422763185192716	
4728	 0.010855294144331085	 2.5449518886912674	
4729	 0.010866080646898703	 2.5491679914675753	
4730	 0.010880588910770464	 2.554843214644097	
4731	 0.01089736135511295	 2.561410411278993	
4732	 0.010922433867920979	 2.5712400439796657	
4733	 0.010947824941746767	 2.581209910196264	
4734	 0.010973090435682781	 2.5911457801332447	
4735	 0.010997411412358755	 2.600724628801892	
4736	 0.011017098004330084	 2.608488569406194	
4737	 0.011002287271302697	 2.602646693298154	
4738	 0.010955932920989295	 2.584396777998023	
4739	 0.01087554187563869	 2.552868384398597	
4740	 0.010856561416071393	 2.5454470804180085	
4741	 0.010835212139914448	 2.5371099067167537	
4742	 0.010815030444213012	 2.529238751317724	
4743	 0.010795588221989916	 2.521665256040967	
4744	 0.010789257430665769	 2.5192011297377257	
4745	 0.010783829175551473	 2.5170890639437236	
4746	 0.010780543859726717	 2.515811133101705	
4747	 0.010779593041136425	 2.5154413296081497	
4748	 0.010792350146131915	 2.520404783273522	
4749	 0.010808010048950678	 2.5265029887289328	
4750	 0.010823569477877881	 2.5325679048989347	
4751	 0.010840782618268366	 2.5392841969611197	
4752	 0.01086030459813511	 2.54690996946341	
4753	 0.010880345525304314	 2.55474796749105	
4754	 0.010900529421073621	 2.5626516144185882	
4755	 0.010921143072709175	 2.5707336224205872	
4756	 0.010943006945272723	 2.579316925992072	
4757	 0.010965518050363228	 2.588166273037884	
4758	 0.010988783049965825	 2.59732471880451	
4759	 0.01100986028996697	 2.605633104721124	
4760	 0.011033453896580172	 2.6149459969778133	
4761	 0.011044208393562824	 2.6191954316587447	
4762	 0.011003645042921756	 2.6031820282232165	
4763	 0.010934314343087417	 2.575903019921298	
4764	 0.01090241437998521	 2.5633902286089905	
4765	 0.010860263099332312	 2.5468937492952746	
4766	 0.010816475531096388	 2.5298020310593268	
4767	 0.010774332862646563	 2.513395872362659	
4768	 0.010754377051565516	 2.505641969134892	
4769	 0.010737072708764794	 2.4989260636233315	
4770	 0.01072301024076493	 2.4934736582100223	
4771	 0.010716102215414688	 2.4907969720196084	
4772	 0.010731407212546647	 2.496728821993019	
4773	 0.010752114574137425	 2.5047634801839265	
4774	 0.010773759755835789	 2.5131730559756544	
4775	 0.010795697505916252	 2.52170780095288	
4776	 0.01081924336918107	 2.530881045449248	
4777	 0.010843655735075071	 2.5404059340257796	
4778	 0.010869669436040962	 2.550571354500647	
4779	 0.01089726860551827	 2.5613740769322786	
4780	 0.010927380721643723	 2.573181227404082	
4781	 0.01095754155265593	 2.585029242921147	
4782	 0.010987785275459263	 2.5969316716490227	
4783	 0.011017757734805464	 2.6087489122771195	
4784	 0.01104578570176106	 2.619818907020972	
4785	 0.011059680812889884	 2.6253139042414486	
4786	 0.011054332486959218	 2.6231982960262337	
4787	 0.011038195952329776	 2.616819389816155	
4788	 0.011059193271291847	 2.625121021802093	
4789	 0.011076442232458593	 2.6319485462996117	
4790	 0.011090992836561626	 2.6377135153935782	
4791	 0.01109730085131667	 2.640214326976138	
4792	 0.01110741203118539	 2.6442248801295434	
4793	 0.011113500187805365	 2.64664089390801	
4794	 0.011119174621762474	 2.6488935212837084	
4795	 0.01113124697439982	 2.6536885337447043	
4796	 0.011155686042744056	 2.663406092329763	
4797	 0.011184895490449919	 2.6750390987973494	
4798	 0.011216570444090171	 2.687676930987718	
4799	 0.011249176291310184	 2.7007110504439984	
4800	 0.011280387234101207	 2.7132111760772655	
4801	 0.011310003305697838	 2.725093888465553	
4802	 0.011337777862767582	 2.7362566049246007	
4803	 0.01136520949303249	 2.747299406513248	
4804	 0.01138734919508895	 2.75622487295641	
4805	 0.011410741782831371	 2.7656680088807883	
4806	 0.011496950306221625	 2.8005801543958397	
4807	 0.011584224362792833	 2.836102028743614	
4808	 0.011649221129729445	 2.8626729356472542	
4809	 0.011819587194493051	 2.932788635304867	
4810	 0.011940894754102883	 2.9831267113855935	
4811	 0.012094999183495296	 3.047567421218564	
4812	 0.01210092155518087	 3.0500549193528608	
4813	 0.012109262604968103	 3.053559680637257	
4814	 0.012114768563554213	 3.0558740689090897	
4815	 0.012120341416236496	 3.058217289783596	
4816	 0.012139229226317837	 3.0661644019020886	
4817	 0.012342507224591048	 3.152215499570618	
4818	 0.012345233949568489	 3.1533762385681863	
4819	 0.012345934613793626	 3.1536745317836647	
4820	 0.012346325149653274	 3.153840799198721	
4821	 0.012338679472729255	 3.1505863530822418	
4822	 0.012332945389031633	 3.148146474593688	
4823	 0.012598626104858783	 3.261987022646487	
4824	 0.013562633952215047	 3.6885044993659233	
4825	 0.014334444061131392	 4.044936178139922	
4826	 0.01495927886553495	 4.343048510647836	
4827	 0.015659964064313893	 4.687358657069461	
4828	 0.016345488450253166	 5.034311549364484	
4829	 0.017023461937995654	 5.387120913906427	
4830	 0.01759733993976968	 5.693184908301592	
4831	 0.018104945191877816	 5.9695135277772895	
4832	 0.01882471067048475	 6.3702640332804545	
4833	 0.019182449634431106	 6.573303643365747	
4834	 0.01919663933446414	 6.581409681749246	
4835	 0.01914053101279224	 6.5493804676440766	
4836	 0.019012502918759007	 6.476530367344443	
4837	 0.01881631736188472	 6.365530924233256	
4838	 0.01859047092183489	 6.238701911097279	
4839	 0.01835009499379647	 6.104837543196311	
4840	 0.01812860813803081	 5.982522663018441	
4841	 0.017913209151450026	 5.864521432144218	
4842	 0.017717569856835393	 5.758161475679696	
4843	 0.017533078082305177	 5.658576541779097	
4844	 0.017375721176555097	 5.574188464879294	
4845	 0.01723472716258364	 5.499006980933721	
4846	 0.017087128542726284	 5.4207418753122525	
4847	 0.016961847193773513	 5.354663213346552	
4848	 0.01684878065584062	 5.295305785398721	
4849	 0.016744257803215867	 5.240669274325392	
4850	 0.01664475091148462	 5.188865543615021	
4851	 0.016550135297511794	 5.139799338140074	
4852	 0.016446521612378428	 5.086281003421381	
4853	 0.016349613162393476	 5.036429038097372	
4854	 0.016258083243140178	 4.989524445564072	
4855	 0.016155418156542346	 4.937122720546351	
4856	 0.01602443474049719	 4.870588600372216	
4857	 0.015870910100870685	 4.793064824421815	
4858	 0.01568918219782067	 4.701943729932649	
4859	 0.015488115271319526	 4.601942666751823	
4860	 0.015339375984716682	 4.528521190737178	
4861	 0.015199007113696887	 4.459665448814051	
4862	 0.015068993524261358	 4.396266321891559	
4863	 0.014951366897440938	 4.339220785710454	
4864	 0.014839343660274928	 4.285170150592205	
4865	 0.014731870580729703	 4.233569966005796	
4866	 0.014625609314230743	 4.18279772950628	
4867	 0.014537369164273287	 4.140822506615795	
4868	 0.01447308627563704	 4.110350292899769	
4869	 0.014422234351749663	 4.08630861988162	
4870	 0.014366387158734182	 4.059970332127496	
4871	 0.014311595531747788	 4.034196111650938	
4872	 0.014258596437116184	 4.00932761663643	
4873	 0.01420856327859679	 3.9859072890753375	
4874	 0.014158161716290878	 3.96237003750544	
4875	 0.014106874672018902	 3.938476544012136	
4876	 0.014055857538213102	 3.914766181393972	
4877	 0.014006295169796285	 3.891786800364851	
4878	 0.013956925770565497	 3.868950718522524	
4879	 0.013905658978690075	 3.845293917096959	
4880	 0.013909152938528556	 3.846904343921722	
4881	 0.01385917954281261	 3.823896406977758	
4882	 0.013749597228465506	 3.773637775241193	
4883	 0.013607543419853096	 3.7088829821970615	
4884	 0.013529790303468634	 3.6736295456558454	
4885	 0.013430728391895354	 3.6289099722762868	
4886	 0.013323138608452354	 3.580589168304098	
4887	 0.013215783260382608	 3.532632249281269	
4888	 0.013123377387948188	 3.4915608344567413	
4889	 0.013032651739550438	 3.451423354853978	
4890	 0.01293818535565814	 3.409828458520896	
4891	 0.012869151619542028	 3.3795596220394932	
4892	 0.012839853682447697	 3.3667461682691	
4893	 0.01282738414072577	 3.361298521817087	
4894	 0.012813922697510383	 3.355421498793651	
4895	 0.01280173050102688	 3.3501021568581204	
4896	 0.012767893064114393	 3.335356889336114	
4897	 0.01273482624818964	 3.3209725800052814	
4898	 0.01270188361663833	 3.306667030146544	
4899	 0.012672651944562782	 3.2939936817546713	
4900	 0.012640699554787718	 3.2801630477556705	
4901	 0.012602526297320997	 3.263670233958665	
4902	 0.012558826192628512	 3.2448303848861624	
4903	 0.012517061659867141	 3.226865788501965	
4904	 0.012469080968997853	 3.2062766464471197	
4905	 0.012388214659136363	 3.171695261993664	
4906	 0.012295985040507447	 3.132437829585857	
4907	 0.012189825890278184	 3.087493753048904	
4908	 0.012137210035238915	 3.0653144263924634	
4909	 0.012077277760696751	 3.040128968242415	
4910	 0.012016091212426347	 3.014502237425954	
4911	 0.011959723749105896	 2.99097073500224	
4912	 0.01191839094656981	 2.973762598984438	
4913	 0.011880994105520423	 2.9582273683580973	
4914	 0.011849832279192563	 2.9453071321876063	
4915	 0.011828764268245277	 2.9365847891349746	
4916	 0.011822880369171005	 2.9341506516019233	
4917	 0.011814243500818144	 2.9305790880058114	
4918	 0.011806669435387466	 2.927448452503349	
4919	 0.01180008911405972	 2.924729654088425	
4920	 0.01179423590038981	 2.9223121247602637	
4921	 0.011789432904481326	 2.920328959999987	
4922	 0.01178535707669086	 2.9186464665462584	
4923	 0.011782633095849223	 2.9175222290053524	
4924	 0.011778342619496486	 2.9157518210094375	
4925	 0.011774633797783242	 2.9142217714772207	
4926	 0.011770516783672722	 2.912523701152605	
4927	 0.011766041648318973	 2.910678372109342	
4928	 0.011768874971645622	 2.911846643071038	
4929	 0.011757215098873496	 2.907040102116931	
4930	 0.011700055530717207	 2.883523233209031	
4931	 0.011615766307401878	 2.848984108321684	
4932	 0.011629065030711294	 2.854422450716647	
4933	 0.011732436221164362	 2.896836073599349	
4934	 0.011746461368173693	 2.902609915483024	
4935	 0.013270966288518215	 3.5572508617003216	
4936	 0.013196077954768822	 3.5238577669044373	
4937	 0.013098152818998662	 3.4803827317444447	
4938	 0.013011999469385135	 3.442312639310848	
4939	 0.012929613004347064	 3.406063918316819	
4940	 0.012868188382795505	 3.3791380409215783	
4941	 0.012796998373327779	 3.348038483021803	
4942	 0.012720671245444898	 3.3148226522383317	
4943	 0.012645469105788025	 3.2822260760571718	
4944	 0.01257261533664927	 3.250770404861254	
4945	 0.01250861764304828	 3.223238528611344	
4946	 0.012460941734076164	 3.2027892255378703	
4947	 0.012429579535335673	 3.189365652170378	
4948	 0.012402114034291825	 3.1776284639492602	
4949	 0.012385842544893139	 3.1706831248548193	
4950	 0.012376349998641175	 3.1666341247672296	
4951	 0.012369366942947343	 3.1636568571924326	
4952	 0.012363841401637756	 3.161301803557604	
4953	 0.012327128219489088	 3.1456720153659226	
4954	 0.012252601806578533	 3.1140394938618736	
4955	 0.012137587439628601	 3.0654732870515033	
4956	 0.01208575937105042	 3.0436881622788197	
4957	 0.011999584126558225	 3.0076034524659936	
4958	 0.011885593041498421	 2.9601360825986096	
4959	 0.011750365291420154	 2.904217892170265	
4960	 0.01159435893061821	 2.840238552200924	
4961	 0.011426565180782071	 2.7720629321551598	
4962	 0.01127437970797036	 2.7108033401008162	
4963	 0.011122403877224745	 2.650175807997573	
4964	 0.01101953711708644	 2.609451144012403	
4965	 0.010950497181631862	 2.5822600690641875	
4966	 0.010912355404574905	 2.5672869908047495	
4967	 0.010890597957191663	 2.5587614131939755	
4968	 0.010884086427478843	 2.5562120995311455	
4969	 0.01088564673061578	 2.5568228775343913	
4970	 0.010891977549887234	 2.5593016647678954	
4971	 0.01090287604033077	 2.5635711414907982	
4972	 0.010896692285885837	 2.5611483102445245	
4973	 0.01090176528029332	 2.5631358716797026	
4974	 0.010915953591209147	 2.5686980202716163	
4975	 0.010937839806091275	 2.5772873814941923	
4976	 0.010957276765539538	 2.5849251324443205	
4977	 0.010945411113498062	 2.5802614509510406	
4978	 0.010902211610230314	 2.5633107699423356	
4979	 0.010823321924513457	 2.5324713654398425	
4980	 0.01080888146571236	 2.5268425048552037	
4981	 0.010781045314612159	 2.5160061735623027	
4982	 0.010745805617364781	 2.5023144497410157	
4983	 0.010708492533659712	 2.4878497428590656	
4984	 0.010672277867419035	 2.4738429402003774	
4985	 0.010642002359197397	 2.4621575237905313	
4986	 0.010617055919207927	 2.452545601746314	
4987	 0.010595553744478153	 2.4442728351224043	
4988	 0.01064160504448542	 2.4620043196596835	
4989	 0.010909846583688858	 2.5663033398004593	
4990	 0.011490207720632055	 2.797843275020927	
4991	 0.01189616234401347	 2.9645245674100695	
4992	 0.012307324082386401	 3.1372537323224305	
4993	 0.012876558125577088	 3.382801940194082	
4994	 0.014050616748434145	 3.9123337534253726	
4995	 0.01609742247225216	 4.907618785637255	
4996	 0.02046416824655488	 7.321505834937792	
4997	 0.026020464369518485	 10.926187644236464	
4998	 0.03250375306645972	 15.830675008082977	
4999	 0.03666835529192852	 19.353638935097653	
5000	 0.040179170527169	 22.539547584564357	
5001	 0.04130320916734635	 23.600248601066276	
5002	 0.04104181084077886	 23.351840053061395	
5003	 0.04018718048443184	 22.547037070929935	
5004	 0.03922871107145199	 21.657931779791255	
5005	 0.03828532993091528	 20.796850669739868	
5006	 0.03735110340670021	 19.957952134351974	
5007	 0.03644203648866072	 19.154962865186587	
5008	 0.035591621636555965	 18.415769754714745	
5009	 0.03477161265831733	 17.714067905129017	
5010	 0.034002268802759535	 17.065672637662107	
5011	 0.033286462502075086	 16.47111459392876	
5012	 0.0326086460198698	 15.915911926341689	
5013	 0.03198308260682574	 15.410288982921843	
5014	 0.031385901416867035	 14.933717348014923	
5015	 0.030813589595694885	 14.482629032656778	
5016	 0.030263716888014994	 14.054455536739146	
5017	 0.029735117564923016	 13.647706781566873	
5018	 0.0292246359188237	 13.259447629787841	
5019	 0.028731553500655364	 12.88868959559753	
5020	 0.02816670671663917	 12.469155364116737	
5021	 0.02763570360010713	 12.079838465739336	
5022	 0.027148917262283682	 11.727292929437152	
5023	 0.0266903731410904	 11.399032512227096	
5024	 0.026247944903410383	 11.085852423671732	
5025	 0.025801634185915193	 10.773469980714784	
5026	 0.02535823885481662	 10.466674789075421	
5027	 0.02492462938627089	 10.170089281773365	
5028	 0.024521516572211653	 9.897430492850193	
5029	 0.024135147895500753	 9.638886299824943	
5030	 0.023773818198387597	 9.399580654676512	
5031	 0.023437471425674445	 9.178988856856659	
5032	 0.023092273583360686	 8.954776279330714	
5033	 0.02275674600435377	 8.73897547128802	
5034	 0.022427422156220827	 8.529217314996645	
5035	 0.022107221315011357	 8.327229133427238	
5036	 0.021823670858392936	 8.149980852332877	
5037	 0.02155094124792081	 7.98093894094157	
5038	 0.021287283634338492	 7.818870039765749	
5039	 0.02103001722742948	 7.662014403608397	
5040	 0.02077662884203782	 7.508768572932547	
5041	 0.020526876353029373	 7.358936020125609	
5042	 0.020281188551691642	 7.212723011353725	
5043	 0.020042119714889377	 7.0715780076281725	
5044	 0.019817161868326997	 6.939784925667281	
5045	 0.019601442715324456	 6.814337604616747	
5046	 0.01939271009280433	 6.693826093909728	
5047	 0.01918922977465614	 6.577176382250415	
5048	 0.01898914542551167	 6.463274743093325	
5049	 0.018760557125340672	 6.334122654598055	
5050	 0.018501199173527272	 6.1888512936660245	
5051	 0.01822753627674892	 6.037032799335032	
5052	 0.01804996804499433	 5.939332591237363	
5053	 0.01786259052621582	 5.836927799203738	
5054	 0.017605716559961668	 5.69770237272508	
5055	 0.017343168716415693	 5.556794442501169	
5056	 0.017074680969360836	 5.4141620008744065	
5057	 0.01681071134281312	 5.275379834310914	
5058	 0.01656468403728663	 5.147331956573131	
5059	 0.016376121281803362	 5.050045915002028	
5060	 0.016222566626032664	 4.971371223656665	
5061	 0.016082137749163332	 4.899854825260397	
5062	 0.015949765115065167	 4.832821294028067	
5063	 0.015821206282964857	 4.768073100929262	
5064	 0.01570126885834255	 4.707982433277757	
5065	 0.015590954460420468	 4.652982527067024	
5066	 0.015490823465946987	 4.603283876079359	
5067	 0.015397820768098217	 4.557314673733593	
5068	 0.015309547648369734	 4.513854071019118	
5069	 0.015224412612944077	 4.472096430053685	
5070	 0.015140914762614326	 4.43129273555573	
5071	 0.015060136259587166	 4.3919604310510545	
5072	 0.014986109976296841	 4.3560391625686075	
5073	 0.014890548530036123	 4.30984261002167	
5074	 0.014754116869145267	 4.24423037026917	
5075	 0.014586999091311649	 4.164410279364217	
5076	 0.01450649838327532	 4.1261775002047205	
5077	 0.01445645637786109	 4.102481835061221	
5078	 0.01440887298158113	 4.080001018925569	
5079	 0.014362461450992585	 4.058121478851727	
5080	 0.014316937829118626	 4.036706262339857	
5081	 0.014270612565036271	 4.0149604905458816	
5082	 0.014148664874485193	 3.957941309647317	
5083	 0.014004836035241601	 3.8911110990303115	
5084	 0.013907318011188873	 3.846058560384251	
5085	 0.01382259063256395	 3.8070857628314854	
5086	 0.013748528024694796	 3.773148708411876	
5087	 0.0136843553285635	 3.743841788893619	
5088	 0.013632151006209285	 3.720068158350943	
5089	 0.013590587311860521	 3.701183564609597	
5090	 0.013561697124307923	 3.688079875063555	
5091	 0.013533377118688699	 3.6752528517621346	
5092	 0.013490654954424539	 3.6559364762478803	
5093	 0.013445381202428988	 3.63551088819271	
5094	 0.013399928074997817	 3.6150504466662734	
5095	 0.013356412589228329	 3.5955055247176975	
5096	 0.013317454599447122	 3.578043571093311	
5097	 0.013241362476981308	 3.5440353130573956	
5098	 0.013133588118724303	 3.4960897287194896	
5099	 0.012996533715125172	 3.435496255935349	
5100	 0.012924288453415837	 3.403726484191901	
5101	 0.012832859574652834	 3.36369017422956	
5102	 0.0127388004791982	 3.32270008494058	
5103	 0.012653620476422992	 3.285753082366726	
5104	 0.012547479619250314	 3.23994582316614	
5105	 0.01243115995075401	 3.1900415581503356	
5106	 0.012359474130801736	 3.1594409154152685	
5107	 0.012315393530531777	 3.1406827797517365	
5108	 0.012277132617880514	 3.1244374056567663	
5109	 0.0122504875146113	 3.113143954819609	
5110	 0.012229361512207826	 3.1042013891358384	
5111	 0.0122115195572317	 3.0966569665798076	
5112	 0.012197487428783443	 3.090728678634093	
5113	 0.01218563126435557	 3.0857232333974767	
5114	 0.012175288574932405	 3.081359398895303	
5115	 0.012165043803833795	 3.0770393141936068	
5116	 0.012140046389808881	 3.066508412462253	
5117	 0.012122806464358647	 3.0592539992829364	
5118	 0.012112337826344141	 3.054852240335976	
5119	 0.012106404179431382	 3.0523584395639203	
5120	 0.012101686098914311	 3.0503761000544807	
5121	 0.012070120348519918	 3.0371267523214858	
5122	 0.011999595564308988	 3.0076082304412486	
5123	 0.011884624076618123	 2.9597338883973765	
5124	 0.011838014583220619	 2.9404132271732295	
5125	 0.011784348623230315	 2.918230238855446	
5126	 0.011722338573374621	 2.8926819437968376	
5127	 0.011655212904399878	 2.8651273818315364	
5128	 0.011592908408321242	 2.8396463593989467	
5129	 0.01152818187050726	 2.8132712991601405	
5130	 0.011461356733462342	 2.7861444785907903	
5131	 0.01141396206754455	 2.766968987143091	
5132	 0.01137953839244508	 2.753074680353962	
5133	 0.01135447746385938	 2.7429770318823734	
5134	 0.011336062427908375	 2.735566635325452	
5135	 0.011323688474383878	 2.7305917367345027	
5136	 0.011312193806481683	 2.7259735972662162	
5137	 0.011297573431136309	 2.7201041809861106	
5138	 0.011278996977761151	 2.712653880777022	
5139	 0.01126138762207642	 2.705598994679665	
5140	 0.01125006230200458	 2.701065583320152	
5141	 0.011255498597768308	 2.703241298152043	
5142	 0.011269863498656437	 2.7089937918360696	
5143	 0.011285003230902754	 2.7150618634832777	
5144	 0.011302514717054792	 2.722087316573493	
5145	 0.011318803074225968	 2.728628578587241	
5146	 0.01133476611664263	 2.7350452887088834	
5147	 0.011346203391275268	 2.739646469426311	
5148	 0.011351942095464413	 2.741956298041435	
5149	 0.011348708747849134	 2.740654779760223	
5150	 0.011340427411196667	 2.7373224235835254	
5151	 0.011331550184226604	 2.733752086179388	
5152	 0.011343279530610418	 2.738469914859084	
5153	 0.01135127785886755	 2.7416889029441625	
5154	 0.011375651208903536	 2.751507468570831	
5155	 0.011591647195610861	 2.839131494610026	
5156	 0.011641206476643033	 2.8593911613898304	
5157	 0.011658294817652001	 2.8663901719080958	
5158	 0.011675338607190233	 2.8733777510079728	
5159	 0.011696227250017205	 2.8819509141315884	
5160	 0.011720616867303836	 2.891973879133154	
5161	 0.011747414575974542	 2.9030024968694756	
5162	 0.011768610911460427	 2.911737754581271	
5163	 0.011772970548311388	 2.913535713397618	
5164	 0.011773510556012485	 2.91375844899516	
5165	 0.011758311661025467	 2.9074920018265353	
5166	 0.011741024551061349	 2.9003711526881784	
5167	 0.01172549018286193	 2.8939782466905597	
5168	 0.011711002140902912	 2.8880210249409135	
5169	 0.011670692261223964	 2.8714721765792275	
5170	 0.011602038432697246	 2.8433746222603657	
5171	 0.011515949176412712	 2.8082977318004794	
5172	 0.01148107566848477	 2.794138195310013	
5173	 0.011448963031705131	 2.781124974574981	
5174	 0.011419650726212887	 2.7692677736123428	
5175	 0.011392677107801785	 2.758374512208162	
5176	 0.011382345555289063	 2.7542066777094147	
5177	 0.011366899918929847	 2.7479804815539346	
5178	 0.011353674979105563	 2.7426539368158735	
5179	 0.01135989988733817	 2.7451605978879767	
5180	 0.011384772502700423	 2.7551855020065603	
5181	 0.011386162890629908	 2.755746328995641	
5182	 0.01138646539531465	 2.755868353357578	
5183	 0.011386983540484358	 2.7560773678154744	
5184	 0.01139118177036378	 2.75777112458572	
5185	 0.011406797625886492	 2.764074923461341	
5186	 0.011427975784361982	 2.77263330519074	
5187	 0.011451220374718659	 2.782038938806752	
5188	 0.011470282565974332	 2.7897617225607054	
5189	 0.011526208230137471	 2.8124686185343966	
5190	 0.01165950190111797	 2.866884825664616	
5191	 0.01182432357458985	 2.934747623220944	
5192	 0.012010758930130361	 3.012273032325262	
5193	 0.01215442322522441	 3.072563316241462	
5194	 0.012157008139348377	 3.073652477390198	
5195	 0.012122396394371375	 3.0590815290293074	
5196	 0.012132294711660824	 3.063245722218224	
5197	 0.012128724852154847	 3.061743631513258	
5198	 0.012113764978051658	 3.055452167022553	
5199	 0.012090950194457427	 3.045867243333984	
5200	 0.012062398898245548	 3.0338892780880315	
5201	 0.012029297349844377	 3.0200260127972705	
5202	 0.011994340078834306	 3.005413137895656	
5203	 0.011983359145823286	 3.0008287300545153	
5204	 0.01198428900518106	 3.0012168266939656	
5205	 0.011982873786854089	 3.000626163109034	
5206	 0.011999398200564967	 3.00752578466723	
5207	 0.012084794740502057	 3.0432832840558173	
5208	 0.012123835250722682	 3.059686710943399	
5209	 0.012182855989332641	 3.0845520342633224	
5210	 0.012293910377062648	 3.131557001585904	
5211	 0.012341037777519206	 3.151590041829842	
5212	 0.012357575827528944	 3.158632187645869	
5213	 0.012366904119662254	 3.1626070849764676	
5214	 0.012385980707429488	 3.1707420727018967	
5215	 0.012473576682322386	 3.208203577146802	
5216	 0.012527026010431761	 3.2311482303598162	
5217	 0.01253948049187729	 3.236504065360981	
5218	 0.012503968171488954	 3.2212419718638574	
5219	 0.012439138211449248	 3.1934545445043145	
5220	 0.012428830649223671	 3.189045391447805	
5221	 0.012404059326443114	 3.1784592012031863	
5222	 0.012368252636477622	 3.163181869606889	
5223	 0.012326412985445727	 3.1453678287837574	
5224	 0.012294860571950277	 3.1319604080994123	
5225	 0.012263912198316785	 3.118831924009503	
5226	 0.012232438016236755	 3.1055030227598874	
5227	 0.012198705532986832	 3.091243122686703	
5228	 0.01217757561839128	 3.0823241459265747	
5229	 0.012155065008621077	 3.072833719149143	
5230	 0.012145225116686293	 3.0686889186215818	
5231	 0.012143042090561886	 3.0677696785312603	
5232	 0.012140774963666397	 3.066815141459983	
5233	 0.012138488753340376	 3.0658526899477256	
5234	 0.012139205072711216	 3.0661542339199346	
5235	 0.012142120683621629	 3.067381720725738	
5236	 0.012143764290379448	 3.068073774024522	
5237	 0.012144767335280648	 3.068496144497981	
5238	 0.012145212307709303	 3.0686835246290793	
5239	 0.012144494856980617	 3.06838140477275	
5240	 0.012183777712299216	 3.0849409926151274	
5241	 0.01222216766895393	 3.10115860842085	
5242	 0.012202266491642869	 3.0927472249042265	
5243	 0.012136834957203767	 3.0651565482275287	
5244	 0.012146061128018464	 3.0690409798294302	
5245	 0.012156195384625786	 3.073310004161729	
5246	 0.012166726801713485	 3.077748845746796	
5247	 0.012177365078995767	 3.082235328723701	
5248	 0.012188364155119718	 3.086876719656534	
5249	 0.012202323581416909	 3.0927713412594016	
5250	 0.012226318548524576	 3.1029141607717188	
5251	 0.012278554277083093	 3.125040431458135	
5252	 0.012384453885395741	 3.1700906695755116	
5253	 0.012561771861315388	 3.2460989406125553	
5254	 0.012816072231876438	 3.356359670667453	
5255	 0.01315156020888272	 3.504066819571202	
5256	 0.013616776254831604	 3.7130781122713508	
5257	 0.014122004626539538	 3.9455192416759104	
5258	 0.01457880283466061	 4.160511124376428	
5259	 0.014902930534122125	 4.315817236454861	
5260	 0.014944640725864048	 4.335967798117505	
5261	 0.01500269860706837	 4.364078538668883	
5262	 0.015127129439954716	 4.424570524024678	
5263	 0.015382374735867755	 4.549697915258525	
5264	 0.015852728470597016	 4.783916803521923	
5265	 0.016370246032935992	 5.047026607435308	
5266	 0.016796546166269882	 5.267973277239154	
5267	 0.017248993955988393	 5.50659581030488	
5268	 0.017797190169424448	 5.80135335054674	
5269	 0.01832712100586138	 6.092104282616479	
5270	 0.01858887331999706	 6.237808381990431	
5271	 0.018552301187197504	 6.217367810662323	
5272	 0.018428796195991307	 6.148538007369037	
5273	 0.01824284452686353	 6.045485420683257	
5274	 0.018053918715883605	 5.941499359638528	
5275	 0.017901004022919022	 5.857863311900742	
5276	 0.017767070743969306	 5.7849991921669845	
5277	 0.01763484500981953	 5.713422337853183	
5278	 0.01750369059622752	 5.642777983443833	
5279	 0.017375223841120224	 5.573922556012686	
5280	 0.01724995326192676	 5.507106236980888	
5281	 0.017127166122244828	 5.441927690962234	
5282	 0.017004897601929688	 5.37733324894588	
5283	 0.01687958460597169	 5.311450942017364	
5284	 0.016747913636602687	 5.24257643639508	
5285	 0.01662459976562095	 5.178399843335851	
5286	 0.01650794468562955	 5.117980084829268	
5287	 0.01639733663354355	 5.060954558350693	
5288	 0.016290182228563915	 5.005953611855073	
5289	 0.016158037142397594	 4.938456736700043	
5290	 0.016004832589800153	 4.86066260527646	
5291	 0.015833327964623577	 4.774163220596678	
5292	 0.015756922790929478	 4.735828080220066	
5293	 0.01568333053464335	 4.69902125232978	
5294	 0.015611972949297063	 4.663441861387092	
5295	 0.01554276211565524	 4.62903626858532	
5296	 0.015476637964532261	 4.596260367874725	
5297	 0.015407331020743122	 4.562006910923679	
5298	 0.015357291651058917	 4.537339786809804	
5299	 0.015243369295423652	 4.481381002105554	
5300	 0.015148403090354477	 4.434946020163788	
5301	 0.015058602629072593	 4.391215039843159	
5302	 0.01497796095086488	 4.352092058727175	
5303	 0.014901107819924183	 4.314937523499065	
5304	 0.014832762765587013	 4.282003334367285	
5305	 0.014778525555652181	 4.255939328923109	
5306	 0.014718449311342151	 4.227143691540323	
5307	 0.01465881149399998	 4.198635595757688	
5308	 0.014596848933504287	 4.169098017139626	
5309	 0.014536359562751802	 4.140343226415431	
5310	 0.014476813409016243	 4.112114618134171	
5311	 0.014418185427836903	 4.084396802807037	
5312	 0.014366058936315868	 4.05981573942931	
5313	 0.01431231470728589	 4.034533989626713	
5314	 0.0142201193330536	 3.9913117585660722	
5315	 0.014082000445155337	 3.9269090199564616	
5316	 0.014055503107708185	 3.9146016591312707	
5317	 0.01402459237227447	 3.9002639188957215	
5318	 0.013924891957837096	 3.8541620751492696	
5319	 0.013825522132885407	 3.8084315383073144	
5320	 0.013738790484085245	 3.7686958057795317	
5321	 0.01365407279197346	 3.7300438698149776	
5322	 0.013537401271103337	 3.6770744275809575	
5323	 0.01343697349094655	 3.63172272797415	
5324	 0.013357973586310336	 3.5962059114225724	
5325	 0.013290095199634018	 3.5658007320303016	
5326	 0.013229244188198866	 3.5386312190742126	
5327	 0.013176070128830965	 3.5149575095585663	
5328	 0.013131682238028915	 3.4952442111616104	
5329	 0.013092502091489162	 3.477880614789602	
5330	 0.01305311882338237	 3.4604618766105193	
5331	 0.01300841204125556	 3.440731033257729	
5332	 0.012962928838417946	 3.420703863731103	
5333	 0.01291632841281455	 3.400233288881197	
5334	 0.012869293584352832	 3.3796217577472616	
5335	 0.012825257688365068	 3.360369877529514	
5336	 0.012780419685396885	 3.3408125551795593	
5337	 0.012706032012337106	 3.308467138040567	
5338	 0.012606446031633542	 3.265362228900768	
5339	 0.012481183426094982	 3.211464997082196	
5340	 0.012412781209515528	 3.1821849501499075	
5341	 0.012331817332460124	 3.147666570438529	
5342	 0.012244571055476305	 3.1106385002886907	
5343	 0.012154857735287152	 3.072746387534876	
5344	 0.01205263028033381	 3.0297954401090443	
5345	 0.011952380943519917	 2.9879107950814223	
5346	 0.011862533246939453	 2.9505704435820945	
5347	 0.011802943731747352	 2.9259089754409064	
5348	 0.011768714729426158	 2.9117805650117163	
5349	 0.011752775234037345	 2.905210694914445	
5350	 0.011770217661916348	 2.912400343240474	
5351	 0.011804359002195597	 2.9264937332367267	
5352	 0.011804514434630004	 2.9265579572579328	
5353	 0.011869147505412576	 2.9533128963828923	
5354	 0.012144783418072087	 3.0685029169627454	
5355	 0.012163093333920232	 3.076217101529889	
5356	 0.012315404396132879	 3.1406873980121035	
5357	 0.012332069031725118	 3.1477736472154887	
5358	 0.012311380220434156	 3.138977168443089	
5359	 0.012291944723001389	 3.130722546494437	
5360	 0.012271346347394504	 3.121983521113117	
5361	 0.012300310499074039	 3.134274583441121	
5362	 0.01232131901052203	 3.143201719086714	
5363	 0.012319824122665538	 3.1425661615828635	
5364	 0.012285470543010633	 3.1279747710241166	
5365	 0.01222181533645217	 3.101009612964244	
5366	 0.012147350295741292	 3.0695839059829515	
5367	 0.012070044803676983	 3.0370950709493343	
5368	 0.01197683537175265	 2.998106458324112	
5369	 0.0118860927878449	 2.9603435239270053	
5370	 0.011795317685165854	 2.922758869741818	
5371	 0.011727672965275096	 2.8948761930584466	
5372	 0.011694814768253122	 2.881370878199581	
5373	 0.011676716422888603	 2.873942922440131	
5374	 0.011667281439829374	 2.8700736413481356	
5375	 0.011664825772166452	 2.8690669154619455	
5376	 0.011665005989978936	 2.8691407927799975	
5377	 0.011667269532458013	 2.870068759459521	
5378	 0.011670446085154666	 2.8713712281596817	
5379	 0.011672952961521755	 2.8723992791314297	
5380	 0.01167485253718249	 2.8731783787227183	
5381	 0.01167579214070778	 2.873563782727842	
5382	 0.011675412750881681	 2.873408163157251	
5383	 0.01167405224321974	 2.8728501326395524	
5384	 0.011670938716260256	 2.87157324081563	
5385	 0.011636902376117688	 2.8576293751874644	
5386	 0.011563166587919348	 2.82751480394607	
5387	 0.011459298060204272	 2.785310456080601	
5388	 0.011408819664342198	 2.7648915996540704	
5389	 0.011329251589316483	 2.732827916695056	
5390	 0.011236194458728088	 2.6955185680056304	
5391	 0.01113888929633888	 2.65672577701877	
5392	 0.011036762616211114	 2.616253080579275	
5393	 0.010932626307029045	 2.5752402755123636	
5394	 0.010828832080418587	 2.5346205330829776	
5395	 0.010762231564033293	 2.508692724946039	
5396	 0.010718367775559163	 2.491674692902144	
5397	 0.01069237300917878	 2.4816112629831837	
5398	 0.010679715341345725	 2.476716962092111	
5399	 0.010676162042435114	 2.475343713938099	
5400	 0.010677904334105119	 2.4760170216490405	
5401	 0.01068291680381603	 2.4779544964315328	
5402	 0.010690424561388946	 2.4808576110946867	
5403	 0.010699745276783582	 2.4844636554841912	
5404	 0.010710891179165244	 2.488778587439634	
5405	 0.010725711908407626	 2.4945207993098824	
5406	 0.01074280626940315	 2.501150489634082	
5407	 0.010761079667434614	 2.508245226131872	
5408	 0.010777883315061854	 2.5147764176406353	
5409	 0.010769459457762877	 2.511501408763192	
5410	 0.010728791476758226	 2.49571462566056	
5411	 0.010658138067860584	 2.4683826574646637	
5412	 0.010653606860696505	 2.4666338892144886	
5413	 0.010637883356615009	 2.460569425931447	
5414	 0.01060281093443123	 2.4470637230516847	
5415	 0.010557150224752584	 2.4295252614776786	
5416	 0.010508648264450124	 2.4109507745623073	
5417	 0.010461367922680057	 2.392899049719538	
5418	 0.01041156095361166	 2.373941394498441	
5419	 0.010379583645326129	 2.361801922410256	
5420	 0.010386873230139914	 2.364567059898454	
5421	 0.010421747912299217	 2.3778138732662315	
5422	 0.010465524236365207	 2.3944837621938717	
5423	 0.01050814641031239	 2.410758880811132	
5424	 0.010530436443130852	 2.419287800286599	
5425	 0.010547861035574908	 2.4259634259154166	
5426	 0.010559018963914178	 2.430242061116593	
5427	 0.010566854024435553	 2.433248306767168	
5428	 0.01056997264285799	 2.4344453075455945	
5429	 0.010570860322824737	 2.4347860635243257	
5430	 0.01057227913374851	 2.4353307457150306	
5431	 0.010579668073152741	 2.438168150791471	
5432	 0.010590610525509862	 2.4423725574137554	
5433	 0.010571864505499023	 2.435171564692216	
5434	 0.010529207700508818	 2.4188173281101615	
5435	 0.010436047143011192	 2.3832538527965657	
5436	 0.010417872327909078	 2.376340307917878	
5437	 0.0103800447471067	 2.3619767924942043	
5438	 0.010308416607262493	 2.3348743804205894	
5439	 0.010203240551626623	 2.295305299904325	
5440	 0.010084126037264872	 2.25081961817897	
5441	 0.00995678429569305	 2.203647276582033	
5442	 0.009837073145088733	 2.159666795266944	
5443	 0.009775248697777	 2.137092280384537	
5444	 0.009720221818826438	 2.11707970860028	
5445	 0.009661474103606231	 2.0957971247666354	
5446	 0.009613934608681063	 2.078637971042112	
5447	 0.009581528506590373	 2.0669735062794934	
5448	 0.009513968510182599	 2.0427400293232547	
5449	 0.009464478286816883	 2.0250607149628053	
5450	 0.009427513883595213	 2.0118961106155457	
5451	 0.009396319616302686	 2.000813234910189	
5452	 0.009359911232343655	 1.9879088475637612	
5453	 0.009335927827101386	 1.979426557319429	
5454	 0.009318444922306171	 1.9732524664848352	
5455	 0.009308397466154085	 1.969707697444942	
5456	 0.009300285904168927	 1.9668477772032549	
5457	 0.009252939071896959	 1.9501877349096637	
5458	 0.009174078369231498	 1.922564827890001	
5459	 0.00907100565027274	 1.8866991150724846	
5460	 0.009028124246417336	 1.8718575498467152	
5461	 0.00898158496796197	 1.8558030662308813	
5462	 0.008929878338502267	 1.8380309501014462	
5463	 0.008874170483425628	 1.8189601989238542	
5464	 0.008808403303451244	 1.796548317322224	
5465	 0.008747614631741923	 1.775931950134761	
5466	 0.008694220403200162	 1.7579019961829638	
5467	 0.008652162628439385	 1.743751951213587	
5468	 0.008644951823886438	 1.7413305217082635	
5469	 0.008665644147808042	 1.7482827324421257	
5470	 0.008701301499065154	 1.7602888790977083	
5471	 0.00874811096060302	 1.7760998936237244	
5472	 0.008798330528045193	 1.793125576507393	
5473	 0.008848897295363575	 1.8103345535759034	
5474	 0.008898373287292502	 1.8272358921324257	
5475	 0.00894715081365607	 1.843960073143735	
5476	 0.008998000691790907	 1.8614596229424685	
5477	 0.009048031813575073	 1.8787418726687906	
5478	 0.009096116141473263	 1.8954117917616864	
5479	 0.00914176896717029	 1.9112932197195898	
5480	 0.009187434341043603	 1.9272319961633229	
5481	 0.00920042826323375	 1.9317769913008602	
5482	 0.00915961301728979	 1.9175151004070434	
5483	 0.009094006983637404	 1.8946793521188408	
5484	 0.009095757822933695	 1.8952873517888902	
5485	 0.009086290787776355	 1.8920007415963795	
5486	 0.00907377693625836	 1.887659889702892	
5487	 0.009065497805314406	 1.8847901861868872	
5488	 0.009071004699112284	 1.886698785349115	
5489	 0.009076423788668424	 1.8885777072346783	
5490	 0.00907873483635474	 1.8893792276849577	
5491	 0.009077266074807747	 1.8888698142121216	
5492	 0.009087606683937379	 1.8924574363312479	
5493	 0.009104414522139321	 1.898294639594194	
5494	 0.009128811564464297	 1.9067802905689013	
5495	 0.009156630636072157	 1.91647463790639	
5496	 0.009185906111226732	 1.9266977356388217	
5497	 0.009212503025384993	 1.936004321790764	
5498	 0.00924305172957145	 1.9467158101694524	
5499	 0.009280417841295933	 1.9598498522238779	
5500	 0.00931994385884464	 1.9737815137734167	
5501	 0.009383427520964289	 1.9962400124230641	
5502	 0.009446180006860322	 2.018539622570808	
5503	 0.009491557144962989	 2.034726437511618	
5504	 0.009527286408853764	 2.0475080530995076	
5505	 0.009540944434379053	 2.05240246499185	
5506	 0.00950002720139059	 2.037753579327696	
5507	 0.009418634385736655	 2.008738859383139	
5508	 0.00939173033519317	 1.9991847960177571	
5509	 0.009376330532591926	 1.9937242792153558	
5510	 0.009363994723911646	 1.9893545146682936	
5511	 0.009342025324298628	 1.9815817038219639	
5512	 0.009325216553896683	 1.9756429539006206	
5513	 0.009336256531240997	 1.9795427131266063	
5514	 0.010730089985993408	 2.496218074602348	
5515	 0.01092889831137066	 2.5737768587313834	
5516	 0.01109828694538611	 2.640605349507761	
5517	 0.011378489613553222	 2.75265180469055	
5518	 0.011440648461741877	 2.7777595664411665	
5519	 0.01159739135066538	 2.841476732944037	
5520	 0.011576278838979243	 2.832860671780461	
5521	 0.011547243291983415	 2.821028304378351	
5522	 0.011537657489879316	 2.8171263145454235	
5523	 0.011548523920324702	 2.8215497596235974	
5524	 0.011574088981386777	 2.8319675853869426	
5525	 0.011600304816348859	 2.842666546227637	
5526	 0.011624895984099142	 2.852717126159274	
5527	 0.011647974129376855	 2.8621622252825736	
5528	 0.01166365098278321	 2.8685853485894617	
5529	 0.011649935424849716	 2.862965492416977	
5530	 0.011607069493491612	 2.84542990164329	
5531	 0.011545167935729359	 2.8201833281023467	
5532	 0.011530969364003054	 2.8144051303774007	
5533	 0.011509946295304664	 2.805858368817609	
5534	 0.011473733200023229	 2.7911606145840175	
5535	 0.011424846224853041	 2.77136794128815	
5536	 0.011368508310360539	 2.74862856748059	
5537	 0.011311591093525034	 2.7257315354028253	
5538	 0.011256457553763682	 2.70362516432001	
5539	 0.011218548200081302	 2.6884668161542713	
5540	 0.011196371431723636	 2.679615075027813	
5541	 0.011186189028361718	 2.675554734353171	
5542	 0.011181094572548279	 2.673524190853748	
5543	 0.011179394810767875	 2.6728468385715765	
5544	 0.011186546395668705	 2.6756971966296157	
5545	 0.011209992810830481	 2.685050593857989	
5546	 0.01123847791892206	 2.696431618285524	
5547	 0.011273491222429556	 2.7104473047999287	
5548	 0.011306059985633669	 2.723510530767956	
5549	 0.011341621135732196	 2.7378026705606096	
5550	 0.011376862618416356	 2.7519958392405752	
5551	 0.011411622972409637	 2.766023980561729	
5552	 0.011447334979333406	 2.780465875220282	
5553	 0.011451959525722498	 2.7823382360360647	
5554	 0.011407855219105655	 2.764502060176343	
5555	 0.011336978045950604	 2.7359348998232966	
5556	 0.011309564542277509	 2.7249176939910544	
5557	 0.01126926024806099	 2.70875211884692	
5558	 0.01121378869725483	 2.6865661014406337	
5559	 0.011150055450686968	 2.6611659746105745	
5560	 0.011088637372915162	 2.6367799352439754	
5561	 0.011034271130337437	 2.6152688144327874	
5562	 0.010996863331837007	 2.6005086108714806	
5563	 0.010991921735991806	 2.5985612771655737	
5564	 0.011001208779132967	 2.602221502563853	
5565	 0.011011816530734438	 2.606404768705125	
5566	 0.011024407578996415	 2.61137365439899	
5567	 0.01103472432860687	 2.6154478402323993	
5568	 0.011041838207446919	 2.6182586606503477	
5569	 0.011046269297345824	 2.62001007364621	
5570	 0.011046461071957971	 2.620085884207202	
5571	 0.011038852756754996	 2.6170789087708206	
5572	 0.011040878505952928	 2.6178793950030426	
5573	 0.011025387653402854	 2.6117605861996904	
5574	 0.011000682738804326	 2.6020141235894934	
5575	 0.010973646546693028	 2.5913646472257716	
5576	 0.010936576480948377	 2.576791270950274	
5577	 0.010867275044980916	 2.5496350155670457	
5578	 0.010754419581891536	 2.5056584842570304	
5579	 0.010619618597195173	 2.453532314438495	
5580	 0.010548188560584827	 2.426088976159918	
5581	 0.010478244401118855	 2.399336292845959	
5582	 0.010403869330690792	 2.3710191677362453	
5583	 0.010322214976613455	 2.340085628845593	
5584	 0.010263515533696446	 2.3179487167733805	
5585	 0.01020348921117243	 2.2953985307765774	
5586	 0.010140424150200354	 2.2718018636382724	
5587	 0.010094387941153983	 2.254638413611752	
5588	 0.010082111852937585	 2.2500703772873805	
5589	 0.010079257702240487	 2.2490088546612745	
5590	 0.010082287883171186	 2.250135853437128	
5591	 0.010091002998283442	 2.2533784776983636	
5592	 0.010103308491096868	 2.257960150188856	
5593	 0.010116716341156797	 2.2629564972301957	
5594	 0.010133315456695486	 2.2691481664369655	
5595	 0.010154436786851843	 2.2770364565036876	
5596	 0.010172991442402704	 2.2839751895065907	
5597	 0.010191534203178594	 2.2909179084359312	
5598	 0.010211639335009095	 2.2984551261645527	
5599	 0.010233674617066443	 2.306727308914238	
5600	 0.010251281692840088	 2.313345656702629	
5601	 0.010260208444650372	 2.316704042629991	
5602	 0.010256458503150122	 2.315293017656512	
5603	 0.010247246650731925	 2.3118282493122857	
5604	 0.010251864192837974	 2.3135647430249424	
5605	 0.010252915977371137	 2.3139603547860954	
5606	 0.010253818321208438	 2.3142997784068933	
5607	 0.010253589145392279	 2.314213570262679	
5608	 0.010300709999487304	 2.3319658385867204	
5609	 0.010346869553907567	 2.349408521880593	
5610	 0.010391459012675444	 2.366307234858837	
5611	 0.010414299812018114	 2.3749822982086926	
5612	 0.010459687420195722	 2.3922584296305542	
5613	 0.010505736753167006	 2.4098375863395045	
5614	 0.010549852878243367	 2.4267269996241474	
5615	 0.010592814566008411	 2.443219764071819	
5616	 0.010635142721721044	 2.459512990317564	
5617	 0.010676950963255863	 2.4756485829051473	
5618	 0.010717970616589393	 2.4915208170583707	
5619	 0.010759121152257746	 2.5074844384185675	
5620	 0.010797278883468297	 2.522323473202009	
5621	 0.010833242745890512	 2.5363413836374895	
5622	 0.010864841408590824	 2.548683470470935	
5623	 0.010897168749930733	 2.5613349590668464	
5624	 0.01092717340228768	 2.573099861930983	
5625	 0.010946504795686412	 2.580691171368768	
5626	 0.010958054917863108	 2.585231095497729	
5627	 0.010964749101172991	 2.5878637912292066	
5628	 0.010980983905756232	 2.5942530839667355	
5629	 0.011004343799914815	 2.6034575475537745	
5630	 0.011030957253416504	 2.613959890743189	
5631	 0.011058166560296966	 2.6247148503418005	
5632	 0.011074556560564872	 2.6312018098695624	
5633	 0.011078523975777214	 2.6327730265236147	
5634	 0.011092874899381109	 2.6384595597150393	
5635	 0.011112490998603187	 2.646240347947624	
5636	 0.011131237332021267	 2.653684702508474	
5637	 0.011149654033145886	 2.6610063003848494	
5638	 0.011165948434409167	 2.6674908996842523	
5639	 0.01118224359578918	 2.673982113620678	
5640	 0.011199526596425938	 2.6808737299865975	
5641	 0.011218726142671023	 2.6885378882259334	
5642	 0.011240737639169596	 2.6973352978205396	
5643	 0.011263098429807591	 2.7062840781149515	
5644	 0.011284856926959495	 2.7150031982305087	
5645	 0.011307917346823708	 2.7242562694496786	
5646	 0.011331842701311344	 2.7338697041073003	
5647	 0.01135757396399273	 2.7442238822772858	
5648	 0.011384162972479631	 2.7549396562425277	
5649	 0.011410521934434415	 2.7655792001972817	
5650	 0.011433383051859338	 2.774820151270821	
5651	 0.011453058513128687	 2.7827832621304682	
5652	 0.011477481284377623	 2.792680411199402	
5653	 0.011501311963947353	 2.8023511627049307	
5654	 0.011529592821358929	 2.8138451898102597	
5655	 0.011589192863651034	 2.8381296698708534	
5656	 0.011622457305950885	 2.851719787853989	
5657	 0.011644525484074712	 2.860750018599766	
5658	 0.011663176115835146	 2.8683907014352217	
5659	 0.01167911586001986	 2.8749272627633373	
5660	 0.011757661142972532	 2.9072239161224673	
5661	 0.012001898764519748	 3.008570424966977	
5662	 0.01201984908282198	 3.0160736427161137	
5663	 0.012035572838086983	 3.0226522999176684	
5664	 0.012048862493604855	 3.0282170248318403	
5665	 0.01205886663154521	 3.0324087185302546	
5666	 0.01207015195197642	 3.037140005957215	
5667	 0.012160795542537137	 3.075248589678865	
5668	 0.012283087372319881	 3.1269635472721373	
5669	 0.01241734839815963	 3.1841366241494202	
5670	 0.01254931536942451	 3.2407358916824984	
5671	 0.012662697408467209	 3.2896823515123628	
5672	 0.012770146010030622	 3.3363378421862753	
5673	 0.01285309342618121	 3.3725341594293035	
5674	 0.012880067846573218	 3.384338811764221	
5675	 0.012878449588482459	 3.38363015810914	
5676	 0.012876563975518758	 3.382804501592456	
5677	 0.012868044420382	 3.3790750345061533	
5678	 0.01285498402452637	 3.373360992824051	
5679	 0.01283883117549059	 3.36629932646934	
5680	 0.012817603315135465	 3.3570279813436943	
5681	 0.01279450669780654	 3.3469520714736825	
5682	 0.012770368448251466	 3.3364347000402774	
5683	 0.012747577242780946	 3.326516411040422	
5684	 0.01273382907466014	 3.3205391884735187	
5685	 0.012725180896154951	 3.3167814664227584	
5686	 0.012717596594318212	 3.313487410588845	
5687	 0.012710053212898927	 3.310212426332877	
5688	 0.012702473753782624	 3.3069230836734484	
5689	 0.012695686963795128	 3.3039788546481166	
5690	 0.012688803031989729	 3.3009935555098044	
5691	 0.012685817398563485	 3.29969913558425	
5692	 0.012680810096121965	 3.2975286779503565	
5693	 0.012678536549024799	 3.296543378294681	
5694	 0.012678059547694066	 3.296336672542789	
5695	 0.012679524288838073	 3.2969714260804506	
5696	 0.012681002720912844	 3.297612162231381	
5697	 0.012684710749375598	 3.2992193999511388	
5698	 0.012688926653938627	 3.301047156124042	
5699	 0.012693850126661632	 3.3031821827316783	
5700	 0.012682679352553272	 3.2983388561524687	
5701	 0.012683449562514992	 3.298672705806656	
5702	 0.012685872306790018	 3.299722939186249	
5703	 0.012687967645900869	 3.3006313538149565	
5704	 0.012689864437588539	 3.301453776320911	
5705	 0.012682102878092528	 3.2980889905349877	
5706	 0.012673531845385201	 3.294374877267008	
5707	 0.012661301700648822	 3.289078048109034	
5708	 0.012658810520280157	 3.287999545352868	
5709	 0.012658749802338427	 3.2879732605971124	
5710	 0.0126595441696295	 3.288317148301405	
5711	 0.012661459668337996	 3.2891464415796583	
5712	 0.012663684687806974	 3.2901098433443576	
5713	 0.012665083921381545	 3.290715749369186	
5714	 0.012665149616453476	 3.290744198211029	
5715	 0.012664296960249642	 3.2903749683988144	
5716	 0.012661890766236363	 3.289333092019682	
5717	 0.012659914566230543	 3.2884775007539635	
5718	 0.012715568393573044	 3.312606733132487	
5719	 0.012782782288914794	 3.3418419295468325	
5720	 0.012852102199058534	 3.3721006890208365	
5721	 0.01290747854968535	 3.3963512870818184	
5722	 0.012870700524307221	 3.380237577375894	
5723	 0.01276585403575985	 3.3344691775844377	
5724	 0.012608587896527766	 3.266286935832049	
5725	 0.01252087506148605	 3.228504429841629	
5726	 0.012417514356491993	 3.1842075513100068	
5727	 0.012307138057582396	 3.1371747002400756	
5728	 0.012196894752369208	 3.090478384966094	
5729	 0.01208690417015901	 3.0441686894575164	
5730	 0.011982367069402892	 3.000414687932548	
5731	 0.011920308591799067	 2.974560095828851	
5732	 0.011886497914780157	 2.9605116936452314	
5733	 0.011860825011761342	 2.949862328069546	
5734	 0.01183811007939909	 2.9404527606861346	
5735	 0.01182057915664431	 2.9331988719542528	
5736	 0.01180837715542221	 2.9281541981595205	
5737	 0.01180196952948653	 2.925506484223579	
5738	 0.01179372339572263	 2.9221004850912675	
5739	 0.011780777667718394	 2.916756558516311	
5740	 0.011769408145594224	 2.912066508920723	
5741	 0.011761654683983672	 2.9088698546333354	
5742	 0.011757699674029632	 2.907239794922925	
5743	 0.011754971694621549	 2.9061156695790564	
5744	 0.01175493600674883	 2.9061009647398532	
5745	 0.011739379288266821	 2.8996938055182353	
5746	 0.011683036968058226	 2.876536140533331	
5747	 0.01158029745585083	 2.834499871375404	
5748	 0.011428513661749594	 2.7728508065494624	
5749	 0.01134068356452999	 2.737425473718091	
5750	 0.011220133169142794	 2.689099895307358	
5751	 0.011083006222721953	 2.634548583491753	
5752	 0.010918594629443954	 2.569733901185105	
5753	 0.010748506888167161	 2.5033629201208982	
5754	 0.010591997320934209	 2.442905611184627	
5755	 0.01050026890876465	 2.4077475646121647	
5756	 0.01044748895943911	 2.387610342229516	
5757	 0.010414128042311635	 2.3749170117313234	
5758	 0.0103913462637023	 2.3662644436675953	
5759	 0.010379104853672837	 2.361620349028912	
5760	 0.010376253940882178	 2.3605393057072037	
5761	 0.010383607893535093	 2.3633282690263444	
5762	 0.010397386044663776	 2.3685571346768595	
5763	 0.010413532327773749	 2.374690597254111	
5764	 0.010434036902055386	 2.382488779134973	
5765	 0.01045351475582426	 2.3899059527972177	
5766	 0.010472152831609204	 2.3970119703800883	
5767	 0.010492274893013662	 2.404693248064138	
5768	 0.010518091225430732	 2.4145626143991694	
5769	 0.01053225955743288	 2.4199859183471153	
5770	 0.010502413884490002	 2.4085673708769253	
5771	 0.010440059509859826	 2.384781205389965	
5772	 0.010331794069961226	 2.3437061101824543	
5773	 0.010273495994806	 2.3217066388460554	
5774	 0.010208481329570501	 2.297270565214403	
5775	 0.010141686822469553	 2.2722733528370997	
5776	 0.01007049263865602	 2.2457501836534837	
5777	 0.009997482155235046	 2.2186798851439034	
5778	 0.009925102521652084	 2.1919732632417164	
5779	 0.009871259681867353	 2.1721903414041117	
5780	 0.009861766230858191	 2.1687097030369413	
5781	 0.009870939492819747	 2.1720729122783746	
5782	 0.00989528566397784	 2.181009097070455	
5783	 0.009927359852088615	 2.1928042173909024	
5784	 0.009980095128816547	 2.21225262047803	
5785	 0.010032215796579366	 2.2315417972191582	
5786	 0.010083239860967382	 2.2504899640011136	
5787	 0.010115922680443763	 2.2626606217965715	
5788	 0.01014455364416625	 2.2733439860970632	
5789	 0.010175337353839957	 2.2848530721160745	
5790	 0.010210073207390426	 2.297867644581283	
5791	 0.01024518818937588	 2.3110543031296182	
5792	 0.010283267896838044	 2.325388391441621	
5793	 0.01030527398396075	 2.3336881515296852	
5794	 0.010285803144682094	 2.326343976190374	
5795	 0.010233878057723628	 2.306803737184455	
5796	 0.010167659571089203	 2.28198040849194	
5797	 0.010214307306338787	 2.2994560667272657	
5798	 0.010259454744131334	 2.3164204131935002	
5799	 0.010302618129555739	 2.3326858486454674	
5800	 0.01030829263106928	 2.3348275792340947	
5801	 0.010307328912856807	 2.334463787055623	
5802	 0.010306979194337668	 2.3343317780757085	
5803	 0.010308321088316459	 2.3348383218515614	
5804	 0.010320367126949032	 2.3393874795274714	
5805	 0.010349561392856416	 2.3504273127579984	
5806	 0.010376988654470039	 2.3608178842845122	
5807	 0.010400549964345621	 2.3697585078891032	
5808	 0.010421791910152363	 2.3778306041213795	
5809	 0.010443207424612898	 2.385979768550457	
5810	 0.010466836918039834	 2.394984346508948	
5811	 0.010492879267331078	 2.404924110414447	
5812	 0.010535961212363302	 2.421403626511052	
5813	 0.010577481971936708	 2.43732853477963	
5814	 0.010618274623519261	 2.4530148219462826	
5815	 0.010658342890802384	 2.468461718277606	
5816	 0.010698310995355011	 2.483908617215655	
5817	 0.010723361947508336	 2.493609966496031	
5818	 0.010695837399893203	 2.4829515017211654	
5819	 0.010638693995528616	 2.4608819386003518	
5820	 0.010557126716909886	 2.429516245020574	
5821	 0.01059390364357139	 2.443638435772798	
5822	 0.010632036421328893	 2.458315820626489	
5823	 0.010669751902971161	 2.4728671494054852	
5824	 0.010706236819393374	 2.486976373103174	
5825	 0.010740569256571634	 2.5002825107549076	
5826	 0.010730026022398975	 2.4961932741325974	
5827	 0.010703391276375296	 2.485874807820925	
5828	 0.010678255348493768	 2.4761526798421034	
5829	 0.010658763482139762	 2.468624067979044	
5830	 0.01064399111149292	 2.4629244418758653	
5831	 0.01066552264020903	 2.471233712009263	
5832	 0.010661138738886173	 2.4695410054097433	
5833	 0.01066882213929047	 2.472508016519162	
5834	 0.010688057431827729	 2.4799421379527624	
5835	 0.010714364590480956	 2.490123867051217	
5836	 0.010746076710630765	 2.5024196638629035	
5837	 0.010777544154757363	 2.514644526655483	
5838	 0.010809560066060818	 2.5271069096556706	
5839	 0.01084395879023814	 2.5405242659373193	
5840	 0.01087866194817272	 2.5540891505757273	
5841	 0.010913725459884957	 2.5678242216534453	
5842	 0.010908195140559325	 2.5656559292037473	
5843	 0.010859307763280767	 2.546520359312219	
5844	 0.01075905294513225	 2.5074579449373715	
5845	 0.010733121658388014	 2.497393651592062	
5846	 0.010701981452304986	 2.485329109706394	
5847	 0.010665422049016706	 2.4711948666611128	
5848	 0.010625147224590507	 2.455661552830832	
5849	 0.010584730594595764	 2.4401129577498777	
5850	 0.01054644597524134	 2.4254210203530238	
5851	 0.010490877420228485	 2.4041594673846216	
5852	 0.010441184506611622	 2.3852095183181286	
5853	 0.010416333215323245	 2.3757552116136007	
5854	 0.010414668161913478	 2.3751223035876516	
5855	 0.010427880936397448	 2.380146503450709	
5856	 0.010451107937092384	 2.388988936035366	
5857	 0.010480325943541936	 2.400130740655434	
5858	 0.010513231551627571	 2.4127035667849657	
5859	 0.010549622387184586	 2.4266386358639265	
5860	 0.010585927526712363	 2.4405728591820686	
5861	 0.010622534933124735	 2.4546553898343655	
5862	 0.010658947684935617	 2.4686951722360404	
5863	 0.01069400735286716	 2.482243491261354	
5864	 0.010727426784137573	 2.4951855603366906	
5865	 0.010779126308681504	 2.515259810516473	
5866	 0.010788106042998662	 2.518753080068922	
5867	 0.010736314714158007	 2.498632046815658	
5868	 0.010646259617496778	 2.4637993573935413	
5869	 0.01062177678903263	 2.454363410217488	
5870	 0.010588698030902326	 2.4416375127314818	
5871	 0.010546571400954084	 2.42546909521585	
5872	 0.010494923570614096	 2.4057050707535774	
5873	 0.010439488118359895	 2.3845636748849826	
5874	 0.010382935600116	 2.363073249164255	
5875	 0.010335285795433118	 2.34502638752875	
5876	 0.010318468746085042	 2.3386703254344394	
5877	 0.010316007865385867	 2.3377408058724196	
5878	 0.010322134896971594	 2.34005537165517	
5879	 0.010335226261736276	 2.345003874391918	
5880	 0.010355228330898778	 2.3525726785353815	
5881	 0.01037985484999432	 2.361904774526378	
5882	 0.010406397616553785	 2.371979563596466	
5883	 0.010434503717624985	 2.3826664347974127	
5884	 0.010462943420048432	 2.3934997033874708	
5885	 0.010491922408633048	 2.404558608162097	
5886	 0.010521472604889828	 2.4158564846683865	
5887	 0.010551542745844094	 2.4273748864292686	
5888	 0.01058239389377346	 2.4392152188933647	
5889	 0.010599754005568156	 2.4458879686787154	
5890	 0.010571641730724649	 2.4350860403609382	
5891	 0.010495755489120864	 2.4060229075054314	
5892	 0.010374483117645477	 2.3598679233888853	
5893	 0.010302372847847423	 2.3325932895467245	
5894	 0.010213623205673946	 2.29919939663727	
5895	 0.010112374378997025	 2.261338009999314	
5896	 0.010007915002620849	 2.222540056979024	
5897	 0.009903498129126328	 2.1840267656988663	
5898	 0.009799869518775425	 2.146070931643418	
5899	 0.009706521219649072	 2.112108691934514	
5900	 0.009649315775992375	 2.0914032649537773	
5901	 0.00961383634034694	 2.0786025600123565	
5902	 0.009593828387831347	 2.071397714428107	
5903	 0.009592490788883835	 2.070916403158259	
5904	 0.009606994009837217	 2.076137517127718	
5905	 0.009631470068475966	 2.0849607429069184	
5906	 0.009661714273063534	 2.0958839560002325	
5907	 0.009696242007116437	 2.1083821338091546	
5908	 0.009748686530861085	 2.1274225570973333	
5909	 0.009787817848815408	 2.141674081451362	
5910	 0.009826435432940213	 2.155775795183647	
5911	 0.009865294607896244	 2.170003071434382	
5912	 0.00990499636110127	 2.184577470728799	
5913	 0.009921901759545519	 2.1907952349848228	
5914	 0.009896280967430126	 2.1813747322388632	
5915	 0.009822490472000246	 2.1543335439493245	
5916	 0.009706201122095387	 2.111992606164572	
5917	 0.009645571029095615	 2.090050705716256	
5918	 0.009577038792315522	 2.0653595204243937	
5919	 0.00950204516657547	 2.0384750521623163	
5920	 0.009418677412197625	 2.0087541533652957	
5921	 0.009331598404226349	 1.9778969022068387	
5922	 0.009243296868439567	 1.9468018603801063	
5923	 0.009163978601171005	 1.9190385277335735	
5924	 0.009127986267459417	 1.9064929927411125	
5925	 0.00911489260219629	 1.9019372155290468	
5926	 0.009115903254449447	 1.9022887040689507	
5927	 0.009127286671502232	 1.9062494668278875	
5928	 0.009149679797007015	 1.9140505774410583	
5929	 0.009181489908640863	 1.9251541891439474	
5930	 0.009223896820726683	 1.939996636997096	
5931	 0.009274770346946598	 1.9578625143237929	
5932	 0.009329759960482357	 1.977247493386865	
5933	 0.009377088525427933	 1.9939929112134365	
5934	 0.009427982114685953	 2.0120626529153283	
5935	 0.009487485839576683	 2.0332720206937074	
5936	 0.009579833947982607	 2.066364278281765	
5937	 0.009695038402805597	 2.1079459591858383	
5938	 0.009781790748812129	 2.139476548016307	
5939	 0.009798529087258392	 2.145581719355104	
5940	 0.009721349372946908	 2.1174890295490605	
5941	 0.009669475424323573	 2.098690709046041	
5942	 0.009609271669108372	 2.0769579450282847	
5943	 0.009527183829664162	 2.047471311094495	
5944	 0.00945075190136008	 2.020168153709947	
5945	 0.009368042793890653	 1.990788056462947	
5946	 0.009286225468171719	 1.9618943813570022	
5947	 0.009218320051610713	 1.9380421606656846	
5948	 0.009192827763781636	 1.9291179798403155	
5949	 0.00918623660647566	 1.9268132698925329	
5950	 0.009187312675046943	 1.9271894602463553	
5951	 0.009194297580544089	 1.92963207646927	
5952	 0.009205353670852902	 1.9335009123035858	
5953	 0.009226646001107923	 1.9409604253418682	
5954	 0.009260874822637545	 1.952976151215451	
5955	 0.009303321334651195	 1.967917794343363	
5956	 0.00934607924968182	 1.983015073642722	
5957	 0.009389025030530105	 1.9982251069364714	
5958	 0.009433481574866865	 2.01401913552007	
5959	 0.009480193708667086	 2.03066804899842	
5960	 0.009529025100523298	 2.0481308610357645	
5961	 0.009559222301566705	 2.0589597281111596	
5962	 0.009547383945305772	 2.054711712499323	
5963	 0.009494423209138467	 2.0357505482757143	
5964	 0.009377158197387764	 1.9940176036215527	
5965	 0.009309682885218502	 1.9701610544591197	
5966	 0.009228100541485132	 1.9414704253392687	
5967	 0.009136923108285138	 1.9096049577317267	
5968	 0.00905157038995226	 1.8799666212050963	
5969	 0.008962467246713263	 1.8492241333039265	
5970	 0.00887514694760908	 1.819293791536586	
5971	 0.008799803390463946	 1.7936258938941394	
5972	 0.008771639545734853	 1.7840685799220226	
5973	 0.00876312993930326	 1.7811848903044554	
5974	 0.008761792928537291	 1.7807319809227895	
5975	 0.00876021941599194	 1.7801990161144845	
5976	 0.008765784176127387	 1.7820841435509436	
5977	 0.008786679527141806	 1.7891698100338926	
5978	 0.008822988280515956	 1.8015089355260834	
5979	 0.008868798746825815	 1.8171254728070372	
5980	 0.008908422588717156	 1.830676475274872	
5981	 0.008953708162960101	 1.8462130145655125	
5982	 0.009002611951594696	 1.863049816967291	
5983	 0.009052968649620517	 1.8804506655468496	
5984	 0.009105584172009108	 1.8987011155138502	
5985	 0.009138828290802523	 1.9102686382728569	
5986	 0.009140819407863583	 1.9109623531530349	
5987	 0.009110778426205982	 1.9005066396930115	
5988	 0.009066966165795106	 1.8852990203224338	
5989	 0.009087335471559434	 1.8923633057947606	
5990	 0.009253559779642767	 1.9504057780076156	
5991	 0.009373254894807623	 1.9926344244287275	
5992	 0.009414099821639372	 2.007127285831167	
5993	 0.009437499400280725	 2.015448993975004	
5994	 0.009465152450477589	 2.025301132292825	
5995	 0.009488106752109511	 2.033493806114122	
5996	 0.009489498054429413	 2.0339908042701293	
5997	 0.009517727978318208	 2.0440855294575555	
5998	 0.009552236523221534	 2.0564525624670424	
5999	 0.009557111858462853	 2.0582021703945808	
6000	 0.009586410412769584	 2.068729051583681	
6001	 0.009636627185822364	 2.0868217094615686	
6002	 0.009669353370445385	 2.0986465576915396	
6003	 0.009712262412979083	 2.114191211967789	
6004	 0.0097476218890158	 2.1270353492722607	
6005	 0.009782873605867003	 2.139871300678198	
6006	 0.00981831166744701	 2.152806222181819	
6007	 0.009856617577091541	 2.1668229564799035	
6008	 0.009895882640114614	 2.181228399576757	
6009	 0.009903086821636221	 2.1838755911476224	
6010	 0.009858254174680272	 2.1674226235675738	
6011	 0.009792772242956119	 2.1434811726556298	
6012	 0.009716888643361819	 2.1158698954146007	
6013	 0.009710590064487691	 2.1135845113188223	
6014	 0.009691116375014058	 2.106524904517132	
6015	 0.009663946214148646	 2.0966909642220286	
6016	 0.009637079977758681	 2.086985132967776	
6017	 0.009601561316710723	 2.074181148707802	
6018	 0.009559201572453439	 2.0589522867145664	
6019	 0.00951274764831322	 2.0423031634784827	
6020	 0.009497910287895017	 2.036996839804897	
6021	 0.00949859189245776	 2.0372404827942128	
6022	 0.009500857068331437	 2.0380502650692653	
6023	 0.00949656930323822	 2.0365175320995874	
6024	 0.009488060300629476	 2.0334772136499533	
6025	 0.009482059188463282	 2.031334072429925	
6026	 0.009476070951484922	 2.0291964304005607	
6027	 0.009467907207775952	 2.026283640560057	
6028	 0.009517367487459707	 2.043956495713755	
6029	 0.009549691026021804	 2.055539298292546	
6030	 0.009567902211882168	 2.0620766124998604	
6031	 0.009575873523356449	 2.06494070590718	
6032	 0.009579078161991064	 2.0660925811394466	
6033	 0.009552161629280456	 2.0564256899759505	
6034	 0.009499370393354047	 2.0375187761259177	
6035	 0.009440076966826713	 2.0163665087062737	
6036	 0.009386227116749715	 1.9972327592804493	
6037	 0.009374039731446447	 1.9929125092865203	
6038	 0.009357548257762947	 1.9870724823012003	
6039	 0.009334698620342525	 1.9789922106104292	
6040	 0.009379465774877865	 1.994835500236355	
6041	 0.00944156484184207	 2.0168962111256867	
6042	 0.009505514253823552	 2.0397155760429633	
6043	 0.009567943086162978	 2.062091294579009	
6044	 0.009632564803727749	 2.085355727003124	
6045	 0.009697887525051947	 2.108978512087972	
6046	 0.009762700169966837	 2.1325219132737017	
6047	 0.009826923656433145	 2.155954313261548	
6048	 0.009890286477446015	 2.1791729642849926	
6049	 0.009950483409571461	 2.201323567604542	
6050	 0.010008973903468787	 2.2229320021798333	
6051	 0.01006563727119963	 2.243945871085331	
6052	 0.010116879214567448	 2.2630172180886867	
6053	 0.010167316942222393	 2.281852246651375	
6054	 0.010217226045346044	 2.300551287246144	
6055	 0.010265242005635366	 2.3185986074450278	
6056	 0.010313551739893494	 2.3368132298233113	
6057	 0.010386639218384761	 2.3644782727790266	
6058	 0.010410239636733109	 2.373439293011978	
6059	 0.010394338082099615	 2.367400022048189	
6060	 0.01036449730325176	 2.3560833747653533	
6061	 0.010364660308111956	 2.356145132874668	
6062	 0.010359799264651897	 2.3543036939671182	
6063	 0.010349669745371624	 2.350468325059589	
6064	 0.010351430205786308	 2.3511347136427436	
6065	 0.010352908000382372	 2.351694162827554	
6066	 0.01035773054056624	 2.3535202037921836	
6067	 0.010372104203148429	 2.3589661122110264	
6068	 0.010392432161246912	 2.366676583119686	
6069	 0.010416167061587293	 2.3756920514309203	
6070	 0.010442536355276822	 2.3857242398452754	
6071	 0.010471899897318056	 2.396915479293662	
6072	 0.010503184242719668	 2.4088618277961076	
6073	 0.010537919117978994	 2.4221536250673723	
6074	 0.010572678306826774	 2.435483997234505	
6075	 0.01060942998860739	 2.449610314662483	
6076	 0.010649262151466264	 2.464957563335308	
6077	 0.010685985995306574	 2.4791411332062676	
6078	 0.010720887482380101	 2.4926510203012255	
6079	 0.010755668941278688	 2.506143647456966	
6080	 0.010790057616034103	 2.5195125317242364	
6081	 0.010824063893315332	 2.5327607186370096	
6082	 0.010852574819408947	 2.54388943119253	
6083	 0.010880033268963979	 2.5546257702965023	
6084	 0.010908376961581378	 2.565727204785872	
6085	 0.010935209556658481	 2.576254519826403	
6086	 0.010965081026722258	 2.5879943591625687	
6087	 0.010993567231215598	 2.5992096523448605	
6088	 0.011026564677939586	 2.612225303901281	
6089	 0.01107403454715487	 2.6309951046709337	
6090	 0.011132753185746587	 2.654287028545061	
6091	 0.011272282208032277	 2.7099628567256224	
6092	 0.011312088591810415	 2.7259313402805807	
6093	 0.01134040492721348	 2.737313378382017	
6094	 0.011412057555045731	 2.766199544437119	
6095	 0.011464879488744329	 2.7875718707893364	
6096	 0.011534832808992203	 2.8159769140633237	
6097	 0.011616528503605021	 2.8492956866122134	
6098	 0.011722860843911009	 2.8928967452174152	
6099	 0.011830824514988928	 2.9374372930199324	
6100	 0.012000615589822797	 3.008034345366051	
6101	 0.012527708436791421	 3.231441604163883	
6102	 0.013086486834386521	 3.4752178767508086	
6103	 0.013187844472364645	 3.520194104311623	
6104	 0.01326200839583486	 3.5532498592471735	
6105	 0.013327450414934137	 3.5825207042933016	
6106	 0.013323178081094634	 3.580606848754519	
6107	 0.013322230643935378	 3.5801824855950035	
6108	 0.013327820935960157	 3.5826867039790247	
6109	 0.013373985398919187	 3.6033932265391995	
6110	 0.013591554925766072	 3.701622765849235	
6111	 0.013641042925588516	 3.724113220366777	
6112	 0.013687437363933491	 3.745247228264835	
6113	 0.013699627164502468	 3.7508079682678193	
6114	 0.013710323762071928	 3.755690257407065	
6115	 0.013959046988340208	 3.869930793806898	
6116	 0.014998188666945193	 4.3618922919157965	
6117	 0.016633546693745064	 5.183045477184906	
6118	 0.017981221466301094	 5.901678766219366	
6119	 0.01832427726398641	 6.090528887333507	
6120	 0.01848551484679296	 6.180109469903737	
6121	 0.01847733197272362	 6.175550621567488	
6122	 0.018269853327576233	 6.0604101653395235	
6123	 0.01806327464080856	 5.946631931741555	
6124	 0.017864373191726457	 5.837898695707788	
6125	 0.017668532215266555	 5.731624157570936	
6126	 0.017478125329241694	 5.629048604464614	
6127	 0.017295211983033732	 5.5312089595702965	
6128	 0.017119381081345163	 5.437805661470769	
6129	 0.0169372758425865	 5.341741294516442	
6130	 0.0167401766947986	 5.238540584192968	
6131	 0.01655457992903072	 5.142100080568554	
6132	 0.01637232492307821	 5.048094872585053	
6133	 0.016221067714862997	 4.970605683640427	
6134	 0.016073781844128363	 4.895612475676464	
6135	 0.015929074711258845	 4.822377067066345	
6136	 0.01577324463712425	 4.744006934373139	
6137	 0.01562656816025078	 4.670710334770459	
6138	 0.0155025035252824	 4.6090701125909135	
6139	 0.015407977883984207	 4.562326135136964	
6140	 0.015315839518909061	 4.516946310862364	
6141	 0.015227387148614048	 4.473552783631856	
6142	 0.01514235114609278	 4.431993401824353	
6143	 0.015059392738614672	 4.391599050860039	
6144	 0.014979720557772674	 4.352944229811142	
6145	 0.014904156004859469	 4.316408736751492	
6146	 0.014831993238540547	 4.281633088620668	
6147	 0.014763717036564494	 4.248834075028739	
6148	 0.014693960921321171	 4.215428403578415	
6149	 0.014626051230333793	 4.183008371931467	
6150	 0.014561943866881697	 4.152495504841705	
6151	 0.01450135365552772	 4.123738874688121	
6152	 0.014443302618513012	 4.096262389006665	
6153	 0.014390279194308186	 4.071229799233584	
6154	 0.01430241338392915	 4.029883214653809	
6155	 0.014186729087923311	 3.9757039969395045	
6156	 0.014041774879118521	 3.9082313134508104	
6157	 0.013958438951690848	 3.8696498498917458	
6158	 0.013880761010551825	 3.8338258217891616	
6159	 0.013808713792310582	 3.8007178489853115	
6160	 0.01372872152938421	 3.764093562176171	
6161	 0.013648596897222788	 3.7275510120250286	
6162	 0.013571405610107855	 3.692481267974508	
6163	 0.013513940972176692	 3.666459955203305	
6164	 0.013462245330877427	 3.643113914474489	
6165	 0.013416124625386995	 3.622335925320235	
6166	 0.013377260004179983	 3.6048638245054647	
6167	 0.013343775963137815	 3.589837744257914	
6168	 0.013314876483489568	 3.576889194346121	
6169	 0.013289978091125506	 3.5657483641612786	
6170	 0.013267578542323858	 3.555737528341254	
6171	 0.013247513843445122	 3.546779748120557	
6172	 0.013225769072096619	 3.5370821160206436	
6173	 0.013204420513739828	 3.527571520090183	
6174	 0.013217111299679049	 3.5332239195465034	
6175	 0.013257902803220213	 3.5514167167207518	
6176	 0.013293407485020298	 3.5672820270176997	
6177	 0.013321130462103052	 3.5796897323661176	
6178	 0.013302879636700222	 3.571519448391335	
6179	 0.013284116144420752	 3.563127447684099	
6180	 0.013235355085321494	 3.5413559326497293	
6181	 0.013215922754729662	 3.532694395170654	
6182	 0.01319730348059107	 3.5244032209388556	
6183	 0.013174235180528928	 3.514141704107202	
6184	 0.013157498718197005	 3.506704284253282	
6185	 0.013156382881359448	 3.5062086481033052	
6186	 0.01380082401695741	 3.797099228285739	
6187	 0.013937301632255471	 3.8598884036312384	
6188	 0.01470584807478794	 4.22111361398173	
6189	 0.015834613149561524	 4.7748090996231785	
6190	 0.016045175628482084	 4.881100038317034	
6191	 0.01596517412228107	 4.840605416707467	
6192	 0.015883093395308582	 4.799198715583661	
6193	 0.015803724382988174	 4.759295401946179	
6194	 0.015726185180902158	 4.720440837090101	
6195	 0.015647920102322816	 4.681351843009872	
6196	 0.015574990501077069	 4.645044733306171	
6197	 0.015503403225779923	 4.609515939817764	
6198	 0.015433320546734058	 4.574839660311162	
6199	 0.01536484686183949	 4.541060731505729	
6200	 0.015297785325998499	 4.508075562779223	
6201	 0.01523358001097151	 4.4765854610789075	
6202	 0.01516105381806337	 4.4411205886348855	
6203	 0.01504855556998972	 4.386333114504637	
6204	 0.01489894249292009	 4.313892545470087	
6205	 0.014782321860146299	 4.257761592918716	
6206	 0.014658733898939567	 4.198598554008886	
6207	 0.014538031191564136	 4.141136797678134	
6208	 0.01442872738172088	 4.089375239707133	
6209	 0.01432295949577798	 4.03953637256347	
6210	 0.014227371524957785	 3.994704918004225	
6211	 0.014161177252362229	 3.963776707654221	
6212	 0.01411281152185091	 3.9412394314114154	
6213	 0.014062964689780473	 3.9180658171122498	
6214	 0.014028914477259498	 3.9022674330706564	
6215	 0.013995725555920501	 3.8868932465256116	
6216	 0.013963869865829221	 3.872159497952251	
6217	 0.013933184921284909	 3.8579884088301974	
6218	 0.01390311257051302	 3.8441204032310123	
6219	 0.013873631815890559	 3.8305446122772264	
6220	 0.013840770384182948	 3.8154346816319085	
6221	 0.01380882907979793	 3.8007707354497264	
6222	 0.013777958847585078	 3.7866199796558613	
6223	 0.013747773207322761	 3.7728034610193006	
6224	 0.01371761049570819	 3.759017623823602	
6225	 0.01368783724258962	 3.745429592449502	
6226	 0.013643354813880931	 3.7251652196145715	
6227	 0.013590927802032133	 3.7013381111746027	
6228	 0.013526646285474439	 3.672206874835435	
6229	 0.01349536005522855	 3.65806184246304	
6230	 0.013466169102221218	 3.6448838191707673	
6231	 0.013436046826733498	 3.6313053088132357	
6232	 0.013416813788093134	 3.6226460523307242	
6233	 0.013398278606675721	 3.6143088174961973	
6234	 0.013379161271798284	 3.6057177780996152	
6235	 0.01336130405688769	 3.5977004062355533	
6236	 0.013344444029438492	 3.590137295855558	
6237	 0.0133275868022191	 3.5825818077456644	
6238	 0.01331062094132339	 3.5749840595015905	
6239	 0.013284102487790097	 3.563121342611152	
6240	 0.01325795201649903	 3.5514386881541835	
6241	 0.01323329613200102	 3.540437797296377	
6242	 0.013212154706301249	 3.5310158519613166	
6243	 0.01319556604578404	 3.5236299377049605	
6244	 0.013182505351288261	 3.5178191640020713	
6245	 0.013168762443798778	 3.511709012705147	
6246	 0.013153388534972714	 3.504878747783661	
6247	 0.013135758075089462	 3.497052499377288	
6248	 0.013116656884506007	 3.4885812863078476	
6249	 0.013105800039063855	 3.483770032785031	
6250	 0.013093564563984599	 3.478351017928778	
6251	 0.013035737873352776	 3.4527856249475284	
6252	 0.012935795190590904	 3.4087786524932793	
6253	 0.01286997152858685	 3.3799184893046124	
6254	 0.012793195820082044	 3.3463805638237036	
6255	 0.012711240444980648	 3.310727781210903	
6256	 0.012620345735032039	 3.271365010541256	
6257	 0.012527383827737189	 3.2313020540154698	
6258	 0.01246401065930003	 3.204103990738561	
6259	 0.012421810855666552	 3.186044006194852	
6260	 0.012389237871910964	 3.1721318877904996	
6261	 0.012363473288590722	 3.161144934176369	
6262	 0.012339167964828032	 3.1507942436232046	
6263	 0.012315383888136145	 3.1406786813987364	
6264	 0.01229445969367531	 3.13179021215554	
6265	 0.012276360310514616	 3.124109835218924	
6266	 0.012256239911462059	 3.115580707140506	
6267	 0.012236374715539558	 3.1071689134846037	
6268	 0.012227126996898593	 3.1032561281416724	
6269	 0.01221543562432373	 3.0983122359656434	
6270	 0.012196159239244744	 3.090167781083262	
6271	 0.012170689157562298	 3.079419585428925	
6272	 0.012144299038783654	 3.068298947427262	
6273	 0.012120496119584526	 3.0582823482461188	
6274	 0.012106463610337818	 3.0523834132229	
6275	 0.012100837564893229	 3.0500196363104166	
6276	 0.012091350105483267	 3.046035149812741	
6277	 0.012086285461767658	 3.043908984056637	
6278	 0.01207869330332631	 3.040722865913715	
6279	 0.012073568444971738	 3.0385729272365527	
6280	 0.012054114500615287	 3.0304173055336157	
6281	 0.01203905278441703	 3.024109048406871	
6282	 0.012029532002527276	 3.020124198334572	
6283	 0.012029786626004853	 3.0202307416802268	
6284	 0.012038552255192006	 3.023899503407993	
6285	 0.012048950446557226	 3.0282538666604037	
6286	 0.012059508481256477	 3.032677730156318	
6287	 0.012083811730867285	 3.0428707138606845	
6288	 0.01209429597094176	 3.047272113752785	
6289	 0.012103208708628403	 3.0510157804854345	
6290	 0.012111983788668422	 3.0547034220724893	
6291	 0.012126092018299848	 3.0606360021609635	
6292	 0.012248143461843686	 3.11215121769393	
6293	 0.012275470727688281	 3.123732539986805	
6294	 0.012370564331669463	 3.164167291462745	
6295	 0.012490118189992405	 3.215297503298882	
6296	 0.012617620401511669	 3.270187689527542	
6297	 0.012747612641405262	 3.3265318066735774	
6298	 0.012765705489070998	 3.3344045099650237	
6299	 0.012724797596897767	 3.3166149583631297	
6300	 0.012658164865103265	 3.2877200459702296	
6301	 0.012623718905497634	 3.2728224263644914	
6302	 0.012563137546084818	 3.2466871416752565	
6303	 0.012486373294847598	 3.2136909334251955	
6304	 0.012435492121570083	 3.1918946180284684	
6305	 0.012382685298687843	 3.1693361869283705	
6306	 0.012339336312149281	 3.1508658894835655	
6307	 0.01231929883152749	 3.142342844177626	
6308	 0.012407952804156474	 3.180122172238782	
6309	 0.012399627796253943	 3.176566842143017	
6310	 0.01239414341320706	 3.1742255163962345	
6311	 0.012394431466719855	 3.1743484714973347	
6312	 0.012390347363163214	 3.1726053575436834	
6313	 0.012386095388801258	 3.1707910025069292	
6314	 0.01238145152256276	 3.168809898088322	
6315	 0.01237559004121582	 3.16631005805127	
6316	 0.012368073799975643	 3.163105640885016	
6317	 0.012361392464087111	 3.1602582606320553	
6318	 0.01235440830566537	 3.1572829233307704	
6319	 0.012366187728502497	 3.1623017512153884	
6320	 0.01241883199966711	 3.1847707071918765	
6321	 0.012477505985973494	 3.2098881153212906	
6322	 0.012480361468659194	 3.2111125158714264	
6323	 0.012490183205583953	 3.215325397995142	
6324	 0.012503393589167588	 3.2209952714679013	
6325	 0.012557354812319442	 3.2441968074847667	
6326	 0.012564607603005734	 3.247320343511983	
6327	 0.012678908702712571	 3.2967046525308668	
6328	 0.01266104566194305	 3.288967195155951	
6329	 0.012812214425382164	 3.3546759922016673	
6330	 0.012779311424284217	 3.3403297351433245	
6331	 0.012757938581477541	 3.331023999700277	
6332	 0.012766256572498802	 3.33464441856363	
6333	 0.012754019452149813	 3.32931873765837	
6334	 0.0127661888422462	 3.334614932510807	
6335	 0.012834825715165615	 3.364549144286557	
6336	 0.01304628144003237	 3.457441350344284	
6337	 0.013493641446810103	 3.6572854633991114	
6338	 0.014233369689010076	 3.9975122136092343	
6339	 0.015076290373150645	 4.399814896491064	
6340	 0.015006884286768555	 4.366107988407944	
6341	 0.01494371826016011	 4.335521740858167	
6342	 0.014906370398492496	 4.317477644576751	
6343	 0.014903680077186838	 4.316179015983547	
6344	 0.014922846681877013	 4.32543421944591	
6345	 0.01498352179560802	 4.354785382967955	
6346	 0.015051757707496463	 4.387888816195034	
6347	 0.015048793660418093	 4.386448778920959	
6348	 0.014933937701081031	 4.330793491601911	
6349	 0.01489569335489233	 4.312324714575908	
6350	 0.014823979892797946	 4.277778355321689	
6351	 0.014778743680976956	 4.2560440228038905	
6352	 0.014748927175190583	 4.241742513914247	
6353	 0.014766339289417996	 4.250091908322463	
6354	 0.014792925484451023	 4.262853091056736	
6355	 0.014897092569436504	 4.312999860096481	
6356	 0.014916568734216512	 4.3224018398468855	
6357	 0.015147772437093152	 4.434638300780082	
6358	 0.01511028458184068	 4.416361917237455	
6359	 0.015070859229348815	 4.397173535206684	
6360	 0.015021110346267446	 4.3730083922134595	
6361	 0.014991537439295868	 4.358668830467773	
6362	 0.01496190007721372	 4.344316922323205	
6363	 0.014910823184674073	 4.319627365185699	
6364	 0.014900900815792793	 4.314837619768335	
6365	 0.014897394962064775	 4.313145775390804	
6366	 0.014895298636378335	 4.312134263626141	
6367	 0.014856969965143886	 4.293656781248166	
6368	 0.01481902566681482	 4.27539587326563	
6369	 0.014778453331994533	 4.2559046638722124	
6370	 0.014718528225899906	 4.227181465421264	
6371	 0.014624679940211872	 4.182354750674703	
6372	 0.014509997803902396	 4.127836571804572	
6373	 0.014466679822877056	 4.107318357286988	
6374	 0.014423519796272577	 4.086915654705072	
6375	 0.014379627303758061	 4.066208401033334	
6376	 0.014310254388769988	 4.033566055557831	
6377	 0.01424523133056596	 4.003066090258522	
6378	 0.014186601974182684	 3.9756446263011456	
6379	 0.014152490481489872	 3.959725093109048	
6380	 0.014121859551283993	 3.94545168808758	
6381	 0.01408891571753053	 3.9301235360630544	
6382	 0.014047227935830867	 3.9107612127265328	
6383	 0.014007394795320439	 3.8922960499607444	
6384	 0.01396262183041733	 3.8715827179900715	
6385	 0.013916842942406521	 3.850449750431154	
6386	 0.013871641973780621	 3.8296289887089405	
6387	 0.013827906537331026	 3.809526296614065	
6388	 0.013785054697603182	 3.7898708119182665	
6389	 0.013744197054884761	 3.771167929434845	
6390	 0.013705854539082506	 3.7536500438141718	
6391	 0.013669383169798086	 3.7370173353470193	
6392	 0.013635896070248833	 3.72177162750542	
6393	 0.013626919312180338	 3.7176890072128717	
6394	 0.013577282687308312	 3.6951466919394584	
6395	 0.013525886300833812	 3.6718630142193684	
6396	 0.013497293295301459	 3.6589352598694287	
6397	 0.013575736091790773	 3.694445191690402	
6398	 0.0137265026928598	 3.763079695212929	
6399	 0.014134968574536874	 3.9515577087956664	
6400	 0.014646453462331755	 4.192737858717563	
6401	 0.015015757367761288	 4.370411398313955	
6402	 0.016412145065625577	 5.068574430014336	
6403	 0.016736834877710535	 5.236797763132522	
6404	 0.016713003784115266	 5.224376121805503	
6405	 0.01662188029429764	 5.176988105892406	
6406	 0.016535393913995507	 5.132171479521996	
6407	 0.016446813912022896	 5.086431666174644	
6408	 0.016375996049515548	 5.049981550229637	
6409	 0.01629052835270083	 5.006130885669516	
6410	 0.016208393822555858	 4.964134622483192	
6411	 0.01612951187876863	 4.923934772031338	
6412	 0.016053918630492114	 4.88553368857637	
6413	 0.015982603934478742	 4.849416422319764	
6414	 0.015914621962256154	 4.815086883814396	
6415	 0.015849568350092866	 4.782327513593016	
6416	 0.015787040108571317	 4.750924227101128	
6417	 0.015725428909815528	 4.720062500401543	
6418	 0.015645853863709834	 4.680321635361423	
6419	 0.015511724894340871	 4.6136403811988504	
6420	 0.015354273323726667	 4.535853600338087	
6421	 0.015250425369668372	 4.484838881097975	
6422	 0.015159883050070617	 4.440549015790072	
6423	 0.015121483917481882	 4.421818745631609	
6424	 0.014998772528671232	 4.362175301091769	
6425	 0.014879546978795994	 4.304536864557869	
6426	 0.014767441829684086	 4.250620815543598	
6427	 0.014682210948802761	 4.20981181450096	
6428	 0.014603931881178605	 4.172470238005221	
6429	 0.014526177586462866	 4.135510857313732	
6430	 0.014453861454847027	 4.101254587839505	
6431	 0.014391030733929324	 4.071584175467231	
6432	 0.014338127338008648	 4.04666858993026	
6433	 0.014291249044653188	 4.0246417593944	
6434	 0.014253341458678615	 4.006865202487787	
6435	 0.014216335131390442	 3.989541662220834	
6436	 0.014180110934397252	 3.9726133470399425	
6437	 0.014143317382372596	 3.955448448593607	
6438	 0.014103768361234862	 3.9370312399263434	
6439	 0.014063280315921845	 3.918212378579955	
6440	 0.014024661389752963	 3.900295908752725	
6441	 0.013992093555903102	 3.8852122600614245	
6442	 0.013939475292129442	 3.8608917686688184	
6443	 0.013851460466324492	 3.820347439252116	
6444	 0.013733005423649547	 3.766051338062182	
6445	 0.01365367121971602	 3.729861034569227	
6446	 0.013563004442080357	 3.688672432082545	
6447	 0.013471220661737244	 3.647162944194505	
6448	 0.013382627192804804	 3.607274703311955	
6449	 0.013310405260115073	 3.5748875134525866	
6450	 0.013238841001658229	 3.5429106012100955	
6451	 0.013187952650229465	 3.5202422304634475	
6452	 0.013139067200651132	 3.4985209030871824	
6453	 0.013088093450359663	 3.4759289880299065	
6454	 0.013090611501228703	 3.4770436305533505	
6455	 0.013048171671761378	 3.458276285698033	
6456	 0.013036634361148524	 3.453181389672888	
6457	 0.01307460062545001	 3.4699586783540073	
6458	 0.013054344722821439	 3.461003549336731	
6459	 0.013030224847370491	 3.4503522358706893	
6460	 0.013025864727759849	 3.4484282129956805	
6461	 0.013018080818577204	 3.444994416020613	
6462	 0.01302130964930257	 3.4464186176846985	
6463	 0.013093792177295185	 3.4784517956269028	
6464	 0.013555222327187946	 3.68514565915662	
6465	 0.013739560302054775	 3.7690477610630397	
6466	 0.014018843959323395	 3.8975998766110633	
6467	 0.014122722006441619	 3.9458532929442867	
6468	 0.014354560434987187	 4.054401433718706	
6469	 0.014527043023806835	 4.135921506362932	
6470	 0.014840149895222024	 4.285558186228733	
6471	 0.015406728771696939	 4.561709711654396	
6472	 0.01569544954108074	 4.705074615356708	
6473	 0.016236777028237705	 4.978631255499213	
6474	 0.01729299482249172	 5.530027220734522	
6475	 0.018042316124908996	 5.935136750393653	
6476	 0.018379388479524642	 6.121088786502283	
6477	 0.018845337022038673	 6.381901510930408	
6478	 0.019630156034296995	 6.83098244853871	
6479	 0.020116541892474773	 7.1153968406648405	
6480	 0.02019189200827243	 7.159872270455654	
6481	 0.020055838037075342	 7.0796470408142005	
6482	 0.019867533196383333	 6.96920910844067	
6483	 0.019679774165293217	 6.859783890177263	
6484	 0.019491943199885113	 6.751010942400672	
6485	 0.01931133991563002	 6.647080379534964	
6486	 0.01913726270499241	 6.547516693777481	
6487	 0.018969116626039517	 6.451916840767704	
6488	 0.01880628128419275	 6.359873281199637	
6489	 0.018645197302901588	 6.2693409496142705	
6490	 0.018466132339161362	 6.169313255597362	
6491	 0.01826951804006105	 6.060224799188466	
6492	 0.01805862087884271	 5.944078700266768	
6493	 0.017904212020201083	 5.859613039839119	
6494	 0.01774669673982885	 5.7739470477309345	
6495	 0.017583741858695774	 5.685854591359883	
6496	 0.017423385737800196	 5.599696674124594	
6497	 0.01726927444778641	 5.517390665314781	
6498	 0.01712560363601497	 5.441100284329641	
6499	 0.01700249187733215	 5.376065401184988	
6500	 0.016886465413891466	 5.315060039472685	
6501	 0.01677615445973291	 5.2573183598332935	
6502	 0.016670661989967264	 5.202335141042899	
6503	 0.016568714646942758	 5.149419587558015	
6504	 0.016469980929635836	 5.098378536519755	
6505	 0.01637402532717126	 5.048968714916249	
6506	 0.016280892393292737	 5.001196590811377	
6507	 0.016191124423892665	 4.95532260706595	
6508	 0.01610103111807885	 4.9094525348413836	
6509	 0.016014562339997224	 4.865588473299981	
6510	 0.015930810269100447	 4.8232528051375265	
6511	 0.01584866013393062	 4.781870791987885	
6512	 0.015769130586900798	 4.741944857488821	
6513	 0.01569542708511322	 4.705063395867893	
6514	 0.015611915579743807	 4.663413300054776	
6515	 0.015495156084331243	 4.6054298919379	
6516	 0.015353886615989838	 4.535663204379286	
6517	 0.015254680621348604	 4.486924712875281	
6518	 0.015140886965465438	 4.431279176574377	
6519	 0.015021353365693763	 4.373126307566959	
6520	 0.014896854094192731	 4.312884788626455	
6521	 0.014776132795528984	 4.2547909405321835	
6522	 0.014666440978683337	 4.202278340276823	
6523	 0.01458529663189257	 4.163600258554955	
6524	 0.01451156215272358	 4.128578314201787	
6525	 0.014440110212321798	 4.094753503969839	
6526	 0.014373713318554414	 4.063421564844131	
6527	 0.01431173541773986	 4.0342618310138	
6528	 0.014254632013587043	 4.0074698835770155	
6529	 0.014202468309426333	 3.9830580087212493	
6530	 0.01415582392935671	 3.9612796573611195	
6531	 0.014114234206009256	 3.9419016343687927	
6532	 0.014071534156728984	 3.922045840261844	
6533	 0.014033767681615827	 3.9045176291606656	
6534	 0.01399925694997512	 3.888527948739149	
6535	 0.013965868042712729	 3.873083027595066	
6536	 0.01393351249959309	 3.8581395830744283	
6537	 0.013904899336155874	 3.8449438203450494	
6538	 0.01385586715878521	 3.8223733244812124	
6539	 0.01377070562706911	 3.783298204373938	
6540	 0.013655355992782548	 3.730628133246092	
6541	 0.013591826123987048	 3.7017458668227436	
6542	 0.013518243165862703	 3.6684055380055076	
6543	 0.013432513069466271	 3.6297136915415935	
6544	 0.013346514904577153	 3.59106591087024	
6545	 0.013261517983847714	 3.553030870942004	
6546	 0.013182766889925982	 3.517935486316114	
6547	 0.013127156964510358	 3.49323696400213	
6548	 0.013081891380262885	 3.4731841841481073	
6549	 0.013042306258155865	 3.455685733582284	
6550	 0.013006918727269612	 3.4400727547089187	
6551	 0.01297700226482825	 3.4268956799360035	
6552	 0.012953510281948816	 3.416562529969654	
6553	 0.012935984163054942	 3.4088616480917446	
6554	 0.012924683058559497	 3.403899690587049	
6555	 0.01291832153647045	 3.4011078193943867	
6556	 0.012913606264626327	 3.3990390268150636	
6557	 0.012910174379451845	 3.3975336277794512	
6558	 0.01290603431516724	 3.395717940453061	
6559	 0.012900760937208655	 3.3934057836374674	
6560	 0.012894348490118822	 3.390595041231926	
6561	 0.01288385224536866	 3.385996274831916	
6562	 0.01283201079650822	 3.363319386027173	
6563	 0.012735818074008937	 3.3214036697581713	
6564	 0.012601987099717648	 3.263437511033442	
6565	 0.012516762985554129	 3.2267374604269197	
6566	 0.012417625605063244	 3.184255097003446	
6567	 0.012311766573980318	 3.1391413481999138	
6568	 0.012222478864191186	 3.1012902100054633	
6569	 0.01213466297703986	 3.0642423804477836	
6570	 0.01205732663087579	 3.0317633133962807	
6571	 0.012010091685402704	 3.0119941315371106	
6572	 0.011966381358592501	 2.9937462185418764	
6573	 0.01192724690369853	 2.9774462668739483	
6574	 0.011893885214202414	 2.9635788595511965	
6575	 0.011871292830856355	 2.9542026259693968	
6576	 0.011861455592434253	 2.950123715049277	
6577	 0.011859948689573657	 2.949499092215137	
6578	 0.011864867598373864	 2.9515382132800903	
6579	 0.011874512397151139	 2.9555380759983594	
6580	 0.011884422259239828	 2.959650121569918	
6581	 0.01189522835765935	 2.964136661777129	
6582	 0.011905740296886314	 2.9685036792444013	
6583	 0.011916188123466027	 2.9728466099327204	
6584	 0.01192774099167811	 2.977651838304345	
6585	 0.011942589248251092	 2.983832288028428	
6586	 0.011948519042000756	 2.986301942074323	
6587	 0.011907716611197446	 2.9693249946728106	
6588	 0.011833636939381312	 2.9386011982199225	
6589	 0.011794591352800563	 2.922458913035147	
6590	 0.011737557521329132	 2.898943866230867	
6591	 0.011677873739657405	 2.874417680939668	
6592	 0.011618063694538956	 2.849923298896791	
6593	 0.01155855342694178	 2.825634977723424	
6594	 0.011518386561059466	 2.8092884425346893	
6595	 0.011584597204611281	 2.8362541650669706	
6596	 0.011562206572393817	 2.8271235640886343	
6597	 0.011540302827898401	 2.8182029081381472	
6598	 0.011521694419089436	 2.810633193500083	
6599	 0.011509985631710322	 2.8058743510104467	
6600	 0.011506574881614157	 2.804488714922715	
6601	 0.011509661942742696	 2.8057428388193353	
6602	 0.01151729227855025	 2.8088436380710817	
6603	 0.011528205560393624	 2.8132809344064413	
6604	 0.011540921588088358	 2.818454753483747	
6605	 0.01155638329587557	 2.824750839623943	
6606	 0.011572954196185379	 2.831504831920677	
6607	 0.011590869524629906	 2.8388140446449173	
6608	 0.011609676033768768	 2.846494954111765	
6609	 0.011626417338607874	 2.85333938024091	
6610	 0.011630428528678726	 2.854980270184317	
6611	 0.011625416502026885	 2.8529300187551043	
6612	 0.011619623393550129	 2.8505609871232966	
6613	 0.011631742121610028	 2.855517714280801	
6614	 0.011646851527057528	 2.861702493445221	
6615	 0.011662926702136566	 2.868288469300646	
6616	 0.011676081321757391	 2.8736824023814003	
6617	 0.011691350399727119	 2.879948432287323	
6618	 0.011713092516427333	 2.8888802465490184	
6619	 0.011739971403349108	 2.899937569301182	
6620	 0.011767706730294985	 2.911364916609811	
6621	 0.01179551163754944	 2.922838969203265	
6622	 0.011821149243513488	 2.9334346479148903	
6623	 0.01184622397249082	 2.943812526966116	
6624	 0.011870883270928122	 2.9540327611368498	
6625	 0.011896386080931277	 2.964617493421061	
6626	 0.011921605052164769	 2.9750993071317575	
6627	 0.01194532984997025	 2.984973598515341	
6628	 0.01193607367621097	 2.981119610171996	
6629	 0.0119066043981535	 2.9688627707110933	
6630	 0.011876215364183871	 2.956244550552753	
6631	 0.011844036351793328	 2.9429065352055517	
6632	 0.011814995987529053	 2.93089019110179	
6633	 0.011772676170408253	 2.9134142949640633	
6634	 0.011719168822357389	 2.8913784133616516	
6635	 0.011660200762790172	 2.8671712295451224	
6636	 0.011591426857782448	 2.8390415499435675	
6637	 0.01154348100712718	 2.819496573806826	
6638	 0.011494544072944646	 2.7996033186785083	
6639	 0.011441997415800683	 2.7783054587658143	
6640	 0.011378075838913447	 2.752484974741911	
6641	 0.011314326274747566	 2.7268301092089273	
6642	 0.01125491512178098	 2.7030077457662682	
6643	 0.011223736448416385	 2.6905393635359522	
6644	 0.011202221965762352	 2.681949151114715	
6645	 0.011180497304772297	 2.6732861728009887	
6646	 0.011156703731273584	 2.6638110577500345	
6647	 0.011130389191135952	 2.6533477167117203	
6648	 0.011105493715857619	 2.6434638019888994	
6649	 0.0110869440416835	 2.63610887074451	
6650	 0.01107580771527645	 2.631697264547648	
6651	 0.01107317436397183	 2.630654506259302	
6652	 0.011073115964282176	 2.6306313829386805	
6653	 0.01108212002406427	 2.634197494755495	
6654	 0.011098198948130552	 2.6405704544212822	
6655	 0.011176303601256312	 2.671615172613939	
6656	 0.011201711756549123	 2.6817455703137645	
6657	 0.011211911263591869	 2.6858164933340523	
6658	 0.011213692292731475	 2.686527607703256	
6659	 0.011211828897578742	 2.6857836087452682	
6660	 0.011194265136977776	 2.678774965763435	
6661	 0.011197500570216847	 2.680065482593126	
6662	 0.011196816922637527	 2.6797927754563897	
6663	 0.011195353899377215	 2.6792092125224993	
6664	 0.01118466387367015	 2.6749467749329083	
6665	 0.011179646622213067	 2.6729471806875855	
6666	 0.011184789631418801	 2.6749969025822145	
6667	 0.01120009588848601	 2.681100856549356	
6668	 0.01121727419794983	 2.687957988758618	
6669	 0.011235584169256786	 2.6952745623765795	
6670	 0.0112524261948246	 2.702011574635585	
6671	 0.0112691420417344	 2.7087047642866624	
6672	 0.0112868772032579	 2.7158133375706304	
6673	 0.011305612663196258	 2.7233309410459685	
6674	 0.011328255375775836	 2.7324274194580096	
6675	 0.01135029012167824	 2.741291298730802	
6676	 0.011371116928067337	 2.749679814979298	
6677	 0.011393266822300036	 2.758612484005382	
6678	 0.011414634840536984	 2.7672408148352248	
6679	 0.01143709530489122	 2.7763218866242454	
6680	 0.011461408834261444	 2.786165587286308	
6681	 0.011485023825373886	 2.7957398106951965	
6682	 0.011507181797309179	 2.804735257755914	
6683	 0.011525330898418826	 2.812111836657804	
6684	 0.011541808983600342	 2.8188159534369066	
6685	 0.01155998609532172	 2.8262187250994106	
6686	 0.01157810455289544	 2.8336053360939837	
6687	 0.011597569003366778	 2.84154927779196	
6688	 0.011622637743031185	 2.8517935758435695	
6689	 0.011644832122132503	 2.8608755743857115	
6690	 0.011665237006374254	 2.8692354952516044	
6691	 0.011687011040660706	 2.878167117653656	
6692	 0.011711849143879913	 2.8883691621525553	
6693	 0.011738631431328863	 2.899385937156606	
6694	 0.011763402276757646	 2.909590242459604	
6695	 0.011786597880273848	 2.919158626687253	
6696	 0.011808505893320952	 2.92820740414253	
6697	 0.011829342411105238	 2.9368240073026355	
6698	 0.011849232796720526	 2.945058798120668	
6699	 0.011867670833514947	 2.952700539388012	
6700	 0.011880648973364459	 2.9580841466862693	
6701	 0.011891115738555608	 2.9624288397055927	
6702	 0.011897094266746176	 2.9649116362110934	
6703	 0.01189869698930065	 2.965577365173676	
6704	 0.011896087759561639	 2.9644935900562923	
6705	 0.011889124749219626	 2.9616021952362304	
6706	 0.011859995859742373	 2.9495186438110026	
6707	 0.011812884279640381	 2.9300171741320487	
6708	 0.011749138101931456	 2.9037123899289012	
6709	 0.011720190629166346	 2.89179859617789	
6710	 0.011685619191647852	 2.877595854534172	
6711	 0.01165135004167928	 2.863544918102549	
6712	 0.011620494016040357	 2.8509169688971436	
6713	 0.011592380160439342	 2.8394307082528676	
6714	 0.011572562765547875	 2.8313452176414278	
6715	 0.011569800655316907	 2.8302190099690905	
6716	 0.011568608562429035	 2.8297330079228744	
6717	 0.011565330896779923	 2.8283969148421035	
6718	 0.011562139022666795	 2.8270960360310338	
6719	 0.011559476198558018	 2.8260109597697394	
6720	 0.011558901883379883	 2.825776953476169	
6721	 0.011560548701700219	 2.8264479748671842	
6722	 0.011563748823536406	 2.8277520958455162	
6723	 0.011568371234920364	 2.8296362563142794	
6724	 0.011574756981951097	 2.832240003132928	
6725	 0.011583054667538414	 2.835624761366347	
6726	 0.011593787722050131	 2.840005343683548	
6727	 0.011606307019404592	 2.8451183789888317	
6728	 0.011652584719670475	 2.8640506793461116	
6729	 0.011673502853352363	 2.872624805283713	
6730	 0.011677770000340818	 2.8743751233574875	
6731	 0.011656107176564597	 2.865493779999844	
6732	 0.01161061236879781	 2.8468775867507903	
6733	 0.0115905863022314	 2.838698435088014	
6734	 0.01154673583663272	 2.82082168580845	
6735	 0.011501390768456032	 2.802383164620827	
6736	 0.011516782986485289	 2.808636630402945	
6737	 0.011482861379118314	 2.7948625439553503	
6738	 0.012041086668946611	 3.02496058757139	
6739	 0.012130534597374681	 3.062505081646022	
6740	 0.012339345443695502	 3.1508697757385846	
6741	 0.01275964524567145	 3.331766699738358	
6742	 0.013608329394346736	 3.7092400321385224	
6743	 0.0146875847762154	 4.212380179051132	
6744	 0.015436404429101812	 4.576363334040748	
6745	 0.015981201131351954	 4.8487070492290485	
6746	 0.01661718145429494	 5.17454919744977	
6747	 0.017771145460108034	 5.787210589484543	
6748	 0.01803648092693361	 5.931937885017894	
6749	 0.018134612892299118	 5.985825687756006	
6750	 0.018101817421443442	 5.967794826753996	
6751	 0.018015806657531164	 5.9206097681838195	
6752	 0.0178883456172431	 5.85096111706193	
6753	 0.017761964908300707	 5.782228671154885	
6754	 0.017639125641450037	 5.715733957753955	
6755	 0.017524759397271335	 5.6541026676110775	
6756	 0.01741127740745858	 5.593212355628998	
6757	 0.01731137897724051	 5.539828964115705	
6758	 0.017214622509481196	 5.488319969694292	
6759	 0.017123119840187023	 5.4397851064723515	
6760	 0.017024962509497935	 5.3879123703945675	
6761	 0.01693310187337682	 5.339547471426083	
6762	 0.016841843384508243	 5.291672492697275	
6763	 0.016748842153449028	 5.243060865938865	
6764	 0.01665855948229066	 5.196042043259384	
6765	 0.016570983744229394	 5.150595002353963	
6766	 0.016486066429661547	 5.10668017168195	
6767	 0.016403556444801397	 5.0641544847328195	
6768	 0.016323114026115776	 5.022831478587512	
6769	 0.01625767871516166	 4.989317534590711	
6770	 0.016180057589785815	 4.949678852674332	
6771	 0.01610233267464757	 4.910113993759524	
6772	 0.016024851371692603	 4.870799658959753	
6773	 0.01594712750361036	 4.831489361965462	
6774	 0.015867459339004627	 4.791328048725815	
6775	 0.015785751346762016	 4.750277848484131	
6776	 0.01570433547676858	 4.709515061598568	
6777	 0.015624512233335951	 4.669686200972956	
6778	 0.015533432980542192	 4.624406432556903	
6779	 0.015431939101068907	 4.574157186327818	
6780	 0.015326948580037856	 4.52240810351478	
6781	 0.015251461045797608	 4.485346511279314	
6782	 0.015164373591971357	 4.442741473361277	
6783	 0.015066866394337516	 4.395232080109974	
6784	 0.014963980950623266	 4.3453239682867055	
6785	 0.014867349535008177	 4.298657429466045	
6786	 0.01479844814076229	 4.265505845816273	
6787	 0.01514899630295886	 4.4352354786416575	
6788	 0.015096488351681299	 4.409643468866585	
6789	 0.015092485218178613	 4.407694800324827	
6790	 0.015025681329579248	 4.375226490102123	
6791	 0.01496041826135644	 4.343599849274558	
6792	 0.014897360290760721	 4.313129045142218	
6793	 0.014837229208235393	 4.284152545343018	
6794	 0.01477973948896125	 4.2565219950751665	
6795	 0.014723268757673982	 4.229450854391205	
6796	 0.014679182366802308	 4.208364611526763	
6797	 0.014630448044460759	 4.185104375484151	
6798	 0.01457618038177471	 4.159263869451714	
6799	 0.014522322977178145	 4.133682047633513	
6800	 0.014469704598293394	 4.108749759377842	
6801	 0.014423428353179812	 4.086872470676157	
6802	 0.014381579305827034	 4.0671284070707046	
6803	 0.014322520175744221	 4.039329870651655	
6804	 0.01424791919285116	 4.004325034022019	
6805	 0.01421915900155967	 3.9908625246310647	
6806	 0.014203658542105455	 3.98361435546946	
6807	 0.014179891298634001	 3.9725107945442035	
6808	 0.014151770578865843	 3.959389396227784	
6809	 0.014132456113060549	 3.950387142784665	
6810	 0.014354443967322118	 4.054346607310834	
6811	 0.014497844629726364	 4.122075910520468	
6812	 0.014475478083801011	 4.1114824760837045	
6813	 0.014427441504303508	 4.088767854301388	
6814	 0.014373018049574447	 4.063093984750326	
6815	 0.014418710339466814	 4.084644634895116	
6816	 0.014494472485088075	 4.1204780685891285	
6817	 0.014470712222666925	 4.109226637634527	
6818	 0.014421648203759898	 4.086031830923192	
6819	 0.014380311594568635	 4.0665309074424165	
6820	 0.014340856993173935	 4.047952661705419	
6821	 0.014306159749096046	 4.0316426767180955	
6822	 0.014272057953825487	 4.015638267431437	
6823	 0.014232344484709272	 3.9970323356410384	
6824	 0.01419327719848783	 3.978762883211068	
6825	 0.014161546503152097	 3.9639489673912163	
6826	 0.014136156425030208	 3.9521111814632004	
6827	 0.014093135740015656	 3.932085700963892	
6828	 0.014042653182257354	 3.9086387504768854	
6829	 0.014025616903949044	 3.9007388039074464	
6830	 0.013983462011074874	 3.8812185180084118	
6831	 0.013918627169345239	 3.8512725387832285	
6832	 0.013849554743363319	 3.819471455818747	
6833	 0.013784341665125587	 3.7895440988654245	
6834	 0.013740792160408606	 3.7696109852644626	
6835	 0.013684767268243617	 3.7440296253471397	
6836	 0.013633293851636303	 3.720587956692187	
6837	 0.013592201825786323	 3.7019164062562946	
6838	 0.013562228071845622	 3.6883205286318352	
6839	 0.01353488192154099	 3.6759339746760893	
6840	 0.01350439085642381	 3.6621425780387034	
6841	 0.01347507268218783	 3.648901253046952	
6842	 0.013450786214407416	 3.63794699277601	
6843	 0.013430285315434574	 3.628710446375831	
6844	 0.013412364772102663	 3.620644157678942	
6845	 0.013394247151791334	 3.6124964626055878	
6846	 0.013374789367988204	 3.603754260125629	
6847	 0.013357270420286688	 3.5958904087974384	
6848	 0.013380973759668152	 3.606531931632002	
6849	 0.013421822875371725	 3.6249004882821114	
6850	 0.013432606457805602	 3.629755750402522	
6851	 0.013369953402963838	 3.6015828204440874	
6852	 0.013296184171277802	 3.568523985062664	
6853	 0.013245735241353267	 3.5459861366256953	
6854	 0.01317892030135327	 3.516224826945067	
6855	 0.013096911508093423	 3.479833023117408	
6856	 0.013035805701377355	 3.452815567765329	
6857	 0.01309600685859242	 3.4794324252711606	
6858	 0.014598316515158473	 4.1697966492945415	
6859	 0.014521849629084352	 4.13345749112814	
6860	 0.01453254232167214	 4.138531298114234	
6861	 0.014438305168756023	 4.093900451790789	
6862	 0.014334445826324732	 4.04493700831916	
6863	 0.014235327072749927	 3.998428490435792	
6864	 0.014139251015199961	 3.953553235025511	
6865	 0.014044551012399396	 3.9095191950416823	
6866	 0.013949981395775782	 3.8657428741407274	
6867	 0.013856723082971728	 3.8227668676529256	
6868	 0.013766238808489813	 3.7812531046907614	
6869	 0.01368101590446988	 3.7423192158337715	
6870	 0.01360174721175079	 3.7062503241602567	
6871	 0.01354633635071657	 3.681120278033234	
6872	 0.013495129256939391	 3.6579575758115794	
6873	 0.01342216303489314	 3.625053603950943	
6874	 0.013328676129343768	 3.583069856822939	
6875	 0.013236111113549066	 3.541693087188976	
6876	 0.013158654174793245	 3.5072175483735295	
6877	 0.01314410593617127	 3.500757283924492	
6878	 0.013134483974292894	 3.496487190889898	
6879	 0.013109276702530833	 3.4853104407130684	
6880	 0.013074349822687872	 3.469847741930876	
6881	 0.013039882808607337	 3.4546156057048307	
6882	 0.01301042941806342	 3.4416204077361456	
6883	 0.012991066251933144	 3.433087816932239	
6884	 0.012973646250502362	 3.4254187441328288	
6885	 0.013089929459286305	 3.4767417031752217	
6886	 0.01307516389527052	 3.470207832053553	
6887	 0.013089215570863573	 3.4764256891817156	
6888	 0.013078619483040864	 3.4717365145001935	
6889	 0.013070119561214951	 3.4679768037606618	
6890	 0.013064341912628074	 3.465422147364921	
6891	 0.013061647877872595	 3.46423120512649	
6892	 0.013056758402558676	 3.462070150681523	
6893	 0.013052721356516035	 3.4602862602187274	
6894	 0.013050329082188011	 3.459229335251415	
6895	 0.013152342294422702	 3.504414121116882	
6896	 0.013258352905725414	 3.551617668519645	
6897	 0.0133594323409508	 3.596860473407249	
6898	 0.013455518999458418	 3.640080652497216	
6899	 0.013504579874879073	 3.662228008988533	
6900	 0.01348543489519421	 3.653579073607166	
6901	 0.013472336694067045	 3.6476665442100025	
6902	 0.013453689196696065	 3.639255671597225	
6903	 0.013428938588142193	 3.628104015967125	
6904	 0.013417107091986817	 3.6227780439187938	
6905	 0.013407754990933593	 3.6185703915027583	
6906	 0.013428070857262109	 3.627713298803003	
6907	 0.01342864089736678	 3.627969971479312	
6908	 0.013460637063742306	 3.6423885690223354	
6909	 0.013511619546234125	 3.6654103072999864	
6910	 0.013540224695212577	 3.6783526963484072	
6911	 0.013560168149446019	 3.6873868976966904	
6912	 0.013546580337088911	 3.6812307812905667	
6913	 0.01355431387535133	 3.6847340462651537	
6914	 0.013658750990458522	 3.7321741106939372	
6915	 0.013958996597537032	 3.8699075103780647	
6916	 0.014236725655741824	 3.9990832368035076	
6917	 0.015053748972336984	 4.388856348159675	
6918	 0.015990616137839204	 4.853468849471404	
6919	 0.016439069577219616	 5.08244053381303	
6920	 0.016472323807640465	 5.099587346390932	
6921	 0.01646658707204343	 5.096627676147782	
6922	 0.0164734207124576	 5.10015333474756	
6923	 0.016713017837685522	 5.2243834435650935	
6924	 0.01672351736957663	 5.229854734178303	
6925	 0.017451651334086507	 5.614845312403357	
6926	 0.019117985714377218	 6.536528180970802	
6927	 0.020386401192840665	 7.275193145729195	
6928	 0.020237210347488502	 7.186674794895578	
6929	 0.02002543417966429	 7.061768639607817	
6930	 0.019823691112935093	 6.9435961449323695	
6931	 0.0196364192144284	 6.834615313494652	
6932	 0.019459621687774178	 6.73236372924492	
6933	 0.019289980852438618	 6.634831698994476	
6934	 0.01912546510473599	 6.5407908006349835	
6935	 0.018964217260767285	 6.449139732375678	
6936	 0.018807169777313632	 6.360374070675449	
6937	 0.018653051127245978	 6.273742906761626	
6938	 0.018500844571946944	 6.188653598153803	
6939	 0.018351054970195842	 6.10536983854785	
6940	 0.018201027975688348	 6.02240713535126	
6941	 0.018054403434735404	 5.941765228281499	
6942	 0.017912436614364813	 5.864099909389194	
6943	 0.017774143047444332	 5.788837631907676	
6944	 0.01763916249580742	 5.715753861409515	
6945	 0.017561440780900123	 5.673840930023089	
6946	 0.017482598484375528	 5.631449868443658	
6947	 0.017364315838958345	 5.568091682919931	
6948	 0.017269476996851378	 5.5174985203275355	
6949	 0.01715902401734813	 5.458808848367516	
6950	 0.017046548759993865	 5.399302897106076	
6951	 0.01693096954592579	 5.338426866962641	
6952	 0.01681600782884365	 5.278150281214686	
6953	 0.016713765625624707	 5.224773038992294	
6954	 0.016619634857841653	 5.175822566438888	
6955	 0.016527746392734955	 5.128216091493957	
6956	 0.016433552465140944	 5.079597990836072	
6957	 0.01633728754709201	 5.030102539179168	
6958	 0.01624150764072289	 4.981049044690998	
6959	 0.016148421773285144	 4.933559724339866	
6960	 0.016058643079186783	 4.887930166543357	
6961	 0.015972595021680618	 4.844355998123293	
6962	 0.015889221879611774	 4.802285393552814	
6963	 0.01580717171364981	 4.761025801851266	
6964	 0.015727382164679195	 4.7210396721319725	
6965	 0.01571876453201696	 4.716729063412091	
6966	 0.015734710963955508	 4.724706835325211	
6967	 0.015753341802627576	 4.734034407218267	
6968	 0.0157716086207434	 4.74318687431835	
6969	 0.015795051474564104	 4.75494311753636	
6970	 0.01579442081034359	 4.754626696431535	
6971	 0.015720853550366946	 4.717773862452583	
6972	 0.015655651650414083	 4.685207526645078	
6973	 0.015615949908320282	 4.665421954061407	
6974	 0.01555140236489068	 4.633325879146254	
6975	 0.015477175445946982	 4.596526406826291	
6976	 0.015477999842161382	 4.596934472912858	
6977	 0.01539642599805301	 4.556626674420645	
6978	 0.015324705414408097	 4.521305033817772	
6979	 0.015363863565415416	 4.540576388515342	
6980	 0.015498820312102224	 4.607245155385764	
6981	 0.015472800679341158	 4.5943611931111406	
6982	 0.015472732417938872	 4.594327411565172	
6983	 0.01570392408690376	 4.709309446419919	
6984	 0.015815535454254688	 4.765225056909443	
6985	 0.01610351702783336	 4.910715920184578	
6986	 0.016159823166375504	 4.939366555040332	
6987	 0.016321354544601964	 5.021929152640488	
6988	 0.016312425260786547	 5.0173508916394	
6989	 0.016317744078192482	 5.020077777552931	
6990	 0.01650158286603343	 5.114693234787228	
6991	 0.01654429826829032	 5.136778453291455	
6992	 0.016554325592305297	 5.141968413259136	
6993	 0.01657595914033207	 5.1531726822461374	
6994	 0.01653931357711967	 5.134199248245097	
6995	 0.016443331519863578	 5.084636820107121	
6996	 0.01636579060526202	 5.044737431708134	
6997	 0.01629146770360691	 5.006612004090711	
6998	 0.01621514045405978	 4.967578911289179	
6999	 0.01614487606175841	 4.9317544189995415	
7000	 0.0160780787678178	 4.89779386935415	
7001	 0.016009744832127935	 4.863149270386706	
7002	 0.01605089667148273	 4.884001045519843	
7003	 0.016694535290927612	 5.214757781963231	
7004	 0.018672951399000253	 6.284902259163681	
7005	 0.019491515635383837	 6.7507641334591915	
7006	 0.019613822061865467	 6.821511804774546	
7007	 0.019660978106483356	 6.848867788619118	
7008	 0.019597098939831147	 6.811820973012292	
7009	 0.019495424390778667	 6.753020572451754	
7010	 0.019353154998490763	 6.671086031545538	
7011	 0.019171337002323513	 6.566958207825992	
7012	 0.018976336835629975	 6.456010345573591	
7013	 0.018787982772031524	 6.349563031833835	
7014	 0.018606398264832336	 6.247612777323271	
7015	 0.018431389162834728	 6.149979926738243	
7016	 0.018263093637149928	 6.0566734591918365	
7017	 0.018101754993385743	 5.967760524727591	
7018	 0.017930945913654125	 5.874202551482835	
7019	 0.017751781627394204	 5.7767046196524445	
7020	 0.017598884403750313	 5.694017721319161	
7021	 0.01753446399995176	 5.659322040057605	
7022	 0.017401381769401723	 5.587915221918958	
7023	 0.0172794381410206	 5.522803753828516	
7024	 0.017145933856941235	 5.451869981385589	
7025	 0.017023303582324824	 5.387037394026229	
7026	 0.01691985857075087	 5.332589226057554	
7027	 0.016819396721421288	 5.279923223406461	
7028	 0.016722840057448066	 5.229501718706876	
7029	 0.01662737673564123	 5.179841588500437	
7030	 0.016533777175745737	 5.1313351817847686	
7031	 0.016442555592457667	 5.084236936928977	
7032	 0.01634245704363068	 5.0327555540646	
7033	 0.01624093959834287	 4.980758696648766	
7034	 0.01614045743711039	 4.929505038300798	
7035	 0.016041660567532402	 4.879317975014518	
7036	 0.015944511854666173	 4.8301686654847975	
7037	 0.01585080222018663	 4.782948027233998	
7038	 0.015760515129817538	 4.737627711663729	
7039	 0.015673685900776533	 4.69420604968534	
7040	 0.015590002365477537	 4.652508962842466	
7041	 0.015511677282472252	 4.613616779287346	
7042	 0.015421876231132791	 4.56918706743996	
7043	 0.015328197071876163	 4.523022092103099	
7044	 0.015279056857790168	 4.498880888639985	
7045	 0.015248455761159966	 4.48387355321154	
7046	 0.015157193467085935	 4.439236063845156	
7047	 0.015056940728536451	 4.390407362625936	
7048	 0.014965331348135817	 4.345977547839803	
7049	 0.014867768022176866	 4.298859096195699	
7050	 0.014789490068335137	 4.261203255066731	
7051	 0.014715008123624822	 4.225496636093126	
7052	 0.014646586294396627	 4.192801233753746	
7053	 0.014617502503892916	 4.1789343141312925	
7054	 0.01470805228873533	 4.2221681493733065	
7055	 0.015503106968919012	 4.609369134198781	
7056	 0.017529771549862072	 5.65679808521204	
7057	 0.02075535675083117	 7.495959894740713	
7058	 0.024883253700178062	 10.141967062576693	
7059	 0.029350125006660583	 13.354475699498046	
7060	 0.03231254089544849	 15.675765814909642	
7061	 0.03496832878991977	 17.881407958149907	
7062	 0.03682115301521966	 19.48823717391687	
7063	 0.03690927072937344	 19.566028890594836	
7064	 0.03627198150771307	 19.006218553234344	
7065	 0.035570305901699295	 18.397391492400356	
7066	 0.034860265270724555	 17.789403910136908	
7067	 0.034148343237882	 17.18803832418146	
7068	 0.033470087969323374	 16.62283164269698	
7069	 0.03281953219151136	 16.08783341255172	
7070	 0.03219407226633252	 15.580095220680011	
7071	 0.031591184113287034	 15.096864519004173	
7072	 0.03100648105585905	 14.634044942752752	
7073	 0.030443633226536187	 14.193986411266284	
7074	 0.029909219584710944	 13.78114763756302	
7075	 0.029395985821443784	 13.389272034699852	
7076	 0.028902138926462633	 13.016480050204756	
7077	 0.028432373754602308	 12.665785119427339	
7078	 0.027983076169546768	 12.333963939017895	
7079	 0.0275485829015947	 12.016436323459587	
7080	 0.027127395861107073	 11.711802988232183	
7081	 0.026719630190279797	 11.419865485478445	
7082	 0.026386373279832568	 11.183465953452542	
7083	 0.026115713160103228	 10.992928413788379	
7084	 0.025862807804559646	 10.816075347981732	
7085	 0.025633542672993892	 10.656746532615907	
7086	 0.025410677915365627	 10.502773565870237	
7087	 0.025187185569090022	 10.349268470370733	
7088	 0.02495955789597793	 10.193853725414497	
7089	 0.024741240829924308	 10.045680878986921	
7090	 0.02451689795601767	 9.894323727234326	
7091	 0.024250441395276934	 9.715749965109726	
7092	 0.023950413367273892	 9.516237500613792	
7093	 0.023644360456386272	 9.314428268435599	
7094	 0.02333968615948368	 9.115250395790893	
7095	 0.023040971062604537	 8.92164381892215	
7096	 0.022746555978757584	 8.732454541085222	
7097	 0.022462499207375492	 8.551462087325831	
7098	 0.022194661079217463	 8.382195374406743	
7099	 0.021937483155408256	 8.220941993826864	
7100	 0.021689571712451432	 8.066687087297186	
7101	 0.02144897948009823	 7.918105905807887	
7102	 0.021217648493650976	 7.776287950304742	
7103	 0.020996031997402284	 7.641388724870022	
7104	 0.020749033636852085	 7.4921542109069135	
7105	 0.020494614554563906	 7.339669563009891	
7106	 0.020252833277649394	 7.195923912917484	
7107	 0.020006594550044388	 7.050699434728416	
7108	 0.01976521565987	 6.909492962978189	
7109	 0.019523969750464536	 6.769508327553483	
7110	 0.019284081042651988	 6.631449956038617	
7111	 0.019059844070828065	 6.50343028187163	
7112	 0.018848407380207908	 6.383634546848662	
7113	 0.018638260628654982	 6.265454069979208	
7114	 0.018413092046309434	 6.139807998609573	
7115	 0.018187244010174224	 6.01480759253468	
7116	 0.017988449836364846	 5.905633376519867	
7117	 0.017843508627236552	 5.826539235003962	
7118	 0.01770894953437612	 5.753492931170752	
7119	 0.0175834147956115	 5.685678328003994	
7120	 0.01739780895772204	 5.586003189621414	
7121	 0.017219089173502514	 5.490693591453187	
7122	 0.01705578820678467	 5.404181263301852	
7123	 0.01691962116663246	 5.332464523210331	
7124	 0.016793096738382453	 5.266170302409983	
7125	 0.01666755605132258	 5.200719815242477	
7126	 0.01654522427573462	 5.137257649986702	
7127	 0.016429735485141008	 5.077631767280362	
7128	 0.01632168543001795	 5.022098837734267	
7129	 0.01621869918423684	 4.969396098367944	
7130	 0.016119180690281478	 4.918679473873191	
7131	 0.01602357407423268	 4.870152612424777	
7132	 0.015932147496416714	 4.823927594613391	
7133	 0.01584328622700562	 4.779168731394725	
7134	 0.0157568083126378	 4.735770735246206	
7135	 0.015672548899596926	 4.693638517922381	
7136	 0.015591079953484632	 4.653044947727134	
7137	 0.015514882673514632	 4.615205847128646	
7138	 0.015441731788802041	 4.578995935244816	
7139	 0.015360619902919611	 4.5389788019909085	
7140	 0.015290120952575394	 4.5043118585104285	
7141	 0.015220562904463922	 4.470211867320792	
7142	 0.0151522600395581	 4.436828156200933	
7143	 0.015085689663007452	 4.404387609470015	
7144	 0.015020022799483657	 4.372480719677342	
7145	 0.014962475515071644	 4.344595398147308	
7146	 0.014914468955988126	 4.321387793033346	
7147	 0.0148681035318841	 4.299020779263369	
7148	 0.014823371760317687	 4.277485876468035	
7149	 0.01477959026577612	 4.256450368910569	
7150	 0.014736879472978933	 4.235969287813892	
7151	 0.01469544463951698	 4.216137846772155	
7152	 0.014645839848902284	 4.1924451047601226	
7153	 0.014595288708856742	 4.168355334277892	
7154	 0.01454655736161551	 4.145185367258296	
7155	 0.014499687641406883	 4.1229492996529205	
7156	 0.014457819389392364	 4.103126518843192	
7157	 0.014419846881501023	 4.085181263135888	
7158	 0.014379985241892209	 4.066377096078266	
7159	 0.01433737573790393	 4.046315054293012	
7160	 0.01429401984871251	 4.025942347183249	
7161	 0.01425409649210232	 4.007218964046088	
7162	 0.014213078885258133	 3.98801877351497	
7163	 0.014152598248206073	 3.959775346649703	
7164	 0.014104084589025099	 3.937178364671317	
7165	 0.01405264412750061	 3.913274656967652	
7166	 0.0139900671620866	 3.8842745173764253	
7167	 0.013912656590001411	 3.8485195086263624	
7168	 0.013832942651905676	 3.811838955660862	
7169	 0.013755721595732906	 3.7764396239688938	
7170	 0.01370788067970561	 3.754574928089173	
7171	 0.013673494477591303	 3.7388908128095033	
7172	 0.013642117777127658	 3.7246023049115657	
7173	 0.01361165631466125	 3.710751526958103	
7174	 0.013582288109108413	 3.697417401652638	
7175	 0.013554843945503586	 3.6849742149445004	
7176	 0.013528051593550134	 3.6728427506935932	
7177	 0.01350213698433492	 3.661123953574753	
7178	 0.013477009276718412	 3.6497753090282856	
7179	 0.013452817200200244	 3.6388625514667803	
7180	 0.01343019598935285	 3.6286702216449775	
7181	 0.013407494361725692	 3.6184531584754804	
7182	 0.013385609848800892	 3.608614756436138	
7183	 0.013364895006920945	 3.599312065256953	
7184	 0.013344494900328822	 3.5901601060618527	
7185	 0.013326828851774447	 3.5822422403958587	
7186	 0.013306582892295178	 3.5731766681075143	
7187	 0.013277088743491454	 3.5599864647190094	
7188	 0.013313789516022521	 3.5764025386377885	
7189	 0.013291627343062898	 3.566485894930569	
7190	 0.013252722474683206	 3.5491042457679596	
7191	 0.013189374784979654	 3.520874934023422	
7192	 0.013129196466751472	 3.494141556112737	
7193	 0.013053849390938208	 3.460784679200731	
7194	 0.0129901141764844	 3.432668493027604	
7195	 0.012935403145629047	 3.408606471222065	
7196	 0.012889640585200576	 3.388532037133409	
7197	 0.012939988165978456	 3.410620372698847	
7198	 0.012884951002290585	 3.386477561087641	
7199	 0.012825784101144778	 3.360599758011324	
7200	 0.012778488214097815	 3.339971117175145	
7201	 0.012707982104027328	 3.3093134741654215	
7202	 0.01264251992688286	 3.28095037284006	
7203	 0.012585856507467961	 3.2564784608579815	
7204	 0.01254633640200747	 3.23945384528808	
7205	 0.012517061125367154	 3.226865558847469	
7206	 0.012498815103529662	 3.219029741021902	
7207	 0.012487484503306397	 3.2141676112667583	
7208	 0.012480864442444744	 3.2113282050188388	
7209	 0.01247654079965055	 3.2094742959483504	
7210	 0.01246232580097504	 3.203382150049126	
7211	 0.012429551813412945	 3.189353796676503	
7212	 0.012406247128370592	 3.179393606063494	
7213	 0.012376061074692567	 3.1665109180981017	
7214	 0.012340108637613865	 3.151194586893654	
7215	 0.012300041365715095	 3.1341602866388465	
7216	 0.012267792825064135	 3.120476899244773	
7217	 0.012246086068088451	 3.1112799887900517	
7218	 0.012604190660011824	 3.2643886309378365	
7219	 0.012869109487572966	 3.379541181644164	
7220	 0.015607546931997352	 4.661238581909932	
7221	 0.02175288176550222	 8.105968570311273	
7222	 0.02465335833800733	 9.986279805784744	
7223	 0.026954358582590553	 11.587557957322549	
7224	 0.02741446796720939	 11.919095144393077	
7225	 0.0272892335412102	 11.828485632639346	
7226	 0.027062134897881	 11.664881758521107	
7227	 0.027196713146380856	 11.761723105482812	
7228	 0.027375914100418623	 11.891171217675012	
7229	 0.026966409559886204	 11.596193679264061	
7230	 0.026571433676233436	 11.314496420471551	
7231	 0.02619030843370846	 11.04531073509789	
7232	 0.02582241998848378	 10.78793904800274	
7233	 0.02546719389856152	 10.54173451795561	
7234	 0.0255875165842403	 10.624874573199172	
7235	 0.02602194559884268	 10.927224296030126	
7236	 0.02578481956678296	 10.761770951704264	
7237	 0.02554232717964485	 10.59361915940824	
7238	 0.02536033324690045	 10.468115604455127	
7239	 0.02587113283147023	 10.821878647979354	
7240	 0.026501725165074642	 11.265068226777792	
7241	 0.026909550683753555	 11.555471225554703	
7242	 0.026509351408583282	 11.270471547584133	
7243	 0.0261303384727505	 11.003190755626875	
7244	 0.025763823085666177	 10.74716946743249	
7245	 0.025405366972217788	 10.499115277850807	
7246	 0.025057301902071158	 10.260474041757192	
7247	 0.024720712833457167	 10.031793091097033	
7248	 0.024394892052118776	 9.81239639994849	
7249	 0.0240780523128105	 9.600912377101238	
7250	 0.02376749530183951	 9.395414495464626	
7251	 0.023463336408912645	 9.195877888434097	
7252	 0.023166895480789047	 9.003056635655575	
7253	 0.022878958421552742	 8.817334803608386	
7254	 0.02260062966220678	 8.63928527337907	
7255	 0.022330869783570483	 8.468106574264795	
7256	 0.022069344245175586	 8.303463831754497	
7257	 0.021814949095743857	 8.14455305107304	
7258	 0.021558750328061316	 7.9857594047389995	
7259	 0.02129354201522612	 7.822701612245185	
7260	 0.021048796501739866	 7.6734211065150175	
7261	 0.020806137522327187	 7.526551272865229	
7262	 0.020556922073874745	 7.376897220103333	
7263	 0.02030517958646848	 7.226948748200494	
7264	 0.020053985296704584	 7.0785570552822765	
7265	 0.019813434383375902	 6.937609511402131	
7266	 0.019607645745207982	 6.817932067797955	
7267	 0.019418567470420686	 6.708708121283465	
7268	 0.01923939728527927	 6.605859835714725	
7269	 0.019067533610437247	 6.507803796980139	
7270	 0.01890313342774173	 6.414555734987334	
7271	 0.018747278140502713	 6.326652116662647	
7272	 0.01859925708261619	 6.243616872925774	
7273	 0.01845741549695043	 6.164460365356621	
7274	 0.018320361806680827	 6.088360042607449	
7275	 0.018187074889841816	 6.014714374901317	
7276	 0.018057274398116944	 5.943340051347215	
7277	 0.017930448825592124	 5.873931142769183	
7278	 0.017807345843119278	 5.806871811321642	
7279	 0.01768763562652002	 5.741956371290776	
7280	 0.017571417955094773	 5.679214408936193	
7281	 0.017460179960318303	 5.619419351125263	
7282	 0.017355212550283137	 5.563227388414061	
7283	 0.01723806375696247	 5.500781415734322	
7284	 0.01714394835894595	 5.450817811701972	
7285	 0.017052637221371604	 5.402517366031858	
7286	 0.01696390996835158	 5.355748581661123	
7287	 0.016878155412650815	 5.31070142950072	
7288	 0.016799094565650343	 5.26930545377125	
7289	 0.016738399280467105	 5.2376135999942495	
7290	 0.016693265468670445	 5.214096722571578	
7291	 0.017359073606789763	 5.565290316012148	
7292	 0.017255684792929677	 5.510156259339172	
7293	 0.017153134012758565	 5.455686222228235	
7294	 0.017052372779756058	 5.402377735328714	
7295	 0.01695450961267754	 5.350803117874767	
7296	 0.016859882809748903	 5.301122448805939	
7297	 0.01676816866160796	 5.25314803372002	
7298	 0.016681468001604884	 5.2079566574376	
7299	 0.016602122667030123	 5.166736110017353	
7300	 0.016527419433871274	 5.128047011712438	
7301	 0.016454414334894845	 5.0903498502200115	
7302	 0.016384264200377016	 5.0542317788272495	
7303	 0.01631620359595092	 5.019287932127429	
7304	 0.016267973043650862	 4.994584021735783	
7305	 0.016220416454784607	 4.970273079792459	
7306	 0.016161285834942262	 4.9401117028571795	
7307	 0.016103102891652253	 4.910505439486436	
7308	 0.016073228094850064	 4.895331385350787	
7309	 0.016156187658798404	 4.937514662056189	
7310	 0.016554556189013324	 5.142087790567082	
7311	 0.016494680150132297	 5.111127884766685	
7312	 0.017043352624101244	 5.39761576896854	
7313	 0.017172161025804912	 5.465776097540919	
7314	 0.017188263400152472	 5.474320884992778	
7315	 0.017150473856873898	 5.454276156721871	
7316	 0.017234333905315653	 5.498797857807533	
7317	 0.017162050360754952	 5.460413562924515	
7318	 0.01709020445825329	 5.422368318333451	
7319	 0.017017801279797323	 5.3841356936541365	
7320	 0.016943143968671342	 5.344826169916946	
7321	 0.01691623501186182	 5.3306859820502925	
7322	 0.016917420689996233	 5.331308719662473	
7323	 0.016911115076636195	 5.327997242178812	
7324	 0.016898100712505984	 5.321165176719885	
7325	 0.016880755035288453	 5.312064782319038	
7326	 0.016858449148084972	 5.30037117820156	
7327	 0.01680732497814364	 5.273608824550099	
7328	 0.016754929670367756	 5.246237313216591	
7329	 0.01668920431268241	 5.211982742042505	
7330	 0.016609262772430473	 5.170440087061714	
7331	 0.016514564943904877	 5.121401354586095	
7332	 0.016423660826975803	 5.074503184183412	
7333	 0.016326550614378415	 5.024594072725047	
7334	 0.01622366549846553	 4.971932481549616	
7335	 0.016119325676598083	 4.918753210391539	
7336	 0.016017424178725394	 4.867037712505368	
7337	 0.015928759965721767	 4.822218257709819	
7338	 0.015855293070186183	 4.78520674893866	
7339	 0.015791582255605858	 4.7532026218833066	
7340	 0.01573090334784028	 4.722801449331216	
7341	 0.015670596084570578	 4.692663838437684	
7342	 0.015612321599644761	 4.66361543786107	
7343	 0.015556160638307759	 4.63568889003006	
7344	 0.015502057629662785	 4.608849165001579	
7345	 0.015449278700739387	 4.58272640073854	
7346	 0.015397543919017676	 4.557178108865689	
7347	 0.01535097554652229	 4.534230038897001	
7348	 0.015587576763379069	 4.651302575360369	
7349	 0.01604288690442061	 4.879939672923524	
7350	 0.017223760888016394	 5.493176617936415	
7351	 0.018685319194383758	 6.2918416678902025	
7352	 0.018557008170948495	 6.219997091335793	
7353	 0.01888739729384055	 6.405658418561724	
7354	 0.021777249266752393	 8.121108016108304	
7355	 0.02553923769687365	 10.5914836528525	
7356	 0.030212445273035213	 14.014793762621949	
7357	 0.036394550615481504	 19.113381078207127	
7358	 0.043797016601229935	 26.02262658608974	
7359	 0.05075559319391114	 33.27234646845991	
7360	 0.052850031426333495	 35.59199511441323	
7361	 0.05635403483397968	 39.611255711254955	
7362	 0.06018558329145794	 44.200892611068134	
7363	 0.06273140657871897	 47.36075595445965	
7364	 0.06381284479835467	 48.729328496700795	
7365	 0.06356681129722347	 48.416600638391365	
7366	 0.06326229911209183	 48.03065789198594	
7367	 0.06374067011650691	 48.637505351896195	
7368	 0.06438368341285346	 49.4580074114636	
7369	 0.0648001810242738	 49.9923956179592	
7370	 0.0665643269210377	 52.28127353611503	
7371	 0.0652854310388678	 50.61789062248451	
7372	 0.0638496582009028	 48.77619046555111	
7373	 0.06189286480108635	 46.310331717568445	
7374	 0.05985348998733212	 43.79515298822279	
7375	 0.0579261626046846	 41.47007763314328	
7376	 0.05612156537921078	 39.33929236440824	
7377	 0.054436532874232606	 37.390477476754015	
7378	 0.05285118769360458	 35.59329294269189	
7379	 0.05131752966041721	 33.888562982063384	
7380	 0.049868067704542954	 32.30832805723746	
7381	 0.04849569667084283	 30.840086513888938	
7382	 0.047197476179246446	 29.476429538900675	
7383	 0.04595116277588689	 28.190606911015497	
7384	 0.04476408686064301	 26.987322542295487	
7385	 0.04363079944325693	 25.85823438265931	
7386	 0.04255529299546162	 24.804637905365098	
7387	 0.04153036934015128	 23.816973439452433	
7388	 0.04055212767014933	 22.889325361038818	
7389	 0.03961835167140162	 22.017647838191163	
7390	 0.03872664479359138	 21.197925924432862	
7391	 0.03787488853013177	 20.426589231415043	
7392	 0.037060805777096376	 19.700096151647752	
7393	 0.03628164239961235	 19.01465634812998	
7394	 0.03553554890408625	 18.36744002113444	
7395	 0.03482065537170405	 17.755728053456487	
7396	 0.03413569725193208	 17.177431032670416	
7397	 0.03347940767107111	 16.630546701183643	
7398	 0.03284874079430692	 16.111703472629312	
7399	 0.032242279093471625	 15.618996883830269	
7400	 0.031658782007788815	 15.150742628836662	
7401	 0.031099484515010493	 14.707275714972393	
7402	 0.03056552493010923	 14.288830391940385	
7403	 0.030039005950070103	 13.880960279802999	
7404	 0.02954256243012946	 13.500727968583234	
7405	 0.029053912706287925	 13.130601733627001	
7406	 0.028580742207510588	 12.776132911178655	
7407	 0.028117669381013455	 12.432995696764559	
7408	 0.027665722253561606	 12.101715465276943	
7409	 0.027233272008616718	 11.788085841278338	
7410	 0.02683093829223024	 11.49926327906688	
7411	 0.027120162729711454	 11.706598810081184	
7412	 0.026726542576833504	 11.424789788386029	
7413	 0.026348905316482214	 11.157011431932036	
7414	 0.025988141008833402	 10.90357564423511	
7415	 0.02564479869704146	 10.66454686891086	
7416	 0.02531681329839197	 10.438192811172891	
7417	 0.025001581497793312	 10.222474880261393	
7418	 0.024697656413313302	 10.01620391547108	
7419	 0.02440436414427003	 9.818747179699486	
7420	 0.02412237174158836	 9.630383751014081	
7421	 0.023850529800582346	 9.45018479401837	
7422	 0.023588565908125896	 9.27782437226615	
7423	 0.023336146612458798	 9.112946578293446	
7424	 0.023092620360039867	 8.955000403582625	
7425	 0.022858178274291017	 8.80399139039543	
7426	 0.022632257556086985	 8.659444729323576	
7427	 0.022414492539231688	 8.521023601768654	
7428	 0.022206269876471882	 8.389503751456749	
7429	 0.022020344987067883	 8.272760428810031	
7430	 0.021838663683599612	 8.159314694375272	
7431	 0.02164713168163015	 8.04039740978513	
7432	 0.02145079683844594	 7.919224097491165	
7433	 0.0212564331876471	 7.799993426852284	
7434	 0.02107197544505087	 7.687509566156009	
7435	 0.02095010818240453	 7.613552845578887	
7436	 0.02078465864264789	 7.51360587370483	
7437	 0.020713231326200305	 7.470620507411425	
7438	 0.020570214635683377	 7.384849042515143	
7439	 0.020575105231148014	 7.387775536966118	
7440	 0.02073636084127603	 7.4845291805028875	
7441	 0.02060954474340421	 7.408397004541449	
7442	 0.02044614938674756	 7.3107645837376145	
7443	 0.02028645801526731	 7.215846634399475	
7444	 0.020172778076701196	 7.1485797739749914	
7445	 0.02005133281230255	 7.076996689260071	
7446	 0.01994455384425095	 7.0142965998897235	
7447	 0.019860820071843185	 6.965284791436328	
7448	 0.019778553724035235	 6.91726587668201	
7449	 0.019691672178857204	 6.866697439096932	
7450	 0.01961976305210494	 6.824955857867063	
7451	 0.01949563816935141	 6.753143990845353	
7452	 0.019372946063123845	 6.6824599647045275	
7453	 0.01925445258553208	 6.6144774950111	
7454	 0.019142660802522263	 6.550595108328892	
7455	 0.019034107620107602	 6.488800932892659	
7456	 0.018928642955393704	 6.42898948685038	
7457	 0.018822839662948666	 6.369208822982405	
7458	 0.018723143547901017	 6.313083423494656	
7459	 0.018629121183794697	 6.260334367301488	
7460	 0.018536464094852174	 6.208524612323761	
7461	 0.018444852954599793	 6.157469162313306	
7462	 0.018356568133050907	 6.108427180386382	
7463	 0.018270721538886613	 6.0608901728419164	
7464	 0.018189534031312318	 6.016069888847549	
7465	 0.01810914122515088	 5.97181954713172	
7466	 0.0180307576681472	 5.928801055031124	
7467	 0.017954263807486978	 5.8869396930388875	
7468	 0.017878711254689008	 5.845710011000751	
7469	 0.017846819771155948	 5.828341356593437	
7470	 0.01786387996862893	 5.8376300642116945	
7471	 0.017885512059887882	 5.849416521224574	
7472	 0.017903133638776714	 5.859024838304521	
7473	 0.017926394820082726	 5.87171785419611	
7474	 0.017945175958048728	 5.881974243506161	
7475	 0.017881040975093677	 5.84697962725313	
7476	 0.017822030325132476	 5.814854878372487	
7477	 0.017780598717799634	 5.7923422876729225	
7478	 0.01772485893845929	 5.762110236227769	
7479	 0.017656890578235926	 5.72533134735415	
7480	 0.017585277996330948	 5.686682487723729	
7481	 0.017511072387852933	 5.646744734177651	
7482	 0.017444577919376453	 5.6110528572197085	
7483	 0.017379655574013515	 5.576292236376907	
7484	 0.017317340340788374	 5.543008830682032	
7485	 0.017260353443271374	 5.512641171139697	
7486	 0.017208504662587814	 5.485069562128426	
7487	 0.017160279506108333	 5.459474546709512	
7488	 0.017114713640220835	 5.435334940227873	
7489	 0.01707038230747315	 5.41189044074625	
7490	 0.017026553289578614	 5.38875145698285	
7491	 0.016984647569594846	 5.366664955495392	
7492	 0.016942649466255195	 5.344566182381911	
7493	 0.016900816155778584	 5.322590395683082	
7494	 0.016949935667243347	 5.348397456970669	
7495	 0.017005510387079453	 5.37765621369976	
7496	 0.01705671660971529	 5.4046715512807655	
7497	 0.017106575084815726	 5.431027850695952	
7498	 0.01714528364606767	 5.451525407917723	
7499	 0.01711202574723455	 5.433912301386477	
7500	 0.01708256094516756	 5.418327039974556	
7501	 0.01706115472236819	 5.407015556685092	
7502	 0.01703232815770853	 5.391797957999787	
7503	 0.016996717047198812	 5.373022479623854	
7504	 0.016934808345410512	 5.34044434338181	
7505	 0.0168750340619288	 5.3090646452020644	
7506	 0.016819244167580606	 5.279843407807807	
7507	 0.016775037885489168	 5.256735185259482	
7508	 0.016731011996939722	 5.233761574510374	
7509	 0.01666666358781636	 5.200255703029077	
7510	 0.016590401375825445	 5.160657914836554	
7511	 0.01651650478205241	 5.122404012818271	
7512	 0.016444400299828393	 5.085187648842228	
7513	 0.016369369290144473	 5.046576108687806	
7514	 0.016291716485695468	 5.006739428841896	
7515	 0.016215524960199585	 4.967775238059046	
7516	 0.0161439304953222	 4.931273026802994	
7517	 0.01607843917283511	 4.897976851692937	
7518	 0.01601975254863387	 4.868216929704717	
7519	 0.015969426697564522	 4.842754559842037	
7520	 0.015927077733096342	 4.821369498680862	
7521	 0.01589087205912523	 4.803116660115078	
7522	 0.015855625495127007	 4.785373962623536	
7523	 0.015804920768114558	 4.759895903213506	
7524	 0.015763627703576245	 4.7391872193219164	
7525	 0.015715363962709606	 4.715028504888886	
7526	 0.015652420786287667	 4.683596156734105	
7527	 0.015580215977975974	 4.647642411548026	
7528	 0.015581891254310618	 4.64847534441838	
7529	 0.015522331939508227	 4.618899655062564	
7530	 0.015486716199179785	 4.601249849948633	
7531	 0.015465751640154358	 4.59087325380832	
7532	 0.015450277143956644	 4.583220025796867	
7533	 0.015438882461975107	 4.57758781884585	
7534	 0.015431091951645238	 4.573738690236549	
7535	 0.015425788117339285	 4.571118917458424	
7536	 0.015421179940179545	 4.568843244625109	
7537	 0.015417747469347296	 4.567148469682799	
7538	 0.015414792513696476	 4.565689668281652	
7539	 0.015413062580654684	 4.5648357220975955	
7540	 0.015413368615596139	 4.564986785356623	
7541	 0.015414128898615608	 4.565362080669893	
7542	 0.015415018932373667	 4.5658014399749405	
7543	 0.015415976132127803	 4.566273974206478	
7544	 0.01541821371899962	 4.567378664663801	
7545	 0.01542357678648152	 4.570026831355995	
7546	 0.0154318782755734	 4.574127137715649	
7547	 0.015437226749877667	 4.576769657664535	
7548	 0.015435231399279228	 4.575783743684012	
7549	 0.01542745057778958	 4.571940007586738	
7550	 0.015415093276075495	 4.565838140019231	
7551	 0.015396375933025556	 4.556601979577796	
7552	 0.01537249204792199	 4.544827230933616	
7553	 0.015357044160495239	 4.537217918234857	
7554	 0.015348709193302567	 4.533114402836585	
7555	 0.015345113925208988	 4.531344819825373	
7556	 0.015349871267797742	 4.533686432435148	
7557	 0.015354399596239106	 4.5359157714340625	
7558	 0.01536011239920554	 4.538728863810746	
7559	 0.01536703796302348	 4.5421400780379315	
7560	 0.015375689890501882	 4.546403059774439	
7561	 0.015385558160774478	 4.551267311079941	
7562	 0.015395723965063703	 4.556280397777687	
7563	 0.01540593652963467	 4.561318765982017	
7564	 0.015414891104998916	 4.565738337792903	
7565	 0.015423393326392424	 4.56993623259098	
7566	 0.01542919578467581	 4.572802029691502	
7567	 0.015428408986315742	 4.572413392889889	
7568	 0.015420277072054872	 4.5683974310920386	
7569	 0.015408607074158635	 4.562636646340078	
7570	 0.01539546692630909	 4.556153616457955	
7571	 0.015369013562861817	 4.5431133555779155	
7572	 0.015343785942649093	 4.530691259639706	
7573	 0.015307367759803093	 4.512782927694843	
7574	 0.015262584565583628	 4.490800083800281	
7575	 0.015206539153319834	 4.463349453192937	
7576	 0.015138452628847943	 4.430091812512152	
7577	 0.015085926905334635	 4.40450305139623	
7578	 0.015050122929706634	 4.387094560841649	
7579	 0.015029166793348415	 4.376918135247373	
7580	 0.015015947047766692	 4.3705034108942415	
7581	 0.015004281445723995	 4.364845942288719	
7582	 0.01499141495414506	 4.35860947801007	
7583	 0.014975639182753093	 4.350967737190585	
7584	 0.014957567738872649	 4.342220571590421	
7585	 0.01493869319107033	 4.33309219668244	
7586	 0.014919785416030408	 4.323955457956785	
7587	 0.014896967712117131	 4.312939612535422	
7588	 0.014866007983383401	 4.298010968419963	
7589	 0.014820077459437494	 4.275901634837221	
7590	 0.014766924906614702	 4.250372835522596	
7591	 0.01471644800485893	 4.226185775112171	
7592	 0.014674937460488422	 4.206336524966781	
7593	 0.014644126992889271	 4.191627947245109	
7594	 0.014621934293747382	 4.181046169456614	
7595	 0.014591927895353605	 4.1667557325308175	
7596	 0.014567659788553856	 4.155212454893116	
7597	 0.0145498806965769	 4.146763849388514	
7598	 0.01453676177894554	 4.1405341646905445	
7599	 0.014522401829016346	 4.133719455447958	
7600	 0.01448167469900727	 4.114416277869109	
7601	 0.014445719544486025	 4.097404892611974	
7602	 0.014437605862665322	 4.093569983259745	
7603	 0.01444388174567638	 4.096536136245177	
7604	 0.014458596376915381	 4.103494040290144	
7605	 0.01447633152922953	 4.111886492087257	
7606	 0.014494302761960672	 4.1203976542915095	
7607	 0.0145111093901389	 4.1283636294871195	
7608	 0.014526177306713252	 4.13551072457549	
7609	 0.014540106791499634	 4.142122230552298	
7610	 0.014552961791408315	 4.148227489625837	
7611	 0.014564803034922398	 4.153854464833165	
7612	 0.014577786303781076	 4.160027638205698	
7613	 0.014589392328389917	 4.16554907495303	
7614	 0.014599892237717892	 4.1705468133106445	
7615	 0.014612558980694695	 4.176579109042053	
7616	 0.014628442005108929	 4.184148025147219	
7617	 0.014646883821082158	 4.192943187047618	
7618	 0.014672562940948037	 4.205202222625855	
7619	 0.01468348425194622	 4.210420319763079	
7620	 0.014694835549581085	 4.215846603270688	
7621	 0.014698250829617121	 4.217479763450808	
7622	 0.014691602534545429	 4.2143008339181875	
7623	 0.014672091056447588	 4.204976819097185	
7624	 0.014620372036775653	 4.1803016674223885	
7625	 0.014593025400975996	 4.1672780706945804	
7626	 0.014586024728960704	 4.163946675413606	
7627	 0.014593747677868911	 4.167621839747753	
7628	 0.014607809945710684	 4.174317062685138	
7629	 0.014623741883032816	 4.18190765211345	
7630	 0.01464015895805368	 4.189735149378988	
7631	 0.014656327473733358	 4.197449857656021	
7632	 0.014672108046078932	 4.204984934395051	
7633	 0.014686951098999866	 4.212077287074062	
7634	 0.014701138259882725	 4.218860707376378	
7635	 0.014715569633286376	 4.225765373895302	
7636	 0.01473045164606314	 4.232890377457897	
7637	 0.014744161328341086	 4.239458357078616	
7638	 0.01475644898525821	 4.245348539480831	
7639	 0.014767227046894964	 4.250517778540682	
7640	 0.014777988481739265	 4.255681553286589	
7641	 0.014789639433944362	 4.261274981605867	
7642	 0.01480351271054043	 4.267939143341334	
7643	 0.014813608720688699	 4.272791477223128	
7644	 0.014833128214969354	 4.2821791690325295	
7645	 0.014849701145295368	 4.290156210181014	
7646	 0.014864599090686935	 4.297332099220436	
7647	 0.01487658107336725	 4.303106937402143	
7648	 0.01488193845171004	 4.305689983760697	
7649	 0.014889398070883133	 4.309287652831528	
7650	 0.014918379347090897	 4.323276316322176	
7651	 0.014946384445323417	 4.336811021854288	
7652	 0.014973698619758564	 4.35002810425586	
7653	 0.015000234224998238	 4.362883846044332	
7654	 0.01501751371167035	 4.371263419352517	
7655	 0.015034602427761596	 4.3795568039189225	
7656	 0.015051777322600813	 4.3878983465254295	
7657	 0.015068255779608304	 4.3959076085908295	
7658	 0.015084843188157785	 4.403975725349895	
7659	 0.015101724700897089	 4.412192969362506	
7660	 0.015117116251298149	 4.419690298361583	
7661	 0.015132168470971345	 4.427027260638436	
7662	 0.015146509783812516	 4.434022230547118	
7663	 0.015161580610993942	 4.441377780302312	
7664	 0.015182726558473015	 4.451706606299149	
7665	 0.015201462101647785	 4.460866077065975	
7666	 0.015224601059438417	 4.472188689154597	
7667	 0.015236373981695885	 4.477953952415922	
7668	 0.015248436468294919	 4.48386409796656	
7669	 0.015257018610339448	 4.48807090932959	
7670	 0.015263499919463165	 4.491248976039351	
7671	 0.015268539890461693	 4.493720914109419	
7672	 0.015279159245844064	 4.498931135271929	
7673	 0.015297335849014897	 4.5078548057309185	
7674	 0.015316734768379093	 4.5173863642871686	
7675	 0.015334574923668753	 4.526159139163837	
7676	 0.015353521310014748	 4.535483348536662	
7677	 0.015372778704722688	 4.544968480394844	
7678	 0.01539161274919151	 4.5542527584884125	
7679	 0.015407108259173703	 4.5618969811203325	
7680	 0.015414290368700055	 4.5654417880582265	
7681	 0.01539766261580129	 4.557236659737685	
7682	 0.015351076129137314	 4.534279554285467	
7683	 0.015301413084770987	 4.509857465959771	
7684	 0.015262112104831279	 4.4905683946779895	
7685	 0.015216991720000067	 4.468463935624331	
7686	 0.015148562687740895	 4.435023895069723	
7687	 0.015067962692780944	 4.395765104344384	
7688	 0.014999041042891532	 4.362305457641498	
7689	 0.014939764204347205	 4.333609969569042	
7690	 0.014869806312177667	 4.299841391354106	
7691	 0.014779518886469143	 4.256416107474928	
7692	 0.014679512308142748	 4.208522263798007	
7693	 0.014570732779872309	 4.1566734341920935	
7694	 0.01445961700326969	 4.103976824902441	
7695	 0.014348559237551812	 4.051576794501247	
7696	 0.014233809957693383	 3.9977183017930624	
7697	 0.014126768273635239	 3.9477376678149723	
7698	 0.014049311124290444	 3.9117278631551438	
7699	 0.013985845158228281	 3.8823210156467693	
7700	 0.013932033515522064	 3.8574570649260544	
7701	 0.013887298229987516	 3.836835562501484	
7702	 0.013852371319055382	 3.8207661496329837	
7703	 0.013827890761458442	 3.809519052979794	
7704	 0.013812880550469258	 3.802629475849823	
7705	 0.013806538417954477	 3.7997199826994676	
7706	 0.013807414745107242	 3.8001219502482204	
7707	 0.013815434700487562	 3.8038014598234335	
7708	 0.01384910312776006	 3.819263878248169	
7709	 0.013868917309033536	 3.828375379375717	
7710	 0.013886623257841539	 3.836524761085071	
7711	 0.013906401115576804	 3.8456359583272772	
7712	 0.0139289177725733	 3.856019377138094	
7713	 0.013949695964012479	 3.865611046213495	
7714	 0.013960350579093624	 3.870533146656294	
7715	 0.013959347676733345	 3.870069730181297	
7716	 0.013969146092256335	 3.874598287432821	
7717	 0.013979832444787125	 3.8795396394140225	
7718	 0.013990345050881653	 3.884403109028816	
7719	 0.013998231909814168	 3.8880534235501765	
7720	 0.014002892846405822	 3.8902113129474936	
7721	 0.014007716705705997	 3.8924451355138636	
7722	 0.014029135943171768	 3.902370104802198	
7723	 0.014050908204569697	 3.912469012204579	
7724	 0.014070075146963096	 3.9213681002058696	
7725	 0.01408927275626962	 3.930289531591401	
7726	 0.014110108559780832	 3.939981432541244	
7727	 0.01413048041499205	 3.9494667544623403	
7728	 0.01415072512620497	 3.958901912791802	
7729	 0.014171973476462098	 3.9688145063027256	
7730	 0.01419431823921236	 3.979249281971742	
7731	 0.01421796323506194	 3.9903031847138815	
7732	 0.014244254359300714	 4.002608534668414	
7733	 0.014269353792532984	 4.014370259719517	
7734	 0.014295845456533417	 4.026799361143149	
7735	 0.014326454671993352	 4.041179426836223	
7736	 0.014356253204447252	 4.055198327585559	
7737	 0.01438393433635598	 4.068238476900511	
7738	 0.014402062616347891	 4.076787499131435	
7739	 0.014402721691592442	 4.07709844425737	
7740	 0.014402120333426638	 4.076814729094452	
7741	 0.014401914764749403	 4.076717745524856	
7742	 0.01441619338261101	 4.083456332121901	
7743	 0.014447571127930749	 4.098280239709235	
7744	 0.014460135613071492	 4.1042221504474306	
7745	 0.014538168267090524	 4.141201874152724	
7746	 0.014665396248808797	 4.201779452886466	
7747	 0.014677023046682239	 4.207332905472418	
7748	 0.014689931291375979	 4.2135018679329885	
7749	 0.014698736774505894	 4.217712159054007	
7750	 0.014708161551323888	 4.222220425291585	
7751	 0.014719631965320076	 4.227709804416149	
7752	 0.014734659438754296	 4.234905796660994	
7753	 0.014766941980540533	 4.250381026189573	
7754	 0.01479841954322175	 4.265492107562932	
7755	 0.014829110235255741	 4.280246091129553	
7756	 0.014859031892661788	 4.294649987203455	
7757	 0.014888201867627694	 4.308710659966166	
7758	 0.014916637134891325	 4.322434874215115	
7759	 0.014944354318460834	 4.335829304173193	
7760	 0.014971369701130322	 4.348900534229848	
7761	 0.014997699230369673	 4.361655058112542	
7762	 0.01502335852349497	 4.374099277876452	
7763	 0.015048230704651885	 4.38617529677384	
7764	 0.015072596131261717	 4.398018184297127	
7765	 0.015096337912863045	 4.409570231155784	
7766	 0.01511946635347804	 4.420835497161583	
7767	 0.01514199520360683	 4.431819769344476	
7768	 0.01516393806851368	 4.442528814878933	
7769	 0.01518530885270242	 4.4529685961392405	
7770	 0.015206127014064647	 4.463147839829768	
7771	 0.01522632193051428	 4.4730312235604766	
7772	 0.01524594706336171	 4.482644131798608	
7773	 0.015265082304298754	 4.492025024553803	
7774	 0.015283743584774313	 4.501181115945581	
7775	 0.015301943805270371	 4.510118171889914	
7776	 0.015319686353653788	 4.51883731621686	
7777	 0.01533696972066545	 4.5273372825218665	
7778	 0.015353791965539825	 4.535616603618192	
7779	 0.015370163611360616	 4.543679964379695	
7780	 0.015453723779169409	 4.584924187475202	
7781	 0.015583981289803936	 4.649514575651741	
7782	 0.01562385268180109	 4.669357672811766	
7783	 0.015638463450842428	 4.676637585573579	
7784	 0.01564760498370516	 4.681194721892024	
7785	 0.015656481654759243	 4.685621521051458	
7786	 0.015665098832627858	 4.689920511738299	
7787	 0.015714830095305138	 4.714761550468592	
7788	 0.015978681310799596	 4.8474329241475145	
7789	 0.01644486609232095	 5.0854277168442	
7790	 0.016954446434776393	 5.350769886589181	
7791	 0.0176417118681178	 5.717130749023976	
7792	 0.018414826793838684	 6.140772108929599	
7793	 0.018940649620325618	 6.435787565530334	
7794	 0.019588817303247782	 6.807023912747741	
7795	 0.021329278690534054	 7.844595082003156	
7796	 0.02159702008461823	 8.009399756735567	
7797	 0.021823712993977392	 8.150007078017651	
7798	 0.021977711181188842	 8.246082706313386	
7799	 0.02208825914083874	 8.315328254491705	
7800	 0.022149127358190357	 8.353553991043611	
7801	 0.022153105088629676	 8.356054478951773	
7802	 0.02210631374988536	 8.326659379979526	
7803	 0.02201862315701582	 8.271682341230978	
7804	 0.021905628689979487	 8.201056171130194	
7805	 0.02176348291510717	 8.112553639918115	
7806	 0.021601436868004795	 8.01212993240664	
7807	 0.02144430590249852	 7.91523061791899	
7808	 0.021291914743967025	 7.821705274699926	
7809	 0.021144093010180363	 7.731409634992913	
7810	 0.021294221850288873	 7.82311787330645	
7811	 0.021741088456802695	 8.098645485961137	
7812	 0.021863892511039557	 8.175030643829249	
7813	 0.02172027538753645	 8.085728018920118	
7814	 0.021590574730246254	 8.005416314890605	
7815	 0.02146809495263697	 7.929870513345593	
7816	 0.021345968352450347	 7.854828103862442	
7817	 0.021221040573423902	 7.778360061384496	
7818	 0.02109536386016937	 7.701735821190991	
7819	 0.02097353191573747	 7.627745635310609	
7820	 0.020853791066595764	 7.555304054718475	
7821	 0.020736944278016423	 7.484880157408938	
7822	 0.02061896764254779	 7.414043192362723	
7823	 0.020502569621971774	 7.344418381299082	
7824	 0.02039365390661273	 7.279507390147156	
7825	 0.020291243857136772	 7.218684045815857	
7826	 0.02019033827167157	 7.158954057817164	
7827	 0.020092900306736185	 7.101465241658277	
7828	 0.019993841522282507	 7.043210349209604	
7829	 0.019892455815846668	 6.983785952899926	
7830	 0.019788302116389926	 6.92294907785005	
7831	 0.019683179470288314	 6.86176231766297	
7832	 0.019595856781809	 6.811101378467714	
7833	 0.019490582266830432	 6.750225364823014	
7834	 0.019520328936539152	 6.767404504368511	
7835	 0.020090788063168843	 7.100221062668015	
7836	 0.02254450294514662	 8.603556680972545	
7837	 0.022899082664563468	 8.830264748943689	
7838	 0.02470276447806531	 10.019656803503866	
7839	 0.025941850573275364	 10.871225534487278	
7840	 0.02589934719468351	 10.841555881748498	
7841	 0.02573994391937917	 10.73057293004404	
7842	 0.025602887076684823	 10.635514022570215	
7843	 0.025621761119874513	 10.648584454342537	
7844	 0.025787484816712496	 10.763625001102854	
7845	 0.025581340827924796	 10.620600916495517	
7846	 0.0253131527448532	 10.435677505001845	
7847	 0.02501686729373604	 10.232893588377918	
7848	 0.02474862859038642	 10.050680794659339	
7849	 0.02448926257078535	 9.875742617883827	
7850	 0.024238482607733595	 9.707765953069401	
7851	 0.02399593001195215	 9.546398534333974	
7852	 0.023761221660862898	 9.391281520978925	
7853	 0.02353412148078244	 9.242161817745407	
7854	 0.023314283544517617	 9.098721525994076	
7855	 0.02310141519557001	 8.960685318819646	
7856	 0.022895252480326287	 8.827803248949193	
7857	 0.022695424891233003	 8.699763492696308	
7858	 0.02250129080919413	 8.57608949186978	
7859	 0.022312983844362286	 8.456805357616284	
7860	 0.02213129581075526	 8.342348371455497	
7861	 0.021955181006795887	 8.23199857448685	
7862	 0.021784434980336196	 8.125574632751539	
7863	 0.02161887077780999	 8.022910104583406	
7864	 0.02145832264556642	 7.923855279193475	
7865	 0.021302621853797436	 7.828261902400618	
7866	 0.02115161884613277	 7.735996591707062	
7867	 0.021005163021547958	 7.646928169908042	
7868	 0.02086308331379656	 7.560915838516834	
7869	 0.020725217488977623	 7.477826959424196	
7870	 0.02059140892806233	 7.397534892862925	
7871	 0.020461524000808154	 7.319929174490207	
7872	 0.02033552916313645	 7.244960908914625	
7873	 0.0202131899003814	 7.172463446081853	
7874	 0.020094383527603763	 7.102338958282096	
7875	 0.019978993237240034	 7.034494856808801	
7876	 0.01986690697244212	 6.968842996914419	
7877	 0.019758017031440332	 6.9052993301946	
7878	 0.019652160993342833	 6.8437495103080925	
7879	 0.019549280695052927	 6.784141338904422	
7880	 0.019449300686631584	 6.726413592282129	
7881	 0.01935200145947019	 6.670423331230146	
7882	 0.0192571098177317	 6.615998962234856	
7883	 0.019164430525414576	 6.563015768593782	
7884	 0.019075030585847006	 6.512068921145584	
7885	 0.018988062909894108	 6.4626606674604155	
7886	 0.01890345639823938	 6.414738396419685	
7887	 0.018821154632418746	 6.368258559786814	
7888	 0.018741114904806837	 6.323185980163523	
7889	 0.018663275134245427	 6.27947516913498	
7890	 0.01858761146434183	 6.237102669892229	
7891	 0.018514048360765215	 6.196016605521312	
7892	 0.01844250073527501	 6.156160477238827	
7893	 0.01837290078821526	 6.117488098898218	
7894	 0.01830518953390439	 6.079958756869118	
7895	 0.018239310009129043	 6.043533377205222	
7896	 0.01817520540020134	 6.008173460687279	
7897	 0.01811282514338942	 5.973844416453163	
7898	 0.01805211530007412	 5.940510226543534	
7899	 0.01799302035324694	 5.908134433518377	
7900	 0.017935500509241645	 5.876689581668679	
7901	 0.017879511257450607	 5.846145972131498	
7902	 0.01782500199695195	 5.816470930758722	
7903	 0.01777192291076367	 5.7876325596841305	
7904	 0.017720238577483796	 5.759607093042318	
7905	 0.01766989859375832	 5.732362925771638	
7906	 0.01762057160774649	 5.705717141086418	
7907	 0.0175716944950474	 5.679363376037828	
7908	 0.01752517898083554	 5.6543282900603575	
7909	 0.017479875285456876	 5.629987961247011	
7910	 0.017435737249182355	 5.606314318238153	
7911	 0.017392654242801862	 5.5832450444060475	
7912	 0.017350637190675377	 5.560783211201408	
7913	 0.017309622585346518	 5.538892221715684	
7914	 0.017269686117290274	 5.517609875405022	
7915	 0.01723080872672808	 5.496923409308494	
7916	 0.017192960911457326	 5.476814643500364	
7917	 0.017156088134094114	 5.457252280482424	
7918	 0.017120143091483388	 5.438209076028031	
7919	 0.01708507970636027	 5.419658626289115	
7920	 0.017050864886689734	 5.401581563840221	
7921	 0.01701747369167001	 5.3839629561401825	
7922	 0.01698488910939226	 5.36679215559434	
7923	 0.01695309373296542	 5.350058391461284	
7924	 0.01692209176054842	 5.333762325675422	
7925	 0.016891847006376307	 5.317883457017437	
7926	 0.016862337093593652	 5.302408646999031	
7927	 0.016833538376135555	 5.287324180063445	
7928	 0.01680544664370258	 5.272626590902395	
7929	 0.01677791424950796	 5.258237531408112	
7930	 0.016750448219908197	 5.2438988316598465	
7931	 0.0167228171460109	 5.2294897774193005	
7932	 0.01669731755416836	 5.216206323319058	
7933	 0.016672572187988496	 5.203328689854763	
7934	 0.016648312436076625	 5.190716136072793	
7935	 0.01662463220159692	 5.178416682494337	
7936	 0.016601512998978284	 5.1664198898725715	
7937	 0.016578957655788158	 5.154726418343722	
7938	 0.016556995090866687	 5.143350450340793	
7939	 0.01653562491400356	 5.132290974424859	
7940	 0.016514803894469538	 5.12152485845999	
7941	 0.016494506922756842	 5.111038423178505	
7942	 0.016474712841969427	 5.100820088691605	
7943	 0.016455400548274338	 5.090858353219289	
7944	 0.01643654851078005	 5.081141543503403	
7945	 0.01641814886552884	 5.071665069808244	
7946	 0.016400180721983074	 5.062417665322579	
7947	 0.01638263470314308	 5.053394025443156	
7948	 0.01636551056406528	 5.044593561863639	
7949	 0.016348784342700345	 5.03600352129855	
7950	 0.01633244527942614	 5.027617967581618	
7951	 0.016316483313387996	 5.019431346859408	
7952	 0.016300886638162024	 5.011437233165205	
7953	 0.016285610217221063	 5.003612208188111	
7954	 0.016269850736039402	 4.995544872153776	
7955	 0.016252921745442073	 4.986884661902483	
7956	 0.01623854123030111	 4.979532874257539	
7957	 0.016224496564052393	 4.972356971783779	
7958	 0.01621076546042375	 4.965345281601397	
7959	 0.016197342197679387	 4.95849461436409	
7960	 0.01618421861834089	 4.951800550986981	
7961	 0.016171407601337992	 4.945269408670237	
7962	 0.016158917889903122	 4.938905389842107	
7963	 0.016146740133436772	 4.93270348146657	
7964	 0.016134863407599835	 4.926657885335254	
7965	 0.01612328153749138	 4.920765235743805	
7966	 0.016111980052514352	 4.915017960738489	
7967	 0.01610094734237017	 4.909409960740696	
7968	 0.01609017139256005	 4.9039349462376975	
7969	 0.016079639694872954	 4.898586392150252	
7970	 0.016069337994616944	 4.893356901932559	
7971	 0.016059258084038165	 4.888242162511921	
7972	 0.016049377089005095	 4.883230433515016	
7973	 0.01603970337626439	 4.878325832283963	
7974	 0.01603023842920626	 4.873528984124637	
7975	 0.016020980361953936	 4.868838809295588	
7976	 0.016011924840342376	 4.86425299259509	
7977	 0.016003048827669727	 4.859759758826092	
7978	 0.0159940608661029	 4.85521154673912	
7979	 0.015985115675769303	 4.850686669810415	
7980	 0.015976783990292474	 4.846473649131286	
7981	 0.01596860051611661	 4.842336998935177	
7982	 0.015960582620009885	 4.838285416952028	
7983	 0.0159527184801541	 4.834312848557386	
7984	 0.01594503343520967	 4.83043201100576	
7985	 0.01593753938833294	 4.826648825412405	
7986	 0.015930247613472434	 4.822968890055106	
7987	 0.01592311927236613	 4.81937252001564	
7988	 0.015916135381632578	 4.815850068429602	
7989	 0.01590929204512503	 4.812399507282568	
7990	 0.01590258573180877	 4.809018996089881	
7991	 0.01589600733813254	 4.805703889742899	
7992	 0.01588953072772878	 4.802440969286492	
7993	 0.01588312353415824	 4.799213893401616	
7994	 0.015876859572181372	 4.796059797046678	
7995	 0.015870713098351093	 4.792965665863372	
7996	 0.015864673788966947	 4.78992625919652	
7997	 0.015858739824735638	 4.786940620837639	
7998	 0.015852901492931247	 4.784003826129735	
7999	 0.015847157367618617	 4.781115122723585	
8000	 0.01584151851128556	 4.778280037663817	
8001	 0.015835860821607546	 4.77543615970668	
8002	 0.01582944198786906	 4.772210507356425	
8003	 0.015822484346777826	 4.768715073236273	
8004	 0.015817230034935053	 4.76607604998773	
8005	 0.015812078739454095	 4.7634893348895515	
8006	 0.015807011061842288	 4.760945156514724	
8007	 0.015802022212744307	 4.758441084321854	
8008	 0.015797130448898897	 4.7559862542033695	
8009	 0.01579232357149965	 4.7535745161970056	
8010	 0.015787644047504497	 4.751227144840166	
8011	 0.01578309273898865	 4.748944534627071	
8012	 0.015778641965705137	 4.746712770026766	
8013	 0.015774276898467225	 4.744524388867375	
8014	 0.01576998815189504	 4.74237466343231	
8015	 0.015765779131280855	 4.740265279389289	
8016	 0.015761648880569055	 4.738195736432149	
8017	 0.01575760196385139	 4.7361683002459305	
8018	 0.01575363080893297	 4.734179156840011	
8019	 0.015749741074703144	 4.73223112093376	
8020	 0.01574594236204883	 4.73032897950973	
8021	 0.015742216973196232	 4.728463850848626	
8022	 0.015738550180253816	 4.726628345756015	
8023	 0.015734930422556668	 4.724816664942877	
8024	 0.01573135633596672	 4.723028115008313	
8025	 0.01572772514996898	 4.721211268705174	
8026	 0.01572318685633936	 4.718940948630229	
8027	 0.015718074897768296	 4.716384170918968	
8028	 0.01571461005669546	 4.71465152438408	
8029	 0.01571119228263448	 4.712942663922832	
8030	 0.015707817481342336	 4.711255532667331	
8031	 0.01570448363690748	 4.709589113824573	
8032	 0.015701207062783773	 4.707951551270054	
8033	 0.015698000968943256	 4.706349433780128	
8034	 0.015694888146162943	 4.704794133480175	
8035	 0.01569186166510854	 4.703282170379698	
8036	 0.015688901052949625	 4.7018033020196714	
8037	 0.01568599440041995	 4.700351568252691	
8038	 0.015683134838126323	 4.698923528798242	
8039	 0.015680318083094065	 4.6975170365991925	
8040	 0.015677544461387923	 4.696132246772053	
8041	 0.015674814640842014	 4.694769485079307	
8042	 0.01567212888548	 4.693428875696011	
8043	 0.01566948583956501	 4.692109734484097	
8044	 0.015666892664865616	 4.690815628096192	
8045	 0.01566433790611303	 4.689540832562624	
8046	 0.015661818925619627	 4.688284025675182	
8047	 0.015659332870906675	 4.687043778725453	
8048	 0.015656876938227544	 4.685818687987813	
8049	 0.015654388251224987	 4.6845773891188855	
8050	 0.015651480672204274	 4.683127323338272	
8051	 0.015648185935602455	 4.6814843916332185	
8052	 0.01564574001181556	 4.680264872486083	
8053	 0.015643276969615177	 4.6790369466574715	
8054	 0.01564080131608801	 4.677802863450589	
8055	 0.015638324584355927	 4.676568373071776	
8056	 0.015635876652400727	 4.675348365587518	
8057	 0.015633461638610048	 4.674144888725984	
8058	 0.015631136664974257	 4.672986398776666	
8059	 0.01562889146846219	 4.671867769269459	
8060	 0.015626720597145313	 4.670786272844486	
8061	 0.015624557588811037	 4.669708793255936	
8062	 0.015622418883481553	 4.668643517718085	
8063	 0.015620305707148193	 4.667591053496755	
8064	 0.015618218627547533	 4.666551679878665	
8065	 0.015616157845111245	 4.66552549319727	
8066	 0.015614121373187097	 4.664511500857285	
8067	 0.015612107617449503	 4.663508905967479	
8068	 0.015610114863713593	 4.662516852276806	
8069	 0.015608143392070839	 4.661535476540009	
8070	 0.015606190494638794	 4.660563428301082	
8071	 0.015604255190635838	 4.659600217129626	
8072	 0.015602336237310693	 4.658645222409363	
8073	 0.015600371631260372	 4.657667589071139	
8074	 0.01559784145232248	 4.656408634520768	
8075	 0.015594767650234929	 4.654879369674392	
8076	 0.015592781039123751	 4.6538911063240205	
8077	 0.015590755754932763	 4.652883690993326	
8078	 0.015588699569995564	 4.651860994283924	
8079	 0.015586625847721733	 4.650829666007488	
8080	 0.015584566274251024	 4.649805464919729	
8081	 0.0155825423202148	 4.648799064851891	
8082	 0.015580608815536528	 4.647837721618901	
8083	 0.015578754783569165	 4.646915967104847	
8084	 0.015576941667636497	 4.646014625220723	
8085	 0.015575153460354573	 4.645125734508454	
8086	 0.015573382276439411	 4.644245372919125	
8087	 0.01557162198903817	 4.643370493541627	
8088	 0.015569873222790487	 4.642501405570917	
8089	 0.01556813912321086	 4.641639670781446	
8090	 0.01556642261481946	 4.640786740687595	
8091	 0.015564724049001645	 4.639942787947693	
8092	 0.015563036792494713	 4.639104515160007	
8093	 0.015561364475939471	 4.638273724710447	
8094	 0.015559703479467809	 4.637448616883301	
8095	 0.015558053379143226	 4.636628979910071	
8096	 0.015556413868541213	 4.635814660453845	
8097	 0.01555472531447264	 4.634976041674917	
8098	 0.015552325341463127	 4.633784201782865	
8099	 0.01554929070122806	 4.632277358160272	
8100	 0.0155475658066476	 4.6314209531096555	
8101	 0.015545816068913398	 4.63055227822087	
8102	 0.0155440427487088	 4.629671962080427	
8103	 0.015542253880395152	 4.628783995341649	
8104	 0.015540469808495806	 4.627898477327756	
8105	 0.015538705158354435	 4.627022665904727	
8106	 0.015537024580907055	 4.626188642142792	
8107	 0.015535417568429754	 4.625391182874409	
8108	 0.015533857392793967	 4.624617018397182	
8109	 0.01553231524269549	 4.623851849193076	
8110	 0.015530778481682947	 4.623089404274299	
8111	 0.015529242794886511	 4.6223275425557775	
8112	 0.01552770932031771	 4.621566828451061	
8113	 0.015526180900319746	 4.620808671613472	
8114	 0.015524660576707691	 4.620054580263643	
8115	 0.015523149590442148	 4.619305169081935	
8116	 0.015521642988487558	 4.618557980825748	
8117	 0.015520146071499617	 4.617815643641741	
8118	 0.015518657786516442	 4.617077634480091	
8119	 0.015517176200073245	 4.616342993848518	
8120	 0.015515700451852577	 4.615611294568804	
8121	 0.015514204019962927	 4.614869387373938	
8122	 0.015512262340960113	 4.6139068048320935	
8123	 0.015509652032761194	 4.612612877600344	
8124	 0.015508076189798315	 4.61183180405258	
8125	 0.015506475467047311	 4.611038452897618	
8126	 0.015504852775811569	 4.610234269434538	
8127	 0.015503217526428808	 4.60942391908648	
8128	 0.015501583076081873	 4.608614021640887	
8129	 0.015499959070904451	 4.607809356333817	
8130	 0.015498395160617582	 4.607034520084939	
8131	 0.015496918106013106	 4.6063027641727405	
8132	 0.015495516187294089	 4.605608274759318	
8133	 0.01549411163752299	 4.604912523967207	
8134	 0.01549270321317518	 4.604214896103704	
8135	 0.015491290679800093	 4.603515275400351	
8136	 0.01548987401592773	 4.602813651596562	
8137	 0.015488436055092114	 4.602101523903008	
8138	 0.015486996449882991	 4.601388626009769	
8139	 0.015485556656075879	 4.600675678908046	
8140	 0.015484117129842023	 4.599962908479284	
8141	 0.01548267698204135	 4.599249874490228	
8142	 0.015481237421729008	 4.598537175561134	
8143	 0.015479794031805267	 4.5978226250207195	
8144	 0.01547834677932968	 4.5971062069182445	
8145	 0.015476895685683141	 4.59638793219561	
8146	 0.015475255240534601	 4.595575984714485	
8147	 0.015472498706157634	 4.594211751856239	
8148	 0.01547087340942502	 4.5934074542834535	
8149	 0.015469213495705786	 4.59258608422072	
8150	 0.01546754117345856	 4.591758633499871	
8151	 0.015465870252364084	 4.5909319356219545	
8152	 0.015464226285582035	 4.5901186316547795	
8153	 0.015462649948728622	 4.589338839725878	
8154	 0.015461052802420636	 4.588548807698451	
8155	 0.015459518533469168	 4.58778992933239	
8156	 0.015458018941173619	 4.587048251213051	
8157	 0.015456530599577002	 4.586312184964742	
8158	 0.015455049229149939	 4.58557961325931	
8159	 0.015453566702733307	 4.584846516755252	
8160	 0.015452082245290398	 4.584112512351571	
8161	 0.015450599321555456	 4.583379313240134	
8162	 0.01544912049282106	 4.582648185530427	
8163	 0.015447644607595516	 4.581918559597346	
8164	 0.01544616513648989	 4.581187207571693	
8165	 0.015444683608945254	 4.580454885775857	
8166	 0.015443200995012993	 4.579722073858503	
8167	 0.015441717674352519	 4.578988959560547	
8168	 0.015440234188031353	 4.578255810341349	
8169	 0.015438757184631278	 4.577525911678089	
8170	 0.01543692830719172	 4.576622190047291	
8171	 0.015433769298020785	 4.575061365147324	
8172	 0.015432173434086765	 4.574272950725717	
8173	 0.015430565295169226	 4.5734785269998195	
8174	 0.015428960993942604	 4.572686054096672	
8175	 0.015427359936565674	 4.571895238316076	
8176	 0.01542579374995104	 4.571121699308864	
8177	 0.015424342119728943	 4.570404786415221	
8178	 0.015422887118410356	 4.569686253782717	
8179	 0.01542142718225742	 4.5689653295691635	
8180	 0.015419962049998757	 4.5682418852324105	
8181	 0.01541849173218762	 4.567515926471877	
8182	 0.015417016297770024	 4.566787487815658	
8183	 0.015415535827332606	 4.5660566095314365	
8184	 0.015414050402808754	 4.565323332543186	
8185	 0.015412560105206861	 4.564587697309523	
8186	 0.015411064111525711	 4.56384929808967	
8187	 0.0154095598405585	 4.5631068615114945	
8188	 0.01540803899742995	 4.5623562948202	
8189	 0.015406474295135869	 4.561584134292943	
8190	 0.01540489687536251	 4.560805750771102	
8191	 0.01540330829291817	 4.560021912688464	
8192	 0.015401711362563455	 4.55923400989779	
8193	 0.015400073865964894	 4.5584261488511535	
8194	 0.015397574151730493	 4.557193022060928	
8195	 0.015393999163705846	 4.55542968698307	
8196	 0.015392239747095596	 4.554561968635837	
8197	 0.015390443036004607	 4.55367592543822	
8198	 0.015388604410183531	 4.552769283493284	
8199	 0.015386739080139579	 4.551849547265043	
8200	 0.015384882663955816	 4.550934279981966	
8201	 0.015473415596981191	 4.594665511123366	
8202	 0.015525882853776827	 4.620660834523938	
8203	 0.01552067433551341	 4.618077609980276	
8204	 0.015515605950570438	 4.615564440920894	
8205	 0.015510650276506456	 4.613107688909916	
8206	 0.015505790936405242	 4.610699202082365	
8207	 0.015501014706729998	 4.608332398473976	
8208	 0.015496309958308379	 4.606001491817608	
8209	 0.015491670765741492	 4.603703525880732	
8210	 0.01548709516375753	 4.601437508079539	
8211	 0.015482584508184988	 4.599204091115039	
8212	 0.015478144113078553	 4.597005886749694	
8213	 0.015473775281255158	 4.594843519842404	
8214	 0.015469478282455493	 4.592717103904938	
8215	 0.015465253482385387	 4.59062680015209	
8216	 0.015461100172961255	 4.588572238860443	
8217	 0.015456982732271635	 4.586535784291932	
8218	 0.015451980681479854	 4.584062294856903	
8219	 0.015445335343374236	 4.580777033536128	
8220	 0.015441279534295286	 4.5787724228219755	
8221	 0.015437263395531819	 4.57678776528337	
8222	 0.015433266845841875	 4.574813129761491	
8223	 0.015429288221831936	 4.572847689627938	
8224	 0.0157171813233525	 4.715937301058073	
8225	 0.015960273094237976	 4.838129035406406	
8226	 0.016106500437996094	 4.912232316104899	
8227	 0.01609813516306685	 4.907980920885267	
8228	 0.016077597872374175	 4.897549716709327	
8229	 0.01605755199305452	 4.8873766710406565	
8230	 0.016037958192164904	 4.877441228653756	
8231	 0.016018806404013285	 4.867737735184698	
8232	 0.016000090736128948	 4.858262676549923	
8233	 0.015981801851142355	 4.8490108176748326	
8234	 0.015963930448198674	 4.839976967650039	
8235	 0.01594646458206055	 4.831154625188851	
8236	 0.01592938495916945	 4.8225336091285405	
8237	 0.01591269456934642	 4.814115011355906	
8238	 0.015896393930376534	 4.80589868319765	
8239	 0.01588047646917178	 4.797880914062088	
8240	 0.01586493303959429	 4.790056716564499	
8241	 0.01584971731389239	 4.782402425823335	
8242	 0.015833825578104095	 4.774413295719849	
8243	 0.015817102423267778	 4.766011963200294	
8244	 0.015802866761534095	 4.7588649548871835	
8245	 0.015788930442640996	 4.751872387988822	
8246	 0.015775283451703228	 4.745028978077597	
8247	 0.015761934612416643	 4.738338896327546	
8248	 0.016150242757771483	 4.934486984552964	
8249	 0.01687090589691537	 5.306900214242302	
8250	 0.016844392646889233	 5.293007515031114	
8251	 0.01680384890652697	 5.27179114702114	
8252	 0.016764331732065825	 5.251144791558205	
8253	 0.016725802256262152	 5.231045688747594	
8254	 0.016688231055535168	 5.211476176964688	
8255	 0.016651591248698576	 5.192420062814395	
8256	 0.016615857129232168	 5.173861896461418	
8257	 0.01658100365824352	 5.155786699793206	
8258	 0.016547007120902023	 5.1381802993058	
8259	 0.016513843964111534	 5.121028716537111	
8260	 0.01648149151300443	 5.104318533430898	
8261	 0.016449927760475356	 5.0880367771490596	
8262	 0.01641913133902722	 5.0721708998660695	
8263	 0.016389081492642336	 5.056708758925664	
8264	 0.016359758049124238	 5.041638597570891	
8265	 0.016331141353393575	 5.026949005955839	
8266	 0.01630319303043555	 5.012619058985167	
8267	 0.016275561480388508	 4.998467621498196	
8268	 0.016248821126361068	 4.9847878497229905	
8269	 0.016222675487857965	 4.971426824574477	
8270	 0.016197127262366343	 4.958384951220487	
8271	 0.01617218505970514	 4.945665663878545	
8272	 0.01614783503218053	 4.9332609658127025	
8273	 0.01612426281750678	 4.921264384188794	
8274	 0.016101247749136658	 4.909562625582142	
8275	 0.01607877252256674	 4.898146100143732	
8276	 0.016056822376648384	 4.887006558980129	
8277	 0.01603531981729998	 4.876104003915106	
8278	 0.016014295246460294	 4.865453225560854	
8279	 0.01599377957933765	 4.85506923362721	
8280	 0.01597374028597367	 4.844934927276748	
8281	 0.015954209920614415	 4.835066149056017	
8282	 0.015935138981685658	 4.825437289766097	
8283	 0.015916504280343167	 4.816036103393859	
8284	 0.01589829420627295	 4.806856227129572	
8285	 0.015880497679448675	 4.797891594307128	
8286	 0.015863103967855865	 4.789136340722601	
8287	 0.015846102641787048	 4.78058478010649	
8288	 0.015829483557131995	 4.772231394326325	
8289	 0.015813236845251166	 4.764070826986554	
8290	 0.015797352904514197	 4.756097877937628	
8291	 0.01578182239241187	 4.748307498139629	
8292	 0.015766578506192067	 4.740665863585735	
8293	 0.01575159385059294	 4.733158978254142	
8294	 0.015736935700373638	 4.725820267783893	
8295	 0.015722484036796824	 4.718589396224165	
8296	 0.01570837938572255	 4.711536423237635	
8297	 0.01569461377941047	 4.7046570578971805	
8298	 0.015681201137604114	 4.697957954682211	
8299	 0.015668142250261967	 4.691439207456487	
8300	 0.015655402506861326	 4.685083260226515	
8301	 0.015642971303247034	 4.678884568640467	
8302	 0.015630805944283507	 4.672821616306129	
8303	 0.015618899079473959	 4.666890537366236	
8304	 0.015607244016555132	 4.6610878052784	
8305	 0.015595834337688944	 4.655410040681438	
8306	 0.015584663815289453	 4.649853968868206	
8307	 0.015573726389946542	 4.644416408269258	
8308	 0.01556301616207037	 4.639094265805107	
8309	 0.015552527386667627	 4.633884533824366	
8310	 0.01554225446891453	 4.62878428746242	
8311	 0.015532191959983522	 4.623790682148902	
8312	 0.015522333015081961	 4.618900188484054	
8313	 0.015512668792233666	 4.614108295394279	
8314	 0.01550309846085995	 4.609364918186065	
8315	 0.015493826956986671	 4.6047715111565655	
8316	 0.015484692760787754	 4.60024792244867	
8317	 0.015475711814097494	 4.595801962585082	
8318	 0.015466950467506988	 4.591466371509228	
8319	 0.0154583969942119	 4.58723522662388	
8320	 0.015450011391881673	 4.583088637296286	
8321	 0.015441788912965783	 4.579024167358468	
8322	 0.015433720404457429	 4.57503720915404	
8323	 0.015425746753568908	 4.571098488621679	
8324	 0.01541797298487944	 4.567259809762505	
8325	 0.015410364290666051	 4.563503893799735	
8326	 0.015402899552626687	 4.559820240839378	
8327	 0.015395574871276069	 4.556206858861869	
8328	 0.01538838669046709	 4.552661928841282	
8329	 0.015381331596676302	 4.5491837054345705	
8330	 0.015374406274991736	 4.545770495086885	
8331	 0.01536760749767466	 4.542420650230803	
8332	 0.015360925977203975	 4.539129541774933	
8333	 0.015354348008362467	 4.5358903717649826	
8334	 0.01534785110823274	 4.532692030152368	
8335	 0.015341462542955505	 4.529547900433153	
8336	 0.01533516091828768	 4.526447413504451	
8337	 0.015328937680757208	 4.523386327621136	
8338	 0.015322384593691046	 4.520163890764392	
8339	 0.015314831155238977	 4.516450677502391	
8340	 0.015308984359452936	 4.513577275034795	
8341	 0.015303225564059532	 4.510747835359457	
8342	 0.015297538198040035	 4.507954187311294	
8343	 0.015291921308627388	 4.505195837063014	
8344	 0.015286410110978182	 4.502490046502292	
8345	 0.01528099794150672	 4.499833507892905	
8346	 0.01527569888696032	 4.497233098882463	
8347	 0.015270507663494562	 4.494686188977664	
8348	 0.015265419550045293	 4.492190426816171	
8349	 0.015260412681840101	 4.489735057427719	
8350	 0.015255508259146877	 4.487330447978414	
8351	 0.015250685137423477	 4.484966202480238	
8352	 0.015245930569130399	 4.48263604902288	
8353	 0.015241244669776435	 4.480340023296773	
8354	 0.01523662364732127	 4.478076247182581	
8355	 0.015232078994375144	 4.475850329834995	
8356	 0.015227623675458818	 4.473668596978893	
8357	 0.015223226037338175	 4.471515527218631	
8358	 0.01521889004583878	 4.469393045380439	
8359	 0.015214618880919501	 4.46730269047112	
8360	 0.015210408139744544	 4.465242290519454	
8361	 0.01520626588415372	 4.463215772931587	
8362	 0.015201710317897613	 4.460987476076569	
8363	 0.015196298050543912	 4.4583407134287745	
8364	 0.015192322464029625	 4.456396931524008	
8365	 0.015188418277702483	 4.454488389278583	
8366	 0.0151845750612627	 4.452609971273964	
8367	 0.01518078608666476	 4.450758374865367	
8368	 0.015177050701815967	 4.448933268262413	
8369	 0.015173376350142655	 4.447138274569824	
8370	 0.015169770815349507	 4.445377180956695	
8371	 0.015166236148089549	 4.4436509728583315	
8372	 0.015162753901900803	 4.4419506276322345	
8373	 0.015159313820084874	 4.440271126441423	
8374	 0.015155914687083962	 4.438611866642835	
8375	 0.015152555471830274	 4.436972336094342	
8376	 0.015149235201942954	 4.435352051691412	
8377	 0.015145952936591245	 4.4337505460979685	
8378	 0.015142707760055581	 4.432167364586395	
8379	 0.015139498779842171	 4.430602064101771	
8380	 0.015136325125815928	 4.429054212823971	
8381	 0.015133185949572019	 4.427523389846894	
8382	 0.015130079446561041	 4.426008708401184	
8383	 0.015126996716467021	 4.42450582319293	
8384	 0.015123876978601701	 4.422985103903816	
8385	 0.015120787300455183	 4.42147924335542	
8386	 0.01511714999794038	 4.419706742174429	
8387	 0.015114106870747	 4.418224008186284	
8388	 0.015111068063389568	 4.416743577584972	
8389	 0.015108031180551798	 4.415264282834032	
8390	 0.01510499676235769	 4.413786386616625	
8391	 0.015101965147114297	 4.41231005320122	
8392	 0.015098974380932745	 4.410853806014684	
8393	 0.015096012364767545	 4.409411747149036	
8394	 0.015093120148972596	 4.408003852629488	
8395	 0.015090307514297985	 4.40663486969711	
8396	 0.015087542868015186	 4.405289409739246	
8397	 0.015084809402836838	 4.403959286153236	
8398	 0.015082100114734997	 4.402641085854019	
8399	 0.015079410363148246	 4.401332547169984	
8400	 0.015076740299929102	 4.400033740581763	
8401	 0.015074098546676825	 4.398748855797817	
8402	 0.015071486093202783	 4.397478369337692	
8403	 0.015068900781739027	 4.3962212270869605	
8404	 0.015066349428153752	 4.394980738268401	
8405	 0.01506382605827884	 4.393753993097406	
8406	 0.015061332085655589	 4.3925416741080685	
8407	 0.01505886310986755	 4.391341637886792	
8408	 0.015056420478360295	 4.39015453527122	
8409	 0.015054001892107403	 4.388979244982982	
8410	 0.015051169740627986	 4.38760314638566	
8411	 0.015048741113695831	 4.386423251599344	
8412	 0.015046293779236075	 4.385234396581463	
8413	 0.015043824356206102	 4.384034942136144	
8414	 0.015041343316500434	 4.382829977389144	
8415	 0.015038858375768094	 4.3816232508431	
8416	 0.01503640030964174	 4.380429705803854	
8417	 0.015033963157691144	 4.379246444320281	
8418	 0.015031585039654502	 4.378091967651694	
8419	 0.015029263628982013	 4.376965137470557	
8420	 0.01502698916353857	 4.375861207387429	
8421	 0.01502474312701132	 4.374771184814888	
8422	 0.01502252198745038	 4.373693351799537	
8423	 0.015020320477608687	 4.372625149158615	
8424	 0.01501813520279982	 4.371564927197298	
8425	 0.01501596475476137	 4.370512000485784	
8426	 0.015013809768693143	 4.369466675053286	
8427	 0.01501166738561944	 4.368427562138119	
8428	 0.01500954713976407	 4.367399283696734	
8429	 0.015007440357199224	 4.366377630603551	
8430	 0.015005348002301595	 4.365363068624982	
8431	 0.01500326885608515	 4.36435500482245	
8432	 0.015001200342115807	 4.3633521884264725	
8433	 0.014999142741109715	 4.362354754092475	
8434	 0.01499689245726146	 4.361264020032098	
8435	 0.01499481303114669	 4.3602561993386955	
8436	 0.014992688777056493	 4.359226748392792	
8437	 0.014990527088501161	 4.358179255865749	
8438	 0.01498835637833207	 4.357127493050278	
8439	 0.01498617750050968	 4.356071874922224	
8440	 0.014984014445532639	 4.355024023815419	
8441	 0.014981854665740557	 4.353977859919758	
8442	 0.014979734194459275	 4.352950834268373	
8443	 0.014977673236649865	 4.351952726150822	
8444	 0.014975657040263077	 4.350976384287351	
8445	 0.014973671735361762	 4.350015087230181	
8446	 0.014971702149541036	 4.349061485409924	
8447	 0.014969739842529917	 4.348111490891212	
8448	 0.014967784845656137	 4.347165117918331	
8449	 0.014965839045986532	 4.34622327894102	
8450	 0.014963902428709819	 4.345285965637004	
8451	 0.014961972237925992	 4.344351843189519	
8452	 0.014960060550884679	 4.343426754875234	
8453	 0.014958164366133666	 4.3425092461549415	
8454	 0.014956280524128111	 4.341597786511145	
8455	 0.01495441033619007	 4.34069300882044	
8456	 0.014952548444283426	 4.339792319593995	
8457	 0.014950690965571781	 4.338893839748818	
8458	 0.014948772476618934	 4.337965926800418	
8459	 0.014946893192673878	 4.337057053055352	
8460	 0.014944962603999499	 4.3361234462498	
8461	 0.014943004843573828	 4.335176781653537	
8462	 0.014941037166204816	 4.33422540508293	
8463	 0.01493907134629342	 4.333275010003922	
8464	 0.014937108328884703	 4.332326053015159	
8465	 0.01493514336735049	 4.331376239462542	
8466	 0.01493320732487272	 4.330440486138091	
8467	 0.014931319478989957	 4.329528105700947	
8468	 0.014929527080862802	 4.328661925549159	
8469	 0.014927685424408064	 4.327772013415983	
8470	 0.014925855048226608	 4.3268876245755585	
8471	 0.014924032839411258	 4.326007253804418	
8472	 0.014922218262797	 4.325130641617089	
8473	 0.014920411706081275	 4.324257974391628	
8474	 0.014918611762906197	 4.323388571925864	
8475	 0.014916818014775547	 4.322522231335529	
8476	 0.014915041824086832	 4.321664439033042	
8477	 0.014913273701951077	 4.32081061098731	
8478	 0.014911512277266227	 4.31996008424881	
8479	 0.01490975645288139	 4.3191123283451	
8480	 0.014908004283414298	 4.318266403473205	
8481	 0.014906254561586561	 4.317421726430913	
8482	 0.01490450710056362	 4.316578206759751	
8483	 0.014902761863835145	 4.315735826584516	
8484	 0.01490101882180045	 4.314894571370526	
8485	 0.014899277946939864	 4.314054427592105	
8486	 0.014897532610632537	 4.31321219641817	
8487	 0.014895773983422025	 4.312363618105535	
8488	 0.014893894741877692	 4.311456914401936	
8489	 0.014892000695236515	 4.310543144647644	
8490	 0.01489027512745431	 4.309710723802844	
8491	 0.014888553961210808	 4.308880490340072	
8492	 0.01488683514827169	 4.30805145588475	
8493	 0.014885118244032915	 4.307223405756266	
8494	 0.014883403137870314	 4.30639628639766	
8495	 0.01488168979261627	 4.305570079689307	
8496	 0.014879978187156688	 4.304744775257692	
8497	 0.014878268305558785	 4.303920365230653	
8498	 0.014876560132346832	 4.303096841958897	
8499	 0.014874853652651574	 4.302274198087948	
8500	 0.01487314885210387	 4.301452426506757	
8501	 0.014871445716772454	 4.3006315203176095	
8502	 0.014869744233131131	 4.299811472820226	
8503	 0.014868044388039316	 4.298992277502311	
8504	 0.014866346168728131	 4.2981739280327735	
8505	 0.014864649562788755	 4.297356418256044	
8506	 0.014862954558161777	 4.296539742186871	
8507	 0.014861261143127094	 4.29572389400539	
8508	 0.014859566739064892	 4.294907631361613	
8509	 0.014857736183124809	 4.294025848605477	
8510	 0.014855814283860895	 4.2931001435077984	
8511	 0.014853849302220891	 4.29215376982359	
8512	 0.014851903217653745	 4.29121657959882	
8513	 0.014849979157782413	 4.290290076448688	
8514	 0.014848134896470095	 4.289402074254336	
8515	 0.01484635792052071	 4.288546539164451	
8516	 0.014844626986692666	 4.287713236947126	
8517	 0.01484293463853365	 4.286898573179496	
8518	 0.014841255216720885	 4.286090193119403	
8519	 0.014839552934132394	 4.285270871388158	
8520	 0.014837847167892559	 4.284449935796382	
8521	 0.014836147517426205	 4.283632006124601	
8522	 0.014834456394514911	 4.282818242199735	
8523	 0.014832773607811156	 4.282008551023141	
8524	 0.014831113863056007	 4.281210006717038	
8525	 0.01482946898751253	 4.2804186751330535	
8526	 0.01482784110818409	 4.279635577851758	
8527	 0.014826214072588235	 4.278852943719507	
8528	 0.014824587634984248	 4.2780706544564735	
8529	 0.014822961754393415	 4.2772886902937275	
8530	 0.014821336432881896	 4.276507052168201	
8531	 0.014819711681767034	 4.275725745465076	
8532	 0.014818087514194337	 4.274944776446989	
8533	 0.01481646394349607	 4.274164151464538	
8534	 0.014814840982826453	 4.27338387678087	
8535	 0.014813080839245383	 4.272537712753064	
8536	 0.014811192337344764	 4.2716299168232075	
8537	 0.014809319301557962	 4.270729631614595	
8538	 0.01480751928862995	 4.269864516780254	
8539	 0.014805775083629227	 4.269026291002911	
8540	 0.0148040673996072	 4.268205680164414	
8541	 0.014802377336256103	 4.267393598897309	
8542	 0.014800694776081232	 4.2665851843318725	
8543	 0.014799015839156509	 4.265778571686001	
8544	 0.014797342764715778	 4.264974836241663	
8545	 0.014795677827186531	 4.264175069863162	
8546	 0.01479402251320869	 4.2633799857127235	
8547	 0.014792376538178779	 4.26258944607206	
8548	 0.014790741176162107	 4.26180406179381	
8549	 0.014789113443707334	 4.261022399105347	
8550	 0.014787493186859301	 4.260244383278741	
8551	 0.014785879694092435	 4.259469671906065	
8552	 0.01478427249809233	 4.25869803992608	
8553	 0.014782670949000438	 4.257929174713353	
8554	 0.014780756548019523	 4.257010189691923	
8555	 0.014779185600886618	 4.256256134804943	
8556	 0.014777619075905473	 4.255504255758874	
8557	 0.014776053375115877	 4.254752825389176	
8558	 0.014774487771288468	 4.254001494630024	
8559	 0.014772922128785221	 4.253250198387855	
8560	 0.014771186898232468	 4.252417584878485	
8561	 0.014769396080509036	 4.2515583674174975	
8562	 0.014767662904767954	 4.250726872170668	
8563	 0.014765980319004541	 4.249919709822361	
8564	 0.014764329183262998	 4.249127694141507	
8565	 0.01476269286102854	 4.248342842448171	
8566	 0.014761070333522036	 4.247564664572305	
8567	 0.014759473397278757	 4.2467988161625705	
8568	 0.014757919822733551	 4.246053815887347	
8569	 0.014756376222450893	 4.245313650444591	
8570	 0.014754832638393797	 4.244573544396465	
8571	 0.014753288848408744	 4.243833391237789	
8572	 0.014751744831352862	 4.243093180855368	
8573	 0.01475020060861891	 4.242352923528525	
8574	 0.014748656210392461	 4.241612633748312	
8575	 0.014747111668240307	 4.240872326663752	
8576	 0.014745567013478357	 4.2401320172994	
8577	 0.014744022276816671	 4.239391720385293	
8578	 0.014742477488289355	 4.238651450323443	
8579	 0.01474093267724894	 4.237911221185266	
8580	 0.014739387872328029	 4.237171046693313	
8581	 0.014737815929480019	 4.236417922479985	
8582	 0.014736144745028669	 4.235617309939246	
8583	 0.014734442324567094	 4.2348017954320465	
8584	 0.014732763455900829	 4.2339976245137265	
8585	 0.014731094211264263	 4.233198124030638	
8586	 0.01472956081190392	 4.232463741147326	
8587	 0.014728029536216556	 4.231730426203839	
8588	 0.014726498637967314	 4.2309973428203005	
8589	 0.014724967771938626	 4.230264325667769	
8590	 0.014723436885382682	 4.229531349490446	
8591	 0.014721905989218237	 4.228798419519404	
8592	 0.014720375107924458	 4.228065547475758	
8593	 0.014718844268506573	 4.227332746286537	
8594	 0.014717313498054321	 4.226600028915637	
8595	 0.014715782823202704	 4.2258674081057155	
8596	 0.014714250750988717	 4.2251341693524225	
8597	 0.014712702541518786	 4.224393259126927	
8598	 0.014711091818040438	 4.2236224873994646	
8599	 0.014709478246200901	 4.222850409068153	
8600	 0.01470786474016102	 4.22207841867845	
8601	 0.014706257809554193	 4.221309630452401	
8602	 0.014704197490293204	 4.220324013820288	
8603	 0.014702553636029854	 4.219537691967309	
8604	 0.01470086865982449	 4.218731760655901	
8605	 0.01469913891404416	 4.2179044799218905	
8606	 0.014697388408965627	 4.21706733676724	
8607	 0.014695627414969681	 4.216225244569831	
8608	 0.01469394253033314	 4.2154196101857435	
8609	 0.014692289132035073	 4.214629090989025	
8610	 0.014690659701458319	 4.213850089208971	
8611	 0.014689059466114675	 4.213085101212224	
8612	 0.014687476929405752	 4.212328628636462	
8613	 0.014685908060784429	 4.2115787432142975	
8614	 0.014684349216050524	 4.210833701887786	
8615	 0.014682797645285456	 4.210092189472119	
8616	 0.014681250799650127	 4.209352987245146	
8617	 0.014679707605544458	 4.208615581737872	
8618	 0.014678172475989792	 4.207882081098397	
8619	 0.014676650863028681	 4.207155089293198	
8620	 0.01467513767801737	 4.2064321739984845	
8621	 0.014673634667156656	 4.205714168537223	
8622	 0.014672139219107217	 4.204999824576102	
8623	 0.014670649073854245	 4.204288061928741	
8624	 0.014669161193006371	 4.203577428952447	
8625	 0.014667674823131525	 4.202867565616095	
8626	 0.014665899502089073	 4.202019767279638	
8627	 0.01466435315287466	 4.201281369384774	
8628	 0.01466275980152676	 4.200520581778378	
8629	 0.014661120745625072	 4.199738028834666	
8630	 0.014659445540856672	 4.198938277195524	
8631	 0.014657749534581247	 4.1981286568714316	
8632	 0.014656048963395682	 4.197316920104603	
8633	 0.014654347099559453	 4.196504629175289	
8634	 0.014652690503824225	 4.195714004879963	
8635	 0.014651084190830728	 4.194947435350274	
8636	 0.014649499329082688	 4.194191157759241	
8637	 0.01464792289257869	 4.193438954705983	
8638	 0.014646349883106844	 4.192688440666174	
8639	 0.01464478278479692	 4.1919408003911185	
8640	 0.0146432245037312	 4.19119741958176	
8641	 0.014641674649886225	 4.1904581113031085	
8642	 0.014640132027146414	 4.189722304197467	
8643	 0.014638594951011795	 4.188989194143903	
8644	 0.014637064382759779	 4.188259239022933	
8645	 0.014635538617137228	 4.187531625006653	
8646	 0.014634016228404876	 4.186805671777073	
8647	 0.014632496804981163	 4.186081182758056	
8648	 0.014630980151881879	 4.185358064695301	
8649	 0.014629466431697486	 4.184636394829443	
8650	 0.014627406843505948	 4.183654560975498	
8651	 0.014625826396000758	 4.182901202531759	
8652	 0.014624185916754158	 4.182119285910302	
8653	 0.014622494744092204	 4.181313268033645	
8654	 0.014620756585697661	 4.1804849213767215	
8655	 0.014618990539453406	 4.1796433515640725	
8656	 0.014617226671691822	 4.178802887507697	
8657	 0.014615498885050721	 4.177979681267656	
8658	 0.014613908861582281	 4.177222169796183	
8659	 0.014612340028707172	 4.1764748076974865	
8660	 0.014610811010139864	 4.175746463848645	
8661	 0.014609299052406427	 4.1750262968467275	
8662	 0.014607797825179318	 4.17431129009647	
8663	 0.014606306456286014	 4.1736010271920145	
8664	 0.014604824627700385	 4.172895355732071	
8665	 0.014603354335682156	 4.172195225352509	
8666	 0.01460189910675268	 4.1715023140557905	
8667	 0.014600458905389812	 4.170816603501627	
8668	 0.01459902237638809	 4.1701326863557515	
8669	 0.014597589858947657	 4.169450723749519	
8670	 0.014596261587936114	 4.168818428440816	
8671	 0.014594932501427805	 4.168185783325875	
8672	 0.014593601288579418	 4.167552164572064	
8673	 0.014592267736986134	 4.166917471275879	
8674	 0.0145909174259984	 4.166274840878449	
8675	 0.014589579372922271	 4.165638083287632	
8676	 0.014588055556885275	 4.164912971553685	
8677	 0.014586439940333689	 4.164144231459383	
8678	 0.014584794090861407	 4.163361164350611	
8679	 0.014583100798175399	 4.162555586050495	
8680	 0.014581377581749658	 4.161735835651054	
8681	 0.014579713296767575	 4.1609441808056165	
8682	 0.014578184748649647	 4.160217145347189	
8683	 0.014576748261508633	 4.159533943900925	
8684	 0.014575390574792327	 4.158888261641955	
8685	 0.014574044175616972	 4.1582479870552564	
8686	 0.01457271032858039	 4.157613720469369	
8687	 0.01457137851845345	 4.156980461081459	
8688	 0.014570046576108598	 4.156347177416326	
8689	 0.014568721691405715	 4.155717287656599	
8690	 0.014567404226231881	 4.155090963229515	
8691	 0.014566084705037645	 4.154463699218197	
8692	 0.014564762826339615	 4.15383535249696	
8693	 0.014563436357200027	 4.153204861953941	
8694	 0.014562097310632039	 4.152568432001178	
8695	 0.014560719777604638	 4.151913750688797	
8696	 0.014559306712786038	 4.151242225568396	
8697	 0.01455787438910216	 4.150561592475925	
8698	 0.014555896755520159	 4.149621904204157	
8699	 0.014554403023610003	 4.14891220206684	
8700	 0.014552874709375238	 4.148186119425952	
8701	 0.01455133027854289	 4.147452431634319	
8702	 0.014549810366688821	 4.146730442360009	
8703	 0.014548324955610743	 4.146024890241097	
8704	 0.014546811067487923	 4.145305861287426	
8705	 0.014545311331440663	 4.14459360312209	
8706	 0.014543862084523915	 4.143905369886556	
8707	 0.01454247194380471	 4.143245248567836	
8708	 0.014541095455595251	 4.142591651720117	
8709	 0.014539678058950414	 4.14191867345399	
8710	 0.014538269619680086	 4.141249991460385	
8711	 0.014536869707321846	 4.140585400566661	
8712	 0.014535476955342517	 4.1399242513122605	
8713	 0.014534089518320976	 4.139265667096355	
8714	 0.014532706011651754	 4.138608990261083	
8715	 0.014531326091476712	 4.137954057256979	
8716	 0.014529954929630573	 4.137303322168228	
8717	 0.014528586484250457	 4.136653917094106	
8718	 0.014527220770506383	 4.1360058489914175	
8719	 0.014525857627602118	 4.135359041322731	
8720	 0.014524496601253526	 4.134713278323969	
8721	 0.014523137350759137	 4.134068398171495	
8722	 0.014521642460474299	 4.133359211800446	
8723	 0.014520263898987636	 4.132705255757009	
8724	 0.014518867431291103	 4.1320428476429765	
8725	 0.014517455120098059	 4.131372967437394	
8726	 0.014516030961670331	 4.130697511904558	
8727	 0.014514591139857836	 4.130014672388251	
8728	 0.014513156437060975	 4.12933430549503	
8729	 0.014511725356376785	 4.128655700952926	
8730	 0.014510305266619183	 4.127982352301154	
8731	 0.014508904284893742	 4.127318106947575	
8732	 0.014507516320750825	 4.126660075765037	
8733	 0.014506138979296016	 4.126007122267115	
8734	 0.014504769367501998	 4.125357874136848	
8735	 0.014503405130175335	 4.124711214337315	
8736	 0.014502045838064779	 4.124066938940991	
8737	 0.0145006912466942	 4.123424931644132	
8738	 0.014499340921967724	 4.122784986311608	
8739	 0.014497994325544142	 4.122146847461315	
8740	 0.01449665502712989	 4.121512206258495	
8741	 0.014495317150297293	 4.120878277712555	
8742	 0.014493978839832522	 4.120244182722225	
8743	 0.01449263843771146	 4.119609135823072	
8744	 0.014491294779244008	 4.11897258545149	
8745	 0.014489948293381702	 4.118334735089183	
8746	 0.01448846032775493	 4.117629909619774	
8747	 0.01448707352820153	 4.116973048343533	
8748	 0.01448565222859427	 4.116299889520842	
8749	 0.01448419280221075	 4.115608718835202	
8750	 0.014482698547900304	 4.114901102070886	
8751	 0.014481180119053198	 4.114182087108433	
8752	 0.014479666816707336	 4.113465549681359	
8753	 0.01447816014330938	 4.11275220060724	
8754	 0.01447667892559761	 4.112050952014698	
8755	 0.014475242769343873	 4.111371082408282	
8756	 0.014473832713603257	 4.1107036124106235	
8757	 0.01447244552777862	 4.110047010513978	
8758	 0.014471079400149791	 4.109400417177597	
8759	 0.014469738338992934	 4.108765727476099	
8760	 0.01446842412902507	 4.1081437837951285	
