Time	  Pressure(m)	  Flow(cms)	
0	 0.007083535373009893	 1.3210559096695331	
1	 0.006809310648619138	 1.2369239518694768	
2	 0.006578002954718626	 1.1676908047486059	
3	 0.006384829636591395	 1.1111003285829972	
4	 0.006223329807445685	 1.0646555323380105	
5	 0.006086158068810201	 1.0258325279041998	
6	 0.005970144061010224	 0.9934494447551631	
7	 0.005870599269690816	 0.9659955970121263	
8	 0.005783749772576156	 0.9422950555613107	
9	 0.005702899257400863	 0.9204437494294151	
10	 0.005605140183715	 0.8942972276082191	
11	 0.005542441817485292	 0.8776869838825715	
12	 0.00548274708075319	 0.8619884377054166	
13	 0.005432204064324839	 0.8487853599122831	
14	 0.0053861444905630535	 0.836824563211161	
15	 0.0053420720332880344	 0.8254434383893638	
16	 0.005303350552267527	 0.8154956427044497	
17	 0.005266173337320947	 0.8059900301434999	
18	 0.005236584403066721	 0.7984565103624434	
19	 0.005233788268698686	 0.7977460618073181	
20	 0.00523819423994501	 0.7988656563345766	
21	 0.0052416430371710135	 0.7997424630298073	
22	 0.005243425219420879	 0.8001957077918385	
23	 0.005244291076092195	 0.8004159496184201	
24	 0.005244096376222659	 0.8003664230792719	
25	 0.0052430042090803675	 0.8000886271347675	
26	 0.005241390296393911	 0.7996781942876657	
27	 0.005239742996280672	 0.7992593575871298	
28	 0.005239729238205591	 0.799255859877212	
29	 0.0052416549262526155	 0.7997454863218442	
30	 0.005244501485315734	 0.8004694735832965	
31	 0.005247768489405149	 0.801300718789011	
32	 0.005250929096513613	 0.8021052211090609	
33	 0.005257441827660355	 0.8037639926638224	
34	 0.005247163368891558	 0.8011467279813248	
35	 0.005272410653817539	 0.8075816980370727	
36	 0.005295805787356775	 0.8135629636423347	
37	 0.0053165446829117865	 0.8188798795479989	
38	 0.005333941202395269	 0.8233505752580844	
39	 0.005348976747298088	 0.8272223692453741	
40	 0.005361529105341955	 0.8304602818628241	
41	 0.005373017313552114	 0.8334281271045458	
42	 0.005383927963850265	 0.8362506865564723	
43	 0.00539551949193794	 0.8392535679500136	
44	 0.005405773573284142	 0.8419135604744575	
45	 0.005414421917328878	 0.8441596282577877	
46	 0.005421689915037985	 0.8460490559048343	
47	 0.00541432581282842	 0.8441346557366762	
48	 0.005400931874579441	 0.8406571646853108	
49	 0.0053852767887818094	 0.8365998894602666	
50	 0.005372339131451846	 0.8332528090216674	
51	 0.0053635993868320665	 0.8309948022081612	
52	 0.0053591976171205764	 0.829858485976738	
53	 0.005356390148749314	 0.8291340632910615	
54	 0.005353744229187623	 0.8284515573726017	
55	 0.005352084455934977	 0.8280235392806502	
56	 0.005353053052088998	 0.828273307635152	
57	 0.0053583191216548575	 0.8296317769512058	
58	 0.005334460630843894	 0.8234842117750216	
59	 0.005350458726923475	 0.8276043862083492	
60	 0.005363368423038284	 0.8309351634769789	
61	 0.00534369088648159	 0.8258603823248611	
62	 0.005326213933978304	 0.8213635585806416	
63	 0.005315509940688346	 0.8186142701263366	
64	 0.005298089236897114	 0.8141477021577388	
65	 0.005280545216721368	 0.8096594010333161	
66	 0.0052629304321210645	 0.8051629866273258	
67	 0.005251280599597816	 0.8021947128113953	
68	 0.00523766276585063	 0.7987305709653757	
69	 0.005224481009116387	 0.7953830737163535	
70	 0.005213095903260961	 0.7924963624180842	
71	 0.005205089790464396	 0.7904689150131993	
72	 0.005200236033781889	 0.7892407738350666	
73	 0.005198905893207344	 0.7889043430591931	
74	 0.005199789327447749	 0.7891277825671783	
75	 0.005201863334505138	 0.789652442983994	
76	 0.0052039994886884135	 0.7901929705311521	
77	 0.005209066634744516	 0.791475741163565	
78	 0.005217907522320937	 0.7937158436783016	
79	 0.00523170179811391	 0.7972160911583303	
80	 0.005245888457441157	 0.8008223278118357	
81	 0.005272017462580764	 0.8074813245475881	
82	 0.005243750863084278	 0.8002785366187992	
83	 0.0052323881654936805	 0.7973904152659204	
84	 0.005215584943630678	 0.7931271038549988	
85	 0.005189503711898653	 0.786527897748112	
86	 0.005160218265233217	 0.7791442548389472	
87	 0.005165238855685686	 0.7804081008327742	
88	 0.0051463451882688875	 0.7756562116010403	
89	 0.0051308674616762535	 0.7717721104161381	
90	 0.005125146196941234	 0.7703383466358328	
91	 0.00512596137410118	 0.7705425669950439	
92	 0.005124811100207349	 0.7702544035871688	
93	 0.0051244963518985295	 0.7701755612315143	
94	 0.00512547163309554	 0.7704198731736773	
95	 0.005127340727082546	 0.7708881755034787	
96	 0.005131348140168394	 0.771892618251543	
97	 0.005137374406146386	 0.7734040634639944	
98	 0.00514449650520894	 0.7751918785847774	
99	 0.005152239657175184	 0.7771374656453165	
100	 0.005159053000941785	 0.7788510370623355	
101	 0.005167608059622408	 0.7810047910907875	
102	 0.005179767681871153	 0.7840700938776952	
103	 0.0051949715048812415	 0.787909559071689	
104	 0.005209826641563929	 0.7916682120535233	
105	 0.00522189442664887	 0.7947268731700647	
106	 0.005208699400476339	 0.7913827461977473	
107	 0.005234907689342843	 0.7980304565356824	
108	 0.005259076268469872	 0.804180494594051	
109	 0.005280178538685398	 0.8095656993936458	
110	 0.005273045317632595	 0.8077437249480132	
111	 0.00524465528822861	 0.8005085989226488	
112	 0.005208547808232724	 0.7913443596726296	
113	 0.005162835212023944	 0.7798029232694792	
114	 0.005120329875683795	 0.7691321909218861	
115	 0.005089318921849918	 0.7613842074820816	
116	 0.0050755242986372535	 0.7579477568560244	
117	 0.005072166877070487	 0.7571123131188172	
118	 0.005071577420004957	 0.7569656736500076	
119	 0.005073570102667728	 0.7574614398241504	
120	 0.005075118230220994	 0.7578466932617083	
121	 0.005076356146560924	 0.7581548066355047	
122	 0.005076179427510514	 0.758110818770029	
123	 0.00507043256740036	 0.7566809006756624	
124	 0.0050656132239568375	 0.7554825973771196	
125	 0.005061532811635343	 0.7544686192147539	
126	 0.005059015452457799	 0.7538433298382538	
127	 0.005059542079044709	 0.7539741219916141	
128	 0.005063699454632116	 0.7550069598864395	
129	 0.005057687298242102	 0.753513511850988	
130	 0.005031750633073653	 0.7470842884477815	
131	 0.005032054506493434	 0.7471594854796245	
132	 0.005027850488846816	 0.7461194209483378	
133	 0.005019234840595153	 0.7439897401548164	
134	 0.0050103159661286905	 0.7417876714439425	
135	 0.005003201210244986	 0.7400329119565633	
136	 0.0050027650307402916	 0.739925388194897	
137	 0.005003609307443586	 0.7401335187336783	
138	 0.005007914645357824	 0.7411952319095376	
139	 0.005023286123406915	 0.7449908634395408	
140	 0.005043213716947613	 0.7499230590584319	
141	 0.00506731561032847	 0.7559057996266608	
142	 0.005095342839019221	 0.7628868069541413	
143	 0.0051303805175472615	 0.7716500394368988	
144	 0.005162376697851612	 0.7796875021580161	
145	 0.005191231779374481	 0.786964459769516	
146	 0.005217207183390129	 0.793538299572337	
147	 0.0052303117483791135	 0.7968630919782114	
148	 0.005242154027544854	 0.7998724076472921	
149	 0.005250563679247457	 0.8020121911288683	
150	 0.005257316253609154	 0.8037319964000854	
151	 0.005263255949846856	 0.8052459886199906	
152	 0.005268465665469231	 0.8065748512851221	
153	 0.005273821478984429	 0.8079418932371849	
154	 0.005254622051264456	 0.8030456364773891	
155	 0.005273025433094225	 0.8077386483145769	
156	 0.005289085096476062	 0.8118429257681254	
157	 0.005302450735964301	 0.815265047987149	
158	 0.005313338868797807	 0.8180570866921011	
159	 0.005322316593335023	 0.8203621115335683	
160	 0.005329340828306538	 0.8221673877330885	
161	 0.0053360655510416265	 0.8238971741693091	
162	 0.005343523233702216	 0.8258171985830685	
163	 0.005352409985703969	 0.8281074790921742	
164	 0.005360629205449955	 0.8302279820559212	
165	 0.005367422970082504	 0.8319823643978314	
166	 0.0053648127472548076	 0.8313081403736228	
167	 0.005363833541574049	 0.8310552666435208	
168	 0.0053706487572917115	 0.8328158915538411	
169	 0.005377420308255174	 0.8345667120269704	
170	 0.005383500579757137	 0.8361400514753466	
171	 0.005388941984926214	 0.8375490818584841	
172	 0.005379086359422991	 0.8349977038274332	
173	 0.005369505751731501	 0.8325205064877311	
174	 0.0053628957713754	 0.830813122215239	
175	 0.005357908832082216	 0.8295259040174621	
176	 0.005353959421364873	 0.8285070570613309	
177	 0.005350653300776037	 0.8276545476786177	
178	 0.005323677880292889	 0.8207118475401117	
179	 0.005333477941762379	 0.823231396695886	
180	 0.005341694210448004	 0.8253461403029925	
181	 0.00534752645987352	 0.8268485900393726	
182	 0.005314984976083408	 0.8184795294102477	
183	 0.005266742180582537	 0.8061351381995598	
184	 0.005205881168722154	 0.7906692290777835	
185	 0.005144560668577632	 0.7752079926103992	
186	 0.005095434261923233	 0.7629096205137195	
187	 0.005071413248346185	 0.7569248346239862	
188	 0.005062599375520319	 0.7547336066311023	
189	 0.005056348065016822	 0.7531810010942944	
190	 0.005054601948182704	 0.7527475556458783	
191	 0.005058500246641905	 0.7537153829129222	
192	 0.005060936830458993	 0.7543205641151765	
193	 0.005063807361440517	 0.7550337752516346	
194	 0.005071820142994356	 0.7570260545686942	
195	 0.005085480756810553	 0.7604274378247828	
196	 0.005102931707461623	 0.7647814525611113	
197	 0.005117452303259425	 0.7684119186587279	
198	 0.005128433980725582	 0.7711621434492814	
199	 0.005137270962179891	 0.7733781087509684	
200	 0.005144257128497809	 0.7751317625610913	
201	 0.005144796445168211	 0.7752672068308388	
202	 0.0051240159463449555	 0.7700552290631393	
203	 0.0051150490301743595	 0.7678105730173697	
204	 0.0050942523246499385	 0.7626147023745394	
205	 0.005065669736621378	 0.7554966445389906	
206	 0.00503513350149573	 0.7479215895380736	
207	 0.005006352564640772	 0.740809946324887	
208	 0.004977457353346369	 0.7336974326432127	
209	 0.004954343788705419	 0.7280278378052802	
210	 0.004940869982851847	 0.7247309293997313	
211	 0.004951950536259421	 0.7274417952306308	
212	 0.004977564942387751	 0.7337238646032112	
213	 0.005008264175279539	 0.7412814540721842	
214	 0.005039992807937961	 0.7491249833930562	
215	 0.00507717586311849	 0.7583588590045908	
216	 0.005111128042186543	 0.7668298699036024	
217	 0.00514198318778538	 0.7745607880080186	
218	 0.0051694566928025525	 0.7814705009227381	
219	 0.0051935760842140065	 0.7875568568363778	
220	 0.005201693653073044	 0.7896095135271568	
221	 0.005208005492840377	 0.7912070394611123	
222	 0.005214128413723355	 0.7927579839258615	
223	 0.005220566384389847	 0.7943900409433776	
224	 0.0052266903451940174	 0.795943740639062	
225	 0.005230983254689985	 0.797033611289666	
226	 0.005216434593471147	 0.7933424574273282	
227	 0.005234654189314664	 0.7979660499629402	
228	 0.005250456220387221	 0.8019848344698917	
229	 0.005263761305119478	 0.8053748531903588	
230	 0.005256157459226947	 0.8034367596776246	
231	 0.005243104918603943	 0.8001142412855982	
232	 0.005225413202933931	 0.7956196188329197	
233	 0.005206847169631444	 0.7909137712315432	
234	 0.005190401535134608	 0.7867547029124686	
235	 0.005185989540561712	 0.785640410876083	
236	 0.005185703709225509	 0.7855682431888297	
237	 0.005185493680893847	 0.7855152161972837	
238	 0.0051839649786630405	 0.785129299596266	
239	 0.005181615620067416	 0.7845363584743386	
240	 0.005181554715033439	 0.784520989385538	
241	 0.005186600950197355	 0.7857947906045368	
242	 0.005196453792873211	 0.7882842868104495	
243	 0.005207488742395139	 0.7910762014439603	
244	 0.00521613046325015	 0.7932653694203443	
245	 0.005223504546253523	 0.7951353254569363	
246	 0.0052317013966979055	 0.7972159892108498	
247	 0.005238732909921995	 0.79900258001338	
248	 0.005243579230483326	 0.8002348807219246	
249	 0.005246608410754481	 0.8010055128808982	
250	 0.005226590353749599	 0.7959183622282777	
251	 0.005222417956029433	 0.7948596719648529	
252	 0.005213175144593571	 0.7925164396707057	
253	 0.005203429430781327	 0.7900487099152635	
254	 0.0051949893109942465	 0.7879140600981984	
255	 0.005186601148692322	 0.7857948407260952	
256	 0.005179157819441953	 0.7839162400903659	
257	 0.00517083814002743	 0.7818185892166933	
258	 0.0051612353425893286	 0.7794002201233419	
259	 0.0051545643986215615	 0.7777219737129036	
260	 0.0051457368320765315	 0.775503398731487	
261	 0.005138460288101043	 0.7736765387984834	
262	 0.005134077192462258	 0.7725769441787934	
263	 0.00513275906958175	 0.7722463868212537	
264	 0.005134280138557791	 0.7726278437966415	
265	 0.005139505297066482	 0.7739387943124503	
266	 0.005148795681691829	 0.7762718725041359	
267	 0.0051600493782334835	 0.7791017547309959	
268	 0.005173192657332725	 0.7824120084183362	
269	 0.005354469249288396	 0.8286385514709254	
270	 0.0054332859264583306	 0.8490671146991209	
271	 0.0054672592147801185	 0.857933965745933	
272	 0.005455296944273144	 0.8548076730949902	
273	 0.005432340690186554	 0.8488209400077213	
274	 0.0053967090686740035	 0.839561981221014	
275	 0.005408211585923518	 0.8425464962399865	
276	 0.00542594384189192	 0.847155713316949	
277	 0.005464476425386732	 0.8572062871659103	
278	 0.005439590386851385	 0.850709760972576	
279	 0.005420479753605934	 0.8457343386076392	
280	 0.005434171407304882	 0.8492977527573905	
281	 0.005440745551261457	 0.8510108802147628	
282	 0.005728274027415662	 0.9272796501491503	
283	 0.005693009196394023	 0.9177848733390701	
284	 0.005682251618534076	 0.9148962656378158	
285	 0.005678473874310623	 0.9138827360498131	
286	 0.005644085113978028	 0.9046772666424528	
287	 0.0056134657034038315	 0.8965122108427528	
288	 0.005593672890835079	 0.8912499731293794	
289	 0.005609468806260349	 0.8954485730461393	
290	 0.005613497201677624	 0.8965205950393095	
291	 0.005625040024111579	 0.8995951695984751	
292	 0.005591793146761329	 0.8907508573671296	
293	 0.005561264415410458	 0.8826604366780867	
294	 0.005533825285719089	 0.875414009176364	
295	 0.005509045888776962	 0.8688905418032191	
296	 0.00548755053334569	 0.8632474567067974	
297	 0.005466861705847838	 0.8578300050177864	
298	 0.005431676705032932	 0.8486480306452898	
299	 0.005413971014009933	 0.8440424646843928	
300	 0.005396628861949927	 0.8395411851575498	
301	 0.005379526351001244	 0.8351115403757662	
302	 0.005366320961652663	 0.8316976874882732	
303	 0.00535629543151102	 0.8291096274230092	
304	 0.005342131100262058	 0.8254586499107637	
305	 0.005324985569981816	 0.8210478697155379	
306	 0.005308719924124874	 0.8168721866084531	
307	 0.005298194718451217	 0.8141747176001541	
308	 0.005291411606669987	 0.8124381886951804	
309	 0.00528780009577869	 0.8115142191897092	
310	 0.005285512021248382	 0.8109290554949323	
311	 0.005281435616235625	 0.8098869535641314	
312	 0.005276437556233497	 0.8086099691553428	
313	 0.005272976232043238	 0.8077260870669849	
314	 0.005272548377509253	 0.8076168571918236	
315	 0.005274513276262886	 0.808118538213444	
316	 0.005281198371825994	 0.8098263203420647	
317	 0.005287818529016046	 0.8115189340841613	
318	 0.005291322461603374	 0.8124153767453275	
319	 0.005302277395741901	 0.8152206293174185	
320	 0.005329375500553256	 0.8221763026731186	
321	 0.0053477941698956925	 0.8269175812355447	
322	 0.005341881005080196	 0.8253942436511366	
323	 0.00534268337253923	 0.8256008820490848	
324	 0.005339426277055583	 0.824762191629022	
325	 0.005330886710339851	 0.8225649030232935	
326	 0.005316238144190661	 0.8188011901041317	
327	 0.005305353780462977	 0.816009100982357	
328	 0.005294915747485609	 0.8133350905737954	
329	 0.005284875798365071	 0.810766374655179	
330	 0.005600790052018556	 0.8931407581051485	
331	 0.005563760262866425	 0.8833207527455277	
332	 0.005573428009762327	 0.8858803726172044	
333	 0.005551103481417797	 0.8799742396568977	
334	 0.005531322349999574	 0.8747541959611543	
335	 0.005514726489046471	 0.8703843020232938	
336	 0.005503131909132431	 0.867336503199177	
337	 0.005507158707738914	 0.8683945192788223	
338	 0.005516220096065927	 0.8707772285710117	
339	 0.005585454007507282	 0.8890684931255101	
340	 0.0056589883382570415	 0.9086621084163616	
341	 0.00568934298055332	 0.9168000177675063	
342	 0.005717538560642014	 0.9243850726793158	
343	 0.005873783918425615	 0.9668691344377391	
344	 0.005998931266667884	 1.00144606225987	
345	 0.006183889339900019	 1.0534338483798937	
346	 0.006460808573603797	 1.1332242927834455	
347	 0.00646088257300656	 1.1332459253288834	
348	 0.00641148225787885	 1.1188413138747355	
349	 0.006346837167600018	 1.1001029952280148	
350	 0.006256618806481419	 1.0741639662577047	
351	 0.006207005429763425	 1.0600051177422058	
352	 0.006189795980228747	 1.0551113891085617	
353	 0.006173490720047864	 1.0504831388087994	
354	 0.006119915361680892	 1.035333134020812	
355	 0.006039923609743081	 1.0128772804649617	
356	 0.00596765290687058	 0.9927586486225598	
357	 0.005901786653943424	 0.9745637722035863	
358	 0.005842438840845173	 0.9582850465950481	
359	 0.005789418323793366	 0.9438347696522026	
360	 0.0057419442419513085	 0.9309707540304953	
361	 0.005699081289490651	 0.9194169499457869	
362	 0.005660306072039413	 0.9090147826701275	
363	 0.0056258001681213044	 0.8997977911735758	
364	 0.005593864075566571	 0.8913007433869542	
365	 0.005564703255953318	 0.8835702879466751	
366	 0.0055380829301539085	 0.8765368483201712	
367	 0.005513544341419213	 0.8700733620890718	
368	 0.005491249227629351	 0.8642174115504991	
369	 0.005473801306386079	 0.8596456463702746	
370	 0.005461984325212847	 0.8565548312878172	
371	 0.005452530934109	 0.8540854371031213	
372	 0.005443757264197857	 0.8517961504619448	
373	 0.005435576742778183	 0.8496638469463913	
374	 0.0054281708838785645	 0.8477353081632083	
375	 0.005421495082623427	 0.8459983841867142	
376	 0.005415502104737086	 0.8444403326592858	
377	 0.005409969492685212	 0.8430029868406373	
378	 0.005403502284277751	 0.8413240792584137	
379	 0.005392076393330756	 0.8383611552460211	
380	 0.0053767095162947365	 0.8343828639057941	
381	 0.005363093284710111	 0.8308641203736395	
382	 0.005350076864836752	 0.827505945047943	
383	 0.005338531617734788	 0.82453187975321	
384	 0.0053290610141476305	 0.8220954432352668	
385	 0.00532084091584474	 0.8199830541583417	
386	 0.005313390692832453	 0.8180703850335281	
387	 0.00530729886494844	 0.8165077798235476	
388	 0.005306797612054682	 0.8163792574455788	
389	 0.005338125861350882	 0.8244274344919326	
390	 0.005458192795239739	 0.855564073596794	
391	 0.005595532115803795	 0.8917437505982302	
392	 0.005581409576217326	 0.8879957935573116	
393	 0.005680867918322138	 0.9145249810716451	
394	 0.005808376587710606	 0.9489915897090587	
395	 0.005883286104483486	 0.9694774257508839	
396	 0.005878568589585886	 0.9681821457601242	
397	 0.005824984636826765	 0.9535183611692546	
398	 0.0057624625901655045	 0.9365219301306622	
399	 0.005709142079841645	 0.9221236737126177	
400	 0.005659511694089496	 0.9088021712231387	
401	 0.0056163404849994296	 0.8972775481214594	
402	 0.005585152023925248	 0.8889883804944954	
403	 0.005562851538564676	 0.8830803124394595	
404	 0.005648753912224177	 0.9059248618613038	
405	 0.005799152855865374	 0.9464812469314066	
406	 0.006129736279526762	 1.0381036951216123	
407	 0.006355472702380547	 1.1025988014976016	
408	 0.0067638101668496325	 1.2231792455980894	
409	 0.007095329388715062	 1.3247238520368296	
410	 0.00735977513042498	 1.4080302821627873	
411	 0.007544305723257734	 1.4673595809613138	
412	 0.007867114753087054	 1.573488458044576	
413	 0.008062378426929582	 1.639116107626003	
414	 0.008796742117502152	 1.895428998819315	
415	 0.009958047373060663	 2.330565965300189	
416	 0.011304219834218398	 2.8789806396417266	
417	 0.012837159337676502	 3.558655706989829	
418	 0.013811624534966191	 4.0201817958645965	
419	 0.014258210184024938	 4.239156408813007	
420	 0.013919983191037707	 4.07288615890725	
421	 0.013087677592357794	 3.675152795057021	
422	 0.012410352738303319	 3.3636538440004804	
423	 0.01177335595198771	 3.0808570241961566	
424	 0.011021286273502087	 2.759888637627252	
425	 0.010359851484543017	 2.4893939847860294	
426	 0.009768873799402875	 2.2572444045791387	
427	 0.009250844596838219	 2.0612945842139956	
428	 0.008814993033822266	 1.9019877213691416	
429	 0.008486483206623232	 1.785325248105415	
430	 0.008240342178599256	 1.6998600346804384	
431	 0.008041725474987722	 1.6321240286825338	
432	 0.007860117835754035	 1.5711567467030894	
433	 0.007738323648407992	 1.5307910091285912	
434	 0.007670046761724224	 1.5083464520334138	
435	 0.0076176842111399185	 1.491223349220562	
436	 0.007516612068665803	 1.4583932586187178	
437	 0.00738313801545349	 1.4154875854898918	
438	 0.007237756957950548	 1.369339320550971	
439	 0.007064743988857331	 1.3152201911945045	
440	 0.006874328704851415	 1.2566709554056605	
441	 0.006700510282799816	 1.2041600552824954	
442	 0.006534890652858943	 1.1549635940189227	
443	 0.006393388585891972	 1.1135838456721894	
444	 0.0062659006513346065	 1.076821192983904	
445	 0.006152210282872457	 1.0444549327513069	
446	 0.006051737316993432	 1.0161813055440168	
447	 0.005962549174518465	 0.9913439858423133	
448	 0.005885543584564206	 0.9700975032192805	
449	 0.0058196338139897795	 0.952058973800913	
450	 0.0057670824315525495	 0.937773634249618	
451	 0.005728189500706724	 0.9272568452835571	
452	 0.005708460637919616	 0.9219402402187011	
453	 0.00577061021659843	 0.9387299058604832	
454	 0.005834146752812267	 0.9560193192480397	
455	 0.005919599968840028	 0.9794712328846271	
456	 0.005966675946671195	 0.9924877903876054	
457	 0.006007089719530193	 1.0037170094710435	
458	 0.006083723177699347	 1.02514861057269	
459	 0.006198534480886623	 1.0575951623396345	
460	 0.006200456559581073	 1.0581417945691916	
461	 0.006413999427393266	 1.119573511121819	
462	 0.0066810542799525885	 1.1983382453584426	
463	 0.006693934722187606	 1.2021911910494913	
464	 0.006581596954836462	 1.1687543101875948	
465	 0.006461415646332342	 1.1334017656963504	
466	 0.00634552067660271	 1.099722707242909	
467	 0.006243294779891789	 1.0703541270055725	
468	 0.006152290689890543	 1.0444776838896983	
469	 0.0060722416927958	 1.0219261260407462	
470	 0.006002174507309329	 1.0023485885339347	
471	 0.00594117086926137	 0.985427077195189	
472	 0.005887131769620768	 0.9705338358804483	
473	 0.005839856047798947	 0.957579095055217	
474	 0.005798831132730504	 0.9463937343554826	
475	 0.005763882100255255	 0.9369064623411566	
476	 0.005733108049690327	 0.9285842174151944	
477	 0.005705629165365303	 0.9211782084957002	
478	 0.005681288999021514	 0.914637962145042	
479	 0.005660000925276145	 0.9089331092498304	
480	 0.005641607119189727	 0.9040153768319563	
481	 0.0056257301361122775	 0.8997791229001231	
482	 0.005611115322038152	 0.8958866758637385	
483	 0.005598295341649521	 0.8924778169085167	
484	 0.005585389153281475	 0.8890512878319129	
485	 0.005573623763836336	 0.885932230803937	
486	 0.005563332020271532	 0.8832074403308914	
487	 0.0055552078540093384	 0.8810588985416775	
488	 0.005548211612896751	 0.8792103291168825	
489	 0.0055500449735957375	 0.8796945954345466	
490	 0.005577193285341263	 0.8868780634511955	
491	 0.00558369081083586	 0.8886007789378854	
492	 0.005583489273060077	 0.8885473243096494	
493	 0.005580766007252053	 0.8878251483225366	
494	 0.005601766948747323	 0.8934004110599727	
495	 0.005614438701623223	 0.8967712175567383	
496	 0.005632101373603344	 0.9014781232078013	
497	 0.0056351923594483684	 0.9023028496739408	
498	 0.005629379302046636	 0.900752079042499	
499	 0.0056175647634146945	 0.8976035603340414	
500	 0.005634622834329582	 0.9021508682233721	
501	 0.005621894418206857	 0.8987568809377261	
502	 0.00561058079643727	 0.8957444405771894	
503	 0.00559895194145806	 0.8926522818237203	
504	 0.0055873083350427375	 0.8895604873370985	
505	 0.005575543848582949	 0.886440954381139	
506	 0.005562925560746075	 0.883099897065726	
507	 0.005607985213608552	 0.8950538940231739	
508	 0.005594740358305483	 0.8915334603509916	
509	 0.005576985837700246	 0.8868230840402229	
510	 0.0055595053629147	 0.8821951700830009	
511	 0.005544956586327794	 0.8783508049194634	
512	 0.005532296672884173	 0.8750110191399574	
513	 0.005520080487676778	 0.8717931190276004	
514	 0.005497777512148943	 0.8659304682092456	
515	 0.005480386988005923	 0.8613701099729593	
516	 0.005457736705607411	 0.8554449245641785	
517	 0.0054313784548397515	 0.8485703674545596	
518	 0.0054038477216965764	 0.8414137220481155	
519	 0.005370277422743184	 0.8327199235744255	
520	 0.0053296947734551405	 0.8222583960490645	
521	 0.005295765647420795	 0.813552686237888	
522	 0.005281739924690163	 0.8099647291913576	
523	 0.005280173369201651	 0.8095643784044251	
524	 0.005284674900086432	 0.8107150081042463	
525	 0.00529121341100745	 0.812387471379832	
526	 0.005298983438929551	 0.8143767323653611	
527	 0.005308460260382911	 0.8168055953418298	
528	 0.005319736241924277	 0.8196993423598101	
529	 0.00533026651153297	 0.8224054129875117	
530	 0.005338371231955356	 0.8244905944106801	
531	 0.005345663076881775	 0.826368443862124	
532	 0.005354333813766111	 0.8286036192353307	
533	 0.005361932927271791	 0.830564532748023	
534	 0.005368860717409973	 0.8323538298197389	
535	 0.005373100601318158	 0.8334496589929554	
536	 0.005376352745198444	 0.834290590275155	
537	 0.0053814073067591645	 0.8355982594748226	
538	 0.00538673888114671	 0.8369784825060465	
539	 0.005395318167630571	 0.8392013764844808	
540	 0.0054031471394854385	 0.841231921338234	
541	 0.005410302492701345	 0.8430894709290351	
542	 0.00541678395620628	 0.8447734912052215	
543	 0.005422607101852293	 0.8462876127654709	
544	 0.0054182911490268425	 0.8451652841455034	
545	 0.005413014570122067	 0.8437939620249908	
546	 0.00541905202409776	 0.8453631002953498	
547	 0.005421126817057629	 0.8459026095542693	
548	 0.005420992568213529	 0.8458676966065951	
549	 0.005417987378215872	 0.8450863134458279	
550	 0.005412584154994697	 0.8436821413827422	
551	 0.005406813014412451	 0.8421833879279295	
552	 0.005402742574530478	 0.8411269441057443	
553	 0.005400285582035772	 0.8404895118930916	
554	 0.005399445761608317	 0.8402716766016695	
555	 0.005400199678664915	 0.8404672289667824	
556	 0.005400864749524314	 0.8406397513555195	
557	 0.005403231110166649	 0.8412537108563304	
558	 0.005408737159145649	 0.842682965944168	
559	 0.005413866715424208	 0.8440153644684815	
560	 0.005418375470954949	 0.84518720567453	
561	 0.005422451507889347	 0.8462471414627821	
562	 0.005422261642462384	 0.8461977569118758	
563	 0.005425586738796717	 0.8470627908382725	
564	 0.005428741290370518	 0.8478837837949578	
565	 0.00543172774585538	 0.8486613217619139	
566	 0.005434611215664615	 0.8494123173955239	
567	 0.005437406788492846	 0.8501406740469816	
568	 0.005442323511733625	 0.8514222795151416	
569	 0.005444365116707467	 0.8519546762967417	
570	 0.005446589681383731	 0.8525349356891199	
571	 0.005449222864547424	 0.853221984074006	
572	 0.005449655657789197	 0.8533349293794394	
573	 0.005447745619477459	 0.852836515020066	
574	 0.0054450200153471585	 0.8521254848048294	
575	 0.005442655807527029	 0.8515089244317461	
576	 0.0054460164044456095	 0.8523853860018591	
577	 0.005484872839578845	 0.8625455235078681	
578	 0.00562590700505632	 0.8998262707509392	
579	 0.00604683753218629	 1.0148104248713	
580	 0.0062240488087346064	 1.06486054535706	
581	 0.0063808334795666674	 1.1099415388587428	
582	 0.006390425370619965	 1.1127237699885542	
583	 0.006299714060792571	 1.08652356327861	
584	 0.00620169873919887	 1.0584951260617308	
585	 0.006099028177921779	 1.029450541248817	
586	 0.005979466918314058	 0.9960363749555263	
587	 0.005873629443704645	 0.9668267553023259	
588	 0.0057686795953360665	 0.9382065268391825	
589	 0.0056716344201520035	 0.9120489248824812	
590	 0.005584562684478954	 0.8888320441077763	
591	 0.00550544058559074	 0.8679430303556592	
592	 0.005434143622900742	 0.8492905154713314	
593	 0.0053737720139622035	 0.8336232434180412	
594	 0.005337166129540827	 0.8241804121487343	
595	 0.0053127814207430905	 0.8179140478249554	
596	 0.0052949733615975676	 0.8133498404933921	
597	 0.005281630201552221	 0.8099366856370348	
598	 0.00527162227619198	 0.8073804467661215	
599	 0.005263389109334204	 0.8052799432190452	
600	 0.005256124922119395	 0.8034284705251645	
601	 0.005249690715670026	 0.8017899646301901	
602	 0.005244518254990661	 0.8004737395201085	
603	 0.005238282048875787	 0.7988879757089858	
604	 0.005233708675713687	 0.7977258423330091	
605	 0.005230278189316835	 0.7968545705228238	
606	 0.00522911381736567	 0.7965589309717965	
607	 0.005230149852719854	 0.79682198310149	
608	 0.00523208479380644	 0.7973133628146654	
609	 0.005234097191448734	 0.7978245412130844	
610	 0.005222819714157454	 0.7949615882053734	
611	 0.005218064500158198	 0.7937556415747662	
612	 0.005206686687833147	 0.7908731433313491	
613	 0.005189988939465245	 0.786650471098015	
614	 0.005172774567765015	 0.7823066223419622	
615	 0.005156552258142964	 0.778221919211397	
616	 0.005142783496825855	 0.7747617222059947	
617	 0.005132355329692729	 0.7721451487115526	
618	 0.005135949830887489	 0.7730466596085886	
619	 0.005148249983583509	 0.776134754637856	
620	 0.005162198883024748	 0.7796427429271026	
621	 0.005175613450491037	 0.7830223191710376	
622	 0.005187947068161175	 0.7861347255001153	
623	 0.0051991208692893625	 0.7889587128009035	
624	 0.005209347472473757	 0.7915468608285661	
625	 0.005218523349659211	 0.7938719762347585	
626	 0.005226910217264437	 0.7959995465891061	
627	 0.005234775602073427	 0.7979968969571756	
628	 0.005242877899787537	 0.8000565024809342	
629	 0.0052503823365436355	 0.8019660254871914	
630	 0.005257116824286924	 0.8036811828630421	
631	 0.005263173465029476	 0.8052249559417486	
632	 0.005268569898267358	 0.8066014472978947	
633	 0.005273617862460687	 0.8078899043068475	
634	 0.005269821577745809	 0.8069208528951797	
635	 0.005275734798363483	 0.8084304819587769	
636	 0.005279562648773682	 0.8094083234144012	
637	 0.00527799586407855	 0.8090080241205367	
638	 0.005270535723269813	 0.8071031123693093	
639	 0.0052588096794159	 0.8041125542423555	
640	 0.005244898909354615	 0.800570574341804	
641	 0.005233332157970143	 0.7976301960937294	
642	 0.005235748106316759	 0.7982439955545725	
643	 0.005239163516547649	 0.7991120419887122	
644	 0.005241817564351844	 0.7997868442621794	
645	 0.005243484511946241	 0.8002107888381492	
646	 0.00524388580952874	 0.8003128618160097	
647	 0.0052431722751981194	 0.8001313727378779	
648	 0.0052413611230413635	 0.799670776010808	
649	 0.0052373894581040515	 0.7986611075853756	
650	 0.0052316005115092675	 0.7971903676005979	
651	 0.0052280493484416005	 0.7962886956696019	
652	 0.005227011989362936	 0.7960253779970419	
653	 0.005226896377671245	 0.7959960339019655	
654	 0.005227376641402326	 0.7961179353472448	
655	 0.00522827927282269	 0.796347063159172	
656	 0.0052287585821872914	 0.7964687438145039	
657	 0.005227348601732961	 0.7961108180602827	
658	 0.005215744969026398	 0.7931676623535767	
659	 0.005211987609121199	 0.7922155769865167	
660	 0.005202917615853136	 0.7899191974237915	
661	 0.005188573570780326	 0.7862929561333432	
662	 0.0051695125511383635	 0.7814845745483581	
663	 0.005148238076393101	 0.7761317628195327	
664	 0.005126571663146713	 0.7706954724098352	
665	 0.005109901471234048	 0.7665231874404943	
666	 0.00510739166121558	 0.7658958065943908	
667	 0.0051094806874265415	 0.7664179891655702	
668	 0.005112128039085964	 0.7670799378256732	
669	 0.005113545582316622	 0.7674344768967573	
670	 0.005113913495300666	 0.7675265056321376	
671	 0.005113614853693536	 0.7674518039099166	
672	 0.005113823452368669	 0.7675039821344302	
673	 0.005115206791265026	 0.7678500421335768	
674	 0.00511749035152187	 0.7684214405878289	
675	 0.005120366248027852	 0.7691412968478689	
676	 0.005122193792345328	 0.7695988835919215	
677	 0.005124426694522283	 0.7701581129588521	
678	 0.005127104096799802	 0.7708288813877343	
679	 0.005130544899640834	 0.771691247167754	
680	 0.005134359701852585	 0.772647798925949	
681	 0.005136490483440985	 0.7731822931751448	
682	 0.005129269142236854	 0.7713714600761784	
683	 0.005130073280141583	 0.7715730227247894	
684	 0.005126802366892986	 0.7707532774471708	
685	 0.005120157600896532	 0.7690890619953789	
686	 0.0051118910141208975	 0.7670206623523721	
687	 0.005101764758404951	 0.7644899884204598	
688	 0.005088849126210588	 0.7612670719741612	
689	 0.005079246932833059	 0.7588745090623976	
690	 0.005085729200438882	 0.7604893547595741	
691	 0.005099730444789497	 0.7639819924149319	
692	 0.00511332460470081	 0.7673792042894512	
693	 0.005124848521678473	 0.7702637776312445	
694	 0.005135317814007209	 0.7728881175300855	
695	 0.005145993664823426	 0.7755679110285342	
696	 0.005155230211779693	 0.7778894110165345	
697	 0.005162108116303211	 0.7796198956861652	
698	 0.005166719901808378	 0.7807810848293762	
699	 0.005169539559483331	 0.7814913793942454	
700	 0.005171455026510569	 0.7819740483788922	
701	 0.005173403907602749	 0.782465259543518	
702	 0.005174103975773263	 0.7826417402967282	
703	 0.005174553066809438	 0.7827549604022719	
704	 0.005174329376227784	 0.7826985650682031	
705	 0.005171007827107246	 0.7818613501647034	
706	 0.005157283278282388	 0.7784058026636896	
707	 0.0051490040445023874	 0.7763242304990808	
708	 0.005132741749100795	 0.7722420435873943	
709	 0.005114218405793406	 0.7676027784436844	
710	 0.005094018391224676	 0.7625563364857854	
711	 0.005071274831634355	 0.7568904030338199	
712	 0.005050065046148752	 0.7516218092259683	
713	 0.005035788100496645	 0.7480836540729927	
714	 0.00503654833181325	 0.7482718885089733	
715	 0.005045240896632269	 0.7504255271796075	
716	 0.005056539953597146	 0.7532286404377583	
717	 0.005068741235018612	 0.7562602736424225	
718	 0.005081554158845675	 0.7594491218378632	
719	 0.005095303873374218	 0.7628770835977153	
720	 0.005110066885340615	 0.7665645434617667	
721	 0.0051252365680836045	 0.77036098558859	
722	 0.005140377197475239	 0.7741576336982345	
723	 0.005155353359884549	 0.7779203816248957	
724	 0.005171475942097172	 0.7819793194511842	
725	 0.00518633077284711	 0.7857265698597194	
726	 0.005199467058054371	 0.7890462707783105	
727	 0.005211148605309174	 0.7920030425137832	
728	 0.005221203785380232	 0.7945516982453359	
729	 0.005231285533416726	 0.797110375361916	
730	 0.005241460898544905	 0.7996961473023336	
731	 0.005253026324132206	 0.8026392285640874	
732	 0.0052636024156774855	 0.8053343358156697	
733	 0.005273158675156089	 0.8077726659991178	
734	 0.005282725324342684	 0.8102165996635191	
735	 0.005290590073756424	 0.8122279706351536	
736	 0.005301633454045854	 0.8150556268527616	
737	 0.005307221716704339	 0.8164879983119954	
738	 0.0053123719809135125	 0.8178089936299048	
739	 0.005317076569015895	 0.8190164235439487	
740	 0.005321418583379423	 0.8201314313098033	
741	 0.005325101458914586	 0.8210776510330589	
742	 0.005327879026591359	 0.8217915639533433	
743	 0.005329106177620079	 0.8221070552840217	
744	 0.0053291339702466675	 0.8221142011209163	
745	 0.005328797675872787	 0.8220277372394046	
746	 0.005330904984966022	 0.8225696027052594	
747	 0.005333227414082492	 0.8231669487487835	
748	 0.005335289340919256	 0.8236974370188247	
749	 0.005337109038767979	 0.8241657186679056	
750	 0.005339367087605021	 0.8247469537120474	
751	 0.005340709130611559	 0.8250924811236304	
752	 0.005341881529664867	 0.8253943787437447	
753	 0.0053426692106498825	 0.8255972346752867	
754	 0.005341509628456391	 0.825298607855548	
755	 0.005339321082245348	 0.8247351100263798	
756	 0.005330361000439202	 0.8224297109117518	
757	 0.0053132760171722285	 0.8180409587242798	
758	 0.005291915833371792	 0.8125672235888202	
759	 0.005267143726584645	 0.8062375761511545	
760	 0.005241113296706556	 0.799607759188362	
761	 0.005219423178796442	 0.7941001347083222	
762	 0.005209937087180102	 0.7916961838420195	
763	 0.00520583206907002	 0.7906568003582921	
764	 0.005202925182223392	 0.7899211119982855	
765	 0.0051991825859802245	 0.7889743218865136	
766	 0.0051972948985293125	 0.7884969530411335	
767	 0.005198236795855795	 0.7887351308017748	
768	 0.0052027813578115305	 0.7898847193638447	
769	 0.005209488789443738	 0.7915826490650155	
770	 0.005217210465625061	 0.7935391316202065	
771	 0.005225209707754577	 0.7955679793264571	
772	 0.005230866649803777	 0.7970040001189245	
773	 0.005236155155375439	 0.7983474296390776	
774	 0.0052409713305440015	 0.7995716611897933	
775	 0.005245221073776178	 0.8006525335435557	
776	 0.005249081920321835	 0.8016350008561599	
777	 0.005250909766966255	 0.8021002999762011	
778	 0.005234740929081136	 0.797988087640002	
779	 0.005235218907033382	 0.7981095302373594	
780	 0.005232346282310203	 0.7973797773064459	
781	 0.005225255130015626	 0.7955795056903642	
782	 0.005213064925284173	 0.7924885136318263	
783	 0.00519626392731171	 0.7882362841334115	
784	 0.005173411527211135	 0.7824671802910846	
785	 0.0051535201110362895	 0.7774593874912261	
786	 0.005145904733043044	 0.775545572538211	
787	 0.005143506436581896	 0.7749432491604663	
788	 0.005142060292489151	 0.7745801458369744	
789	 0.005140250214742153	 0.7741257606018597	
790	 0.005139303979143621	 0.7738882687893656	
791	 0.00513998890315216	 0.7740601721586824	
792	 0.00514234984814851	 0.774652843115877	
793	 0.00514574499392263	 0.7755054488242603	
794	 0.005150153723914985	 0.7766131505841087	
795	 0.005155940252751557	 0.7780679865241074	
796	 0.005163317615943751	 0.779924365489941	
797	 0.005172258144298674	 0.7821764574927352	
798	 0.005182111438496074	 0.78466148032179	
799	 0.005191969609957099	 0.7871508875703471	
800	 0.005202130133216334	 0.7897199450316074	
801	 0.0052116370716328	 0.7921267768800078	
802	 0.005198036851762374	 0.788684568494173	
803	 0.00520430618142191	 0.7902705875010219	
804	 0.005202675486933308	 0.7898579307367785	
805	 0.005192050977379518	 0.7871714477745894	
806	 0.005178712059956789	 0.7838037932130485	
807	 0.005168134804011829	 0.7811374778402591	
808	 0.005153776860840039	 0.7775239439677573	
809	 0.005192119570679905	 0.7871887803359692	
810	 0.005259364439182868	 0.804253937624537	
811	 0.005283278529666189	 0.8103580139759265	
812	 0.005285362401724382	 0.8108907969263731	
813	 0.005278540004180122	 0.8091470380087841	
814	 0.005271811024901439	 0.8074286273286884	
815	 0.005264998877266978	 0.8056904664117448	
816	 0.005258632281283802	 0.8040673455133204	
817	 0.005252739978916643	 0.8025663094146834	
818	 0.00524748008271535	 0.8012273237022307	
819	 0.005243545805302052	 0.8002263789149404	
820	 0.0052365248971169695	 0.7984413883129814	
821	 0.005230048248439361	 0.7967961839681671	
822	 0.005224753698580956	 0.7954522660302682	
823	 0.005221469588270181	 0.7946191149210418	
824	 0.005219155084112241	 0.7940321545336176	
825	 0.005217663341540983	 0.7936539391920995	
826	 0.00520831751702233	 0.7912860462452694	
827	 0.005204613580833555	 0.7903483863750407	
828	 0.005199916805642918	 0.789160026632344	
829	 0.005195627557897108	 0.7880754028436306	
830	 0.005192120589791831	 0.7871890378523573	
831	 0.005188023209549328	 0.7861539552266728	
832	 0.0051824653160440805	 0.7847507876773433	
833	 0.005176646769336712	 0.7832828891087243	
834	 0.00517525849841161	 0.7829328196204746	
835	 0.005181082002980872	 0.7844017068954173	
836	 0.0051873822858086	 0.7859920939665687	
837	 0.00519277697231541	 0.7873549042170395	
838	 0.005197710202594421	 0.7886019675145584	
839	 0.005202192033603961	 0.7897356066174556	
840	 0.005206814941727814	 0.7909056122825737	
841	 0.00521238419927997	 0.7923160482123175	
842	 0.005218034100308687	 0.793747934373117	
843	 0.0052228809154452405	 0.7949771139384831	
844	 0.005227798414183707	 0.7962249966674568	
845	 0.005233164782526021	 0.7975876794328915	
846	 0.005239629868695043	 0.7992305973881534	
847	 0.00524691085402728	 0.8010824716082924	
848	 0.005253172344181353	 0.8026764142732794	
849	 0.005258243474410158	 0.8039682642347874	
850	 0.005254115055248055	 0.802916503230462	
851	 0.005258541764147139	 0.8040442782173943	
852	 0.005260658168622211	 0.8045836898599872	
853	 0.0052615832368514	 0.8048195090330861	
854	 0.005260397636752608	 0.8045172798450577	
855	 0.005258911443081434	 0.8041384884916878	
856	 0.005265050044147757	 0.8057035163675459	
857	 0.005270714244089478	 0.8071486758387303	
858	 0.005275821884973849	 0.8084527233654132	
859	 0.005280705538109866	 0.8097003712449513	
860	 0.005285040772524918	 0.8108085569436476	
861	 0.005288882853633904	 0.8117911879833153	
862	 0.005292175684404747	 0.8126337243593749	
863	 0.0052929430985013464	 0.8128301327794061	
864	 0.005291596435755785	 0.8124854867091534	
865	 0.005289515497320548	 0.8119530353467436	
866	 0.005287452895082095	 0.8114254134701804	
867	 0.005285862654618372	 0.8110187172829498	
868	 0.0052851950745174715	 0.8108480112572033	
869	 0.005284725877264797	 0.8107280420490139	
870	 0.005282958687554531	 0.8102762524375697	
871	 0.005281658502252797	 0.8099439188256817	
872	 0.0052816028579025275	 0.8099296970792279	
873	 0.005283631911781828	 0.8104483532139776	
874	 0.005287160579539015	 0.8113506490880199	
875	 0.005290388379887601	 0.8121763634994414	
876	 0.005293303018946665	 0.8129222556963723	
877	 0.005295940263463314	 0.8135973952001254	
878	 0.005298108259798168	 0.8141525741877058	
879	 0.0052996224190168155	 0.8145404088634398	
880	 0.005300929064186805	 0.8148751505597926	
881	 0.005302167307673715	 0.8151924196016012	
882	 0.005303291537523251	 0.8154805182757752	
883	 0.005304456345717532	 0.8157790586334962	
884	 0.005305480050166573	 0.8160414701855612	
885	 0.00530652773406129	 0.8163100634680045	
886	 0.005307676288841482	 0.8166045575058215	
887	 0.005308747331650089	 0.8168792154477658	
888	 0.005309449566875118	 0.8170593165202721	
889	 0.005307863189995683	 0.8166524837286113	
890	 0.005304593084450522	 0.8158141076394977	
891	 0.00530140130323067	 0.8149961442209801	
892	 0.0052992783133235756	 0.8144522636134982	
893	 0.005297768407273174	 0.8140655349785412	
894	 0.005296958966613228	 0.8138582451245334	
895	 0.005295330202890715	 0.8134411986265111	
896	 0.005293439144271931	 0.8129570985454921	
897	 0.005292326747866765	 0.8126723853434116	
898	 0.005294576567350057	 0.8132482584663824	
899	 0.005296534245432613	 0.8137494866217259	
900	 0.005291981090024885	 0.8125839237899866	
901	 0.0052853011642070204	 0.8108751383509524	
902	 0.005273312435999541	 0.807811922992669	
903	 0.005259416136555088	 0.8042671134723934	
904	 0.00524833801017192	 0.80144566100252	
905	 0.005238396664349018	 0.7989171091762699	
906	 0.00523520516225948	 0.7981060379206619	
907	 0.005235142910793337	 0.7980902209429344	
908	 0.005235249355941431	 0.7981172668163654	
909	 0.00523435164499508	 0.7978891854634581	
910	 0.0052327337802800826	 0.797478200542654	
911	 0.005230789636086069	 0.7969844431493841	
912	 0.005228841636370446	 0.7964898292564018	
913	 0.005227783910358046	 0.7962213149717271	
914	 0.0052284365084120255	 0.7963869792094583	
915	 0.005229350742331836	 0.7966190837862902	
916	 0.005232358786733621	 0.7973829533138447	
917	 0.00523556494063928	 0.7981974535914292	
918	 0.0052390844651838886	 0.7990919463574162	
919	 0.005243304615964696	 0.8001650326688569	
920	 0.005246992930213885	 0.8011033569568625	
921	 0.005250812559456759	 0.8020755519817757	
922	 0.005256409877975556	 0.8035010670318862	
923	 0.005261310410412305	 0.8047499570130742	
924	 0.005265911498172102	 0.8059232402652102	
925	 0.005265158063915471	 0.8057310667552111	
926	 0.00525635697623911	 0.8034875893731577	
927	 0.005238657933236059	 0.7989835212445456	
928	 0.005221423553822096	 0.7946074388516026	
929	 0.005208124959577348	 0.7912372889319049	
930	 0.005207750728613962	 0.7911425336527648	
931	 0.005209270655760228	 0.7915274074229641	
932	 0.005210557204426153	 0.7918532439392664	
933	 0.005212704892528683	 0.7923972956187348	
934	 0.0052158654436306705	 0.7931981972361101	
935	 0.005219399814226659	 0.7940942101135628	
936	 0.00522243939280321	 0.794865109819639	
937	 0.005225524683046571	 0.7956479089068437	
938	 0.005228355980122983	 0.7963665360835207	
939	 0.005230900388035574	 0.7970125677124391	
940	 0.005232798402365928	 0.7974946148170539	
941	 0.005234809439395465	 0.7980054939943173	
942	 0.005236895786239903	 0.7985356430026948	
943	 0.005239765570599559	 0.7992650966604443	
944	 0.0052423197039239006	 0.7999145408872983	
945	 0.0052459387943684255	 0.8008351350050411	
946	 0.00525168020375636	 0.8022964557634958	
947	 0.005256937515705506	 0.8036354970815156	
948	 0.005261721267862861	 0.8048546983849432	
949	 0.005266036861423777	 0.8059552176224013	
950	 0.005269893425645524	 0.8069391886936939	
951	 0.0052733607086151105	 0.8078242477296895	
952	 0.005276375455499928	 0.8085941077353608	
953	 0.005278983618615196	 0.8092603772279874	
954	 0.005281303056219736	 0.8098530746036163	
955	 0.005283169495076698	 0.8103301409910401	
956	 0.005281847097636621	 0.8099921213307305	
957	 0.005279525138089258	 0.8093987388489411	
958	 0.005277054364263992	 0.8087675175490621	
959	 0.005275084769551092	 0.8082644761658146	
960	 0.005274217210402762	 0.8080429382414845	
961	 0.0052744495905858975	 0.8081022759328124	
962	 0.00527497771204748	 0.8082371368921419	
963	 0.005274938572950497	 0.8082271420336565	
964	 0.005275106536175798	 0.8082700347538067	
965	 0.005277610147748674	 0.8089094892434132	
966	 0.005280019311835393	 0.8095250115963465	
967	 0.0052821440177475264	 0.8100680125397035	
968	 0.005283912914510733	 0.8105201921308384	
969	 0.005284105680783621	 0.8105694746918992	
970	 0.005285252495355173	 0.8108626936987574	
971	 0.005284875690601225	 0.8107663471012982	
972	 0.005283622422890129	 0.8104459274040497	
973	 0.005284868556090772	 0.8107645228961785	
974	 0.00528604708560134	 0.811065880419997	
975	 0.005287017782876404	 0.8113141275562478	
976	 0.005289065297451451	 0.8118378607213615	
977	 0.005290276110182455	 0.8121476377710398	
978	 0.005291300736316661	 0.8124098173497443	
979	 0.005291999403504383	 0.8125886105213325	
980	 0.005292458084076465	 0.81270599821944	
981	 0.0052931480006900315	 0.8128825777107406	
982	 0.005293160813258396	 0.8128858571460916	
983	 0.0052926760971658	 0.8127617955368813	
984	 0.005291889535870353	 0.8125604936845003	
985	 0.005290932323603506	 0.8123155446389149	
986	 0.005289767041362624	 0.8120173907009541	
987	 0.005288692142529892	 0.8117424014572139	
988	 0.005286953473111713	 0.8112976799698429	
989	 0.005286207014500476	 0.8111067787130025	
990	 0.005286694777874516	 0.8112315185457448	
991	 0.005287307233500879	 0.8113881578432732	
992	 0.0052878632417352085	 0.8115303708484494	
993	 0.005288436674027976	 0.8116770509349482	
994	 0.005288883787252735	 0.8117914268187508	
995	 0.005289244635053894	 0.81188373987419	
996	 0.005289429868529312	 0.8119311284311299	
997	 0.005289739243219688	 0.8120102786877104	
998	 0.005293116618959037	 0.8128745454358174	
999	 0.005293285923077367	 0.8129178798534058	
1000	 0.005293333691525887	 0.8129301066451282	
1001	 0.005295202961747614	 0.8134086220118442	
1002	 0.005295041943358522	 0.8133673984051928	
1003	 0.00529582536143887	 0.8135679753970765	
1004	 0.005295795431709288	 0.8135603121837696	
1005	 0.005295575191069435	 0.8135039226189649	
1006	 0.005295567670866055	 0.8135019972026716	
1007	 0.005295449357138738	 0.8134717052860305	
1008	 0.005294679528915282	 0.8132746168399994	
1009	 0.005293413219774034	 0.8129504628248037	
1010	 0.005293101909572547	 0.8128707805226163	
1011	 0.005292630724682136	 0.812750182975411	
1012	 0.005292355436010268	 0.8126797274524838	
1013	 0.005292068157973534	 0.8126062060576152	
1014	 0.005291770644876744	 0.8125300680679878	
1015	 0.005291468826835978	 0.8124528312956304	
1016	 0.005291169710974115	 0.8123762889222094	
1017	 0.005290959077091886	 0.8123223904113248	
1018	 0.005290711157499026	 0.8122589527976469	
1019	 0.0052905491820608	 0.8122175076266424	
1020	 0.005290471779770969	 0.8121977027550444	
1021	 0.0052903832416360125	 0.8121750487991337	
1022	 0.005290485848458142	 0.8122013024861606	
1023	 0.005290929345423576	 0.812314782573665	
1024	 0.005296611405646505	 0.813769244632794	
1025	 0.00529792971730629	 0.8141068474272036	
1026	 0.005301231208737128	 0.814952563016108	
1027	 0.005304630321238951	 0.8158236523139344	
1028	 0.00530562773443717	 0.8160793296586587	
1029	 0.00530449446391068	 0.8157888290655575	
1030	 0.005302702795681914	 0.8153296403628153	
1031	 0.005301038285015611	 0.8149031336892598	
1032	 0.005299335024219557	 0.8144667902715436	
1033	 0.0052978590603834	 0.8140887516702784	
1034	 0.0052964773325073055	 0.8137349133505631	
1035	 0.005294936241686323	 0.8133403373283848	
1036	 0.005293005831816749	 0.8128461892938992	
1037	 0.0052908627550782164	 0.8122977433191694	
1038	 0.0052881635326189665	 0.811607181894844	
1039	 0.00528503604328614	 0.8108073477110577	
1040	 0.005281813119267139	 0.8099834368206686	
1041	 0.005278948215017058	 0.8092513317161979	
1042	 0.005277810739711406	 0.8089607317544836	
1043	 0.005275704149900485	 0.8084226545803231	
1044	 0.005271282590828244	 0.80729374055703	
1045	 0.005263819973609263	 0.8053898140707239	
1046	 0.005253287995143922	 0.8027058666292691	
1047	 0.005240710009606764	 0.7995052163363652	
1048	 0.00522574934653794	 0.7957049225114364	
1049	 0.005213550260207504	 0.7926114848888098	
1050	 0.005207922753392407	 0.7911860897625858	
1051	 0.005204560589943065	 0.7903349748373726	
1052	 0.005202281638646557	 0.7897582780536839	
1053	 0.005200446428512102	 0.7892939939639261	
1054	 0.005199741339884096	 0.789115644830814	
1055	 0.005200920936096721	 0.7894140276901007	
1056	 0.005204394697035466	 0.7902929893608375	
1057	 0.0052098405801885	 0.7916717421696522	
1058	 0.005220630480920036	 0.7944062964764227	
1059	 0.005242764395918708	 0.8000276351124356	
1060	 0.0052532193572286815	 0.8026883868409503	
1061	 0.005278907709132038	 0.8092409826352132	
1062	 0.005305980888909004	 0.8161698651156856	
1063	 0.005320014277605065	 0.8197707461615524	
1064	 0.005327199468170531	 0.8216168754168408	
1065	 0.005342759622671447	 0.825620520269403	
1066	 0.0053432738714046454	 0.8257529699016983	
1067	 0.0053405495278146505	 0.8250513861576864	
1068	 0.005339661898639897	 0.8248228519018391	
1069	 0.005343641064546762	 0.8258475491741593	
1070	 0.0053739713763995365	 0.8336747885947482	
1071	 0.005522726745103713	 0.8724897748247714	
1072	 0.005648008397404207	 0.9057255994197025	
1073	 0.005836513093762811	 0.9566656786920573	
1074	 0.006076180138813536	 1.0230310642119214	
1075	 0.006257926566370308	 1.0745381956575244	
1076	 0.006285409750768053	 1.0824148573300054	
1077	 0.006208858449554491	 1.060532587856583	
1078	 0.00611113429584801	 1.0328584321678524	
1079	 0.006011830946657267	 1.0050376995319088	
1080	 0.00591998246682285	 0.9795767168818663	
1081	 0.005839477008276353	 0.9574755101759306	
1082	 0.005767658308784217	 0.9379297098349507	
1083	 0.005707556669690891	 0.9216969286540725	
1084	 0.005651324738030763	 0.9066121309322792	
1085	 0.005600338156840631	 0.893020657445814	
1086	 0.005553238873242828	 0.8805384910537188	
1087	 0.005509981401498722	 0.8691364719160926	
1088	 0.005470867681154803	 0.8588779204135928	
1089	 0.005436033312650784	 0.8497827983763973	
1090	 0.005401691673750383	 0.840854278992987	
1091	 0.005368322514932187	 0.8322147686830892	
1092	 0.005337185952779347	 0.824185514090078	
1093	 0.005308213168148916	 0.8167422300789867	
1094	 0.005281829248346544	 0.8099875592372745	
1095	 0.005262950758928295	 0.805168169549052	
1096	 0.005260848711682549	 0.8046322609970954	
1097	 0.005293911808742958	 0.813078087113738	
1098	 0.005329607355301669	 0.8222359182397596	
1099	 0.00533739395175104	 0.8242390479085513	
1100	 0.0053253119396155435	 0.8211317417947829	
1101	 0.005310551614860375	 0.8173419889078786	
1102	 0.0052954100680768675	 0.8134616461897006	
1103	 0.005279899307273078	 0.8094943469488092	
1104	 0.005265587465255762	 0.8058405890782655	
1105	 0.005253033518642434	 0.8026410607139186	
1106	 0.005240993901577102	 0.7995774003245197	
1107	 0.005229920901908136	 0.7967638488915288	
1108	 0.005222144111108832	 0.7947902071814944	
1109	 0.005216223095395831	 0.7932888486094875	
1110	 0.005211715862430525	 0.7921467362562756	
1111	 0.005208012350023212	 0.7912087757155891	
1112	 0.005204613124161681	 0.7903482707949365	
1113	 0.005200445013515882	 0.7892936360305794	
1114	 0.005197427386269749	 0.7885304535028671	
1115	 0.005203564203082757	 0.7900828148594365	
1116	 0.005209731679990189	 0.7916441621161963	
1117	 0.005215471125450357	 0.793098257097944	
1118	 0.005219915325978801	 0.7942249334372791	
1119	 0.005215470367606699	 0.7930980650269434	
1120	 0.005214224185789142	 0.7927822527740808	
1121	 0.005208283223453891	 0.7912773627108602	
1122	 0.005202332475254361	 0.7897711406030443	
1123	 0.005200889772811231	 0.7894061442511603	
1124	 0.005205131260231621	 0.7904794113575725	
1125	 0.005212010353550999	 0.7922213388695507	
1126	 0.005213589136451933	 0.7926213354490093	
1127	 0.005213725960762533	 0.79265600472503	
1128	 0.005213409575321485	 0.7925758382092148	
1129	 0.005213368959491316	 0.7925655471058658	
1130	 0.0052138277872768	 0.7926818064658059	
1131	 0.005215082957607845	 0.792999880685923	
1132	 0.005217319788238435	 0.7935668451458515	
1133	 0.005218289128044705	 0.7938125918771376	
1134	 0.005218008205209091	 0.7937413692736247	
1135	 0.005217494853206775	 0.7936112253110573	
1136	 0.00521633806737047	 0.793317990593963	
1137	 0.005214158513174243	 0.792765611159672	
1138	 0.005212294246066091	 0.7922932592280357	
1139	 0.005210153981755168	 0.791751116364035	
1140	 0.005207591244753172	 0.7911021537189986	
1141	 0.005202112206745294	 0.7897154094294917	
1142	 0.005195733700685423	 0.788102236012275	
1143	 0.005222409065927323	 0.794857416821834	
1144	 0.005254003469354591	 0.8028880831190558	
1145	 0.005287196260642109	 0.8113597749539877	
1146	 0.005308196153572591	 0.8167378668693328	
1147	 0.005296243737377724	 0.8136750994698475	
1148	 0.005285640907536146	 0.8109620130351947	
1149	 0.005276163055755961	 0.8085398587285161	
1150	 0.005268400307814195	 0.8065581748223558	
1151	 0.005261262897230487	 0.8047378446579944	
1152	 0.005253204023181965	 0.8026844817913641	
1153	 0.005243560067325552	 0.8002300065040414	
1154	 0.005232424606035466	 0.797399670888555	
1155	 0.005221042423320143	 0.7945107724412003	
1156	 0.0052103806454943166	 0.7918085247348072	
1157	 0.005200593662684294	 0.7893312382486645	
1158	 0.005190969507534555	 0.786898195746616	
1159	 0.0051822650680445215	 0.7847002509984359	
1160	 0.005175499842176809	 0.7829936729066422	
1161	 0.0051707249003026265	 0.7817900534573673	
1162	 0.0051664179915151135	 0.7807050464983829	
1163	 0.005160409240065892	 0.7791923144272739	
1164	 0.005155195323802267	 0.7778806371028341	
1165	 0.005151485579039369	 0.776947906081595	
1166	 0.005147883683755277	 0.776042719711578	
1167	 0.005155098937655161	 0.777856397332554	
1168	 0.005204402803559387	 0.7902950410026779	
1169	 0.005253694498524958	 0.802809392606875	
1170	 0.005253490882551832	 0.8027575361770933	
1171	 0.0052536332745912176	 0.8027938001007681	
1172	 0.005253472031631284	 0.8027527353374319	
1173	 0.0052530889244399425	 0.80265517037845	
1174	 0.005249976336103207	 0.8018626710563427	
1175	 0.005246259435304011	 0.8009167174025846	
1176	 0.005242796963336459	 0.8000359179209529	
1177	 0.005237088160718328	 0.798584533212058	
1178	 0.005229299541495361	 0.7966060842661032	
1179	 0.005220586163829325	 0.79439505719654	
1180	 0.005211968172578179	 0.7922106531090515	
1181	 0.005203660012994658	 0.7901070604939421	
1182	 0.00519597896877347	 0.7881642418107797	
1183	 0.005188391114270819	 0.7862468732730543	
1184	 0.005181230243249609	 0.784439112540529	
1185	 0.005174482116846997	 0.7827370728087291	
1186	 0.0051700314671432376	 0.7816153213766786	
1187	 0.005163740090777797	 0.7800307271447547	
1188	 0.005215190400434326	 0.793027110273126	
1189	 0.005319654268246339	 0.8196782907444347	
1190	 0.005294022697539703	 0.8131064725130154	
1191	 0.005263815837955611	 0.8053887594461133	
1192	 0.005240765873072142	 0.7995194202930128	
1193	 0.005226166270667718	 0.7958107310704564	
1194	 0.005221836700183349	 0.7947122307814848	
1195	 0.0052203353170756275	 0.7943314410228808	
1196	 0.005218859617495418	 0.7939572364152326	
1197	 0.005217699879169946	 0.7936632020552326	
1198	 0.005216426380526135	 0.7933403756495535	
1199	 0.0052143802105900534	 0.7928217904318743	
1200	 0.005212103183543228	 0.7922448558148224	
1201	 0.005210088945241777	 0.7917346445163038	
1202	 0.005207747774407772	 0.7911417856658217	
1203	 0.0052045910472592475	 0.7903426833104698	
1204	 0.005201474879410311	 0.7895541650979967	
1205	 0.005200015857368204	 0.7891850809301391	
1206	 0.0051969621074517015	 0.7884128069757133	
1207	 0.005192534490543905	 0.7872936279990478	
1208	 0.005186588705123154	 0.7857916986283602	
1209	 0.0051790710879742	 0.7838943607845855	
1210	 0.005172498753475139	 0.7822371021042723	
1211	 0.005163813505853676	 0.780049210610036	
1212	 0.005154003158752307	 0.7775808454807314	
1213	 0.005143952439509362	 0.7750552469943356	
1214	 0.005132115430329463	 0.7720849962631935	
1215	 0.005119160932038211	 0.7688395653197895	
1216	 0.005108174729209572	 0.7660915291808535	
1217	 0.005098249390058892	 0.7636122377070832	
1218	 0.005096400229427637	 0.7631506835360955	
1219	 0.005096496506668055	 0.7631747117721042	
1220	 0.0050947894520709065	 0.7627487212774599	
1221	 0.005091716166653782	 0.7619820317127164	
1222	 0.0050884773376659925	 0.7611743779690986	
1223	 0.005084858504118443	 0.7602723693256709	
1224	 0.005080810624209249	 0.7592639261387507	
1225	 0.005075701536665388	 0.7579918701080532	
1226	 0.0050688874845738925	 0.7562966415778769	
1227	 0.0050600474304285875	 0.754099638802378	
1228	 0.005056700330604048	 0.753268457464521	
1229	 0.005053175248338546	 0.7523934744260518	
1230	 0.00505038582000177	 0.7517013810487475	
1231	 0.005049541650827751	 0.7514919819386986	
1232	 0.005051058832136322	 0.7518683407758161	
1233	 0.005053541025851071	 0.75248424746819	
1234	 0.005055611897247375	 0.7529982471049277	
1235	 0.0050538915153412545	 0.7525712306733224	
1236	 0.0050527195339419165	 0.7522803883583904	
1237	 0.005050916953189121	 0.7518331424496251	
1238	 0.005047419852974125	 0.7509657656211606	
1239	 0.0050436019593465	 0.7500192805734452	
1240	 0.005041909218064783	 0.7495997898439032	
1241	 0.005042217794574382	 0.7496762534729206	
1242	 0.005053650750677111	 0.7525114781434398	
1243	 0.005072103245906406	 0.7570964830217625	
1244	 0.005088779661735124	 0.7612497528069925	
1245	 0.005103750072874337	 0.764985878886227	
1246	 0.005117176740961327	 0.7683429580571876	
1247	 0.00512921118911022	 0.7713569345436232	
1248	 0.0051399904630016575	 0.7740605636697395	
1249	 0.005149344817911287	 0.77640986404695	
1250	 0.005157383786024835	 0.7784310861039379	
1251	 0.005160350044469304	 0.7791774174893905	
1252	 0.005167241813208399	 0.7809125390458853	
1253	 0.00516750706563352	 0.7809793517661732	
1254	 0.005165594836726871	 0.780497743950966	
1255	 0.0051634898646429304	 0.7799677298734882	
1256	 0.005161768773847138	 0.7795344808623823	
1257	 0.005160907232729579	 0.7793176418706438	
1258	 0.005167686482378525	 0.7810245451876483	
1259	 0.005173616353057422	 0.7825188134080566	
1260	 0.005178775999647658	 0.7838199221842146	
1261	 0.00518348979110751	 0.7850093552825625	
1262	 0.005187820935017267	 0.7861028706258718	
1263	 0.005191636013387006	 0.7870665954705938	
1264	 0.005195007137736	 0.7879185663495428	
1265	 0.005198224614475116	 0.7887320503100123	
1266	 0.005201622834532664	 0.7895915966898159	
1267	 0.005204169246044649	 0.7902359318882343	
1268	 0.005199927563127948	 0.7891627476319756	
1269	 0.005196152163598229	 0.788208028068464	
1270	 0.005192411014275055	 0.7872624257318647	
1271	 0.0051870321940317285	 0.7859036861199691	
1272	 0.005180407465396187	 0.7842315090261348	
1273	 0.005174273305588523	 0.7826844291782554	
1274	 0.005168941767388711	 0.7813407691527232	
1275	 0.005164433695836152	 0.7802053607347531	
1276	 0.0051618838171605995	 0.7795634376340546	
1277	 0.005159204465494412	 0.7788891478933809	
1278	 0.0051566785055591645	 0.778253674702086	
1279	 0.0051557980950008835	 0.7780322324964363	
1280	 0.005155894528901514	 0.7780564864688219	
1281	 0.0051554243017500655	 0.777938223071247	
1282	 0.005157247123701813	 0.7783967078011332	
1283	 0.005157150811506919	 0.7783724802022672	
1284	 0.005157038298804377	 0.7783441777029322	
1285	 0.005154573435198088	 0.7777242461157992	
1286	 0.005147600171697937	 0.7759714886832905	
1287	 0.005137956718639623	 0.7735501756698948	
1288	 0.005125150364629878	 0.7703393906812531	
1289	 0.005115983720963168	 0.7680444284437359	
1290	 0.0051148226472437575	 0.7677539373128308	
1291	 0.005114252096024437	 0.767611206180398	
1292	 0.005113357323117322	 0.7673873879689946	
1293	 0.005112308841343668	 0.767125154292136	
1294	 0.005112672681685455	 0.7672161496096261	
1295	 0.005115114303066379	 0.7678269030758269	
1296	 0.005120416011889306	 0.769153755450463	
1297	 0.00512539399968916	 0.7704004245513835	
1298	 0.005127510827338164	 0.7709307998490368	
1299	 0.005131154024456705	 0.7718439518350276	
1300	 0.005139648572528927	 0.7739747535026353	
1301	 0.005147290548359064	 0.7758937003100568	
1302	 0.005150124835994773	 0.77660589038115	
1303	 0.005149418940990935	 0.7764284910659733	
1304	 0.005147527352251429	 0.775953193572955	
1305	 0.005145016325702351	 0.7753224304591623	
1306	 0.0051453381079534614	 0.775403249832811	
1307	 0.0051425190740612215	 0.7746953310757506	
1308	 0.005137169547660617	 0.7733526635766768	
1309	 0.00513072858427	 0.7717372947497553	
1310	 0.005124382321820288	 0.770146998252813	
1311	 0.0051182574545743185	 0.768613425279737	
1312	 0.0051123084691128045	 0.7671250612005863	
1313	 0.0051093848556056105	 0.7663940314887194	
1314	 0.005112060676750168	 0.767063091589625	
1315	 0.005114313272589365	 0.767626509820486	
1316	 0.005114459218926394	 0.7676630195586212	
1317	 0.00511402409191286	 0.767554170825438	
1318	 0.0051140909871912185	 0.7675709045406981	
1319	 0.005114430069031497	 0.7676557274048582	
1320	 0.005114475571240213	 0.7676671102745842	
1321	 0.005113761802716442	 0.7674885611342457	
1322	 0.005112614982395123	 0.7672017189117666	
1323	 0.005111905622445903	 0.7670243155659494	
1324	 0.005112881029280661	 0.7672682586274351	
1325	 0.0051139525297982805	 0.767536269872319	
1326	 0.005115344020873441	 0.767884375285424	
1327	 0.005117734944002797	 0.7684826532422119	
1328	 0.005121381685315956	 0.7693955320406378	
1329	 0.0051302959881612395	 0.7716288497331978	
1330	 0.0051386840907922384	 0.7737327013438136	
1331	 0.005146261666249562	 0.7756352310085827	
1332	 0.005152395951610553	 0.7771767571307255	
1333	 0.005147954985833435	 0.7760606344242132	
1334	 0.005143205399822598	 0.7748676581034099	
1335	 0.0051358828786144785	 0.7730298639467004	
1336	 0.0051285090400214174	 0.7711809546400102	
1337	 0.005126105810080542	 0.7705787537404828	
1338	 0.0051257118339453345	 0.7704800492291022	
1339	 0.005125667103263224	 0.7704688429813918	
1340	 0.005127202030549138	 0.7708534211154491	
1341	 0.005129271600199654	 0.7713720761492177	
1342	 0.00513178113129237	 0.7720011771344101	
1343	 0.005134642116985535	 0.7727186326307445	
1344	 0.0051380754029921386	 0.7735799569667776	
1345	 0.0051413447572375695	 0.7744005117151446	
1346	 0.005143335228617592	 0.7749002580655553	
1347	 0.005142894482170434	 0.7747895890266616	
1348	 0.005139179863818512	 0.773857119752698	
1349	 0.005124896961475508	 0.770275911823585	
1350	 0.005104038139252106	 0.7650578425906892	
1351	 0.005080834803072447	 0.7592699481987067	
1352	 0.005055155237474925	 0.7528848900205538	
1353	 0.0050274327093898724	 0.7460160949069303	
1354	 0.005000338061353842	 0.7393272236977401	
1355	 0.00497126686282737	 0.7321772241411598	
1356	 0.004935083405374569	 0.7233168483784144	
1357	 0.004900957640234496	 0.7149999333471788	
1358	 0.0048713785353449515	 0.7078222606339633	
1359	 0.004847785505587161	 0.702117955685122	
1360	 0.00483475265223603	 0.6989748031091063	
1361	 0.004832042189948132	 0.69832182562233	
1362	 0.004839165040733079	 0.7000383137464948	
1363	 0.004848008124922366	 0.7021716941137108	
1364	 0.004857034346952481	 0.7043519332488974	
1365	 0.0048670446403397535	 0.7067730307539309	
1366	 0.00487761831811326	 0.7093339965215394	
1367	 0.004888549431039238	 0.7119854274601569	
1368	 0.004900134191898381	 0.7147997233155658	
1369	 0.00491129070740132	 0.7175141812394431	
1370	 0.004922184797555009	 0.720168759159836	
1371	 0.004933757064152265	 0.7229928825586284	
1372	 0.004946926936808661	 0.7262122661502395	
1373	 0.004961028041651558	 0.7296656296765439	
1374	 0.004975934225119712	 0.7333232786666739	
1375	 0.004997380475506019	 0.7385985421013236	
1376	 0.005016754333106426	 0.7433770411568881	
1377	 0.005034142709313532	 0.7476763175717226	
1378	 0.00505047463476152	 0.7517234132166171	
1379	 0.005065098618615824	 0.7553546884753571	
1380	 0.005078229223516702	 0.7586211046748851	
1381	 0.005089099000784638	 0.7613293730282409	
1382	 0.0050981782505502855	 0.7635944790797157	
1383	 0.00509547660447716	 0.762920186715266	
1384	 0.005090174992685695	 0.7615976726399881	
1385	 0.005086180556372251	 0.7606018465063715	
1386	 0.005085478774773567	 0.7604269438711191	
1387	 0.0050803277180564025	 0.7591436560898798	
1388	 0.005074622576071492	 0.7577233405920168	
1389	 0.005069624067402294	 0.7564798185584669	
1390	 0.005065691136266606	 0.7555019638036915	
1391	 0.005063001610001005	 0.7548335513096347	
1392	 0.005062119939249871	 0.7546144862556787	
1393	 0.005063177549330857	 0.7548772692651463	
1394	 0.005065894574915081	 0.7555525328678152	
1395	 0.005070268200538805	 0.7566400192455085	
1396	 0.005075703855925808	 0.7579924473618568	
1397	 0.005083609332102259	 0.7599611075684087	
1398	 0.005094200990525578	 0.7626018944673862	
1399	 0.005103878521626847	 0.7650179671562107	
1400	 0.005112497819886801	 0.7671724166885877	
1401	 0.005116851117950805	 0.7682614727470475	
1402	 0.0051241262875973215	 0.7700828667172646	
1403	 0.005130593097741391	 0.771703329759866	
1404	 0.00513639450866039	 0.773158215276364	
1405	 0.005141623639945661	 0.7744705228461285	
1406	 0.0051462726656767155	 0.7756379940334258	
1407	 0.005150296109260534	 0.7766489357136328	
1408	 0.005143520138269403	 0.7749466897574584	
1409	 0.005137689366169504	 0.7734830909724766	
1410	 0.00513801372870305	 0.7735644810673199	
1411	 0.005137763735774188	 0.7735017517312865	
1412	 0.005135288189394187	 0.7728806864848571	
1413	 0.005131146495852749	 0.7718420643763911	
1414	 0.00512714780934671	 0.7708398346109566	
1415	 0.005124714603626167	 0.7702302314929445	
1416	 0.005124161999925421	 0.7700918118246337	
1417	 0.005125013223646329	 0.7703050358650084	
1418	 0.005125387516090872	 0.7703988002974665	
1419	 0.005125129957499299	 0.7703342785074461	
1420	 0.005125157654763674	 0.7703412169300751	
1421	 0.0051247344957119625	 0.770235214373897	
1422	 0.005125133758955848	 0.7703352308062291	
1423	 0.00512659966748505	 0.7707024890730432	
1424	 0.005132130340898766	 0.7720887348898053	
1425	 0.005137498969166076	 0.7734353175367893	
1426	 0.005142379766700987	 0.7746603547714982	
1427	 0.005146798037556892	 0.775769970541621	
1428	 0.005150790866511543	 0.7767732861679281	
1429	 0.005153942914388339	 0.7775656971647829	
1430	 0.005156486667388859	 0.7782054211252207	
1431	 0.0051584713198469835	 0.778704684008513	
1432	 0.005160626697554695	 0.7792470399267956	
1433	 0.005162715465233387	 0.7797727789232212	
1434	 0.0051647503496499185	 0.7802850919846998	
1435	 0.005161527955493817	 0.7794738675019754	
1436	 0.005157297833060164	 0.7784094640016216	
1437	 0.0051541677307076405	 0.7776222273471718	
1438	 0.005152607651742078	 0.7772299785435085	
1439	 0.005155328677930203	 0.7779141743023446	
1440	 0.005158244513945871	 0.7786476218098671	
1441	 0.005160859974049404	 0.779305748157286	
1442	 0.0051631140298323865	 0.7798731130157105	
1443	 0.00516134243908239	 0.7794271747837643	
1444	 0.0051576633613476	 0.7785014170002602	
1445	 0.005153317943457328	 0.777408556530571	
1446	 0.005147780828026738	 0.7760168774067248	
1447	 0.005140713382081263	 0.7742420197081769	
1448	 0.005132225798735826	 0.7721126698423195	
1449	 0.005122761759748331	 0.7697411153689019	
1450	 0.005115423252794406	 0.7679041984123427	
1451	 0.00510683845750471	 0.7657575490998929	
1452	 0.005097500178364849	 0.7634252195271279	
1453	 0.00508566992214281	 0.7604745812838987	
1454	 0.005074126016888595	 0.7575997707419955	
1455	 0.00506334163454252	 0.7549180425849772	
1456	 0.005055529299631209	 0.7529777433153645	
1457	 0.005052914865479908	 0.7523288592784624	
1458	 0.0050579381245125345	 0.7535757946352976	
1459	 0.005064250942276214	 0.7551440112422088	
1460	 0.0050693103239610685	 0.7564017931525688	
1461	 0.005072941304629568	 0.7573049850395414	
1462	 0.005076316215029959	 0.7581448670246624	
1463	 0.0050801327773329534	 0.7590951073449709	
1464	 0.005084587407920328	 0.7602048147464417	
1465	 0.005089565818455808	 0.7614457698179373	
1466	 0.005097859962732498	 0.7635150265934272	
1467	 0.005105622726835608	 0.765453746963094	
1468	 0.005112733801699037	 0.7672314359550347	
1469	 0.005119124235962776	 0.7688303797886561	
1470	 0.00512490798202337	 0.7702786724867755	
1471	 0.005130146136492401	 0.7715912857065795	
1472	 0.005130459661216696	 0.7716698792679696	
1473	 0.005128155901820603	 0.7710924535435304	
1474	 0.005124666314552622	 0.7702181353437443	
1475	 0.005119197154499131	 0.7688486323417633	
1476	 0.005113300563275496	 0.767373190960766	
1477	 0.005100559077966083	 0.7641888971782449	
1478	 0.005086898601111591	 0.760780819001548	
1479	 0.00507300497024939	 0.7573208254531096	
1480	 0.005058134334934339	 0.7536245171690084	
1481	 0.005047923394284135	 0.751090633002591	
1482	 0.005044007779343911	 0.7501198637771416	
1483	 0.005042330438106037	 0.749704166722299	
1484	 0.005042145182884115	 0.7496582603989624	
1485	 0.005044102921645251	 0.750143445745412	
1486	 0.00504839920848182	 0.7512086322891929	
1487	 0.005054663764434473	 0.7527628988329996	
1488	 0.005062720743148116	 0.7547637627336128	
1489	 0.005072252477571539	 0.7571336089342974	
1490	 0.005081996268247324	 0.7595592486886878	
1491	 0.005090490222651855	 0.7616762826959067	
1492	 0.005097637489659436	 0.7634594937932003	
1493	 0.005103894943463647	 0.7650220695963539	
1494	 0.005108831958279051	 0.766255814613175	
1495	 0.005113006588506112	 0.7672996624472885	
1496	 0.005116976955343433	 0.7682929624304699	
1497	 0.005118729774163037	 0.7687316433604735	
1498	 0.005123052195024116	 0.7698138509389254	
1499	 0.005125640244481382	 0.7704621141602106	
1500	 0.005092513974124552	 0.7621810303371164	
1501	 0.005049613638538168	 0.7515098378313706	
1502	 0.00500279317846421	 0.7399323267760216	
1503	 0.004961408442612523	 0.7297588807119799	
1504	 0.004928880596576307	 0.7218022788580386	
1505	 0.004904898098062316	 0.7159583113863924	
1506	 0.004891460180331936	 0.7126921205194712	
1507	 0.004884018563646722	 0.7108859483361016	
1508	 0.004877526458803796	 0.7093117320617809	
1509	 0.0048724823428311255	 0.7080895903417873	
1510	 0.004867725169658824	 0.7069377447374833	
1511	 0.004863408076186499	 0.7058931041374424	
1512	 0.0048619317024785015	 0.7055359963424762	
1513	 0.004865290153187058	 0.7063484489370345	
1514	 0.004872821739341222	 0.7081717964600139	
1515	 0.004882726546341262	 0.7105725465946624	
1516	 0.004893018720269938	 0.7130706295467544	
1517	 0.004903505821909183	 0.715619630424264	
1518	 0.0049114495330763565	 0.7175528543396563	
1519	 0.004920263552881527	 0.7197003220660937	
1520	 0.004929416207236643	 0.7219330113814808	
1521	 0.004936656854156608	 0.7237012468001232	
1522	 0.0049415760398013936	 0.7249035459918532	
1523	 0.0049415226865150465	 0.7248905016220142	
1524	 0.004942643488155268	 0.7251645466679713	
1525	 0.004944149987190135	 0.7255329631105294	
1526	 0.00494205089390728	 0.7250196474300015	
1527	 0.004935404574254979	 0.7233953042972129	
1528	 0.0049243023923631985	 0.7206852114988191	
1529	 0.004913763916398359	 0.7181164873993459	
1530	 0.004910018072781163	 0.7172043324413877	
1531	 0.0049088952999604895	 0.7169310149985317	
1532	 0.004907930719345039	 0.7166962396836766	
1533	 0.004908056439852057	 0.7167268378417524	
1534	 0.004908429522124353	 0.7168176425746962	
1535	 0.004907069716201082	 0.7164867007199872	
1536	 0.004903457139209201	 0.7156077891751181	
1537	 0.004899632596722338	 0.7146777784037673	
1538	 0.004896081727015414	 0.7138147495523264	
1539	 0.004894040811029595	 0.7133188994762466	
1540	 0.004903466259444588	 0.7156100075132358	
1541	 0.004914772615320271	 0.7183621961552952	
1542	 0.004927025786700583	 0.7213496277186755	
1543	 0.004940505773483309	 0.7246418940310083	
1544	 0.0049610375360278494	 0.7296679570585624	
1545	 0.004979997928091153	 0.7343216905585096	
1546	 0.004997057623410895	 0.7385190161200725	
1547	 0.005011496023882507	 0.7420788776340385	
1548	 0.005021083012397844	 0.7444463800162978	
1549	 0.005023094376559095	 0.7449434682256635	
1550	 0.005023740079233514	 0.7451030752209467	
1551	 0.005020481535930568	 0.7442977570007646	
1552	 0.005013299986621348	 0.7425241349843352	
1553	 0.005003916569298596	 0.7402092705356769	
1554	 0.004996428780515126	 0.7383641273200221	
1555	 0.0049860024933864	 0.7357979476806189	
1556	 0.00497470806287279	 0.7330221293686243	
1557	 0.004964679421189502	 0.7305609211777503	
1558	 0.004956987312674796	 0.7286753844840373	
1559	 0.004950753841694562	 0.7271488280081726	
1560	 0.004945659513856783	 0.7259021950365259	
1561	 0.004944196831474224	 0.7255444201454989	
1562	 0.004945238429619363	 0.7257991897998874	
1563	 0.004946856197105207	 0.7261949585044559	
1564	 0.004948373678887563	 0.7265662718709488	
1565	 0.0049517908598035185	 0.7274027015178267	
1566	 0.00495977094695102	 0.7293575008940976	
1567	 0.0049687373708332105	 0.7315564158237867	
1568	 0.00497218742704831	 0.7324032087100063	
1569	 0.00497131028930046	 0.7321878840554175	
1570	 0.0049699398349007315	 0.7318515079829028	
1571	 0.004963502793211859	 0.7302723726679313	
1572	 0.004950040617112393	 0.7269742433117811	
1573	 0.004933134083567892	 0.7228407363122952	
1574	 0.004916814508360917	 0.7188596833601785	
1575	 0.004902656884824468	 0.7154131519696172	
1576	 0.00489249157799873	 0.712942598095594	
1577	 0.0048837391696325465	 0.7108181716720142	
1578	 0.004881515949519842	 0.7102789450028514	
1579	 0.004881540210836207	 0.710284828534019	
1580	 0.004881232156862026	 0.7102101248366554	
1581	 0.004879407725917824	 0.7097677611575034	
1582	 0.004875312425055358	 0.7087751887635627	
1583	 0.0048678128964120895	 0.7069589790661501	
1584	 0.004858592770578711	 0.7047286364012791	
1585	 0.004850469633947545	 0.7027659912715332	
1586	 0.00484182233668664	 0.700679109364618	
1587	 0.004832570182780419	 0.6984490052334192	
1588	 0.0048224768550449845	 0.6960193921027891	
1589	 0.004820420894176884	 0.6955249071767012	
1590	 0.004821023574378741	 0.6956698449217337	
1591	 0.00482363461374441	 0.6962979097659346	
1592	 0.004827350176274857	 0.6971920497143237	
1593	 0.004832186976252147	 0.6983566999197877	
1594	 0.004834605993873751	 0.6989394653952861	
1595	 0.004827211058435704	 0.6971585631167216	
1596	 0.004815203884710402	 0.6942707805776948	
1597	 0.004799095981799411	 0.6904042874774473	
1598	 0.004780747950723297	 0.6860106097051293	
1599	 0.004762475692495441	 0.6816462345788215	
1600	 0.004747284649855101	 0.6780263024406464	
1601	 0.004734985035210054	 0.6751010309032006	
1602	 0.004729947917292833	 0.673904491568425	
1603	 0.0047326223757659745	 0.6745396885745827	
1604	 0.0047372786675908395	 0.675646151806728	
1605	 0.0047433197449353185	 0.6770827590852597	
1606	 0.004750838767942474	 0.6788725359705148	
1607	 0.004760321770333631	 0.6811324991212475	
1608	 0.004771921175309474	 0.6839009209294508	
1609	 0.004785452385194305	 0.6871360787981353	
1610	 0.004799860770396659	 0.6905876697145391	
1611	 0.0048148650839571665	 0.6941893669441747	
1612	 0.004828494504004494	 0.697467521489933	
1613	 0.004837720904293748	 0.699690164750738	
1614	 0.004843732115657843	 0.7011397892712322	
1615	 0.004848803658149608	 0.7023637425638022	
1616	 0.004854344480179312	 0.7037019264909529	
1617	 0.004861689306849161	 0.7054773721816112	
1618	 0.004869087921022029	 0.7072676285608648	
1619	 0.004875369969828391	 0.7087891319615517	
1620	 0.004881964337307972	 0.7103876851836867	
1621	 0.0048879165628053275	 0.7118318121864653	
1622	 0.0048906210099294075	 0.7124883518049957	
1623	 0.004889895398057409	 0.7123121763469117	
1624	 0.004887984013689356	 0.7118481838195355	
1625	 0.00488677412033327	 0.7115545421999685	
1626	 0.004887527180706189	 0.7117373045704132	
1627	 0.004895456901459354	 0.7136629306252963	
1628	 0.004904083776093554	 0.7157602140611465	
1629	 0.0049090556895303545	 0.7169700562024531	
1630	 0.004908632189241801	 0.7168669717827949	
1631	 0.004904798295759051	 0.7159340316417881	
1632	 0.004898829800536615	 0.7144826245675134	
1633	 0.004894971076505577	 0.7135448947273202	
1634	 0.004893854561382496	 0.7132736561169973	
1635	 0.0048944682848973565	 0.7134227448392679	
1636	 0.004898925784116485	 0.7145059563463065	
1637	 0.004901105536766373	 0.7150358947115675	
1638	 0.004904113618917993	 0.715767473436092	
1639	 0.004911064018067205	 0.7174589851891138	
1640	 0.004921499908926632	 0.720001755909313	
1641	 0.004930170943513516	 0.7221172444352664	
1642	 0.0049394993159163425	 0.7243958761044977	
1643	 0.004948311079335655	 0.7265509528543019	
1644	 0.0049554376698779335	 0.728295762475229	
1645	 0.004962281825411676	 0.7299729987592354	
1646	 0.00496933801421723	 0.7317038114945918	
1647	 0.004972389922326555	 0.7324529219757184	
1648	 0.004973122028335992	 0.7326326677019683	
1649	 0.0049725194950276065	 0.7324847332138219	
1650	 0.004970166834171456	 0.7319072203568253	
1651	 0.004971657520962246	 0.7322731213872815	
1652	 0.004975349339517625	 0.7331796227544939	
1653	 0.004977485939809498	 0.7337044555912996	
1654	 0.004978744415528657	 0.7340136568859852	
1655	 0.00497758726948368	 0.7337293498648448	
1656	 0.004973308402115586	 0.7326784287699181	
1657	 0.004966451866946042	 0.7309956701931208	
1658	 0.004957933958588787	 0.7289073269393979	
1659	 0.004948667558384202	 0.7266381901654092	
1660	 0.00494256977165272	 0.7251465211152746	
1661	 0.004935043187111701	 0.7233070240027045	
1662	 0.004927651251587598	 0.7215022546023191	
1663	 0.0049212767750517646	 0.7199473502888436	
1664	 0.004915836272548596	 0.7186213286125579	
1665	 0.004911561941035869	 0.7175802255081192	
1666	 0.004911427651567139	 0.717547526273752	
1667	 0.00491113778155528	 0.7174769455001124	
1668	 0.004912959572111326	 0.7179205814412962	
1669	 0.004917794932325872	 0.719098602991362	
1670	 0.004925332315346366	 0.7209364491192561	
1671	 0.004935780159039744	 0.723487057383698	
1672	 0.004953462813047199	 0.7278120888201339	
1673	 0.004969779978764119	 0.7318122755494463	
1674	 0.004983710253501084	 0.7352342472929416	
1675	 0.00498292741814846	 0.7350417744848803	
1676	 0.004979905766876844	 0.7342990414322131	
1677	 0.004975985987509524	 0.7333359927605884	
1678	 0.004972782826876835	 0.7325493852024253	
1679	 0.004971726467935883	 0.7322900467449284	
1680	 0.0049739488739685075	 0.7328356949921494	
1681	 0.004979976526392817	 0.7343164309482927	
1682	 0.004993268526185317	 0.7375859293530977	
1683	 0.004999016463355438	 0.739001576617483	
1684	 0.004998292673319852	 0.7388232561530537	
1685	 0.004996335433118422	 0.738341136252169	
1686	 0.0049930910072958894	 0.7375422258875597	
1687	 0.004990231986234486	 0.7368385047319158	
1688	 0.004987937024615147	 0.7362738159386011	
1689	 0.004985248850911551	 0.7356125952373729	
1690	 0.004985324760291196	 0.7356312637067092	
1691	 0.004984007346354309	 0.735307297680986	
1692	 0.004981535475243246	 0.7346995924615486	
1693	 0.004976175950216612	 0.7333826529479525	
1694	 0.004969854369367918	 0.7318305326382605	
1695	 0.00496286990121415	 0.7301171852543996	
1696	 0.004952303540412214	 0.7275282244987669	
1697	 0.004940039653624879	 0.7245279517985221	
1698	 0.00493256345525701	 0.7227013869395118	
1699	 0.004922417988462012	 0.7202256239685428	
1700	 0.004898990975999172	 0.7145218034242025	
1701	 0.004868114427965034	 0.7070319669578622	
1702	 0.004841392078486346	 0.7005753385177439	
1703	 0.004823275990903908	 0.696211632450928	
1704	 0.004812584156925194	 0.693641360849253	
1705	 0.00480538792404013	 0.6919135585496643	
1706	 0.00480021234685542	 0.6906719778180975	
1707	 0.0047950201851803265	 0.6894273150148463	
1708	 0.004790973082653219	 0.6884577681879518	
1709	 0.0047886453211573735	 0.6879003637039803	
1710	 0.004789176034236165	 0.6880274320716648	
1711	 0.004793289235898628	 0.6890125721959669	
1712	 0.004799462111839833	 0.6904920762953299	
1713	 0.004804924849165848	 0.6918024341559004	
1714	 0.004809431603899593	 0.6928842265047664	
1715	 0.004808475283467587	 0.692654616758262	
1716	 0.004810199559350835	 0.693068632405416	
1717	 0.004813547302352981	 0.6938727410703692	
1718	 0.004818690737580861	 0.6951088912814203	
1719	 0.004826364523646987	 0.6969548103802929	
1720	 0.004840768612253103	 0.7004249801392098	
1721	 0.004865203038523938	 0.7063273700503432	
1722	 0.004887977807880484	 0.7118466775435013	
1723	 0.0049087759364853855	 0.7169019607074544	
1724	 0.004927514850780596	 0.7214689687707593	
1725	 0.0049443814492292895	 0.7255895741087649	
1726	 0.004948334273648076	 0.7265566288232842	
1727	 0.004947591488855019	 0.7263748679243319	
1728	 0.00494664504188538	 0.7261432968469562	
1729	 0.00494787147963478	 0.7264433800824144	
1730	 0.00495088095096734	 0.7271799438586399	
1731	 0.004955713932696782	 0.7283634338538322	
1732	 0.004962303738182034	 0.7299783712050836	
1733	 0.00497553251689497	 0.7332246124156695	
1734	 0.004983011168314106	 0.735062364862815	
1735	 0.004988510440738408	 0.7364148921167737	
1736	 0.004992769499065751	 0.7374630762500061	
1737	 0.004996400777432984	 0.738357230249605	
1738	 0.005000032461921028	 0.7392519176635505	
1739	 0.005009359476998565	 0.7415516694635963	
1740	 0.0050177322379420936	 0.743618564921843	
1741	 0.005025247899605424	 0.7454758366744784	
1742	 0.0050319969712370296	 0.7471452474751547	
1743	 0.005038061583113214	 0.7486466282226739	
1744	 0.005043557726670811	 0.7500083177526669	
1745	 0.005048495983571296	 0.7512326328829555	
1746	 0.005052928395048061	 0.7523322166454249	
1747	 0.005056875189437845	 0.7533118708743262	
1748	 0.005059672839813821	 0.7540065989377731	
1749	 0.0050618536482504	 0.7545483270428824	
1750	 0.005054595849399636	 0.7527460418958845	
1751	 0.005044769984456995	 0.7503087922440551	
1752	 0.005032300711955291	 0.7472204141208959	
1753	 0.005017981800550793	 0.7436802071328353	
1754	 0.0050029797435761246	 0.7399783168421138	
1755	 0.004988025849428312	 0.7362956685843024	
1756	 0.004976283711952574	 0.7334091227911541	
1757	 0.00496821934229653	 0.7314293030715625	
1758	 0.004962469533509173	 0.730019020453603	
1759	 0.004957304233198316	 0.7287530314804905	
1760	 0.004952257196479735	 0.7275168774513899	
1761	 0.0049479958870472735	 0.7264738227010434	
1762	 0.004949132791713041	 0.7267520480519809	
1763	 0.004954546628670334	 0.7280775164854794	
1764	 0.0049675394292177716	 0.7312624808398329	
1765	 0.00497914479400019	 0.7341120388337286	
1766	 0.004989557727260543	 0.7366725813843548	
1767	 0.004998875018972346	 0.7389667275503311	
1768	 0.005006937298143965	 0.7409541608516834	
1769	 0.005003743984077029	 0.7401667212943324	
1770	 0.0049991773233311575	 0.7390412100972594	
1771	 0.004993697414725567	 0.7376915219150413	
1772	 0.004986859848263869	 0.736008830085097	
1773	 0.00497991457174106	 0.7343012052640427	
1774	 0.00497248712405655	 0.732476785803839	
1775	 0.004964708469988447	 0.7305680454909589	
1776	 0.004957756079514072	 0.7288637416438075	
1777	 0.004951505721930369	 0.727332893077474	
1778	 0.0049458923329799695	 0.725959149545174	
1779	 0.00494071573942945	 0.7246932222024083	
1780	 0.0049362945856257735	 0.7236127362344852	
1781	 0.004932731377746067	 0.7227423930661061	
1782	 0.004930072586937602	 0.7220932342781917	
1783	 0.0049292064370744714	 0.721881809288328	
1784	 0.004929068901467415	 0.721848239473149	
1785	 0.004929691720516746	 0.7220002626979495	
1786	 0.00493325776773152	 0.7228709418224816	
1787	 0.004947337760797432	 0.7263127843380751	
1788	 0.004959474197319365	 0.7292847716439436	
1789	 0.004958569298506801	 0.7290630113120211	
1790	 0.004956604196295118	 0.7285815236146956	
1791	 0.004955608429417246	 0.7283375902227271	
1792	 0.004955552326099667	 0.7283238475439325	
1793	 0.004959607309086496	 0.7293173951470735	
1794	 0.004963176969385766	 0.7301924778362685	
1795	 0.004962329049226355	 0.7299845768397027	
1796	 0.004959751614472047	 0.729352762681258	
1797	 0.004957372885891161	 0.728769852144381	
1798	 0.004956324731109679	 0.7285130596234277	
1799	 0.004957373951030767	 0.7287701131165084	
1800	 0.004959493876475478	 0.7292895946444213	
1801	 0.004960493865891853	 0.7295346905179607	
1802	 0.004959712619280354	 0.7293432053557891	
1803	 0.00495714391971477	 0.72871375352072	
1804	 0.00495461215445429	 0.7280935650646742	
1805	 0.004951234890405831	 0.7272665896484962	
1806	 0.004947870103251471	 0.7264430432828918	
1807	 0.004944376699213354	 0.7255884123318499	
1808	 0.004940384200612656	 0.7246121750519269	
1809	 0.004935376257589043	 0.723388386896053	
1810	 0.004929833655856398	 0.7220349093323397	
1811	 0.004921077531732165	 0.7198987711731933	
1812	 0.004906707780142597	 0.7163986250755076	
1813	 0.004887715331295907	 0.7117829703051859	
1814	 0.004868345894542266	 0.7070879971606496	
1815	 0.004852278942455036	 0.7032029519082905	
1816	 0.004840386766184519	 0.7003328985181634	
1817	 0.0048344782426329586	 0.698908683983945	
1818	 0.004838225888184943	 0.6998118971956335	
1819	 0.004844325682936977	 0.7012829951803037	
1820	 0.00484962203207117	 0.7025613268712021	
1821	 0.004853606556525919	 0.703523649078553	
1822	 0.0048556841479514634	 0.7040256274271885	
1823	 0.004856082603410301	 0.7041219168201932	
1824	 0.004855983318114272	 0.7040979233800009	
1825	 0.004855546362144271	 0.7039923318026315	
1826	 0.0048545501970927545	 0.7037516295400481	
1827	 0.004852684538769373	 0.7033009211566258	
1828	 0.004849443689664154	 0.7025182668342993	
1829	 0.004846454214506486	 0.7017966275913565	
1830	 0.004844444241940862	 0.7013116005002418	
1831	 0.004843621972578992	 0.7011132170923502	
1832	 0.004844086841177083	 0.7012253700593556	
1833	 0.004844942929576271	 0.7014319264539649	
1834	 0.0048473147428887715	 0.7020043229608763	
1835	 0.004849418089888588	 0.7025120859609637	
1836	 0.004845955609512475	 0.7016762965590422	
1837	 0.004835980829867398	 0.6992707637542055	
1838	 0.0048169862049787125	 0.6946991340393018	
1839	 0.0047960828321676275	 0.6896819792113343	
1840	 0.004776644273941795	 0.6850294660733123	
1841	 0.004764135643855788	 0.6820422579648993	
1842	 0.004762416632907355	 0.6816321461151662	
1843	 0.004765110490626268	 0.6822748752017298	
1844	 0.004769611956032525	 0.6833494231254367	
1845	 0.0047755527548835495	 0.684768590544073	
1846	 0.004783167498038545	 0.6865893598455345	
1847	 0.004791723744746705	 0.6886375598264152	
1848	 0.004800591698485636	 0.6907629510305732	
1849	 0.0048089616960189955	 0.6927713991892466	
1850	 0.004816699762686183	 0.6946302848807414	
1851	 0.004824152984252316	 0.6964226266579803	
1852	 0.004832148732186309	 0.6983474881042121	
1853	 0.004839983761633394	 0.7002357198125296	
1854	 0.0048474605334330526	 0.702039513103538	
1855	 0.00485459564582177	 0.7037626105494863	
1856	 0.004861449479734775	 0.7054193711420372	
1857	 0.004867288916626656	 0.7068321531415976	
1858	 0.004874550355786599	 0.7085905484099393	
1859	 0.004881400332122254	 0.7102509072799748	
1860	 0.004886779351776187	 0.7115558117690156	
1861	 0.004890614901428865	 0.7124868686144621	
1862	 0.00489344893252791	 0.7131751256100625	
1863	 0.004895262620633613	 0.7136157272719019	
1864	 0.0048956301548690314	 0.7137050261154605	
1865	 0.0049026724949533885	 0.7154169484496514	
1866	 0.0049188622089147765	 0.7193587238495495	
1867	 0.0049335746497631006	 0.7229483314258415	
1868	 0.00494628329444736	 0.7260547944135792	
1869	 0.004945887033154995	 0.7259578530298713	
1870	 0.004941865979664624	 0.7249744351656376	
1871	 0.004936069942199653	 0.7235578528344153	
1872	 0.004929698953755229	 0.7220020283264901	
1873	 0.004922973456650792	 0.7203610849932871	
1874	 0.004917554434130415	 0.7190399930182692	
1875	 0.004914526895641163	 0.7183023382532722	
1876	 0.004912796012363783	 0.7178807474728343	
1877	 0.004912681346475136	 0.7178528218295367	
1878	 0.004913639289547114	 0.7180861319048805	
1879	 0.004916189194507388	 0.7187073171409643	
1880	 0.00491988039168166	 0.7196069144407702	
1881	 0.004923276992261511	 0.7204351119804455	
1882	 0.004926205557858224	 0.7211494938170264	
1883	 0.004928198205109432	 0.7216357336100854	
1884	 0.004924166559786343	 0.7206520793508574	
1885	 0.004915375278254635	 0.7185090147362067	
1886	 0.004903172772724504	 0.7155386233696249	
1887	 0.004956781795926001	 0.7286250336974014	
1888	 0.005032455606858684	 0.7472587470915667	
1889	 0.005047841214284242	 0.7510702535685282	
1890	 0.005032183197077818	 0.7471913323824353	
1891	 0.0050164459788063775	 0.7433008900588056	
1892	 0.005002102717916069	 0.7397621316611247	
1893	 0.004989242428300441	 0.736594996950708	
1894	 0.004978082349326861	 0.7338509839802603	
1895	 0.004968516706595111	 0.731502268617176	
1896	 0.004959341597169688	 0.729252274110205	
1897	 0.004952110510631657	 0.7274809627252773	
1898	 0.0049474561382388356	 0.7263417493218632	
1899	 0.004942718976005583	 0.7251830055458189	
1900	 0.0049385338820747025	 0.7241599173954778	
1901	 0.00493525704733468	 0.7233592656380217	
1902	 0.004932678621736897	 0.7227295101197	
1903	 0.004930788696521803	 0.7222680535169772	
1904	 0.004930924398616651	 0.7223011835066155	
1905	 0.004931841264287299	 0.7225250408578673	
1906	 0.004935926443494476	 0.7235227950488842	
1907	 0.004947600201339865	 0.7263769997810674	
1908	 0.004958356087902284	 0.7290107644749274	
1909	 0.004968047088602334	 0.7313870377800085	
1910	 0.004976759251726725	 0.7335259356372322	
1911	 0.004983748898112156	 0.7352437492214005	
1912	 0.004978181125865326	 0.7338752529437877	
1913	 0.0049675974404329755	 0.7312767137717449	
1914	 0.0049581215340691424	 0.7289532892519858	
1915	 0.0049479985035796314	 0.7264744629746149	
1916	 0.004938100644537528	 0.7240540411400437	
1917	 0.00492863005357416	 0.7217411292581895	
1918	 0.00492137409387871	 0.7199710788511112	
1919	 0.004917654083376622	 0.7190642775409385	
1920	 0.004915238609940329	 0.7184757190398138	
1921	 0.004913048561986862	 0.7179422547483891	
1922	 0.00491148345791757	 0.7175611149432823	
1923	 0.004909508908625697	 0.7170803810594343	
1924	 0.0049073713009382645	 0.7165600934276966	
1925	 0.004904547014325268	 0.7158729017553361	
1926	 0.0049016300313638765	 0.7151634325493502	
1927	 0.004899684544022195	 0.7146904071438915	
1928	 0.004900012105220213	 0.7147700415437341	
1929	 0.0049031156120671795	 0.7155247206373161	
1930	 0.004906134657770669	 0.716259166973285	
1931	 0.004908902566642035	 0.7169327837983765	
1932	 0.004907757134408944	 0.7166539930250271	
1933	 0.004902697387394985	 0.7154230024622893	
1934	 0.004893268465455204	 0.7131312904586066	
1935	 0.004880191213546528	 0.7099577172802165	
1936	 0.00486609635766166	 0.7065435358746087	
1937	 0.004854528691821839	 0.7037464336082289	
1938	 0.004843008613622197	 0.7009652507145914	
1939	 0.004832958107597653	 0.6985424520406264	
1940	 0.004825876686264298	 0.6968374034606982	
1941	 0.004820516104210325	 0.6955478033051755	
1942	 0.0048153343627124895	 0.6943021353879787	
1943	 0.004810122372704195	 0.6930500970145146	
1944	 0.004806494243202133	 0.6921790716163864	
1945	 0.004805334470718603	 0.6919007309551104	
1946	 0.004806856914281783	 0.6922661203856537	
1947	 0.0048111955919394244	 0.6933078347440323	
1948	 0.004819333800842465	 0.6952635041209964	
1949	 0.00482873473405691	 0.6975253571285629	
1950	 0.004838555281002088	 0.6998913058634619	
1951	 0.004849006876704984	 0.7024128046105811	
1952	 0.004859184636228237	 0.7048717236519118	
1953	 0.004867872396646344	 0.7069733812891963	
1954	 0.004879575857900787	 0.7098085229461195	
1955	 0.004895950067621746	 0.7137827581287239	
1956	 0.004910547194452603	 0.7173331513788624	
1957	 0.004923670784235469	 0.720531155438648	
1958	 0.004935791956850314	 0.7234899395927169	
1959	 0.004946667470838227	 0.726148784289537	
1960	 0.004956374187803831	 0.728525175444919	
1961	 0.004965054380247776	 0.7306528832522191	
1962	 0.004973015087440621	 0.732606410610541	
1963	 0.0049805285812563	 0.7344521069346723	
1964	 0.004978421656705478	 0.7339343516619897	
1965	 0.004972382111966535	 0.7324510044812766	
1966	 0.004964814848136161	 0.7305941353177837	
1967	 0.00495590813222152	 0.7284110050959184	
1968	 0.0049467360346332045	 0.7261655591339787	
1969	 0.004937080133955443	 0.7238046693126355	
1970	 0.0049277100717357875	 0.7215166086478974	
1971	 0.0049198651307193015	 0.7196031942003696	
1972	 0.0049153541583934835	 0.718503869388519	
1973	 0.00490889815048094	 0.716931708850132	
1974	 0.004902981818734935	 0.7154921795710887	
1975	 0.0048971271885429836	 0.7140688026964517	
1976	 0.004889697052894702	 0.7122640220229624	
1977	 0.004881224370028209	 0.710208236554797	
1978	 0.004872387798856085	 0.7080666912775979	
1979	 0.004856147201226249	 0.7041375278052157	
1980	 0.004841218479094479	 0.7005334710833722	
1981	 0.004825452294802114	 0.6967352723887246	
1982	 0.004808803396749563	 0.6927333923698958	
1983	 0.004791936573044919	 0.6886885379077988	
1984	 0.004775547661435818	 0.6847673732916896	
1985	 0.004761732219904328	 0.6814688902195002	
1986	 0.004753538736548516	 0.6795156791534898	
1987	 0.0047463480010436114	 0.6778033571820293	
1988	 0.0047380686043479005	 0.6758339345094937	
1989	 0.004729227407182874	 0.6737334078156271	
1990	 0.004721024485472611	 0.6717868648990849	
1991	 0.004716880947954544	 0.6708044652639504	
1992	 0.004716656238974433	 0.6707512050003553	
1993	 0.004720315785448561	 0.6716187970198765	
1994	 0.004727772667253107	 0.6733880355497561	
1995	 0.0047371605951464	 0.6756180855773093	
1996	 0.004749600594995378	 0.6785776797621117	
1997	 0.004762039755082183	 0.6815422459363	
1998	 0.004773884451951067	 0.6843699391657587	
1999	 0.004784868740029071	 0.686996409889929	
2000	 0.004795418977200181	 0.689522881429871	
2001	 0.00480542321085539	 0.6919220266435568	
2002	 0.004819078686657278	 0.6952021649193902	
2003	 0.004840159881237916	 0.7002781878385895	
2004	 0.004859208393911724	 0.7048774674641818	
2005	 0.00487626374211834	 0.7090057086180835	
2006	 0.00489167344871959	 0.7127439104086589	
2007	 0.004905558684490013	 0.7161190260997816	
2008	 0.0049180867893631585	 0.7191697318009379	
2009	 0.004929359587263167	 0.7219191910595149	
2010	 0.004938668569368385	 0.724192834056062	
2011	 0.0049340932872099265	 0.7230750013159828	
2012	 0.0049267028809021575	 0.7212708368148556	
2013	 0.004917751775656847	 0.719088085469433	
2014	 0.004908254918503189	 0.7167751451148066	
2015	 0.004898228783616358	 0.7143365357385655	
2016	 0.0048884451441678495	 0.7119601131326807	
2017	 0.0048799224517750185	 0.709892553852982	
2018	 0.004873149308015812	 0.7082511413472208	
2019	 0.004867811119600984	 0.7069585489851127	
2020	 0.0048630593340286245	 0.70580874326804	
2021	 0.004860691119056594	 0.7052359777949356	
2022	 0.004860917707209898	 0.7052907713064612	
2023	 0.004863621208015368	 0.7059446627987864	
2024	 0.004867297671869786	 0.7068342722169081	
2025	 0.004873321929829574	 0.7082929558674582	
2026	 0.004888855054279641	 0.7120596157345915	
2027	 0.004902928415955199	 0.7154791911713907	
2028	 0.004915679972945419	 0.7185832479307729	
2029	 0.004927225318104966	 0.7213983162694853	
2030	 0.004937513189824545	 0.7239104865893207	
2031	 0.0049468395680498205	 0.7261908899532477	
2032	 0.004955314821311509	 0.7282656711704945	
2033	 0.004962957376447864	 0.7301386337132983	
2034	 0.004969818464499388	 0.7318217207718117	
2035	 0.004975897202412778	 0.7333141850491838	
2036	 0.004980870339320274	 0.7345361042678975	
2037	 0.004985331600950425	 0.7356329460461545	
2038	 0.004989448822308879	 0.7366457831814691	
2039	 0.004989831339131065	 0.7367399106809587	
2040	 0.004983585870546401	 0.7352036643729202	
2041	 0.004973063460162259	 0.7326182874700352	
2042	 0.004960599189814241	 0.7295605071674778	
2043	 0.004947708053193438	 0.7264033902437419	
2044	 0.004936987871883953	 0.7237821258590327	
2045	 0.004926516007137308	 0.7212252400957059	
2046	 0.004915583728179236	 0.7185597993520423	
2047	 0.004905046849038034	 0.7159944998969602	
2048	 0.004894685854822243	 0.713475600983493	
2049	 0.00488707083272894	 0.7116265499364525	
2050	 0.004881914400738863	 0.710375574552142	
2051	 0.004873066914668973	 0.7082311833934876	
2052	 0.004861508101187312	 0.7054335482835709	
2053	 0.004850566010630144	 0.7027892641738095	
2054	 0.004841393721669131	 0.7005757348133573	
2055	 0.004835743713970229	 0.699213620742828	
2056	 0.004835159635367108	 0.6990728704962209	
2057	 0.0048380733313115746	 0.6997751206321678	
2058	 0.004855047479342461	 0.7038717831858975	
2059	 0.004870504788473174	 0.7076106776413967	
2060	 0.004884170596878635	 0.7109228303313552	
2061	 0.004896443388174555	 0.7139026311961238	
2062	 0.00490769932646272	 0.7166399240957467	
2063	 0.004918222912144395	 0.7192029074006667	
2064	 0.0049281246972072675	 0.7216177941039496	
2065	 0.004937187292010335	 0.7238308528258088	
2066	 0.004945341350533946	 0.7258243656789012	
2067	 0.004952669469376661	 0.72761782260354	
2068	 0.004959270043259213	 0.7292347379783229	
2069	 0.004965200038203038	 0.7306886084217566	
2070	 0.004970519258584239	 0.7319937191530822	
2071	 0.00497528635021041	 0.7331641523896827	
2072	 0.004970689244917819	 0.7320354419391362	
2073	 0.004960235714851932	 0.7294714149392583	
2074	 0.004952398198348058	 0.727551401174094	
2075	 0.004951829314557241	 0.7274121163487248	
2076	 0.004946782547921459	 0.726176939181213	
2077	 0.004938682875389648	 0.7241963303857376	
2078	 0.004930512745401759	 0.7222006853356547	
2079	 0.004923309920120365	 0.7204431426879752	
2080	 0.004916875895906358	 0.7188746419663573	
2081	 0.004906789730936105	 0.7164185670832224	
2082	 0.004895104349279759	 0.7135772738667739	
2083	 0.0048800049869313035	 0.709912564902945	
2084	 0.004865082866205634	 0.7062982927100272	
2085	 0.0048510256466912744	 0.7029002606677066	
2086	 0.0048373776087836	 0.6996074140729434	
2087	 0.004823213973712991	 0.696196712817898	
2088	 0.0048081374773369994	 0.6925735177671373	
2089	 0.004793989915553173	 0.6891804459985986	
2090	 0.004781553921660444	 0.6862033744112375	
2091	 0.004768333070968001	 0.6830440708005769	
2092	 0.004752439333807739	 0.6792537676785853	
2093	 0.004737765834757104	 0.6757619580628637	
2094	 0.004725842754914234	 0.6729299611282011	
2095	 0.00471332569381114	 0.6699620013753983	
2096	 0.004702702372489382	 0.6674471906772649	
2097	 0.004693180484047337	 0.665196333317782	
2098	 0.004683267879070637	 0.662856347645525	
2099	 0.004667338813353441	 0.6591030187435809	
2100	 0.004651465289669305	 0.6553712625851169	
2101	 0.004635138297595419	 0.6515417463984027	
2102	 0.0046185359756290185	 0.6476568620783809	
2103	 0.004602999615282482	 0.6440298312784436	
2104	 0.0045880881043178215	 0.6405563412514353	
2105	 0.004575081030129983	 0.6375326097399701	
2106	 0.004566662156866366	 0.6355785411296981	
2107	 0.0045648276639049	 0.6351530632551203	
2108	 0.0045619572670315914	 0.6344875546680554	
2109	 0.004558040103293601	 0.633579800948761	
2110	 0.00455633887867465	 0.6331857253422318	
2111	 0.004553041884738466	 0.6324222812787492	
2112	 0.004549784735571472	 0.6316684253884167	
2113	 0.004548027975138426	 0.6312619785890734	
2114	 0.004549068925339639	 0.6315028017982813	
2115	 0.004553929481636477	 0.6326277748605641	
2116	 0.004561852241043226	 0.6344632094264365	
2117	 0.0045697499191635375	 0.6362949497726612	
2118	 0.004579407661901973	 0.6385377789237808	
2119	 0.004585162752512594	 0.6398757911239251	
2120	 0.004591510711300818	 0.6413529394801971	
2121	 0.004600956581020664	 0.6435534823599649	
2122	 0.004610678630193872	 0.6458215123277284	
2123	 0.004620670375923931	 0.648155783504489	
2124	 0.004632316279992401	 0.6508807488225403	
2125	 0.004644606491543303	 0.6537614295699126	
2126	 0.004657466378609312	 0.6567810808215135	
2127	 0.004669368833289828	 0.6595808735751983	
2128	 0.004682045751203848	 0.6625680785826443	
2129	 0.004696105510738033	 0.6658874500104383	
2130	 0.004709836613331431	 0.6691356299878637	
2131	 0.004728609069379712	 0.6735865985369162	
2132	 0.004748132276901829	 0.6782280836268252	
2133	 0.004762650508471304	 0.6816879370172914	
2134	 0.004770790586941893	 0.6836308866562428	
2135	 0.004774289533288836	 0.6844667273384364	
2136	 0.004773883221630319	 0.6843696452072183	
2137	 0.004771795947658551	 0.6838710089528851	
2138	 0.004770088548063698	 0.6834632303351954	
2139	 0.004769212195054054	 0.6832539685390341	
2140	 0.004768573363368741	 0.6831014399252278	
2141	 0.004769799166536237	 0.6833941269240785	
2142	 0.004773216901982437	 0.6842104499554897	
2143	 0.004778306143018013	 0.685426732871695	
2144	 0.004783998927775667	 0.6867882809880747	
2145	 0.004788961363069984	 0.6879760323307703	
2146	 0.004794504839521295	 0.689303825564079	
2147	 0.004801116613765938	 0.690888840110647	
2148	 0.004810877755837093	 0.6932315011857565	
2149	 0.004829264342160283	 0.6976528676143143	
2150	 0.004845840849665655	 0.7016486021147295	
2151	 0.004860783676604126	 0.7052583598407732	
2152	 0.004873457864911172	 0.7083258843836238	
2153	 0.004874633245575835	 0.7086106306909858	
2154	 0.004874954776227898	 0.7086885322944059	
2155	 0.004875832658811323	 0.7089012462896216	
2156	 0.0048754725674560505	 0.7088139918162933	
2157	 0.004872934797026281	 0.7081991813058046	
2158	 0.004868979138018398	 0.7072412929906732	
2159	 0.004864417380705108	 0.7061372780353611	
2160	 0.004860265216736666	 0.7051329907714656	
2161	 0.004855064162661709	 0.7038758143621009	
2162	 0.004848990168923641	 0.7024087708821732	
2163	 0.004841209523884011	 0.7005313113582147	
2164	 0.004830505501975256	 0.6979517305540878	
2165	 0.004820488374950429	 0.6955411349359216	
2166	 0.004811990400880419	 0.6934987358756196	
2167	 0.004805154983627496	 0.6918576587874028	
2168	 0.004799669475297739	 0.6905417988417838	
2169	 0.004795273370045937	 0.6894879875555103	
2170	 0.004794541325042226	 0.6893125680980812	
2171	 0.004792614826450405	 0.688851007846207	
2172	 0.0047860094372710145	 0.6872693944531835	
2173	 0.004775615182718326	 0.6847835098664705	
2174	 0.004763364172710462	 0.6818581925649428	
2175	 0.004749796588791269	 0.678624349947665	
2176	 0.004736776940275686	 0.6755268927039632	
2177	 0.004725715110578112	 0.6728996684977812	
2178	 0.004724004523980917	 0.6724937636989475	
2179	 0.004722796977111636	 0.672207284103273	
2180	 0.004719575528639435	 0.6714432634255054	
2181	 0.0047165541958018534	 0.6707270194036451	
2182	 0.004713861020711768	 0.6700888269910329	
2183	 0.004710928436145365	 0.6693941789420823	
2184	 0.004708666720525162	 0.6688586380215934	
2185	 0.004708660354350377	 0.668857130847224	
2186	 0.004710940761537117	 0.6693970978828667	
2187	 0.004714011241553485	 0.6701244179062995	
2188	 0.004722097001054535	 0.6720412434568315	
2189	 0.004731913483655216	 0.6743712999061059	
2190	 0.004743899794210151	 0.6772207627737615	
2191	 0.004755843300373388	 0.6800648280418664	
2192	 0.00476590082190276	 0.6824634867722361	
2193	 0.004773664851915851	 0.6843174712856296	
2194	 0.00478017150697344	 0.6858727544858317	
2195	 0.004781796887884688	 0.6862614890846933	
2196	 0.00477761318666081	 0.6852610717088431	
2197	 0.004771663888183434	 0.6838394656882689	
2198	 0.004766037514611455	 0.6824961104314177	
2199	 0.0047608599142894064	 0.6812608381871953	
2200	 0.0047540328250274206	 0.6796333993472283	
2201	 0.0047480813163899675	 0.6782159515839384	
2202	 0.00474803148452253	 0.6782040883185806	
2203	 0.004751538722937261	 0.6790392446233692	
2204	 0.004753280674265119	 0.6794541971698661	
2205	 0.0047526086581750615	 0.6792941033084672	
2206	 0.004751061511096709	 0.6789255850497009	
2207	 0.004751285962803132	 0.6789790427192575	
2208	 0.0047539843604068955	 0.6796218519361217	
2209	 0.004758968840412596	 0.6808098888447933	
2210	 0.004766196645483463	 0.6825340900632015	
2211	 0.004775368607346521	 0.6847245827837698	
2212	 0.004785808634054295	 0.6872213363312462	
2213	 0.004793565671213007	 0.6890788005759342	
2214	 0.004799638499106039	 0.6905343711396501	
2215	 0.004803821726107551	 0.6915377457240253	
2216	 0.004806932931630309	 0.6922843667204522	
2217	 0.004810980944824559	 0.6932562833467127	
2218	 0.004819017555640548	 0.6951874670078056	
2219	 0.004829986864833739	 0.6978268399896296	
2220	 0.004836377831575686	 0.6993664421333361	
2221	 0.004837554202591945	 0.6996499811588666	
2222	 0.00483614069809248	 0.6993092917562966	
2223	 0.004833648492423793	 0.6987087704946854	
2224	 0.004829313941919576	 0.6976648099207468	
2225	 0.004824359880455926	 0.6964724071610289	
2226	 0.004819975560970838	 0.6954178173585176	
2227	 0.00481565142662447	 0.6943783305062416	
2228	 0.004809693928948289	 0.6929472153040179	
2229	 0.004803792781485512	 0.6915308011634876	
2230	 0.0047988803392030625	 0.6903525838705938	
2231	 0.004795586769376234	 0.6895630926865824	
2232	 0.0047936650848871875	 0.6891026187291385	
2233	 0.00479244874406249	 0.6888112227800501	
2234	 0.004791303619676749	 0.688536933043337	
2235	 0.004790164161522318	 0.6882640439058736	
2236	 0.004790886052446086	 0.6884369247328648	
2237	 0.004793280134526457	 0.689010391732277	
2238	 0.0047968737918297226	 0.6898715577458444	
2239	 0.0047987815396549945	 0.6903288956869646	
2240	 0.004798804372181396	 0.6903343699855288	
2241	 0.0047985123099341135	 0.690264346808399	
2242	 0.004801004541568055	 0.6908619613535599	
2243	 0.004805980062149292	 0.692055664737245	
2244	 0.004809102840353228	 0.6928052879025566	
2245	 0.004810778620438406	 0.6932076928799801	
2246	 0.0048118451810675025	 0.6934638546950719	
2247	 0.0048130490249687205	 0.6937530340772007	
2248	 0.004808806244245527	 0.6927340760312857	
2249	 0.004806483170615071	 0.692176414028978	
2250	 0.004808724913172228	 0.6927145491863603	
2251	 0.004807075297087428	 0.6923185390137852	
2252	 0.004803325694797712	 0.6914187388906448	
2253	 0.0048000462682646645	 0.6906321516265369	
2254	 0.004798870654842754	 0.6903502619336028	
2255	 0.004800251161799077	 0.6906812859015132	
2256	 0.0048035903159912045	 0.6914822252552315	
2257	 0.00480797528033882	 0.6925345795840467	
2258	 0.004812706937810003	 0.6936708552682975	
2259	 0.004817718845824832	 0.6948752437280119	
2260	 0.004821139641450331	 0.695697759121704	
2261	 0.0048223194384085935	 0.6959815264158175	
2262	 0.00482225873306442	 0.6959669243066896	
2263	 0.00482056824659195	 0.6955603426436267	
2264	 0.0048175429264661895	 0.6948329552082002	
2265	 0.004816404479951452	 0.6945593136940975	
2266	 0.004816723778995211	 0.6946360573266521	
2267	 0.004814675072919895	 0.6941437090686006	
2268	 0.004811593702990032	 0.693403452391877	
2269	 0.004808976485154384	 0.6927749500252226	
2270	 0.004801218038291312	 0.6909131655512223	
2271	 0.004792076757866226	 0.6887221167541198	
2272	 0.004784025800742798	 0.6867947107809939	
2273	 0.0047763914671390025	 0.6849690411376023	
2274	 0.004776054599823517	 0.6848885276861729	
2275	 0.004778264702356002	 0.6854168254363664	
2276	 0.004778398443048286	 0.6854487997274844	
2277	 0.004775255243521591	 0.6846974915475146	
2278	 0.004769913694410406	 0.6834214754909927	
2279	 0.004763620574975781	 0.6819193654096511	
2280	 0.004756448532230072	 0.6802090766823742	
2281	 0.004750906092947846	 0.6788885700911063	
2282	 0.004746393074191318	 0.6778140850186503	
2283	 0.004744465359393292	 0.6773553312799788	
2284	 0.0047411039704534415	 0.6765556918414208	
2285	 0.00473907219980749	 0.6760725379759115	
2286	 0.004736292671583071	 0.6754117914509424	
2287	 0.004734597093185818	 0.6750088472581616	
2288	 0.004732540035044982	 0.674520128678128	
2289	 0.004731890397675047	 0.674365816396038	
2290	 0.0047362277331365246	 0.6753963574412983	
2291	 0.004739979843817076	 0.676288358125758	
2292	 0.004745580061907204	 0.6776205908207669	
2293	 0.004752096834911019	 0.6791721821807968	
2294	 0.004756339743767621	 0.6801831475551651	
2295	 0.004758700827118262	 0.6807459875103252	
2296	 0.0047615787233805254	 0.681432278199295	
2297	 0.004760360283857092	 0.6811416836835862	
2298	 0.004761196280954312	 0.6813410613810825	
2299	 0.004768355260143367	 0.6830493683220776	
2300	 0.0047865858265650945	 0.6874073488487122	
2301	 0.004803190053637438	 0.6913861975629835	
2302	 0.004808181937619402	 0.6925841913766307	
2303	 0.004810040811348561	 0.6930305113083844	
2304	 0.004809914574483493	 0.6930001979017585	
2305	 0.004810254895931162	 0.6930819209029938	
2306	 0.004810549508529513	 0.6931526707345691	
2307	 0.004812174843731473	 0.6935430392745782	
2308	 0.004811913640111933	 0.6934802981785287	
2309	 0.004809449539984662	 0.6928885331972902	
2310	 0.00480759094861809	 0.6924423176307203	
2311	 0.004811359539776437	 0.6933472108231598	
2312	 0.004817929053330898	 0.6949257759823476	
2313	 0.004825867710773264	 0.6968352434200136	
2314	 0.004831817384276947	 0.6982676786502418	
2315	 0.004844547799433237	 0.7013365867128292	
2316	 0.0048435946358006505	 0.7011066221169855	
2317	 0.004836690378374486	 0.6994417703572234	
2318	 0.004827052836907653	 0.6971204789149437	
2319	 0.004816478981842074	 0.6945772199452034	
2320	 0.0048051281198508355	 0.6918512122818428	
2321	 0.004797993123184945	 0.6901398765719804	
2322	 0.0047980768470421604	 0.690159947987636	
2323	 0.004791635850948299	 0.6886165073464854	
2324	 0.004784145286821048	 0.6868233000532817	
2325	 0.004777361208940179	 0.6852008367894047	
2326	 0.004772232601408218	 0.6839753106847003	
2327	 0.004769138424610788	 0.6832363542783078	
2328	 0.004768861251328857	 0.6831701748915006	
2329	 0.004772175904300957	 0.6839617673143962	
2330	 0.00477970937513692	 0.6857622447057499	
2331	 0.004789999763984347	 0.6882246758675159	
2332	 0.004799987867150686	 0.6906181470658954	
2333	 0.004810904386475859	 0.6932378968418406	
2334	 0.004825881170725818	 0.6968384826917178	
2335	 0.004839310432238946	 0.7000733682249207	
2336	 0.004846386414179873	 0.7017802644880187	
2337	 0.004847530705040362	 0.7020564510027395	
2338	 0.00484787331297887	 0.7021391514519025	
2339	 0.0048475402434307695	 0.702058753375266	
2340	 0.004846308993650174	 0.7017615798070186	
2341	 0.004844190400956882	 0.7012503555949128	
2342	 0.004840351915055871	 0.700324494460615	
2343	 0.004836169001684226	 0.69931611296786	
2344	 0.004829443121324677	 0.6976959132788918	
2345	 0.004823293542608575	 0.6962158549322885	
2346	 0.004824857637327238	 0.6965921763661933	
2347	 0.004825598099584359	 0.6967703600695067	
2348	 0.004821313933415993	 0.6957396772849525	
2349	 0.004812496613540328	 0.6936203314873298	
2350	 0.004801323157481078	 0.6909383774737067	
2351	 0.004788221920248773	 0.6877989957682025	
2352	 0.0047743613067963726	 0.6844838771236379	
2353	 0.004762202611576265	 0.6815810930311487	
2354	 0.004752394555482082	 0.6792431009631197	
2355	 0.004743360105415104	 0.6770923611726828	
2356	 0.004737345089594767	 0.6756619407523246	
2357	 0.004733752352615646	 0.674808135548616	
2358	 0.0047315053987062455	 0.6742743719342305	
2359	 0.0047302560511585535	 0.6739776626719668	
2360	 0.004731985614783413	 0.6743884330067069	
2361	 0.004733843668580539	 0.6748298312168209	
2362	 0.004735650553147695	 0.675259184481279	
2363	 0.004731752852818747	 0.6743331463484868	
2364	 0.004726681054468425	 0.6731289204357588	
2365	 0.004721426388181835	 0.6718821834128661	
2366	 0.004715405205132097	 0.6704547173253437	
2367	 0.0047091785337330236	 0.6689798128355502	
2368	 0.0047034770825012005	 0.6676304563734166	
2369	 0.004698465778800504	 0.6664453364588887	
2370	 0.004699050220314966	 0.666583507261069	
2371	 0.004703375110697807	 0.6676063327345101	
2372	 0.004706269987690616	 0.6682913141384024	
2373	 0.004707196975313146	 0.6685107159332634	
2374	 0.004706384471480222	 0.6683184088945394	
2375	 0.0047050693283922276	 0.668007181854768	
2376	 0.004704201247195874	 0.6678017832482621	
2377	 0.0047041362184259555	 0.6677863976648479	
2378	 0.004705058702746587	 0.6680046675445773	
2379	 0.004707509727134365	 0.6685847453310269	
2380	 0.0047112095148088735	 0.6694607462036303	
2381	 0.004718335862414435	 0.6711493483439497	
2382	 0.004723112684645412	 0.6722821781521673	
2383	 0.00472555725228957	 0.6728622062284807	
2384	 0.004733329898492713	 0.6747077687298625	
2385	 0.00474303648650754	 0.6770153711269012	
2386	 0.004752307068957509	 0.6792222608536755	
2387	 0.004758684071317439	 0.6807419925716487	
2388	 0.004757890629639423	 0.6805528299653959	
2389	 0.004756233325506947	 0.6801577837349582	
2390	 0.00475725636835664	 0.6804016323151365	
2391	 0.0047606886176394326	 0.6812199855184781	
2392	 0.004765136719318248	 0.6822811343117113	
2393	 0.0047654398584360555	 0.6823534758831161	
2394	 0.004763598134707825	 0.6819140114885406	
2395	 0.0047641397145875624	 0.6820432292540232	
2396	 0.004764223742701148	 0.6820632787440021	
2397	 0.004764110915107726	 0.6820363576214287	
2398	 0.004764126280756862	 0.682040023902792	
2399	 0.004765394144595914	 0.6823425664676509	
2400	 0.0047662365702465055	 0.6825436190055738	
2401	 0.004766783352321491	 0.6826741261963934	
2402	 0.004767040566203995	 0.682735522043377	
2403	 0.004766175252068573	 0.6825289840656229	
2404	 0.0047646389363028355	 0.6821623492855171	
2405	 0.004762835335205556	 0.6817320286369989	
2406	 0.004759968106281934	 0.6810481609450588	
2407	 0.004756131355395167	 0.6801334804453439	
2408	 0.004751240034756672	 0.6789681038980682	
2409	 0.004748658206933316	 0.6783532955580538	
2410	 0.004750506843514281	 0.678793487076376	
2411	 0.004751780123956072	 0.6790967430293225	
2412	 0.004751337583876874	 0.6789913375500469	
2413	 0.0047515791128449475	 0.6790488648087858	
2414	 0.004753051304278225	 0.6793995528430765	
2415	 0.004755302744661722	 0.6799360044116813	
2416	 0.004760894642674617	 0.6812691207057496	
2417	 0.0047688957921489415	 0.6831784219040211	
2418	 0.004776537441134206	 0.6850039310354131	
2419	 0.004778458813301836	 0.6854632330474191	
2420	 0.004778947135591135	 0.6855799856066047	
2421	 0.004779847629866251	 0.6857953048705072	
2422	 0.004782429737664788	 0.6864128685771067	
2423	 0.00478712067807401	 0.6875353713979168	
2424	 0.004792710391934638	 0.6888739009919003	
2425	 0.004799146329818947	 0.6904163594073289	
2426	 0.004806673720477935	 0.6922221494308763	
2427	 0.0048161280302832735	 0.6944928716628648	
2428	 0.004822315165215813	 0.6959804985348037	
2429	 0.00483415422055904	 0.6988306139315478	
2430	 0.004839856590330932	 0.7002050554160598	
2431	 0.004840063467377624	 0.7002549392694225	
2432	 0.004838286486513506	 0.6998265057213301	
2433	 0.004835431216957944	 0.6991383143461235	
2434	 0.004833497797952309	 0.6986724658086022	
2435	 0.0048325463643239	 0.6984432677930575	
2436	 0.004832030169578087	 0.69831893033863	
2437	 0.0048274567374016	 0.697217700127878	
2438	 0.004823021368972923	 0.6961503782220748	
2439	 0.004818623419510757	 0.6950927066738452	
2440	 0.004815986542253878	 0.6944588673531199	
2441	 0.004815408708203671	 0.6943200014020653	
2442	 0.004819005140601221	 0.6951844820382789	
2443	 0.004823752201834785	 0.6963261999846215	
2444	 0.0048259529951446166	 0.696855768055622	
2445	 0.00482457522465916	 0.6965242218165355	
2446	 0.004821462603942235	 0.6957754341514283	
2447	 0.004818005459260186	 0.694944143739459	
2448	 0.004814361929842754	 0.6940684663363083	
2449	 0.004811482581829404	 0.6933767629662897	
2450	 0.004810286424741104	 0.6930894922605673	
2451	 0.004810326130849336	 0.693099027369181	
2452	 0.004810637944899767	 0.6931739088771711	
2453	 0.004811089143056531	 0.6932822689226742	
2454	 0.00481085230538016	 0.6932253889860538	
2455	 0.004810914102327453	 0.6932402302219143	
2456	 0.004812184832348844	 0.693545438585031	
2457	 0.004814059290872723	 0.6939957506551164	
2458	 0.004819266923704328	 0.6952474240913182	
2459	 0.004830688768061758	 0.6979958641338219	
2460	 0.0048411405924645426	 0.7005146872796485	
2461	 0.004850458728829273	 0.7027633579387196	
2462	 0.0048583395133703	 0.704667413424975	
2463	 0.0048653197195878605	 0.7063556030919407	
2464	 0.004871477824364352	 0.7078463056604841	
2465	 0.004877108515681123	 0.7092104363554226	
2466	 0.004882056266126877	 0.7104099800040551	
2467	 0.0048749893133225005	 0.7086969002697029	
2468	 0.004864982227604079	 0.7062739421887416	
2469	 0.0048565400555479876	 0.7042324696451927	
2470	 0.004849909256338353	 0.7026306782023297	
2471	 0.004843883459077316	 0.7011763017495832	
2472	 0.004839583229672097	 0.700139142680832	
2473	 0.004839877562025499	 0.7002101122145733	
2474	 0.004849207992778027	 0.7024613604150804	
2475	 0.004857617344358094	 0.7044928463211906	
2476	 0.004856271182271122	 0.7041674899836513	
2477	 0.004850785921825996	 0.7028423691663703	
2478	 0.004843456909023039	 0.7010733960222316	
2479	 0.004834502815291411	 0.6989146046757675	
2480	 0.0048255638009518514	 0.6967621060964898	
2481	 0.004819224501796986	 0.6952372241875667	
2482	 0.004815500866201967	 0.6943421482067573	
2483	 0.004812052088325044	 0.6935135531494537	
2484	 0.004804862259482824	 0.6917874150146309	
2485	 0.004794389335806996	 0.6892761492570539	
2486	 0.004782809444593501	 0.6865037019798693	
2487	 0.0047730064996600735	 0.684160184290716	
2488	 0.004767662468909767	 0.6828839766685558	
2489	 0.004766446661118036	 0.6825937627925254	
2490	 0.004781270022724931	 0.6861354716070014	
2491	 0.004795459006338045	 0.6895324742945789	
2492	 0.004808063388155735	 0.6925557312744189	
2493	 0.004819261379288485	 0.6952460909911408	
2494	 0.0048214925661354815	 0.6957826404713462	
2495	 0.0048204930840404486	 0.6955422673823421	
2496	 0.004817581851373627	 0.694842312115418	
2497	 0.004813932424437966	 0.6939652691051822	
2498	 0.0048106005104541685	 0.693164918900522	
2499	 0.004808516851590592	 0.6926645965105326	
2500	 0.004808491271985751	 0.6926584553046282	
2501	 0.004808576474765023	 0.6926789110535365	
2502	 0.004809103865054602	 0.692805533935481	
2503	 0.004810266902069232	 0.6930848040641915	
2504	 0.00481217459719336	 0.6935429800550654	
2505	 0.004813195032948864	 0.6937881104231131	
2506	 0.004815900798829756	 0.6944382606621557	
2507	 0.004826906488431338	 0.6970852533186057	
2508	 0.004836844632802921	 0.6994789490645107	
2509	 0.004845796044422117	 0.7016377895985328	
2510	 0.004853839646889074	 0.7035799601968942	
2511	 0.004860468809711783	 0.7051822206391016	
2512	 0.004866286889988913	 0.7065896444084669	
2513	 0.004871217252434682	 0.7077832031154944	
2514	 0.0048757118262116655	 0.7088719666161489	
2515	 0.004870766002722565	 0.7076739295712721	
2516	 0.004865661337378365	 0.7064382661377439	
2517	 0.004860902823182083	 0.7052871720009475	
2518	 0.004857405237164051	 0.704441577761821	
2519	 0.004855478987030858	 0.7039760509901771	
2520	 0.0048558771988977956	 0.704072278805471	
2521	 0.004862638988585485	 0.7057070668950634	
2522	 0.004868820439233767	 0.7072028738782249	
2523	 0.004874409141584086	 0.7085563359952446	
2524	 0.004879516939438856	 0.7097942386929614	
2525	 0.004884128519569511	 0.7109126226501673	
2526	 0.004879016038688654	 0.7096728044385717	
2527	 0.004867957355243171	 0.7069939459941985	
2528	 0.004856026835174497	 0.7041084397406966	
2529	 0.004842914047338852	 0.7009424387078584	
2530	 0.00483039529530616	 0.6979251914577759	
2531	 0.0048166181410561225	 0.694610666837032	
2532	 0.004795140889927594	 0.6894562401096587	
2533	 0.00476958995085855	 0.6833441686099907	
2534	 0.004743918465354167	 0.6772252051466088	
2535	 0.004718292267249056	 0.6711390132111208	
2536	 0.004693193631818597	 0.6651994391921564	
2537	 0.0046697510718059195	 0.6596708657857113	
2538	 0.0046525944485719594	 0.6556364400179742	
2539	 0.004637898464398646	 0.6521885163284284	
2540	 0.0046225848780195485	 0.6486034339097356	
2541	 0.004606799519901854	 0.6449161827516315	
2542	 0.004592801215159861	 0.6416534019479129	
2543	 0.004580567240383631	 0.6388072814510617	
2544	 0.0045687752511305866	 0.6360687768364484	
2545	 0.00455685165593588	 0.6333044959278193	
2546	 0.004544863772988141	 0.6305301679162837	
2547	 0.004536380901148188	 0.6285699411486628	
2548	 0.004539854083065535	 0.6293722307972415	
2549	 0.004541546528598178	 0.6297633265463601	
2550	 0.004546188709134995	 0.6308365553135438	
2551	 0.004554966467093787	 0.6328678882245061	
2552	 0.004567393226176742	 0.6357481313557279	
2553	 0.0045800166168372125	 0.6386793030377657	
2554	 0.004592353709000499	 0.6415492046364015	
2555	 0.004597225574053679	 0.6426839336796506	
2556	 0.004601554301412398	 0.6436928308085338	
2557	 0.00460688503372499	 0.6449361349944653	
2558	 0.004615221825208527	 0.6468824756989565	
2559	 0.0046231682793406725	 0.6487398698464472	
2560	 0.004627409022057662	 0.6497319672621464	
2561	 0.004632122741844195	 0.6508354264636806	
2562	 0.004639163216712066	 0.652484962343872	
2563	 0.004650845714435566	 0.6552257766113618	
2564	 0.00466917078262592	 0.6595342475079943	
2565	 0.004686670114288137	 0.6636591130547068	
2566	 0.004703724311277843	 0.6676889451431918	
2567	 0.004716703881203139	 0.6707624969652166	
2568	 0.00472478539416583	 0.6726790440971099	
2569	 0.004733081160185439	 0.6746486761769408	
2570	 0.004742292750765402	 0.6768384471204688	
2571	 0.004758381593392421	 0.6806698770247508	
2572	 0.004765353974333156	 0.6823329800611766	
2573	 0.004769844305499521	 0.6834049057845141	
2574	 0.004773187056349148	 0.6842033196657783	
2575	 0.00477371204186051	 0.6843287459948979	
2576	 0.004773352119122702	 0.6842427544634333	
2577	 0.0047735360657200675	 0.6842867018265163	
2578	 0.004778111719489921	 0.6853802515202779	
2579	 0.004790444323495392	 0.6883311359599473	
2580	 0.004800987882151925	 0.6908579658898708	
2581	 0.004811015057684021	 0.6932644760660809	
2582	 0.004820620734745881	 0.6955729652256446	
2583	 0.004829305395777224	 0.6976627522305192	
2584	 0.004837094183708479	 0.6995390979909233	
2585	 0.004844116115413897	 0.7012324329243729	
2586	 0.004850197134888019	 0.7027001902598413	
2587	 0.004855951737171548	 0.704090291548461	
2588	 0.004861174492814435	 0.7053528692192043	
2589	 0.00486593017808277	 0.7065033216515256	
2590	 0.004869876905565219	 0.7074586476921486	
2591	 0.004872989038602714	 0.7082123198571957	
2592	 0.004866064674082792	 0.7065358686133478	
2593	 0.004858046515123637	 0.704596586013856	
2594	 0.0048498708300411105	 0.7026213998761595	
2595	 0.004843279829786082	 0.7010306772122982	
2596	 0.004837673458114243	 0.6996787277134491	
2597	 0.004834858965769205	 0.6990004200782134	
2598	 0.004837060165687165	 0.6995308985502208	
2599	 0.00484420146760398	 0.7012530256303847	
2600	 0.004850633677006239	 0.7028056043368941	
2601	 0.004846140886650401	 0.7017210095263365	
2602	 0.004839805665917521	 0.7001927763309301	
2603	 0.004833567609108532	 0.6986892843285509	
2604	 0.004822387982791395	 0.6959980142804946	
2605	 0.004809091499968534	 0.6928025650550154	
2606	 0.00479548057731344	 0.6895376437372811	
2607	 0.004783277374788079	 0.6866156467446145	
2608	 0.004771176483679208	 0.683723050990018	
2609	 0.004763863230776431	 0.6819772606235422	
2610	 0.004759645583621855	 0.6809712526904499	
2611	 0.004748331387638609	 0.6782754862591305	
2612	 0.004738191125152333	 0.6758630618600264	
2613	 0.004730773494194928	 0.6741005445909404	
2614	 0.004726009575001439	 0.672969551793649	
2615	 0.004725818452779925	 0.6729241936890688	
2616	 0.004729473358176668	 0.673791806457206	
2617	 0.004737030037336877	 0.6755870520762587	
2618	 0.00475355766900473	 0.6795201897993599	
2619	 0.004768447217954697	 0.6830713228274532	
2620	 0.004770086504042325	 0.6834627422194308	
2621	 0.00476679299051412	 0.6826764267516734	
2622	 0.004763004553268083	 0.681772397706801	
2623	 0.0047583901393402	 0.6806719144726353	
2624	 0.004753674354832468	 0.6795479903893293	
2625	 0.004749014257109236	 0.6784380682230036	
2626	 0.004745497841891865	 0.677601023963156	
2627	 0.0047400454776598145	 0.676303965649447	
2628	 0.004733108776747798	 0.6746552369185388	
2629	 0.004726476470546677	 0.6730803629786536	
2630	 0.004722124101577993	 0.6720476716405814	
2631	 0.004720507662619096	 0.6716642989405219	
2632	 0.0047177532300842154	 0.6710112285969798	
2633	 0.004713664629159241	 0.6700422982690072	
2634	 0.004712207011273399	 0.669697002538624	
2635	 0.0047119365958723574	 0.6696329515469048	
2636	 0.0047089923496368	 0.6689357316299218	
2637	 0.004703423080015426	 0.6676176808722258	
2638	 0.004696244626371194	 0.6659203269935535	
2639	 0.004688224621988244	 0.6640260321519292	
2640	 0.004681264239102774	 0.6623837659309886	
2641	 0.00467497026047206	 0.6609001351742599	
2642	 0.004670474582727946	 0.659841218808016	
2643	 0.004667977556215331	 0.6592533601444093	
2644	 0.004666403118920447	 0.6588828083851463	
2645	 0.004664727377086717	 0.6584885056476174	
2646	 0.004663567434735218	 0.6582156260371508	
2647	 0.004663260644234217	 0.6581434602983601	
2648	 0.0046638767233717895	 0.6582883826113184	
2649	 0.004665475730206124	 0.658664581774903	
2650	 0.00466776619809568	 0.6592036111021738	
2651	 0.004666540934411098	 0.6589152406279704	
2652	 0.004663407672832815	 0.658178045157541	
2653	 0.004660108910786566	 0.657402267398331	
2654	 0.00465672291852425	 0.6566063561620392	
2655	 0.004652338227300156	 0.6555762639446723	
2656	 0.004648653093961874	 0.654711018737258	
2657	 0.0046444362492901025	 0.6537214920426625	
2658	 0.004642634736232879	 0.6532989307010588	
2659	 0.004645887539062478	 0.6540619847962359	
2660	 0.0046475781113816	 0.6544587059798165	
2661	 0.004645605381520578	 0.6539957811612087	
2662	 0.004639475070689997	 0.6525580662568533	
2663	 0.004632079642986914	 0.650825333835266	
2664	 0.0046272964858518305	 0.6497056322305557	
2665	 0.004624956308321163	 0.6491580950230768	
2666	 0.004622912606058829	 0.6486800759331434	
2667	 0.004620961661449213	 0.6482238841442004	
2668	 0.004621231548910899	 0.6482869846116753	
2669	 0.004621246026199289	 0.6482903695129139	
2670	 0.0046209846214151085	 0.6482292521548775	
2671	 0.0046211988909877965	 0.6482793489643395	
2672	 0.004622288404943337	 0.6485341042491763	
2673	 0.004624184899754989	 0.6489776470937556	
2674	 0.004630457407167792	 0.6504454940394746	
2675	 0.004634082203973486	 0.6512943475154744	
2676	 0.004636310623748773	 0.6518164177508357	
2677	 0.004637074199209622	 0.651995345345393	
2678	 0.004633759540348335	 0.6512187683218399	
2679	 0.004626673205715612	 0.6495597837730316	
2680	 0.004617487469455671	 0.6474118274207795	
2681	 0.004608238918794111	 0.6452520588530164	
2682	 0.004601843622357057	 0.643760285451313	
2683	 0.004605538154848483	 0.6446219074147076	
2684	 0.004610954192196051	 0.6458858439329132	
2685	 0.004614733591538809	 0.6467684260462176	
2686	 0.004617284214433204	 0.6473643312533676	
2687	 0.00461927295844304	 0.6478291162902249	
2688	 0.0046215580707477276	 0.6483633296437568	
2689	 0.0046249260277909455	 0.6491510114215958	
2690	 0.004629921314737423	 0.6503199897181279	
2691	 0.0046354271520933875	 0.6516094195584426	
2692	 0.0046396120024579735	 0.6525901664432803	
2693	 0.004642460490600373	 0.6532580655933037	
2694	 0.0046436613619652	 0.6535397217485502	
2695	 0.004644787707226671	 0.6538039424520437	
2696	 0.004646043152035504	 0.6540984979724983	
2697	 0.0046473648600238405	 0.6544086576644411	
2698	 0.004650916170938972	 0.6552423202513491	
2699	 0.004651126005802811	 0.6552915918162533	
2700	 0.0046497158185791095	 0.6549604926249069	
2701	 0.00464567247342366	 0.6540115229319036	
2702	 0.0046384854373532555	 0.6523260905526492	
2703	 0.004630349433570865	 0.6504202156175193	
2704	 0.004622619767894609	 0.6486115930350964	
2705	 0.004615881544859148	 0.6470365966459215	
2706	 0.004616347529887006	 0.6471454669702268	
2707	 0.004622834261473291	 0.6486617540478804	
2708	 0.004629201850650282	 0.6501515715780514	
2709	 0.00463456767281767	 0.6514080680399258	
2710	 0.004639679092533183	 0.6526058942434927	
2711	 0.004645465991374467	 0.6539630765410165	
2712	 0.004652253440213887	 0.6555563513541778	
2713	 0.0046589049615270205	 0.6571192229365856	
2714	 0.004664442659027135	 0.6584215207558383	
2715	 0.00466885751343644	 0.6594604988175616	
2716	 0.004672946673317723	 0.6604234134075603	
2717	 0.004677465654026344	 0.661488195726638	
2718	 0.00468293138696393	 0.6627769726618452	
2719	 0.004688103435632982	 0.6639974249470861	
2720	 0.00469302819108697	 0.6651603578481999	
2721	 0.004697714294303947	 0.6662676910102572	
2722	 0.004704744537106533	 0.66793032931412	
2723	 0.004712571747017478	 0.6697833982678612	
2724	 0.0047225761518063245	 0.6721549005736631	
2725	 0.004737757783815028	 0.675760044180002	
2726	 0.004751376094296438	 0.6790005098134614	
2727	 0.004763277701670807	 0.6818375626670071	
2728	 0.00477408095594631	 0.6844168901947735	
2729	 0.004784394142640783	 0.6868828449767225	
2730	 0.004794428199890911	 0.6892854615860464	
2731	 0.004803486939466827	 0.6914574234883502	
2732	 0.004810616996156104	 0.6931688779777285	
2733	 0.004807349485085208	 0.6923843548620913	
2734	 0.004805075833499251	 0.6918386651850682	
2735	 0.004801255179446623	 0.6909220734919272	
2736	 0.0047959141650810245	 0.6896415554980195	
2737	 0.00478975812831356	 0.6881668133612504	
2738	 0.004784468606349368	 0.6869006626661477	
2739	 0.004780537847960596	 0.6859603628210352	
2740	 0.004778537498924044	 0.6854820453880887	
2741	 0.004776684564885524	 0.6850390964608437	
2742	 0.004775702492256537	 0.6848043757633546	
2743	 0.004775765083026142	 0.6848193343375923	
2744	 0.004777752580472499	 0.6852943945132232	
2745	 0.004787844603361758	 0.6877086660092406	
2746	 0.00479724943853915	 0.689961600676745	
2747	 0.004805781839348321	 0.6920080922946857	
2748	 0.0048134392513527555	 0.6938467820156408	
2749	 0.004819138466888224	 0.6952165381777525	
2750	 0.004823176373340323	 0.6961876672630836	
2751	 0.004819293302584665	 0.69525376664727	
2752	 0.004874004674837841	 0.7084583482048019	
2753	 0.004938292517338928	 0.7241009309891933	
2754	 0.004931106941331331	 0.7223457500135646	
2755	 0.004901781526306038	 0.7152002722531314	
2756	 0.0048738163507830645	 0.7084127258882846	
2757	 0.0048493797624358645	 0.7025028321263359	
2758	 0.004829530632883624	 0.697716984316241	
2759	 0.004814952873963419	 0.6942104624675154	
2760	 0.004805510280799783	 0.6919429217772441	
2761	 0.004801583971648029	 0.6910009330701619	
2762	 0.0048084136650288906	 0.6926398233947338	
2763	 0.004814616716478716	 0.6941296868025578	
2764	 0.004820502007271197	 0.6955444132513326	
2765	 0.004825835261141314	 0.6968274341175031	
2766	 0.004824264496968529	 0.6964494571286577	
2767	 0.00482134680515472	 0.6957475832296754	
2768	 0.004826836858866484	 0.6970684939615932	
2769	 0.004828695822787877	 0.6975159890692891	
2770	 0.004828925895629808	 0.6975713808495135	
2771	 0.0048337214804610494	 0.6987263547406707	
2772	 0.004837996859134563	 0.6997566859367569	
2773	 0.004841828126494175	 0.7006805058081199	
2774	 0.004845156758002908	 0.7014835226213187	
2775	 0.004847537380994626	 0.7020580624413582	
2776	 0.004842241056318581	 0.7007801032107622	
2777	 0.004835910191448571	 0.6992537402718562	
2778	 0.004832531015134136	 0.6984395704576373	
2779	 0.00483038786118041	 0.6979234012450851	
2780	 0.004827685090566465	 0.6972726684709316	
2781	 0.0048225067504370734	 0.6960265833644065	
2782	 0.004814390314937044	 0.6940752866369929	
2783	 0.004802502527703078	 0.6912212643777587	
2784	 0.004786840593581169	 0.6874683289266871	
2785	 0.004767919571291955	 0.6829453534453489	
2786	 0.004747036588829401	 0.677967255012169	
2787	 0.004726540948732651	 0.6730956665557255	
2788	 0.004711663672064239	 0.6695683088948994	
2789	 0.004697856098301485	 0.6663012109899525	
2790	 0.004685416996464227	 0.6633633917430745	
2791	 0.004674925184213075	 0.6608895144971049	
2792	 0.004667444155845201	 0.659127812342766	
2793	 0.004663092325886601	 0.6581038684421626	
2794	 0.00466037071615041	 0.6574638234213633	
2795	 0.0046590707186338325	 0.6571581889861488	
2796	 0.004664363894439944	 0.6584029904936102	
2797	 0.004675549302386981	 0.6610365726481023	
2798	 0.004693692243149221	 0.6653172295318459	
2799	 0.004709978925375775	 0.6691693279079037	
2800	 0.004724975216885677	 0.672724087227853	
2801	 0.004738311602232853	 0.6758917038377016	
2802	 0.004750565502297936	 0.6788074565907534	
2803	 0.0047627237483381	 0.6817054087274723	
2804	 0.004773549511389232	 0.6842899142254307	
2805	 0.004783159166605729	 0.6865873666510648	
2806	 0.004791843125867631	 0.6886661546185022	
2807	 0.004799438113374098	 0.690486321927296	
2808	 0.004806210366686012	 0.6921109382725371	
2809	 0.004812211631181984	 0.6935518758007079	
2810	 0.004817278773378519	 0.6947694584842884	
2811	 0.004815005980657327	 0.6942232238793941	
2812	 0.004820632789926402	 0.6955758643213948	
2813	 0.004825704625418842	 0.6967959957830095	
2814	 0.004830288993529318	 0.6978995930891181	
2815	 0.004834396541912219	 0.6988889986395351	
2816	 0.0048380865650734925	 0.6997783108365985	
2817	 0.004841417681191544	 0.7005815132760188	
2818	 0.004844435652286965	 0.7013095280160856	
2819	 0.004847199920160997	 0.7019766081610052	
2820	 0.004849440492293749	 0.7025174948520662	
2821	 0.004851206752034916	 0.7029439973214536	
2822	 0.004852963117797004	 0.7033682133376598	
2823	 0.004854702677008341	 0.7037884709596817	
2824	 0.004856084475083329	 0.7041223691347701	
2825	 0.004857964443047703	 0.7045767469768132	
2826	 0.004859580498453891	 0.7049674323243984	
2827	 0.004861473339905381	 0.7054251415246328	
2828	 0.004857028628979691	 0.7043505512452161	
2829	 0.0048508377635998875	 0.7028548883490255	
2830	 0.004845836018765804	 0.7016474363063913	
2831	 0.0048432479252976815	 0.7010229806455142	
2832	 0.004842929022137859	 0.7009460510243452	
2833	 0.004842488655896076	 0.7008398261823034	
2834	 0.004839606026211409	 0.7001446392886295	
2835	 0.0048326975860261846	 0.6984796947177867	
2836	 0.0048140130833458274	 0.6939846485467652	
2837	 0.004795969216473353	 0.6896547493236379	
2838	 0.0047785553942213165	 0.6854863238660027	
2839	 0.00476419333586749	 0.6820560235080115	
2840	 0.004751284099272447	 0.6789785988751678	
2841	 0.004738117221508195	 0.6758454923972645	
2842	 0.004725976919887428	 0.6729618018281035	
2843	 0.0047088421515046955	 0.6689001713579653	
2844	 0.004694727558842014	 0.6655618358306534	
2845	 0.0046824660123407245	 0.6626672019003718	
2846	 0.004670846299675111	 0.659928747625514	
2847	 0.004660146178315672	 0.6574110296482815	
2848	 0.004649507215007883	 0.6549115200783778	
2849	 0.004641765987139295	 0.6530951967279869	
2850	 0.004637894348135187	 0.6521875516030671	
2851	 0.004642322004413548	 0.6532255877297725	
2852	 0.0046469730488504415	 0.6543167068399693	
2853	 0.004651612927820884	 0.6554059322427692	
2854	 0.004654421583754088	 0.6560656246473906	
2855	 0.004655105578365407	 0.6562263203519727	
2856	 0.004654709616825879	 0.6561332923807366	
2857	 0.004655052951789281	 0.6562139558582349	
2858	 0.0046574403356409435	 0.656774960005444	
2859	 0.004662003191201402	 0.657847705115901	
2860	 0.004667403921905815	 0.6591183427660685	
2861	 0.004673715351227793	 0.6606044842819901	
2862	 0.004679905485012205	 0.6620633647441148	
2863	 0.004687634823032532	 0.663886809074161	
2864	 0.004694972038324817	 0.6656196024194636	
2865	 0.004699388573178511	 0.666663504225408	
2866	 0.0047088859132329835	 0.6689105321208626	
2867	 0.0047235253405805986	 0.6723800759188744	
2868	 0.004736960025774399	 0.675570410611138	
2869	 0.004748993092192346	 0.6784330289091515	
2870	 0.004759652345705504	 0.6809728651307997	
2871	 0.004768940172810803	 0.6831890183488134	
2872	 0.004776944014592953	 0.6851011117243003	
2873	 0.004783958799006195	 0.6867786795744313	
2874	 0.004790421021654919	 0.688325555629873	
2875	 0.004796313899069614	 0.6897373595578683	
2876	 0.004788075038021044	 0.6877638315613226	
2877	 0.0047761257911506216	 0.6849055425549821	
2878	 0.004763199047658908	 0.6818187979396004	
2879	 0.004751596165230642	 0.6790529264118603	
2880	 0.00474107231087903	 0.6765481621543391	
2881	 0.004728564458648029	 0.6735760072981836	
2882	 0.004718741382987853	 0.6712454884074462	
2883	 0.004710806011873627	 0.669365186290179	
2884	 0.004708392425184676	 0.6687937005859232	
2885	 0.004707431424044807	 0.6685662104212213	
2886	 0.0047072563385461355	 0.6685247671561101	
2887	 0.00470754742998258	 0.6685936699422437	
2888	 0.004708381443278918	 0.6687911007517626	
2889	 0.0047100384626031	 0.6691834258670436	
2890	 0.0047148384482746004	 0.6703204165359935	
2891	 0.004718877938770642	 0.6712778640382477	
2892	 0.004724379905176389	 0.6725828294474977	
2893	 0.0047367909957599765	 0.6755302335364671	
2894	 0.004748165272112279	 0.6782359387611824	
2895	 0.0047584150079042105	 0.6806778434255193	
2896	 0.004766997835249739	 0.6827253221954886	
2897	 0.004775025388779177	 0.6846425630908639	
2898	 0.004783696596895094	 0.6867159450842646	
2899	 0.004792255836241371	 0.6887650128303422	
2900	 0.004799352871149544	 0.6904658826452196	
2901	 0.004805444675038689	 0.6919271776166238	
2902	 0.004810973171558906	 0.6932544164847649	
2903	 0.004806396390022663	 0.6921555855231095	
2904	 0.004795832985302926	 0.6896220998285226	
2905	 0.00478331866091598	 0.6866255241364627	
2906	 0.0047699606425207815	 0.6834326865436403	
2907	 0.00475827395451635	 0.6806442149424345	
2908	 0.004748813102117014	 0.6783901743268205	
2909	 0.004739030570850631	 0.676062640077855	
2910	 0.004727515479811348	 0.6733269836133481	
2911	 0.0047157990042567335	 0.6705480397508441	
2912	 0.004704240475590327	 0.667811064620101	
2913	 0.004694046488079139	 0.6654009202854306	
2914	 0.0046832947172106764	 0.6628626786469847	
2915	 0.004667250003422729	 0.6590821165676658	
2916	 0.004650620058238083	 0.6551727922098796	
2917	 0.004633317990658023	 0.6511153475071639	
2918	 0.004615817986123055	 0.6470217476804057	
2919	 0.004599688701357124	 0.6432579375074704	
2920	 0.004581823079289846	 0.6390992075776086	
2921	 0.004566082498508884	 0.6354440874111967	
2922	 0.004550799605013088	 0.6319032748311193	
2923	 0.004541217463904004	 0.6296872776094389	
2924	 0.004534497350264058	 0.6281350204395172	
2925	 0.004527546927884975	 0.6265311775843774	
2926	 0.004523251495373852	 0.6255408063970519	
2927	 0.00451723787762857	 0.6241553369784161	
2928	 0.004511827529630326	 0.622909904368604	
2929	 0.004505142586233971	 0.621372441445041	
2930	 0.004498795800880409	 0.6199141578677667	
2931	 0.00448940847623109	 0.6177597713860205	
2932	 0.0044850413643670916	 0.6167585440274632	
2933	 0.004483211456385322	 0.6163392027134427	
2934	 0.004483439262240089	 0.6163914004361399	
2935	 0.004520014259764039	 0.6247948312790776	
2936	 0.004553166305321959	 0.6324510851231502	
2937	 0.004583192545624345	 0.6394176077828414	
2938	 0.004610374175608193	 0.6457504385557113	
2939	 0.004634950946265179	 0.6514978550189707	
2940	 0.00465709386226086	 0.6566935313732658	
2941	 0.004677023728104701	 0.6613840369094169	
2942	 0.004694946619344194	 0.6656135962277676	
2943	 0.004711029910883313	 0.6694182106828637	
2944	 0.004725522041718742	 0.6728538503167645	
2945	 0.004738558982923437	 0.6759505171451549	
2946	 0.00475027040544003	 0.6787371808170167	
2947	 0.004760964246287993	 0.681285720885312	
2948	 0.004770722442722359	 0.6836146121797984	
2949	 0.0047795907418651685	 0.685733877030622	
2950	 0.004787644429699048	 0.6876607463099922	
2951	 0.004794962137773508	 0.6894134049912551	
2952	 0.0048016132774933214	 0.691007962142151	
2953	 0.004807659427140682	 0.6924587560966565	
2954	 0.004813152393160382	 0.6937778667455006	
2955	 0.0048181397748510236	 0.6949764332769182	
2956	 0.0048226813445875465	 0.6960685821432032	
2957	 0.004826950016966261	 0.6970957304192347	
2958	 0.0048307967750383825	 0.6980218745671359	
2959	 0.004834258657725068	 0.6988557766973952	
2960	 0.004837371979685496	 0.6996060572230275	
2961	 0.004840170295051787	 0.70028069897187	
2962	 0.004842684139908925	 0.7008869799066411	
2963	 0.0048449411687681194	 0.7014315015824641	
2964	 0.004844247351453106	 0.7012640960100376	
2965	 0.0048255377554330525	 0.6967558382631232	
2966	 0.004801933300402043	 0.6910847222080096	
2967	 0.004774339137558388	 0.6844785799185926	
2968	 0.004812353187270941	 0.6935858786879464	
2969	 0.004919201540780757	 0.7194414350338441	
2970	 0.004956155114126822	 0.7284715077396406	
2971	 0.004926876830949696	 0.7213132812163157	
2972	 0.004899556679588799	 0.7146593225954166	
2973	 0.004874476050344917	 0.7085725461115073	
2974	 0.0048525388885409405	 0.7032657396283563	
2975	 0.004833199065379876	 0.6986004986287884	
2976	 0.004816297730231257	 0.6945336571194569	
2977	 0.0048023705751426065	 0.6911896115815283	
2978	 0.004791939298527571	 0.6886891907437278	
2979	 0.004785927645570552	 0.6872498191288404	
2980	 0.004782448919681127	 0.6864174571792698	
2981	 0.004774416084269201	 0.6844969659390713	
2982	 0.004760839533213975	 0.681255977437608	
2983	 0.0047430034583266015	 0.677007513806548	
2984	 0.004725990476036614	 0.6729650190744915	
2985	 0.004712036396912102	 0.6696565902834348	
2986	 0.004696840508306078	 0.6660611581992318	
2987	 0.004680021395596526	 0.6620906946354516	
2988	 0.0046518735591053765	 0.6554671377081164	
2989	 0.004621986031281802	 0.6484633978016062	
2990	 0.004596559530929812	 0.6425287551067278	
2991	 0.004576215121406998	 0.6377960221644065	
2992	 0.004554133691848374	 0.632675056731282	
2993	 0.004535422806804789	 0.6283486976362112	
2994	 0.004523212766416148	 0.6255318797527587	
2995	 0.004519913295024504	 0.6247715711099419	
2996	 0.004518192632480217	 0.6243752196202598	
2997	 0.004515264537493259	 0.6237009695635735	
2998	 0.004509684083189763	 0.6224167699116546	
2999	 0.004501785060964388	 0.6206008212667257	
3000	 0.004491758601095079	 0.618298842373615	
3001	 0.004479306458001516	 0.6154447156739504	
3002	 0.004464275479120441	 0.612006540091514	
3003	 0.0044479129036451084	 0.6082725397534037	
3004	 0.004435243533247285	 0.6053876245895623	
3005	 0.00442732824919477	 0.6035880376129042	
3006	 0.004423324238990436	 0.6026785184145271	
3007	 0.0044218973240412645	 0.602354524337767	
3008	 0.004423303241701741	 0.6026737502830894	
3009	 0.004430219580144371	 0.6042451504928834	
3010	 0.004445874630111293	 0.6078080385924768	
3011	 0.004459968272632183	 0.6110227333135759	
3012	 0.004469932721853721	 0.6132996696089641	
3013	 0.0044743922496683275	 0.6143197954729878	
3014	 0.004460242680037534	 0.6110853916821632	
3015	 0.00444781642489373	 0.608250550057677	
3016	 0.004440148459309611	 0.6065038639391321	
3017	 0.004437088491021537	 0.6058073946499231	
3018	 0.004441467281736998	 0.6068041354637973	
3019	 0.00446068619987282	 0.6111866707287549	
3020	 0.004487275559564394	 0.6172706863763435	
3021	 0.004521337648610285	 0.6250997444779557	
3022	 0.004551400079412367	 0.6320422461698801	
3023	 0.004562846407988679	 0.634693674355034	
3024	 0.004568998497114753	 0.6361205785065277	
3025	 0.004573948938818075	 0.6372697052541014	
3026	 0.004579871808796827	 0.638645647801944	
3027	 0.004587007238642171	 0.6403048563275551	
3028	 0.004592885701221743	 0.6416730744378565	
3029	 0.004597397392408206	 0.6427239673441104	
3030	 0.004599100281689851	 0.6431207943565351	
3031	 0.004597618036685994	 0.6427753789081512	
3032	 0.004594105462349258	 0.6419571214072366	
3033	 0.004590832535361141	 0.6411950652549737	
3034	 0.004584924671228048	 0.6398204169304845	
3035	 0.004583503187781584	 0.6394898407480604	
3036	 0.004575636635360479	 0.6376616532800115	
3037	 0.004655294202065505	 0.6562706378246191	
3038	 0.004789845960079549	 0.6881878454865853	
3039	 0.004859164312863736	 0.7048668101578222	
3040	 0.004806252635224357	 0.692121082995462	
3041	 0.004760787928624584	 0.6812436701517055	
3042	 0.004728637846591081	 0.6735934307022031	
3043	 0.0047117572979676	 0.669590484131142	
3044	 0.004700437657022622	 0.6669115641388824	
3045	 0.004689607712660298	 0.6643525589278823	
3046	 0.00467800059216007	 0.6616142856424362	
3047	 0.004666146398983009	 0.6588223959550062	
3048	 0.004654876764112539	 0.6561725616446529	
3049	 0.004644097765200973	 0.6536420891699183	
3050	 0.004634370805700511	 0.6513619511844141	
3051	 0.0046262120009562605	 0.6494518696210788	
3052	 0.004618987870194817	 0.64776248074315	
3053	 0.00461425938946303	 0.6466576618245166	
3054	 0.00461318079539518	 0.6464057518530775	
3055	 0.004616190767000538	 0.6471088408849321	
3056	 0.004622577111762435	 0.6486016177475867	
3057	 0.0046337074972395975	 0.6512065783200373	
3058	 0.004644375818256286	 0.6537073156201892	
3059	 0.004662398926089654	 0.657940776929121	
3060	 0.0046778803726194	 0.6615859479361176	
3061	 0.004678280930601294	 0.6616803678709628	
3062	 0.0046917357037272915	 0.6648550708017964	
3063	 0.004688838501160531	 0.6641709518089636	
3064	 0.004667202262301643	 0.6590708803965358	
3065	 0.004647757085153587	 0.6545007108132798	
3066	 0.004638028396889732	 0.652218968795416	
3067	 0.004642477075127038	 0.6532619550497428	
3068	 0.004652104751582231	 0.655521431811184	
3069	 0.004662793687745493	 0.6580336250976873	
3070	 0.004673240563916627	 0.6604926403554164	
3071	 0.004682832806578029	 0.6627537192955728	
3072	 0.004689182747364797	 0.6642522242194793	
3073	 0.004692182958820166	 0.6649607066417964	
3074	 0.004692065734084868	 0.6649330190337178	
3075	 0.0046914931116376745	 0.6647977765112925	
3076	 0.0046893484650983135	 0.6642913496121634	
3077	 0.004685697437116005	 0.6634295679139772	
3078	 0.004683093464587069	 0.6628152046106016	
3079	 0.004682360413221442	 0.6626422946019986	
3080	 0.004681697492719185	 0.6624859423946828	
3081	 0.004682153797689214	 0.6625935619954811	
3082	 0.004681571416021283	 0.6624562084180672	
3083	 0.0046949919842480805	 0.6656243154103701	
3084	 0.004706393462690807	 0.6683205368533491	
3085	 0.004697997437610882	 0.6663346217967407	
3086	 0.004684921769463808	 0.663246538433966	
3087	 0.004670169341575858	 0.6597693466308387	
3088	 0.004658044938681266	 0.6569170642842445	
3089	 0.004641120360909542	 0.6529438046928007	
3090	 0.004620520663985121	 0.6481207829515065	
3091	 0.004598056103040803	 0.6428774561170785	
3092	 0.004571780860977444	 0.6367663356894676	
3093	 0.004544423958944356	 0.6304284754376271	
3094	 0.0045194001279212845	 0.6246533534721608	
3095	 0.004499967714608185	 0.620183322115252	
3096	 0.0044884705152722585	 0.6175446746769723	
3097	 0.004483849815996203	 0.6164854761052089	
3098	 0.004483558081407926	 0.6164186264695358	
3099	 0.0044841024677271775	 0.6165433724273793	
3100	 0.00448597235922513	 0.6169719343903346	
3101	 0.004489189112957945	 0.6177094634969087	
3102	 0.004494100257814917	 0.6188361579891563	
3103	 0.004501494072702016	 0.6205339649489283	
3104	 0.004507822103822775	 0.6219885183041272	
3105	 0.004511305686531218	 0.6227898315524532	
3106	 0.004506402455908657	 0.6216620812856218	
3107	 0.004505368800016288	 0.621424443263026	
3108	 0.004509098535116512	 0.6222820822929166	
3109	 0.004512994751540611	 0.6231785083066643	
3110	 0.004511886436351454	 0.622923459016351	
3111	 0.00450533305236278	 0.6214162255092337	
3112	 0.0045008359374206644	 0.6203827650044517	
3113	 0.004498574513170295	 0.6198633379219717	
3114	 0.004500511876849416	 0.6203083207712125	
3115	 0.0045111238937694375	 0.6227480043555725	
3116	 0.004521114976821761	 0.6250484359921764	
3117	 0.004528129259618468	 0.6266654904306693	
3118	 0.004537126728074262	 0.6287421893529909	
3119	 0.004547617204889973	 0.6311669572470398	
3120	 0.004557483246211907	 0.6334507984889993	
3121	 0.004567249208367251	 0.6357147213096362	
3122	 0.0045755197673321354	 0.6376345089240676	
3123	 0.004582966596866927	 0.6393650704454905	
3124	 0.004591103827994513	 0.6412582182607803	
3125	 0.0045928466618407725	 0.641663984129401	
3126	 0.004592019526298155	 0.6414713979676138	
3127	 0.004590440881125532	 0.6411038981954914	
3128	 0.004586264315994935	 0.640132023486148	
3129	 0.004583707697498937	 0.6395373967426485	
3130	 0.004582265477585343	 0.639202058013259	
3131	 0.0045741993113120535	 0.6373278452839523	
3132	 0.004559189582689397	 0.6338461245330611	
3133	 0.004543774501477251	 0.6302783218356037	
3134	 0.004528581500421686	 0.6267698061878845	
3135	 0.0045123484268729435	 0.6230297687828285	
3136	 0.004497393203717515	 0.6195920718720023	
3137	 0.004482685055354289	 0.616218593898182	
3138	 0.004468984343111974	 0.6130828135364192	
3139	 0.004464992162091332	 0.6121702987045058	
3140	 0.004463531220546614	 0.6118364991356081	
3141	 0.004462277981087826	 0.6115502138906562	
3142	 0.004461885871663438	 0.6114606529162113	
3143	 0.004464362974231724	 0.6120265313646057	
3144	 0.004472541613546284	 0.6138963764576816	
3145	 0.004484829364603683	 0.6167099563651156	
3146	 0.0044996856536006985	 0.6201185342883051	
3147	 0.00451424378922247	 0.6234659911899139	
3148	 0.004526360654582749	 0.6262576032822663	
3149	 0.004536174448462019	 0.6285222643820275	
3150	 0.0045448231535513365	 0.6305207757374467	
3151	 0.0045544433402584	 0.6327467539623723	
3152	 0.004560851108661009	 0.6342311636241043	
3153	 0.0045673101839407175	 0.6357288666738834	
3154	 0.004568023046469558	 0.6358942487939969	
3155	 0.004573456690627572	 0.637155404456964	
3156	 0.004582868355908434	 0.639342228112835	
3157	 0.004594034486672064	 0.6419405918538942	
3158	 0.0046038673091463415	 0.6442321833287139	
3159	 0.004613797681424765	 0.6465498232539608	
3160	 0.004624526029876033	 0.6490574417934358	
3161	 0.004635212445250917	 0.6515591175271792	
3162	 0.004643736895274296	 0.6535574391923268	
3163	 0.004652137302757324	 0.6555290763949482	
3164	 0.004660760107400008	 0.6575553818707901	
3165	 0.004675655533931545	 0.6610616048113198	
3166	 0.004689343179861427	 0.6642901017714979	
3167	 0.004701783457876021	 0.6672298379796742	
3168	 0.004713036027608606	 0.669893379845078	
3169	 0.004723231061547538	 0.6723102610965392	
3170	 0.004732484870825183	 0.6745070246396391	
3171	 0.004740850449816952	 0.6764953972442739	
3172	 0.0047421735232892085	 0.6768100863437315	
3173	 0.004740108894499766	 0.6763190461136253	
3174	 0.004737770365390478	 0.6757630350932483	
3175	 0.004734776855629162	 0.6750515621829855	
3176	 0.004733669227603657	 0.6747883862032609	
3177	 0.0047339715374168315	 0.6748602119138452	
3178	 0.0047303261678695125	 0.6739943134021995	
3179	 0.004730287253171597	 0.6739850722448077	
3180	 0.004726109630135314	 0.6729932978782012	
3181	 0.0047206770431167736	 0.6717044670050867	
3182	 0.004713505745916776	 0.6700046568918698	
3183	 0.004704200068334429	 0.6678015043324348	
3184	 0.004690931973644097	 0.6646652570736491	
3185	 0.004675544078279798	 0.6610353416609683	
3186	 0.004659932222603034	 0.6573607255421628	
3187	 0.004652126823498478	 0.6555266153563374	
3188	 0.0046476953804437246	 0.6544862287032348	
3189	 0.0046431022296547775	 0.6534085750521411	
3190	 0.0046385537188525965	 0.6523420950662939	
3191	 0.004634999808958826	 0.6515093021203308	
3192	 0.004633137690362274	 0.6510731190339002	
3193	 0.004633906071276344	 0.6512530905949564	
3194	 0.004637467732023831	 0.6520875690229451	
3195	 0.0046446127891146055	 0.6537629069505708	
3196	 0.004650357336588643	 0.6551111069459828	
3197	 0.00465442252969675	 0.6560658468735378	
3198	 0.004654651812464536	 0.6561197121533812	
3199	 0.004653667781014771	 0.6558885466589891	
3200	 0.004654654553091943	 0.6561203560182326	
3201	 0.004655865125768499	 0.6564047846558525	
3202	 0.004652664379750942	 0.6556528644235596	
3203	 0.004648080651395117	 0.6545766539852851	
3204	 0.004643506210474789	 0.6535033292970329	
3205	 0.004639752178211373	 0.6526230277541879	
3206	 0.00463832052697852	 0.6522874378262268	
3207	 0.004637658819041399	 0.6521323517892478	
3208	 0.004751786494767318	 0.679098260495405	
3209	 0.004893777796368765	 0.7132550088608569	
3210	 0.004885678038656856	 0.711288564561887	
3211	 0.004878765048362543	 0.709611959535679	
3212	 0.004858931012572622	 0.7048104071120881	
3213	 0.004838475370292154	 0.6998720409865222	
3214	 0.004821733602034394	 0.6958406140091292	
3215	 0.004809741745726745	 0.6929586971896189	
3216	 0.0048029727476123375	 0.691334065501112	
3217	 0.004803960984695474	 0.6915711578370014	
3218	 0.004798000213764791	 0.6901415764126513	
3219	 0.004790431179037312	 0.6883279881199017	
3220	 0.004781956241715617	 0.6862996057225237	
3221	 0.004772619840025477	 0.6840678141450285	
3222	 0.0047620504591121965	 0.6815447992028613	
3223	 0.004751037122417342	 0.6789197764986237	
3224	 0.0047396817642835236	 0.6762174775526855	
3225	 0.004729390430214298	 0.673772115802893	
3226	 0.0047184308508126304	 0.6711718675227508	
3227	 0.004708829921892631	 0.6688972759602362	
3228	 0.004699897545572408	 0.666783848097147	
3229	 0.004693626359065351	 0.665301664809098	
3230	 0.004688876730344344	 0.6641799770655734	
3231	 0.004684137777661246	 0.6630615652835229	
3232	 0.004684083122825999	 0.6630486709219632	
3233	 0.004695258227268655	 0.6656872268341304	
3234	 0.0047061083340805675	 0.6682530564995287	
3235	 0.004716118497557662	 0.6706237570169051	
3236	 0.004714045103962877	 0.6701324408265384	
3237	 0.004707984909113632	 0.6686972287637227	
3238	 0.004701871262946013	 0.6672506054635605	
3239	 0.004697104012195244	 0.6661234387143452	
3240	 0.00469369097561471	 0.6653169300829863	
3241	 0.004690808524799234	 0.6646361045730049	
3242	 0.00468699275138288	 0.6637352602111963	
3243	 0.004681642030697329	 0.6624728621444882	
3244	 0.004677678519455833	 0.6615383689455298	
3245	 0.004674264569667539	 0.6607338711289509	
3246	 0.004667464476386399	 0.6591325950649781	
3247	 0.004660929252216832	 0.6575951548647196	
3248	 0.004658423737054371	 0.6570061023047513	
3249	 0.004653828541247756	 0.6559263097076478	
3250	 0.004642801551593983	 0.6533380541760122	
3251	 0.0046323470284452	 0.6508879495471367	
3252	 0.004618861135412146	 0.6477328590710804	
3253	 0.004606706622810434	 0.6448945081108378	
3254	 0.004610949537835519	 0.6458847573231994	
3255	 0.004668982880847215	 0.6594900119604078	
3256	 0.004705878262007675	 0.6681986081636114	
3257	 0.004729784294521142	 0.6738656381281715	
3258	 0.004710394268972562	 0.6692676805649698	
3259	 0.004696073437255368	 0.6658798702258295	
3260	 0.004683779537935032	 0.6629770499293186	
3261	 0.004674450617687686	 0.6607777032861042	
3262	 0.004666475975830191	 0.6588999537874007	
3263	 0.004659228684495265	 0.657195324335984	
3264	 0.004654821006839298	 0.6561594620330032	
3265	 0.004653174756441923	 0.6557727391690538	
3266	 0.0046510344800496555	 0.6552701003670162	
3267	 0.0046520002408086064	 0.655496887888738	
3268	 0.00465196654505832	 0.6554889746596695	
3269	 0.004650746505419948	 0.6552024819799176	
3270	 0.0046519633700646814	 0.6554882290349138	
3271	 0.004656822185315639	 0.6566296843230874	
3272	 0.004672790979612565	 0.6603867403924994	
3273	 0.004687197309618328	 0.6637835408095943	
3274	 0.00469859261159638	 0.6664753206742647	
3275	 0.004709824761583846	 0.6691328236555762	
3276	 0.004719925498551108	 0.6715262478472989	
3277	 0.004728973209546319	 0.6736730532176073	
3278	 0.004737045211938065	 0.675590659039183	
3279	 0.004744258767592702	 0.6773061743445447	
3280	 0.004750631364183512	 0.6788231416516938	
3281	 0.004756391042152231	 0.6801953741916225	
3282	 0.004761638453517025	 0.6814465249493568	
3283	 0.004766511512351193	 0.6826092415656982	
3284	 0.0047710716765966095	 0.6836980192555953	
3285	 0.004775263396808589	 0.6846994399733223	
3286	 0.004779090550080672	 0.6856142759654139	
3287	 0.004753841924933739	 0.6795879150367643	
3288	 0.004732171226890179	 0.6744325217200824	
3289	 0.0047133421927425	 0.6699659100344818	
3290	 0.0046978957182148	 0.6663105765636245	
3291	 0.004686710849659733	 0.6636687270159521	
3292	 0.004681661796193258	 0.6624775236581912	
3293	 0.004678861662119016	 0.6618172680662682	
3294	 0.004677328811396182	 0.6614559421843438	
3295	 0.004675507426904985	 0.6610267053075091	
3296	 0.004673232904129756	 0.660490836029267	
3297	 0.0046711791219302586	 0.6600071217846766	
3298	 0.004663725440899668	 0.6582527947577587	
3299	 0.004657186701391644	 0.6567153501525198	
3300	 0.004649007245090865	 0.6547941512525113	
3301	 0.004639958741092771	 0.6526714533627291	
3302	 0.004630976876097581	 0.6505671158830226	
3303	 0.0046226969534170275	 0.6486296432987315	
3304	 0.004612905091695016	 0.646341366448464	
3305	 0.004605209947343268	 0.6445453457060497	
3306	 0.0046004729773944575	 0.6434407471464988	
3307	 0.004601586030752187	 0.6437002283073474	
3308	 0.004603846247790342	 0.6442272713776092	
3309	 0.004601976370611531	 0.6437912364073981	
3310	 0.004597262350904865	 0.6426925025994751	
3311	 0.004591042586915136	 0.641243962004804	
3312	 0.004585595579715068	 0.6399764652541168	
3313	 0.004582881546358379	 0.6393452950493376	
3314	 0.004583225598572836	 0.6394252933600347	
3315	 0.004584581475721746	 0.6397405980934622	
3316	 0.004586432874040749	 0.6401712350380672	
3317	 0.004589713695315724	 0.6409346417444077	
3318	 0.0045933036677572635	 0.6417704010515339	
3319	 0.004597212554807737	 0.6426809002369207	
3320	 0.0045995000103076986	 0.6432139579531208	
3321	 0.00460086846927581	 0.6435329416103551	
3322	 0.004598551958818816	 0.6429930071067438	
3323	 0.004600461575316936	 0.6434380892476065	
3324	 0.004602264682242876	 0.6438584598359202	
3325	 0.004604512608321868	 0.6443826879268854	
3326	 0.00460429471643496	 0.6443318669327275	
3327	 0.004601504439771455	 0.6436812059448545	
3328	 0.00459362187007592	 0.6418445007845465	
3329	 0.004584793232984037	 0.6397898471558077	
3330	 0.004577305628411674	 0.6380493524301047	
3331	 0.004575226906190879	 0.6375664895531091	
3332	 0.0045766694256341904	 0.6379015544327391	
3333	 0.0045785363697386505	 0.6383353081682398	
3334	 0.004582469783355696	 0.6392495580291279	
3335	 0.004603958712954894	 0.6442535007925221	
3336	 0.00462347950268696	 0.6488126581420892	
3337	 0.004641186113394136	 0.6529592222632965	
3338	 0.004657250618935301	 0.6567303720340355	
3339	 0.004671785809813669	 0.6601499963667159	
3340	 0.004684995746110524	 0.6632639933725695	
3341	 0.0046969718942671745	 0.6660922116635242	
3342	 0.004707808061028402	 0.6686553650130739	
3343	 0.00471763156872858	 0.6709823887976125	
3344	 0.004726490579080334	 0.6730837115571215	
3345	 0.004734274714630556	 0.6749322467809844	
3346	 0.004739714366719441	 0.6762252299675184	
3347	 0.004745051901807852	 0.6774949023286975	
3348	 0.0047498869363628935	 0.6786458640096051	
3349	 0.004754324809283936	 0.6797029705662839	
3350	 0.00475839129586675	 0.6806721902014643	
3351	 0.004762168960687242	 0.6815730660187312	
3352	 0.00476550546414138	 0.6823691325303606	
3353	 0.0047687160890864675	 0.6831355161952016	
3354	 0.004772753446310741	 0.6840997311408058	
3355	 0.004776366161456082	 0.6849629927853846	
3356	 0.0047710657630874636	 0.683696606905955	
3357	 0.004764992555179059	 0.6822467318428797	
3358	 0.0047590286236989824	 0.6808241430611851	
3359	 0.004763718203857507	 0.6819426584346501	
3360	 0.004759182249435599	 0.6808607728177287	
3361	 0.004764273578032888	 0.6820751697921275	
3362	 0.004768893762252492	 0.6831779372421215	
3363	 0.004772814684145573	 0.6841143603501244	
3364	 0.004776354533489964	 0.684960213573553	
3365	 0.004779632371819075	 0.6857438315623368	
3366	 0.0047826495142036015	 0.6864654428833348	
3367	 0.004785381810308445	 0.6871191893075042	
3368	 0.004787885526795467	 0.6877184628602664	
3369	 0.004790069885317076	 0.6882414676105072	
3370	 0.004791454605898427	 0.6885730960204947	
3371	 0.004793346478822462	 0.6890262862481399	
3372	 0.004794992774370996	 0.6894207464903009	
3373	 0.004796337826050132	 0.6897430942950558	
3374	 0.004797450267154494	 0.6900097414458295	
3375	 0.004798309469581811	 0.6902157166353453	
3376	 0.004798975119369992	 0.6903753086727985	
3377	 0.004799520610759051	 0.6905061032853558	
3378	 0.004799929891969229	 0.6906042447560345	
3379	 0.004800366750877882	 0.6907090052338626	
3380	 0.004801362689389865	 0.6909478589530764	
3381	 0.0048023167451909455	 0.6911766990126972	
3382	 0.004803175362656292	 0.6913826731236269	
3383	 0.004803943625344453	 0.6915669927976161	
3384	 0.0048045118902993456	 0.6917033421570574	
3385	 0.004804966721363731	 0.6918124819622213	
3386	 0.004805373609487133	 0.6919101233696727	
3387	 0.004805735350583093	 0.6919969354218882	
3388	 0.004806064322831686	 0.6920758872595337	
3389	 0.004806376034814486	 0.6921507000364922	
3390	 0.004806675138862799	 0.6922224898733433	
3391	 0.00480696466133639	 0.6922919828130569	
3392	 0.004807244299469241	 0.6923591059025181	
3393	 0.004807459260228056	 0.6924107058933712	
3394	 0.004805924582488805	 0.6920423497750943	
3395	 0.004806271024654679	 0.692125496596393	
3396	 0.004806610550266824	 0.6922069873075806	
3397	 0.004806917701894858	 0.692280711133554	
3398	 0.00480718894917293	 0.6923458196577739	
3399	 0.004807425832847512	 0.6924026817579388	
3400	 0.004807631108074819	 0.6924519580046691	
3401	 0.004807790602843922	 0.6924902456366966	
3402	 0.004807887165500341	 0.6925134264664733	
3403	 0.004807964350608548	 0.6925319557455347	
3404	 0.004807449224056406	 0.692408296738665	
3405	 0.0048075901090679695	 0.6924421160952724	
3406	 0.004807252856360655	 0.6923611599015923	
3407	 0.004806956817057614	 0.6922900999449215	
3408	 0.004806711527023869	 0.692231223827096	
3409	 0.004806535276796736	 0.6921889203317585	
3410	 0.004806723545587788	 0.6922341085547308	
3411	 0.004806894685439573	 0.6922751865182708	
3412	 0.0048070431009022445	 0.6923108108337079	
3413	 0.00480695119791479	 0.6922887511791017	
3414	 0.004807071523486621	 0.692317633219391	
3415	 0.004806930313958831	 0.6922837384013356	
3416	 0.004806804977324504	 0.692253654143135	
3417	 0.004806328340529897	 0.6921392529077081	
3418	 0.004803272440045235	 0.6914059626046376	
3419	 0.004803459716677431	 0.6914508923425062	
3420	 0.004803597422366275	 0.691483930207204	
3421	 0.004802844371909245	 0.6913032687041168	
3422	 0.004801898257750405	 0.6910763167801859	
3423	 0.004800885219362775	 0.6908333442557837	
3424	 0.004799938207600899	 0.6906062388177449	
3425	 0.00479902359521864	 0.6903869315161579	
3426	 0.004798240382225382	 0.6901991535274882	
3427	 0.0047977861745212656	 0.6900902650406259	
3428	 0.004797632822901688	 0.6900535031785107	
3429	 0.004797698867442847	 0.6900693354572616	
3430	 0.004797898343210976	 0.6901171549162305	
3431	 0.004798177156632229	 0.6901839958669961	
3432	 0.004798511702387087	 0.6902642011493535	
3433	 0.004799167377439633	 0.6904214060141952	
3434	 0.0047998177731642735	 0.6905773592523287	
3435	 0.0048003808860583915	 0.6907123950116854	
3436	 0.004800878274273259	 0.6908316786264661	
3437	 0.004801334634016323	 0.6909411300430502	
3438	 0.004801736136467465	 0.6910374304508661	
3439	 0.004802097452874625	 0.6911240968207908	
3440	 0.004802414100997421	 0.6912000525047842	
3441	 0.00480244759510125	 0.691208087068117	
3442	 0.004798596305851476	 0.6902844848989809	
3443	 0.004798916764585085	 0.6903613173036877	
3444	 0.004799217841902219	 0.690433505983695	
3445	 0.004799424672310044	 0.6904830990284209	
3446	 0.004798709421849831	 0.690311604924372	
3447	 0.004797903457918298	 0.6901183810602165	
3448	 0.0048656517209960445	 0.7064359391584267	
3449	 0.0050881484196558194	 0.7610923761734552	
3450	 0.005277841062541734	 0.8089684780301013	
3451	 0.0054121204756450375	 0.8435616854217138	
3452	 0.005457587626125801	 0.8554059804219422	
3453	 0.005441038004796514	 0.8510871214814681	
3454	 0.005368818092492477	 0.8323428160245417	
3455	 0.005303192329335084	 0.8154550932356052	
3456	 0.005242441552591475	 0.7999455288473508	
3457	 0.005187495615052844	 0.7860207135842503	
3458	 0.005138876879933201	 0.7737810824486614	
3459	 0.005096005817739626	 0.7630522520383791	
3460	 0.0050576302518086785	 0.7534993469127992	
3461	 0.005024279391983212	 0.7452363948730647	
3462	 0.004995529414761527	 0.7381426292613668	
3463	 0.0049702152552734665	 0.7319191045552337	
3464	 0.004947397984048031	 0.7263275199044283	
3465	 0.004927052973552952	 0.7213562616268232	
3466	 0.004909564691645155	 0.7170939605100793	
3467	 0.00489807539056357	 0.7142992524936209	
3468	 0.004887900672137356	 0.7118279552361758	
3469	 0.004878891346758757	 0.7096425764455252	
3470	 0.004870803628688452	 0.7076830407267117	
3471	 0.004863519023158091	 0.7059199431004628	
3472	 0.004857055843139715	 0.7043571287729872	
3473	 0.0048516083302848016	 0.703040981715825	
3474	 0.004845949866267256	 0.7016749105587812	
3475	 0.004840995214032275	 0.7004796271164287	
3476	 0.004836161010297273	 0.6993141870279335	
3477	 0.004831681292922438	 0.6982349003343208	
3478	 0.004827491609297938	 0.6972260942517513	
3479	 0.004823661566647321	 0.6963043942554732	
3480	 0.004820302895391251	 0.6954965312227639	
3481	 0.00481720594878462	 0.6947519534255592	
3482	 0.004814244551756502	 0.6940402633028975	
3483	 0.004809066741909044	 0.6927966206135734	
3484	 0.004800565950584221	 0.6907567762137714	
3485	 0.004792842019187501	 0.6889054333962658	
3486	 0.0047874500641491985	 0.6876142182966488	
3487	 0.004787605640465183	 0.6876514606853447	
3488	 0.004788031961801823	 0.6877535190743974	
3489	 0.004788472049078624	 0.6878588792895108	
3490	 0.004777540529712477	 0.6852437029503081	
3491	 0.004778874956990155	 0.6855627279855956	
3492	 0.004780253359124259	 0.6858923285675337	
3493	 0.0047809275381708	 0.6860535599011602	
3494	 0.0047810120109558025	 0.6860737628135726	
3495	 0.004780226597673307	 0.6858859288231837	
3496	 0.004779022062096513	 0.6855979004246172	
3497	 0.004778218571926237	 0.6854057968611603	
3498	 0.004777711561599414	 0.685284588674294	
3499	 0.0047781971358521825	 0.6854006720825332	
3500	 0.005011643349815552	 0.7421152368814693	
3501	 0.004977043737380974	 0.733595821002162	
3502	 0.0049457989286702895	 0.7259362998476209	
3503	 0.004919852682823459	 0.7196001597208271	
3504	 0.004897673958843266	 0.71420168541496	
3505	 0.004878407698515391	 0.709525334631124	
3506	 0.004860528420971564	 0.7051966352199603	
3507	 0.004843946038734674	 0.7011913996773944	
3508	 0.004828557731699536	 0.6974827434382381	
3509	 0.004817093108640914	 0.694724830061597	
3510	 0.004809214018965232	 0.6928319823215987	
3511	 0.00480740765849559	 0.6923983190786903	
3512	 0.004806010894730885	 0.692063064514226	
3513	 0.004804438200077467	 0.6916856603358429	
3514	 0.004794231230500629	 0.6892382657327988	
3515	 0.0047937069659585154	 0.6891126529581556	
3516	 0.004792895957387055	 0.6889183549078253	
3517	 0.004792042204854715	 0.6887138401177628	
3518	 0.00479147528810771	 0.6885780497122025	
3519	 0.004791312240120941	 0.6885389977207318	
3520	 0.004791338907335493	 0.6885453847849029	
3521	 0.004791452893631815	 0.6885726859082294	
3522	 0.004791268448665426	 0.6885285092812686	
3523	 0.004791751677234845	 0.6886442503198833	
3524	 0.004794386771965779	 0.6892755349298467	
3525	 0.004796939700762979	 0.6898873558498716	
3526	 0.004797369835129197	 0.6899904608670042	
3527	 0.004797154237666386	 0.6899387804777625	
3528	 0.00479703297556013	 0.6899097136878088	
3529	 0.004794437122904657	 0.6892875996607754	
3530	 0.004793282540120956	 0.6890109680529588	
3531	 0.004793881687087456	 0.6891545147867129	
3532	 0.004793548172683431	 0.6890746082022654	
3533	 0.004792507728886732	 0.6888253525001468	
3534	 0.004791476883536807	 0.688578431841405	
3535	 0.004789688602538852	 0.688150164956451	
3536	 0.004787061490752413	 0.6875212037969156	
3537	 0.004784980626485338	 0.687023183941309	
3538	 0.004784037581467316	 0.6867975295178577	
3539	 0.004782943135065979	 0.6865356845278119	
3540	 0.004782496526301257	 0.6864288453906631	
3541	 0.004840245368997439	 0.7002988020218809	
3542	 0.004829771999906044	 0.6977751019986391	
3543	 0.004817208901348339	 0.6947526631384274	
3544	 0.004803925149606091	 0.6915625599137762	
3545	 0.004791321879472784	 0.688541306439017	
3546	 0.004779829467240227	 0.685790961695843	
3547	 0.004770347725891587	 0.6835251235690729	
3548	 0.004764540156047147	 0.6821387785223333	
3549	 0.004759664425132434	 0.680975745512365	
3550	 0.004755403818699027	 0.679960091333753	
3551	 0.0047510823288347504	 0.6789305431401507	
3552	 0.004746219010661997	 0.677772656623179	
3553	 0.004744765368066509	 0.6774267185850041	
3554	 0.004745800201158611	 0.6776729810429092	
3555	 0.004745400135891179	 0.6775777720185611	
3556	 0.004741146780782663	 0.676565873597703	
3557	 0.004737914936864632	 0.6757974032468822	
3558	 0.004735711150360175	 0.6752735855293691	
3559	 0.004734557161418991	 0.6749993588689048	
3560	 0.00473457744308405	 0.6750041780913414	
3561	 0.004735285001631776	 0.6751723130422022	
3562	 0.004731233044631808	 0.6742096857391014	
3563	 0.004736830062180031	 0.6755395192253221	
3564	 0.004742717105578934	 0.6769393927442863	
3565	 0.004747767479157593	 0.6781412390445072	
3566	 0.004752470960084765	 0.6792613014642098	
3567	 0.004756624839405695	 0.680251099360319	
3568	 0.0047601854847511135	 0.681099998638433	
3569	 0.004763250124127257	 0.6818309833848519	
3570	 0.004765935191704206	 0.6824716895555072	
3571	 0.0047680221004264105	 0.6829698303326076	
3572	 0.004770251552840856	 0.6835021566009057	
3573	 0.004797271988702193	 0.6899670061252791	
3574	 0.004794188518625756	 0.68922803170718	
3575	 0.004793371511476111	 0.6890322835148652	
3576	 0.004793127083259744	 0.6889737248472924	
3577	 0.004792220623309093	 0.688756577910485	
3578	 0.004790747728328758	 0.6884037970704573	
3579	 0.004789271036078936	 0.6880501793061434	
3580	 0.004789302160950911	 0.6880576319086981	
3581	 0.004789162087416903	 0.6880240926715748	
3582	 0.004788982243005738	 0.6879810316459115	
3583	 0.004789048092445859	 0.687996798173847	
3584	 0.0047890801321924074	 0.6880044695982345	
3585	 0.004789198417401882	 0.6880327914681844	
3586	 0.004786834626849949	 0.6874669007275245	
3587	 0.0047871857416781835	 0.6875509457326547	
3588	 0.004787575835025471	 0.6876443256951358	
3589	 0.0047879961982131725	 0.6877449572850217	
3590	 0.004788479280056774	 0.6878606104941549	
3591	 0.004788945997157176	 0.6879723532559079	
3592	 0.004789556642771255	 0.6881185667638101	
3593	 0.004790188464684893	 0.6882698638251493	
3594	 0.004790747356353993	 0.6884037079859522	
3595	 0.0047912745871357566	 0.6885299794951504	
3596	 0.004791599986390768	 0.6886079170774226	
3597	 0.004787555277643752	 0.6876394045732067	
3598	 0.004782266899051677	 0.6863739158351426	
3599	 0.004776614960747114	 0.685022459633968	
3600	 0.0047733979451623785	 0.6842537028267552	
3601	 0.004772787584836685	 0.6841078865352284	
3602	 0.004773351480837508	 0.6842426019703185	
3603	 0.004773436564391322	 0.6842629294552397	
3604	 0.004772198638519284	 0.6839671978772917	
3605	 0.004771176307956705	 0.683723009020801	
3606	 0.004771296784175866	 0.6837517835657928	
3607	 0.00477290804880603	 0.6841366646316568	
3608	 0.004774439312575525	 0.684502516262122	
3609	 0.004776047267494116	 0.6848867752544626	
3610	 0.004776517338595449	 0.6849991261954621	
3611	 0.004777935783666664	 0.6853381911605009	
3612	 0.004779218296314616	 0.6856448206269834	
3613	 0.004780354763963751	 0.6859165787791422	
3614	 0.004781450330051294	 0.6861785971109515	
3615	 0.0047827345309042184	 0.6864857807639304	
3616	 0.004784572062991116	 0.6869254180966312	
3617	 0.004797425979659813	 0.6900039194019271	
3618	 0.004792757039867895	 0.6888850758266613	
3619	 0.004786566742937872	 0.6874027811503437	
3620	 0.004781883912510767	 0.6862823048342167	
3621	 0.004778609321939413	 0.685499217181117	
3622	 0.004775941278702084	 0.6848614440614793	
3623	 0.004774413246369448	 0.6844962878340244	
3624	 0.0047742132514063534	 0.68444850049651	
3625	 0.004774768110286536	 0.6845810832631057	
3626	 0.004775252904973066	 0.6846969326949975	
3627	 0.004775426567978472	 0.6847384341508439	
3628	 0.00477627721913696	 0.6849417347072836	
3629	 0.0047774762679776385	 0.685228341227601	
3630	 0.004778334968681108	 0.685433624407181	
3631	 0.004777370907616383	 0.6852031552051078	
3632	 0.004778346970940529	 0.6854364938722136	
3633	 0.004779475826299392	 0.6857063987836463	
3634	 0.004778078170557902	 0.6853722310151777	
3635	 0.004776348749756787	 0.6849588311993715	
3636	 0.004774117171913243	 0.6844255434770733	
3637	 0.004768493036152059	 0.6830822618171256	
3638	 0.0047610274740430315	 0.6813008005887548	
3639	 0.004751712819727695	 0.6790807118910627	
3640	 0.004741318667522961	 0.6766067547436048	
3641	 0.004731591576981232	 0.6742948404568007	
3642	 0.004723266307960671	 0.6723186228104632	
3643	 0.0047177828190187515	 0.671018242722792	
3644	 0.0047156882320163055	 0.6705217884457377	
3645	 0.004715361788479164	 0.6704444287749562	
3646	 0.004715727633899855	 0.6705311260346923	
3647	 0.004716173277957556	 0.6706367398613943	
3648	 0.0047170527790564905	 0.6708451936150881	
3649	 0.004718169100696299	 0.6711098143842558	
3650	 0.004719123369151096	 0.6713360540147459	
3651	 0.004720269366831852	 0.6716077894535968	
3652	 0.004722713268578948	 0.6721874268191115	
3653	 0.004725949841991207	 0.6729553755183206	
3654	 0.004730180099553582	 0.6739596265055436	
3655	 0.0047344341219136814	 0.6749701231646525	
3656	 0.004738097014426679	 0.6758406885040358	
3657	 0.004741282412764542	 0.6765981319132508	
3658	 0.004739961575240652	 0.6762840139407299	
3659	 0.004744955283122246	 0.6774719105806508	
3660	 0.004749571947677084	 0.6785708583493397	
3661	 0.004753698256203063	 0.6795536849862399	
3662	 0.004753089960176324	 0.6794087619698033	
3663	 0.004750349294923316	 0.6787559676499498	
3664	 0.004743271660835087	 0.6770713195566203	
3665	 0.004737016911553584	 0.6755839321181905	
3666	 0.004731633338969767	 0.6743047595914042	
3667	 0.004728000150611126	 0.6734420380858487	
3668	 0.004727271833178727	 0.6732691480777625	
3669	 0.004727947986501778	 0.6734296546348474	
3670	 0.004729588701710291	 0.6738191943408716	
3671	 0.004732113181323338	 0.6744187339483678	
3672	 0.0047353731456553465	 0.6751932596073734	
3673	 0.004738946258198787	 0.6760425936797892	
3674	 0.004742919397394189	 0.6769875160888031	
3675	 0.004746396482991425	 0.6778148963481667	
3676	 0.004748453457710082	 0.6783045483442577	
3677	 0.004749888238322031	 0.6786461740412879	
3678	 0.004750860589431395	 0.6788777329588529	
3679	 0.004751820602158558	 0.6791063845716531	
3680	 0.004753772330527366	 0.679571333610809	
3681	 0.0047573002438094595	 0.6804120910821168	
3682	 0.00475976574297184	 0.6809999052971102	
3683	 0.0047627089849321775	 0.6817018868340485	
3684	 0.004765404646683979	 0.682345072740574	
3685	 0.004767698412105279	 0.6828925570767141	
3686	 0.0047893013459772895	 0.6880574367693475	
3687	 0.004782130822090214	 0.6863413654453439	
3688	 0.004772752433676552	 0.6840994892319735	
3689	 0.0047639447475232395	 0.6819967101340481	
3690	 0.004757287179719316	 0.6804089769360322	
3691	 0.004753435622088052	 0.6794911124079299	
3692	 0.004749387014769392	 0.6785268233448666	
3693	 0.0047444077132756	 0.6773416146845895	
3694	 0.004740164776254627	 0.6763323348532243	
3695	 0.004737552231685001	 0.6757111807323649	
3696	 0.004736624494313725	 0.6754906584165573	
3697	 0.004737304064209194	 0.6756521887319079	
3698	 0.004739695420678095	 0.6762207248528271	
3699	 0.004743454988573613	 0.6771149348647391	
3700	 0.004747611471319603	 0.6781041008210398	
3701	 0.004751414086456686	 0.6790095586884338	
3702	 0.004755032934802676	 0.6798717077805656	
3703	 0.004758319450181198	 0.6806550614735064	
3704	 0.0047612447117373665	 0.6813526123972091	
3705	 0.00476411748461194	 0.6820379251201937	
3706	 0.0047653509714421826	 0.6823322634403592	
3707	 0.0047678031121294725	 0.6829175514536107	
3708	 0.004770166629824013	 0.6834818764961559	
3709	 0.00477240997494593	 0.6840176810082457	
3710	 0.004774530442761129	 0.6845242916770435	
3711	 0.004776517813726223	 0.6849992397594366	
3712	 0.0047784853381838	 0.6854695746545145	
3713	 0.00478095738149622	 0.6860606973454045	
3714	 0.004782816060824624	 0.6865052847557482	
3715	 0.004784293562530643	 0.6868587784435962	
3716	 0.004785526363287638	 0.6871537828989598	
3717	 0.004786716930335338	 0.6874387290854808	
3718	 0.004787636844307696	 0.687658930464643	
3719	 0.004786898643037215	 0.6874822237295601	
3720	 0.004781706072418383	 0.6862397668590482	
3721	 0.004768966757759927	 0.6831953658734158	
3722	 0.0047502723057517345	 0.6787376333570024	
3723	 0.004730907079048091	 0.67413226966013	
3724	 0.004714593232636945	 0.6702623126721614	
3725	 0.004699457633551754	 0.66667983268149	
3726	 0.004684730394553264	 0.6632013839913766	
3727	 0.004670865498285277	 0.6599332684808041	
3728	 0.004658383172632402	 0.6569965672499355	
3729	 0.00464625525110206	 0.6541482664125239	
3730	 0.004627596206042421	 0.6497757718541447	
3731	 0.004616763245985561	 0.6472425989064323	
3732	 0.004599667065187247	 0.6432528945516343	
3733	 0.004582096182393254	 0.6391626988421828	
3734	 0.004567102627318298	 0.6356807173503046	
3735	 0.004554484819889003	 0.6327563585687379	
3736	 0.004542562400188195	 0.629998124086483	
3737	 0.004529795013475558	 0.6270497545107787	
3738	 0.004517672711800735	 0.624255476630517	
3739	 0.004510458061099926	 0.6225948180043426	
3740	 0.004512148911417496	 0.6229838569041883	
3741	 0.004515338150044912	 0.6237179166951531	
3742	 0.004517883031300504	 0.6243039142315345	
3743	 0.004520163798985696	 0.6248292826317156	
3744	 0.0045223073618892206	 0.625323207423681	
3745	 0.0045246678670241205	 0.6258673011541558	
3746	 0.004527159777870834	 0.6264418891152734	
3747	 0.004529677462195973	 0.6270226341285198	
3748	 0.004533267207539285	 0.6278510397355554	
3749	 0.004537242482094909	 0.6287689243549938	
3750	 0.004541468701543914	 0.6297453398890588	
3751	 0.004545787855429236	 0.6307438528489858	
3752	 0.004549901449250209	 0.6316954321518713	
3753	 0.004552674368479466	 0.6323372029131763	
3754	 0.004545350750281183	 0.6306427729932789	
3755	 0.004542863075764152	 0.6300676256920701	
3756	 0.0045391665579775755	 0.6292133830506735	
3757	 0.004537217378394903	 0.6287631262674985	
3758	 0.004535440653303553	 0.6283528184717766	
3759	 0.004533677072696014	 0.6279456521524492	
3760	 0.004531658798221699	 0.6274798129873133	
3761	 0.004527541114853161	 0.6265298368862884	
3762	 0.004521755204803222	 0.6251959631654357	
3763	 0.0045201807365847484	 0.6248331848210886	
3764	 0.004522492166745309	 0.625365797901751	
3765	 0.00452479196330306	 0.62589591044126	
3766	 0.004526428782232241	 0.6262733133548096	
3767	 0.004527233766710399	 0.6264589527796189	
3768	 0.0045286396529018265	 0.626783220386391	
3769	 0.004532435757342942	 0.6276591270264684	
3770	 0.00453793648509816	 0.6289292235424725	
3771	 0.0045455857888291795	 0.6306971244704593	
3772	 0.0045550057198619175	 0.6328769778954589	
3773	 0.00456513555083882	 0.6352244641710527	
3774	 0.004572933685967331	 0.6370339709455578	
3775	 0.004576633926110482	 0.6378933078452831	
3776	 0.004576675777470939	 0.6379030299775195	
3777	 0.004574133866653892	 0.6373126479050546	
3778	 0.004563285394331791	 0.6347954495648447	
3779	 0.004562765020482589	 0.634674806078693	
3780	 0.004565113113610796	 0.6352192607283362	
3781	 0.00456976100163965	 0.6362975216600388	
3782	 0.00457613187676507	 0.6377766856682902	
3783	 0.0045835807790679615	 0.6395078833955452	
3784	 0.004589025289046099	 0.6407744279143905	
3785	 0.004591613666353281	 0.6413769079963036	
3786	 0.004593541506121845	 0.6418257861179051	
3787	 0.0045970288787783205	 0.6426381049189582	
3788	 0.00460280513059509	 0.6439844796285044	
3789	 0.004608358662411496	 0.64528000354304	
3790	 0.004612888840595349	 0.646337571390389	
3791	 0.0046163169755695874	 0.6471383281935709	
3792	 0.004620061371744109	 0.6480134115803662	
3793	 0.004624817071463872	 0.6491255232465526	
3794	 0.004630397223281757	 0.6504314039383454	
3795	 0.004637211998858	 0.652027637841135	
3796	 0.004663938059062666	 0.6583028115053259	
3797	 0.004703297523529374	 0.6675879780427743	
3798	 0.004752480473869331	 0.6792635677764969	
3799	 0.004766307520257836	 0.682560552952333	
3800	 0.004762108848629303	 0.6815587271087433	
3801	 0.004769881639515988	 0.683413820931054	
3802	 0.004774169960919403	 0.6844381567261472	
3803	 0.004781514154243501	 0.6861938626986251	
3804	 0.004794671166732547	 0.6893436806734269	
3805	 0.004795739459252693	 0.6895996855047826	
3806	 0.004793035966224613	 0.6889518960758721	
3807	 0.004791947062928117	 0.6886910505549942	
3808	 0.004848520491361838	 0.7022953812980751	
3809	 0.004872564288837255	 0.7081094383491334	
3810	 0.005122819030590625	 0.7697554578558825	
3811	 0.005152743584539366	 0.7772641528171097	
3812	 0.005194771564457018	 0.7878590188681153	
3813	 0.005167014427035046	 0.7808552660313426	
3814	 0.005129589514129791	 0.7714517609511033	
3815	 0.00509590096247094	 0.7630260846493142	
3816	 0.005061262187590557	 0.7544013886879326	
3817	 0.005024698771192712	 0.7453400732056751	
3818	 0.004987819087293259	 0.736244801445831	
3819	 0.004952945345914424	 0.7276853741916427	
3820	 0.004924675958257301	 0.7207763344646746	
3821	 0.00489951393193169	 0.7146489305249967	
3822	 0.00487751738412225	 0.7093095325951223	
3823	 0.004858181750798302	 0.7046292766157799	
3824	 0.004840966769421776	 0.7004727673592059	
3825	 0.004824211728993187	 0.6964367608603762	
3826	 0.004798996702371683	 0.6903804835255611	
3827	 0.004786381483343648	 0.6873584395849538	
3828	 0.004770957962257792	 0.6836708605598112	
3829	 0.0047522359658415435	 0.6792053236139941	
3830	 0.004733547886944844	 0.6747595577674382	
3831	 0.004716789780243283	 0.6707828565941287	
3832	 0.0047066060633930325	 0.6683708540640487	
3833	 0.004699068101537348	 0.666587734832773	
3834	 0.004693682299801834	 0.6653148804658646	
3835	 0.004688238817724693	 0.6640293832243221	
3836	 0.0046959472316689685	 0.6658500449516637	
3837	 0.004703179894903517	 0.6675601511824886	
3838	 0.0047008814340136346	 0.6670165080266458	
3839	 0.004691455307498909	 0.6647888482805241	
3840	 0.004685184153038393	 0.6633084491961022	
3841	 0.004682419837393946	 0.6626563107295945	
3842	 0.004678568146923361	 0.6617480741123596	
3843	 0.0046730063106508474	 0.6604374609530788	
3844	 0.0046674629757895774	 0.6591322418781547	
3845	 0.004661491844485249	 0.6577274506705473	
3846	 0.004655727681397856	 0.6563724890987802	
3847	 0.00465005774033297	 0.6550407666095225	
3848	 0.004640369217031288	 0.6527676876334672	
3849	 0.004624077479773939	 0.6489525209982926	
3850	 0.004594875154572277	 0.6421363862650735	
3851	 0.0045631743050473135	 0.6347696938523318	
3852	 0.004526009266467107	 0.6261765765290782	
3853	 0.0044877643226669105	 0.6173827477246014	
3854	 0.004452671813821735	 0.6093575979557576	
3855	 0.004421187787937117	 0.6021934436254808	
3856	 0.004393831725582405	 0.5959961493178316	
3857	 0.004371355633916079	 0.5909235799224042	
3858	 0.004355167455812254	 0.5872808644335822	
3859	 0.004347563992523616	 0.5855730198962096	
3860	 0.004352361688924338	 0.5866504182101426	
3861	 0.004364685926060794	 0.5894216496571668	
3862	 0.004382419194953399	 0.593418318236729	
3863	 0.004405153329121705	 0.5985578564364932	
3864	 0.004429543308844993	 0.604091428669118	
3865	 0.004451815703131085	 0.6091623428591184	
3866	 0.0044713281355057595	 0.6136188003567655	
3867	 0.004488032093252157	 0.617444144378462	
3868	 0.004503312592009634	 0.6209518280440118	
3869	 0.00451597397412084	 0.6238643042114439	
3870	 0.004527005925027382	 0.6264064074229916	
3871	 0.004534835345748117	 0.6282130563123924	
3872	 0.004540756088864937	 0.6295806570993505	
3873	 0.004544911391308202	 0.6305411784744671	
3874	 0.00453600687170403	 0.628483566419097	
3875	 0.004535494879813506	 0.6283653396792935	
3876	 0.004526509388921959	 0.6262919012676863	
3877	 0.004507400969454493	 0.6218916745739331	
3878	 0.004487284953077857	 0.6172728400010659	
3879	 0.004487315690993936	 0.617279887218658	
3880	 0.004475133465661462	 0.6144894158277782	
3881	 0.004447568706926372	 0.6081940909706947	
3882	 0.004422288730061779	 0.6024433897147184	
3883	 0.0044050638307059345	 0.598537588652716	
3884	 0.0044019755103378595	 0.5978383767591491	
3885	 0.004406321689700853	 0.5988224681978587	
3886	 0.004416958030704849	 0.60123355085932	
3887	 0.0044274230616180524	 0.6036095810998573	
3888	 0.004435369694257157	 0.6054163253954613	
3889	 0.004441685055081045	 0.6068537241534319	
3890	 0.004447336541931707	 0.6081411785705902	
3891	 0.00445540904676978	 0.6099820527873425	
3892	 0.004468475327005821	 0.6129664346778261	
3893	 0.004483055638459599	 0.6163035007824997	
3894	 0.004497461996204418	 0.6196078675025232	
3895	 0.004511311035247115	 0.6227910622113872	
3896	 0.0045253783927508996	 0.6260311135815921	
3897	 0.00453931128030149	 0.6292468187741834	
3898	 0.004549973923360878	 0.6317122024080513	
3899	 0.0045705358983346685	 0.6364773606478377	
3900	 0.004588933276016181	 0.6407530147969229	
3901	 0.004605589432669087	 0.6446338694366949	
3902	 0.0046206869537942724	 0.6481596592247184	
3903	 0.004634096401813409	 0.6512976732305874	
3904	 0.0046452096323411135	 0.6539029296298324	
3905	 0.004655214779449431	 0.6562519771942955	
3906	 0.004663900440659655	 0.6582939619617387	
3907	 0.0046720436774873595	 0.6602107277739468	
3908	 0.004680476727150815	 0.6621980590170929	
3909	 0.004688542533163502	 0.6641010804857519	
3910	 0.004695691796739434	 0.6657896814555616	
3911	 0.004691448207952641	 0.6647871715809016	
3912	 0.004682762191491448	 0.6627370626484963	
3913	 0.00467367422800662	 0.6605947967341483	
3914	 0.004667204589291836	 0.6590714280664403	
3915	 0.004664080878493619	 0.6583364095046346	
3916	 0.004665717472792539	 0.6587214641590732	
3917	 0.004675052513432916	 0.6609195154443415	
3918	 0.00468359388444008	 0.6629332525433473	
3919	 0.004691145805877991	 0.6647157548628153	
3920	 0.004690415558698905	 0.6645433088558114	
3921	 0.004687545813334613	 0.6638657991930094	
3922	 0.004675081048349165	 0.6609262388345553	
3923	 0.004682797278612384	 0.6627453389580025	
3924	 0.0046891809119443875	 0.6642517908881306	
3925	 0.004681183728481823	 0.6623647793852417	
3926	 0.004666869788409507	 0.6589926327136425	
3927	 0.004647804965161806	 0.654511948350888	
3928	 0.00462476966059443	 0.649114432537524	
3929	 0.004600932281115539	 0.6435478175013798	
3930	 0.004576811644913135	 0.6379345925915657	
3931	 0.004557231655347657	 0.6333925179671264	
3932	 0.00454925681857827	 0.6315462747016398	
3933	 0.004546950167733303	 0.6310126672057579	
3934	 0.004547695434284555	 0.6311850532043459	
3935	 0.0045498528768380085	 0.6316841927649407	
3936	 0.004551105738711869	 0.6319741236347356	
3937	 0.004549939177182762	 0.6317041622415216	
3938	 0.004546562569801737	 0.6309230202094497	
3939	 0.004541827806425277	 0.6298283345474611	
3940	 0.004536423839633138	 0.6285798572494425	
3941	 0.004530804960246229	 0.6272827797494808	
3942	 0.004526038885353161	 0.6261834062002946	
3943	 0.0045227037042169255	 0.6254145506533351	
3944	 0.0045208735353708535	 0.6249928044663131	
3945	 0.004519111628597183	 0.6245868961878279	
3946	 0.004508617473545551	 0.6221714373573315	
3947	 0.004510063869569375	 0.6225041345115624	
3948	 0.004510419730369973	 0.6225859998141449	
3949	 0.004507143021357238	 0.6218323600098976	
3950	 0.004501845881554929	 0.6206147955302351	
3951	 0.004494247050940885	 0.618869847299563	
3952	 0.004482614850076046	 0.6162025092036068	
3953	 0.004469750059192347	 0.6132578996201483	
3954	 0.004458011474204637	 0.6105759911771216	
3955	 0.004450211785222985	 0.6087966010610729	
3956	 0.004453416208727468	 0.6095273941245366	
3957	 0.0044608013825748185	 0.6112129741325132	
3958	 0.0044701496511853804	 0.6133492769326548	
3959	 0.004480898500134751	 0.615809329409346	
3960	 0.004491186020492707	 0.618167486664989	
3961	 0.004499780653934836	 0.6201403550283483	
3962	 0.004506661342624113	 0.6217216051659351	
3963	 0.004512307287129998	 0.6230203017218455	
3964	 0.00451729187391577	 0.6241677716438873	
3965	 0.004521573019481941	 0.6251539809437404	
3966	 0.004525376404523248	 0.6260306551697641	
3967	 0.004528758102497264	 0.626810543847686	
3968	 0.004531886089913986	 0.6275322674119724	
3969	 0.0045335878917587905	 0.6279250653257253	
3970	 0.00452528865876888	 0.6260104243748909	
3971	 0.004530044482995007	 0.6271073114466272	
3972	 0.004532838904797183	 0.6277521773181293	
3973	 0.004536277194521077	 0.628545991671032	
3974	 0.0045397518380251925	 0.629348606797858	
3975	 0.004542737721311913	 0.6300386494516442	
3976	 0.004540823635649409	 0.6295962662324951	
3977	 0.0045387498463062914	 0.6291171126108009	
3978	 0.004539384458008362	 0.6292637255557959	
3979	 0.004558600051464033	 0.6337095300903253	
3980	 0.004577175671183085	 0.6380191605998242	
3981	 0.004594812392536105	 0.6421217679485617	
3982	 0.004611061548941086	 0.6459109077039265	
3983	 0.0046257831610908495	 0.6493515347443561	
3984	 0.004638431678498276	 0.6523134901148925	
3985	 0.004649893247799126	 0.6550021477181153	
3986	 0.004660322208071965	 0.6574524179638679	
3987	 0.004669110930225349	 0.6595201570191475	
3988	 0.004663408477736759	 0.6581782344933843	
3989	 0.00465832670818263	 0.6569832948338731	
3990	 0.004655237419934021	 0.6562572966362433	
3991	 0.004653368260744903	 0.6558181907916673	
3992	 0.004651128042060389	 0.6552920699594895	
3993	 0.004649187525687156	 0.65483647147261	
3994	 0.0046364851517929385	 0.651857312937125	
3995	 0.0046472063871674215	 0.6543714663981394	
3996	 0.004656522615932959	 0.6565592851240395	
3997	 0.004663906519602152	 0.6582953919997261	
3998	 0.004670203845113512	 0.6597774706876237	
3999	 0.004675946686921596	 0.6611302133933893	
4000	 0.004681395563053331	 0.6624147360784737	
4001	 0.004686112282310011	 0.663527464649587	
4002	 0.004690320192338081	 0.6645207896544514	
4003	 0.004694604670724018	 0.6655328000926002	
4004	 0.004699254958524486	 0.6666319131762517	
4005	 0.0047046933624557965	 0.6679182206235852	
4006	 0.004709252835258647	 0.668997404892484	
4007	 0.004712726177181794	 0.669819979811742	
4008	 0.004701196254214352	 0.6670909603613009	
4009	 0.004688683546269787	 0.6641343701112686	
4010	 0.004677351099199022	 0.6614611953333231	
4011	 0.00467050383293849	 0.6598481062361655	
4012	 0.00467842133283058	 0.6617134649029245	
4013	 0.0046861592813684065	 0.6635385560292623	
4014	 0.004692996663564633	 0.6651529103430124	
4015	 0.004698989319328485	 0.666569108813197	
4016	 0.004704425805839851	 0.6678549141416775	
4017	 0.00470697485691163	 0.6684581417591456	
4018	 0.004693746923326583	 0.6653301475089586	
4019	 0.00469951281419422	 0.6666928795648899	
4020	 0.004704419948309473	 0.667853528220212	
4021	 0.00470742842828115	 0.6685655013062956	
4022	 0.004708827670860666	 0.668896743022141	
4023	 0.004692894424552302	 0.6651287594334621	
4024	 0.0046723724839533055	 0.660288169490275	
4025	 0.004651573739481972	 0.6553967296292282	
4026	 0.004630237206187553	 0.65039394172964	
4027	 0.004612503109856772	 0.6462474957609402	
4028	 0.00459990793248458	 0.6433090367638562	
4029	 0.004590098694494979	 0.6410242501698948	
4030	 0.004582434184911627	 0.6392412814767494	
4031	 0.004575640701320313	 0.6376625976686088	
4032	 0.004568665694140492	 0.6360433560107197	
4033	 0.004561538516857356	 0.6343904897355448	
4034	 0.004556417323182668	 0.6332038942526514	
4035	 0.004560960671141614	 0.6342565567266665	
4036	 0.004569407918942284	 0.6362155845306942	
4037	 0.004576698458457298	 0.6379082988285827	
4038	 0.004583548853717442	 0.6395004596269095	
4039	 0.004591038653171046	 0.6412430462763766	
4040	 0.00459894934958702	 0.6430856184503537	
4041	 0.0046030287289807684	 0.6440366203766019	
4042	 0.004594004630805697	 0.6419336387603178	
4043	 0.004602946074940255	 0.6440173461431113	
4044	 0.004608679356014688	 0.6453548465203153	
4045	 0.004606683799016118	 0.6448891829344137	
4046	 0.004591241158401618	 0.6412901877440595	
4047	 0.004571831123994533	 0.636778003613295	
4048	 0.0045547034861812205	 0.6328069917016393	
4049	 0.004539628235758508	 0.6293200486258362	
4050	 0.004528740117205942	 0.6268063950446159	
4051	 0.004525292887609048	 0.6260113993767277	
4052	 0.004530560605250404	 0.627226396492054	
4053	 0.0045353451415979075	 0.6283307645220281	
4054	 0.004537820526735651	 0.6289024386142933	
4055	 0.004539658740968619	 0.6293270967739498	
4056	 0.004538827495026831	 0.6291350508900969	
4057	 0.0045386020738851125	 0.6290829750350548	
4058	 0.004540176720254052	 0.6294467793376548	
4059	 0.004545068018554046	 0.6305773951917873	
4060	 0.0045523090269868035	 0.6322526325342273	
4061	 0.004559832036832389	 0.6339949946295933	
4062	 0.00456785864278005	 0.6358561060696009	
4063	 0.004577903818926217	 0.6381883321879687	
4064	 0.004588450509638979	 0.6406406709087932	
4065	 0.004590782697371703	 0.641183463961524	
4066	 0.004581992444314317	 0.6391385814195438	
4067	 0.004585089506217308	 0.6398587549123795	
4068	 0.00458570477526503	 0.640001864767138	
4069	 0.004590996316181164	 0.641233190766196	
4070	 0.00461215145347457	 0.6461653815323029	
4071	 0.0047560163210061375	 0.6801060638670516	
4072	 0.004896401444781475	 0.7138924389637872	
4073	 0.00528293215664752	 0.8102694704651967	
4074	 0.005699702615220154	 0.9195840172728887	
4075	 0.005994963758302657	 1.0003424296679548	
4076	 0.006146294257601438	 1.0427815393207593	
4077	 0.006255389126038959	 1.0738121276888777	
4078	 0.006374782792909506	 1.1081879055105486	
4079	 0.006594290700872171	 1.1725136324049665	
4080	 0.006862687235996268	 1.2531260672044882	
4081	 0.006903760692005193	 1.2656510039239055	
4082	 0.006751629151231723	 1.2195100564193335	
4083	 0.0065641892409345265	 1.1636067757475486	
4084	 0.0064767742089657165	 1.1378954173464024	
4085	 0.006309479894922724	 1.0893322333281619	
4086	 0.006162035819509518	 1.0472365326427555	
4087	 0.006034426927676103	 1.011341451077369	
4088	 0.0059087136135677195	 0.9764709361098607	
4089	 0.005779839840875948	 0.9412336106600376	
4090	 0.005647924019546119	 0.9057030478699218	
4091	 0.005519620051389301	 0.8716719269461295	
4092	 0.005402727346294051	 0.84112299275827	
4093	 0.0052967149442331276	 0.8137957575168471	
4094	 0.005195758707516171	 0.7881085578563047	
4095	 0.005100502673349864	 0.7641748125710751	
4096	 0.005018758667907476	 0.7438721072213003	
4097	 0.00493985398273825	 0.7244825668518181	
4098	 0.004868326520020792	 0.7070833071784296	
4099	 0.004808140303416334	 0.6925741962239198	
4100	 0.004762397544669758	 0.6816275927059839	
4101	 0.004723426727137816	 0.6723566805210379	
4102	 0.004691602388257448	 0.664823584719242	
4103	 0.004666865283868876	 0.6589915725961658	
4104	 0.004647809869908388	 0.6545130995094797	
4105	 0.004630671284212165	 0.6504955673869585	
4106	 0.0046135434872429295	 0.6464904556077432	
4107	 0.004599210585546851	 0.6431465020192351	
4108	 0.004589464304875129	 0.6408765988800916	
4109	 0.0045857646603367505	 0.6400157945504856	
4110	 0.004586370347479389	 0.6401566894114298	
4111	 0.004590099826346925	 0.6410245136154302	
4112	 0.0045956970963478136	 0.6423278423889661	
4113	 0.004598365194095278	 0.642949483701069	
4114	 0.0045917759522439636	 0.6414146897932245	
4115	 0.004606156854546749	 0.6447662427870307	
4116	 0.0046196661918316345	 0.6479210338097332	
4117	 0.004632238581593285	 0.6508625534222305	
4118	 0.004643881527303895	 0.6535913652890487	
4119	 0.004654024497292777	 0.655972341531534	
4120	 0.0046623993978652046	 0.6579408878878741	
4121	 0.004669047722529904	 0.6595052767554538	
4122	 0.004664918734709241	 0.658533527399063	
4123	 0.004661404529371006	 0.6577069174768698	
4124	 0.00466911878133812	 0.6595220053260691	
4125	 0.004676972291911455	 0.661371914188359	
4126	 0.004684286923084938	 0.6630967527083939	
4127	 0.004690916823881425	 0.6646616794227977	
4128	 0.004696890944890739	 0.6660730789681627	
4129	 0.004702272304260172	 0.6673454622601896	
4130	 0.004706457390791158	 0.668335666858993	
4131	 0.004698492165846672	 0.6664515745082187	
4132	 0.0046887694384858914	 0.6641546474167592	
4133	 0.004679639651451372	 0.662000687078985	
4134	 0.004672854264567704	 0.6604016468064219	
4135	 0.004667543421991196	 0.659151176143634	
4136	 0.004664026090719073	 0.6583235207038581	
4137	 0.004661161463865663	 0.6576497590658712	
4138	 0.004649838866248753	 0.6549893804381189	
4139	 0.004659276809806518	 0.6572066380249277	
4140	 0.004667721307310937	 0.6591930449943586	
4141	 0.00467433849226622	 0.6607512868534082	
4142	 0.004666359363325328	 0.6588725114753176	
4143	 0.00465350247746369	 0.6558497172785122	
4144	 0.004636020943987054	 0.6517485426279261	
4145	 0.0046167389552856115	 0.6472369232315949	
4146	 0.004596508962145976	 0.6425169739117006	
4147	 0.004577405743399334	 0.6380726116623352	
4148	 0.004568038560240177	 0.6358978481368568	
4149	 0.004561957226095445	 0.6344875451788988	
4150	 0.0045594555348880215	 0.633907749537947	
4151	 0.004560761485018696	 0.6342103920132544	
4152	 0.004563615699940025	 0.6348720323839973	
4153	 0.004564856393970338	 0.6351597258021345	
4154	 0.004564020083200543	 0.6349657954665665	
4155	 0.0045624412126221425	 0.6345997390858706	
4156	 0.004561684332618725	 0.6344242886821041	
4157	 0.0045620984751901395	 0.6345202876005777	
4158	 0.004564011323404463	 0.6349637643013414	
4159	 0.004567265805531424	 0.6357185715755531	
4160	 0.0045726222075568495	 0.6369616549236462	
4161	 0.004578446885877841	 0.638314515375112	
4162	 0.004574181771460574	 0.6373237722135628	
4163	 0.004590034413786453	 0.641009288508801	
4164	 0.00460423294426517	 0.6443174595146031	
4165	 0.00461686454234703	 0.647266267653081	
4166	 0.004628205251406078	 0.6499183081605563	
4167	 0.0046383126946209635	 0.652285602052	
4168	 0.004647742404743689	 0.6544972653059734	
4169	 0.0046560333794954	 0.6564443204094224	
4170	 0.004664082687448249	 0.6583368350621672	
4171	 0.004671438560881046	 0.6600682179664563	
4172	 0.004677274594013919	 0.6614431634265862	
4173	 0.004670538726889653	 0.659856322610586	
4174	 0.0046621267670869	 0.6578767680271413	
4175	 0.0046531680420696	 0.6557711620736859	
4176	 0.004644250938338181	 0.6536780206235621	
4177	 0.004637424920502423	 0.6520775359702002	
4178	 0.00463377657965521	 0.6512227594403334	
4179	 0.004633700240590769	 0.6512048786101794	
4180	 0.004644198448033009	 0.6536657073248275	
4181	 0.0046537700329167386	 0.6559125658290024	
4182	 0.004662257881004766	 0.6579076043147564	
4183	 0.004663284742451874	 0.6581491287611538	
4184	 0.0046614345999320015	 0.6577139889000795	
4185	 0.004655709908572692	 0.6563683130317055	
4186	 0.004655957819468775	 0.6564265654243058	
4187	 0.004656724174669456	 0.6566066513599768	
4188	 0.004659330929714829	 0.6572193610654897	
4189	 0.0046573701856634725	 0.6567584729388679	
4190	 0.004654254112049076	 0.6560262817311991	
4191	 0.0046505784215042575	 0.655163016031862	
4192	 0.004642312055116085	 0.6532232544394373	
4193	 0.004625163687843122	 0.6492066086732803	
4194	 0.004596844470169616	 0.6425951400615444	
4195	 0.004567029563456946	 0.6356637682237974	
4196	 0.004549076437288983	 0.6315045398168174	
4197	 0.004541262908033229	 0.6296977798171599	
4198	 0.004538473615023953	 0.6290532997742541	
4199	 0.004538748258185761	 0.6291167457279515	
4200	 0.004542308489605188	 0.6299394346668555	
4201	 0.004546399151442122	 0.6308852249270744	
4202	 0.004548856944271092	 0.6314537571250524	
4203	 0.004549865293517793	 0.6316870659082024	
4204	 0.004550242744465689	 0.6317744082284926	
4205	 0.004549616280438869	 0.6316294468134971	
4206	 0.00454878051953616	 0.631436075607718	
4207	 0.00454810270715274	 0.631279266571861	
4208	 0.004548002329548849	 0.6312560459609549	
4209	 0.004546753371534286	 0.6309671498449284	
4210	 0.0045335386850003665	 0.6279137063881143	
4211	 0.004537122152954811	 0.6287411326748237	
4212	 0.004540162835006194	 0.6294435709399159	
4213	 0.0045402590319054545	 0.6294657988311579	
4214	 0.004533900251682192	 0.6279971727215099	
4215	 0.0045251404095342975	 0.625976244399569	
4216	 0.0045151179768285156	 0.6236672288163392	
4217	 0.004501786993674684	 0.6206012653282672	
4218	 0.004486608385869191	 0.6171177330053199	
4219	 0.004474627324073467	 0.614373588026039	
4220	 0.004473064926821101	 0.6140160968465658	
4221	 0.004476096984803977	 0.6147099361804547	
4222	 0.004487442676485095	 0.6173090012571542	
4223	 0.004501946149636558	 0.6206378336049152	
4224	 0.0045092077925262914	 0.622307212769687	
4225	 0.004513947051954165	 0.6233976882987308	
4226	 0.004516261985534798	 0.6239306183890511	
4227	 0.004517697557001465	 0.6242611985224605	
4228	 0.0045194405594142515	 0.6246626672978407	
4229	 0.004519568402540083	 0.6246921176910638	
4230	 0.004518303367319413	 0.6244007241600943	
4231	 0.004517021570127063	 0.6241055250763321	
4232	 0.004515853334291546	 0.6238365279172637	
4233	 0.004511647993777273	 0.6228685932528274	
4234	 0.00449165087045095	 0.6182741270353167	
4235	 0.004488335100872696	 0.6175136234164627	
4236	 0.004484976479596724	 0.6167436730967888	
4237	 0.004479477883162173	 0.6154839717716384	
4238	 0.004475094962967886	 0.6144806043848675	
4239	 0.004473081381283654	 0.6140198613486191	
4240	 0.004473037693874659	 0.6140098664304271	
4241	 0.004469974881248461	 0.6133093104789594	
4242	 0.004465009518065586	 0.6121742646785114	
4243	 0.0044649884335158365	 0.612169446697583	
4244	 0.0044729323351145696	 0.6139857624490769	
4245	 0.004480733177937655	 0.615771462859713	
4246	 0.0044862930122911236	 0.6170454370931957	
4247	 0.004490432337959862	 0.6179946013837295	
4248	 0.004494522151275741	 0.618932985341768	
4249	 0.0044986190153467505	 0.6198735579589055	
4250	 0.004503220862200518	 0.620930747485813	
4251	 0.004509164125898209	 0.6222971688879432	
4252	 0.004517397331210789	 0.6241920574176393	
4253	 0.00452597155093016	 0.6261678799346402	
4254	 0.004534451733105656	 0.6281244887177605	
4255	 0.004543044261213574	 0.6301095084584026	
4256	 0.004550235129610159	 0.6317726460997328	
4257	 0.004552544363884295	 0.6323071085287437	
4258	 0.004539868529304905	 0.6293755686694054	
4259	 0.00454665253616601	 0.6309438279529517	
4260	 0.004562426030814472	 0.6345962196394269	
4261	 0.004563279949098154	 0.634794187094256	
4262	 0.004555744645947686	 0.6330480990107624	
4263	 0.004544187001079955	 0.630373689473519	
4264	 0.0045252330184838395	 0.6259975960014538	
4265	 0.004505383064973436	 0.6214277225367117	
4266	 0.004488077275329886	 0.6174545043396361	
4267	 0.0044787110208787855	 0.6153083692715051	
4268	 0.0044838871857014575	 0.6164940394103606	
4269	 0.00449835345845038	 0.6198125731475816	
4270	 0.004520807097634217	 0.6249774966194214	
4271	 0.004541356343216926	 0.6297193730510365	
4272	 0.0045592650132907355	 0.6338636026605288	
4273	 0.004566848295562805	 0.6356217190440602	
4274	 0.004571260440412238	 0.6366455316629172	
4275	 0.0045729833294029295	 0.6370454969780495	
4276	 0.004562831473942855	 0.6346902121397016	
4277	 0.004550962108378815	 0.6319408827389413	
4278	 0.004546833536105952	 0.6309856911000608	
4279	 0.004547008704436708	 0.6310262065227691	
4280	 0.004581072452687085	 0.6389247142005808	
4281	 0.004587462568573674	 0.6404107930883574	
4282	 0.004571918612430066	 0.6367983131512659	
4283	 0.004528458626938365	 0.6267414629885899	
4284	 0.004518870097621814	 0.6245312604762752	
4285	 0.0045089131189611905	 0.6222394353466699	
4286	 0.004495041228281957	 0.6190521252778172	
4287	 0.004477215538344878	 0.6149659789081612	
4288	 0.00446415288984013	 0.6119785307855957	
4289	 0.004452553950897763	 0.609330715207025	
4290	 0.004443250121447228	 0.6072101496576912	
4291	 0.0044362774601291914	 0.6056228522499096	
4292	 0.004440981611267048	 0.6066935503467489	
4293	 0.0044491265873382495	 0.6085491929554152	
4294	 0.0044588080863786255	 0.6107578440209542	
4295	 0.004473798438050133	 0.6141839207464198	
4296	 0.0044987221057044445	 0.6198972331781708	
4297	 0.004514111302361948	 0.6234354950361123	
4298	 0.0045240601741819925	 0.6257272105579015	
4299	 0.004529808199687447	 0.6270527967451868	
4300	 0.00453202520263122	 0.6275643727394158	
4301	 0.004534706107792313	 0.6281832175958244	
4302	 0.0045399735405731246	 0.6293998322340916	
4303	 0.004543963980880626	 0.6303221277141652	
4304	 0.004545079292960439	 0.6305800021904305	
4305	 0.004539358799223126	 0.6292577973980181	
4306	 0.004514872605643661	 0.6236107418483525	
4307	 0.0044768230628803585	 0.6148761343743809	
4308	 0.004463436790560454	 0.6118149260425204	
4309	 0.004445697713476664	 0.6077677278417695	
4310	 0.004425693013333381	 0.6032165241301746	
4311	 0.004402678272880002	 0.597997457144011	
4312	 0.004377816222481518	 0.5923798766699456	
4313	 0.004353013512874563	 0.5867968566687236	
4314	 0.004332029294592213	 0.5820898965785837	
4315	 0.004317266662364776	 0.5787875896834975	
4316	 0.004315516324047235	 0.5783965485998491	
4317	 0.004320205056344533	 0.5794442905989227	
4318	 0.004330084183474259	 0.5816543577950967	
4319	 0.004343425804271094	 0.5846443609668647	
4320	 0.004357075813085197	 0.5877098205371447	
4321	 0.004372436577091711	 0.5911671380285705	
4322	 0.004392792050461196	 0.5957611253370099	
4323	 0.004416969161661269	 0.6012360760927606	
4324	 0.004433952232620315	 0.6050938934244573	
4325	 0.004448234713337257	 0.6083458897806333	
4326	 0.004460492670825631	 0.6111424769813683	
4327	 0.0044718660464639175	 0.6137418381890799	
4328	 0.004482706847142288	 0.6162235866374866	
4329	 0.004488230586538739	 0.6174896581365901	
4330	 0.004485130347685843	 0.6167789383340053	
4331	 0.004472265933767038	 0.6138333118906173	
4332	 0.00447469754980994	 0.6143896582892779	
4333	 0.004473021749533822	 0.6140062186591863	
4334	 0.004468211520698746	 0.61290612281996	
4335	 0.004461928854782803	 0.6114704703534205	
4336	 0.0044541657700191035	 0.6096983878634077	
4337	 0.004447642630657587	 0.6082109392116719	
4338	 0.00444240613597219	 0.6070179314675568	
4339	 0.004439015598496507	 0.6062459799101105	
4340	 0.004443683517302963	 0.6073088652793065	
4341	 0.004448060033614424	 0.6083060746227646	
4342	 0.004450169406367192	 0.6087869385915429	
4343	 0.004454009220944978	 0.6096626735064002	
4344	 0.004461806630880639	 0.611442554315698	
4345	 0.0044739813588307465	 0.614225775013718	
4346	 0.00449717637814476	 0.6195422870148636	
4347	 0.0045189122770484215	 0.6245409761986633	
4348	 0.0045388444573351925	 0.6291389695218139	
4349	 0.0045567566763878705	 0.6332824958857572	
4350	 0.004572745835724414	 0.6369903573137661	
4351	 0.004586895609448757	 0.640278885823218	
4352	 0.004595480089781027	 0.6422772925075848	
4353	 0.004594013416412406	 0.641935684825618	
4354	 0.004577764600589559	 0.6381559860091105	
4355	 0.004549414243266325	 0.6315826990108007	
4356	 0.004548823853828714	 0.6314461013433347	
4357	 0.004549873124030761	 0.6316888778433845	
4358	 0.004549455232961859	 0.6315921831842578	
4359	 0.0045452207156763316	 0.63061270395267	
4360	 0.004540784709731675	 0.6295872709692265	
4361	 0.004536944850969081	 0.6287001832229222	
4362	 0.004534282219560568	 0.6280853534160412	
4363	 0.0045348855125687945	 0.6282246390805837	
4364	 0.004551920028314001	 0.6321625908916265	
4365	 0.004568899792336754	 0.6360976749867955	
4366	 0.004584136685725456	 0.6396371568024626	
4367	 0.004597272977372175	 0.6426949785498742	
4368	 0.004608585716958792	 0.6453329928233368	
4369	 0.004618914138954088	 0.6477452475026588	
4370	 0.004628724434531727	 0.650039823671591	
4371	 0.004637591526034688	 0.652116580996202	
4372	 0.004636962010834115	 0.6519690551655681	
4373	 0.004633374011494007	 0.6511284684761871	
4374	 0.00462834350853818	 0.6499506665411269	
4375	 0.0046226171241122065	 0.648610974775439	
4376	 0.004615939838491459	 0.6470502156667844	
4377	 0.0046047505988498294	 0.6444381985499391	
4378	 0.004575726052404985	 0.6376824220445165	
4379	 0.004527588436915161	 0.6265407511207224	
4380	 0.00451007212377279	 0.6225060333312674	
4381	 0.004496065099443992	 0.6192871538013207	
4382	 0.00449016350939257	 0.6179329401762874	
4383	 0.00449135433710787	 0.6182060990190097	
4384	 0.00449432553834353	 0.6188878606134361	
4385	 0.004500726863047057	 0.6203577076907278	
4386	 0.004508790173219554	 0.622211157654795	
4387	 0.004517746718260396	 0.6242725205057473	
4388	 0.004523534370536368	 0.6256060078883998	
4389	 0.004526464141896014	 0.6262814672705931	
4390	 0.004528191593996104	 0.6266798683265355	
4391	 0.004531831033285244	 0.6275195612706176	
4392	 0.004538453015486302	 0.6290485411304797	
4393	 0.004548569522970681	 0.6313872607723624	
4394	 0.004556187222664948	 0.633150600154496	
4395	 0.004560061893967969	 0.6340482607444139	
4396	 0.0045555163621817125	 0.6329952308916896	
4397	 0.004551141584910201	 0.6319824197611986	
4398	 0.004542717661330387	 0.6300340125469696	
4399	 0.004533068624455188	 0.6278052012819147	
4400	 0.004523126901172391	 0.6255120888392961	
4401	 0.004508475221318003	 0.6221387206237351	
4402	 0.004475981290136218	 0.6146834555027073	
4403	 0.004421156763421114	 0.6021864007532468	
4404	 0.0044072121154891284	 0.5990241643523458	
4405	 0.004393414064178423	 0.5959017303244674	
4406	 0.004384368612196468	 0.5938583306933652	
4407	 0.004379537992257472	 0.5927682268664242	
4408	 0.004379855225050141	 0.5928397907546253	
4409	 0.004380755948383694	 0.5930430018994426	
4410	 0.004382695736745032	 0.5934807298901263	
4411	 0.004386359338444648	 0.5943078018296862	
4412	 0.004396450758342	 0.5965883596627984	
4413	 0.0044063545871487	 0.5988299195300317	
4414	 0.004414830500129216	 0.6007509648176834	
4415	 0.0044216456705385	 0.6022973913398587	
4416	 0.004427424811522434	 0.603609978719863	
4417	 0.0044341366299561905	 0.6051358346553614	
4418	 0.004442209705889705	 0.60697319789253	
4419	 0.00445156037098201	 0.6091041135257146	
4420	 0.004464308452371462	 0.6120140739362366	
4421	 0.004480500523242172	 0.615718175582488	
4422	 0.00450378920320953	 0.6210613633510607	
4423	 0.004524312841192651	 0.6257854560132963	
4424	 0.004542118943286988	 0.6298956239628413	
4425	 0.004551586669304504	 0.6320854322606321	
4426	 0.004540637179878604	 0.6295531792436788	
4427	 0.004509241316957065	 0.6223149238606135	
4428	 0.004528239115313454	 0.6266908295666022	
4429	 0.004546498263783123	 0.6309081474509736	
4430	 0.00456264379488543	 0.6346467024505058	
4431	 0.004576767816399389	 0.6379244109636916	
4432	 0.0045894674873004195	 0.6408773395411043	
4433	 0.0046013420591817025	 0.6436433487231106	
4434	 0.004612163885943563	 0.6461682845297325	
4435	 0.004621883103382745	 0.6484393300526468	
4436	 0.004630560062372559	 0.6504695277014293	
4437	 0.004638003296776818	 0.6522130860011092	
4438	 0.004637945470233481	 0.652199533088672	
4439	 0.004637305468413783	 0.6520495422178585	
4440	 0.004637706148646975	 0.6521434440498026	
4441	 0.004639984839918016	 0.6526775719480771	
4442	 0.004643554989859201	 0.65351477093915	
4443	 0.0046472358977740005	 0.6543783920426981	
4444	 0.004651015294358952	 0.6552655953505371	
4445	 0.004654987906538215	 0.6561986737539831	
4446	 0.004659376223969125	 0.6572300093601978	
4447	 0.004664569971504983	 0.6584514729009106	
4448	 0.004671712408366997	 0.6601327097184009	
4449	 0.004669711652955235	 0.6596615849932982	
4450	 0.004647132941316838	 0.6543542300157649	
4451	 0.004600640711465775	 0.6434798475637725	
4452	 0.004607183152335681	 0.6450056945089817	
4453	 0.0046102467092845895	 0.6457206829535785	
4454	 0.00460795068923801	 0.6451847964127576	
4455	 0.004597891335044516	 0.642839061498908	
4456	 0.0045804615749353165	 0.6387827214147153	
4457	 0.004560797298696436	 0.634218692332593	
4458	 0.004542945193190117	 0.6300866077901041	
4459	 0.004533852332276349	 0.627986110448523	
4460	 0.004529752002535087	 0.62703983135597	
4461	 0.0045272221854907	 0.6264562818503968	
4462	 0.004524481564628686	 0.6258243517854535	
4463	 0.004521771196589913	 0.6251996483171142	
4464	 0.0045192890928145895	 0.6246277756366909	
4465	 0.004516832065632585	 0.6240618867532202	
4466	 0.004513857106524308	 0.623376985279116	
4467	 0.004510805339978486	 0.6226747136514104	
4468	 0.00450893858353272	 0.6222452922978615	
4469	 0.00450588063621647	 0.6215421101268956	
4470	 0.004502334244376674	 0.6207270073355784	
4471	 0.0044988410518968115	 0.6199245502190462	
4472	 0.00449360278711398	 0.6187219929430189	
4473	 0.004479619739088259	 0.615516457317471	
4474	 0.004443127801302215	 0.6071822896640854	
4475	 0.004376249516620079	 0.5920265900612168	
4476	 0.004365801987129192	 0.5896728653747246	
4477	 0.004350644463652079	 0.5862646971928674	
4478	 0.004335338345649108	 0.582831141021286	
4479	 0.004320561293462931	 0.5795239261853841	
4480	 0.004305484272736752	 0.5761573393533554	
4481	 0.004295120660791798	 0.5738477738121756	
4482	 0.00428832678654668	 0.5723357504512228	
4483	 0.004287855750793235	 0.5722309773683866	
4484	 0.0042979987123437785	 0.5744887850391416	
4485	 0.0043134142590745975	 0.5779270683895624	
4486	 0.004329089694620801	 0.5814317276006579	
4487	 0.004343046767131226	 0.5845593299759005	
4488	 0.004354844254701595	 0.5872082284464786	
4489	 0.004365152864948213	 0.5895267483624123	
4490	 0.004374372208737486	 0.5916033748367615	
4491	 0.00438364353217588	 0.5936946541144164	
4492	 0.004396079187275947	 0.5965043264505997	
4493	 0.004409974362308026	 0.5996500317611992	
4494	 0.004421192182817866	 0.6021944413095786	
4495	 0.0044316900771832575	 0.6045794601112685	
4496	 0.00443931564861177	 0.6063142789397103	
4497	 0.00443911444350448	 0.6062684792053457	
4498	 0.004420386474781339	 0.6020115481717205	
4499	 0.004385213116031778	 0.5940489882626062	
4500	 0.004398178769469954	 0.5969792228236236	
4501	 0.004406770327720932	 0.5989240887267202	
4502	 0.004413511358272138	 0.6004518227891988	
4503	 0.004422179579617741	 0.6024186075161386	
4504	 0.004438713084654754	 0.6061771231894361	
4505	 0.004465266182798476	 0.6122329157497448	
4506	 0.004468035560068107	 0.6128658957135469	
4507	 0.004483010819399073	 0.6162932317256773	
4508	 0.004491057628373983	 0.6181380337629926	
4509	 0.004504939529880521	 0.6213257645182356	
4510	 0.0045154909880849884	 0.6237531037606429	
4511	 0.004526506094395694	 0.6262911415451864	
4512	 0.004535919045310094	 0.6284632853324489	
4513	 0.004544031972339654	 0.6303378470050218	
4514	 0.0045513039372642216	 0.6320199946024728	
4515	 0.004558566138387085	 0.6337016727852606	
4516	 0.004566912764481915	 0.6356366739375887	
4517	 0.004574510018161787	 0.6373999987535753	
4518	 0.004581347213953351	 0.6389885839876343	
4519	 0.004587802402452493	 0.6404898631823226	
4520	 0.0045911674883290406	 0.641273037827383	
4521	 0.004582566502432806	 0.6392720451976937	
4522	 0.004557803919662114	 0.6335250849633189	
4523	 0.004527320578677091	 0.626478974012657	
4524	 0.004532132078033054	 0.6275890385781756	
4525	 0.004531187114493064	 0.6273709633136388	
4526	 0.004529180470235698	 0.6269079777637422	
4527	 0.00452727172531986	 0.62646770705004	
4528	 0.004523418495199385	 0.625579298799867	
4529	 0.004520493996813505	 0.6249053574175104	
4530	 0.004519472518006817	 0.6246700293398416	
4531	 0.004522118487684956	 0.6252796803148037	
4532	 0.004528839193028009	 0.6268292497496495	
4533	 0.0045339905843503605	 0.628018026377235	
4534	 0.004539321200954802	 0.6292491108047357	
4535	 0.004546650032927141	 0.6309432489911728	
4536	 0.004560814566879424	 0.6342226944903805	
4537	 0.004574255683715418	 0.6373409360449485	
4538	 0.0045872130610408145	 0.6403527419625249	
4539	 0.004599249467359484	 0.6431555639991086	
4540	 0.004609543977008052	 0.6455566477301511	
4541	 0.0046183646172512985	 0.6476168132919151	
4542	 0.004626499963254167	 0.6495192471115776	
4543	 0.004634126992913766	 0.6513048389412236	
4544	 0.004639200204981659	 0.6524936328564575	
4545	 0.004633183655943934	 0.6510838846156678	
4546	 0.004603663079809781	 0.644184553384498	
4547	 0.004542101646102835	 0.6298916260465565	
4548	 0.004540202134545566	 0.6294526517132535	
4549	 0.004545961072256865	 0.6307839107518285	
4550	 0.004561060122311095	 0.634279606700612	
4551	 0.004579254788027471	 0.6385022522555409	
4552	 0.004595317140795781	 0.6422393359379411	
4553	 0.004629071480767376	 0.6501210553784617	
4554	 0.004708765775620497	 0.6688820892179634	
4555	 0.005022026841751586	 0.7446796213204584	
4556	 0.005820353619681799	 0.9522552420839463	
4557	 0.0072514239963925075	 1.3736515659249124	
4558	 0.00931331045458984	 2.08454473762751	
4559	 0.012048407347178982	 3.201748074357171	
4560	 0.014937146987777318	 4.580896832026492	
4561	 0.01747064479392058	 5.947749142796875	
4562	 0.019342093054488172	 7.047096205990888	
4563	 0.019505616228595417	 7.14667246494151	
4564	 0.017412284570057952	 5.914672198983879	
4565	 0.015594956486617365	 4.922035013195548	
4566	 0.014079620284921443	 4.15103113271407	
4567	 0.012824962196685077	 3.553022103833014	
4568	 0.011774901729999737	 3.0815312201638596	
4569	 0.010890595031920315	 2.7055595770991143	
4570	 0.010127277840276882	 2.3969499263497083	
4571	 0.009456373407790564	 2.1381858030979335	
4572	 0.00891148394746844	 1.9368134919839133	
4573	 0.008440857176919414	 1.7693564749107733	
4574	 0.008031078563132057	 1.628524177143423	
4575	 0.007670855365043926	 1.5086114866644127	
4576	 0.0073509712118886295	 1.405224209023095	
4577	 0.007068487807369121	 1.3163820203745673	
4578	 0.006817809799352041	 1.2394981665383358	
4579	 0.006599289395340125	 1.1739953480545902	
4580	 0.0064076693835794386	 1.1177325854488476	
4581	 0.006234561729788859	 1.0678599585953794	
4582	 0.006080794316082178	 1.0243261875065455	
4583	 0.005944086674251238	 0.9862332547654777	
4584	 0.005827244550491706	 0.9541350002309019	
4585	 0.005722138763443195	 0.9256249707882621	
4586	 0.005623759908699564	 0.8992539873500305	
4587	 0.0055359001393328056	 0.8759611240638904	
4588	 0.0054572725787289285	 0.8553236826925568	
4589	 0.005386764116035937	 0.8369850174098599	
4590	 0.005327101971130352	 0.8215918138670517	
4591	 0.005273229701323049	 0.8077907997393697	
4592	 0.005225886082391927	 0.7957396232257399	
4593	 0.005186796499531276	 0.7858441689869388	
4594	 0.005144142227053633	 0.7751029073757156	
4595	 0.00507544880355389	 0.7579289669924845	
4596	 0.005067825310586326	 0.7560325262568781	
4597	 0.005052720551283762	 0.7522806408054026	
4598	 0.005031767688971892	 0.7470885090490944	
4599	 0.005008125243792164	 0.7412471819241684	
4600	 0.0049863556782391485	 0.735884817147074	
4601	 0.00496095508553384	 0.7296477458460897	
4602	 0.004931658980510063	 0.7224805331497234	
4603	 0.004905979201877578	 0.7162213416993493	
4604	 0.004888866466918949	 0.7120623861466797	
4605	 0.004876237123421651	 0.7089992580599768	
4606	 0.004864807027732925	 0.7062315516199467	
4607	 0.0048540022482112775	 0.7036192432928912	
4608	 0.00484348816522589	 0.7010809364146375	
4609	 0.004833674507615515	 0.6987150380429847	
4610	 0.004825589640177391	 0.6967683243078342	
4611	 0.0048188417056540655	 0.6951451875672788	
4612	 0.004811877169078298	 0.6934715380187557	
4613	 0.0048055633795750985	 0.6919556645991688	
4614	 0.004799593246215226	 0.6905235201216351	
4615	 0.004793910120463103	 0.6891613272994173	
4616	 0.004789137617969061	 0.6880182337688172	
4617	 0.0047870073853056964	 0.6875082527406203	
4618	 0.004781694656844597	 0.6862370363780789	
4619	 0.004751695305070969	 0.6790765401143455	
4620	 0.004751837978428214	 0.6791105234589819	
4621	 0.004752734466515562	 0.6793240733817765	
4622	 0.004753809999552551	 0.679580308538339	
4623	 0.004754908793693457	 0.6798421253379201	
4624	 0.00475601845360751	 0.6801065721339301	
4625	 0.004757704341257	 0.6805084204286596	
4626	 0.004758519408032881	 0.6807027338473741	
4627	 0.004759237928925834	 0.6808740489530695	
4628	 0.004760816149718004	 0.6812504006479783	
4629	 0.004761912737315062	 0.6815119482735854	
4630	 0.004762101488894219	 0.681556971552801	
4631	 0.004761255019052473	 0.6813550707603641	
4632	 0.004759714174655922	 0.6809876085114671	
4633	 0.004757616420898694	 0.6804874613794647	
4634	 0.004755472253968044	 0.6799764003149897	
4635	 0.004753452810274825	 0.6794952074229731	
4636	 0.004752339529954761	 0.6792299933373668	
4637	 0.004752515718539836	 0.6792719635605318	
4638	 0.004753365281280611	 0.6794743541017503	
4639	 0.00476788578297744	 0.6829372872026391	
4640	 0.004839616813954435	 0.7001472403908752	
4641	 0.005001234398547631	 0.739548117457573	
4642	 0.005123801659599844	 0.7700015568621322	
4643	 0.005141644805077293	 0.7744758362756987	
4644	 0.005125976171818048	 0.770546274358691	
4645	 0.0051035248066132	 0.7649296055672774	
4646	 0.005079652819500195	 0.758975582198464	
4647	 0.005053456685465396	 0.7524633167787789	
4648	 0.005026016861497532	 0.7456659671781459	
4649	 0.005014122508345328	 0.7427271867445516	
4650	 0.004994240416538875	 0.7378252178920309	
4651	 0.004980487982474627	 0.7344421288171453	
4652	 0.004972431381963543	 0.7324631006212424	
4653	 0.0049659441258373856	 0.730871119872452	
4654	 0.004959873950566379	 0.7293827463406966	
4655	 0.004954032118601218	 0.7279515075640337	
4656	 0.004947823670632567	 0.726431681307346	
4657	 0.004941966374380558	 0.7249989819311866	
4658	 0.004937333744878858	 0.7238666384349755	
4659	 0.004933567310746759	 0.7229465390381834	
4660	 0.00493054121851064	 0.722207636383613	
4661	 0.0049269761359926985	 0.7213375124315186	
4662	 0.004922776472825465	 0.7203130457372143	
4663	 0.004917553218407581	 0.7190396967486236	
4664	 0.004912147172703691	 0.7177227352828696	
4665	 0.0049075172430001045	 0.716595610505893	
4666	 0.004908759945278815	 0.7168980683199412	
4667	 0.0048746160757163716	 0.7086064708119943	
4668	 0.00488974182827812	 0.7122748924960141	
4669	 0.004891013240467983	 0.7125835909577414	
4670	 0.00488021340068923	 0.7099630968361831	
4671	 0.004870345420768738	 0.7075720885340255	
4672	 0.004842787060461295	 0.700911806422978	
4673	 0.004810131015249467	 0.6930521724019172	
4674	 0.0047743130160135885	 0.6844723383548331	
4675	 0.004749865373654889	 0.6786407293538905	
4676	 0.004735355604545207	 0.6751890911133802	
4677	 0.004728918559497285	 0.6736600778415099	
4678	 0.004727023444391669	 0.6732101889205115	
4679	 0.0047268516088687955	 0.6731694021461874	
4680	 0.00472702863623793	 0.6732114212693399	
4681	 0.004727585665180497	 0.6733436442098669	
4682	 0.004728748632265003	 0.6736197332327885	
4683	 0.004730917148680584	 0.6741346611215381	
4684	 0.004736157516354144	 0.675379669081081	
4685	 0.004740841683911104	 0.6764933124947946	
4686	 0.004745065490536603	 0.6774981359790477	
4687	 0.004748976647932934	 0.678429113582391	
4688	 0.004753171452251041	 0.6794281762688795	
4689	 0.0047551057381439304	 0.6798890568312947	
4690	 0.004735371217931091	 0.6751928014997766	
4691	 0.004697451202059167	 0.6662055024013858	
4692	 0.0046996983576176755	 0.6667367501078264	
4693	 0.004695734093177429	 0.6657996766517792	
4694	 0.004690879595851829	 0.6646528879718073	
4695	 0.004685760674935956	 0.6634444906403034	
4696	 0.00467629946110799	 0.6612133464835035	
4697	 0.004667697925909912	 0.6591875416555102	
4698	 0.00465986768445154	 0.6573455519844768	
4699	 0.004659140326597073	 0.6571745526466408	
4700	 0.004664681694948279	 0.6584777579438228	
4701	 0.0046699680317717545	 0.6597219478751027	
4702	 0.0046740339498125795	 0.6606795396431394	
4703	 0.004677581076091492	 0.6615154009724126	
4704	 0.004681599665685748	 0.6624628707833247	
4705	 0.004686364297968115	 0.6635869390775082	
4706	 0.0046913309363245444	 0.6647594757888632	
4707	 0.004695709939944801	 0.6657939689226704	
4708	 0.004708173496286399	 0.6687418725642955	
4709	 0.004712156618578861	 0.6696850662647081	
4710	 0.004715547911132408	 0.6704885351600525	
4711	 0.004718000563289519	 0.6710698604110804	
4712	 0.004718010314306159	 0.671072171989822	
4713	 0.004711723179672555	 0.6695824032004293	
4714	 0.004686374450803526	 0.6635893351402875	
4715	 0.00465087348125614	 0.6552322964194063	
4716	 0.004664730545314099	 0.6584892510437281	
4717	 0.004681620216834513	 0.662467717557185	
4718	 0.004698725634815615	 0.6665067689314645	
4719	 0.0047114327161721	 0.6695136083934219	
4720	 0.004714782400047941	 0.670307135726842	
4721	 0.004708351311269501	 0.6687839673815518	
4722	 0.0047043261427851665	 0.6678313335130139	
4723	 0.004707237026953256	 0.6685201961068089	
4724	 0.004709673458005089	 0.6690969974441048	
4725	 0.004710023945960292	 0.6691799884263293	
4726	 0.0047058022058876344	 0.6681806092847138	
4727	 0.004705178993571777	 0.6680331317723214	
4728	 0.004707812468802589	 0.6686564084154173	
4729	 0.004709864517969491	 0.6691422374444052	
4730	 0.004710328773426433	 0.6692521709470983	
4731	 0.00470921636427924	 0.6689887697903267	
4732	 0.004712089172059395	 0.669669090666904	
4733	 0.004713388497546047	 0.6699768798658561	
4734	 0.004714055475992293	 0.6701348982483963	
4735	 0.004714801189155831	 0.6703115878551889	
4736	 0.004711205457087784	 0.6694597852033464	
4737	 0.0046996601913372816	 0.6667277258432416	
4738	 0.004666857029602413	 0.658989630004262	
4739	 0.004616919880370408	 0.6472791979938026	
4740	 0.004623382246604979	 0.6487899117326715	
4741	 0.004623702020664562	 0.6488647022056372	
4742	 0.004623692179343255	 0.6488624004131702	
4743	 0.00462428032862999	 0.6489999687331823	
4744	 0.004624597531796138	 0.6490741675047949	
4745	 0.004624550481535905	 0.649063161500231	
4746	 0.004626001608451224	 0.6494026436977507	
4747	 0.0046360942507439945	 0.6517657189322054	
4748	 0.004653204622179442	 0.6557797541568224	
4749	 0.004672254208020803	 0.6602603122863026	
4750	 0.004690327919865431	 0.664522614371879	
4751	 0.004706992005634349	 0.6684622007062726	
4752	 0.004722178247905725	 0.6720605151024721	
4753	 0.004736488521255584	 0.6754583401655232	
4754	 0.004751762316783986	 0.6790925015390653	
4755	 0.004769711583079153	 0.683373212817164	
4756	 0.004789708897442101	 0.6881550246880892	
4757	 0.004809247120095852	 0.6928399301118439	
4758	 0.004827090856608039	 0.6971296302481425	
4759	 0.004842283358766409	 0.7007903067507268	
4760	 0.004849634189913764	 0.7025642623704725	
4761	 0.0048376923555325975	 0.6996832829812385	
4762	 0.004792380302811446	 0.6887948279333793	
4763	 0.004718601174670384	 0.6712122474572454	
4764	 0.0047341305300429085	 0.6748979881579177	
4765	 0.004745072642518288	 0.6774998379073298	
4766	 0.004750564787300351	 0.6788072863143	
4767	 0.004754014343902634	 0.6796289959372361	
4768	 0.00474519448888172	 0.6775288334585349	
4769	 0.0047361737480693614	 0.6753835268437428	
4770	 0.004731233474305312	 0.6742097877879203	
4771	 0.004738209305976986	 0.6758673841014361	
4772	 0.004745506011823599	 0.6776029682471455	
4773	 0.004752245884217188	 0.6792076862275351	
4774	 0.0047601601284090215	 0.6810939518944019	
4775	 0.004767678728632028	 0.682887858206064	
4776	 0.004774693273234623	 0.6845632004531547	
4777	 0.004777080584027795	 0.6851337562919677	
4778	 0.004780249560834473	 0.685891420241503	
4779	 0.0047843501173262925	 0.6868723106786098	
4780	 0.004785755473347114	 0.6872086136338741	
4781	 0.004787365090002242	 0.6875938772364613	
4782	 0.0047890362982606766	 0.6879939742462715	
4783	 0.004791095867085259	 0.688487175094345	
4784	 0.004784309505073767	 0.6868625931091317	
4785	 0.00475695813975043	 0.6803305440748677	
4786	 0.004712391388033342	 0.6697406756956008	
4787	 0.004653707558096464	 0.6558978903307843	
4788	 0.004680639347109621	 0.6622364054913652	
4789	 0.004719056024712001	 0.671320086877277	
4790	 0.004760420200970433	 0.6811559725931987	
4791	 0.004796403016682894	 0.689758719060626	
4792	 0.004826448632110763	 0.696975053408164	
4793	 0.004856273394569542	 0.7041680246287193	
4794	 0.0048852476585606475	 0.7111841384380584	
4795	 0.004907261823167224	 0.7165334509159607	
4796	 0.004928188492929913	 0.7216333633553134	
4797	 0.004962665282006685	 0.7300670147047085	
4798	 0.0050200872406991545	 0.7442003342830079	
4799	 0.005090008404559074	 0.7615561312569559	
4800	 0.005153587231441164	 0.7774762638573752	
4801	 0.005204821199525361	 0.7904009337535752	
4802	 0.005240672170311672	 0.7994955952987123	
4803	 0.005264297485097585	 0.8055115870163069	
4804	 0.005284384098098498	 0.8106406568855307	
4805	 0.005296669875479149	 0.8137842168238121	
4806	 0.005302448807844752	 0.8152645538985458	
4807	 0.005302904067764533	 0.8153812194591465	
4808	 0.005294536416637392	 0.8132379798935205	
4809	 0.00529958505006833	 0.8145308363427869	
4810	 0.0053141250929208215	 0.8182588455593892	
4811	 0.005298174469895335	 0.8141695316068925	
4812	 0.005325412803972342	 0.821157663108196	
4813	 0.0053485373519950126	 0.8271091177806482	
4814	 0.00536578097341459	 0.831558208967806	
4815	 0.0054122557400823525	 0.8435968240972799	
4816	 0.005434149039413206	 0.8492919263634336	
4817	 0.005439894824126112	 0.8507891151684956	
4818	 0.005542776816906076	 0.8777754017570816	
4819	 0.0055431065087919226	 0.8778624222689282	
4820	 0.005560700349885342	 0.8825112315535942	
4821	 0.005590100502309552	 0.8903015166035699	
4822	 0.005744539335959039	 0.9316721194194236	
4823	 0.006576734765193943	 1.1673156255113273	
4824	 0.007069425495359967	 1.316673079845581	
4825	 0.007009767976218385	 1.298206636521243	
4826	 0.007366514368170561	 1.4101797923243802	
4827	 0.007532577071731289	 1.4635595341067364	
4828	 0.007638345773977024	 1.4979705556944387	
4829	 0.007734996005390776	 1.529694045487301	
4830	 0.007565158175057952	 1.4741254404045152	
4831	 0.007503486384972418	 1.4541512623646964	
4832	 0.007454277161580823	 1.4382917211996384	
4833	 0.0073008056273387	 1.38927769626832	
4834	 0.007069006811832094	 1.3165431167984836	
4835	 0.006839767108644439	 1.2461584802674874	
4836	 0.006627730106519529	 1.1824399959471485	
4837	 0.006453880890424501	 1.131199826734874	
4838	 0.006285671815604046	 1.0824900756598765	
4839	 0.00613468067962325	 1.0394996714286344	
4840	 0.0060011309146322305	 1.0020581429574857	
4841	 0.005880926610247375	 0.9688294968706409	
4842	 0.005773609410523319	 0.9395431996190153	
4843	 0.0056781819290467024	 0.9138044288701942	
4844	 0.005605707002562189	 0.8944479587804611	
4845	 0.00554619826779059	 0.8786786443719012	
4846	 0.005492915984441338	 0.864654648425592	
4847	 0.005445760078171887	 0.8523185220393852	
4848	 0.005402383332298647	 0.8410337316865825	
4849	 0.005360827099270371	 0.8302790640597363	
4850	 0.005320668025230918	 0.8199386483208979	
4851	 0.005281093197417463	 0.8097994412031354	
4852	 0.005243036922234312	 0.800096947261874	
4853	 0.005200278995116769	 0.7892516409477446	
4854	 0.005161717035905992	 0.7795214583965999	
4855	 0.005126958916257881	 0.7707925033803424	
4856	 0.005096008590418373	 0.763052943985243	
4857	 0.005073314691271262	 0.7573978879156813	
4858	 0.0050484669959212905	 0.751225443802278	
4859	 0.005043450996780944	 0.7499818656115266	
4860	 0.00503625434783008	 0.7481990953790784	
4861	 0.005032129434544562	 0.7471780277675121	
4862	 0.005023982437824877	 0.7451629857765578	
4863	 0.005011593015203991	 0.7421028144900769	
4864	 0.004998847858907309	 0.738960035928731	
4865	 0.004982550057006759	 0.7349490013089578	
4866	 0.004965753982973409	 0.730824479478497	
4867	 0.0049513889127874135	 0.727304296232873	
4868	 0.004943442067999551	 0.725359831161636	
4869	 0.004940908397101003	 0.7247403204809036	
4870	 0.004941160240145876	 0.724801889425807	
4871	 0.004943366982530699	 0.7253414688860835	
4872	 0.004949035211773598	 0.7267281664422303	
4873	 0.004961505034917775	 0.729782559992714	
4874	 0.004976962051022361	 0.7335757540552514	
4875	 0.004990996311061747	 0.7370266097863225	
4876	 0.004998730284532238	 0.7389310685594133	
4877	 0.004997428896806966	 0.7386104696895106	
4878	 0.004994686902965177	 0.7379351574538097	
4879	 0.004996909396000779	 0.73848250540819	
4880	 0.005001368591732874	 0.7395811903609253	
4881	 0.005015129888244709	 0.7429759037578259	
4882	 0.005087601878614952	 0.7609561270931384	
4883	 0.005111282066165353	 0.7668683843545129	
4884	 0.0051253464558972785	 0.770388514038033	
4885	 0.005136256767429894	 0.7731236596453657	
4886	 0.005145551496320857	 0.7754568466737536	
4887	 0.005152329675537577	 0.7771600956257022	
4888	 0.005159924790691445	 0.779070403095804	
4889	 0.005162173345075432	 0.7796363146444811	
4890	 0.0051612638853871205	 0.7794074039021643	
4891	 0.005163071166228636	 0.7798623223444885	
4892	 0.005165925841618899	 0.7805811012724395	
4893	 0.0051698724583174	 0.7815752563528509	
4894	 0.0051737805341213455	 0.7825602016497211	
4895	 0.005175209070595247	 0.7829203569462451	
4896	 0.005173150389894886	 0.7824013539852962	
4897	 0.005167960566152452	 0.7810935863792049	
4898	 0.005158981794608536	 0.7788331207020611	
4899	 0.005146852853911471	 0.7757837412499455	
4900	 0.00513464782828716	 0.7727200651326659	
4901	 0.005120403830932535	 0.7691507058866535	
4902	 0.0051022564267421905	 0.7646127850126737	
4903	 0.005074478842523192	 0.7576875713518815	
4904	 0.005049517451395113	 0.7514859795290406	
4905	 0.0050340706659881065	 0.7476584844024967	
4906	 0.005013595624353124	 0.7425971150130118	
4907	 0.005013921474191764	 0.7426775564135703	
4908	 0.00499631196863284	 0.7383353570939383	
4909	 0.004982705584623996	 0.7349872367690381	
4910	 0.00498737802196139	 0.736136296278859	
4911	 0.004995436860974981	 0.7381198363907284	
4912	 0.00499596297595277	 0.7382494044829162	
4913	 0.004994173746590075	 0.7378088021322393	
4914	 0.004992991929914306	 0.7375178344270699	
4915	 0.004993080568812526	 0.737539656064285	
4916	 0.004991264726260468	 0.7370926729789156	
4917	 0.004993165671758274	 0.7375606074432564	
4918	 0.0050009569449770055	 0.7394797388484086	
4919	 0.005013340847302667	 0.7425342215289802	
4920	 0.005027402172252642	 0.7460085426262543	
4921	 0.005040392546853469	 0.7492240120810915	
4922	 0.005049901488525527	 0.7515812380820344	
4923	 0.00505842657005774	 0.7536970866780252	
4924	 0.005064993179018542	 0.7553284817656412	
4925	 0.005070187224661048	 0.7566198791986354	
4926	 0.005072950420639459	 0.7573072531530001	
4927	 0.005072827338907784	 0.757276629969724	
4928	 0.0050637410389802965	 0.7550172937535147	
4929	 0.0050296258657698805	 0.7465585745233092	
4930	 0.00497188844755744	 0.7323298107161157	
4931	 0.004889608287664328	 0.7122424719839261	
4932	 0.004892286636239549	 0.7128928246595201	
4933	 0.004887144926643736	 0.7116445318951183	
4934	 0.005722190430194278	 0.9256389003639208	
4935	 0.006183170702080831	 1.0532298214220908	
4936	 0.006035020663550027	 1.0115073020634315	
4937	 0.0058965626020838205	 0.9731264477507352	
4938	 0.005773244730602461	 0.9394442940351941	
4939	 0.005663487097752047	 0.909866368258102	
4940	 0.00556920609645492	 0.8847622200604788	
4941	 0.005488488113281909	 0.8634932887905377	
4942	 0.005419102749199266	 0.8453762887222425	
4943	 0.0053591746242614684	 0.8298525520063555	
4944	 0.0053076292613127695	 0.8165924986251977	
4945	 0.005264202151439353	 0.8054872748445504	
4946	 0.00522965429100074	 0.7966961543294716	
4947	 0.005202732247992564	 0.7898722930060779	
4948	 0.0051777162377067525	 0.783552611317779	
4949	 0.005156351633667823	 0.7781714564436987	
4950	 0.00513784680861592	 0.7735225965119571	
4951	 0.0051224700016644815	 0.7696680512874887	
4952	 0.005108622737993812	 0.7662035149639467	
4953	 0.0050987456268521665	 0.7637361183941751	
4954	 0.005071678500103351	 0.7569908185792089	
4955	 0.005066349626113725	 0.7556656505594331	
4956	 0.0050572321701869965	 0.7534005040564805	
4957	 0.00504765891568332	 0.7510250469800872	
4958	 0.005036529923728622	 0.7482673304152949	
4959	 0.005023311765893012	 0.7449972017374514	
4960	 0.00500711474068762	 0.7409979262436946	
4961	 0.004990441558338599	 0.7368900798083029	
4962	 0.004974987532092961	 0.7330907635331506	
4963	 0.004960798503834752	 0.7296093633573034	
4964	 0.004948543912788661	 0.726607931224519	
4965	 0.004937959248919422	 0.7240194876754275	
4966	 0.004928718402479224	 0.7217626921870445	
4967	 0.004925557288507247	 0.7209913333418878	
4968	 0.00492294697211326	 0.7203546260255693	
4969	 0.004924215621050783	 0.7206640462557223	
4970	 0.004930910301612791	 0.7222977418690223	
4971	 0.00493825641690005	 0.724092108676079	
4972	 0.0049395656619019715	 0.7244120926514563	
4973	 0.004935819108252114	 0.7234965727065917	
4974	 0.0049279189332482225	 0.7215675786309215	
4975	 0.0049167973546750355	 0.7188555034591333	
4976	 0.004895619878052728	 0.7137025291232164	
4977	 0.004862281493859157	 0.7056205979452129	
4978	 0.004811474750603273	 0.693374882053568	
4979	 0.004750793404548882	 0.6788617323119281	
4980	 0.004738091161101396	 0.6758392969771043	
4981	 0.00472616724514208	 0.6730069717996043	
4982	 0.004713511025285507	 0.6700059076250985	
4983	 0.004700411749814533	 0.6669054378352676	
4984	 0.004688323790777606	 0.6640494422653266	
4985	 0.004681305262844168	 0.6623934405040334	
4986	 0.004686528668324808	 0.6636257308039442	
4987	 0.004743812118038977	 0.6771999023845245	
4988	 0.004884841469798595	 0.7110855876518845	
4989	 0.005283747192284282	 0.8104778245998285	
4990	 0.005780459805772463	 0.9414018831029027	
4991	 0.006017258618350539	 1.0065504544673125	
4992	 0.006413962926084683	 1.1195628922089362	
4993	 0.007230199751625648	 1.3669571880502438	
4994	 0.008641311056127204	 1.8399406622749486	
4995	 0.010663137155352413	 2.612037527446015	
4996	 0.01503667642942993	 4.631882250993838	
4997	 0.01960479733787147	 7.20734008652081	
4998	 0.02112322953174603	 8.161530669704119	
4999	 0.02176762007933131	 8.580699005988569	
5000	 0.021180692490766408	 8.198568159996208	
5001	 0.019364601652437207	 7.060769474284073	
5002	 0.01760756512259296	 6.025641074689182	
5003	 0.015923663897840962	 5.096156507381284	
5004	 0.0143694849055898	 4.294438827304012	
5005	 0.01307233044410246	 3.6679728778326504	
5006	 0.011990809467388518	 3.176278611448446	
5007	 0.011082685860687773	 2.785561761470128	
5008	 0.01031737620755785	 2.472406430240361	
5009	 0.009663680480075059	 2.216879172543649	
5010	 0.009104417669318868	 2.0072033578537276	
5011	 0.00862344829953488	 1.8336060215514363	
5012	 0.008208568159122957	 1.6889499021719356	
5013	 0.007849934826709055	 1.5677657472290742	
5014	 0.007538523128594792	 1.4654855455637072	
5015	 0.007266715221430503	 1.3784827035053155	
5016	 0.0070281945111233726	 1.303899265385706	
5017	 0.006817944360462208	 1.2395389394921947	
5018	 0.006632111869065169	 1.1837431854558116	
5019	 0.006464365218224209	 1.1342642079322267	
5020	 0.0063107930028269	 1.0897101065227193	
5021	 0.006168020217597066	 1.048932159724649	
5022	 0.006041359028584128	 1.0132785047184463	
5023	 0.0059285289688628725	 0.9819348270594018	
5024	 0.00582843735849998	 0.9544605335975114	
5025	 0.005742961551393673	 0.9312456728935835	
5026	 0.005670707642069412	 0.9118005482389162	
5027	 0.005603782052528156	 0.8939361082263503	
5028	 0.005546734882674935	 0.8788203412072926	
5029	 0.005488572110057018	 0.8635153139882777	
5030	 0.0054361509639068275	 0.8498134514675734	
5031	 0.005389003221479785	 0.8375649442218304	
5032	 0.00534834777795606	 0.8270602581413173	
5033	 0.005311394594894308	 0.8175582374521557	
5034	 0.005278373155349567	 0.809104411381449	
5035	 0.005248559005789472	 0.8015019068923037	
5036	 0.005221172441514802	 0.7945437485231721	
5037	 0.005196835398395378	 0.7883807695954111	
5038	 0.005175098120664142	 0.7828923824439209	
5039	 0.005169265543186369	 0.7814223411405108	
5040	 0.00516564516208352	 0.7805104172106541	
5041	 0.005160888473939816	 0.779312920789178	
5042	 0.005154437965301748	 0.7776901801543336	
5043	 0.005148835024528498	 0.7762817585749662	
5044	 0.0051437601724874625	 0.7750069651496946	
5045	 0.005139460667570942	 0.7739275933647607	
5046	 0.00513617788644661	 0.7731038707715356	
5047	 0.005134112901989542	 0.7725859001606884	
5048	 0.0051361950415075045	 0.7731081744447599	
5049	 0.005146838563902622	 0.7757801513713074	
5050	 0.0051657490885723195	 0.7805365889176945	
5051	 0.005180319149287146	 0.7842092263896366	
5052	 0.005176352831102924	 0.7832087637654679	
5053	 0.0051659276546312015	 0.7805815578551021	
5054	 0.0051517910477390265	 0.7770246923322036	
5055	 0.005135232088302643	 0.7728666141515397	
5056	 0.005116554104180418	 0.7681871497515504	
5057	 0.00510023982948899	 0.7641091800832321	
5058	 0.005095063071836238	 0.7628169958889538	
5059	 0.005090965139792166	 0.7617947206574702	
5060	 0.005089552148397635	 0.7614423612106609	
5061	 0.0050884795303264485	 0.7611749246281113	
5062	 0.005088769965609838	 0.7612473353419091	
5063	 0.0050899469866716365	 0.7615408159644251	
5064	 0.005090435773352757	 0.7616627042420806	
5065	 0.005085737381319311	 0.7604913936267551	
5066	 0.0050771598975475705	 0.7583548844789288	
5067	 0.005067748561062604	 0.7560134435011816	
5068	 0.00506025105998001	 0.7541502177192504	
5069	 0.005052221805883388	 0.7521568843193516	
5070	 0.005044123948504591	 0.7501486575022169	
5071	 0.005036123233276847	 0.748166631126869	
5072	 0.0050236991440550955	 0.7450929563175004	
5073	 0.0049995872770481845	 0.739142220374593	
5074	 0.004951953433760069	 0.7274425046357661	
5075	 0.004892625210845767	 0.7129750537524089	
5076	 0.00488868368850512	 0.712018017302897	
5077	 0.004888028675097707	 0.711859024089321	
5078	 0.0048895993226650706	 0.7122402955146485	
5079	 0.004892044685540273	 0.7128340647902266	
5080	 0.0048928619133154945	 0.7130325435696822	
5081	 0.004892786677360812	 0.7130142702121118	
5082	 0.00489002823708618	 0.7123444277915831	
5083	 0.00488846983036762	 0.7119661053649236	
5084	 0.00489478726887704	 0.7135002389124505	
5085	 0.004903055651125786	 0.7155101369302943	
5086	 0.004911315913705275	 0.7175203187677639	
5087	 0.0049188620044710255	 0.7193586740181088	
5088	 0.004925856423777504	 0.7210643126654237	
5089	 0.004932025757189553	 0.722570089078462	
5090	 0.004936885407302453	 0.7237570898379195	
5091	 0.00493979851892371	 0.724469009630465	
5092	 0.004941835172730094	 0.7249669028577864	
5093	 0.0049428223322543945	 0.7252082793266248	
5094	 0.004943303827259206	 0.7253260243039891	
5095	 0.0049435741064298684	 0.7253921218290552	
5096	 0.00494065311408303	 0.7246779126889935	
5097	 0.004924937394656009	 0.720840108712719	
5098	 0.004886122494948463	 0.711396412528099	
5099	 0.004835682284389004	 0.6991988170157726	
5100	 0.004837517335770292	 0.6996410945037272	
5101	 0.00484242665571647	 0.7008248710587638	
5102	 0.00485222155421212	 0.7031890905786605	
5103	 0.004867628736585486	 0.7069144033316496	
5104	 0.004872506507496849	 0.7080954432025864	
5105	 0.004878031129570328	 0.7094340554172051	
5106	 0.0048843869093717004	 0.7109753072589433	
5107	 0.004895867371585983	 0.7137626644215642	
5108	 0.004909692726077859	 0.7171251287576084	
5109	 0.00492662330473034	 0.721251420292148	
5110	 0.004944086603746986	 0.725517461092682	
5111	 0.004958478195883496	 0.7290406866110453	
5112	 0.004970379688823129	 0.7319594627615607	
5113	 0.004980373076573463	 0.7344138882491683	
5114	 0.00498851104051595	 0.7364150396842479	
5115	 0.004994432918674477	 0.7378726174106662	
5116	 0.004991565909478604	 0.7371668039593281	
5117	 0.004988909795966355	 0.7365131509017528	
5118	 0.004992424711687092	 0.737378199473734	
5119	 0.004994825029987368	 0.737969170171541	
5120	 0.004996889152407692	 0.738477519153031	
5121	 0.0050019207507181985	 0.7397172802531411	
5122	 0.004995836858322123	 0.7382183442439758	
5123	 0.005014718083946362	 0.7428742273296675	
5124	 0.005030397418489962	 0.7467494564322655	
5125	 0.005046070813692916	 0.7506312739115476	
5126	 0.005058804387162637	 0.7537909125403041	
5127	 0.0050680547536117665	 0.7560895753845861	
5128	 0.005079907496075143	 0.7590390040302804	
5129	 0.005088091484332928	 0.7610781821173258	
5130	 0.005094051537136086	 0.7625646062110638	
5131	 0.005099707780890625	 0.7639763336893862	
5132	 0.005107493591639446	 0.7659212822868533	
5133	 0.0051168643845849685	 0.7682647925793931	
5134	 0.005124758458892166	 0.7702412170634102	
5135	 0.005131362737967747	 0.7718962780903548	
5136	 0.005138402140999533	 0.7736619472425104	
5137	 0.005145476815505876	 0.7754380888952589	
5138	 0.00515048470437107	 0.7766963355707214	
5139	 0.005153883636250973	 0.7775507919196589	
5140	 0.005158875492916888	 0.7788063742390011	
5141	 0.005162300872843987	 0.7796684154967082	
5142	 0.005176424550080922	 0.7832268495984042	
5143	 0.005195896328320946	 0.788143349403823	
5144	 0.005198779028461946	 0.7888722583165606	
5145	 0.005182566915338278	 0.7847764288353337	
5146	 0.005156609870189122	 0.7782364105232468	
5147	 0.005120065574149594	 0.769066023531213	
5148	 0.005133234159097811	 0.77236552270795	
5149	 0.0051490280940808784	 0.7763302738359483	
5150	 0.005173363681340991	 0.7824551193562161	
5151	 0.0052053188509478265	 0.7905268928307884	
5152	 0.005214483311103788	 0.7928479171779509	
5153	 0.005817310180344349	 0.9514255027236758	
5154	 0.006224389492790978	 1.0649576920966177	
5155	 0.006231608860457698	 1.0670171425834867	
5156	 0.006122595593507583	 1.0360889554468433	
5157	 0.0060346012465279245	 1.011390143239921	
5158	 0.005960207148520855	 0.9906950885000553	
5159	 0.005896657386188593	 0.9731525187064268	
5160	 0.00584103047694407	 0.9579000744810705	
5161	 0.00578337676399054	 0.9421937727708368	
5162	 0.0057270989217178625	 0.9269626328758336	
5163	 0.00573902038264163	 0.9301807877354288	
5164	 0.00579297032737056	 0.9448000911717708	
5165	 0.005709455629376735	 0.9222080812406968	
5166	 0.005634983717942151	 0.902247171153965	
5167	 0.005568519218104517	 0.8845803572064239	
5168	 0.0056975263981721815	 0.9189989108081136	
5169	 0.005640402514620867	 0.9036936884898928	
5170	 0.005594408383164181	 0.8914452938846467	
5171	 0.005544195894185769	 0.8781499845912697	
5172	 0.0054890958356379116	 0.8636526476562401	
5173	 0.005440712378362923	 0.8510022323680231	
5174	 0.005397203864808258	 0.8396902769141281	
5175	 0.005357663536461036	 0.829462609433372	
5176	 0.005321219062641083	 0.8200801820733272	
5177	 0.005289043836008665	 0.8118323704039949	
5178	 0.005262236115812278	 0.8049859581271204	
5179	 0.0052379276361619416	 0.7987978922085341	
5180	 0.005214301384600374	 0.7928018153358154	
5181	 0.005191992750848697	 0.7871567348697316	
5182	 0.005171317459993156	 0.7819393797050116	
5183	 0.005152562276047958	 0.7772185709713222	
5184	 0.005135745771984201	 0.7729954698028857	
5185	 0.005120517096573312	 0.7691790626962582	
5186	 0.005110132165324414	 0.766580864687819	
5187	 0.005124515404862902	 0.7701803337804334	
5188	 0.005137341031303053	 0.7733956894771048	
5189	 0.005127737476389023	 0.7709875958638575	
5190	 0.005109079306935565	 0.766317647209032	
5191	 0.005089865381854054	 0.76152046700748	
5192	 0.005056027906063556	 0.7531015193061458	
5193	 0.005012881609368159	 0.7424208608378918	
5194	 0.004959647698541601	 0.7293272940531476	
5195	 0.004895571099085594	 0.7136906771829606	
5196	 0.004905249171764315	 0.7160437226517471	
5197	 0.004918143394265543	 0.7191835273717184	
5198	 0.0049317911307208044	 0.7225127997790962	
5199	 0.0049443487429945724	 0.725581574708895	
5200	 0.004947992757852976	 0.7264730569778036	
5201	 0.004946930259620782	 0.7262130791355842	
5202	 0.0049392381443307196	 0.7243320409284283	
5203	 0.00492880947878151	 0.7217849210494875	
5204	 0.004920370259404831	 0.7197263360094286	
5205	 0.004911353373197467	 0.7175294398857376	
5206	 0.0049051895055143855	 0.7160292064097264	
5207	 0.004903730894867534	 0.7156743766600706	
5208	 0.004909803228206409	 0.7171520294389397	
5209	 0.004992370185904716	 0.7373647771458467	
5210	 0.005118605626745705	 0.7687005694805596	
5211	 0.005260578023936178	 0.8045632606102359	
5212	 0.0052907173985573975	 0.8122605497340445	
5213	 0.005339933399707843	 0.8248927514837744	
5214	 0.005392464701233378	 0.8384617813167637	
5215	 0.005502830301729497	 0.8672572785154112	
5216	 0.00566578773199899	 0.9104824648790967	
5217	 0.005688312928316609	 0.9165233909468158	
5218	 0.0056728762972555035	 0.9123817905260124	
5219	 0.005624722453261142	 0.8995105243261675	
5220	 0.005586907508783713	 0.8894541300196148	
5221	 0.005559561113463552	 0.8822099145090236	
5222	 0.005540275943845038	 0.87711542128258	
5223	 0.005499830227895744	 0.8664693921406642	
5224	 0.005463457391786631	 0.8569398792978823	
5225	 0.005430419599145707	 0.8483207044228892	
5226	 0.0054009736233477865	 0.8406679950668301	
5227	 0.005375430925325858	 0.8340521939350377	
5228	 0.005352238618761658	 0.8280632906697417	
5229	 0.005332310107656443	 0.8229309899879284	
5230	 0.005317200137505171	 0.8190481469307981	
5231	 0.005304665415617286	 0.8158326478785997	
5232	 0.00529256295084406	 0.8127328371704473	
5233	 0.005278358305782221	 0.8091006176496728	
5234	 0.0052626190775511145	 0.8050835992229705	
5235	 0.0052462995015534935	 0.8009269119075458	
5236	 0.0052297361397340226	 0.7967169361082802	
5237	 0.0052049787937816	 0.7904408211002285	
5238	 0.00518253103311295	 0.7847673730076835	
5239	 0.00516242481472019	 0.7796996142270066	
5240	 0.005153070262373976	 0.7773462839291174	
5241	 0.0051418856897481	 0.7745363105264316	
5242	 0.005109960119584247	 0.7665378503104064	
5243	 0.005070108580724811	 0.7566003193496451	
5244	 0.005077891199015651	 0.7585369458013266	
5245	 0.005088300656725702	 0.7611303296093193	
5246	 0.005101767637792544	 0.7644907075387474	
5247	 0.005119031075680034	 0.7688070606889513	
5248	 0.005188795854848044	 0.7863490996604732	
5249	 0.00526065372975013	 0.804582558365613	
5250	 0.0053665235013258495	 0.8317500057333322	
5251	 0.0055321009891194815	 0.8749594361532179	
5252	 0.00572948495644164	 0.9276063771176899	
5253	 0.005968617504264515	 0.9930261083242475	
5254	 0.00623858509521259	 1.0690087469024099	
5255	 0.006511906144906313	 1.1482011409269703	
5256	 0.006766122949593889	 1.2238764044994028	
5257	 0.006990293964686746	 1.2922012374995582	
5258	 0.007156265453848033	 1.3437397248228735	
5259	 0.007220101533454093	 1.3637766847638564	
5260	 0.007107467828356464	 1.3285031570888213	
5261	 0.007041277180524446	 1.3079470250534808	
5262	 0.0070736660362956914	 1.3179896701897256	
5263	 0.007343108775644698	 1.4027201076616973	
5264	 0.007763442285755195	 1.5390815587433824	
5265	 0.008106884180975967	 1.6542241904538133	
5266	 0.00833283009523261	 1.7317769882151035	
5267	 0.008491837346623298	 1.7872029185902991	
5268	 0.008574820181175962	 1.8164054190943248	
5269	 0.008655469012433952	 1.8449676817943221	
5270	 0.008590474058899589	 1.8219353868330634	
5271	 0.008267862657292787	 1.7093323397674292	
5272	 0.007920924748212418	 1.591466735331989	
5273	 0.007620838930486118	 1.49225276104714	
5274	 0.007336341213146709	 1.400566142705684	
5275	 0.00708086391371825	 1.3202256501960725	
5276	 0.006860042155768373	 1.2523211849475162	
5277	 0.0066598086364124285	 1.191993819839752	
5278	 0.006495544209730425	 1.1433968503597456	
5279	 0.006354932061859223	 1.102442481447272	
5280	 0.006232495792791359	 1.0672702652583361	
5281	 0.0061270632662971	 1.0373493229331108	
5282	 0.006033553938837683	 1.011097614826581	
5283	 0.00594656281347413	 0.9869180782042307	
5284	 0.005860488847128621	 0.9632244387306711	
5285	 0.005782068007716214	 0.9418384414352167	
5286	 0.005711597037441165	 0.9227846308672903	
5287	 0.00565003432257977	 0.9062671329867036	
5288	 0.0055970290613099345	 0.8921413925048911	
5289	 0.005555020028300198	 0.8810092503401783	
5290	 0.005518293853157183	 0.8713228941109864	
5291	 0.005463162196808474	 0.8568627121078203	
5292	 0.0054176038390392495	 0.8449866097373251	
5293	 0.005377097056612306	 0.8344831001710981	
5294	 0.005341069111889771	 0.8251851730964282	
5295	 0.005310212309976103	 0.8172549539371815	
5296	 0.005295558414746232	 0.8134996273378956	
5297	 0.0052834425233785065	 0.8103999371218417	
5298	 0.005294506513065002	 0.8132303246198873	
5299	 0.00528474301946125	 0.810732425018196	
5300	 0.005282827282367235	 0.8102426621629361	
5301	 0.00527669537024565	 0.8086758198906694	
5302	 0.005271139746630538	 0.807257280048906	
5303	 0.005269905788020653	 0.8069423436255403	
5304	 0.005270227345080407	 0.8070244081175776	
5305	 0.0052726495221895675	 0.8076426785674099	
5306	 0.005275753957369639	 0.8084353750349459	
5307	 0.00527604820834403	 0.8085105261638359	
5308	 0.00527841041186903	 0.8091139296188192	
5309	 0.005279264192079153	 0.8093320643260763	
5310	 0.005278691770077761	 0.8091858120205837	
5311	 0.005276766208401849	 0.8086939137152982	
5312	 0.005275141220391405	 0.8082788921653125	
5313	 0.0052661047966265865	 0.8059725465828237	
5314	 0.0052303367964941	 0.7968694523225462	
5315	 0.005168878054078037	 0.7813247176393872	
5316	 0.005243569982048438	 0.8002325283478711	
5317	 0.005361510930155347	 0.8304555898700358	
5318	 0.005390934216983757	 0.8380651997862907	
5319	 0.0054332967816743735	 0.8490699419670725	
5320	 0.005445431634069518	 0.8522328488551205	
5321	 0.005462137965400841	 0.8565949883904999	
5322	 0.0054488637557379895	 0.853128272607319	
5323	 0.005416851977999068	 0.8447911718217302	
5324	 0.005387144731978905	 0.8370835853496778	
5325	 0.005367265978553385	 0.8319418070978423	
5326	 0.005350172677422045	 0.8275306443682333	
5327	 0.005335741420730589	 0.8238137654487929	
5328	 0.005322836629498332	 0.8204957099557726	
5329	 0.005310163903563328	 0.8172425375282802	
5330	 0.005298664776180032	 0.8142951109469669	
5331	 0.005288237717752535	 0.8116261580694556	
5332	 0.005280836145528983	 0.8097337486496815	
5333	 0.005274585633814779	 0.8081370150356608	
5334	 0.005266484089811205	 0.8060692997001779	
5335	 0.0052569953204176165	 0.8036502249494295	
5336	 0.005241648081592799	 0.7997437457826797	
5337	 0.00520894538294024	 0.7914450360092103	
5338	 0.005150408826769688	 0.7766772650142849	
5339	 0.005063404539896351	 0.7549336740877377	
5340	 0.005068765778992769	 0.7562663769534523	
5341	 0.005068613887861372	 0.7562286067436239	
5342	 0.005065890157608979	 0.7555514348367256	
5343	 0.005062317484666641	 0.7546635673304367	
5344	 0.005057500291912127	 0.7534670775647885	
5345	 0.005052390960920764	 0.7521988567922946	
5346	 0.005047712074831509	 0.7510382293261295	
5347	 0.00504893610482301	 0.7513417885125924	
5348	 0.005060101181067265	 0.7541129896260912	
5349	 0.005155777959330663	 0.7780271682368166	
5350	 0.00530745102454853	 0.8165467954910012	
5351	 0.0052804181597282535	 0.8096269321437	
5352	 0.005295149216796906	 0.8133948622438971	
5353	 0.00535863021177516	 0.829712055622586	
5354	 0.0054336779283445085	 0.8491692149503625	
5355	 0.005427258830924339	 0.8474979242745461	
5356	 0.005423439659528095	 0.8465041811962981	
5357	 0.0053748846315707375	 0.8339109270995706	
5358	 0.005306827624657735	 0.8163869525172508	
5359	 0.005250149919726919	 0.8019068591165333	
5360	 0.005230225032399727	 0.7968410727739726	
5361	 0.005294692273386751	 0.8132778794748167	
5362	 0.005273552665931598	 0.8078732581125383	
5363	 0.005199501359046962	 0.7890549463885546	
5364	 0.00514968664983456	 0.7764957673864971	
5365	 0.0051072105733407916	 0.7658505477441029	
5366	 0.005070367264308598	 0.7566646583434423	
5367	 0.005038246894090369	 0.7486925235658484	
5368	 0.005006852604197337	 0.74093327184157	
5369	 0.004979476388082668	 0.734193522911079	
5370	 0.004955770456484101	 0.7283772798293767	
5371	 0.0049366434693779776	 0.7236979765126546	
5372	 0.004926809651077635	 0.7212968889813144	
5373	 0.0049256735778006	 0.7210197038143664	
5374	 0.00492837965089803	 0.7216800159780217	
5375	 0.004932826748564519	 0.7227656827246831	
5376	 0.004938089346871408	 0.7240512802557955	
5377	 0.004944173729615988	 0.7255387699530264	
5378	 0.004950663691578772	 0.7271267599369095	
5379	 0.004955782628531163	 0.7283802614881201	
5380	 0.004960587661803068	 0.7295576814419148	
5381	 0.0049648930623662066	 0.7306133180263666	
5382	 0.004968306290812822	 0.7314506376984823	
5383	 0.004969711185825939	 0.7317953924129168	
5384	 0.0049681151942162416	 0.7314037485015257	
5385	 0.004967217189228406	 0.7311834219408642	
5386	 0.004920635727235134	 0.7197910559440707	
5387	 0.004866252608303034	 0.706581348203749	
5388	 0.004869447078614343	 0.7073545807746473	
5389	 0.004874092259850163	 0.7084795664530985	
5390	 0.004878637012256617	 0.7095809219143682	
5391	 0.0048835592342842595	 0.7107745235095266	
5392	 0.00489173993398537	 0.7127600559341455	
5393	 0.004904071979705697	 0.7157573445552704	
5394	 0.004925630793375262	 0.7210092658766638	
5395	 0.004938052667459739	 0.7240423166981125	
5396	 0.0049491878129412	 0.7267655140267676	
5397	 0.004964562041693928	 0.7305321337545281	
5398	 0.004980338929048761	 0.7344054958527592	
5399	 0.00499296441912765	 0.7375110617148305	
5400	 0.005002167949632538	 0.7397782102871592	
5401	 0.005008976243766022	 0.7414571197852962	
5402	 0.005014155727887334	 0.7427353879507201	
5403	 0.005018888184164977	 0.7439041019722338	
5404	 0.005024729511555876	 0.7453476730215375	
5405	 0.005030152438485046	 0.7466888463384127	
5406	 0.005028514273351132	 0.7462836012164525	
5407	 0.005026890274828698	 0.7458819474594753	
5408	 0.005025953983142249	 0.7456504193943594	
5409	 0.005013594750370992	 0.7425968992608117	
5410	 0.005022165286515087	 0.7447138365701572	
5411	 0.004953438065155705	 0.727806028485749	
5412	 0.004958601162692998	 0.7290708196964915	
5413	 0.004965747857782743	 0.7308229770421919	
5414	 0.004973254314584747	 0.7326651483335551	
5415	 0.004984324371375392	 0.7353852522725163	
5416	 0.00498961108770392	 0.7366857119120972	
5417	 0.004992930040276648	 0.737502598230822	
5418	 0.004995243025398602	 0.7380721021493417	
5419	 0.004997676575982858	 0.7386714815479489	
5420	 0.005000370167226296	 0.7393351354282592	
5421	 0.0050115314897050366	 0.7420876303430552	
5422	 0.005025429860738499	 0.7455208259194084	
5423	 0.005039455508550766	 0.7489918846280402	
5424	 0.005051720185388456	 0.7520324226349623	
5425	 0.00506351062516739	 0.7549600357653115	
5426	 0.005076973473270971	 0.7583084759771828	
5427	 0.005091539501706281	 0.7619379686521425	
5428	 0.005102859027688591	 0.7647632983307961	
5429	 0.005118535042469084	 0.7686829025844722	
5430	 0.0051405605693673325	 0.7742036615909468	
5431	 0.005161979887498153	 0.7795876191763856	
5432	 0.005164202531239476	 0.7801471571390362	
5433	 0.005137155244373848	 0.7733490748706938	
5434	 0.005220735530136615	 0.7944329383156703	
5435	 0.005161048183197398	 0.7793531156679323	
5436	 0.005142367639285882	 0.7746573099359912	
5437	 0.005122134476567852	 0.7695840301971437	
5438	 0.005098496347536583	 0.7636738872337562	
5439	 0.005070266399339749	 0.7566395712550298	
5440	 0.005044722598766907	 0.7502970461556344	
5441	 0.005023334963338443	 0.7450029356899185	
5442	 0.00500555771395433	 0.7406139279916802	
5443	 0.004991589621862337	 0.737172640474404	
5444	 0.0049849533724619175	 0.7355399297324869	
5445	 0.004986763534415249	 0.7359851386945109	
5446	 0.0049904702251040425	 0.7368971347269497	
5447	 0.004993926716885426	 0.7377479786958978	
5448	 0.004997017625266288	 0.7385091638850795	
5449	 0.004999775927271376	 0.7391887045778343	
5450	 0.005002914511569181	 0.7399622364049266	
5451	 0.005005727385598212	 0.7406557690177461	
5452	 0.0050133559088602125	 0.7425379395197863	
5453	 0.005019692255783911	 0.7441027462722689	
5454	 0.0050192524890527055	 0.7439941001443218	
5455	 0.0050189151082347455	 0.7439107531670215	
5456	 0.005019199211740016	 0.7439809382023289	
5457	 0.005002634134994058	 0.739893121957947	
5458	 0.005006895995330586	 0.7409439738499781	
5459	 0.004937522539441299	 0.7239127712380312	
5460	 0.004935542341460247	 0.7234289594498896	
5461	 0.004933856751293221	 0.7230172296494527	
5462	 0.004934251718570778	 0.7231136977139886	
5463	 0.004934755135706734	 0.7232366613794299	
5464	 0.0049337383306471356	 0.722988307217242	
5465	 0.004932441635719466	 0.7226716395864472	
5466	 0.004932021981504854	 0.7225691671462217	
5467	 0.004939431923468791	 0.7243794039258608	
5468	 0.004974322599451877	 0.7329274685643743	
5469	 0.005031526658309086	 0.7470288652107254	
5470	 0.005085620844099486	 0.7604623500259521	
5471	 0.005131619467449498	 0.7719606443046942	
5472	 0.005167547114676815	 0.7809894396597085	
5473	 0.005195960325198855	 0.7881595284926014	
5474	 0.0052167034077026855	 0.7934105963711727	
5475	 0.005229888880311778	 0.796755718240107	
5476	 0.005232097076424396	 0.7973164823815543	
5477	 0.00523238075546776	 0.7973885331805101	
5478	 0.005229886600322413	 0.7967551393258632	
5479	 0.005225530268085846	 0.7956493262211081	
5480	 0.0052193244558382595	 0.7940751014759031	
5481	 0.005214237628491352	 0.7927856592076236	
5482	 0.005221889813263175	 0.7947257029751733	
5483	 0.00512031124186372	 0.7691275259055613	
5484	 0.005132279160386307	 0.772126049790523	
5485	 0.0051439687172582	 0.7750593346967078	
5486	 0.005150942026084575	 0.7768112796430802	
5487	 0.005152024108409184	 0.7770832792794917	
5488	 0.005151139125943244	 0.7768608211785726	
5489	 0.005150260153704913	 0.7766398990878963	
5490	 0.005148268417176134	 0.7761393862987799	
5491	 0.005152181229239662	 0.7771227774161464	
5492	 0.005159446971797952	 0.7789501677944357	
5493	 0.005174323090018724	 0.7826969802558018	
5494	 0.0051979908963422205	 0.7886729473684364	
5495	 0.005227538413775867	 0.7961589983970975	
5496	 0.005256099207692448	 0.803421919542794	
5497	 0.0052797681255380615	 0.8094608267409159	
5498	 0.005297545219489749	 0.8140083766567437	
5499	 0.005308894954350088	 0.8169170746719185	
5500	 0.005319469022884507	 0.8196307187809906	
5501	 0.005322621594018003	 0.8204404658176537	
5502	 0.005327398327293548	 0.821667992970971	
5503	 0.005331881370029072	 0.8228207150736556	
5504	 0.005315655934687614	 0.8186517434407972	
5505	 0.005276123337310302	 0.8085297144040897	
5506	 0.005228421219612851	 0.7963830979380359	
5507	 0.005174875576533458	 0.7828362722011264	
5508	 0.005223574928929411	 0.795153181924358	
5509	 0.005288124119084584	 0.811597100188186	
5510	 0.0053230615884305105	 0.8205535050914223	
5511	 0.005335715235425309	 0.8238070273100311	
5512	 0.005337374594340941	 0.8242340657286942	
5513	 0.005915893650531433	 0.978449352327238	
5514	 0.0058952107814063725	 0.9727546514992602	
5515	 0.005906612345524205	 0.9758922472803542	
5516	 0.005885727658933538	 0.9701480711759348	
5517	 0.00586485121421749	 0.9644197261352871	
5518	 0.005991717269066079	 0.9994397234422515	
5519	 0.006010996764634499	 1.004805284035744	
5520	 0.005928573578127079	 0.9819471413845432	
5521	 0.005858052964180527	 0.9625572654636639	
5522	 0.005792368996741826	 0.9446366408914288	
5523	 0.0057157426325832395	 0.9239011945077369	
5524	 0.005640084129502398	 0.903608671741657	
5525	 0.005556042839345506	 0.8812796247917389	
5526	 0.00546731747728621	 0.857949203594399	
5527	 0.005378208644587599	 0.8347706361433901	
5528	 0.005288100505074318	 0.8115910599133811	
5529	 0.0051820293118562165	 0.7846407547703287	
5530	 0.0050818912194506806	 0.7595330810729644	
5531	 0.005004074482097077	 0.740248203288096	
5532	 0.004973694602319698	 0.7327732576243389	
5533	 0.004940446017059022	 0.7246272862708995	
5534	 0.004901303061788423	 0.715083924479951	
5535	 0.004860041393706724	 0.7050788707551161	
5536	 0.004831713179311853	 0.6982425802831013	
5537	 0.004804353368620138	 0.6916653054213567	
5538	 0.004781341228574555	 0.686152502333676	
5539	 0.004761960827095061	 0.6815234191088682	
5540	 0.004748794726345785	 0.6783857992242774	
5541	 0.0047463083976345515	 0.6777939312511344	
5542	 0.004747948256061601	 0.6781842746502437	
5543	 0.00475502644743715	 0.6798701618486608	
5544	 0.0047660133339443595	 0.6824903393258681	
5545	 0.004778160488177086	 0.6853919106619214	
5546	 0.004789470439805643	 0.6880979254986224	
5547	 0.004798972738805512	 0.690374737897225	
5548	 0.004809699579251144	 0.692948572065044	
5549	 0.004819474146164996	 0.6952972494240988	
5550	 0.004828345160353516	 0.6974315678153088	
5551	 0.004835878717823861	 0.6992461553494796	
5552	 0.004835213560507747	 0.699085864807972	
5553	 0.004818019120652713	 0.6949474279178692	
5554	 0.004781004605304514	 0.686071991633325	
5555	 0.0047264923324775	 0.6730841277162142	
5556	 0.0047372792554788235	 0.6756462915509069	
5557	 0.004745999939651176	 0.6777205175569101	
5558	 0.004753036686198391	 0.6793960703409652	
5559	 0.004759970738209859	 0.6810487885648119	
5560	 0.004766800241899366	 0.6826781575982086	
5561	 0.004773739073086267	 0.6843352043790576	
5562	 0.004780361444505332	 0.6859181763929131	
5563	 0.004787434606386223	 0.6876105180087351	
5564	 0.004806005922235721	 0.6920618711201166	
5565	 0.00482416566391197	 0.6964256774213807	
5566	 0.0048421674512884785	 0.700762349489349	
5567	 0.0048578076424769055	 0.7045388446658234	
5568	 0.004872025802951814	 0.7079790166421511	
5569	 0.004884758648992109	 0.7110654940796302	
5570	 0.0048962836007386094	 0.713863803207096	
5571	 0.004907443683763236	 0.71657770873049	
5572	 0.004917084988956582	 0.7189255936361734	
5573	 0.004922586803988189	 0.7202667916283828	
5574	 0.0049275078482650635	 0.7214672599664161	
5575	 0.004930330792883542	 0.7221562664879305	
5576	 0.004918943232871573	 0.7193784728645699	
5577	 0.004888740882818119	 0.7120319009106836	
5578	 0.004838664667167738	 0.6999176770282677	
5579	 0.0047523327291561	 0.6792283733267745	
5580	 0.004761649101816037	 0.6814490647795148	
5581	 0.004781698932422621	 0.6862380590492854	
5582	 0.004800148790140278	 0.6906567366005423	
5583	 0.004816347057999793	 0.6945455126685248	
5584	 0.004814508256317712	 0.6941036255891408	
5585	 0.004811490035607137	 0.6933785532249253	
5586	 0.004808232134202243	 0.6925962421826558	
5587	 0.004805616996214367	 0.6919685317950647	
5588	 0.004809293603775155	 0.692851091198003	
5589	 0.004817009362184484	 0.694704700215569	
5590	 0.004823550965449183	 0.6962777853158371	
5591	 0.004829502483438509	 0.6977102064637295	
5592	 0.004835302431282338	 0.6991072801609068	
5593	 0.004841464010985214	 0.7005926869661204	
5594	 0.0048479930402774065	 0.7021680527557733	
5595	 0.004854665890618041	 0.7037795827490432	
5596	 0.004862415754999693	 0.7056530718289139	
5597	 0.004869891401055696	 0.7074621573531606	
5598	 0.0048766380106633036	 0.7090964082937453	
5599	 0.0048808694596567306	 0.7101221740764566	
5600	 0.004865893132422327	 0.706494357001816	
5601	 0.004838055409923914	 0.6997708004118142	
5602	 0.004784952918370497	 0.6870165534440574	
5603	 0.004694603618883716	 0.6655325515682415	
5604	 0.004700545996135086	 0.6669371834419247	
5605	 0.004707707196009545	 0.6686314885602171	
5606	 0.004717663113299338	 0.6709898663840201	
5607	 0.004740552486612989	 0.67642453565688	
5608	 0.0047616964863226975	 0.681460366968514	
5609	 0.004780882633073343	 0.6860428202816794	
5610	 0.004798332643303189	 0.6902212723741457	
5611	 0.004815058715293799	 0.6942358959796087	
5612	 0.004830327465714045	 0.6979088574738462	
5613	 0.004844145325513448	 0.7012394803436396	
5614	 0.004856811617858817	 0.7042981016106029	
5615	 0.004868661202653028	 0.7071643254107375	
5616	 0.004879807577330753	 0.7098647023609668	
5617	 0.004890373182270454	 0.7124281783500961	
5618	 0.004895547549496967	 0.7136849553122585	
5619	 0.004899877114941326	 0.7147372232162368	
5620	 0.004903070244319762	 0.7155136862776544	
5621	 0.004906016313910782	 0.7162303716660304	
5622	 0.004909351425085431	 0.7170420448593224	
5623	 0.004910876980573539	 0.717413445150561	
5624	 0.004887200240532971	 0.7116579562208791	
5625	 0.004853855721771149	 0.7035838437125569	
5626	 0.0048014012573322565	 0.6909571092813328	
5627	 0.004721128907182787	 0.6718116298806116	
5628	 0.004727602405831391	 0.6733476181284034	
5629	 0.004730919609225465	 0.6741352454828171	
5630	 0.004731699875554404	 0.6743205632060674	
5631	 0.004731036396312509	 0.674162981788489	
5632	 0.004728877550507275	 0.67365034128152	
5633	 0.0047287578249042604	 0.6736219157507224	
5634	 0.004733116183017258	 0.674656996396759	
5635	 0.0047424531374038615	 0.6768765992242501	
5636	 0.004757520293242429	 0.6804645461146098	
5637	 0.004775233400486643	 0.6846922716351156	
5638	 0.004792263321396652	 0.6887668058327518	
5639	 0.004813185731319759	 0.6937858758175204	
5640	 0.004828377955046952	 0.6974394628965023	
5641	 0.00484403082427468	 0.7012118551895797	
5642	 0.004861481580534465	 0.7054271344562045	
5643	 0.004892298903217973	 0.7128958038554319	
5644	 0.0049002504601661015	 0.7148279909709883	
5645	 0.004905766670570989	 0.7161696302219899	
5646	 0.004913409406969313	 0.7180301405079358	
5647	 0.0049196322244166235	 0.7195464184317387	
5648	 0.00491298833257924	 0.7179275859673987	
5649	 0.004849827107795699	 0.7026108428620182	
5650	 0.00476181475349734	 0.6814885764731545	
5651	 0.004663807266971834	 0.6582720435165667	
5652	 0.004681498778106626	 0.6624390777068928	
5653	 0.004697045215924124	 0.6661095417078844	
5654	 0.004713219893089485	 0.66993693700208	
5655	 0.004740510707016097	 0.6764145998735563	
5656	 0.004767383636832458	 0.682817414963523	
5657	 0.004789601499366422	 0.6881293077553182	
5658	 0.004808671407239026	 0.6927017030224962	
5659	 0.0048254026984416165	 0.6967233372673303	
5660	 0.004840724602883251	 0.7004143670971298	
5661	 0.004855263617025794	 0.7039240090651773	
5662	 0.004868887004081256	 0.7072189883446072	
5663	 0.004880605836482338	 0.7100582505983206	
5664	 0.004884520705026954	 0.7110077665615613	
5665	 0.004889510330326562	 0.7122186906274999	
5666	 0.004900436401916351	 0.7148731988809474	
5667	 0.0049106392093675715	 0.717355554096451	
5668	 0.004919674366383188	 0.7195566912821971	
5669	 0.004927846303659336	 0.72154985414457	
5670	 0.004935146058493622	 0.7233321531681782	
5671	 0.004941688679752797	 0.7249310856944173	
5672	 0.004946810218024693	 0.7261837090456459	
5673	 0.004896847973539458	 0.7140009483108438	
5674	 0.004900830582645282	 0.7149690395949023	
5675	 0.0047994801606920205	 0.6904964040737189	
5676	 0.004815043052591145	 0.6942321322322821	
5677	 0.004830421871373266	 0.697931591258622	
5678	 0.004843632897181078	 0.7011158526505872	
5679	 0.004855284602545125	 0.7039290799303073	
5680	 0.0048662420900965515	 0.7065788027943203	
5681	 0.00487528677269234	 0.7087689731870123	
5682	 0.004882166739674284	 0.7104367727113001	
5683	 0.004887507111098419	 0.7117324335765349	
5684	 0.004857046686259725	 0.7043549155976762	
5685	 0.004791901007910628	 0.6886800189999188	
5686	 0.004726182396276407	 0.6730105676767002	
5687	 0.004669967754442226	 0.6597218825783056	
5688	 0.00462660518224044	 0.649543866973741	
5689	 0.0046004516951041186	 0.6434357861088884	
5690	 0.0045849987846344285	 0.6398376544096417	
5691	 0.004572991227712766	 0.6370473307866197	
5692	 0.004575550449129041	 0.6376416351877587	
5693	 0.004581316369144862	 0.6389814138128119	
5694	 0.004588583144727789	 0.6406715354496794	
5695	 0.004592283259224675	 0.6415328017308352	
5696	 0.004554983389829128	 0.6328718069760194	
5697	 0.004478434902095346	 0.6152451462049947	
5698	 0.004342105964144257	 0.5843482970761538	
5699	 0.0041891382329914744	 0.5504428552363695	
5700	 0.00406692196403584	 0.5239391107465975	
5701	 0.004061357914460667	 0.5227449670556091	
5702	 0.004058783489260314	 0.5221928186232384	
5703	 0.004051049812511458	 0.5205355466284611	
5704	 0.00403609972132806	 0.5173378253422853	
5705	 0.004031661541960417	 0.5163900471538901	
5706	 0.0040319544527477914	 0.5164525771541368	
5707	 0.00403070352758358	 0.5161855533414592	
5708	 0.004029586238999043	 0.5159471024390937	
5709	 0.004038376709001817	 0.5178243484044353	
5710	 0.00405075074939811	 0.5204715018509442	
5711	 0.0040666348921908945	 0.5238774733750139	
5712	 0.004087964660358561	 0.5284650953410167	
5713	 0.004117245758158046	 0.5347889246331952	
5714	 0.004153390354191395	 0.542636500374812	
5715	 0.004192931522027909	 0.5512738212955286	
5716	 0.004235974660262037	 0.5607380267737389	
5717	 0.004279048325664134	 0.5702733438839915	
5718	 0.004321939178896943	 0.5798319889598402	
5719	 0.0043614460319835145	 0.588692620049829	
5720	 0.0043773159269719945	 0.5922670526470669	
5721	 0.004404858466670368	 0.5984910830138988	
5722	 0.0043836913309688325	 0.5937054434615214	
5723	 0.004351334783391407	 0.5864197437616983	
5724	 0.00430363330839372	 0.5757445736064479	
5725	 0.004333240089132875	 0.5823610770045146	
5726	 0.0043628948223602805	 0.589018577171738	
5727	 0.004388848504566357	 0.5948700033214889	
5728	 0.004407499947695171	 0.5990893689138941	
5729	 0.00442206233941734	 0.6023919890229875	
5730	 0.004433179810455083	 0.6049182184022458	
5731	 0.004444632262792485	 0.6075249857377837	
5732	 0.0044583532564200475	 0.6106540115191357	
5733	 0.0044830852456636365	 0.6163102844977218	
5734	 0.004526420069108552	 0.6262713041205975	
5735	 0.004567076422218835	 0.6356746383523328	
5736	 0.004604375255542013	 0.6443506516467763	
5737	 0.004637937127250531	 0.6521975777378394	
5738	 0.00466801700059082	 0.6592626446471769	
5739	 0.004683846975377836	 0.6629929593357781	
5740	 0.004710337467724986	 0.6692542297848997	
5741	 0.004736043461256189	 0.6753525620589497	
5742	 0.004758352385250156	 0.6806629135010068	
5743	 0.004765323839471344	 0.6823257885818617	
5744	 0.004744621136512892	 0.6773923981952432	
5745	 0.00469840110083808	 0.6664300463157263	
5746	 0.004630397725206761	 0.6504315214472691	
5747	 0.004547547066127872	 0.6311507329844298	
5748	 0.0044630517508010455	 0.611726964564633	
5749	 0.004506673045546277	 0.6217242959848873	
5750	 0.00454814938620566	 0.6312900650743726	
5751	 0.00458553027540237	 0.6399612752880282	
5752	 0.004619727501675276	 0.6479353653333241	
5753	 0.004650383590455807	 0.6551172710716979	
5754	 0.004659793776829295	 0.65732817574364	
5755	 0.004664074082684114	 0.658334810787841	
5756	 0.004665101366378674	 0.6585764972962295	
5757	 0.0046693273349427316	 0.6595711037198136	
5758	 0.0046739432954149155	 0.6606581829595481	
5759	 0.004681634853480894	 0.66247116946606	
5760	 0.0046932010064024	 0.6652011812793734	
5761	 0.004706744140016018	 0.6684035341211313	
5762	 0.004722943872710028	 0.6722421311495895	
5763	 0.004740322493419401	 0.6763698407228791	
5764	 0.004758863669299881	 0.6807848130323282	
5765	 0.004777812912502419	 0.6853088173948497	
5766	 0.0047971667547630865	 0.6899417808808889	
5767	 0.00481495188805476	 0.6942102255569034	
5768	 0.004830680770616508	 0.6979939381901673	
5769	 0.004803802071940246	 0.6915330301798915	
5770	 0.004732730613075156	 0.674565400506088	
5771	 0.004634954588694767	 0.6514987083310169	
5772	 0.004500249426658998	 0.6202480324911447	
5773	 0.004538196719051543	 0.6289893359846799	
5774	 0.00457586678092372	 0.6377151093971706	
5775	 0.004610010626960633	 0.6456655735972026	
5776	 0.0046404291757834925	 0.6527817451731345	
5777	 0.004668214334368901	 0.6593090942857783	
5778	 0.004693888117540315	 0.6653635045513302	
5779	 0.004718102857204444	 0.6710941103938182	
5780	 0.004741250106018835	 0.6765904481151268	
5781	 0.004762432207375623	 0.6816358613402367	
5782	 0.004780929726240521	 0.6860540832073031	
5783	 0.004796311074436001	 0.6897366825605641	
5784	 0.004790488563609118	 0.6883417306422707	
5785	 0.004776799960715932	 0.6850666788040968	
5786	 0.004760616399157475	 0.6812027623712904	
5787	 0.0047461513005157795	 0.6777565413858555	
5788	 0.004729553601176174	 0.673810859805319	
5789	 0.0047070483360948535	 0.6684755336847297	
5790	 0.0046805269764926445	 0.6622099079296595	
5791	 0.004649527640095445	 0.6549163150828489	
5792	 0.004590004961423159	 0.6410024333684549	
5793	 0.004520262420731212	 0.6248520038594557	
5794	 0.004441964053062471	 0.6069172565392053	
5795	 0.004330535646567276	 0.5817554353532707	
5796	 0.0041622534929047885	 0.5445678072542685	
5797	 0.004130482289147361	 0.537657481959428	
5798	 0.004100989026105956	 0.531274247898102	
5799	 0.004072929121462355	 0.5252295764997882	
5800	 0.004047678102339089	 0.5198136728307781	
5801	 0.0040254581978196825	 0.5150664812124859	
5802	 0.004006319834063256	 0.5109916244143415	
5803	 0.003993567464152759	 0.5082836371808593	
5804	 0.003993518415875721	 0.5082732328098258	
5805	 0.004014673288195746	 0.5127686131571405	
5806	 0.004042745158881973	 0.5187582654366427	
5807	 0.004074795073089144	 0.5256306812131294	
5808	 0.004109731732033824	 0.5331632533568854	
5809	 0.004146777488293055	 0.5411973236468249	
5810	 0.004184523692269703	 0.5494326601177553	
5811	 0.004223117781864863	 0.557904344290483	
5812	 0.004263827467829477	 0.5668965207661733	
5813	 0.0043059133198380594	 0.5762530339108926	
5814	 0.004349646098192752	 0.586040492228781	
5815	 0.0044034343507351	 0.5981686251195076	
5816	 0.004440438650431382	 0.6065699299999457	
5817	 0.0044330229677256635	 0.6048825495333947	
5818	 0.0043886854621907325	 0.5948331721658145	
5819	 0.004311518206273772	 0.5775037302459547	
5820	 0.004193473784162355	 0.5513926513646971	
5821	 0.004239153956080118	 0.5614396354872572	
5822	 0.004298307604741971	 0.5745575998068038	
5823	 0.004324401562472083	 0.5803826830820166	
5824	 0.004379478889703914	 0.5927548944257495	
5825	 0.004428161173900455	 0.6037773071102536	
5826	 0.00442735534818189	 0.6035941950728545	
5827	 0.004385176435798147	 0.594040706721	
5828	 0.004348057702505937	 0.5856838536831283	
5829	 0.004506330463068275	 0.6216455289170398	
5830	 0.004585298288588479	 0.6399073156713241	
5831	 0.004621262616694525	 0.6482942485068394	
5832	 0.004641682768462028	 0.6530756821029666	
5833	 0.004659441826683698	 0.6572454321238878	
5834	 0.004677639039471979	 0.6615290632430901	
5835	 0.004694365247245783	 0.6654762310876101	
5836	 0.004712696831059042	 0.669813028216632	
5837	 0.004730718218312929	 0.6740874172954151	
5838	 0.00474836517472604	 0.6782835301401072	
5839	 0.004762503918482916	 0.6816529678331666	
5840	 0.004748811016695623	 0.6783896778065521	
5841	 0.00469450434376933	 0.6655090954329914	
5842	 0.004605043802834456	 0.6445065901866597	
5843	 0.0045033936109652286	 0.620970447363774	
5844	 0.00433857094582659	 0.5835556243785611	
5845	 0.004318060513071692	 0.578964977806893	
5846	 0.004297411999856208	 0.5743580868431802	
5847	 0.004274826321837108	 0.5693358674079203	
5848	 0.00424191894274143	 0.5620500995116388	
5849	 0.004208683073506954	 0.5547297514477083	
5850	 0.004176420776289324	 0.5476606016283924	
5851	 0.004151348302350855	 0.5421919196994236	
5852	 0.0041411304175964486	 0.5399695461549577	
5853	 0.004166176970662277	 0.5454236220813903	
5854	 0.004197424281963158	 0.5522586634579997	
5855	 0.0042220775171337216	 0.5576753189636668	
5856	 0.004239962051640448	 0.5616180223815214	
5857	 0.004253396478801646	 0.5645869886042169	
5858	 0.0042638865547717205	 0.566909613985415	
5859	 0.004273874972445891	 0.5691247098429951	
5860	 0.004286517460585851	 0.571933341641569	
5861	 0.004297388971101439	 0.5743529571170777	
5862	 0.004308159795902856	 0.5767541911440286	
5863	 0.004314612386678402	 0.5781946423814835	
5864	 0.004296152641336551	 0.5740775877540238	
5865	 0.004245375181307909	 0.5628135538198854	
5866	 0.004148593107504246	 0.5415923097380708	
5867	 0.004007960268313398	 0.5113403911137471	
5868	 0.0038043663373434162	 0.4687863637134529	
5869	 0.0037721362826409898	 0.46218592034602013	
5870	 0.0037390120250327084	 0.4554414180856449	
5871	 0.003708025642727821	 0.44916816509313334	
5872	 0.003671972162234779	 0.4419129414054421	
5873	 0.0036380332596519776	 0.43512649505258455	
5874	 0.0036118056646232874	 0.4299108222807307	
5875	 0.003598123603007865	 0.4271999732891762	
5876	 0.0036114185943428375	 0.4298340371611031	
5877	 0.0036496668785070494	 0.4374480285745466	
5878	 0.0036933638032661483	 0.44621198827583425	
5879	 0.0037428036455790376	 0.4562114275072826	
5880	 0.003802331986535203	 0.468368639343889	
5881	 0.0038651371033658496	 0.48133331959663267	
5882	 0.003925554431506917	 0.4939383643868549	
5883	 0.003983593933026239	 0.5061697538506916	
5884	 0.004070107589227614	 0.5246232929540233	
5885	 0.004149914285879903	 0.5418798031865641	
5886	 0.004222257802992737	 0.5577150081153441	
5887	 0.004270203488060524	 0.5683100962108475	
5888	 0.004287691273412424	 0.5721943942623591	
5889	 0.004281211132107549	 0.5707538240278647	
5890	 0.004225758249387361	 0.5584858401492082	
5891	 0.004127328189411008	 0.5369733836249709	
5892	 0.0039789237160687925	 0.5051811161633949	
5893	 0.004008855995518027	 0.5115308685587392	
5894	 0.004053381310124402	 0.5210349481217877	
5895	 0.0041281082914272705	 0.5371425489182875	
5896	 0.0041940465435396585	 0.551518175653974	
5897	 0.004200995714125862	 0.5530420461423889	
5898	 0.004192990558415001	 0.5512867578958052	
5899	 0.004182814162445261	 0.5490586057556125	
5900	 0.004186342077115439	 0.5498306443752058	
5901	 0.004204080642158804	 0.5537190731328517	
5902	 0.0042098077665347075	 0.5549768423019077	
5903	 0.004208712403734147	 0.5547361946300341	
5904	 0.004201912123228759	 0.5532431292709176	
5905	 0.004196098504195951	 0.5519679712306158	
5906	 0.004191470650740636	 0.5509537403216243	
5907	 0.0041997484926485276	 0.5527684214663879	
5908	 0.004232891546948633	 0.5600579788722695	
5909	 0.004274350235251566	 0.5692301932876049	
5910	 0.004335817253872532	 0.5829384501791075	
5911	 0.004389708212925163	 0.5950642259084898	
5912	 0.0044214262051753845	 0.6022475677980577	
5913	 0.004392593443384581	 0.5957162333901956	
5914	 0.004329919155343341	 0.5816174115880539	
5915	 0.004225877146700941	 0.5585120299613552	
5916	 0.004077331179603025	 0.5261760386732522	
5917	 0.004148541941355385	 0.5415811770166479	
5918	 0.0042175688072081064	 0.5566831134686802	
5919	 0.004278376119327813	 0.5701240422744116	
5920	 0.004279569152300436	 0.5703890337816379	
5921	 0.004265797297355514	 0.5673330852806724	
5922	 0.004241948506993999	 0.5620566282509215	
5923	 0.00420425810904454	 0.5537580305928973	
5924	 0.004175670615193438	 0.5474966617777911	
5925	 0.0041657781338833985	 0.5453366006305012	
5926	 0.0041710685670491385	 0.5464913620756809	
5927	 0.0041872290726107176	 0.550024820157272	
5928	 0.004219503841196423	 0.5571088585393508	
5929	 0.004264530130432417	 0.5670522333151132	
5930	 0.004312451664480128	 0.577712131120606	
5931	 0.004362957511073263	 0.5890326828648927	
5932	 0.004394495942691877	 0.5961463184685583	
5933	 0.0044252773899170796	 0.6031221121501451	
5934	 0.004456858745376161	 0.6103128813858103	
5935	 0.004488238644168906	 0.6174915057489838	
5936	 0.004497085680704077	 0.6195214626436896	
5937	 0.004465614333300039	 0.6123124760445346	
5938	 0.004412798648261098	 0.6002902262150432	
5939	 0.004319139242145624	 0.579206057630673	
5940	 0.00433697255857268	 0.5831973522910717	
5941	 0.0043589202350537825	 0.5881245244577289	
5942	 0.004383356777627407	 0.5936299283031782	
5943	 0.004399253418611487	 0.5972223520417981	
5944	 0.004400947025426751	 0.597605594961958	
5945	 0.004400985263437761	 0.5976142489006707	
5946	 0.00440295457689039	 0.5980600071578273	
5947	 0.0044071783284042945	 0.599016510523422	
5948	 0.004416223769416217	 0.6010669814481806	
5949	 0.004434491808086923	 0.6052166233075831	
5950	 0.004457341164117402	 0.6104229877079914	
5951	 0.004483908834125453	 0.61649900019003	
5952	 0.004513727767083936	 0.6233472152995404	
5953	 0.004545023218429666	 0.6305670360314839	
5954	 0.0045774036594885764	 0.6380721275139433	
5955	 0.004610206429070731	 0.6457112800976172	
5956	 0.00464092211075365	 0.6528973200950267	
5957	 0.004669184382245544	 0.6595374491555746	
5958	 0.004694706653948028	 0.6655568964318656	
5959	 0.004717699816382191	 0.6709985668288285	
5960	 0.004739113993236166	 0.6760824750378737	
5961	 0.004744020423803589	 0.6772494640396897	
5962	 0.004750524913942663	 0.6787977905135498	
5963	 0.004610849231336172	 0.6458613398872792	
5964	 0.004381544748423852	 0.5932209850396436	
5965	 0.004407247967443853	 0.5990322859815043	
5966	 0.004450520100902331	 0.6088668995402579	
5967	 0.0044907555769799915	 0.6180687459751236	
5968	 0.0044900864624215315	 0.6179152683665892	
5969	 0.004480720717207368	 0.6157686088048446	
5970	 0.004463194035028846	 0.6117594684911628	
5971	 0.0044334660352754705	 0.6049833132634441	
5972	 0.0044015249332443294	 0.5977363910761804	
5973	 0.004378063905842201	 0.5924357361054187	
5974	 0.004365291370779821	 0.5895579247261706	
5975	 0.0043606462282390615	 0.5885127065620572	
5976	 0.004361115249242287	 0.5886182087826277	
5977	 0.004365338348430208	 0.5895684991044765	
5978	 0.004373188345444789	 0.5913365501354128	
5979	 0.004386024187018231	 0.5942321209825172	
5980	 0.004412941223147403	 0.6003225515937575	
5981	 0.004447248217584631	 0.6081210491753765	
5982	 0.004484949177202908	 0.616737415708166	
5983	 0.004526347510029812	 0.6262545721980325	
5984	 0.004556825734083148	 0.6332984916380198	
5985	 0.004518069677614083	 0.6243469010419401	
5986	 0.0044578889624149725	 0.6105480257667545	
5987	 0.004364259276120244	 0.5893256257499985	
5988	 0.004272380026871868	 0.5687929612281026	
5989	 0.004284432662557296	 0.5714698059949546	
5990	 0.004297370819993915	 0.5743489139148472	
5991	 0.004286411247560343	 0.5719097225189651	
5992	 0.004278343413359868	 0.570116778454909	
5993	 0.004301360934758911	 0.5752379952440088	
5994	 0.004368594400232356	 0.5903016010491279	
5995	 0.004500323434697242	 0.620265032879119	
5996	 0.004503610390329792	 0.6210202674737361	
5997	 0.004503742162451158	 0.6210505520488089	
5998	 0.00451147981510733	 0.6228298964137091	
5999	 0.004525373422158165	 0.6260299675468315	
6000	 0.004533163488912037	 0.6278270984483485	
6001	 0.0045329889804048866	 0.6277868176142711	
6002	 0.004534492145053003	 0.6281338186987842	
6003	 0.004547497408876563	 0.6311392465368907	
6004	 0.004583032802566991	 0.6393804643375696	
6005	 0.004607476684319388	 0.6450741867653745	
6006	 0.004630410279115234	 0.6504344605271108	
6007	 0.0046488820485504675	 0.654764762459663	
6008	 0.0046362390259934326	 0.6517996413539832	
6009	 0.004575687466215302	 0.6376734596541958	
6010	 0.004474073817392068	 0.614246930973826	
6011	 0.00435097043254355	 0.5863379081189677	
6012	 0.004232262019801382	 0.5599191635104532	
6013	 0.00426988307503698	 0.5682390264510342	
6014	 0.004323605186331553	 0.5802045564899975	
6015	 0.004372944004271009	 0.5912814853617813	
6016	 0.004378696466114556	 0.5925784054705686	
6017	 0.004376141690966772	 0.5920022788599907	
6018	 0.004366726114849518	 0.5898809109567829	
6019	 0.004351817439102555	 0.5865281585039285	
6020	 0.004338664643678637	 0.5835766291067896	
6021	 0.004349367052283532	 0.5859778324547781	
6022	 0.004365193841649234	 0.5895359717648327	
6023	 0.004378089997519197	 0.5924416206215378	
6024	 0.00438843219480934	 0.5947759610551218	
6025	 0.004397361746229728	 0.596794405530662	
6026	 0.004407590759939099	 0.5991099418101696	
6027	 0.004421114201607031	 0.6021767388537493	
6028	 0.004431346645095013	 0.6045013760472582	
6029	 0.0044307716306201134	 0.6043706475373426	
6030	 0.0044273638145801335	 0.6035961188217929	
6031	 0.004424228391569122	 0.6028838505863091	
6032	 0.004395106300329101	 0.5962843241726076	
6033	 0.004328772495363232	 0.5813607252957819	
6034	 0.004227942900666537	 0.5589671372238054	
6035	 0.0040998864132328425	 0.5310362007180572	
6036	 0.0039548685585752	 0.5001011387716139	
6037	 0.003974980328800467	 0.5043469430970221	
6038	 0.004003623213677168	 0.5104185127211733	
6039	 0.004034780926682304	 0.5170561226718758	
6040	 0.004057557296629723	 0.5219299136975948	
6041	 0.004071367128997237	 0.5248939049902772	
6042	 0.00407611894934386	 0.5259153357473736	
6043	 0.004076951878498281	 0.5260944604074836	
6044	 0.004078345318716665	 0.526394179706423	
6045	 0.004096060981516907	 0.5302106449845643	
6046	 0.004115588492931264	 0.5344302025571135	
6047	 0.004135740726968717	 0.5387987683912605	
6048	 0.004155225828900708	 0.5430362309555743	
6049	 0.004175512216998135	 0.5474620480216699	
6050	 0.004193038601451886	 0.5512972856209182	
6051	 0.004219226985483214	 0.557047936922824	
6052	 0.004249070758831101	 0.5636303346273485	
6053	 0.004307170338760593	 0.5765334356897592	
6054	 0.00436180155108221	 0.5887726000819995	
6055	 0.0044085437415810735	 0.599325850362253	
6056	 0.004427523884090599	 0.6036324905408291	
6057	 0.004384751916743137	 0.5939448635755955	
6058	 0.004308142469527084	 0.5767503252063193	
6059	 0.0041990429673847834	 0.55261366210081	
6060	 0.00406505722294233	 0.5235387828217254	
6061	 0.00413463630830966	 0.5385589860957887	
6062	 0.004202015017279164	 0.5532657086305881	
6063	 0.004264045117225705	 0.5669447508230883	
6064	 0.004319090643949372	 0.5791951957966719	
6065	 0.004368697268139113	 0.5903247677556659	
6066	 0.004413116598101865	 0.6003623145430335	
6067	 0.004452903792814443	 0.6094105102379911	
6068	 0.004487343312747624	 0.6172862200276839	
6069	 0.004476742337058971	 0.6148576554657312	
6070	 0.004449749737838586	 0.6086912565833082	
6071	 0.004417856580410762	 0.6014374147175093	
6072	 0.00439610705862722	 0.5965106295736197	
6073	 0.004389931383667919	 0.5951146480813474	
6074	 0.00439584574028404	 0.5964515333176739	
6075	 0.004410659164739571	 0.5998052341203708	
6076	 0.0044253993129178834	 0.6031498072626437	
6077	 0.004449801908038662	 0.6087031507611143	
6078	 0.004491807887100253	 0.6183101495972465	
6079	 0.00452879794654348	 0.6268197350140629	
6080	 0.004500170027591631	 0.6202297939370041	
6081	 0.004417175844974046	 0.6012829662406054	
6082	 0.004419193409099703	 0.6017407669091727	
6083	 0.004300674733934529	 0.5750850561309926	
6084	 0.0041582326343282665	 0.5436913089086503	
6085	 0.0041406179351673525	 0.5398581782186307	
6086	 0.0041195139601336965	 0.5352800426050502	
6087	 0.004096003001061656	 0.5301981363371663	
6088	 0.004174328775915706	 0.5472034658270539	
6089	 0.004249763736712533	 0.5637835463961898	
6090	 0.004245205482783896	 0.5627760591530547	
6091	 0.004289722563836372	 0.5726462600237715	
6092	 0.004365922923196827	 0.5897000896114207	
6093	 0.004391031482304138	 0.5953632242894564	
6094	 0.004423277618298296	 0.6026679316591687	
6095	 0.004481845128668613	 0.6160261697492229	
6096	 0.0045039015186023315	 0.6210871769225804	
6097	 0.004523247456908173	 0.6255398755680056	
6098	 0.004651445417480864	 0.6553665960833192	
6099	 0.004866345460672839	 0.7066038186668907	
6100	 0.005500368879583325	 0.8666108330027097	
6101	 0.00616582745399668	 1.048310731885016	
6102	 0.006058383475650852	 1.018041976258193	
6103	 0.005938250369090162	 0.9846198658402313	
6104	 0.005830706384002322	 0.9550799038172424	
6105	 0.005703084875349134	 0.9204936809718839	
6106	 0.00558888292362946	 0.8899783460749141	
6107	 0.005447780558255759	 0.8528456310629533	
6108	 0.005299558688794443	 0.814524083601877	
6109	 0.005302461544821921	 0.8152678178038031	
6110	 0.005277552653632518	 0.8088948022399062	
6111	 0.005227061805203235	 0.7960380221868646	
6112	 0.0052762377677143145	 0.8085589407396745	
6113	 0.005239319716973266	 0.7991517502618468	
6114	 0.0052218326280858715	 0.7947111978930539	
6115	 0.0052398391236898765	 0.7992837961907096	
6116	 0.005221626768152096	 0.794658982174819	
6117	 0.005267730644362553	 0.8063873134556758	
6118	 0.0056898647020092	 0.9169401419910538	
6119	 0.00617300133120066	 1.0503443515405277	
6120	 0.006400724736931105	 1.1157143130734462	
6121	 0.006432630125389947	 1.1249987858089452	
6122	 0.006282445963281896	 1.0815643311445704	
6123	 0.006144636479161695	 1.042312816419223	
6124	 0.006016516168312362	 1.0063434713170862	
6125	 0.005902507741899939	 0.9747622360645111	
6126	 0.005800362587383577	 0.9468103374724791	
6127	 0.0057093651946247	 0.9221837358902731	
6128	 0.005629382098572816	 0.9007528248254865	
6129	 0.005557333942415715	 0.8816209681407648	
6130	 0.005438443855753798	 0.8504109343461232	
6131	 0.00536201964566883	 0.8305869206984695	
6132	 0.005125024384400094	 0.7703078316922889	
6133	 0.005082048398435486	 0.7595722344328238	
6134	 0.005047907863031372	 0.7510867814628608	
6135	 0.005018634531960071	 0.7438414420995204	
6136	 0.005006059671238525	 0.7407377133930347	
6137	 0.00499518371851022	 0.7380574973922678	
6138	 0.004985255878882681	 0.7356143236253521	
6139	 0.004975427798568513	 0.733198892717862	
6140	 0.0049496523803039165	 0.7268792168924408	
6141	 0.004929828789699758	 0.7220337214850215	
6142	 0.004911904468509741	 0.7176636330061105	
6143	 0.004896568904943943	 0.713933132082341	
6144	 0.0048844979097026715	 0.7110022362927889	
6145	 0.004876752933239576	 0.7091242593891193	
6146	 0.004872959676682901	 0.7082052077160245	
6147	 0.004873528035932586	 0.7083428826460262	
6148	 0.004872303192097596	 0.7080461993123776	
6149	 0.004876878353365841	 0.7091546550293484	
6150	 0.004880962872315306	 0.7101448253765724	
6151	 0.0048849795440300695	 0.7111190870403169	
6152	 0.004885582693996505	 0.7112654298932678	
6153	 0.004806104011325421	 0.6920854125603757	
6154	 0.0047909011404123425	 0.6884405382342368	
6155	 0.004617537194425132	 0.6474234472497878	
6156	 0.004439500975086838	 0.6063564654915057	
6157	 0.004422771708310349	 0.6025530530072922	
6158	 0.004405064490060593	 0.598537737968966	
6159	 0.004387758690021288	 0.5946238323272436	
6160	 0.004367532123442912	 0.5900623887668321	
6161	 0.00434348592822363	 0.5846578492798487	
6162	 0.00431792841445656	 0.578935458500079	
6163	 0.004294776794178808	 0.5737712056006712	
6164	 0.004282541252256989	 0.5710493984020746	
6165	 0.004282980096529146	 0.5711469301800185	
6166	 0.004287747483494196	 0.5722068964195762	
6167	 0.004291387396425531	 0.5730167126846056	
6168	 0.004293798864388495	 0.5735534739263994	
6169	 0.004298300811755814	 0.5745560864360678	
6170	 0.0043088612638966075	 0.5769107144943498	
6171	 0.0043250173316304085	 0.5805204280446631	
6172	 0.0043548039590001805	 0.5871991726712409	
6173	 0.004384156750996796	 0.5938105041520991	
6174	 0.004412500102405125	 0.6002225404778193	
6175	 0.004439837957704932	 0.6064331771010264	
6176	 0.004441162930809768	 0.6067348350985854	
6177	 0.004398774871425968	 0.5971140803703034	
6178	 0.00433763649312872	 0.5833461598706685	
6179	 0.00428476389484509	 0.5715434423991714	
6180	 0.004207732308286796	 0.5545209062149249	
6181	 0.004232133625567288	 0.5598908533283193	
6182	 0.004269874248537504	 0.5682370687245091	
6183	 0.0042825795043572494	 0.5710578995476141	
6184	 0.004327167658286689	 0.5810015495921601	
6185	 0.004347672826652694	 0.585597451532537	
6186	 0.004444639496097899	 0.6075266335742046	
6187	 0.0048951758826533765	 0.7135946534208265	
6188	 0.005721513879801519	 0.9254565061426403	
6189	 0.005933343513182475	 0.9832642317066459	
6190	 0.00582665375346469	 0.953973780216278	
6191	 0.005727632529522593	 0.9271065829700261	
6192	 0.0056404284503311026	 0.9037006141107476	
6193	 0.005563376146030401	 0.8832191156786381	
6194	 0.005494275093751927	 0.8650112462408123	
6195	 0.005433752069090658	 0.8491885260954041	
6196	 0.005376598664810105	 0.8343541933520245	
6197	 0.005325417956608726	 0.8211589873023235	
6198	 0.005278995511871871	 0.8092634159280184	
6199	 0.005236723883164314	 0.7984919564255668	
6200	 0.0051991717969046905	 0.7889715931570372	
6201	 0.005155419638343961	 0.7779370502480378	
6202	 0.005112858436564576	 0.7672626079814503	
6203	 0.0049342964463210655	 0.7231246224865353	
6204	 0.004738978078732239	 0.6760501593856598	
6205	 0.0047501027275233376	 0.6786972504945861	
6206	 0.004763664284523492	 0.6819297939194136	
6207	 0.004776518187129175	 0.6849993290088141	
6208	 0.004787578200264236	 0.687644891897928	
6209	 0.0047976802814225245	 0.690064879978887	
6210	 0.004807046448620821	 0.6923116143984813	
6211	 0.004814144673233976	 0.6940162653402036	
6212	 0.0048205276581991495	 0.6955505818313032	
6213	 0.004828414409902609	 0.6974482391767814	
6214	 0.00483623973733667	 0.699333160491313	
6215	 0.004828549241929444	 0.6974806995343805	
6216	 0.004822494327252215	 0.6960235949948255	
6217	 0.00481916069299177	 0.6952218821407264	
6218	 0.004816510639047624	 0.6945848286922015	
6219	 0.004813923625650827	 0.6939631550854211	
6220	 0.004814485512963712	 0.6940981607805622	
6221	 0.004814004302190146	 0.6939825387396155	
6222	 0.0048125260401185276	 0.6936274002072917	
6223	 0.004808581056631847	 0.6926800110892565	
6224	 0.004769981631586411	 0.6834376986865163	
6225	 0.004676751543027725	 0.6613198880748515	
6226	 0.00454062675828246	 0.6295507710119315	
6227	 0.00437837725102865	 0.5925064071139301	
6228	 0.0042103268185472295	 0.5550908909321783	
6229	 0.004222650066867102	 0.5578013672131358	
6230	 0.004240991825747998	 0.5618453776072635	
6231	 0.004263255756902274	 0.5667698401987861	
6232	 0.004285709372445449	 0.5717536528415819	
6233	 0.004337570557459265	 0.5833313810371017	
6234	 0.0043856741062803135	 0.5941530730506812	
6235	 0.004429527632496862	 0.6040878654965339	
6236	 0.004469369631576284	 0.61317090981133	
6237	 0.004506574495039124	 0.6217016366981517	
6238	 0.004514534343512427	 0.6235328737854399	
6239	 0.004513219116311112	 0.6232301449794777	
6240	 0.004509892656876889	 0.6224647487942919	
6241	 0.0045096249405451065	 0.6224031654062355	
6242	 0.004515247449085725	 0.6236970354851404	
6243	 0.004525094700859472	 0.6259657060715926	
6244	 0.004535625499592786	 0.6283955009340454	
6245	 0.004551445247419254	 0.6320527001629616	
6246	 0.0045711502907613225	 0.6366199640538938	
6247	 0.004590287178690421	 0.6410681216281063	
6248	 0.004572694412253142	 0.6369784184139862	
6249	 0.004499668829816873	 0.6201146700453454	
6250	 0.004388060388390541	 0.5946919768952342	
6251	 0.004252869731775087	 0.564470461243005	
6252	 0.004110649269110399	 0.5333616578148072	
6253	 0.004139575838775227	 0.5396317478198956	
6254	 0.004155677865569511	 0.5431346937910176	
6255	 0.004157513383748769	 0.543534580567444	
6256	 0.004140087662307948	 0.5397429539036619	
6257	 0.004122878117319406	 0.5360087921480137	
6258	 0.0041123733679384634	 0.5337345497456224	
6259	 0.004109607633905158	 0.533136421152922	
6260	 0.004110703806312231	 0.533373451645545	
6261	 0.004128026008032206	 0.537124704740527	
6262	 0.0041555797196942	 0.5431133150043688	
6263	 0.0041791773705372355	 0.5482631950406396	
6264	 0.004201596088692238	 0.5531737800685702	
6265	 0.004222486293457738	 0.5577653109257423	
6266	 0.004241974232825284	 0.5620623093678256	
6267	 0.004263694118759894	 0.5668669720660537	
6268	 0.004323001149208596	 0.5800694652274652	
6269	 0.0043787615175757575	 0.592593078133367	
6270	 0.004427767543933588	 0.6036878577166307	
6271	 0.004454775401689714	 0.6098374742914171	
6272	 0.004469791923826995	 0.6132674728243649	
6273	 0.004491688028629103	 0.6182826517419241	
6274	 0.004482854730041278	 0.6162574686703837	
6275	 0.00444557595168784	 0.6077399848361021	
6276	 0.004403431769604618	 0.5981680407457185	
6277	 0.004391588377243346	 0.5954890750469507	
6278	 0.004363382502268836	 0.5891283144143818	
6279	 0.004336394903558566	 0.5830678948900119	
6280	 0.0043246260919409755	 0.5804329078622708	
6281	 0.004304351689538605	 0.575904758822601	
6282	 0.004289157665308064	 0.5725205825761499	
6283	 0.0042822326997612225	 0.5709808275563127	
6284	 0.004310252606636778	 0.5772212245796388	
6285	 0.004332561711731236	 0.5822091352819592	
6286	 0.004361543338822889	 0.5887145104365695	
6287	 0.004870399231061602	 0.7075851180005348	
6288	 0.004876345567961206	 0.7090255377732447	
6289	 0.004881539311218016	 0.7102846103702543	
6290	 0.004886850242818873	 0.7115730157301915	
6291	 0.004891521132193768	 0.7127069218570711	
6292	 0.004892802524816175	 0.7130181192367968	
6293	 0.004869776402728397	 0.7074343140476911	
6294	 0.004851968629073221	 0.7031280013414429	
6295	 0.004836229013550781	 0.6993305760131707	
6296	 0.00480091159798686	 0.6908396706121522	
6297	 0.0047552961165293565	 0.6799344248754646	
6298	 0.0046945388916954925	 0.6655172581745741	
6299	 0.004620482662413618	 0.6481118988370149	
6300	 0.0044839464042843065	 0.6165076095049965	
6301	 0.004504936444073787	 0.621325055189147	
6302	 0.0044946100586569625	 0.6189531614327161	
6303	 0.004477197766413909	 0.614961910487223	
6304	 0.0044387457471865175	 0.6061845575244664	
6305	 0.004404911123021043	 0.5985030071510596	
6306	 0.0043754014558422556	 0.5918353905359933	
6307	 0.004394179680335717	 0.5960748145847563	
6308	 0.004384864718278532	 0.5939703300361646	
6309	 0.004387161718540663	 0.5944890036687228	
6310	 0.004396367425215362	 0.5965695129225735	
6311	 0.0045482881180611764	 0.631322159055587	
6312	 0.0045617323804931645	 0.6344354259592462	
6313	 0.004580920435542635	 0.638889378065786	
6314	 0.004613303951600597	 0.6464345134933698	
6315	 0.004642234343956728	 0.6532050298807236	
6316	 0.004670209576515675	 0.6597788201831687	
6317	 0.004698022311082839	 0.6663405016370342	
6318	 0.004721098781479743	 0.6718044851365567	
6319	 0.004740432715171667	 0.6763960524581012	
6320	 0.0047509058554110065	 0.6788885135190759	
6321	 0.004727277805141085	 0.6732705656465152	
6322	 0.004688245641587155	 0.6640309940806076	
6323	 0.00461381245886259	 0.6465532746262265	
6324	 0.004612173720624984	 0.6461705809441332	
6325	 0.0046478742650305094	 0.6545282133110345	
6326	 0.004611665696551146	 0.6460519607526439	
6327	 0.004576342182739051	 0.6378255370801305	
6328	 0.004568634834863575	 0.6360361957166734	
6329	 0.004560654224633869	 0.6341855331829717	
6330	 0.0045535456286731595	 0.6325389031787747	
6331	 0.004561955269022701	 0.6344870915219701	
6332	 0.004585734873742117	 0.6400088659169254	
6333	 0.004672759684788168	 0.6603793691230132	
6334	 0.004981674929516658	 0.7347338717028313	
6335	 0.005633027476024242	 0.9017251910946626	
6336	 0.006513173048008755	 1.148573472747282	
6337	 0.00828387674302954	 1.7148539328766033	
6338	 0.008768331756184815	 1.885237379162053	
6339	 0.00931806486718484	 2.086318627477955	
6340	 0.008794766141551705	 1.8947194479370435	
6341	 0.008363780219482388	 1.7425106454225925	
6342	 0.00813763539736722	 1.6646954758225494	
6343	 0.007824960477363675	 1.5594615610046914	
6344	 0.007585726429092996	 1.4808112791432726	
6345	 0.007429779733141877	 1.4304224500944924	
6346	 0.007255988782842426	 1.375093062499675	
6347	 0.007001937516040966	 1.295790539038143	
6348	 0.0066860307934816015	 1.1998262907092334	
6349	 0.006493247524969119	 1.1427231288762811	
6350	 0.006333078427070898	 1.096131176593209	
6351	 0.006242817770409511	 1.0702178325000853	
6352	 0.006585203568792471	 1.1698219374801784	
6353	 0.006724478155010921	 1.2113474563842217	
6354	 0.006808372979202568	 1.236640082575954	
6355	 0.006828849879996634	 1.2428451711840651	
6356	 0.00669732806008548	 1.2032070684534844	
6357	 0.006514956155072609	 1.1490975942335169	
6358	 0.006343073584403015	 1.099015968047035	
6359	 0.006276413903592294	 1.0798341206490705	
6360	 0.006299010279072791	 1.0863212665450852	
6361	 0.006230794292936113	 1.066784693345667	
6362	 0.0061164377908147095	 1.0343527930308853	
6363	 0.006010037607248117	 1.0045380751226254	
6364	 0.005904121653083503	 0.9752064887794469	
6365	 0.00582198046025292	 0.9526988897538295	
6366	 0.005794469324950561	 0.9452075894337284	
6367	 0.005699670321093886	 0.9195753334554205	
6368	 0.005619523822726887	 0.8981253353657386	
6369	 0.005520047128017948	 0.871784338158523	
6370	 0.005362943156798929	 0.8308253570690998	
6371	 0.0051965289255599765	 0.7883032825218205	
6372	 0.004999270529999243	 0.739064175208121	
6373	 0.00493860987975505	 0.724178490639258	
6374	 0.004881380643985897	 0.7102461328652033	
6375	 0.004823853345270806	 0.6963505341936757	
6376	 0.004763598391484408	 0.6819140727515985	
6377	 0.004708845871246501	 0.668901052019108	
6378	 0.004662599707374204	 0.6579880001478672	
6379	 0.004631525141578361	 0.6506954896502116	
6380	 0.004615615533710221	 0.6469744504663317	
6381	 0.004604379523363586	 0.6443516470675479	
6382	 0.004601187758267008	 0.6436073760126758	
6383	 0.004604850820853514	 0.6444615756234991	
6384	 0.00461224063326504	 0.6461862052430747	
6385	 0.004620461583099181	 0.6481069708764791	
6386	 0.0046293869713827296	 0.6501949045122346	
6387	 0.004639526132092562	 0.6525700362361616	
6388	 0.004652689754980879	 0.6556588242246119	
6389	 0.0046673917812173026	 0.6591154853090865	
6390	 0.004683046304703183	 0.6628040801322354	
6391	 0.004699904415783693	 0.6667854725822573	
6392	 0.004707731748833693	 0.6686373005968113	
6393	 0.005439088787393001	 0.8505790212144129	
6394	 0.0056329717912725775	 0.9017103346141131	
6395	 0.006022026995837328	 1.0078802073601119	
6396	 0.006385235907878565	 1.1112181645997143	
6397	 0.007167578854556352	 1.3472821394562693	
6398	 0.008624216049059311	 1.83387810758927	
6399	 0.010023716199879813	 2.356237281359009	
6400	 0.009876054806615221	 2.2986714694192694	
6401	 0.009446028773784625	 2.1342888399665254	
6402	 0.008957973229128894	 1.953682652571328	
6403	 0.008489110167052026	 1.7862464115152148	
6404	 0.008072058671747413	 1.6423974790100044	
6405	 0.007717000274433198	 1.5237671713382321	
6406	 0.007399390267388731	 1.4206845032542816	
6407	 0.007119168734968214	 1.3321503116294833	
6408	 0.006871740776826365	 1.2558825715505593	
6409	 0.006653393462244264	 1.1900807537650246	
6410	 0.006471417322689025	 1.1363272767204167	
6411	 0.006300511601058407	 1.0867528284089287	
6412	 0.006148142132160134	 1.0433041096422948	
6413	 0.006013114791559616	 1.0053954397906717	
6414	 0.0059125681468742705	 0.9775328305639854	
6415	 0.00586159126086882	 0.9635264438094271	
6416	 0.005960026575393905	 0.990645064762369	
6417	 0.00601299807435816	 1.005362914722022	
6418	 0.00583120313003361	 0.955215520782971	
6419	 0.005727734122708288	 0.9271339905325856	
6420	 0.00549654241039715	 0.8656062668559037	
6421	 0.005432679257401721	 0.8489091122243597	
6422	 0.005387892117067551	 0.8372771488396392	
6423	 0.005360345116302219	 0.8301546527929117	
6424	 0.005320623211298232	 0.8199271383087291	
6425	 0.005285169323090364	 0.8108414266817208	
6426	 0.0052530668539647095	 0.802649549889723	
6427	 0.0052247228861264676	 0.7954444475473383	
6428	 0.005199514559688107	 0.7890582851830809	
6429	 0.005176998709852433	 0.7833716451585422	
6430	 0.005156846639133574	 0.7782959667815408	
6431	 0.0051387737455500255	 0.7737552003663035	
6432	 0.005123098801979699	 0.7698255232738911	
6433	 0.005108309351404943	 0.7661251791096361	
6434	 0.005096441474542592	 0.7631609771816642	
6435	 0.005085252301733922	 0.7603705042015652	
6436	 0.005074791047632769	 0.7577652669438295	
6437	 0.005065165560763983	 0.7553713269431797	
6438	 0.005056397340940427	 0.7531932344985731	
6439	 0.005046983580346541	 0.750857586136122	
6440	 0.005040058513979528	 0.7491412606157543	
6441	 0.005026424918335182	 0.745766869589002	
6442	 0.005017474116580358	 0.7435548108405986	
6443	 0.004915017976866334	 0.7184219688060345	
6444	 0.00483834894590189	 0.6998415630230342	
6445	 0.0048616933950961306	 0.7054783609211058	
6446	 0.004929227302908283	 0.7218869022944439	
6447	 0.005069879220822332	 0.7565432754829865	
6448	 0.005287562093331203	 0.8114533433783878	
6449	 0.0056032134804256265	 0.893784945452812	
6450	 0.0057002445887834345	 0.919729757631945	
6451	 0.005664372928201868	 0.9101035688088498	
6452	 0.005612173438216493	 0.896168263307213	
6453	 0.00555272337238025	 0.8804022629544322	
6454	 0.005512692419366532	 0.8698493088422207	
6455	 0.005495532428874586	 0.8653411933115371	
6456	 0.005483600720908824	 0.8622121291387543	
6457	 0.005517204919985442	 0.8710363472131035	
6458	 0.005493256074849959	 0.8647438745070736	
6459	 0.00544780165469928	 0.8528511354552836	
6460	 0.005446215796944429	 0.8524373999614381	
6461	 0.00552824569294813	 0.8739434134539139	
6462	 0.005750421672973167	 0.9332626965697263	
6463	 0.0065832481660466555	 1.169243052159449	
6464	 0.007408586362477352	 1.4236284758727444	
6465	 0.008191723154593654	 1.6831772951174273	
6466	 0.00854080789476403	 1.8044132568132691	
6467	 0.008508269754444837	 1.7929706115619162	
6468	 0.008495736237843195	 1.788570737249683	
6469	 0.0085899046381994	 1.821734112570057	
6470	 0.00875092003707747	 1.8790021582474379	
6471	 0.009446831746567783	 2.134591228841806	
6472	 0.010377815162721137	 2.49659236892727	
6473	 0.011570223340624346	 2.9927744690497415	
6474	 0.011968071668338244	 3.1662464940933988	
6475	 0.011554850711950183	 2.986150218908902	
6476	 0.01120692546518372	 2.837800706358592	
6477	 0.010995887526102808	 2.7492964297119906	
6478	 0.010718725652296668	 2.6347718327244394	
6479	 0.010203961305856444	 2.4272756082129385	
6480	 0.009614306226051006	 2.198033655163548	
6481	 0.009059431640405295	 1.9907008736659466	
6482	 0.00857671015728195	 1.8170727246435834	
6483	 0.008156869764839118	 1.6712585177151418	
6484	 0.007790343256445969	 1.5479802296657448	
6485	 0.007469024206445896	 1.4430372152271802	
6486	 0.00718767782272443	 1.3535846591500587	
6487	 0.006940184890467692	 1.2767998431757581	
6488	 0.006725252509152265	 1.2115799522257367	
6489	 0.006537084398355298	 1.1556098633612462	
6490	 0.006369419206078191	 1.1066343375729173	
6491	 0.006211367152238786	 1.0612468681843348	
6492	 0.005903500983406225	 0.9750356307692958	
6493	 0.005781410186260045	 0.9416598611423133	
6494	 0.005652832012521823	 0.9070151735480553	
6495	 0.005521909566177171	 0.8722746199069836	
6496	 0.005402400907302508	 0.8410382917687416	
6497	 0.005288000581031193	 0.8115655003420426	
6498	 0.005195096840920326	 0.7879412417149865	
6499	 0.005137135188145729	 0.7733440427583873	
6500	 0.005104034240790782	 0.7650568686730544	
6501	 0.005082602548690824	 0.7597102799653561	
6502	 0.005060569864085506	 0.7542294072139236	
6503	 0.005037330076168833	 0.7484654693606478	
6504	 0.0050120730802863285	 0.7422212961195557	
6505	 0.004985893854189914	 0.7357712275718937	
6506	 0.004961236701619518	 0.7297167797406654	
6507	 0.004941305070358811	 0.7248372975190814	
6508	 0.004931342328741339	 0.7224032198010194	
6509	 0.004923637003573388	 0.7205229163405973	
6510	 0.004916783833526195	 0.7188522087184563	
6511	 0.004908243295669101	 0.7167723162234279	
6512	 0.004875387577215423	 0.7087933982837902	
6513	 0.004798771033260813	 0.6903263766925977	
6514	 0.004680588171619574	 0.6622243379985321	
6515	 0.0045328672577358824	 0.6277587216554585	
6516	 0.00436617104038893	 0.5897559454998103	
6517	 0.004370780799616482	 0.5907940746152268	
6518	 0.004373746060993501	 0.5914622447019577	
6519	 0.004373899469150017	 0.5914968207808985	
6520	 0.00437518810769416	 0.5917872940228248	
6521	 0.004375656425900059	 0.5918928722080193	
6522	 0.004376613369713886	 0.5921086301259942	
6523	 0.004388208142968373	 0.5947253513402962	
6524	 0.004415477996931136	 0.6008978195855005	
6525	 0.0044475775760605485	 0.60819611235921	
6526	 0.004481107323112959	 0.615857161012687	
6527	 0.004515569952486363	 0.6237712836136879	
6528	 0.0045509610252883765	 0.6319406320779978	
6529	 0.004585553452736956	 0.6399666663844766	
6530	 0.0046182420346166245	 0.6475881646686331	
6531	 0.004648472134376137	 0.6546685423844284	
6532	 0.004675749239971904	 0.6610836858075181	
6533	 0.004703415534049688	 0.6676158957122953	
6534	 0.00473416007559004	 0.6749050081980543	
6535	 0.004770692459298985	 0.6836074514671925	
6536	 0.004792125072332581	 0.688733689799603	
6537	 0.004753177879821862	 0.6794297075533888	
6538	 0.004669070866185886	 0.6595107251856871	
6539	 0.004551713278667706	 0.6321147365750442	
6540	 0.004414774124483826	 0.6007381792837126	
6541	 0.00447544719798856	 0.614561216181504	
6542	 0.004534317717779084	 0.6280935487481893	
6543	 0.004588751798893818	 0.6407107825854212	
6544	 0.004637694158293602	 0.6521406339595861	
6545	 0.004682118692092472	 0.6625852820865397	
6546	 0.004722501202613556	 0.672137121717699	
6547	 0.004759852640470712	 0.6810206267470804	
6548	 0.004793782246485402	 0.6891306894643239	
6549	 0.00482502859263128	 0.6966333131702004	
6550	 0.004853327566748796	 0.7034562517239463	
6551	 0.004871366345826262	 0.7078193086956104	
6552	 0.004884994441668413	 0.7111227015234658	
6553	 0.004894064576068291	 0.7133246725103447	
6554	 0.00490155456109513	 0.7151450803892538	
6555	 0.004906631078174968	 0.7163799605247578	
6556	 0.004906643606798604	 0.7163830092094194	
6557	 0.0049054630711572395	 0.7160957633461374	
6558	 0.0049036860273073786	 0.7156634630428335	
6559	 0.0049008038622953805	 0.7149625426729813	
6560	 0.0048747094915157045	 0.7086291035218333	
6561	 0.0047954721162360185	 0.6895356160545275	
6562	 0.0046739749322224095	 0.6606656360391681	
6563	 0.0045313180005820495	 0.6274011669226464	
6564	 0.004381055033520218	 0.593110484310299	
6565	 0.004412132159930241	 0.6001391254737448	
6566	 0.004435099083168001	 0.6053547638081299	
6567	 0.004459122381275987	 0.6108295980938018	
6568	 0.004467231340855623	 0.6126820531914512	
6569	 0.0044753132202556304	 0.6145305538092234	
6570	 0.004484215490937766	 0.6165692729271208	
6571	 0.004521783407617947	 0.6252024622355887	
6572	 0.00460504098484843	 0.6445059328602323	
6573	 0.004652512703664622	 0.6556172411864604	
6574	 0.004695682990133504	 0.6657876003480467	
6575	 0.004720848562179868	 0.6717451432029891	
6576	 0.004740256065116912	 0.6763540436645702	
6577	 0.004757620416872712	 0.6804884139611557	
6578	 0.004773492972158606	 0.6842764060828231	
6579	 0.00478460736612751	 0.6869338656237571	
6580	 0.004799737056645572	 0.6905580041120197	
6581	 0.004814952180347147	 0.6942102957938003	
6582	 0.004830471731481263	 0.6979435981685684	
6583	 0.004843595634708786	 0.7011068631023175	
6584	 0.004832657049189043	 0.6984699299580569	
6585	 0.004758117470219195	 0.6806069083599042	
6586	 0.0046322260042020065	 0.6508596080696217	
6587	 0.004478498846709608	 0.615259787406536	
6588	 0.0043172476339504206	 0.5787833379988241	
6589	 0.004380426576184784	 0.5929686893894455	
6590	 0.004443513232076653	 0.6072700782361673	
6591	 0.004502564749378823	 0.620779973609714	
6592	 0.0045561317730170164	 0.6331377576051865	
6593	 0.0046047905313639365	 0.6444475128842306	
6594	 0.00464823023447487	 0.654611763330955	
6595	 0.004687722313295942	 0.6639074605666339	
6596	 0.0047595543062278565	 0.6809494874550267	
6597	 0.004789325579253595	 0.6880632392559377	
6598	 0.0048166123096778715	 0.6946092652533958	
6599	 0.004805777454204461	 0.6920070398977274	
6600	 0.004787754086890958	 0.6876869970488281	
6601	 0.004774979833960879	 0.6846316770515802	
6602	 0.004771205504119161	 0.683729982188938	
6603	 0.00477663260385319	 0.6850266766854782	
6604	 0.004806392983519767	 0.6921547679218487	
6605	 0.004833057854208563	 0.6985664807065655	
6606	 0.004843298901685221	 0.7010352780903494	
6607	 0.004850604643041199	 0.7027985931592514	
6608	 0.004825055908570261	 0.6966398862673399	
6609	 0.004737008070013412	 0.6755818305147021	
6610	 0.004609692879542587	 0.6455914039000142	
6611	 0.004465412505888898	 0.6122663533945752	
6612	 0.004323339997021992	 0.5801452460714441	
6613	 0.004387531694582011	 0.5945725629587105	
6614	 0.004450087670611904	 0.6087683028382161	
6615	 0.004504523010912502	 0.621230022948136	
6616	 0.004555739237966544	 0.6330468465587876	
6617	 0.004600364323821329	 0.6434154194659818	
6618	 0.004639466809447038	 0.6525561296377861	
6619	 0.004674638540299052	 0.6608219782700235	
6620	 0.004706027454075984	 0.6682339154184743	
6621	 0.004736579214873247	 0.6754798962723212	
6622	 0.004766409378483232	 0.6825848641903332	
6623	 0.0047727034158450525	 0.6840877793716226	
6624	 0.004776577711120229	 0.6850135562700764	
6625	 0.004783132553098028	 0.6865809997069443	
6626	 0.004794112781376459	 0.6892098847499579	
6627	 0.004806855997023811	 0.6922659002187171	
6628	 0.004820833304103394	 0.6956240857762083	
6629	 0.004828492625265188	 0.697467069189022	
6630	 0.004830906643260703	 0.6980483336267441	
6631	 0.004828262305136047	 0.6974116211904775	
6632	 0.004781050280022461	 0.6860829155036148	
6633	 0.0046699110948943716	 0.6597085422319443	
6634	 0.004515267998821756	 0.6237017664288412	
6635	 0.00433116210967548	 0.5818957051034148	
6636	 0.004115179011322264	 0.5343415833629973	
6637	 0.0040757761919657685	 0.5258416315240275	
6638	 0.004037681778233462	 0.5176758434247846	
6639	 0.004002024693024278	 0.5100789012008972	
6640	 0.003996136983082088	 0.5088288157829429	
6641	 0.003986929675716861	 0.5068763700903803	
6642	 0.003974026621690018	 0.5041452813877652	
6643	 0.0039604102811725845	 0.5012696209497538	
6644	 0.003964039998517275	 0.5020355444690822	
6645	 0.003980844633822445	 0.5055876614164169	
6646	 0.003983342880544178	 0.5061165889173542	
6647	 0.0039799041929105584	 0.505388609070433	
6648	 0.003983177078363306	 0.5060814785120001	
6649	 0.003993331866058247	 0.5082336616879455	
6650	 0.004007603347409008	 0.5112644993695906	
6651	 0.004026153904276963	 0.5152148517838948	
6652	 0.004051469731298546	 0.5206254781350791	
6653	 0.004079247510392323	 0.5265882712754487	
6654	 0.004117301149007524	 0.5348009158798549	
6655	 0.004148853081636474	 0.5416488762768878	
6656	 0.004122014519365616	 0.5358216802316781	
6657	 0.004034750337248309	 0.5170495893084158	
6658	 0.003901611395499277	 0.48892746983285457	
6659	 0.0037452562684016344	 0.4567097878505926	
6660	 0.0035441829208762584	 0.41657956990759804	
6661	 0.0035450744458734784	 0.4167542327508977	
6662	 0.0035420486896829877	 0.4161615616485247	
6663	 0.0035311455740266087	 0.4140287092066043	
6664	 0.0035241631211217627	 0.4126651148805768	
6665	 0.0035179897985876184	 0.4114610337174048	
6666	 0.0035202432656309063	 0.4119004000863379	
6667	 0.0035847072905195137	 0.4245484422867434	
6668	 0.0036067741979623757	 0.42891313230724054	
6669	 0.0036460860828166565	 0.4367329406284279	
6670	 0.003694222571454181	 0.4463849211268612	
6671	 0.0037483035539772488	 0.4573292837625368	
6672	 0.0038076634559512847	 0.46946369539957	
6673	 0.0038705691454771823	 0.4824612862807348	
6674	 0.003935797974049963	 0.4960884124278172	
6675	 0.003998992830634368	 0.5094350194196614	
6676	 0.00405664006740069	 0.5217332874750232	
6677	 0.0041112538038124225	 0.5334923960574772	
6678	 0.004161307981821643	 0.5443616465335694	
6679	 0.004201480249319226	 0.5531483616666109	
6680	 0.004196686571468793	 0.5520969042789899	
6681	 0.004151183901698532	 0.5421561339248874	
6682	 0.004075463189785146	 0.5257743292662149	
6683	 0.003987730522424587	 0.5070460735481348	
6684	 0.0038766556428338657	 0.4837264052621305	
6685	 0.0038917504185290953	 0.48686967068046116	
6686	 0.0039101604646418296	 0.4907143071625464	
6687	 0.003931988167572024	 0.49528832438077336	
6688	 0.00395276516673852	 0.49965792043587604	
6689	 0.00397796616603997	 0.5049785080289583	
6690	 0.004006413664376233	 0.511011570765916	
6691	 0.004037491818874228	 0.5176352525466714	
6692	 0.00406747748668018	 0.5240583955911439	
6693	 0.0041107348634476905	 0.5333801678892981	
6694	 0.004146292689337637	 0.5410918756320025	
6695	 0.004177632148177734	 0.5479253757146458	
6696	 0.004202923994102391	 0.5534651930708004	
6697	 0.004220692873548544	 0.5573705333323897	
6698	 0.004244231733890673	 0.562560929926168	
6699	 0.004281708563377118	 0.5708643541972495	
6700	 0.004317005456814588	 0.5787292273392829	
6701	 0.004356127978222861	 0.5874967527648514	
6702	 0.004388812199117339	 0.5948618018676588	
6703	 0.00441114511223004	 0.5999153781078183	
6704	 0.004396162303680623	 0.5965231233547422	
6705	 0.004346920855041288	 0.5854286534618612	
6706	 0.004273407796518132	 0.5690210288828497	
6707	 0.004179243803210035	 0.5482777205398016	
6708	 0.004050240160085658	 0.5203621657315742	
6709	 0.0041300173330262365	 0.5375566149017877	
6710	 0.004207288477189918	 0.5544234249785686	
6711	 0.004279279325108728	 0.5703246540454047	
6712	 0.004296717590161022	 0.5742034129987518	
6713	 0.004301327420413935	 0.5752305252537595	
6714	 0.004297227307126648	 0.5743169464843185	
6715	 0.004298022521766464	 0.5744940891634109	
6716	 0.004285672605561107	 0.5717454777887552	
6717	 0.004288369691645078	 0.5723452942681969	
6718	 0.004289318162858473	 0.572556288614631	
6719	 0.004286403432095729	 0.5719079845703549	
6720	 0.0042841052657913705	 0.5713970259968805	
6721	 0.004271154997525804	 0.5685211683532414	
6722	 0.0042477895418977655	 0.5633471118608658	
6723	 0.004238789478032677	 0.5613591844666574	
6724	 0.004245980919391798	 0.5629473990055736	
6725	 0.004252408954412694	 0.5643685356283699	
6726	 0.004259288731301045	 0.5658911326511923	
6727	 0.004274764530018963	 0.569322151400834	
6728	 0.004266280207299449	 0.5674401309697009	
6729	 0.004206534332232561	 0.5542578034030855	
6730	 0.004126269622730824	 0.5367438672935172	
6731	 0.004048971789357689	 0.5200906002547372	
6732	 0.0038429237990165125	 0.47673171147612814	
6733	 0.0038996640789978054	 0.48852082668561353	
6734	 0.00404297175319426	 0.518806726677678	
6735	 0.00455953100120879	 0.6339252366220713	
6736	 0.004729112194234872	 0.6737060523320033	
6737	 0.00485224426425984	 0.703194575860862	
6738	 0.005020367369480861	 0.7442695481567435	
6739	 0.0051078356084456955	 0.7660067657675762	
6740	 0.005203126759033776	 0.7899721191493817	
6741	 0.005277116935271217	 0.8087835004550241	
6742	 0.0054449700440123575	 0.8521124509630468	
6743	 0.005759395676157984	 0.9356913469685261	
6744	 0.006078970771578924	 1.0238142703769568	
6745	 0.006424873953069045	 1.122738907451111	
6746	 0.00670756025279928	 1.2062723991951425	
6747	 0.007042201180833984	 1.3082330991771698	
6748	 0.006951599648981903	 1.2803017553409364	
6749	 0.006871667405780614	 1.2558602227521358	
6750	 0.006699896493384657	 1.2039762190032108	
6751	 0.006552963235660337	 1.1602920206500562	
6752	 0.006384463208136763	 1.1109940529758586	
6753	 0.0062079704141269	 1.0602797916255937	
6754	 0.006000105801848415	 1.0017728733597104	
6755	 0.005823705392711315	 0.95316937785775	
6756	 0.0055802487971994275	 0.8876880172353374	
6757	 0.005525328494360029	 0.8731749303567907	
6758	 0.005510214771238671	 0.8691978251225718	
6759	 0.005473299553480815	 0.8595143188286847	
6760	 0.005411321665427769	 0.8433541843312536	
6761	 0.005366193961563547	 0.8316648826275096	
6762	 0.005326145629295012	 0.8213460030403755	
6763	 0.005288906432253001	 0.8117972198001726	
6764	 0.0052664701499661425	 0.806065743731578	
6765	 0.005252975083574298	 0.8026261797215071	
6766	 0.005232823890375221	 0.7975010889129367	
6767	 0.005203416335112317	 0.7900453960085843	
6768	 0.005176676246174224	 0.7832903227323617	
6769	 0.005154330008277901	 0.7776630331495771	
6770	 0.00513578355051263	 0.7730049467462007	
6771	 0.005119683290020073	 0.768970323448885	
6772	 0.005104692399617493	 0.7652212976162946	
6773	 0.005091367134769422	 0.761894978566448	
6774	 0.005079123823405971	 0.7588438536481614	
6775	 0.005068419853502167	 0.7561803580297565	
6776	 0.005058142493125991	 0.7536265430202227	
6777	 0.0050066290351194	 0.7408781316447517	
6778	 0.004995645433377566	 0.7381712011243744	
6779	 0.00484769387926885	 0.7020958383431192	
6780	 0.004599294950132029	 0.6431661644948575	
6781	 0.004639213677011988	 0.6524967908801584	
6782	 0.00468092331401702	 0.662303368219113	
6783	 0.004718833732844361	 0.6712673833097447	
6784	 0.004756483388151167	 0.680217384481656	
6785	 0.004789781440015271	 0.6881723955378712	
6786	 0.004819489634317143	 0.695300973509893	
6787	 0.0048447021997226536	 0.7013738408683747	
6788	 0.00502435269383837	 0.7452545160375391	
6789	 0.005148780013974499	 0.7762679355330184	
6790	 0.005181110239963824	 0.7844088319122415	
6791	 0.005159351271473328	 0.77892608726687	
6792	 0.0052173870109772725	 0.793583886451879	
6793	 0.005220663967231732	 0.7944147889991267	
6794	 0.005198065003506266	 0.7886916874914339	
6795	 0.005177943407435135	 0.7836099087918372	
6796	 0.005161589077909493	 0.7794892516783317	
6797	 0.005145993321254136	 0.7755678247279646	
6798	 0.005131863604789938	 0.7720218554579318	
6799	 0.0051192638868579506	 0.7688653365580052	
6800	 0.005106596805874567	 0.7656971582981585	
6801	 0.005052702142845449	 0.7522760728718798	
6802	 0.005035289105440122	 0.7479601124320016	
6803	 0.004874784368359	 0.7086472448360667	
6804	 0.004600360127526665	 0.6434144412971236	
6805	 0.004663592268851851	 0.658221467857056	
6806	 0.004693493302799146	 0.6652702315021136	
6807	 0.0047107214969894055	 0.6693451716745736	
6808	 0.004717423854514877	 0.6709331513318197	
6809	 0.004726814738745448	 0.6731606508051216	
6810	 0.004745217665940084	 0.6775343489159515	
6811	 0.004752594383073053	 0.6792907027258935	
6812	 0.004766548504579832	 0.6826180709798282	
6813	 0.00477901347886347	 0.6855958481766351	
6814	 0.004793930558967579	 0.6891662242925245	
6815	 0.004809059317483543	 0.6927948380035833	
6816	 0.004822821002813845	 0.6961021777839499	
6817	 0.004834169786998918	 0.6988343644381573	
6818	 0.004845779029095008	 0.7016336834336498	
6819	 0.004859645527702385	 0.7049831551173567	
6820	 0.004876220829218395	 0.7089953094670833	
6821	 0.004891346800334706	 0.7126645880433671	
6822	 0.004905572501778714	 0.7161223878754236	
6823	 0.004917735193467932	 0.7190840443134939	
6824	 0.004929588206244404	 0.7219749951244562	
6825	 0.0049269601808937	 0.7213336192393316	
6826	 0.004925066767433907	 0.72087166847223	
6827	 0.00476674452842344	 0.6826648592908228	
6828	 0.004524800853103721	 0.6258979599253643	
6829	 0.004557790608672612	 0.6335220013007722	
6830	 0.004584705682454021	 0.6397694850657325	
6831	 0.004606199518431322	 0.6447761962465552	
6832	 0.004645589654372066	 0.6539920911228732	
6833	 0.004680929600273846	 0.6623048506228517	
6834	 0.004711261881998579	 0.6694731485062947	
6835	 0.004739418805994366	 0.6761549509558308	
6836	 0.0047640925231488655	 0.6820319692655487	
6837	 0.004763608707377312	 0.6819165339714034	
6838	 0.004758206270441557	 0.6806280786445681	
6839	 0.004755759112346127	 0.6800447639597004	
6840	 0.004757539241066048	 0.6804690629421869	
6841	 0.004762651710283559	 0.6816882237137377	
6842	 0.00477162776166884	 0.6838308367366533	
6843	 0.004781803838654175	 0.6862631516562613	
6844	 0.004793377495624393	 0.6890337171867116	
6845	 0.004804942471175299	 0.6918066627908664	
6846	 0.004816568289929309	 0.6945986850536996	
6847	 0.004827168498864979	 0.6971483188709187	
6848	 0.004809115847211348	 0.6928084108787498	
6849	 0.00472751150977011	 0.6733260412102491	
6850	 0.004596635106298405	 0.6425463623385805	
6851	 0.004446824227874306	 0.6080244243034967	
6852	 0.004281669145605557	 0.5708555951814966	
6853	 0.0043434480558902045	 0.5846493529196217	
6854	 0.004404207164357867	 0.598343602144332	
6855	 0.004460842528199892	 0.6112223703579293	
6856	 0.004534942100783648	 0.6282377045551231	
6857	 0.0047741061498261725	 0.6844229099039063	
6858	 0.006197468933841853	 1.0572921732947995	
6859	 0.0060988282411150825	 1.029394296549182	
6860	 0.0059871542789603095	 0.9981715072250001	
6861	 0.00588740998566722	 0.9706102801068409	
6862	 0.005799025474679926	 0.9464465973243906	
6863	 0.0057197515017437355	 0.9249814463349866	
6864	 0.005649258679302384	 0.9060597868002951	
6865	 0.005586598469360855	 0.8893721313700098	
6866	 0.005530961239779849	 0.8746590180555893	
6867	 0.0054811645619276764	 0.8615738092774714	
6868	 0.00543648893593742	 0.8499015098296427	
6869	 0.005396441564941432	 0.8394926234420204	
6870	 0.005373228433713728	 0.8334827071710678	
6871	 0.005383071093166312	 0.8360288780281937	
6872	 0.005361083853898986	 0.8303453415800179	
6873	 0.005315780865936298	 0.8186838109745885	
6874	 0.005268377124879573	 0.8065522595675927	
6875	 0.005059352827098858	 0.7539271186303235	
6876	 0.004772955350848575	 0.6841479649291523	
6877	 0.004777720885658942	 0.6852868176488328	
6878	 0.004800122894485637	 0.6906505267318674	
6879	 0.004817531342154743	 0.6948301705400862	
6880	 0.004830948130848265	 0.6980583249963446	
6881	 0.004843237143816858	 0.7010203797530515	
6882	 0.004855190969843886	 0.7039064549752532	
6883	 0.004958456581649831	 0.7290353900824758	
6884	 0.004963233529538663	 0.7302063466261347	
6885	 0.004966938441932084	 0.7311150363701435	
6886	 0.00493911394101615	 0.7243016841258837	
6887	 0.004921814120687576	 0.7200783713850669	
6888	 0.0049211696228489525	 0.7199212244858167	
6889	 0.004932998404639777	 0.7228076020831199	
6890	 0.004937994915665112	 0.7240282036516076	
6891	 0.004940370521941496	 0.7246088312760479	
6892	 0.004945508004983143	 0.7258651324025952	
6893	 0.004947052703793092	 0.7262430375435823	
6894	 0.00494837484282154	 0.7265665567036674	
6895	 0.004954283283838024	 0.7280130194794004	
6896	 0.00493124273512338	 0.7223789038166009	
6897	 0.004828720651416019	 0.6975219666649777	
6898	 0.004707694688395575	 0.668628527820593	
6899	 0.004590006095087635	 0.6410026972322754	
6900	 0.004324209299013212	 0.5803396772360889	
6901	 0.00434081414389378	 0.5840585766400016	
6902	 0.0043640824926669	 0.5892858398413446	
6903	 0.004385167738912357	 0.594038743173717	
6904	 0.00446793527550586	 0.6128429697067249	
6905	 0.004692010055029817	 0.6649198682177714	
6906	 0.004904536575705208	 0.715870362370316	
6907	 0.005161937839838384	 0.7795770354641018	
6908	 0.005345974229810074	 0.8264486122610237	
6909	 0.005471863251451861	 0.8591384291247491	
6910	 0.005518827697494635	 0.8714633861437964	
6911	 0.005570512674751031	 0.8851082004074629	
6912	 0.005554656015128445	 0.8809130334754083	
6913	 0.005550774717376414	 0.8798873805975732	
6914	 0.005644198500171914	 0.9047075575271566	
6915	 0.005997903556593721	 1.0011601398214616	
6916	 0.0061682074691397455	 1.0489852335218992	
6917	 0.006554772848683483	 1.1608260978165186	
6918	 0.00725394035237117	 1.3744461216212762	
6919	 0.007740672672783621	 1.5315655587157968	
6920	 0.007915352336457262	 1.5896011644065482	
6921	 0.007986998160969568	 1.6136539074532255	
6922	 0.007943826553290723	 1.5991431489135657	
6923	 0.007781168015906928	 1.5449428123224167	
6924	 0.007449907858586372	 1.4368869115267446	
6925	 0.00793365733573099	 1.5957327240043802	
6926	 0.008334786036175676	 1.7324545328381191	
6927	 0.008365631514772402	 1.7431535245343515	
6928	 0.007944904519822387	 1.5995048345476033	
6929	 0.007581116384979375	 1.4793117035062595	
6930	 0.007279976524771314	 1.3826779954896309	
6931	 0.007024678387171422	 1.302812237312423	
6932	 0.006798624740919739	 1.23369045280123	
6933	 0.0066001337818084324	 1.1742457154313704	
6934	 0.006425408094328878	 1.1228944793211395	
6935	 0.006271753943135821	 1.0784982360356152	
6936	 0.006136974329677689	 1.0401475034656265	
6937	 0.006019827271216121	 1.0072666849949095	
6938	 0.0059164097728618545	 0.9785916284497093	
6939	 0.0058250542336725965	 0.9535373489545776	
6940	 0.00574498761041088	 0.9317932941118081	
6941	 0.005673964181736723	 0.9126734207871142	
6942	 0.0056113266546459735	 0.8959429131812688	
6943	 0.005554058124821788	 0.8807550067482641	
6944	 0.0055036065323361	 0.8674611806468295	
6945	 0.005441596583523796	 0.8512327479313996	
6946	 0.005310287138566022	 0.8172741478725292	
6947	 0.005155710051233388	 0.7780100889802768	
6948	 0.0051618547330757655	 0.7795561170358086	
6949	 0.00515131913304354	 0.7769060675112258	
6950	 0.005142710282932683	 0.7747433394719421	
6951	 0.005121823889178778	 0.7695062571956366	
6952	 0.005102864699151163	 0.764764714964101	
6953	 0.005085617046082592	 0.7604614034852961	
6954	 0.0050703926658824255	 0.7566709762635839	
6955	 0.0050566130729530895	 0.7532467937794514	
6956	 0.005046591834584362	 0.7507604529798767	
6957	 0.005039495637458838	 0.7490018249566509	
6958	 0.005034489356538364	 0.7477621269089015	
6959	 0.005031104584794935	 0.7469244263053941	
6960	 0.005029493537999681	 0.7465258386340856	
6961	 0.005030217130992559	 0.7467048516124326	
6962	 0.005032355035174867	 0.7472338577944136	
6963	 0.005033983858419334	 0.7476369968077482	
6964	 0.005035652938358545	 0.7480501897043873	
6965	 0.005037456188830065	 0.7484967001113512	
6966	 0.005038913523430352	 0.7488576347065614	
6967	 0.00503879362565545	 0.7488279372821849	
6968	 0.0050406762731064515	 0.7492943037327283	
6969	 0.005040442005204514	 0.7492362649314587	
6970	 0.0049622838806400674	 0.7299735026475309	
6971	 0.004847036811759867	 0.7019372393846053	
6972	 0.004837071545170562	 0.6995336413685911	
6973	 0.00482433965001317	 0.6964675395289084	
6974	 0.004810463894092071	 0.6931321105318284	
6975	 0.0048026115537351255	 0.6912474179930065	
6976	 0.004798770510546136	 0.6903262513675532	
6977	 0.004797357588243594	 0.6899875251517613	
6978	 0.004798442335865542	 0.6902475706470822	
6979	 0.004804113775288877	 0.6916078174074942	
6980	 0.0048618877613726165	 0.7055253689004013	
6981	 0.005080911241630909	 0.759288986340279	
6982	 0.005120575495927764	 0.7691936835280482	
6983	 0.005114459587260083	 0.7676631117013567	
6984	 0.005104901422712189	 0.7652735211700956	
6985	 0.005100047524648639	 0.7640611627180447	
6986	 0.005093035897539036	 0.7623112259267067	
6987	 0.005087866293668126	 0.7610220428052787	
6988	 0.0050844215996441	 0.7601634980935675	
6989	 0.00508571026949583	 0.760484636733166	
6990	 0.005108169322871167	 0.7660901778342982	
6991	 0.005124401781044861	 0.7701518724930699	
6992	 0.005151051148776021	 0.7768387077445005	
6993	 0.005171574915726207	 0.7820042626284904	
6994	 0.0051437143867021405	 0.774995467660162	
6995	 0.005055259552461458	 0.752910783626087	
6996	 0.005198816636165677	 0.7888817694426501	
6997	 0.00520153407115002	 0.7895691401012372	
6998	 0.005201774193059391	 0.7896298900531832	
6999	 0.005215023226083176	 0.7929847428918618	
7000	 0.005215418809449014	 0.7930849979599706	
7001	 0.0051983754004193035	 0.7887701821933868	
7002	 0.005176094480484412	 0.783143615224002	
7003	 0.005166233884952268	 0.7806586793585136	
7004	 0.00517611604795623	 0.7831490538326461	
7005	 0.0051908882189472885	 0.7868776583150027	
7006	 0.005220448812415448	 0.7943602238387634	
7007	 0.005226900806695054	 0.795997158051023	
7008	 0.005215267476832557	 0.7930466442273973	
7009	 0.005202624682589544	 0.789845075785731	
7010	 0.005191530081707801	 0.7870398297526786	
7011	 0.005181304296349447	 0.7844577987154149	
7012	 0.005170774506943647	 0.7818025539943019	
7013	 0.0051594249130258885	 0.7789446172448625	
7014	 0.005148443303656023	 0.7761833291714616	
7015	 0.005137883891725272	 0.7735319015422265	
7016	 0.005123425894318321	 0.7699074428956459	
7017	 0.005050622933648638	 0.7517602021142946	
7018	 0.004925292538021053	 0.7209267452574549	
7019	 0.0047587682207210005	 0.6807620556708348	
7020	 0.004785014570893995	 0.6870313068062615	
7021	 0.004815543718970208	 0.6943524463987297	
7022	 0.004846731484763726	 0.7018635462889128	
7023	 0.004869294695976436	 0.7073176883476271	
7024	 0.004888504697260842	 0.7119745688535182	
7025	 0.004904203892527604	 0.7157894329973096	
7026	 0.0049186806247484335	 0.7193144647840554	
7027	 0.004930809362860883	 0.7222730989090616	
7028	 0.004918935592797417	 0.7193766106414009	
7029	 0.004914756292103899	 0.7183582197188465	
7030	 0.004916410706772408	 0.7187612901372885	
7031	 0.0049222959305009716	 0.7201958592794729	
7032	 0.004931015113498623	 0.7223233307631026	
7033	 0.0049420687902049995	 0.7250240232054987	
7034	 0.004954391943498329	 0.7280396315445531	
7035	 0.004967194505215246	 0.7311778567358793	
7036	 0.004978513661607881	 0.7339569578810633	
7037	 0.004989511347378596	 0.7366611686555583	
7038	 0.004999106847626783	 0.7390238458385286	
7039	 0.005007730373143969	 0.7411497771907843	
7040	 0.005016384931975483	 0.7432858143193065	
7041	 0.004999082480881911	 0.739017842240687	
7042	 0.004904612728316434	 0.7158888879668751	
7043	 0.004789632225826393	 0.6881366652995198	
7044	 0.004822613444778704	 0.6960522486631041	
7045	 0.004855453023750606	 0.7039697771515667	
7046	 0.004872399072545661	 0.7080694218108814	
7047	 0.004867232612950365	 0.7068185257417695	
7048	 0.004856684499088657	 0.7042673788736679	
7049	 0.004855459115139363	 0.7039712490895292	
7050	 0.004871101684054498	 0.707755216711826	
7051	 0.004942481307391003	 0.7251248895983833	
7052	 0.005104767277650788	 0.7652400054186703	
7053	 0.005315618307031651	 0.8186420852180396	
7054	 0.005977703940617748	 0.9955469730979642	
7055	 0.00749907580128091	 1.4527269468814394	
7056	 0.009758623793976602	 2.253298423559791	
7057	 0.012591597340408526	 3.44592482275535	
7058	 0.016163494797140257	 5.22472214790746	
7059	 0.019605821485731863	 7.20796761238726	
7060	 0.020756376150860633	 7.926661405838479	
7061	 0.022130581504086783	 8.820484935897136	
7062	 0.02123976572585299	 8.236713439370515	
7063	 0.01882827721360784	 6.737861191968299	
7064	 0.016701920479972994	 5.518000971401746	
7065	 0.0149348601717926	 4.579728030792746	
7066	 0.013449406639587224	 3.846003078402238	
7067	 0.012175506952859414	 3.2582382788683026	
7068	 0.011213319285176597	 2.840499608528885	
7069	 0.010402604827416766	 2.5065397025186433	
7070	 0.009718643355550182	 2.2379334197963687	
7071	 0.009136993173840391	 2.019187213114469	
7072	 0.008629154409927748	 1.8356286203944112	
7073	 0.008185110539069599	 1.680913382110448	
7074	 0.007798437262746988	 1.5506616905609993	
7075	 0.007478061398192788	 1.4459484083151193	
7076	 0.007219846112521024	 1.363696276613533	
7077	 0.006993421086148743	 1.2931648290111515	
7078	 0.006794237256968141	 1.2323638039555636	
7079	 0.006618601021209888	 1.1797267395535498	
7080	 0.006463095429513333	 1.133892894964459	
7081	 0.0063237533253951385	 1.0934425112808808	
7082	 0.006198884947725267	 1.057694825418544	
7083	 0.00608722629183578	 1.0261326302086262	
7084	 0.005986024962851637	 0.9978577298072466	
7085	 0.005894875932931415	 0.9726625656642427	
7086	 0.005812528352822318	 0.9501224073576771	
7087	 0.005738113099738898	 0.9299357132002337	
7088	 0.00567386620394746	 0.9126471542573675	
7089	 0.0055923488945724235	 0.890898409689456	
7090	 0.005427592107136015	 0.8475846644036891	
7091	 0.005221298416551528	 0.7945756996746369	
7092	 0.005183268562423649	 0.7849535164163394	
7093	 0.0051443002428256165	 0.7751425899677292	
7094	 0.005107772762056359	 0.7659910576915644	
7095	 0.00507477903615758	 0.7577622777003853	
7096	 0.0050537837364775726	 0.7525444820792792	
7097	 0.005035121175043313	 0.7479185379101612	
7098	 0.005048588153328955	 0.7512554916219136	
7099	 0.005065714638215238	 0.7555078056507781	
7100	 0.005084793150232602	 0.7602560835428499	
7101	 0.005102693104794831	 0.7647218541248832	
7102	 0.005119388386791388	 0.7688965013443669	
7103	 0.005135025931054528	 0.7728149027847111	
7104	 0.005145687654122611	 0.7754910462572744	
7105	 0.005153167188704295	 0.777370653153435	
7106	 0.005157362575550885	 0.7784257504304243	
7107	 0.005159627876548152	 0.7789956886397431	
7108	 0.005150566142713938	 0.7767168039342156	
7109	 0.0051424139196929	 0.7746689296040995	
7110	 0.005136505879293812	 0.7731861556738443	
7111	 0.005132946179379046	 0.7722933065573846	
7112	 0.005114351026403299	 0.767635954196883	
7113	 0.00505852206529687	 0.7537208012117339	
7114	 0.004982751364997088	 0.7349984917296201	
7115	 0.0048986659991950956	 0.7144428082873165	
7116	 0.004930738147007041	 0.7222557126329542	
7117	 0.004988208682511461	 0.7363406499242983	
7118	 0.005011678695943447	 0.7421239602216034	
7119	 0.005012802709800033	 0.7424013855531717	
7120	 0.005021256937335711	 0.7444893585546778	
7121	 0.005029057058876096	 0.7464178643701256	
7122	 0.005038302171728501	 0.7487062142095108	
7123	 0.005064832393194874	 0.7552885196101489	
7124	 0.005091059042500134	 0.7618181396049056	
7125	 0.005107142291007567	 0.7658334823850723	
7126	 0.0051216267996497715	 0.7694569063902265	
7127	 0.005134399773576464	 0.7726578493222329	
7128	 0.005144704981178317	 0.7752442358501855	
7129	 0.005153195022215066	 0.7773776511130103	
7130	 0.00516000843571786	 0.779091451760662	
7131	 0.005165363591551605	 0.7804395113401233	
7132	 0.005169878736004892	 0.7815768381092146	
7133	 0.005173920204301074	 0.782595411656162	
7134	 0.005177354744140792	 0.7834614377119393	
7135	 0.005180922924940473	 0.7843615673360022	
7136	 0.005179876590803102	 0.7840975702821149	
7137	 0.005126498787321163	 0.7706772130328887	
7138	 0.005020888834303721	 0.7443983978992113	
7139	 0.004872736488865927	 0.7081511473599658	
7140	 0.004912429803037165	 0.717791562654188	
7141	 0.004950746919682662	 0.7271471335421528	
7142	 0.004984914150245271	 0.7355302842290903	
7143	 0.0050148756377413955	 0.742913127449124	
7144	 0.005039117850310761	 0.7489082454224916	
7145	 0.005060637856343782	 0.7542462966129769	
7146	 0.005080587791325857	 0.7592084276140064	
7147	 0.00509972523269646	 0.7639806910573047	
7148	 0.005119884165571237	 0.7690206095535183	
7149	 0.005116371828046567	 0.7681415394579426	
7150	 0.005108981297705902	 0.7662931464730204	
7151	 0.005100588193026699	 0.7641961674428238	
7152	 0.005091864078315929	 0.7620189240284224	
7153	 0.005083590133929113	 0.7599563242718675	
7154	 0.005081035875955415	 0.759320028752161	
7155	 0.0050870895855620255	 0.760828424670008	
7156	 0.005097232201151906	 0.7633583315197762	
7157	 0.005111928173613272	 0.7670299551194512	
7158	 0.005129000164579504	 0.7713040436939288	
7159	 0.005145565368343151	 0.775460330966396	
7160	 0.005160318060773057	 0.7791693686418827	
7161	 0.005118172927350948	 0.7685922695115188	
7162	 0.005127138243435353	 0.7708374376379493	
7163	 0.004965639631657882	 0.730796430666761	
7164	 0.004966266992145453	 0.73095031890227	
7165	 0.004952206313275525	 0.7275044190707673	
7166	 0.004923505126252459	 0.7204907518439585	
7167	 0.004884458604713167	 0.710992700730488	
7168	 0.004837595817609313	 0.6996600124089529	
7169	 0.004790414303710177	 0.6883239468182937	
7170	 0.004743943621985617	 0.6772311906116955	
7171	 0.004710046929718653	 0.6691854308247644	
7172	 0.004700389977913119	 0.6669002894291988	
7173	 0.004709164745029948	 0.6689765481631897	
7174	 0.004732064958532109	 0.6744072795015248	
7175	 0.00476262378995936	 0.6816815632368387	
7176	 0.0047973392523633935	 0.689983129845856	
7177	 0.004833343656462955	 0.698635331461956	
7178	 0.004868304764898119	 0.7070780409399147	
7179	 0.0049013224024212435	 0.7150886273768593	
7180	 0.004922997617022687	 0.7203669771708289	
7181	 0.004945343958510834	 0.7258250036306516	
7182	 0.004968728663074117	 0.7315542790591737	
7183	 0.004993353566569971	 0.737606865855546	
7184	 0.005006550922554351	 0.7408588666563148	
7185	 0.004964835193004996	 0.73059912505141	
7186	 0.0048708178030512535	 0.7076864730713044	
7187	 0.004732660535481685	 0.6745487534262617	
7188	 0.004765837873008496	 0.682448463333041	
7189	 0.004793775489347434	 0.6891290705099091	
7190	 0.004822449691773324	 0.6960128580716609	
7191	 0.004845433568981513	 0.7015503185469362	
7192	 0.004892639223857484	 0.7129784571527273	
7193	 0.004952873931420748	 0.7276678872792571	
7194	 0.004988714580059055	 0.7364651186283346	
7195	 0.005019116309281293	 0.7439604576745135	
7196	 0.005044700172130272	 0.7502914870081099	
7197	 0.00506856395243042	 0.7562161896482076	
7198	 0.005090225776452867	 0.761610336555461	
7199	 0.005103972903256518	 0.7650415453321763	
7200	 0.005116186112310698	 0.7680950695993588	
7201	 0.005126960606435188	 0.7707929268855049	
7202	 0.0051337747815238775	 0.7725011009056291	
7203	 0.005139765638673948	 0.7740041351900441	
7204	 0.005144165549010104	 0.7751087641809861	
7205	 0.005150456334638215	 0.7766892052945248	
7206	 0.005159619069638192	 0.7789934725429141	
7207	 0.005169647963282322	 0.7815186923446511	
7208	 0.005169313605761898	 0.7814344503032719	
7209	 0.005171262442418635	 0.7819255146838759	
7210	 0.0050438139621946584	 0.7500718251810546	
7211	 0.0048994284737812095	 0.7146281555999688	
7212	 0.004914393950913511	 0.718269953431135	
7213	 0.0049301502350740795	 0.7221121892013957	
7214	 0.004961559025372412	 0.7297957957060854	
7215	 0.004990292894943752	 0.7368534940366815	
7216	 0.005024209371677862	 0.7452190851146406	
7217	 0.005059720071775535	 0.7540183300393538	
7218	 0.005088229027755902	 0.7611124720673333	
7219	 0.005520502095508057	 0.8719040969274607	
7220	 0.006020006593500457	 1.0073166939481766	
7221	 0.007890348829860408	 1.5812410947353432	
7222	 0.010060182519093564	 2.3705412669432246	
7223	 0.012361689098475964	 3.3416999159781806	
7224	 0.013121219015706925	 3.690864155518467	
7225	 0.012325105883199069	 3.325233788120396	
7226	 0.012117307428051926	 3.232322093757932	
7227	 0.012413636255888537	 3.3651372279151275	
7228	 0.015008449158294131	 4.617399488714806	
7229	 0.015060001040755184	 4.64386325686697	
7230	 0.013694177409875738	 3.963367432578871	
7231	 0.012525183250521342	 3.415685694517399	
7232	 0.01155846283099016	 2.9877061966031846	
7233	 0.010805032662749747	 2.6702252192234037	
7234	 0.010152622557684362	 2.406956018057508	
7235	 0.009484601147410393	 2.148834033831687	
7236	 0.008960947220917014	 1.954763789822002	
7237	 0.008522833438530865	 1.7980886034977401	
7238	 0.008143702161360043	 1.6667644273904088	
7239	 0.007813926471374572	 1.5557982796692749	
7240	 0.007504664316852741	 1.454531747886985	
7241	 0.007229660989852048	 1.3667874264918836	
7242	 0.006982243234433655	 1.2897218068875624	
7243	 0.0067657494441299	 1.2237638052762236	
7244	 0.006593575703060535	 1.172301753569352	
7245	 0.006444528429015843	 1.1284690688774617	
7246	 0.006310944175942616	 1.0897536129904866	
7247	 0.006188743749722193	 1.05481246771078	
7248	 0.006075861606306618	 1.0229416815878312	
7249	 0.005971938586505519	 0.9939471851101612	
7250	 0.005877372069038295	 0.967853729294154	
7251	 0.005793969570330054	 0.9450717247400737	
7252	 0.005721445812848331	 0.925438156466837	
7253	 0.005657367804361463	 0.9082284687223466	
7254	 0.005602001093505575	 0.8934626497368349	
7255	 0.005553876776065478	 0.880707077203452	
7256	 0.005501896886763348	 0.8670121122079378	
7257	 0.00540323231603789	 0.8412540237690154	
7258	 0.00526393585829495	 0.8054193658128804	
7259	 0.0050872257021593	 0.7608623544505514	
7260	 0.005105563405347831	 0.7654389241942694	
7261	 0.005089234494270696	 0.7613631563777914	
7262	 0.005045684738287453	 0.7505355582239753	
7263	 0.0050016269448703065	 0.7396448650689736	
7264	 0.004950929253082443	 0.7271917681662475	
7265	 0.004899337171497235	 0.7146059602296833	
7266	 0.004857334383517718	 0.7044244520162533	
7267	 0.004848767217864604	 0.7023549451116733	
7268	 0.004856674967399616	 0.7042650752262357	
7269	 0.004866628332641368	 0.7066722760228284	
7270	 0.004881975179218506	 0.7103903145779552	
7271	 0.004899331442652641	 0.7146045675702435	
7272	 0.004917125637092775	 0.7189354989174647	
7273	 0.00493685302919763	 0.7237491786990272	
7274	 0.004959854851950736	 0.7293780653807275	
7275	 0.004984180101014414	 0.7353497766278523	
7276	 0.005009919671803819	 0.7416898870274554	
7277	 0.005032571576528234	 0.7472874474658328	
7278	 0.005052144553315896	 0.7521377159361006	
7279	 0.0050696846703343935	 0.756494890378766	
7280	 0.0050884398700534305	 0.7611650368260956	
7281	 0.00507034738730012	 0.7566597145167625	
7282	 0.0050741872450850226	 0.7576150070782631	
7283	 0.0049273844809187275	 0.721437155242326	
7284	 0.004962278244383933	 0.7299721207851421	
7285	 0.0049974844789714475	 0.7386241613036262	
7286	 0.005029872671055029	 0.7466196319526874	
7287	 0.005059447356870705	 0.7539505962715729	
7288	 0.005091063778261922	 0.7618193206919588	
7289	 0.005267042343524163	 0.8062117119406369	
7290	 0.006069440633707551	 1.0211405744981257	
7291	 0.0060325185221891875	 1.0108084410309992	
7292	 0.0059584744366116505	 0.9902151211697966	
7293	 0.0058788560555935	 0.9682610549901772	
7294	 0.005804461485877929	 0.9479257256612171	
7295	 0.005737526030447139	 0.9297771482758197	
7296	 0.005681369647878862	 0.9146596018514503	
7297	 0.0056362384942668115	 0.9025820441769291	
7298	 0.005601823183475782	 0.8934153588130944	
7299	 0.005574509202597171	 0.8861668119634555	
7300	 0.00554444654792756	 0.8782161543601493	
7301	 0.0055117936379552495	 0.8696129567293517	
7302	 0.0054838275041645575	 0.8622715602739027	
7303	 0.005460512577491039	 0.8561701971463117	
7304	 0.005443016966137441	 0.8516030992221989	
7305	 0.005358233650764879	 0.8296097212195191	
7306	 0.005221383770300905	 0.7945973483078812	
7307	 0.005055849886383091	 0.7530573260775092	
7308	 0.005061325521511531	 0.7544171223776255	
7309	 0.005071577831442538	 0.756965775999536	
7310	 0.005738152333379154	 0.929946310425533	
7311	 0.005668262415167175	 0.9111453570085117	
7312	 0.005591640563161985	 0.8907103477809873	
7313	 0.006266485369751682	 1.0769886753629123	
7314	 0.006316328261624368	 1.0913035646941465	
7315	 0.006175463020451399	 1.0510425438099997	
7316	 0.006060009156422242	 1.0184973120476812	
7317	 0.005966507930778202	 0.9924412116451969	
7318	 0.005890025092188272	 0.9713289393811825	
7319	 0.005825223992817393	 0.9535836641907003	
7320	 0.005769729710799748	 0.9384911919134802	
7321	 0.005721759504058056	 0.9255227234130763	
7322	 0.005680063275460262	 0.9143091011318285	
7323	 0.00564342590441452	 0.904501168220932	
7324	 0.0056032017342737845	 0.8937818226833557	
7325	 0.005570147391202588	 0.8850114683183524	
7326	 0.005542017937306072	 0.8775751124235237	
7327	 0.005517796872809804	 0.8711921117332131	
7328	 0.005497321565759378	 0.8658107813736216	
7329	 0.0054364820498864885	 0.8498997156377535	
7330	 0.005328702802324294	 0.8220033451750345	
7331	 0.005172505001091176	 0.7822386768167611	
7332	 0.005156351667163288	 0.7781714648686526	
7333	 0.005137153793052871	 0.7733487107334832	
7334	 0.005112121723228303	 0.7670783583250327	
7335	 0.0050834525250279365	 0.7599220388527171	
7336	 0.0050636358565662384	 0.75499115563707	
7337	 0.005045249133615485	 0.750427569119052	
7338	 0.005028475106216984	 0.7462739132276345	
7339	 0.00502184191673984	 0.7446339199194887	
7340	 0.005026381887691238	 0.7457562289124519	
7341	 0.005036925603091794	 0.7483653084870276	
7342	 0.005048655188522778	 0.7512721169895273	
7343	 0.005060859875645575	 0.7543014476597354	
7344	 0.005074695273310551	 0.7577414321371007	
7345	 0.005088357365145288	 0.7611444674853836	
7346	 0.0051115445521208325	 0.7669340220372262	
7347	 0.005129435226609651	 0.7714130885305565	
7348	 0.005256890026046599	 0.8036233974320506	
7349	 0.005507774416581249	 0.8685563383880435	
7350	 0.006197544465033675	 1.0573136494982915	
7351	 0.007360230619287714	 1.408175521052818	
7352	 0.008856074395732135	 1.9167840206652569	
7353	 0.010392468945627351	 2.502470571416978	
7354	 0.011582630061491543	 2.998124954578374	
7355	 0.013799236586091602	 4.01417394410908	
7356	 0.01715174551016269	 5.767907587308335	
7357	 0.020893580047226253	 8.014181775229199	
7358	 0.023263614326708	 9.585903855234731	
7359	 0.02640700287190011	 11.840488155375404	
7360	 0.02614710663689551	 11.646903667037773	
7361	 0.02701685976268616	 12.299738194095669	
7362	 0.028501604365441868	 13.446830546461674	
7363	 0.030368370627863673	 14.94652518904771	
7364	 0.0319940214107752	 16.30368609759886	
7365	 0.03294372631888666	 17.11823387346301	
7366	 0.03243591897033064	 16.680718931044936	
7367	 0.030433235576999222	 14.999771142005011	
7368	 0.02754628183502252	 12.704065693880175	
7369	 0.025005166654773498	 10.81153459214097	
7370	 0.021699917331314027	 8.536264933289353	
7371	 0.01900971702984566	 6.846424767358926	
7372	 0.01687813540506033	 5.615371986021202	
7373	 0.015147089620950101	 4.688706827093199	
7374	 0.013728968351987909	 3.98016362535278	
7375	 0.012555982463762893	 3.429695687441047	
7376	 0.011577876606624902	 2.996074542033013	
7377	 0.010732630247601004	 2.640470780594371	
7378	 0.009988696454879015	 2.342533332302223	
7379	 0.009329407252845874	 2.0905529527909965	
7380	 0.008852449430292975	 1.915476570085068	
7381	 0.008424575852455768	 1.7636720322998687	
7382	 0.008057037270020204	 1.6373067071339167	
7383	 0.007731591048923502	 1.5285719209417246	
7384	 0.0074481318543074115	 1.4363160511080446	
7385	 0.0072046658339121735	 1.3589208337991114	
7386	 0.0070009918507489225	 1.2954988747740133	
7387	 0.0068346218586880095	 1.2445964902023736	
7388	 0.006690234979689206	 1.2010839752037858	
7389	 0.006550025174453519	 1.1594251101793938	
7390	 0.006425879516125165	 1.12303179093119	
7391	 0.006317562915722493	 1.0916591167785685	
7392	 0.006223975735776473	 1.0648397089187218	
7393	 0.006143012062865082	 1.0418536081529863	
7394	 0.0060745549134412335	 1.0225750464068024	
7395	 0.0060174911708491255	 1.0066152898720102	
7396	 0.005965655394484281	 0.9922048780244902	
7397	 0.005922224758137486	 0.9801951797699763	
7398	 0.005885364440529356	 0.9700482907109317	
7399	 0.005853939630301888	 0.9614310685684487	
7400	 0.005828997943146338	 0.9546135400386484	
7401	 0.005810320522849655	 0.94952099290934	
7402	 0.005747858579278583	 0.9325695055726482	
7403	 0.005734227854015307	 0.9288865258992806	
7404	 0.005728573265288212	 0.9273603847706962	
7405	 0.005724606176739939	 0.926290289507799	
7406	 0.005723704984219127	 0.9260472678191147	
7407	 0.00571343224473376	 0.9232788541255385	
7408	 0.005699657598542169	 0.919571912399063	
7409	 0.005676432049188427	 0.9133351226391806	
7410	 0.0056631323654005375	 0.9097713878181697	
7411	 0.0056563812631419425	 0.9079645200779005	
7412	 0.005660814854470719	 0.9091509662976403	
7413	 0.005663622033243674	 0.9099024986016635	
7414	 0.00566628348305837	 0.91061524600699	
7415	 0.005668680590333653	 0.9112573924387793	
7416	 0.005670278431399909	 0.9116855288931173	
7417	 0.00567127896825532	 0.911953660530199	
7418	 0.005672876889415208	 0.912381949256705	
7419	 0.005675894059632305	 0.9131908567724055	
7420	 0.005678772079014701	 0.9139627249421928	
7421	 0.005681757137829936	 0.9147635760348732	
7422	 0.005684285112754809	 0.9154420170742881	
7423	 0.005686703990743211	 0.9160913677494213	
7424	 0.0056922220587242575	 0.917573388889135	
7425	 0.005683735556010516	 0.9152945135883588	
7426	 0.005688453184395739	 0.9165610556098399	
7427	 0.005562569192877662	 0.883005611632571	
7428	 0.0055765556670107274	 0.8867090811540259	
7429	 0.005587415826323596	 0.8895890104957895	
7430	 0.005605200855247449	 0.8943133611859871	
7431	 0.005626457218674696	 0.8999729471913983	
7432	 0.005652750789201788	 0.906993452744894	
7433	 0.005680010679705368	 0.9142949907758285	
7434	 0.005690569941829707	 0.9171295692890901	
7435	 0.005698033975625291	 0.9191353668025831	
7436	 0.005706587617041658	 0.921436127534793	
7437	 0.005806571001032669	 0.9484999695495393	
7438	 0.00579262760852575	 0.9447069338932056	
7439	 0.005784198795705625	 0.9424169843101778	
7440	 0.005779308995616658	 0.9410895368572291	
7441	 0.005780708334116868	 0.9414693426742713	
7442	 0.0057813223409515545	 0.9416360146010238	
7443	 0.005779158141514351	 0.9410485959817292	
7444	 0.005776732174403733	 0.940390301287937	
7445	 0.00577360584965862	 0.9395422338495149	
7446	 0.005769417035306566	 0.9384064282965349	
7447	 0.005764707606191185	 0.9371301133328882	
7448	 0.0057634741439823185	 0.9367959442782066	
7449	 0.005764238241380076	 0.9370029475999432	
7450	 0.005725588102789278	 0.9265551113836249	
7451	 0.005721203590656641	 0.9253728587249452	
7452	 0.005727943340578601	 0.9271904338417517	
7453	 0.005734347563637305	 0.9289188456906329	
7454	 0.005746331830685995	 0.9321566929592233	
7455	 0.005767223328907589	 0.9378118196181272	
7456	 0.005777983636928476	 0.940729867028491	
7457	 0.005780739411969313	 0.9414777784621987	
7458	 0.005783893364407654	 0.9423340461233431	
7459	 0.005783995077294607	 0.9423616653733614	
7460	 0.005784479864109727	 0.942493309467029	
7461	 0.005785108416353683	 0.9426640040830696	
7462	 0.005784755166264881	 0.9425680711747179	
7463	 0.005782695717411792	 0.9420088598490073	
7464	 0.005782191881683349	 0.9418720712994653	
7465	 0.005780269683284863	 0.9413502782964845	
7466	 0.005778485343726867	 0.9408660114748897	
7467	 0.0057775192452636905	 0.9406038555360288	
7468	 0.005775577758222288	 0.9400771111107679	
7469	 0.00577303542218076	 0.9393875289532471	
7470	 0.005770003352851282	 0.938565376415438	
7471	 0.005767208650397593	 0.937807841485236	
7472	 0.005767295022028515	 0.9378312498045897	
7473	 0.0057553583163637385	 0.93459839670236	
7474	 0.005753505754878835	 0.9340970623743273	
7475	 0.005660905893646867	 0.9091753352270837	
7476	 0.005665151954950358	 0.9103121907620696	
7477	 0.00566717283821048	 0.910853468801239	
7478	 0.005669043719350397	 0.9113546846456011	
7479	 0.005662528688855278	 0.9096097610899561	
7480	 0.005686396347785606	 0.916008770408897	
7481	 0.005676170178047029	 0.9132648988228295	
7482	 0.0056667658552417574	 0.9107444511936236	
7483	 0.005666082841644064	 0.9105615056158822	
7484	 0.005670320741362701	 0.9116968668068879	
7485	 0.005673002407196596	 0.9124155950314157	
7486	 0.0056746689462472315	 0.9128623675996023	
7487	 0.0056739774474129714	 0.9126769771600393	
7488	 0.005671885834317145	 0.9121163085765531	
7489	 0.005669420818191499	 0.9114557241484924	
7490	 0.0056670937449615644	 0.910832281862872	
7491	 0.005669079008578576	 0.9113641398176263	
7492	 0.005665561725922263	 0.9104219343628799	
7493	 0.005663883219190798	 0.9099724354129243	
7494	 0.005662677080733247	 0.9096494900659318	
7495	 0.005661593900930231	 0.9093595061604594	
7496	 0.005658644965494201	 0.908570218167518	
7497	 0.005618686240022911	 0.897902239098794	
7498	 0.005536725043618432	 0.8761786797631274	
7499	 0.005413741252107543	 0.8439827654179003	
7500	 0.005447603258146302	 0.8527993712507471	
7501	 0.005481538156539136	 0.8616716858758647	
7502	 0.00551320194642644	 0.8699833103373453	
7503	 0.005540763106830268	 0.8772439680359396	
7504	 0.00556530427102977	 0.8837293435026722	
7505	 0.005591267661331186	 0.8906113487686681	
7506	 0.0056213903872144155	 0.8986225881914013	
7507	 0.006119870359590492	 1.0353204453809823	
7508	 0.006151340877055043	 1.0442089473309204	
7509	 0.006117920621133209	 1.0347707633365995	
7510	 0.006073825088308753	 1.0223702931118606	
7511	 0.006031095033565757	 1.0104109395199976	
7512	 0.0059905090861713094	 0.9991038640214323	
7513	 0.005952166973853751	 0.9884687175242338	
7514	 0.005917543957209021	 0.9789043108228931	
7515	 0.005887442479943753	 0.9706192085765042	
7516	 0.005874139531505948	 0.9669666973984863	
7517	 0.005862062610113584	 0.9636555809938239	
7518	 0.005851283736969791	 0.9607041870881382	
7519	 0.0058413685537228215	 0.9579924811265452	
7520	 0.005828089284912998	 0.9543655350391059	
7521	 0.00578947504511021	 0.9438501815994427	
7522	 0.00576245795768138	 0.9365206753367428	
7523	 0.005598464248232667	 0.8925226957169851	
7524	 0.005581153514707693	 0.8879278961133995	
7525	 0.005559810761733281	 0.8822759405468081	
7526	 0.005535272663261115	 0.8757956514625722	
7527	 0.0055412314973798844	 0.8773675684482025	
7528	 0.005541625387496119	 0.8774715148369289	
7529	 0.005521168666758631	 0.872079566955855	
7530	 0.005507349122028428	 0.8684445622138244	
7531	 0.005498289498952048	 0.8660648736525793	
7532	 0.005500779897447297	 0.8667187655836641	
7533	 0.005507467327776379	 0.8684756285433152	
7534	 0.005514226403648522	 0.8702527592883218	
7535	 0.005520826020764094	 0.8719893661285153	
7536	 0.0055296396264998115	 0.8743107154581412	
7537	 0.0055395314324043505	 0.8769189830483605	
7538	 0.0055464829357863175	 0.8787538117676433	
7539	 0.00555077452517332	 0.879887329818753	
7540	 0.005553899203914414	 0.8807130047121902	
7541	 0.005555416410711352	 0.8811140279033113	
7542	 0.005555940997119115	 0.8812527018739734	
7543	 0.005556934307473055	 0.8815153065341931	
7544	 0.005552307605228698	 0.8802923969840173	
7545	 0.005511271235780117	 0.8694755926885637	
7546	 0.005432032515582352	 0.848740686047973	
7547	 0.005316504781240124	 0.8188696364934431	
7548	 0.005321853061907139	 0.8202430366361201	
7549	 0.005323544109068647	 0.8206774769691472	
7550	 0.005322302979860422	 0.820358614319197	
7551	 0.005317731375831726	 0.8191845358341212	
7552	 0.00530726017234203	 0.8164978586633416	
7553	 0.005296661478528355	 0.8137820666355571	
7554	 0.005287403380176301	 0.8114127490460904	
7555	 0.005294967422171886	 0.8133483199225934	
7556	 0.005316042600278641	 0.8187509949534651	
7557	 0.005343983085437716	 0.8259356486358524	
7558	 0.005373189175088269	 0.833472557684547	
7559	 0.0054005069986866805	 0.8405469474099759	
7560	 0.005424339094962205	 0.8467381710600941	
7561	 0.005444105572101264	 0.8518869865164386	
7562	 0.005460083986003959	 0.8560581998285303	
7563	 0.005472990968669137	 0.8594335546032019	
7564	 0.0054834095127690675	 0.862162022141097	
7565	 0.005493851640212982	 0.8649001358404843	
7566	 0.005503819468159812	 0.8675171184947806	
7567	 0.005513155042538193	 0.8699709746491061	
7568	 0.0055183390402486565	 0.8713347856653434	
7569	 0.00548873614514633	 0.8635583270646372	
7570	 0.005416629217733381	 0.8447332712406631	
7571	 0.00530643078308104	 0.8162852067937261	
7572	 0.005327169838532072	 0.8216092591054994	
7573	 0.005340118567781201	 0.8249404254763129	
7574	 0.005347402026955856	 0.8268165233803734	
7575	 0.005351984423645637	 0.8279977460360095	
7576	 0.005347986699145314	 0.8269671991175176	
7577	 0.00534249786273411	 0.8255531047820576	
7578	 0.005337329718904533	 0.824222515805573	
7579	 0.0053387561744483005	 0.8245896849008985	
7580	 0.005358495663908694	 0.8296773343573531	
7581	 0.005381121321641197	 0.8355242501993124	
7582	 0.005403513977635578	 0.8413271136825354	
7583	 0.0054256815746845	 0.8470874678682094	
7584	 0.005447150901873658	 0.8526813503986637	
7585	 0.005468714861780928	 0.8583147049141087	
7586	 0.005488175465966318	 0.8634113100115065	
7587	 0.005503351221958367	 0.8673941129837999	
7588	 0.00551938494326297	 0.8716100464054906	
7589	 0.005531801731979979	 0.8748805531823577	
7590	 0.005542014470862463	 0.8775741975750456	
7591	 0.0055508415939172166	 0.8799050490203386	
7592	 0.005560255396524019	 0.8823935407831204	
7593	 0.0055420624772383	 0.8775868672395449	
7594	 0.005543285969472806	 0.877909791461615	
7595	 0.005409251841410298	 0.8428166162835605	
7596	 0.005410186172427477	 0.8430592607588804	
7597	 0.005397306359036712	 0.839716853623728	
7598	 0.005373786049892312	 0.8336268723673582	
7599	 0.005344127540246635	 0.825972859161357	
7600	 0.005303551749131652	 0.8155472067233567	
7601	 0.005260461292850137	 0.8045335056897369	
7602	 0.005228539861075947	 0.7964132168995796	
7603	 0.00521904720650851	 0.7940048009056319	
7604	 0.005228422401323909	 0.7963833979313305	
7605	 0.0052501147284855654	 0.8018979006311563	
7606	 0.005276548680927322	 0.808638352310043	
7607	 0.005303210423626095	 0.8154597304106086	
7608	 0.005328530738449428	 0.8219591081553725	
7609	 0.00535220758210996	 0.828055287706219	
7610	 0.0053746063605128	 0.8338389722927435	
7611	 0.0053958434593347065	 0.8393375562282476	
7612	 0.005416713626452684	 0.8447552108458702	
7613	 0.005435575508491221	 0.8496635253831736	
7614	 0.00545253430269338	 0.854086316529419	
7615	 0.005468205163529505	 0.8581813805031286	
7616	 0.005480188853336712	 0.8613182081560989	
7617	 0.005455227224478838	 0.8547894654820162	
7618	 0.005382483721239604	 0.8358768452252496	
7619	 0.005265408310180667	 0.805794893387501	
7620	 0.005296339264790243	 0.8136995598069156	
7621	 0.005337468153974558	 0.8242581460720748	
7622	 0.005353434710298373	 0.8283717327198962	
7623	 0.005362853028526903	 0.8308020861299527	
7624	 0.005377992441949885	 0.8347147076093979	
7625	 0.00540930032203471	 0.8428292059475571	
7626	 0.005438271592529567	 0.8503660400753205	
7627	 0.005465732270707302	 0.857534650729357	
7628	 0.005491239326038156	 0.864214814350841	
7629	 0.005503292623824665	 0.8673787200914346	
7630	 0.005509931929603354	 0.8691234659133558	
7631	 0.005514716585998649	 0.8703816970430275	
7632	 0.005519850014180702	 0.8717324549327862	
7633	 0.005524348254010043	 0.8729167645049634	
7634	 0.005525685083476468	 0.8732688527891498	
7635	 0.005524691964956953	 0.8730072841633474	
7636	 0.005520132238749796	 0.8718067409214745	
7637	 0.005513614755740518	 0.8700918819020674	
7638	 0.005507217449427722	 0.8684099571070165	
7639	 0.005503095308897226	 0.8673268890830194	
7640	 0.005487015594975388	 0.8631072091958034	
7641	 0.005425503620521379	 0.8470411630579876	
7642	 0.005313152088157697	 0.8180091584371846	
7643	 0.005169919704137355	 0.7815871606685523	
7644	 0.0051771859115004	 0.7834188572720892	
7645	 0.005164482087742263	 0.7802175452725338	
7646	 0.005133984919021291	 0.7725538021082402	
7647	 0.005091639865403037	 0.7619630008366344	
7648	 0.005054223507856729	 0.7526536270755221	
7649	 0.0050168651771944845	 0.7434044159466427	
7650	 0.0049854516074452696	 0.7356624597765586	
7651	 0.004983360035446754	 0.7351481379945567	
7652	 0.004993565723001223	 0.737659098706844	
7653	 0.005008144224067394	 0.741251864013312	
7654	 0.005036283133849807	 0.7482062229364078	
7655	 0.005028382957004916	 0.7462511203227062	
7656	 0.00500531931832097	 0.7405551412278578	
7657	 0.005004650093150995	 0.740390124765437	
7658	 0.00502104644938837	 0.7444373450684226	
7659	 0.005045345585451785	 0.7504514795928372	
7660	 0.00506849301367962	 0.7561985499439237	
7661	 0.0050947658793749	 0.7627428394459094	
7662	 0.005120877987782251	 0.7692694170094402	
7663	 0.005146843620243539	 0.7757814216042082	
7664	 0.005162835047266067	 0.779802881793989	
7665	 0.005138444261244803	 0.7736725169744749	
7666	 0.005076088069258509	 0.75808807881218	
7667	 0.004984188645297352	 0.7353518776220689	
7668	 0.005002371111141233	 0.7398282874048967	
7669	 0.005018715907823468	 0.7438615442031103	
7670	 0.005030607968364127	 0.7468015497973995	
7671	 0.005039658028095498	 0.7490420512671193	
7672	 0.005042094894423529	 0.7496457990909341	
7673	 0.005045437941100459	 0.7504743749046056	
7674	 0.00505084048526912	 0.751814172024058	
7675	 0.005059458655063833	 0.7539534023375275	
7676	 0.0050835826876717925	 0.7599544690122869	
7677	 0.005121051910536091	 0.7693129625923334	
7678	 0.005162124958327249	 0.7796241350366422	
7679	 0.005205179582290147	 0.7904916421444226	
7680	 0.005248273497488048	 0.8014292420909135	
7681	 0.005284576031852034	 0.8106897295194351	
7682	 0.005313723609171174	 0.8181558153175078	
7683	 0.005338908829429427	 0.8246289821074763	
7684	 0.005366321035498692	 0.8316977065632821	
7685	 0.005391742388018276	 0.8382746050077962	
7686	 0.00541429849750159	 0.8441275579692495	
7687	 0.005434162550866862	 0.8492954458283122	
7688	 0.005451418484290924	 0.8537950329517467	
7689	 0.0054249559398789	 0.846898659408914	
7690	 0.005341718711086194	 0.8253524496427155	
7691	 0.005231747336772714	 0.7972276566292179	
7692	 0.005272426420924454	 0.8075857231533823	
7693	 0.005311181481202271	 0.8175035655196349	
7694	 0.005345721455200674	 0.8263834847701966	
7695	 0.005376758682260535	 0.834395580284423	
7696	 0.005405292687142874	 0.8417887394374453	
7697	 0.005430550099931188	 0.8483546819707427	
7698	 0.005452671592854399	 0.8541221587713191	
7699	 0.005471949935126416	 0.8591611129485908	
7700	 0.005466361001152212	 0.857699062616874	
7701	 0.005459014009048547	 0.8557786245461652	
7702	 0.0054529232489221756	 0.8541878599989867	
7703	 0.0054496132625378845	 0.853323865299663	
7704	 0.005448829678991433	 0.8531193803022366	
7705	 0.005449604912668344	 0.8533216862033464	
7706	 0.005453393537246821	 0.8543106461657851	
7707	 0.00546017827831265	 0.8560828393056585	
7708	 0.005465406253413125	 0.857449402753411	
7709	 0.005474434213617845	 0.8598113133614502	
7710	 0.005484588523332422	 0.8624710059892979	
7711	 0.005493847814670092	 0.8648991320784566	
7712	 0.005495254936271402	 0.8652683699949597	
7713	 0.0054506871773348405	 0.853604147366154	
7714	 0.0053537203732441745	 0.828445404836077	
7715	 0.005227646360628721	 0.796186399263754	
7716	 0.005217855585857681	 0.7937026766323151	
7717	 0.00520927976568396	 0.7915297144505034	
7718	 0.005202462392204343	 0.7898040122403872	
7719	 0.005194073011283857	 0.7876824513517927	
7720	 0.005189383199343888	 0.7864974562525184	
7721	 0.005184000500504044	 0.7851382661247707	
7722	 0.005177363098523032	 0.783463544753136	
7723	 0.005170383517409833	 0.7817040294531397	
7724	 0.00517533230806415	 0.7829514300512774	
7725	 0.0051812724426134014	 0.7844497608871569	
7726	 0.005185955859484173	 0.7856319068229657	
7727	 0.005191918420767719	 0.7871379530174193	
7728	 0.005201445981956435	 0.7895468543309082	
7729	 0.0052161652162758	 0.7932741781318181	
7730	 0.005240267976560062	 0.7993928276874632	
7731	 0.0052733425546342945	 0.8078196127319222	
7732	 0.005309824557378607	 0.8171554962006985	
7733	 0.005347307590440365	 0.8267921871976263	
7734	 0.0053823794917151465	 0.8358498680624667	
7735	 0.005413681075313939	 0.8439671299001396	
7736	 0.005434362838390269	 0.849347617427807	
7737	 0.005420201124287468	 0.8456618842753633	
7738	 0.005388483169987757	 0.837430236908479	
7739	 0.005326336411391066	 0.8213950378690352	
7740	 0.005355009893535284	 0.8287780031211306	
7741	 0.005388131092078157	 0.837339044187395	
7742	 0.005583345239629983	 0.8885091225651299	
7743	 0.00556005276895717	 0.8823399475961485	
7744	 0.005531931398902209	 0.8749147325090111	
7745	 0.005541441764629574	 0.8774230567149972	
7746	 0.005524122119207263	 0.8728572117282168	
7747	 0.005510699451465912	 0.8693252537162018	
7748	 0.005663110730042416	 0.9097655950273466	
7749	 0.005762731287600351	 0.9365947129463408	
7750	 0.005920532900774389	 0.9797285216653944	
7751	 0.0064928734428737235	 1.1426134087268014	
7752	 0.007371316519098298	 1.411712260115227	
7753	 0.008499708380012424	 1.7899646844035553	
7754	 0.009526581394063538	 2.164709171536318	
7755	 0.009948836310910007	 2.326974168706808	
7756	 0.009640544950452329	 2.208040626088933	
7757	 0.009329618532489264	 2.0906318600221216	
7758	 0.00891428726844892	 1.9378290503422777	
7759	 0.00853338260151772	 1.8017994497478043	
7760	 0.008188508487300458	 1.6820765606576369	
7761	 0.007852281782377991	 1.5685470368132002	
7762	 0.007543335954621544	 1.4670452294537673	
7763	 0.007254536284629343	 1.37463431800624	
7764	 0.00705057127495182	 1.3108256531196454	
7765	 0.006865256103034788	 1.2539079562287647	
7766	 0.006696495154973027	 1.2029576864698381	
7767	 0.006546340408506164	 1.1583382418393688	
7768	 0.006418833349252131	 1.1209801452575239	
7769	 0.006306691107686489	 1.0885298776477352	
7770	 0.0062119718922503085	 1.0614190791365117	
7771	 0.006136384743305072	 1.0399809618004037	
7772	 0.00607971665365956	 1.0240236468156096	
7773	 0.006028473130456698	 1.0096789509247261	
7774	 0.005985706765253577	 0.9977693265934473	
7775	 0.005949015350598818	 0.9875965614563315	
7776	 0.00591659310504744	 0.9786421684455351	
7777	 0.005887221429249663	 0.9705584710080206	
7778	 0.0058588110756866586	 0.9627648876949954	
7779	 0.005829614510429415	 0.9547818377560574	
7780	 0.005805713873142819	 0.9482666288010204	
7781	 0.005777836723657228	 0.9406900017573027	
7782	 0.005745385719564882	 0.9319009137255732	
7783	 0.0057122059117769245	 0.9229485896341629	
7784	 0.005670448543097707	 0.911731114521749	
7785	 0.0055914103077627135	 0.8906492184191235	
7786	 0.005551084324105982	 0.8799691782243487	
7787	 0.005402926753435563	 0.8411747345250965	
7788	 0.005376780631545476	 0.834401257314132	
7789	 0.005356454897317596	 0.8291507677811935	
7790	 0.005339260125367571	 0.8247194173052738	
7791	 0.005320189518316789	 0.8198157519262166	
7792	 0.005312996357903648	 0.8179691986269697	
7793	 0.00530491272824074	 0.8158960413986351	
7794	 0.005299113266412524	 0.8144099869653664	
7795	 0.005291390275663767	 0.812432730132621	
7796	 0.00530458387834363	 0.8158117479022491	
7797	 0.005320801179148678	 0.8199728479594839	
7798	 0.00533926886221951	 0.8247216665105948	
7799	 0.0053595306034598875	 0.8299444246073109	
7800	 0.005379351015312739	 0.8350661760145025	
7801	 0.005397045117349761	 0.8396491144301769	
7802	 0.005413777528219783	 0.8439921909643895	
7803	 0.005430257040182009	 0.8482783808798541	
7804	 0.005444419031886677	 0.8519687377589726	
7805	 0.005457052474567886	 0.8552661882305389	
7806	 0.005470304125401916	 0.8587304700147348	
7807	 0.005482563074425689	 0.8619402229601304	
7808	 0.005487803883093362	 0.8633138818782518	
7809	 0.005472463622015686	 0.8592955420567522	
7810	 0.005444230389619579	 0.851919538919751	
7811	 0.00541544124995985	 0.8444245175557632	
7812	 0.005415868416508618	 0.8445355332527662	
7813	 0.005416209586472711	 0.8446242036147344	
7814	 0.005415270954818807	 0.8443802614252106	
7815	 0.0054147788664855095	 0.8442523832165308	
7816	 0.005420406019406525	 0.8457151646401285	
7817	 0.0054258650125143535	 0.847135200623328	
7818	 0.005432884652058532	 0.8489626044286275	
7819	 0.005439518372718961	 0.850690990302154	
7820	 0.005463983680669586	 0.8570774638530818	
7821	 0.005487271818556078	 0.8631743834966864	
7822	 0.00550782668663916	 0.8685700764336648	
7823	 0.005526405945312476	 0.8734587337882312	
7824	 0.005543371264436467	 0.8779323056852001	
7825	 0.005558475763837108	 0.8819228882877536	
7826	 0.005571800505432374	 0.8854492693545355	
7827	 0.005582599490846336	 0.8883113393760471	
7828	 0.005590292757194822	 0.890352549311028	
7829	 0.005596492338734809	 0.891998811767145	
7830	 0.005603688596967432	 0.8939112610680566	
7831	 0.005609632111474534	 0.8954920212599571	
7832	 0.005762886366616228	 0.9366367206570362	
7833	 0.00579033629003161	 0.9440842058350606	
7834	 0.00583218574214674	 0.9554838070584789	
7835	 0.006254094616793528	 1.0734417899930633	
7836	 0.006794490070915835	 1.2324402321134387	
7837	 0.007192800425381958	 1.3551928566914857	
7838	 0.007622299681359415	 1.492729512757154	
7839	 0.008243603988258429	 1.700981620675996	
7840	 0.008225794247427492	 1.6948612756265569	
7841	 0.008321683089277969	 1.7279176513011474	
7842	 0.008649674775113591	 1.8429096775893898	
7843	 0.009055637673165572	 1.9893116033759555	
7844	 0.009455710538667504	 2.1379360060969153	
7845	 0.010042282720972491	 2.3635157086902456	
7846	 0.010457811147721159	 2.528749120120978	
7847	 0.010408449133037005	 2.5088871477765755	
7848	 0.010497484887010166	 2.5447581660338865	
7849	 0.010738809744585161	 2.6430050945206434	
7850	 0.011566865423593519	 2.9913270011483895	
7851	 0.011924362082705484	 3.1469971145813562	
7852	 0.01144217060228444	 2.937774462096321	
7853	 0.010972761435111764	 2.7396661784700522	
7854	 0.010436826101033235	 2.5202976358708766	
7855	 0.009843444470412353	 2.2860351966132435	
7856	 0.009329224345697844	 2.0904846428814197	
7857	 0.008885511290133713	 1.927414513687812	
7858	 0.008505768728417712	 1.7920922843787643	
7859	 0.008176794654538994	 1.6780680637486962	
7860	 0.007895149271677787	 1.5828447828409697	
7861	 0.007639222146257657	 1.4982570117144824	
7862	 0.007417925738389509	 1.4266208118428292	
7863	 0.007225944455966	 1.3656165921321752	
7864	 0.007062153395267937	 1.314416485611179	
7865	 0.00694185987318205	 1.277313467751273	
7866	 0.0067987930105936605	 1.233741344074783	
7867	 0.006678393778293718	 1.1975430221439995	
7868	 0.0065723282201839974	 1.1660123749572537	
7869	 0.006479476838210409	 1.1386868960126952	
7870	 0.006395501498800983	 1.114197282725409	
7871	 0.00632083391794077	 1.0926013143961528	
7872	 0.006253507538521868	 1.0732738534463668	
7873	 0.006193231631566325	 1.056087637090177	
7874	 0.006141960910479622	 1.041556499712723	
7875	 0.006096496387327723	 1.0287384079765558	
7876	 0.006056126905893118	 1.0174100702088524	
7877	 0.0060173125001815484	 1.0065654765193832	
7878	 0.0059799387511479596	 0.9961673718691254	
7879	 0.005984645841802313	 0.997474598285584	
7880	 0.006072094395323603	 1.0218848107337004	
7881	 0.0061186347797955246	 1.034972089708803	
7882	 0.0060868581730904245	 1.0260292084355045	
7883	 0.006051179013972647	 1.0160250640065063	
7884	 0.00601867030641636	 1.006944057399499	
7885	 0.005992319928858085	 0.9996072720494545	
7886	 0.005966606409824767	 0.9924685127072647	
7887	 0.005943072880894142	 0.9859529257781506	
7888	 0.005922033261910685	 0.9801423556869757	
7889	 0.005902970794378438	 0.9748896897650491	
7890	 0.005885931953996638	 0.9702041952912078	
7891	 0.005870891373334801	 0.9660757068103958	
7892	 0.005857756789028307	 0.962476157530754	
7893	 0.005846417536189162	 0.9593729454955823	
7894	 0.0058370788748540285	 0.9568202461059784	
7895	 0.005828740941812786	 0.9545433926623913	
7896	 0.005821652929125557	 0.9526095637097768	
7897	 0.005814380602550844	 0.950627078989184	
7898	 0.005806737885894102	 0.9485454042253036	
7899	 0.005800382484830327	 0.9468157506771221	
7900	 0.005793798263337532	 0.9450251545382639	
7901	 0.005788521092438554	 0.9435909931753209	
7902	 0.005784576942870253	 0.9425196721352619	
7903	 0.005781941731616168	 0.9418041599234509	
7904	 0.0059059429815661365	 0.9757079333896332	
7905	 0.005941147732891369	 0.9854206813807461	
7906	 0.006055775265039785	 1.0173116145384076	
7907	 0.006127551400202326	 1.0374870666887193	
7908	 0.006109258152197919	 1.0323299998602233	
7909	 0.006073999818307695	 1.022419312324257	
7910	 0.0060449731257188385	 1.0142889884871913	
7911	 0.006022695026979954	 1.0080665566472695	
7912	 0.006294742273019974	 1.0850947832584117	
7913	 0.0062338802958612875	 1.0676654382411088	
7914	 0.006177470556533202	 1.0516120650634617	
7915	 0.006124844876004564	 1.036723420053844	
7916	 0.006085862946520617	 1.0257496236189194	
7917	 0.006078556823766048	 1.0236980785427972	
7918	 0.006119915983027204	 1.0353333092139883	
7919	 0.006099013738736242	 1.0294464792859375	
7920	 0.006063625943618288	 1.0195106275772106	
7921	 0.006031509980491833	 1.0105268047502152	
7922	 0.0060123653528303695	 1.0051866043248348	
7923	 0.006013698912987076	 1.0055582206609717	
7924	 0.006035285706250331	 1.0115813411778747	
7925	 0.0060697549215000726	 1.0212287038595862	
7926	 0.006038251180340994	 1.0124098878568961	
7927	 0.00600496234120343	 1.0031246444947468	
7928	 0.005975155801223476	 0.9948397807230573	
7929	 0.0061063373656105036	 1.0315075500089583	
7930	 0.006060375082443085	 1.0185998152399296	
7931	 0.006012457785396467	 1.0052123602594591	
7932	 0.005967396449401122	 0.9926875439723041	
7933	 0.0059136344295017155	 0.9778266647902578	
7934	 0.0058566047480000565	 0.9621606956651845	
7935	 0.0058011572506688055	 0.9470265394085319	
7936	 0.005750114286912179	 0.9331795528604718	
7937	 0.005703343705287412	 0.9205633084723515	
7938	 0.005663065201664813	 0.9097534050130252	
7939	 0.005648375053118768	 0.9058235975781075	
7940	 0.005657942992647592	 0.9083823742424088	
7941	 0.005667679031844939	 0.91098906902862	
7942	 0.005675992684581009	 0.9132173030973103	
7943	 0.005683557299997509	 0.9152466709200293	
7944	 0.005689906516163013	 0.9169513728292967	
7945	 0.005695420593213981	 0.9184328774404753	
7946	 0.005699807196453543	 0.9196121391549771	
7947	 0.005697622683846719	 0.9190247954120342	
7948	 0.005693675495656821	 0.9179639067290104	
7949	 0.005691522862177021	 0.9173855483967901	
7950	 0.00569681930435176	 0.91880883078536	
7951	 0.005692170855613351	 0.9175596325532562	
7952	 0.005682492894918623	 0.9149610128549297	
7953	 0.005649651627791164	 0.9061648280393564	
7954	 0.005566649851811403	 0.8840854860710711	
7955	 0.005441563232754534	 0.851224052809012	
7956	 0.005428776898508872	 0.8478930528647344	
7957	 0.005410662231116004	 0.8431829032870657	
7958	 0.005376841036771175	 0.8344168807849014	
7959	 0.005337807557403689	 0.8243455039612905	
7960	 0.005289495347765242	 0.8119478803466224	
7961	 0.005241435565199534	 0.7996897054131845	
7962	 0.005202177453609535	 0.7897319176821275	
7963	 0.005198292010411945	 0.7887490938101529	
7964	 0.00521093451879871	 0.7919488142752694	
7965	 0.0052267096815812744	 0.7959486483640806	
7966	 0.005243257933371823	 0.8001531592193405	
7967	 0.005263050095412911	 0.8051934985208163	
7968	 0.005289169032798349	 0.8118643987540611	
7969	 0.005324303760793638	 0.8208726660829958	
7970	 0.005363882574160578	 0.8310679282698007	
7971	 0.00538661435117438	 0.8369462341437934	
7972	 0.005407207346578519	 0.8422857612583494	
7973	 0.005425597759472549	 0.847065658488414	
7974	 0.005442288264424802	 0.8514130891147633	
7975	 0.005458082751397126	 0.8555353250930714	
7976	 0.0054751029167674865	 0.8599863640062654	
7977	 0.0054731255669631055	 0.8594687819098027	
7978	 0.005415582423958574	 0.844461206416422	
7979	 0.00532233132885428	 0.8203658970007409	
7980	 0.005357735608811047	 0.8294812063420073	
7981	 0.005364533541526458	 0.8312360341078621	
7982	 0.005367754992108093	 0.8320681418020167	
7983	 0.00537042754450524	 0.8327587206225813	
7984	 0.005361383268015853	 0.8304226337073425	
7985	 0.005348977610911426	 0.8272225918425622	
7986	 0.0053350601173086055	 0.823638456088733	
7987	 0.005328362343834746	 0.8219158154117056	
7988	 0.0053463697918878185	 0.8265505331268014	
7989	 0.0053702086690547955	 0.8327021553049597	
7990	 0.005395300677822327	 0.8391968424746731	
7991	 0.005426073670351853	 0.8471894972391575	
7992	 0.005453969991609022	 0.8544611605343189	
7993	 0.00547889435644361	 0.8609791426052605	
7994	 0.0055011299899703926	 0.8668107035155844	
7995	 0.005520726748820592	 0.8719632336983574	
7996	 0.005532850724348578	 0.8751570758167935	
7997	 0.005541113839225664	 0.8773365197790598	
7998	 0.00554858570480757	 0.8793091335867276	
7999	 0.005555213776251943	 0.8810604639935732	
8000	 0.005561933652181827	 0.8828374745096268	
8001	 0.005545168274538888	 0.8784066932069697	
8002	 0.005479144691738463	 0.861044708373377	
8003	 0.005377106125637945	 0.8344854459079663	
8004	 0.005405818004418113	 0.8419250935992347	
8005	 0.005434207007431539	 0.8493070259201617	
8006	 0.005459972535984284	 0.8560290772441189	
8007	 0.005483073378439465	 0.8620739393734456	
8008	 0.005503046470759044	 0.8673140603921421	
8009	 0.005520307660414016	 0.8718529159654632	
8010	 0.005536447305192176	 0.8761054281517894	
8011	 0.005551025027084495	 0.8799535118060338	
8012	 0.005564118919499435	 0.8834156572823614	
8013	 0.005576611707030995	 0.8867239324243257	
8014	 0.0055784892574816	 0.887221563077649	
8015	 0.0055790617157889825	 0.8873733110700762	
8016	 0.005580459055928417	 0.8877437634052099	
8017	 0.005582515773440459	 0.8882891374283326	
8018	 0.005585472433388011	 0.8890733813846697	
8019	 0.005588905075844814	 0.8899842253112182	
8020	 0.005598029710185275	 0.8924072399366372	
8021	 0.005606703019508445	 0.8947128489738957	
8022	 0.0056144943137994745	 0.896786022112848	
8023	 0.005621426320916953	 0.8986321620107347	
8024	 0.005628118890238933	 0.9004159751368318	
8025	 0.0056200523239623365	 0.8982661169349986	
8026	 0.005613004376742037	 0.8963894187099699	
8027	 0.005492350502689633	 0.8645062968494267	
8028	 0.005486604340417122	 0.862999394695743	
8029	 0.005485857277940896	 0.8628035585699573	
8030	 0.005502758414914	 0.8672383960830781	
8031	 0.005519174575838195	 0.8715546791157106	
8032	 0.005533243035456325	 0.8752605010893737	
8033	 0.00554470290811516	 0.8782838326294681	
8034	 0.0055535950886687925	 0.8806326307403172	
8035	 0.005535579037988539	 0.8758764444125562	
8036	 0.005521708767772854	 0.8722217549736271	
8037	 0.005509913480672226	 0.8691186157684195	
8038	 0.005499710613219879	 0.8664379845941809	
8039	 0.005494762613505025	 0.8651391741096632	
8040	 0.00549588562707396	 0.8654338878481141	
8041	 0.005501194480365292	 0.8668276397884104	
8042	 0.0055100119390346335	 0.8691445001752709	
8043	 0.005521180534175604	 0.872082691094932	
8044	 0.005532905616497259	 0.8751715467810955	
8045	 0.005546839029597419	 0.8788478429744669	
8046	 0.005559598779607752	 0.882219876182922	
8047	 0.005571069346924077	 0.885255622959793	
8048	 0.005581549227171915	 0.8880328243744715	
8049	 0.005588610781714543	 0.8899061204073303	
8050	 0.005542182461519099	 0.8776185333654735	
8051	 0.005541305668016019	 0.8773871414742388	
8052	 0.005537509157156831	 0.8763854975694217	
8053	 0.005520492174515975	 0.8719014854052023	
8054	 0.00550000364237933	 0.8665149268557398	
8055	 0.005477563513731565	 0.8606306127240736	
8056	 0.005456474447951336	 0.8551152064907867	
8057	 0.005434338868398808	 0.849341373572483	
8058	 0.0054155649735945725	 0.8444566713118368	
8059	 0.005397172940079553	 0.8396822582112762	
8060	 0.005379932312968486	 0.83521657813983	
8061	 0.005366677891892127	 0.8317898874139679	
8062	 0.005360147515521861	 0.8301036494874782	
8063	 0.005365844051134619	 0.8315745014086422	
8064	 0.0053799853721699835	 0.8352303069589003	
8065	 0.005397420327714581	 0.8397464060482245	
8066	 0.005416734071928971	 0.8447605250903713	
8067	 0.0054369997537411915	 0.8500346099564597	
8068	 0.005456242416492042	 0.8550546023960074	
8069	 0.005474727383976904	 0.8598880566623072	
8070	 0.0054932016619109675	 0.8647295984870214	
8071	 0.005506442838228626	 0.8682063913482272	
8072	 0.005516810102189078	 0.8709324623496725	
8073	 0.005529477494027591	 0.8742679903193388	
8074	 0.0055185218360777446	 0.8713828913610594	
8075	 0.005509114772146796	 0.8689086491001996	
8076	 0.005494182575844588	 0.8649869698865593	
8077	 0.005472663672163344	 0.8593478963852011	
8078	 0.005445795845306317	 0.8523278519454215	
8079	 0.005412923397055693	 0.8437702750233571	
8080	 0.005376265218888657	 0.8342679534976928	
8081	 0.0053381183981846	 0.8244255134568715	
8082	 0.005302533138850465	 0.8152861641792309	
8083	 0.0052736719461555495	 0.8079037132395304	
8084	 0.005265148094535024	 0.8057285240539365	
8085	 0.005270444949012968	 0.8070799446533946	
8086	 0.005282417818546628	 0.8101379970954358	
8087	 0.005296745314523181	 0.8138035344316259	
8088	 0.005312972217561328	 0.8179630043738509	
8089	 0.005330516901160013	 0.8224698015781418	
8090	 0.005348410355801551	 0.8270763864402015	
8091	 0.005366262197272185	 0.8316825082430949	
8092	 0.005383859897595425	 0.8362330661459804	
8093	 0.005402206176517293	 0.8409877666775296	
8094	 0.0054208232006984335	 0.8458236514690775	
8095	 0.005437732261737511	 0.8502254888539934	
8096	 0.005450587931668083	 0.8535782435990924	
8097	 0.005436151334947963	 0.8498135481400649	
8098	 0.005371877952289346	 0.8331335971888602	
8099	 0.0052614434826874805	 0.8047838810111634	
8100	 0.005241595075172702	 0.7997302667491764	
8101	 0.005210651646007895	 0.7918771647093973	
8102	 0.005174665168230976	 0.7827832232545734	
8103	 0.005135707479530214	 0.7729858639860588	
8104	 0.005101584983257737	 0.764445090660438	
8105	 0.0050692442728698705	 0.7563853672012273	
8106	 0.005038527054418552	 0.7487619120639392	
8107	 0.005014444292467291	 0.7428066299996829	
8108	 0.005009575385237238	 0.74160493955259	
8109	 0.005019140537165214	 0.7439664429965973	
8110	 0.005038073078077874	 0.7486494751089672	
8111	 0.0050635313881236136	 0.7549651953027545	
8112	 0.005094037020163778	 0.7625609843007255	
8113	 0.005126957688873143	 0.7707921958364701	
8114	 0.0051600772094614585	 0.7791087583453497	
8115	 0.005192967980786632	 0.7874031742471642	
8116	 0.005228938224226812	 0.7965143508503701	
8117	 0.005260669396980175	 0.8045865520367401	
8118	 0.005287655226349498	 0.81147716454633	
8119	 0.005310712378983365	 0.8173832277481745	
8120	 0.005328474891406185	 0.8219447502808348	
8121	 0.005312821010139341	 0.8179242059703801	
8122	 0.0052521252635165635	 0.8024097782117514	
8123	 0.00514772932365277	 0.7760039371607241	
8124	 0.005134030008921225	 0.7725651105675104	
8125	 0.005113805912373917	 0.7674995946799962	
8126	 0.005093505898809631	 0.7624284769707985	
8127	 0.005074350296119695	 0.7576555821260368	
8128	 0.005055542811943369	 0.7529810975567567	
8129	 0.005036496451609902	 0.7482590422890741	
8130	 0.005017459979633618	 0.7435513191817007	
8131	 0.005002991199422215	 0.7399811408538738	
8132	 0.005007551882360702	 0.7411057496498077	
8133	 0.005023997976867408	 0.7451668270623006	
8134	 0.005048229662293509	 0.7511665849229038	
8135	 0.00507608047703261	 0.7580861890455599	
8136	 0.005106718582131593	 0.7657275909844417	
8137	 0.005138619792131321	 0.7737165656405144	
8138	 0.005171620886346142	 0.7820158481795878	
8139	 0.005205383336052753	 0.790543215052218	
8140	 0.005240407570453038	 0.7994283193036059	
8141	 0.005270914855493466	 0.807199878666256	
8142	 0.0053003852495810315	 0.8147358272293954	
8143	 0.005326298651574114	 0.8213853327451044	
8144	 0.0053490827328762204	 0.8272496873114422	
8145	 0.005354107849637885	 0.8285453387012603	
8146	 0.005305370522695309	 0.8160133928193988	
8147	 0.005212007915277518	 0.7922207211770006	
8148	 0.005204833024617882	 0.7904039266745905	
8149	 0.005183613049989089	 0.7850404669293521	
8150	 0.00515664609273208	 0.7782455217314911	
8151	 0.005128430661762077	 0.7711613116624018	
8152	 0.005103421433498499	 0.76490378268833	
8153	 0.00507670554606045	 0.7582417801061944	
8154	 0.005049273576164872	 0.7514254899649057	
8155	 0.005025501518190194	 0.7455385432682938	
8156	 0.005020423591812344	 0.744283439811269	
8157	 0.005029027613657047	 0.7464105805677592	
8158	 0.005045660284206399	 0.7505294957406601	
8159	 0.005068688553651377	 0.7562471735171231	
8160	 0.005096016524340903	 0.7630549239681971	
8161	 0.005127730671104566	 0.7709858905023776	
8162	 0.005162382142971445	 0.7796888728100827	
8163	 0.005197121073674815	 0.7884530010613705	
8164	 0.00522843193082825	 0.796385817126222	
8165	 0.0052577869201825425	 0.8038519248500248	
8166	 0.005284495798694277	 0.8106692157742169	
8167	 0.005309905226920357	 0.8171761873718573	
8168	 0.005333563621564521	 0.823253438186028	
8169	 0.0053278442406543185	 0.8217826214556981	
8170	 0.005272394573588986	 0.8075775929935639	
8171	 0.005167779720224835	 0.7810480313533027	
8172	 0.005156352828920137	 0.7781717570798111	
8173	 0.005131232146725001	 0.7718635375870877	
8174	 0.005099122050740151	 0.7638300943165047	
8175	 0.0050663273115276386	 0.7556601033894786	
8176	 0.005038618831173304	 0.7487846433618186	
8177	 0.005011486785134363	 0.7420765975844592	
8178	 0.004984750111099668	 0.7354899443715819	
8179	 0.004960136736422773	 0.7294471548507369	
8180	 0.004951574980184472	 0.7273498488763829	
8181	 0.004958730488841958	 0.7291025116791185	
8182	 0.004979151249251884	 0.73411362507669	
8183	 0.005006238496561074	 0.7407818146910887	
8184	 0.00503640776490476	 0.748237082500102	
8185	 0.0050699775974262715	 0.7565677424167878	
8186	 0.0051057787880748546	 0.7654927428191858	
8187	 0.005141597298055643	 0.774463909830499	
8188	 0.0051720918811763205	 0.7821345526151626	
8189	 0.0052032557444391	 0.7900047584067268	
8190	 0.005234109986283245	 0.7978277917072061	
8191	 0.005263217313084097	 0.8052361366632073	
8192	 0.005288919630404959	 0.8118005961225799	
8193	 0.005276982383184012	 0.8087491311252952	
8194	 0.005218116874269226	 0.7937689199289616	
8195	 0.005125914090867595	 0.7705307208815384	
8196	 0.005167702523925825	 0.7810285859562435	
8197	 0.005209427218261478	 0.7915670562082388	
8198	 0.005245978705942135	 0.8008452897402341	
8199	 0.005278739531739485	 0.8091980145944004	
8200	 0.005307946861831179	 0.8166739396858329	
8201	 0.00533358559978517	 0.823259092213945	
8202	 0.00535589298086492	 0.8290058033800609	
8203	 0.005374985958316917	 0.8339371285958556	
8204	 0.005392898630982926	 0.8385742355437974	
8205	 0.005409299285953979	 0.8428289368927215	
8206	 0.005424450191654884	 0.8467670748739784	
8207	 0.005440546069379405	 0.8509588777898223	
8208	 0.005456045313452226	 0.8550031225743407	
8209	 0.005469674231083173	 0.8585656745816137	
8210	 0.005481751413595832	 0.8617275582561211	
8211	 0.0054924384104364865	 0.8645293583802212	
8212	 0.0054929551411194485	 0.8646649213796698	
8213	 0.005493181748498936	 0.8647243739394678	
8214	 0.005494399466461226	 0.8650438816058711	
8215	 0.005497004825653877	 0.865727640360311	
8216	 0.005498323418884941	 0.8660737785198146	
8217	 0.005460487681762531	 0.8561636913625629	
8218	 0.005373551164992518	 0.8335661443847371	
8219	 0.005259264359735442	 0.8042284311271714	
8220	 0.00528603935184315	 0.8110639027026108	
8221	 0.005292998249989638	 0.8128442487278865	
8222	 0.005288937771424104	 0.8118052369276413	
8223	 0.0052789305574658125	 0.8092468202806031	
8224	 0.005272187029854361	 0.8075246109098537	
8225	 0.005259604394796698	 0.8043150946282154	
8226	 0.005259418948155643	 0.804267830053286	
8227	 0.005242823754045773	 0.8000427315760734	
8228	 0.005241944575844316	 0.7998191431546784	
8229	 0.005256836175582393	 0.803609677233411	
8230	 0.0052706828784623945	 0.8071406703853972	
8231	 0.005282793935133849	 0.8102341379097733	
8232	 0.005289793598420472	 0.8120241852121737	
8233	 0.005294126182396585	 0.8131329630036479	
8234	 0.005298776402231891	 0.8143237021708637	
8235	 0.005305066954660165	 0.815935575176396	
8236	 0.00531906182711636	 0.8195261526915834	
8237	 0.005333261307786387	 0.8231756677456669	
8238	 0.005348068819889074	 0.8269883633153361	
8239	 0.005361715763367322	 0.8305084689478223	
8240	 0.005370463962967782	 0.8327681326171187	
8241	 0.005340540381597789	 0.8250490311894845	
8242	 0.005311894478176126	 0.8176864826516989	
8243	 0.005280075182333648	 0.8095392882882186	
8244	 0.005369848979997538	 0.8326092020063017	
8245	 0.005525134959239095	 0.8731239566023669	
8246	 0.0056258599653996435	 0.899813731320753	
8247	 0.005962607379460088	 0.991360114655927	
8248	 0.00733852955319954	 1.4012624979300101	
8249	 0.009138266698577714	 2.0196562960112514	
8250	 0.010607709384497076	 2.5894474878428597	
8251	 0.011715146783015957	 3.05551188415541	
8252	 0.012212624617717072	 3.274809943440528	
8253	 0.012850073363539152	 3.564624314671228	
8254	 0.0127281221990401	 3.508420555937845	
8255	 0.01205239021263184	 3.203512282209252	
8256	 0.011225404790040024	 2.8456038365884013	
8257	 0.010517741353606202	 2.5529475813458187	
8258	 0.009906535603988334	 2.3105077403512344	
8259	 0.009400946583351076	 2.117338989752113	
8260	 0.008936614124017599	 1.945924994007528	
8261	 0.008533306475141247	 1.8017726600479154	
8262	 0.008183433870800354	 1.6803395471219087	
8263	 0.00787817506372426	 1.5771771092861442	
8264	 0.00761211353260871	 1.489406283265812	
8265	 0.007380042761785113	 1.414498692320251	
8266	 0.0071759932200034056	 1.3499192363284085	
8267	 0.006903886913729085	 1.265689570736081	
8268	 0.0068188798834532644	 1.2398224243064269	
8269	 0.006665677650249003	 1.1937450921478356	
8270	 0.006556719526307278	 1.1614007370755386	
8271	 0.006468255380747223	 1.1354020760821022	
8272	 0.006398069164564002	 1.1149429289848416	
8273	 0.006299348846359387	 1.0864185832707254	
8274	 0.0062087110779868926	 1.0604906340592628	
8275	 0.006131623118732466	 1.0386363269872299	
8276	 0.006065214635479622	 1.0199558588910147	
8277	 0.006022145542568164	 1.0079132753198292	
8278	 0.006060011691706791	 1.0184980222173614	
8279	 0.006325232418654426	 1.09386879544429	
8280	 0.006924279722861115	 1.2719267265678107	
8281	 0.008222567325331304	 1.6937532833099234	
8282	 0.011546445144460947	 2.982530642314838	
8283	 0.01441148608083842	 4.315379865485618	
8284	 0.016094926200726164	 5.187833979123142	
8285	 0.017051687600015304	 5.711936433151535	
8286	 0.017691637334449225	 6.073669183218839	
8287	 0.01838653086553349	 6.476455887404911	
8288	 0.01884067926383257	 6.745259783470837	
8289	 0.019114223664328255	 6.909270448420102	
8290	 0.0186301609827467	 6.62011345835917	
8291	 0.01716831276501265	 5.777196161749448	
8292	 0.015919625847249628	 5.094002815618838	
8293	 0.014825491688638075	 4.5239687472123284	
8294	 0.014009419435297809	 4.116593493771421	
8295	 0.01315721467913022	 3.7077549330465605	
8296	 0.012523171294289847	 3.4147712911102426	
8297	 0.011805531201377444	 3.094902526227307	
8298	 0.011170339430115554	 2.8223770806427106	
8299	 0.010593361814336602	 2.5836128121041653	
8300	 0.010104051792688381	 2.3877949320083602	
8301	 0.009700445630493227	 2.2309537294008535	
8302	 0.00933009543030012	 2.090809972832382	
8303	 0.008979680999967812	 1.9615795920422592	
8304	 0.008682211961165798	 1.8544781762659253	
8305	 0.008430471224446378	 1.7657294905474417	
8306	 0.008292883103875992	 1.71796241906072	
8307	 0.008203727203595962	 1.687290147830585	
8308	 0.00813097649966506	 1.6624257720546447	
8309	 0.008070228750646679	 1.6417769783404512	
8310	 0.007934376922749667	 1.5959739543350084	
8311	 0.007795328537390092	 1.5496315823105045	
8312	 0.007625748885344574	 1.493855486410298	
8313	 0.007485041729909892	 1.4481986215594704	
8314	 0.007379536984109924	 1.4143371292282396	
8315	 0.007511887096967959	 1.4568656592977691	
8316	 0.008763006149660886	 1.8833293765982426	
8317	 0.009151107587204757	 2.024388471141765	
8318	 0.009747869387218342	 2.2491612307659454	
8319	 0.011102505164882738	 2.7938691338462656	
8320	 0.011212863534241854	 2.8403071970492655	
8321	 0.010990979208824733	 2.7472513604124744	
8322	 0.010535832058657189	 2.560270303109388	
8323	 0.010275405364688859	 2.4556663524503226	
8324	 0.010487914299611741	 2.540892568942226	
8325	 0.011096671636088632	 2.7914229499814813	
8326	 0.011379014982230611	 2.910798898876268	
8327	 0.011332067964268486	 2.8908110367963515	
8328	 0.01095922257641735	 2.7340345520781755	
8329	 0.010498877115283526	 2.5453206882202926	
8330	 0.010096040066651452	 2.3846402071383075	
8331	 0.009624525911131889	 2.201929094851461	
8332	 0.00910895838739371	 2.008872082496309	
8333	 0.008665539001052871	 1.8485465380478578	
8334	 0.008282373657798596	 1.7143353721835588	
8335	 0.00795044268178974	 1.6013635468311624	
8336	 0.007660120768751505	 1.505094542940948	
8337	 0.007391184299082882	 1.418059561328311	
8338	 0.007143264000385968	 1.3396733610338185	
8339	 0.006876113874765372	 1.2572149031526767	
8340	 0.006711061348695217	 1.2073219636521937	
8341	 0.006570505885344635	 1.1654735835003702	
8342	 0.006444032317058636	 1.1283242864628324	
8343	 0.0063307330462879854	 1.0954546947281931	
8344	 0.006224121625096899	 1.0648813087904312	
8345	 0.006135291912672669	 1.0396722959136577	
8346	 0.006069063512832146	 1.0210348301430017	
8347	 0.00602675130235779	 1.0091983626586005	
8348	 0.005986310367024863	 0.9979370248564852	
8349	 0.005950073562636958	 0.9878893686056593	
8350	 0.005919294940548304	 0.9793871164728092	
8351	 0.005892391408060183	 0.9719794116739574	
8352	 0.005868998094139271	 0.9655565197740703	
8353	 0.0058483159435321124	 0.9598922030172733	
8354	 0.005830137845591778	 0.9549246962187008	
8355	 0.005814268079491747	 0.9505964174322994	
8356	 0.005799356295611861	 0.9465365866684742	
8357	 0.00578516333456939	 0.9426789186952099	
8358	 0.005773750288848055	 0.9395814086315296	
8359	 0.005765874509002364	 0.9374462940258761	
8360	 0.005765413240097497	 0.9373213048059396	
8361	 0.005761269691922814	 0.9361988338108985	
8362	 0.005729053940568621	 0.9274900772379924	
8363	 0.005711081867723446	 0.9226459141471448	
8364	 0.005695381463276695	 0.9184223607636693	
8365	 0.0056766726911104265	 0.9133996554957473	
8366	 0.005663705658996418	 0.909924890531371	
8367	 0.005657336148753356	 0.9082199988025749	
8368	 0.005643385351995928	 0.9044903356691114	
8369	 0.0056308898593188115	 0.9011549533289983	
8370	 0.005620397706253593	 0.8983581242530527	
8371	 0.005620849045930726	 0.8984783635256409	
8372	 0.005621517677739886	 0.8986565024003288	
8373	 0.005622583027524151	 0.898940365241705	
8374	 0.005625364686140968	 0.8996817082456542	
8375	 0.005630129178310594	 0.9009520663350318	
8376	 0.005637667255021161	 0.9029634104514901	
8377	 0.00564633367388197	 0.9052780404655653	
8378	 0.005655038673286941	 0.9076053600880398	
8379	 0.005665385580024149	 0.9103747588619995	
8380	 0.005672325843420723	 0.9122342440302383	
8381	 0.005683839788760252	 0.9153224893935382	
8382	 0.0056924577184785125	 0.9176367027998126	
8383	 0.00570069798070338	 0.9198516848843414	
8384	 0.005707112201898497	 0.921577305381297	
8385	 0.005713012913635678	 0.9231659184891415	
8386	 0.005716530293394026	 0.9241134020423183	
8387	 0.0057224902041936474	 0.9257197223626739	
8388	 0.005727648584285119	 0.9271109141632535	
8389	 0.005732429732842344	 0.9284011144419867	
8390	 0.005736851116141963	 0.9295948701507886	
8391	 0.005741631143829695	 0.9308861485716731	
8392	 0.005745303649024821	 0.931878727444026	
8393	 0.005748792814043279	 0.9328221463437958	
8394	 0.005750906948148177	 0.9333939628732378	
8395	 0.005753106981489652	 0.9339891616550656	
8396	 0.0057550923733581194	 0.9345264214332104	
8397	 0.005756671611145192	 0.9349538615539035	
8398	 0.00575796433619985	 0.9353038116733058	
8399	 0.005759028841558631	 0.9355920203805208	
8400	 0.005759812191848316	 0.9358041306539936	
8401	 0.005758195437295425	 0.9353663779481002	
8402	 0.005754924607354911	 0.9344810180961892	
8403	 0.005751988098451412	 0.9336864391765359	
8404	 0.005753362135538161	 0.9340582010569327	
8405	 0.005754596558704314	 0.9343922392291016	
8406	 0.005755694468799343	 0.9346893767440785	
8407	 0.005756647859179576	 0.9349474322133253	
8408	 0.005757575483095011	 0.9351985407874296	
8409	 0.005758079437014107	 0.9353349728445531	
8410	 0.005756882294485302	 0.9350108915006966	
8411	 0.0057578331097639995	 0.9352682853292518	
8412	 0.005756555891427452	 0.9349225379351792	
8413	 0.0057440253070256166	 0.9315331781532625	
8414	 0.0057165717120282135	 0.9241245613777378	
8415	 0.005686228959068523	 0.9159638303979692	
8416	 0.005659341869787437	 0.908756721144565	
8417	 0.0056370315206551065	 0.9027937116299763	
8418	 0.0056214638995679845	 0.8986421741374744	
8419	 0.005634692335554506	 0.9021694145248279	
8420	 0.005647516909320405	 0.9055942432567594	
8421	 0.005654524934097484	 0.9074679433083237	
8422	 0.005661672189010666	 0.9093804638446834	
8423	 0.0056717796060387704	 0.912087837170079	
8424	 0.005681382930278133	 0.9146631658052881	
8425	 0.005690185941942207	 0.9170264250424631	
8426	 0.005698122999638144	 0.9191593006556724	
8427	 0.005705173869837836	 0.921055698733806	
8428	 0.0057100740857963204	 0.922374578754751	
8429	 0.005714424556503581	 0.9235461288197444	
8430	 0.0057183273171350244	 0.9245976199284316	
8431	 0.005723074307635796	 0.9258772104648915	
8432	 0.005727383620152845	 0.927039434175357	
8433	 0.00572932611218751	 0.9275635159115628	
8434	 0.005719411283900483	 0.9248897497659142	
8435	 0.005723779933924723	 0.926067478292702	
8436	 0.005728045345328366	 0.9272179534312408	
8437	 0.005731984284027659	 0.9282808790784082	
8438	 0.005749117775666731	 0.9329100306238913	
8439	 0.005758505958595197	 0.9354504483852167	
8440	 0.005758592280986973	 0.9354738198187584	
8441	 0.005758517807194556	 0.9354536563310697	
8442	 0.0057580088181842844	 0.9353158542038188	
8443	 0.005757725325063194	 0.9352391056646813	
8444	 0.005757520151169457	 0.9351835616321632	
8445	 0.005755699702569121	 0.9346907932978705	
8446	 0.0057535210983937195	 0.9341012141458823	
8447	 0.005749748588385964	 0.9330806402894902	
8448	 0.005746150775885225	 0.9321077429865124	
8449	 0.005741940303008597	 0.9309696896292305	
8450	 0.005738158958828767	 0.9299481000012351	
8451	 0.0057360634474261235	 0.9293821578482294	
8452	 0.005735731350714431	 0.929292479969298	
8453	 0.005737866242331312	 0.9298690367442239	
8454	 0.005739816129299485	 0.9303957554516208	
8455	 0.005740785388597865	 0.9306576237405095	
8456	 0.005739044208483899	 0.9301872239010464	
8457	 0.005739797401337544	 0.9303906959407252	
8458	 0.005731394533271212	 0.9281217033759378	
8459	 0.005734788995497158	 0.9290380295184653	
8460	 0.0057340184125412785	 0.9288299809439897	
8461	 0.005722850304613568	 0.9258168126855675	
8462	 0.005698678341700038	 0.9193086084200963	
8463	 0.005671194635786769	 0.9119310592431936	
8464	 0.00563925824781904	 0.9033881556975175	
8465	 0.005607995402540702	 0.8950566043396758	
8466	 0.0055898817601479035	 0.8902434544578152	
8467	 0.005584407357730569	 0.8887908418032889	
8468	 0.00558390371849075	 0.8886572506394287	
8469	 0.005585831608429392	 0.889168670194833	
8470	 0.005588282281712581	 0.8898189405917334	
8471	 0.00559049308810383	 0.8904057269870105	
8472	 0.005593863032950057	 0.8913004665107187	
8473	 0.005598865720692199	 0.8926293713549048	
8474	 0.0056049924169337744	 0.894257934430531	
8475	 0.005611781946226063	 0.8960640747538313	
8476	 0.005624086718485667	 0.8993410852764395	
8477	 0.005720072169233768	 0.925067876960977	
8478	 0.005919743829771778	 0.9795109058316708	
8479	 0.006221024278364118	 1.063998249918219	
8480	 0.006617845101718813	 1.1795021844240317	
8481	 0.007044759741811217	 1.3090253702820065	
8482	 0.007423570345153663	 1.4284305621116395	
8483	 0.0077539731800233885	 1.535954123031048	
8484	 0.008024973468830209	 1.6264614043663057	
8485	 0.008126185735097458	 1.6607935929023832	
8486	 0.008046271473539039	 1.6336620550499126	
8487	 0.007815777367041055	 1.5564125350130058	
8488	 0.007565315695941361	 1.4741765975532717	
8489	 0.00734657333451789	 1.4038233122233446	
8490	 0.007154938841475523	 1.3433245847378648	
8491	 0.006989443231648815	 1.2919391422541318	
8492	 0.006851479641567893	 1.2497170814361498	
8493	 0.0067292338443042665	 1.2127756093549968	
8494	 0.00661836118267067	 1.1796554907304007	
8495	 0.006520392651488265	 1.1506961730248313	
8496	 0.006433607092748115	 1.1252835689410123	
8497	 0.006354500920142548	 1.1023178280834534	
8498	 0.006283053073358666	 1.081738533400356	
8499	 0.006218861346898569	 1.0633817682188706	
8500	 0.006161786280802504	 1.047165851856306	
8501	 0.0061098103902662996	 1.0324855313198102	
8502	 0.006062067155734933	 1.019073852440662	
8503	 0.006018780985009506	 1.006974919098489	
8504	 0.005979738542193621	 0.9961117861821632	
8505	 0.005948399770348645	 0.9874262464453398	
8506	 0.005923408801406688	 0.9805218224584521	
8507	 0.005902439531529597	 0.9747434619434355	
8508	 0.005892045107633291	 0.9718842068955065	
8509	 0.005909528740572642	 0.9766954588746767	
8510	 0.005867760677802376	 0.9652172479424815	
8511	 0.0058205210624518305	 0.9523009007600778	
8512	 0.00576933768502911	 0.9383849176110769	
8513	 0.005722052816016193	 0.92560179918245	
8514	 0.005691213115900209	 0.9173023393828359	
8515	 0.005679646113025031	 0.9141971874508406	
8516	 0.005676640988495308	 0.913391153712691	
8517	 0.0056780275748963905	 0.9137630282276868	
8518	 0.005681538912775892	 0.9147050196850682	
8519	 0.005684021549122424	 0.9153712742311257	
8520	 0.005684491568744377	 0.9154974332412411	
8521	 0.005684035270120428	 0.9153749570161118	
8522	 0.0056831950447730145	 0.9151494472311245	
8523	 0.005682748097800007	 0.9150294992823569	
8524	 0.005681090542458927	 0.9145847131398563	
8525	 0.005679194913300004	 0.914076148631265	
8526	 0.005677257603124169	 0.9135565187412666	
8527	 0.005675366764912975	 0.9130494676508284	
8528	 0.0056738645063820715	 0.9126466991655453	
8529	 0.005676956339382181	 0.9134757236912752	
8530	 0.00568328419267437	 0.9151733727632074	
8531	 0.005688451800437731	 0.9165606839558159	
8532	 0.005693213073854313	 0.9178396533555959	
8533	 0.005700179340205773	 0.9197122113586788	
8534	 0.005715993306895481	 0.9239687277800535	
8535	 0.005726339019452727	 0.9267576513022608	
8536	 0.005727348907695157	 0.9270300698785401	
8537	 0.005727906114720482	 0.9271803908581084	
8538	 0.005728653600646236	 0.9273820597943975	
8539	 0.005729425323362641	 0.9275902861331089	
8540	 0.005730237323525945	 0.927809400326714	
8541	 0.005730661293912673	 0.9279238148466868	
8542	 0.005730879792813054	 0.9279827821280052	
8543	 0.00573066627815325	 0.9279251599494113	
8544	 0.005729050165776768	 0.9274890587215977	
8545	 0.005726305751888672	 0.9267486778814538	
8546	 0.00572380596704873	 0.9260744982650311	
8547	 0.0057208418780057705	 0.9252753524309114	
8548	 0.005717801985457925	 0.9244560559368523	
8549	 0.00571673726442478	 0.9241691663497508	
8550	 0.005717807848405317	 0.9244576358094119	
8551	 0.00571886425249812	 0.9247423197883398	
8552	 0.005720005878367457	 0.9250500090879127	
8553	 0.005721598042442472	 0.9254791951392912	
8554	 0.005724634533383356	 0.9262979367665505	
8555	 0.005725565049440935	 0.9265488936325135	
8556	 0.005726519181596927	 0.9268062479117392	
8557	 0.00573659684742717	 0.9295262019923558	
8558	 0.005740277576057639	 0.9305204225142679	
8559	 0.005739740399687965	 0.9303752965502488	
8560	 0.005739077379000347	 0.9301961844087936	
8561	 0.005738430324202324	 0.9300213986827508	
8562	 0.005737966423039309	 0.9298960954325526	
8563	 0.005737749331672102	 0.9298374597145038	
8564	 0.005737460021323083	 0.9297593201679574	
8565	 0.00573819342008564	 0.9299574082261485	
8566	 0.0057379002073883354	 0.9298782106298469	
8567	 0.0057338677451493104	 0.9287893046517837	
8568	 0.00573100703639654	 0.9280171226169566	
8569	 0.005728747212515572	 0.9274073171664121	
8570	 0.0057285692923293545	 0.9273593128447464	
8571	 0.005728652966451982	 0.9273818886836988	
8572	 0.005728765555115193	 0.927412266206353	
8573	 0.005728803848140432	 0.9274225981298431	
8574	 0.005729301759642324	 0.9275569448943125	
8575	 0.0057288852097480665	 0.9274445506330056	
8576	 0.0057281768357020394	 0.9272534283506172	
8577	 0.005726929688063319	 0.9269169809873459	
8578	 0.005699005148367654	 0.9193964773105932	
8579	 0.005701080339485163	 0.9199545147583297	
8580	 0.005703679097766365	 0.9206535350944068	
8581	 0.005711575041664297	 0.9227787080233383	
8582	 0.005722842751352465	 0.9258147761324892	
8583	 0.005724133370802838	 0.9261627862707388	
8584	 0.005724231143731856	 0.9261891524639745	
8585	 0.0057242777054915565	 0.9262017087685098	
8586	 0.005780560591458615	 0.9414292397461886	
8587	 0.005799644657784681	 0.9466150292451866	
8588	 0.005792238911275473	 0.944601283286126	
8589	 0.005785463849273609	 0.9427605337292871	
8590	 0.005779421257089031	 0.9411200043927029	
8591	 0.0057750213895817635	 0.9399261846143726	
8592	 0.005769757921332392	 0.9384988396950581	
8593	 0.005762400688864193	 0.936505163075	
8594	 0.005755246226251011	 0.9345680601725292	
8595	 0.005748709976650881	 0.9327997439062988	
8596	 0.005740836352832659	 0.9306713937478035	
8597	 0.005733561908603819	 0.9287067388996001	
8598	 0.005726893841406482	 0.9269073112319337	
8599	 0.0057206756146954705	 0.925230534478129	
8600	 0.005715589038747762	 0.9238598163159353	
8601	 0.005713170563685458	 0.9232083766730265	
8602	 0.0056831028282582465	 0.9151246984072096	
8603	 0.0056861379170362655	 0.9159393880818241	
8604	 0.005689556870990308	 0.9168574635377472	
8605	 0.005692839571834615	 0.9177392977617164	
8606	 0.005695900212384322	 0.9185617852101321	
8607	 0.005698241239335794	 0.9191910894480932	
8608	 0.005700166857041404	 0.919708854472974	
8609	 0.005701186489934617	 0.9199830632045553	
8610	 0.005702177050797366	 0.9202494849385005	
8611	 0.0057038686906002445	 0.9207045405488901	
8612	 0.005705379476140593	 0.9211110219474639	
8613	 0.005706548556995013	 0.9214256159242299	
8614	 0.005707487357308273	 0.9216782736337	
8615	 0.005708302190986317	 0.9218975908772341	
8616	 0.005708974750938727	 0.9220786300402416	
8617	 0.005709518766098816	 0.922225078018711	
8618	 0.005709909816410142	 0.9223303538606941	
8619	 0.005710479327012757	 0.9224836821373713	
8620	 0.005710384931407192	 0.9224582674798024	
8621	 0.005710561571280057	 0.9225058254503984	
8622	 0.0057106897302436465	 0.9225403311855039	
8623	 0.005710772849971161	 0.9225627107568594	
8624	 0.0057108559210904755	 0.9225850774576652	
8625	 0.005711150935294215	 0.9226645110815302	
8626	 0.005689387747980001	 0.916812041090576	
8627	 0.005691345999787346	 0.9173380364146043	
8628	 0.00569376514511086	 0.9179879964390321	
8629	 0.005689011065309122	 0.9167108762546874	
8630	 0.005675768877574254	 0.9131572895877372	
8631	 0.0056593265415499396	 0.9087526188930447	
8632	 0.005643295830329762	 0.9044664224064521	
8633	 0.00563135891010683	 0.9012800665254321	
8634	 0.005621781323961248	 0.8987267476936955	
8635	 0.005629546583334855	 0.9007966903730951	
8636	 0.005630059908846701	 0.9009335918593708	
8637	 0.00562848246680379	 0.9005129220335625	
8638	 0.005626616318071609	 0.9000153618338582	
8639	 0.005626876578937942	 0.9000847470487369	
8640	 0.005629811886007716	 0.9008674443021744	
8641	 0.005635199183894348	 0.9023046708834483	
8642	 0.00564210474135265	 0.9041482796568042	
8643	 0.005648530401344564	 0.9058651196611565	
8644	 0.00565419942149952	 0.9073808783521029	
8645	 0.005659337327164867	 0.9087555054149556	
8646	 0.0056641252905423045	 0.9100372558982481	
8647	 0.005666086893096781	 0.9105625907564368	
8648	 0.005668121408439529	 0.9111075804230169	
8649	 0.005671604873752482	 0.9120410060260791	
8650	 0.005666601268074743	 0.9107003650835729	
8651	 0.0056700584957317425	 0.9116265930531003	
8652	 0.005667331883187223	 0.9108960732379617	
8653	 0.005661065985357858	 0.9092181884411018	
8654	 0.00564990845873143	 0.9062334855740031	
8655	 0.005633961909613232	 0.9019745090386874	
8656	 0.0056139368680734915	 0.8966376285199424	
8657	 0.005599148519908931	 0.8927045172712953	
8658	 0.005622787009099857	 0.8989947202978302	
8659	 0.0056175270857245505	 0.8975935264627134	
8660	 0.005615346727111581	 0.8970129558864871	
8661	 0.005611337666429856	 0.8959458435447972	
8662	 0.005606406781120708	 0.8946340612493789	
8663	 0.005601702480173743	 0.8933832747915676	
8664	 0.005599575590229227	 0.8928180039606245	
8665	 0.005600549428470608	 0.8930768065261969	
8666	 0.005603402318313964	 0.8938351494885177	
8667	 0.005607939312528427	 0.8950416841037908	
8668	 0.005614975764015194	 0.8969141933962016	
8669	 0.005620804222424329	 0.8984664220190306	
8670	 0.005624245096953453	 0.899383295863173	
8671	 0.005626188609377538	 0.8999013398890728	
8672	 0.005627934646830061	 0.9003668486283056	
8673	 0.005632635033440625	 0.9016204909882511	
8674	 0.0056263044260520595	 0.8999322146377926	
8675	 0.005628847627898605	 0.9006102956440784	
8676	 0.005626861559559951	 0.9000807428435552	
8677	 0.0056238674848380615	 0.8992826570448871	
8678	 0.005627626811335329	 0.9002847700215532	
8679	 0.0056374808959325715	 0.9029136636394345	
8680	 0.005662307339245998	 0.9095505004213374	
8681	 0.0056483657692765	 0.9058211161804441	
8682	 0.005644695185827264	 0.9048402508425302	
8683	 0.005644958501969853	 0.9049106008913964	
8684	 0.005648411383292783	 0.9058333079812981	
8685	 0.005646745380741237	 0.90538805823965	
8686	 0.005646593432318065	 0.90534745341789	
8687	 0.005646396200933687	 0.9052947488227245	
8688	 0.005646751672277582	 0.9053897395278985	
8689	 0.005648107313392247	 0.9057520368407274	
8690	 0.0056506211110849535	 0.9064240068259888	
8691	 0.0056532299135372294	 0.9071215835521055	
8692	 0.005653312822002595	 0.9071437562531398	
8693	 0.005653874822449934	 0.9072940610703907	
8694	 0.005654489123677908	 0.9074583649206376	
8695	 0.005654508186781396	 0.9074634638169254	
8696	 0.0056546173648724584	 0.907492666405688	
8697	 0.005657846557516942	 0.9083565699659069	
8698	 0.005649398996452401	 0.9060972951964844	
8699	 0.005653848969295901	 0.9072871465270912	
8700	 0.005658220370736447	 0.9084565971784118	
8701	 0.005662552138783654	 0.9096160392960264	
8702	 0.005797380992855395	 0.9459993189821876	
8703	 0.005813682340853201	 0.9504368151270001	
8704	 0.005807120079877739	 0.94864946044055	
8705	 0.0058038133270584095	 0.9477493143635772	
8706	 0.0061676675274692444	 1.0488321976208919	
8707	 0.006109872837317258	 1.0325031193986902	
8708	 0.006060765240462853	 1.018709110844495	
8709	 0.0060157037366439965	 1.0061169979224507	
8710	 0.005976062259853717	 0.9950913297302085	
8711	 0.005941577550624024	 0.9855395028374776	
8712	 0.005911343841974781	 0.9771954938951715	
8713	 0.005884812512693634	 0.969896677353644	
8714	 0.005861518175696545	 0.9635064210316726	
8715	 0.00584141364136043	 0.9580048052159419	
8716	 0.00582275979584831	 0.9529114478029858	
8717	 0.005806300942078564	 0.9484264474029475	
8718	 0.005791228296526188	 0.9443266133118454	
8719	 0.005777084531739893	 0.9404859032501236	
8720	 0.005764097840763541	 0.9369649099853974	
8721	 0.005756031766071951	 0.9347806701977953	
8722	 0.0057403771663762935	 0.9305473292738834	
8723	 0.005735140236631336	 0.9291328667866446	
8724	 0.005729645598068762	 0.9276497241176184	
8725	 0.005729020526868659	 0.9274810615508097	
8726	 0.005713980587929308	 0.9234265440638656	
8727	 0.005688065810171056	 0.9164570308257044	
8728	 0.005662656175990938	 0.9096438931946671	
8729	 0.005635270932792785	 0.9023238182814483	
8730	 0.005614426774979051	 0.896768042569231	
8731	 0.005607088011076389	 0.8948152456900885	
8732	 0.005602913742849821	 0.893705260180325	
8733	 0.0055994806883160175	 0.8927927848892002	
8734	 0.005597227894066572	 0.8921942148835047	
8735	 0.005596657985346913	 0.8920428149361548	
8736	 0.005597847303093777	 0.8923587765636716	
8737	 0.005600568731415535	 0.8930819366872159	
8738	 0.005604612815802866	 0.8941569965420308	
8739	 0.005609569445653154	 0.8954753485878536	
8740	 0.005612714710832026	 0.8963123212612997	
8741	 0.005616286742503311	 0.8972632381564967	
8742	 0.005619480238472157	 0.898113725834566	
8743	 0.005621993080167378	 0.8987831691210424	
8744	 0.005623988698709608	 0.8993149617165733	
8745	 0.005628117642531515	 0.9004156424455632	
8746	 0.0056091335533536135	 0.8953593798840351	
8747	 0.0056142775243471854	 0.8967283109942642	
8748	 0.005616895157053898	 0.8974252454718289	
8749	 0.005613640197450293	 0.8965586579850844	
8750	 0.005606479733647786	 0.8946534634860263	
8751	 0.005588156169310715	 0.8897854728360443	
8752	 0.005565597120423281	 0.8838068487413901	
8753	 0.00554159952848956	 0.8774646905736554	
8754	 0.005522844295027677	 0.8725207262729373	
8755	 0.005517455640882492	 0.871102319725627	
8756	 0.005516758747715101	 0.870918950272082	
8757	 0.0055190762136355775	 0.8715287913289649	
8758	 0.005524574278861126	 0.8729762899498454	
8759	 0.005532861140129824	 0.8751598216738666	
8760	 0.005542484396939108	 0.8776982218679599	
