Time	  Pressure(m)	  Flow(cms)	
0	 0.011522648547116054	 4.109473402879407	
1	 0.011297956432778039	 3.976785262461612	
2	 0.010941316739482317	 3.76977096824165	
3	 0.010673796209094795	 3.61740520456334	
4	 0.010471347603697435	 3.5037782210537394	
5	 0.010321558889845376	 3.4206434335388387	
6	 0.010208585692975562	 3.358471075837044	
7	 0.010121728158786826	 3.3109815691530833	
8	 0.010053454281336123	 3.2738428348987374	
9	 0.009983187492410929	 3.2357952058123334	
10	 0.009867798706819688	 3.1737017947990624	
11	 0.009822477635801883	 3.1494452454068096	
12	 0.009845964876871737	 3.1620066931691575	
13	 0.009852764137709571	 3.1656468064954506	
14	 0.009838224943496949	 3.1578650121296254	
15	 0.009801790351320207	 3.138397842843182	
16	 0.009763922345892358	 3.118215857541357	
17	 0.009710893274009858	 3.0900412931338637	
18	 0.009677832103944304	 3.072527559263233	
19	 0.009674087077567423	 3.0705461905161435	
20	 0.009660843404051905	 3.0635435053381737	
21	 0.0096314176567402	 3.048007335831183	
22	 0.009583486994287209	 3.022768660655935	
23	 0.009531015109445984	 2.9952350645592976	
24	 0.009478102212568847	 2.967572202224828	
25	 0.009426483375564983	 2.940684897434986	
26	 0.009378262088957593	 2.915655826570469	
27	 0.009334338456247721	 2.892931972358489	
28	 0.009298042508780673	 2.8742079975869186	
29	 0.009263050980130246	 2.856203004277611	
30	 0.009229237337702808	 2.8388471202409384	
31	 0.009196123649635792	 2.8218915432973337	
32	 0.009164030738387632	 2.8054974393073566	
33	 0.009135354767141649	 2.7908811599597123	
34	 0.009113647134191933	 2.779836993982067	
35	 0.009083143362249725	 2.764347243194333	
36	 0.009087820086857669	 2.766719826659782	
37	 0.009090681180795196	 2.768171710596426	
38	 0.009088829326413753	 2.7672319381868076	
39	 0.009083509684623322	 2.7645330554945433	
40	 0.009072399094321252	 2.7588995742095563	
41	 0.009059713410016334	 2.7524730833337725	
42	 0.009049328873509597	 2.7472168032225	
43	 0.009050946378189508	 2.7480352618524457	
44	 0.009052906884514768	 2.7490274103109207	
45	 0.009053097765904992	 2.7491240168242728	
46	 0.009052000878113023	 2.748568892147213	
47	 0.009049010175888602	 2.747055553477972	
48	 0.009026709810984858	 2.735781759810679	
49	 0.009002469210371294	 2.72354813806627	
50	 0.008979920429329866	 2.7121880321560607	
51	 0.008959123479108738	 2.7017273447030057	
52	 0.008940825750788998	 2.692537120819474	
53	 0.008924250527667479	 2.6842228591944606	
54	 0.008909899465317634	 2.677032564043588	
55	 0.00889935980288637	 2.671756804412965	
56	 0.008896279200847332	 2.6702155568959904	
57	 0.008904093382341995	 2.6741257417261597	
58	 0.008901674996152945	 2.672915346504433	
59	 0.008906669876353369	 2.6754155105987882	
60	 0.008908345164010395	 2.6762542774361147	
61	 0.008904856459417876	 2.6745077050650394	
62	 0.008897122119877891	 2.670637240040847	
63	 0.008889765222034423	 2.6669577376219498	
64	 0.00888102784095245	 2.662590432373749	
65	 0.008873283233686703	 2.6587217505481546	
66	 0.008867438527932238	 2.6558036209627645	
67	 0.00887101668464888	 2.6575899616417655	
68	 0.008878799978912003	 2.661477312693414	
69	 0.008881499127223769	 2.662825927734575	
70	 0.008879561004115051	 2.661857527209165	
71	 0.008873748490225186	 2.6589540977086465	
72	 0.008864210198177826	 2.6541923384212533	
73	 0.008851951186218333	 2.648077340975488	
74	 0.008838441823094383	 2.6413451836900856	
75	 0.008825921312252797	 2.635111925776996	
76	 0.008817206144288894	 2.6307766119687606	
77	 0.008797522432043531	 2.62099556468959	
78	 0.0087704411944609	 2.607562436726984	
79	 0.008740261788958429	 2.592625068487194	
80	 0.008711806597326075	 2.578572561504413	
81	 0.008702192921482704	 2.573831784197255	
82	 0.008668307057833035	 2.5571495411514955	
83	 0.008642499541727609	 2.544473447437335	
84	 0.008626686555802955	 2.5367189048693355	
85	 0.008598675241601916	 2.5230056648359422	
86	 0.008550539026412242	 2.4995095693720324	
87	 0.008499286373860783	 2.47458904215582	
88	 0.00844945553248964	 2.4504557006234875	
89	 0.008406885757868356	 2.4299139307647275	
90	 0.008393286087058237	 2.4233660825730614	
91	 0.008391751276725458	 2.422627559633791	
92	 0.008388075337721151	 2.420859130441639	
93	 0.00837797256315427	 2.41600152549771	
94	 0.008360006546515527	 2.4073727693910887	
95	 0.008330308518643772	 2.3931364305344744	
96	 0.00829555039212662	 2.3765173592654896	
97	 0.008263021855512618	 2.3610063238667607	
98	 0.008241201539529149	 2.3506242175962897	
99	 0.008229328368195763	 2.3449826537403777	
100	 0.008226915066666155	 2.343836631294731	
101	 0.00822720450674131	 2.3439740680295285	
102	 0.008229785025871964	 2.3451995353798667	
103	 0.008232838241780773	 2.3466498134378906	
104	 0.008234708907536505	 2.3475385571478706	
105	 0.008236819807915184	 2.348541596741212	
106	 0.0082248712248604	 2.3428662321957914	
107	 0.0082299584728263	 2.345281913103596	
108	 0.008235895561480073	 2.3481024001297595	
109	 0.008242428476327779	 2.351207508447188	
110	 0.008250390912116877	 2.3549942901948366	
111	 0.008260302000515266	 2.3597112185251157	
112	 0.008253443766441071	 2.356446815556505	
113	 0.008502550618216196	 2.4761732334668056	
114	 0.00841824990958868	 2.4353908600402576	
115	 0.008296069007413807	 2.3767649867803398	
116	 0.00821092271901072	 2.336247890232844	
117	 0.008162255544120155	 2.313214790497189	
118	 0.00813424714186778	 2.300000445847525	
119	 0.008114812415406859	 2.2908489596268073	
120	 0.008090176544745285	 2.279269327257742	
121	 0.008029430387777347	 2.250817121216872	
122	 0.007928448466148718	 2.203836275583936	
123	 0.007821983180909065	 2.1547345606098047	
124	 0.007742242864279176	 2.1182487818458196	
125	 0.0076833750511226505	 2.0914735165762557	
126	 0.007643483088529902	 2.0734066937189333	
127	 0.0076211374084204555	 2.0633138871281345	
128	 0.007609843297076198	 2.0582202066120456	
129	 0.0075909677853676786	 2.04971853581746	
130	 0.0075112700404875755	 2.013977468126565	
131	 0.007475668808834432	 1.998093172685811	
132	 0.00750319906434076	 2.0103720100784495	
133	 0.0075225611281783894	 2.019025746375365	
134	 0.007534343397490511	 2.0242990219423813	
135	 0.007539810140538229	 2.0267475871973186	
136	 0.007545002591853281	 2.029074392869238	
137	 0.0075475489010698405	 2.0302158177089877	
138	 0.007550703232146935	 2.03163015434164	
139	 0.007569840284497071	 2.040219254909128	
140	 0.0075932421328632135	 2.0507421729235618	
141	 0.007617045363008595	 2.0614677797295164	
142	 0.007636143397683808	 2.070089424979606	
143	 0.0076491706390254734	 2.075978717028866	
144	 0.007655231671962715	 2.0787210401439635	
145	 0.0076519614036187015	 2.0772412226280914	
146	 0.007644706293687392	 2.073959743731399	
147	 0.007635863190486553	 2.0699628237991834	
148	 0.007632767980549946	 2.068564574596728	
149	 0.007627331255934527	 2.066109470153362	
150	 0.007621090063713983	 2.063292524002828	
151	 0.007614155254688222	 2.0601643190167622	
152	 0.007605489321864595	 2.0562578949489536	
153	 0.007611017372654706	 2.0587494839044553	
154	 0.007603524480508707	 2.0553725974036317	
155	 0.007599787231590391	 2.0536891280133744	
156	 0.00759022656484393	 2.049384971850701	
157	 0.007576837360745674	 2.043363303567298	
158	 0.007561367935842404	 2.0364149035526236	
159	 0.007544685186778781	 2.0289321288408826	
160	 0.007526977929075488	 2.021001886275012	
161	 0.0075112571843485515	 2.0139717229908314	
162	 0.007503431297533205	 2.0104757169379432	
163	 0.007514131201420298	 2.0152562233040374	
164	 0.007534968369166129	 2.024578888075664	
165	 0.007547373357955001	 2.03013711939026	
166	 0.00755776349594242	 2.0347972578203803	
167	 0.007566169900184721	 2.0385707880759707	
168	 0.007573808012160518	 2.0420018659741155	
169	 0.007580763943997057	 2.0451285128208894	
170	 0.007587439186046723	 2.048130790375978	
171	 0.007594043300508976	 2.051102810719107	
172	 0.007599946171493605	 2.053760712347863	
173	 0.00760385848172761	 2.0555230774006596	
174	 0.007607401154795207	 2.057119454888523	
175	 0.007608818080163793	 2.0577580798372908	
176	 0.007608532198573479	 2.057629223253066	
177	 0.007620395315876874	 2.0629790464366153	
178	 0.007623602323061979	 2.0644262409738703	
179	 0.007631820211757256	 2.0681364992670663	
180	 0.007636738859993842	 2.0703584727190263	
181	 0.0076340454188911925	 2.069141606659731	
182	 0.007617192554169912	 2.0615341728816587	
183	 0.0075875059410282514	 2.048160823199679	
184	 0.007546744562909243	 2.029855232202234	
185	 0.00749639503331508	 2.007334528260868	
186	 0.007464439954807891	 1.9930936063683453	
187	 0.007454604463796038	 1.9887185420309947	
188	 0.0074274151353072694	 1.9766440905744689	
189	 0.00738798504689722	 1.9591859643763343	
190	 0.007378721700352828	 1.9550935015893973	
191	 0.007376745750945427	 1.9542209879948662	
192	 0.007370620049107725	 1.9515170718414243	
193	 0.007365454428381876	 1.9492381044058293	
194	 0.007364946789861142	 1.949014202037344	
195	 0.007370935405341592	 1.951656235133666	
196	 0.007378819904779449	 1.955136869464369	
197	 0.007385581530071131	 1.958123783521613	
198	 0.007386866600742618	 1.9586916632877356	
199	 0.007383024445761074	 1.9569939899052324	
200	 0.007375707970318305	 1.9537628009556098	
201	 0.007385638124108777	 1.9581487913502065	
202	 0.007402844350651924	 1.9657578177219537	
203	 0.007411553009670879	 1.969613503860786	
204	 0.007410969641911798	 1.9693551282167414	
205	 0.007402679545813334	 1.9656848808928966	
206	 0.007384722674096836	 1.957744287085864	
207	 0.007361860851885819	 1.9476533194141619	
208	 0.007333180897212497	 1.935023804136721	
209	 0.00730817174325452	 1.9240376044774727	
210	 0.00730785061404902	 1.923896699282792	
211	 0.007330343108110471	 1.9337759415823683	
212	 0.007358523564234143	 1.946182020857955	
213	 0.0073849309278517525	 1.9578363039539908	
214	 0.007408996250911127	 1.9684812068730255	
215	 0.0074321291579589185	 1.9787354229355152	
216	 0.00745398752059005	 1.9884442389583188	
217	 0.007471953705736504	 1.996438495226065	
218	 0.007482806427162603	 2.0012737498441826	
219	 0.007485219890209717	 2.0023496651333086	
220	 0.007486402863467797	 2.00287711587962	
221	 0.007482738425934634	 2.0012434384314854	
222	 0.007475186292543676	 1.9978782327725346	
223	 0.00746434773809564	 1.9930525682856006	
224	 0.0074514342075650076	 1.9873091550345119	
225	 0.007461108560013814	 1.9916112906882983	
226	 0.007477490542017062	 1.9989047585550974	
227	 0.007486456059063064	 2.0029008354359776	
228	 0.007487923486387663	 2.003555195661002	
229	 0.0074876354807403	 2.003426760451503	
230	 0.007487028851166013	 2.003156246681519	
231	 0.007486482618664161	 2.002912678224633	
232	 0.0074835540898694885	 2.001607031124358	
233	 0.007480194189072348	 2.0001094818640186	
234	 0.007478864522735377	 1.9995169569917701	
235	 0.007487423626059024	 2.0033322866273133	
236	 0.0074958802046314185	 2.0071047712175525	
237	 0.007502634484353504	 2.0101198982068595	
238	 0.00751081971214981	 2.013776229854944	
239	 0.007520115488799018	 2.017931864991092	
240	 0.007527011039144748	 2.021016703113673	
241	 0.007530994990937367	 2.022799848626639	
242	 0.007533681084159695	 2.024002450878625	
243	 0.007534258775550595	 2.0242611289104677	
244	 0.00752212479627787	 2.018830567212957	
245	 0.007511184626180316	 2.0139392984079736	
246	 0.007498260723430262	 2.008167234037093	
247	 0.007484946304455226	 2.0022276897209466	
248	 0.007472293866441411	 1.9965899773011302	
249	 0.007483173045443406	 2.001437172380723	
250	 0.0074932368546927735	 2.005925266284526	
251	 0.007499444345866583	 2.0086955869772103	
252	 0.0075038563685425825	 2.0106655436643215	
253	 0.007508796921641281	 2.012872404461158	
254	 0.007515719333017378	 2.0159661562447972	
255	 0.0075229273180190395	 2.0191895555489796	
256	 0.007529094972584738	 2.0219493559595274	
257	 0.0075339266649945775	 2.024112415185822	
258	 0.007537463690167737	 2.025696462304357	
259	 0.007543078961036068	 2.0282122640928413	
260	 0.007553107047782437	 2.032708239920971	
261	 0.0075615514940693225	 2.036497296874595	
262	 0.007566713925097318	 2.0388150904310374	
263	 0.007570238493754395	 2.0403981332847194	
264	 0.007572401034788093	 2.0413696713317675	
265	 0.0075795529796957835	 2.044584054556619	
266	 0.007581714123206412	 2.0455557608299317	
267	 0.007610270629121552	 2.0584128430610673	
268	 0.007604043694253026	 2.055606524445382	
269	 0.007613553484652538	 2.0598929576611185	
270	 0.007621131164050836	 2.0633110695060517	
271	 0.007670690008031475	 2.085721741155211	
272	 0.007852649021948025	 2.1688322344413082	
273	 0.008239290800638966	 2.349715959667575	
274	 0.008397880210144447	 2.425577229497104	
275	 0.008757331500835446	 2.6010695460772775	
276	 0.009353357670411592	 2.902762816139736	
277	 0.010135766246498932	 3.3186385841210435	
278	 0.010991611750654409	 3.7986966524052206	
279	 0.011766887921119984	 4.2556739078869485	
280	 0.011793323249258861	 4.271620401560915	
281	 0.011603195547968294	 4.1574624332645005	
282	 0.011434389174913781	 4.05714563272919	
283	 0.011302472060567004	 3.9794347201337072	
284	 0.011202025607502608	 3.9206666312505662	
285	 0.01112986909502253	 3.8786662259647118	
286	 0.011104062959154537	 3.863689109476267	
287	 0.011086620392765083	 3.8535790923175752	
288	 0.011104675910624135	 3.8640445795870053	
289	 0.011117503443597573	 3.871486676142522	
290	 0.011124298522027457	 3.875431269015962	
291	 0.011125637852856085	 3.876208949943559	
292	 0.01112098129491675	 3.873505393605597	
293	 0.011118357037287805	 3.8719821052934233	
294	 0.011117573553552893	 3.871527367281774	
295	 0.011114188064182176	 3.869562657355599	
296	 0.011109692358357619	 3.8669542692385566	
297	 0.011100975156706624	 3.8618985932713206	
298	 0.011135545561910687	 3.8819637884467064	
299	 0.011213847501666487	 3.927565087313831	
300	 0.011260973555789852	 3.9551128438302134	
301	 0.011273873676529236	 3.962667092018389	
302	 0.011244548987582849	 3.945503042258768	
303	 0.011214098348189224	 3.9277115168943166	
304	 0.011172515040832203	 3.9034674407526566	
305	 0.011131304378128502	 3.8794999020482352	
306	 0.011099452620239283	 3.8610158461043538	
307	 0.011074044654501314	 3.8462965489730903	
308	 0.011050887358693978	 3.8329007016438315	
309	 0.011027216294895684	 3.8192269820429785	
310	 0.011000812281701813	 3.8039976307056067	
311	 0.010967589135182759	 3.784869724706457	
312	 0.010928467470085548	 3.7623952809652503	
313	 0.010892444702588096	 3.7417484517330353	
314	 0.010865049546015167	 3.726077065530266	
315	 0.010849906604193755	 3.7174258469654	
316	 0.010907587613648647	 3.7504222341278597	
317	 0.010942086055142521	 3.770212751115728	
318	 0.010936237897085964	 3.7668549404829035	
319	 0.010928518814064276	 3.7624247417361416	
320	 0.010926391500386438	 3.761204183182876	
321	 0.010926665575006217	 3.7613614261948296	
322	 0.010910001571811854	 3.7518056793860817	
323	 0.010897956683693786	 3.7449047565613793	
324	 0.010886502945355953	 3.7383472382139855	
325	 0.010875933797321909	 3.7323002462440744	
326	 0.010865661219296737	 3.7264266857423056	
327	 0.010851625802166196	 3.7184076263119574	
328	 0.010844304484117648	 3.7142273737343228	
329	 0.010847332705513859	 3.7159561690549565	
330	 0.010849337769920026	 3.717101026615282	
331	 0.010982262475508297	 3.7933130031045112	
332	 0.011015032839092978	 3.8121967635054306	
333	 0.011066778005350142	 3.842090983230956	
334	 0.011049821560530785	 3.832284617302218	
335	 0.011033833680830281	 3.8230475827224897	
336	 0.011021482177069214	 3.815917579083844	
337	 0.011020223693134126	 3.815191408122205	
338	 0.011021006359608827	 3.815643016181218	
339	 0.011017251941282941	 3.813476865948884	
340	 0.011118353402678938	 3.8719799956983167	
341	 0.011145498878711198	 3.8877485561128675	
342	 0.011179835462345224	 3.9077310685657243	
343	 0.011302626297495231	 3.979525228147639	
344	 0.011683749944696138	 4.20567850322138	
345	 0.012209041360967432	 4.525517579300481	
346	 0.01275616926700832	 4.868547784869878	
347	 0.012887664007231025	 4.952479156778756	
348	 0.012982912785943965	 5.01363308219349	
349	 0.012940182299823804	 4.986161093937651	
350	 0.012958430438311425	 4.997885673958565	
351	 0.013047434534849913	 5.055229290163792	
352	 0.013034850275001307	 5.047105615996568	
353	 0.013011987098395097	 5.0323598402554754	
354	 0.013014627377785411	 5.034061826602532	
355	 0.012970000531978746	 5.005325259868076	
356	 0.012926573928573286	 4.977424774106704	
357	 0.012888854310716735	 4.953241531129379	
358	 0.012854555028994238	 4.931292091417301	
359	 0.012823045689921587	 4.911162422551106	
360	 0.012793979960715626	 4.8926230625306335	
361	 0.01276494386744432	 4.874130620262064	
362	 0.012735147438453458	 4.855183069157078	
363	 0.01276077642964211	 4.87147877081585	
364	 0.01275603629063059	 4.868463198399589	
365	 0.012735894757937263	 4.855657928713417	
366	 0.012707423066156565	 4.8375796608998	
367	 0.012674420702510123	 4.816658383576714	
368	 0.012638426521864117	 4.793881865900078	
369	 0.012599411369653948	 4.769242524308643	
370	 0.0125543542428127	 4.740850707560978	
371	 0.012518697172427935	 4.718430231992237	
372	 0.012482606228967831	 4.695780258275777	
373	 0.012445715002855942	 4.672673121071185	
374	 0.01240786281988836	 4.649011495825006	
375	 0.012369618181317819	 4.625153368190706	
376	 0.012332628475898178	 4.602124838713743	
377	 0.012296032502481227	 4.579386702243099	
378	 0.012261449913742607	 4.557940959286087	
379	 0.012273480201861534	 4.5653967488536225	
380	 0.012268889647884449	 4.562551170844843	
381	 0.012253195468940076	 4.552828074459419	
382	 0.01223030786873413	 4.538663277540606	
383	 0.012203464300941796	 4.522072695137003	
384	 0.01217451045269274	 4.5042051143854085	
385	 0.012144631479662316	 4.485796311789759	
386	 0.012113361525667658	 4.466562817466237	
387	 0.012082013333715549	 4.447314396531959	
388	 0.012051287847760227	 4.428480610881905	
389	 0.012048523833038059	 4.4267879218319806	
390	 0.01203234644326115	 4.416886042534033	
391	 0.012010119349871241	 4.403295720991687	
392	 0.011985591314349718	 4.388317983044973	
393	 0.011962661261664793	 4.374334501137796	
394	 0.011940625560155078	 4.360913249592993	
395	 0.011918622102307944	 4.34752810236484	
396	 0.011900367902517155	 4.336436198795061	
397	 0.012142868071716436	 4.484710797035458	
398	 0.012386798841585637	 4.635865093718279	
399	 0.012637227975906292	 4.793124189025645	
400	 0.012578684500414222	 4.75617349438633	
401	 0.012553950648431858	 4.740596697389782	
402	 0.012514830439049947	 4.71600146046777	
403	 0.012514879180759112	 4.71603207298401	
404	 0.01267693716713703	 4.818252375247106	
405	 0.012869323529244836	 4.94073824691041	
406	 0.013015108679725185	 5.034372109988455	
407	 0.013094643824967585	 5.085751447451498	
408	 0.013178134860163226	 5.139910545376477	
409	 0.013319451284505856	 5.232102026344267	
410	 0.013414678289394095	 5.294595071442213	
411	 0.013609662974072515	 5.42347861688787	
412	 0.013754352173574434	 5.519917005695758	
413	 0.01405814872915593	 5.724609548807281	
414	 0.014230159210600177	 5.841825495030899	
415	 0.014577906576777351	 6.081689624400473	
416	 0.015034778366945778	 6.402663809811165	
417	 0.015605104327106493	 6.812556367311529	
418	 0.016163246718791987	 7.223482940255325	
419	 0.016899408647078663	 7.7800937021895304	
420	 0.017901066103735666	 8.563746605629694	
421	 0.01896700774375274	 9.43040512984517	
422	 0.020286360587026122	 10.548868595149115	
423	 0.0216285327222488	 11.737548806084135	
424	 0.02251602694724964	 12.551199927296778	
425	 0.022864602436304678	 12.876714652920002	
426	 0.022970601538650857	 12.976361282558381	
427	 0.02312347931083227	 13.12061776615735	
428	 0.023289258611865777	 13.277768335374734	
429	 0.023424707599923572	 13.40672224831428	
430	 0.02327415236580072	 13.263417380091347	
431	 0.023038796624261077	 13.040631802342139	
432	 0.022808874493309667	 12.824449755151768	
433	 0.022641664378136982	 12.668141198385385	
434	 0.022519694693468373	 12.554607656654634	
435	 0.022393402688078077	 12.437481973453796	
436	 0.02225462507792162	 12.3092838005028	
437	 0.02213675486341795	 12.200816843104754	
438	 0.022027241452994763	 12.100384441345417	
439	 0.02193540561725194	 12.016419935650074	
440	 0.021808183512147077	 11.900488881667968	
441	 0.021658993823655825	 11.765113203878245	
442	 0.021485718650824305	 11.608660814182556	
443	 0.021320873116168346	 11.460598301037978	
444	 0.021158053374163797	 11.315102570900992	
445	 0.021004703742600068	 11.178750127041381	
446	 0.02086643199809213	 11.056371898817343	
447	 0.02073881196994388	 10.943899713421676	
448	 0.02061681610463753	 10.836814595444533	
449	 0.020508021427045893	 10.741672787297752	
450	 0.02041999372023508	 10.664937668470094	
451	 0.020338593008918826	 10.59417536733239	
452	 0.0202641243661131	 10.529604316838483	
453	 0.02019418540250869	 10.469104782086609	
454	 0.02012424408509096	 10.408742743544115	
455	 0.020056357326849232	 10.350287467785632	
456	 0.019987579005501986	 10.291198858796703	
457	 0.019931594144858823	 10.243201280210448	
458	 0.019861291501445593	 10.183055804929472	
459	 0.019790809110454513	 10.122898859299374	
460	 0.019720529910485497	 10.063057379592701	
461	 0.019643005009782694	 9.997211042956575	
462	 0.01957748979722092	 9.941700106280795	
463	 0.019635443928734543	 9.990798240730813	
464	 0.01969967189115636	 10.04532446903236	
465	 0.02002026492813286	 10.319263009444557	
466	 0.019936036649792994	 10.247006700278948	
467	 0.019842099947041843	 10.166661627971607	
468	 0.019722316662679113	 10.064577008540073	
469	 0.019602396891695094	 9.96278928071832	
470	 0.019494926302955136	 9.871920383719678	
471	 0.019398304397014985	 9.790508854171925	
472	 0.019302476153494372	 9.710032619971557	
473	 0.019215374907817204	 9.637115968365443	
474	 0.019137049108057785	 9.571733539478828	
475	 0.019058512878529867	 9.506354332388568	
476	 0.01897641758069056	 9.438204044834526	
477	 0.018889447126327442	 9.366220818668722	
478	 0.01879736576688823	 9.290247872603343	
479	 0.018700560693860953	 9.210644663011198	
480	 0.01859970804922631	 9.128004807762245	
481	 0.018495661296512658	 9.043060176122896	
482	 0.018388841034190192	 8.956182034134976	
483	 0.01828041014194054	 8.868337383737133	
484	 0.018171031026869594	 8.780075783608403	
485	 0.018061488800364293	 8.69203683589156	
486	 0.01794654563694294	 8.600039131171414	
487	 0.017830125962397986	 8.507259231058251	
488	 0.017712714257370945	 8.41409689445851	
489	 0.017594311716070923	 8.320564367443149	
490	 0.017474364015103213	 8.22623815750006	
491	 0.017367207549371502	 8.142335100080194	
492	 0.01726831835628629	 8.065210848967983	
493	 0.017251804026811365	 8.052359849880002	
494	 0.017150574357475173	 7.973764945206175	
495	 0.017074454233147806	 7.914868417748126	
496	 0.01704640761038282	 7.893211916695286	
497	 0.016922188883803944	 7.797580704633923	
498	 0.016785505698203987	 7.692893100308978	
499	 0.01665375821830171	 7.592522249233247	
500	 0.016602351192623096	 7.553501302758687	
501	 0.016559196484511783	 7.520806472714259	
502	 0.016425957900500356	 7.420220714504856	
503	 0.01629542982832283	 7.322207219081594	
504	 0.01616822330638085	 7.227190114674459	
505	 0.016045300875984426	 7.135845251205951	
506	 0.01592657258944086	 7.048058878918197	
507	 0.015809931564573044	 6.962239592103138	
508	 0.015695131598380246	 6.878186018327569	
509	 0.01557502748585904	 6.790686545721294	
510	 0.015449579489050968	 6.69977297254805	
511	 0.015325503241245325	 6.6103363047955375	
512	 0.015204869926013106	 6.523842934343011	
513	 0.01508923746697551	 6.441363431483843	
514	 0.014964135056264628	 6.352602481164222	
515	 0.014828656151405281	 6.257035791990544	
516	 0.014662078894426226	 6.140327962633379	
517	 0.014477924923238433	 6.0123305326986625	
518	 0.014291634836032328	 5.883948095469338	
519	 0.014105654142636058	 5.756886932214427	
520	 0.013922645379638695	 5.632941621624691	
521	 0.013783161266788954	 5.539199969512759	
522	 0.013727449908110933	 5.501934644753788	
523	 0.013682544048954724	 5.4719704006093774	
524	 0.013634611703056777	 5.440058939593778	
525	 0.013580380706457305	 5.404044162286051	
526	 0.01351869178223141	 5.363192995534795	
527	 0.013448342715961214	 5.3167584261689935	
528	 0.013368107876546029	 5.263995998020987	
529	 0.013279810380317643	 5.206175103746438	
530	 0.013185863735855098	 5.144935724820488	
531	 0.013089272343889163	 5.082274926498822	
532	 0.01299845237611442	 5.023638654468046	
533	 0.012906135136067944	 4.964314968249737	
534	 0.012813146429631501	 4.904845103370124	
535	 0.012719451011083576	 4.845213584499559	
536	 0.01262694846219912	 4.7866278243204095	
537	 0.012552031563832285	 4.739388957719207	
538	 0.012490945787582922	 4.7010101296615465	
539	 0.012423509124809669	 4.658786268373816	
540	 0.012356404840990974	 4.6169219146823375	
541	 0.012290617154143983	 4.576025816882592	
542	 0.012224324785210098	 4.534963347088193	
543	 0.012156525906056988	 4.4931210010507305	
544	 0.012087797465706256	 4.450863468135263	
545	 0.012019502490638765	 4.409030815608087	
546	 0.011960660514197237	 4.373115228023982	
547	 0.011904896933881729	 4.339187142731779	
548	 0.011847792787176915	 4.304553049831304	
549	 0.011786601028723833	 4.267563117395352	
550	 0.011721960228030083	 4.2286270839202675	
551	 0.011655474425308416	 4.188728781177613	
552	 0.011590828958165851	 4.150080075426531	
553	 0.011529258654780257	 4.113403236592792	
554	 0.011470606324084302	 4.078585829289038	
555	 0.011413822485809275	 4.044990484872145	
556	 0.011356854787864449	 4.0113981440042235	
557	 0.011300935733440924	 3.9785332305508785	
558	 0.011246042477358512	 3.94637647722087	
559	 0.0111927134629752	 3.915236110929724	
560	 0.011140410561492025	 3.8847908468208874	
561	 0.011091427046384673	 3.8563640553316865	
562	 0.011048681600662538	 3.831625707652186	
563	 0.01101359787920773	 3.8113690897918873	
564	 0.010985437618670236	 3.795141022386392	
565	 0.010962338093059071	 3.7818500184738078	
566	 0.010942841939369452	 3.7706468410992295	
567	 0.010924876546414528	 3.7603350661363835	
568	 0.010902877517892689	 3.747723454513227	
569	 0.010876764388779376	 3.7327753158908257	
570	 0.010845479380601352	 3.7148980776172396	
571	 0.010812369190751252	 3.6960152841795932	
572	 0.010776589562193099	 3.67565339911789	
573	 0.01073767649945111	 3.653559410861625	
574	 0.010695069409107031	 3.6294291829372525	
575	 0.01065228969727583	 3.605265583495841	
576	 0.010608214608186728	 3.5804378787904416	
577	 0.010564657688129907	 3.555969528988225	
578	 0.010524688516983247	 3.533575706615298	
579	 0.010524031239367826	 3.5332079218803973	
580	 0.010615781266126046	 3.5846953325028195	
581	 0.010730677041375938	 3.6495909267944575	
582	 0.010997110974106349	 3.801864729694531	
583	 0.01130591314369496	 3.981454183256602	
584	 0.011325207529093325	 3.9927850390257174	
585	 0.011193914614149536	 3.915936411575224	
586	 0.011014926925318077	 3.812135670805773	
587	 0.01083870525292109	 3.711031650382901	
588	 0.010661758041580578	 3.6106080982327167	
589	 0.010484152196000468	 3.510921958729253	
590	 0.010334720648161214	 3.427916368553926	
591	 0.010214519219674438	 3.3617251077821737	
592	 0.010117847539533766	 3.308866150304411	
593	 0.010040589046056507	 3.266863344999886	
594	 0.010026773756718097	 3.2593750792948524	
595	 0.010035174801032366	 3.26392785667404	
596	 0.010043346383633304	 3.268358720348948	
597	 0.010042987954516748	 3.268164319507507	
598	 0.01003424664923645	 3.2634247385314175	
599	 0.010015948477214407	 3.2535122850526186	
600	 0.009986278671711054	 3.237465256169531	
601	 0.009946254674752152	 3.215868436998594	
602	 0.009894250226571762	 3.187893447709674	
603	 0.009846301565274692	 3.162186906270313	
604	 0.009803580249429083	 3.1393530687230293	
605	 0.009758050821828693	 3.115091257853277	
606	 0.009709878194777527	 3.0895029754317567	
607	 0.009657285387622418	 3.061663269236732	
608	 0.009599976223808527	 3.0314418619817536	
609	 0.009550752000198191	 3.0055797871230108	
610	 0.009498209063103509	 2.9780719684332575	
611	 0.00942078592584117	 2.9377232011234145	
612	 0.009348548243602796	 2.900275610858997	
613	 0.009267381774034024	 2.858428972486643	
614	 0.009199381552067318	 2.8235579216685216	
615	 0.009143207801770067	 2.7948808524543254	
616	 0.009101032134792682	 2.7734269258473114	
617	 0.009073759950707439	 2.7595893318258664	
618	 0.009086054337309774	 2.7658239356347196	
619	 0.009101904529581945	 2.7738700258662634	
620	 0.009114453456415319	 2.7802469122828457	
621	 0.00912081541611448	 2.7834820548665555	
622	 0.009114644392213546	 2.780343983813767	
623	 0.009096180266266912	 2.7709631189532633	
624	 0.009066714644721205	 2.756019125177189	
625	 0.009026927390707611	 2.7358916661205637	
626	 0.008979237174239034	 2.7118441038523335	
627	 0.008926712265857506	 2.6854570359416754	
628	 0.008871118871083897	 2.6576409837317017	
629	 0.00881795084277649	 2.6311469466846833	
630	 0.00876818532512086	 2.606444702040571	
631	 0.008722944771052586	 2.584069474801888	
632	 0.008682104427837857	 2.5639368438869603	
633	 0.008661096813201428	 2.553605488654453	
634	 0.008681615902153739	 2.56369640189157	
635	 0.008698039194865604	 2.5717845430421606	
636	 0.00871023373412675	 2.577796699123706	
637	 0.00871662745707936	 2.5809511782653676	
638	 0.008712844597676779	 2.5790846377491983	
639	 0.008699853416524047	 2.572678635664775	
640	 0.008683314854395361	 2.564532629063105	
641	 0.008668762155638337	 2.557373301397167	
642	 0.008666720079008526	 2.556369324497843	
643	 0.008666734832781166	 2.556376577551834	
644	 0.008664197284754125	 2.5551292228984708	
645	 0.008657562663926642	 2.551869065889078	
646	 0.008645879143922326	 2.5461320009729325	
647	 0.008629062102107425	 2.5378832465322225	
648	 0.008605500301190528	 2.5263442061543526	
649	 0.00856961581835596	 2.508810752230295	
650	 0.00853513187582136	 2.492007667035317	
651	 0.008501842112833618	 2.47582934972878	
652	 0.008468775352790161	 2.45980116228895	
653	 0.008435009920819967	 2.4434773111924573	
654	 0.008400516385214727	 2.4268463821705173	
655	 0.008366276236504941	 2.4103825863761625	
656	 0.008333312616596783	 2.3945749687750064	
657	 0.00830858431739284	 2.3827439040451033	
658	 0.008302569567556563	 2.3798697381285066	
659	 0.008285570462121783	 2.371754170279612	
660	 0.00826925071062028	 2.3639733702208523	
661	 0.00825395399728645	 2.356689614534491	
662	 0.008239920276427545	 2.3500151615870184	
663	 0.008226022616534477	 2.343412883621211	
664	 0.00820745694110093	 2.3346045960228983	
665	 0.008197452227579834	 2.3298634688444446	
666	 0.008201163760860377	 2.3316218751105433	
667	 0.008204192781303939	 2.333057321751421	
668	 0.008205649589554368	 2.333747826069611	
669	 0.008203038985080267	 2.3325104983960205	
670	 0.008192531488115015	 2.3275329974044716	
671	 0.008171414561114507	 2.3175425765208915	
672	 0.008143415882709849	 2.304322917247788	
673	 0.00811497052008326	 2.2909233495751233	
674	 0.008086737175077612	 2.2776545831717105	
675	 0.008057096472098695	 2.263757596911425	
676	 0.008020212756234792	 2.246512278127441	
677	 0.007984329471471062	 2.22978538242546	
678	 0.007949063135118822	 2.2133948332466686	
679	 0.007915922019535192	 2.1980361293735715	
680	 0.00788341417521699	 2.183012492987711	
681	 0.007862592007337691	 2.173411107033882	
682	 0.00786829971972983	 2.1760413268215584	
683	 0.007876356525239889	 2.1797562177307896	
684	 0.007886032682167138	 2.1842211203929853	
685	 0.007891708150607897	 2.1868416716376644	
686	 0.007892885659015386	 2.1873855235884743	
687	 0.007890323117351836	 2.1862020401013846	
688	 0.007884047848019429	 2.1833049535631637	
689	 0.007877106739199708	 2.18010226086579	
690	 0.007883635191226073	 2.183114497273146	
691	 0.007894200705205748	 2.1879929636035356	
692	 0.00790421072510726	 2.192618956356139	
693	 0.00791140866815349	 2.195947801606691	
694	 0.007915525781913468	 2.1978527584252894	
695	 0.007917398875088232	 2.198719642873081	
696	 0.007917707655307886	 2.198862562277753	
697	 0.007914043878800394	 2.197167017162446	
698	 0.00790554922132073	 2.1932378201342857	
699	 0.00789196461454456	 2.1869601191880728	
700	 0.007872181497122011	 2.177830848770064	
701	 0.007845074361064257	 2.1653465983889264	
702	 0.007825281949577588	 2.15624930221737	
703	 0.007804616879121244	 2.1467672565962457	
704	 0.007783872747226175	 2.1372657531718637	
705	 0.0077726170013844706	 2.1321173042539985	
706	 0.007785547229501893	 2.138032096259138	
707	 0.007793159356587375	 2.1415172453275897	
708	 0.007797473553783943	 2.1434934726017905	
709	 0.007800331018015447	 2.144802807828565	
710	 0.007805543703400998	 2.1471921663657643	
711	 0.00781449061342162	 2.1512956759668573	
712	 0.007825838304547611	 2.1565048134465963	
713	 0.007838661211885029	 2.162397209219853	
714	 0.007857704582439584	 2.1711599023375325	
715	 0.007877540630503992	 2.1803024072758634	
716	 0.00789438758518623	 2.188079291809133	
717	 0.007907365628267734	 2.1940777612535354	
718	 0.007915525528209219	 2.1978526410179327	
719	 0.007919062820649986	 2.19948984660213	
720	 0.007918007166026265	 2.199001194829531	
721	 0.007912615029016655	 2.196505907047142	
722	 0.007901893775939509	 2.1915478626390947	
723	 0.00788670087242557	 2.184529580627724	
724	 0.007873847909738585	 2.1785992551888818	
725	 0.007860139772588141	 2.172281462566921	
726	 0.007846413170572027	 2.1659625159670273	
727	 0.007833568755259101	 2.16005634835444	
728	 0.007820588450598248	 2.1540942509193846	
729	 0.007819713623791	 2.1536926636772407	
730	 0.007840803573590401	 2.1633822964430762	
731	 0.007861154411792758	 2.172748836947231	
732	 0.007879291682890123	 2.18111021155248	
733	 0.007895926593020804	 2.188790280039854	
734	 0.007911683664718805	 2.196075019806211	
735	 0.007926754792965474	 2.2030516931977586	
736	 0.007941176788557614	 2.209736157758167	
737	 0.007955350014358637	 2.2163132094956506	
738	 0.007970566920805893	 2.223383279605749	
739	 0.007991522905921061	 2.2331345744382824	
740	 0.008013434655411121	 2.243348854833991	
741	 0.008033444209042609	 2.2526926969633667	
742	 0.008049834549866122	 2.2603580488133495	
743	 0.008063302788301306	 2.2666645999950576	
744	 0.008075319834697768	 2.27229755705153	
745	 0.008086333140131977	 2.2774649235064266	
746	 0.00809661620320577	 2.282293902802118	
747	 0.008106096913494419	 2.2867497172653377	
748	 0.008112517710969972	 2.28976938532906	
749	 0.008117260479852857	 2.292000908584578	
750	 0.008121907324066766	 2.2941881414602956	
751	 0.008131249852517687	 2.2985881209055536	
752	 0.008142915398952842	 2.304086887596933	
753	 0.00815851629981094	 2.3114488663843984	
754	 0.008179793350324158	 2.3215045255875384	
755	 0.008198110213130808	 2.3301751627448244	
756	 0.008215550851193184	 2.338443034390548	
757	 0.008231829638579068	 2.3461706870842414	
758	 0.008246488827631869	 2.3531382290752467	
759	 0.008258249763742884	 2.3587341991467174	
760	 0.00826845084250567	 2.3635922784666845	
761	 0.008281124189652577	 2.369633298644063	
762	 0.00829983369320261	 2.378562851682258	
763	 0.008317904914754327	 2.3872005196811577	
764	 0.008334092969323307	 2.3949487039905915	
765	 0.00834776534202862	 2.4015006135963763	
766	 0.008361295296123348	 2.407991321564866	
767	 0.008374622019218503	 2.4143913825432164	
768	 0.008389432274148956	 2.4215118683941212	
769	 0.008406630869031827	 2.4297911441798083	
770	 0.008427340924744921	 2.4397758063089627	
771	 0.008450899725369538	 2.451153799312461	
772	 0.008470311256934674	 2.46054472654563	
773	 0.008489603257055441	 2.46989205294613	
774	 0.00850696643342196	 2.4783169463200774	
775	 0.008522010487141308	 2.4856258398357993	
776	 0.008534665511314198	 2.491780729952056	
777	 0.008545402680944069	 2.497007626949624	
778	 0.008558133481769483	 2.503210707040616	
779	 0.008576453818860878	 2.5121480880916898	
780	 0.00860423643521641	 2.525725841144956	
781	 0.008636394458545077	 2.541478448925268	
782	 0.00866504952254105	 2.555548120922081	
783	 0.008687569467552112	 2.5666272354830966	
784	 0.008697798325858317	 2.571665846276561	
785	 0.008699578390305114	 2.572543088051138	
786	 0.008700075746759257	 2.5727882139705347	
787	 0.008698220125254117	 2.5718737043639424	
788	 0.008695899055213748	 2.5707299899170755	
789	 0.00869368022740188	 2.5696368458945265	
790	 0.008692000101448768	 2.5688092264213265	
791	 0.008691926679342505	 2.5687730615857056	
792	 0.008691156125855833	 2.56839352959396	
793	 0.008689354743316358	 2.56750635579445	
794	 0.008685942242041762	 2.565826048498895	
795	 0.008682070636887845	 2.5639202124066465	
796	 0.008678834000174883	 2.5623273805847706	
797	 0.008676909177546441	 2.5613803138281694	
798	 0.00867656679955704	 2.5612118689189223	
799	 0.008677704284383973	 2.561771511731643	
800	 0.008680693385274042	 2.563242383219646	
801	 0.008686039964247216	 2.5658741605542916	
802	 0.008692570571756554	 2.5690902245483813	
803	 0.008700335061617465	 2.5729160229802477	
804	 0.008712413584398072	 2.5788720012248345	
805	 0.008730050710133415	 2.5875788450929114	
806	 0.008751178088748942	 2.598024154205705	
807	 0.008772475101794781	 2.6085703583369284	
808	 0.008789428181961994	 2.616977674670981	
809	 0.00881051236363692	 2.627448765517528	
810	 0.008861404098691973	 2.652792111808826	
811	 0.008998505425613918	 2.7215498022321944	
812	 0.009081340494987955	 2.7634328348216477	
813	 0.009104058773127508	 2.7749643138809343	
814	 0.009105322810359886	 2.7756064854358447	
815	 0.009104406220596247	 2.775140822442667	
816	 0.009096989643825727	 2.7713740646869947	
817	 0.009081302521821422	 2.763413576257152	
818	 0.009059503441566715	 2.7523667650256347	
819	 0.009037283020394417	 2.7411246600281993	
820	 0.00901192478722876	 2.7283175210336417	
821	 0.008990103801944496	 2.717316076895238	
822	 0.008971618190824872	 2.708010138438507	
823	 0.008953601623470822	 2.6989526158218617	
824	 0.008933685871025032	 2.6889544402706793	
825	 0.008906743062761261	 2.675452150665515	
826	 0.008879676849180338	 2.661915406271706	
827	 0.008867238711376117	 2.655703879730545	
828	 0.008870105047966429	 2.6571347951918556	
829	 0.00888712766040357	 2.665639073307658	
830	 0.008903372129005929	 2.6737647336010335	
831	 0.008917723626673969	 2.6809517375568004	
832	 0.008944536769685632	 2.6944000058965236	
833	 0.008949390036697891	 2.6968370629088274	
834	 0.00895363720085198	 2.6989704897823747	
835	 0.008962060069532193	 2.7032034439887	
836	 0.008970572145429803	 2.7074839250359486	
837	 0.008976329991118602	 2.7103809178417215	
838	 0.008974476477864996	 2.7094482090455223	
839	 0.008966453581814861	 2.705412478165829	
840	 0.008954630986562672	 2.699469783622311	
841	 0.00894101373980225	 2.6926314765606048	
842	 0.00892611431629315	 2.6851572368736454	
843	 0.008910000276038164	 2.677083046206815	
844	 0.008899034623761307	 2.6715940981476884	
845	 0.00889055966265558	 2.6673549739610407	
846	 0.008884495263661408	 2.6643232513240442	
847	 0.008880658008756575	 2.662405638073073	
848	 0.008879171639484953	 2.6616629946900714	
849	 0.008879824758977767	 2.661989306399924	
850	 0.0088983156633128	 2.671234373966941	
851	 0.008903195250487567	 2.6736762037710173	
852	 0.008904803431359966	 2.674481160810116	
853	 0.00890454869112275	 2.674353646958758	
854	 0.00890314822132466	 2.673652665305554	
855	 0.008901472276327713	 2.6728138957814176	
856	 0.008904419317556117	 2.6742888881098223	
857	 0.008909360382858885	 2.67676261857506	
858	 0.008914366955871413	 2.6792700783402745	
859	 0.008922737750467341	 2.6834645505683925	
860	 0.008924660068309246	 2.684428164047939	
861	 0.008926902641789625	 2.6855524891547438	
862	 0.00892821793809812	 2.6862120069624895	
863	 0.00892846094321449	 2.6863338620344424	
864	 0.008921437695069648	 2.6828129413062944	
865	 0.008912097720382359	 2.67813345269914	
866	 0.008901233423792579	 2.6726943644939714	
867	 0.008888351136057203	 2.6662507246553786	
868	 0.00887204053173094	 2.6581011902308664	
869	 0.00885432719439264	 2.649262092262629	
870	 0.008833410670284491	 2.638839747810359	
871	 0.008812143135474172	 2.6282593566291936	
872	 0.008794995150592764	 2.619740787334516	
873	 0.008787997566677887	 2.616267790581985	
874	 0.008791946465493786	 2.61822745661084	
875	 0.008803381979782378	 2.623905713195388	
876	 0.008814303623712367	 2.6293334024811776	
877	 0.008822286501147317	 2.63330346128792	
878	 0.008827521222315428	 2.635908102681897	
879	 0.008828957271673226	 2.636622818115826	
880	 0.008829910641928234	 2.637097349095254	
881	 0.008830424279781868	 2.637353021612051	
882	 0.008833398897603043	 2.6388338863133867	
883	 0.00883795894158676	 2.641104674947713	
884	 0.00884375219011567	 2.6439906954997032	
885	 0.008846540018586667	 2.645379956316296	
886	 0.008847527985500939	 2.6458723607211168	
887	 0.008838762916158583	 2.6415051153284974	
888	 0.008823996276784412	 2.6341540814666162	
889	 0.008808555836811255	 2.6264763866807423	
890	 0.008794364140699987	 2.619427532884983	
891	 0.008779301426515182	 2.611954345668025	
892	 0.00876992506660281	 2.607306689574868	
893	 0.00875947339959258	 2.6021299303250736	
894	 0.00875186128372602	 2.598362204546611	
895	 0.008748142664287407	 2.596522414636968	
896	 0.008740959207492826	 2.592969869919089	
897	 0.008737343291870009	 2.59118237209541	
898	 0.008749940698548682	 2.5974119284242363	
899	 0.00876585749093582	 2.6052915112903112	
900	 0.008778146004277971	 2.6113814493383924	
901	 0.008785486021352693	 2.6150217256887713	
902	 0.008786900223597287	 2.6157233313471275	
903	 0.008783835492135217	 2.614202970100763	
904	 0.00878265564594964	 2.613617762703575	
905	 0.008781765504529396	 2.613176284460946	
906	 0.00878775665043227	 2.616148253366767	
907	 0.008796945599630061	 2.620709150310737	
908	 0.008805342832025782	 2.6248798602920957	
909	 0.008811371206560142	 2.627875649336786	
910	 0.00881562241738324	 2.629989102075239	
911	 0.008818125972978161	 2.631234041058829	
912	 0.008815216529461567	 2.629787289055675	
913	 0.008805821671863312	 2.62511776884627	
914	 0.008792385355471695	 2.618445294779759	
915	 0.008779382046011266	 2.6119943213406276	
916	 0.008764536068426157	 2.6046369798013886	
917	 0.008750314613892266	 2.5975969251081117	
918	 0.008738152957136333	 2.5915825805454342	
919	 0.008729629563196496	 2.587370802509663	
920	 0.008721215623109294	 2.58321579841882	
921	 0.008716373576141226	 2.58082589128789	
922	 0.008729289046066914	 2.587202595176854	
923	 0.0087457252940736	 2.5953266983924466	
924	 0.008757488229134433	 2.601147131286387	
925	 0.00876566555993265	 2.605196439289969	
926	 0.008769963588443647	 2.607325777233277	
927	 0.008770956984048752	 2.6078180262862993	
928	 0.008770627866639753	 2.6076549373595426	
929	 0.008771001179756275	 2.6078399270808865	
930	 0.008780595657240412	 2.6125961274975595	
931	 0.008794542345247092	 2.6195159980737213	
932	 0.008804531689629188	 2.6244768689867177	
933	 0.008810090717988014	 2.627239198691556	
934	 0.008811858603946452	 2.628117920244244	
935	 0.008806171528373376	 2.6252915983002763	
936	 0.00879308526946333	 2.6187927043191292	
937	 0.008775077766347469	 2.6098603600992383	
938	 0.008754377683624793	 2.599607491087041	
939	 0.008732275835545035	 2.5886781469556133	
940	 0.00870901684131099	 2.5771964939908187	
941	 0.008688148414273365	 2.5669123120391393	
942	 0.008670020062967992	 2.5579918238116077	
943	 0.008653966694589909	 2.550102754223507	
944	 0.008639735152120076	 2.5431171334184404	
945	 0.008632830996060516	 2.5397309570564586	
946	 0.008646615553617738	 2.546493454387838	
947	 0.008671341340000171	 2.558641570007517	
948	 0.008691537401587084	 2.568581322109099	
949	 0.008709803260949254	 2.577584371477627	
950	 0.00872499867788808	 2.5850836305045917	
951	 0.008737614351149095	 2.5913163509006063	
952	 0.008747667227235028	 2.596287229362615	
953	 0.008755337803961821	 2.600082687108071	
954	 0.008762085318332368	 2.6034232400810335	
955	 0.008772723636975057	 2.608693532929298	
956	 0.008777691866457943	 2.611156286639527	
957	 0.00878052474044063	 2.6125609597130275	
958	 0.008781861152633321	 2.6132237210620377	
959	 0.008781992958873813	 2.613289090826576	
960	 0.008781104841580999	 2.6128486386032237	
961	 0.008762656893040373	 2.603706293559078	
962	 0.008741478264873688	 2.5932265020876426	
963	 0.008721694170220971	 2.5834520447410156	
964	 0.008705036453198213	 2.5752336472118262	
965	 0.008693713331052098	 2.5696531536155898	
966	 0.008684653062943904	 2.5651913743772368	
967	 0.008678555604443024	 2.562190393408282	
968	 0.008674687694447967	 2.560287455885483	
969	 0.008675358084150389	 2.5606172342438156	
970	 0.008696206235918375	 2.570881342476687	
971	 0.00871535260683003	 2.580322080628344	
972	 0.008730709386948757	 2.5879042385936897	
973	 0.008743370589252165	 2.5941621904748984	
974	 0.008757406811859167	 2.6011068271774618	
975	 0.00877679949484769	 2.6107138691240337	
976	 0.008851654998609808	 2.647929667517141	
977	 0.008909390886331163	 2.6767778928940547	
978	 0.008934103667070951	 2.6891640312618104	
979	 0.008937712290277348	 2.6909746001762307	
980	 0.008938378750365024	 2.6913090391777508	
981	 0.008938242063741445	 2.6912404465614435	
982	 0.008937819193201794	 2.691028244440737	
983	 0.008935827227152365	 2.690028739127129	
984	 0.008929849010983744	 2.687029951895411	
985	 0.0089218223145244	 2.6830057123435744	
986	 0.008912608560727226	 2.67838930805424	
987	 0.008904917009276972	 2.6745380146368403	
988	 0.008893162523462807	 2.668656622656973	
989	 0.00888348723479814	 2.6638194498353647	
990	 0.00887719509863377	 2.6606755723868907	
991	 0.008876187169807773	 2.6601720968938576	
992	 0.008876572272547446	 2.6603644569613634	
993	 0.008877192887935035	 2.660674468068171	
994	 0.008885534523933925	 2.664842701817912	
995	 0.008897150644081269	 2.6706515101760218	
996	 0.008908920040672189	 2.676542125364332	
997	 0.008920410694735486	 2.682298236510279	
998	 0.008930997270169171	 2.687605836785411	
999	 0.008940142548325182	 2.6921942179023537	
1000	 0.008945328882593796	 2.6947977034112505	
1001	 0.008949442299205117	 2.6968633112043863	
1002	 0.00895511682562103	 2.699713890382724	
1003	 0.008960811511829089	 2.7025758076493007	
1004	 0.008965602464096835	 2.704984484419279	
1005	 0.008968976490109241	 2.7066813090116995	
1006	 0.008970775426281349	 2.707586182317917	
1007	 0.008969647324325244	 2.707018727613251	
1008	 0.008965173161313728	 2.7047686151498453	
1009	 0.008959035712206955	 2.7016832329725173	
1010	 0.008952258222335531	 2.6982777301128995	
1011	 0.008944736557483677	 2.6945003114919985	
1012	 0.008938159749760524	 2.6911991397747985	
1013	 0.008933024995827751	 2.6886229198691933	
1014	 0.00892934316488158	 2.6867762712414276	
1015	 0.008926403062790649	 2.685302006493835	
1016	 0.008923628370313895	 2.683910980496337	
1017	 0.008924082931993071	 2.6841388444224212	
1018	 0.00894100398076068	 2.692626578254567	
1019	 0.008958427779171559	 2.701377693144611	
1020	 0.008976199654080655	 2.710315326575379	
1021	 0.008994046929332053	 2.719302759534047	
1022	 0.00901112799214004	 2.7279154896543467	
1023	 0.009029399059821011	 2.737140307326023	
1024	 0.009049974833451118	 2.747543647760682	
1025	 0.009122601945200547	 2.7843907996984276	
1026	 0.009171786214649777	 2.809455687725797	
1027	 0.00920453743252823	 2.8261958973078234	
1028	 0.009238796334556246	 2.843749276530403	
1029	 0.009259978923321985	 2.854624430100307	
1030	 0.00928383867246038	 2.866893915404764	
1031	 0.0093048657933708	 2.8777242100906992	
1032	 0.009322292162745955	 2.886712264645658	
1033	 0.009333832318507838	 2.8926705370155905	
1034	 0.009339203468247707	 2.8954453791398294	
1035	 0.009340932395103427	 2.896338803330998	
1036	 0.009342298768177307	 2.89704495559133	
1037	 0.009346471206892032	 2.899201730612864	
1038	 0.009351084139360807	 2.901586948446732	
1039	 0.009354037074821853	 2.9031142403161305	
1040	 0.009355916551744229	 2.90408649461434	
1041	 0.009356901542760157	 2.9045960829363646	
1042	 0.009374642833749074	 2.913780719913228	
1043	 0.009421365726628517	 2.9380245434921544	
1044	 0.009484447778342427	 2.9708842447767205	
1045	 0.009530750196749439	 2.995096312559099	
1046	 0.009564733915391987	 3.012916777513354	
1047	 0.009586314144919453	 3.0242550129362313	
1048	 0.009617749520631888	 3.040801600327163	
1049	 0.0096805302798901	 3.073955391150413	
1050	 0.009753017107746854	 3.112413506153404	
1051	 0.009860364924734492	 3.1697180149388315	
1052	 0.00989938150328624	 3.1906493902505164	
1053	 0.009921753335881925	 3.2026761402897	
1054	 0.009913612225851477	 3.19829751116602	
1055	 0.009905202554571486	 3.1937769549910278	
1056	 0.009900465978899733	 3.1912319700487846	
1057	 0.009901432762886539	 3.1917513618290934	
1058	 0.009907564410720977	 3.195046294888555	
1059	 0.009917639465512497	 3.2004632294312443	
1060	 0.009925237590355525	 3.2045508500781854	
1061	 0.009943086637001441	 3.214161444228249	
1062	 0.009959241124546247	 3.2228695459138774	
1063	 0.009968683557149888	 3.2279638672920803	
1064	 0.010017424082562742	 3.2543112002195778	
1065	 0.010022409145845011	 3.2570107694982595	
1066	 0.010032860442944056	 3.2626733830741337	
1067	 0.010035061733467758	 3.263866565101297	
1068	 0.01003214162612225	 3.2622837951935706	
1069	 0.01002682823381591	 3.259404593875994	
1070	 0.01002847738592925	 3.260298121476798	
1071	 0.010051050266142954	 3.272538185380805	
1072	 0.010069272559057913	 3.28243253776814	
1073	 0.010213174407314014	 3.3609874827448767	
1074	 0.010450464489032515	 3.492139930670034	
1075	 0.010783243587154006	 3.6794367424528613	
1076	 0.011184295773252436	 3.9103297969314217	
1077	 0.01151501480239965	 4.104936867354418	
1078	 0.011714731571250022	 4.2242818194993745	
1079	 0.011748082116705123	 4.2443442727236524	
1080	 0.011678581923898082	 4.202578495480356	
1081	 0.01160242181380177	 4.157000391117622	
1082	 0.011566773369077112	 4.135734891942064	
1083	 0.011603732339446237	 4.1577829950742595	
1084	 0.011512250439950711	 4.103294573148416	
1085	 0.011434885288312503	 4.057439021585742	
1086	 0.011362229790619325	 4.014562851989711	
1087	 0.011294703875169199	 3.9748773242212683	
1088	 0.011232175004678059	 3.938269362988261	
1089	 0.011176027246188722	 3.9055128196373166	
1090	 0.011114821682001464	 3.8699303361026165	
1091	 0.011061608537587515	 3.8391002794690796	
1092	 0.011021894518744272	 3.816155520684844	
1093	 0.010989750550936471	 3.797624663111461	
1094	 0.01095764756416827	 3.779153460725483	
1095	 0.010926407973304743	 3.7612136340066566	
1096	 0.01089536324576026	 3.743419553433083	
1097	 0.010869657222482879	 3.728711044078606	
1098	 0.010852768707999704	 3.71906036090995	
1099	 0.010835917189343857	 3.709440792318699	
1100	 0.010805186117187128	 3.691923848149424	
1101	 0.0107617149944005	 3.6672016533678296	
1102	 0.01070715571472389	 3.6362676787545523	
1103	 0.010644239365973862	 3.6007256721733	
1104	 0.010578706673221052	 3.5638542937507642	
1105	 0.010517350607473006	 3.5294705918841403	
1106	 0.010453891574626964	 3.4940488044569142	
1107	 0.01038385355891397	 3.455120824622917	
1108	 0.010319159520530094	 3.419318254045472	
1109	 0.010258986540934335	 3.3861517311397367	
1110	 0.010201526000013558	 3.3546010802839543	
1111	 0.010144552471678305	 3.3234345922529824	
1112	 0.010086767042966058	 3.2919429423390234	
1113	 0.010028067790684691	 3.2600761894103742	
1114	 0.009974296918027651	 3.230993877363202	
1115	 0.009921298182550402	 3.202431276575406	
1116	 0.009890050327650382	 3.1856384451523003	
1117	 0.009892250099469752	 3.1868194632780757	
1118	 0.009911595238463019	 3.1972130614730503	
1119	 0.009927601971984935	 3.2058232600533136	
1120	 0.009913474220230537	 3.198223306631927	
1121	 0.009889388445044618	 3.1852831264956714	
1122	 0.00985964194962977	 3.169330677819898	
1123	 0.009842165125666663	 3.159973154008807	
1124	 0.00983759678713798	 3.1575289774651973	
1125	 0.00984192038271372	 3.1598421911666987	
1126	 0.009840329622894266	 3.1589910227331495	
1127	 0.009827265167527324	 3.152004090396293	
1128	 0.009811098500058154	 3.143366649399348	
1129	 0.009790727809941068	 3.1324966092121342	
1130	 0.009769230445906106	 3.1210417029170068	
1131	 0.009747065847933724	 3.109248842089802	
1132	 0.009729501386778841	 3.0999162096602952	
1133	 0.009711050226508262	 3.0901245316682133	
1134	 0.009685476024580905	 3.0765732896572815	
1135	 0.009655161350695156	 3.0605410406455524	
1136	 0.009625604493892383	 3.044941847682021	
1137	 0.009591341626189609	 3.0268988937501704	
1138	 0.009567142751643198	 3.014181533450731	
1139	 0.009544988226462122	 3.0025573380772803	
1140	 0.00951415330685384	 2.986408569821123	
1141	 0.00947087511775466	 2.9638018493269236	
1142	 0.009427698100904689	 2.9413165005745596	
1143	 0.009389936323126747	 2.921707440101733	
1144	 0.009357109682717106	 2.904703769400667	
1145	 0.009328206119392515	 2.889765072671699	
1146	 0.00932900087665408	 2.890175427919431	
1147	 0.009311956464757394	 2.881380035595418	
1148	 0.009282117540908333	 2.866008147347955	
1149	 0.009245188189926331	 2.8470291095629148	
1150	 0.009204003870106591	 2.8259228575524227	
1151	 0.009160712659474959	 2.8038046364699825	
1152	 0.009115803128161806	 2.7809331128580506	
1153	 0.009069949068532854	 2.7576579389020317	
1154	 0.009016335693564546	 2.730543519110351	
1155	 0.008949481367404416	 2.6968829328640593	
1156	 0.008891819681093451	 2.66798505713322	
1157	 0.008825215325091073	 2.634760629951956	
1158	 0.008757688177185564	 2.6012461129129676	
1159	 0.008691959606706967	 2.5687892802824237	
1160	 0.00863128660999413	 2.5389737525344773	
1161	 0.008581361355569878	 2.5145443407781785	
1162	 0.008555043402366458	 2.5017045007214262	
1163	 0.008538345169948985	 2.4935715090020074	
1164	 0.008530168822825496	 2.4895930258246435	
1165	 0.008525460773157592	 2.487303315167771	
1166	 0.008515874521663445	 2.482643747446448	
1167	 0.008512020135463491	 2.4807712398115855	
1168	 0.008534215438939233	 2.4915617286028366	
1169	 0.008551459866023887	 2.4999582214077725	
1170	 0.008573976695466752	 2.5109389050202457	
1171	 0.00858365656460627	 2.5156653593802867	
1172	 0.008570497020255386	 2.5092407296106396	
1173	 0.00853966228147457	 2.494212632581123	
1174	 0.008492815609713643	 2.4714498730913	
1175	 0.00843425787503283	 2.443114230764907	
1176	 0.008369996267910813	 2.4121691294778245	
1177	 0.008308795504588913	 2.3828448456833535	
1178	 0.008257106462941831	 2.358189971994925	
1179	 0.00821474746485909	 2.3380619254479442	
1180	 0.0081815819773386	 2.322350636684479	
1181	 0.008153662992797224	 2.309157611054466	
1182	 0.008124839452750885	 2.2955687006593184	
1183	 0.008096887021211762	 2.2824211356196344	
1184	 0.008068457771489667	 2.2690802990544525	
1185	 0.00803918369177881	 2.2553757241863424	
1186	 0.008021763416360381	 2.2472362409494573	
1187	 0.00801278777441094	 2.243047040700517	
1188	 0.008027027853965954	 2.249694765789245	
1189	 0.008055304534853688	 2.2629185413804986	
1190	 0.00809386825088239	 2.2810030497000593	
1191	 0.008116465784988414	 2.2916269355521752	
1192	 0.008136351854843554	 2.3009923955231955	
1193	 0.008153559163535343	 2.309108602996608	
1194	 0.00817429802106242	 2.318905728343721	
1195	 0.00819116501108981	 2.3268859968333655	
1196	 0.008199596823295482	 2.330879445271363	
1197	 0.008183961739390695	 2.3234765757665747	
1198	 0.008158338078247014	 2.3113647115746487	
1199	 0.008125244606542372	 2.2957594888029824	
1200	 0.008086582620629593	 2.2775820324019276	
1201	 0.00804387317207599	 2.2575688565622962	
1202	 0.007995929432097896	 2.2351872025007893	
1203	 0.007944382071561102	 2.2112228775139084	
1204	 0.007892709037446733	 2.1873039445147437	
1205	 0.007846860167583979	 2.1661681719647947	
1206	 0.007805059095092842	 2.146969989737579	
1207	 0.007763735321248248	 2.1280582745343826	
1208	 0.007719899760758799	 2.108070269342085	
1209	 0.0076741225785269054	 2.087277545298856	
1210	 0.007640951884185319	 2.072262442985184	
1211	 0.0076167038378946285	 2.061313732137914	
1212	 0.007610837185227788	 2.058668251259164	
1213	 0.00762358783384389	 2.064419701654308	
1214	 0.00764147105176254	 2.0724971161547057	
1215	 0.007651194705005612	 2.076894347561612	
1216	 0.007662930866742943	 2.082206639651123	
1217	 0.007665201777731951	 2.083235178449157	
1218	 0.007678453829031456	 2.0892413360636506	
1219	 0.0076712341257946706	 2.085968330245439	
1220	 0.007645409474171237	 2.074277700732066	
1221	 0.0076112972085452205	 2.058875642915709	
1222	 0.007574971283490048	 2.0425246157439765	
1223	 0.007535000026340061	 2.0245930647633017	
1224	 0.007490477511127034	 2.004694299026833	
1225	 0.007440526049551866	 1.9824628167610634	
1226	 0.007381077510571519	 1.9561339526747634	
1227	 0.00730618811106853	 1.9231672915967735	
1228	 0.007250970186364327	 1.8990038577126955	
1229	 0.007194256437008344	 1.8743132326218137	
1230	 0.007138631681296659	 1.850222421904314	
1231	 0.007087921030271579	 1.828368645247437	
1232	 0.0070431744784874226	 1.8091714535930519	
1233	 0.00700677604023579	 1.7936156098503362	
1234	 0.006972544966235563	 1.7790351166591927	
1235	 0.006927178597081657	 1.759785044571676	
1236	 0.006888192188560681	 1.7433091426346266	
1237	 0.00685440721598033	 1.729081581338702	
1238	 0.006828107844592363	 1.7180386679593218	
1239	 0.006811924598294527	 1.7112575137020303	
1240	 0.0068160149122408024	 1.7129704366989638	
1241	 0.006829466524368239	 1.7186084742337735	
1242	 0.0068752455276739274	 1.7378515207939478	
1243	 0.006926652745938143	 1.759562404250143	
1244	 0.006972622484132759	 1.779068081086819	
1245	 0.007006876787278642	 1.7936585926082027	
1246	 0.007026940318841347	 1.8022267142175719	
1247	 0.007038791874088874	 1.807295585899587	
1248	 0.007045354736386553	 1.8101049501201432	
1249	 0.0070462069402133995	 1.8104698810140831	
1250	 0.007043273394533285	 1.8092138011937418	
1251	 0.007037783992975756	 1.8068642968904571	
1252	 0.007038195953682312	 1.8070405767196462	
1253	 0.007035772535208579	 1.8060036839080835	
1254	 0.007030167335412668	 1.8036063345164848	
1255	 0.00702264766988985	 1.8003921672637002	
1256	 0.007014025397212599	 1.79670953005107	
1257	 0.007007279789468716	 1.7938305337409852	
1258	 0.007023000252512507	 1.8005428221271755	
1259	 0.007059169397814339	 1.8160242942551912	
1260	 0.007097227333368486	 1.832371417139188	
1261	 0.007150288609925651	 1.8552606536054408	
1262	 0.007193287215816445	 1.8738924009624331	
1263	 0.007228901010939216	 1.8893805670748525	
1264	 0.007258434789890084	 1.9022632318123207	
1265	 0.007284977694423688	 1.9138711322144941	
1266	 0.007315007429476263	 1.9270379484720355	
1267	 0.0073195759027186716	 1.9290442015947378	
1268	 0.007311682415741495	 1.9255782878967458	
1269	 0.007301749067345357	 1.9212202446797355	
1270	 0.007289369645681921	 1.9157945693101424	
1271	 0.0072738421324168205	 1.9089978228801492	
1272	 0.007260185332076164	 1.9030279191100412	
1273	 0.007250908564275594	 1.898976960104578	
1274	 0.007246450788303142	 1.8970315765481365	
1275	 0.0072447095262732015	 1.8962719024760162	
1276	 0.007245831624186229	 1.8967614350077	
1277	 0.007250155574692878	 1.8986482977588057	
1278	 0.0072502847219835815	 1.8987046659146516	
1279	 0.0072428408923317835	 1.8954567942549594	
1280	 0.007231736917745087	 1.8906160724982517	
1281	 0.007218895080716898	 1.8850239144639407	
1282	 0.007216503056355406	 1.8839830060733014	
1283	 0.007219531036535146	 1.8853006943855024	
1284	 0.00724714754228131	 1.8973355889763923	
1285	 0.007267337125074572	 1.9061533053988375	
1286	 0.007281126282766405	 1.9121850582963373	
1287	 0.007291023622623795	 1.916519122061062	
1288	 0.007299180488921212	 1.920093978869512	
1289	 0.007311971466456088	 1.9257051618232799	
1290	 0.0073331362560679035	 1.9350041715690447	
1291	 0.0073254768684665825	 1.9316368569273443	
1292	 0.007297369970519349	 1.9193002646416397	
1293	 0.007260976453124269	 1.9033735439246156	
1294	 0.0072245720564375485	 1.8874952160040943	
1295	 0.0071903508500721835	 1.872617674368734	
1296	 0.007156634708813673	 1.8580057992987995	
1297	 0.007123111022765078	 1.8435227594324322	
1298	 0.0070899903182367425	 1.8292583723831966	
1299	 0.007061666573065481	 1.8170951156198465	
1300	 0.0070457566400568515	 1.8102770497241711	
1301	 0.0070324528933974765	 1.8045837160804683	
1302	 0.007016329925689566	 1.797693516065014	
1303	 0.006997474897277022	 1.7896491417221854	
1304	 0.006980152331432319	 1.782271307386897	
1305	 0.006966456421445305	 1.776446730849971	
1306	 0.0069757698781245945	 1.7804067143567905	
1307	 0.0070050572336126955	 1.7928823609967233	
1308	 0.0070715420983808635	 1.8213323430978123	
1309	 0.007125422306447589	 1.844519834281868	
1310	 0.0071700706471745715	 1.863823168248634	
1311	 0.007207803167555162	 1.8801991200001702	
1312	 0.007241759517348644	 1.894985156679959	
1313	 0.007276497135670014	 1.910159293434361	
1314	 0.007312462324449147	 1.925920623304692	
1315	 0.007345026161191556	 1.9402360049557459	
1316	 0.0073618118192903	 1.9476316993628993	
1317	 0.007359634891114355	 1.946671918334132	
1318	 0.007348746353715458	 1.941874136184558	
1319	 0.00733301155756477	 1.9349493312870667	
1320	 0.00731445744845598	 1.9267964796501875	
1321	 0.007293675761895105	 1.9176811655480381	
1322	 0.007272131896654678	 1.9082498045236824	
1323	 0.007252348136389091	 1.8996053630056307	
1324	 0.0072413133858282895	 1.8947905917987322	
1325	 0.007230740028393415	 1.8901817258473264	
1326	 0.007220756633892218	 1.885834143230833	
1327	 0.007213752244730514	 1.8827862528828117	
1328	 0.007210548760728792	 1.881392945911249	
1329	 0.0072149977977418855	 1.883328098738864	
1330	 0.007227485363652575	 1.888763939948852	
1331	 0.007250738488366572	 1.8989027239577887	
1332	 0.00728371363408388	 1.9133176853895395	
1333	 0.0073094083809856466	 1.924580255403912	
1334	 0.007330353933135355	 1.9337807010646746	
1335	 0.007346885062314381	 1.9410544751844019	
1336	 0.007358432781103271	 1.946142003824425	
1337	 0.007372626226488175	 1.9524024438953154	
1338	 0.007388339847252544	 1.9593427800257308	
1339	 0.007396892364836442	 1.9631243644802505	
1340	 0.007392168329812767	 1.9610352227614167	
1341	 0.007377801383333672	 1.9546871007951134	
1342	 0.007358114269599947	 1.9460016071552797	
1343	 0.007336687256525844	 1.9365661021227956	
1344	 0.007317176605337569	 1.9279904417794806	
1345	 0.007301025589258397	 1.9209029885385844	
1346	 0.007294553839218549	 1.918065960076954	
1347	 0.007296818163397658	 1.919058383693721	
1348	 0.0073062507432320786	 1.9231947688691664	
1349	 0.0073135101500402646	 1.9263805972538153	
1350	 0.007298024839012066	 1.9195873376725106	
1351	 0.007245093706889942	 1.8964395015089643	
1352	 0.0071687137778187774	 1.8632353532569816	
1353	 0.007085388363996364	 1.827279916027319	
1354	 0.0070092655307063285	 1.7946778477339707	
1355	 0.006936562199818034	 1.7637598660350011	
1356	 0.006860709607699235	 1.7317321117851823	
1357	 0.00681239546633419	 1.7114546667545563	
1358	 0.006782863373140127	 1.69910713338787	
1359	 0.006767124664512487	 1.692541306694851	
1360	 0.006797235830281339	 1.7051118709736968	
1361	 0.006859361949323058	 1.7311652048114012	
1362	 0.006914491712677956	 1.75441668368457	
1363	 0.006940942726304305	 1.765616651108255	
1364	 0.006949080638791752	 1.7690681631614291	
1365	 0.006951927234439226	 1.7702761189525844	
1366	 0.006956512426674694	 1.772222543415056	
1367	 0.006963749475633086	 1.775296427673677	
1368	 0.006975799152401667	 1.78041916703066	
1369	 0.0069855762368440585	 1.784580085711648	
1370	 0.0069849516921467215	 1.784314176649895	
1371	 0.006975654843948921	 1.7803577815277432	
1372	 0.006963727236239122	 1.7752869783880667	
1373	 0.006953631578719632	 1.7709995170438224	
1374	 0.006946190661185153	 1.7678421356065266	
1375	 0.006941012514372443	 1.7656462386808616	
1376	 0.0069389791678684185	 1.7647842558861453	
1377	 0.006937781445682552	 1.7642765924416803	
1378	 0.006954131119894786	 1.771211566521072	
1379	 0.006992301547638794	 1.787444489558688	
1380	 0.00706205363675675	 1.817261116186853	
1381	 0.0071274870535306956	 1.8454107369853932	
1382	 0.00718027511272867	 1.8682462628998124	
1383	 0.0072226537095217294	 1.8866599761900738	
1384	 0.007256940989396958	 1.901610793902555	
1385	 0.0072830371525760525	 1.9130215260339165	
1386	 0.007309506713271661	 1.9246234073743835	
1387	 0.007320906538008335	 1.9296287094644267	
1388	 0.007299194026044028	 1.9200999139111508	
1389	 0.007263592656529828	 1.9045166891622987	
1390	 0.007223205725629976	 1.8869003064232217	
1391	 0.007182196637460389	 1.869079611103628	
1392	 0.007143608095809673	 1.8523726035964774	
1393	 0.007108964807843124	 1.8374248617096014	
1394	 0.007080241519025185	 1.8250682167353487	
1395	 0.0070605276148052905	 1.816606684123428	
1396	 0.007055576264676165	 1.8144839548931504	
1397	 0.007056893195391748	 1.8150484489025822	
1398	 0.007064687522074813	 1.8183908754731	
1399	 0.007080355332261657	 1.8251171129095278	
1400	 0.007104971499632278	 1.8357049606121127	
1401	 0.007125619942541808	 1.8446051033954	
1402	 0.00714349968736284	 1.8523257524305117	
1403	 0.007180117015967715	 1.868177704357975	
1404	 0.007228287724005491	 1.8891134218927788	
1405	 0.007268730838797142	 1.9067626074025308	
1406	 0.0073025487709771795	 1.9215709512667387	
1407	 0.007329560005131914	 1.933431643971119	
1408	 0.007351508416356155	 1.9430907269003987	
1409	 0.007369814261981078	 1.9511615047343647	
1410	 0.007389596910023139	 1.9598984205347327	
1411	 0.007407393550945346	 1.9677715612016522	
1412	 0.007408048675662098	 1.968061625847201	
1413	 0.007389085397932356	 1.959672316950788	
1414	 0.007361553885070034	 1.9475179694349474	
1415	 0.0073308511753306825	 1.933999330595063	
1416	 0.00730017590634788	 1.9205304164240549	
1417	 0.007269661715044372	 1.9071696100896154	
1418	 0.007238089981843086	 1.8933850527489287	
1419	 0.007206791789543698	 1.8797594337648516	
1420	 0.007179723508620309	 1.8680070645616784	
1421	 0.007153793466501339	 1.8567765562561431	
1422	 0.0071305014718800255	 1.8467117154221337	
1423	 0.007108220896113082	 1.837104413218308	
1424	 0.007087764615651817	 1.8283013990404668	
1425	 0.0070739041670209255	 1.8223464055038145	
1426	 0.007083127524752554	 1.8263082575200926	
1427	 0.0071149396300589605	 1.8399993955337186	
1428	 0.007173804760474076	 1.8654412218082272	
1429	 0.007219244336395941	 1.8851759150857084	
1430	 0.007255185791397116	 1.9008443014349354	
1431	 0.007284129392918268	 1.9134997110946554	
1432	 0.007308342082900791	 1.9241123478475883	
1433	 0.007330472626887238	 1.9338328879321536	
1434	 0.007354954470447447	 1.944609018924119	
1435	 0.007379998266045398	 1.9556572734093545	
1436	 0.007398377500558615	 1.9637813298417568	
1437	 0.007411258424489351	 1.9694830293472099	
1438	 0.007422934631986003	 1.9746571769355286	
1439	 0.007433633484568313	 1.9794029896394858	
1440	 0.00744085791291426	 1.9826101890823908	
1441	 0.007431362900146069	 1.9783954195670936	
1442	 0.007418087848720443	 1.972508733715857	
1443	 0.00739662020423104	 1.9630039809154765	
1444	 0.007368924428785033	 1.95076888099959	
1445	 0.00733894551667144	 1.9375596746945616	
1446	 0.007310417511883161	 1.925023119056535	
1447	 0.007281573893314558	 1.9123809830539442	
1448	 0.007247540197703907	 1.897506923642417	
1449	 0.007206593422578603	 1.8796732005828596	
1450	 0.007172974504913375	 1.8650814096748245	
1451	 0.007164267678901849	 1.8613097600485187	
1452	 0.007183906597634874	 1.8698213306393554	
1453	 0.007209006489544608	 1.8807223054969202	
1454	 0.0072354340339615	 1.8922272618294775	
1455	 0.007261433692085889	 1.9035733138445485	
1456	 0.007286108638453348	 1.9143663506458222	
1457	 0.0073116839385231	 1.9255789562872365	
1458	 0.007341397228139673	 1.938638591328194	
1459	 0.007367934872757098	 1.9503322933824017	
1460	 0.007377236369924735	 1.954437614493512	
1461	 0.007372495473339744	 1.9523447346409388	
1462	 0.007363059995993267	 1.9481820905708256	
1463	 0.007352923400957743	 1.9437140955341174	
1464	 0.007343357770888738	 1.93950153381769	
1465	 0.007335076129635267	 1.9358573750499164	
1466	 0.007326648057962788	 1.9321515977879493	
1467	 0.007318663996792426	 1.9286436697858618	
1468	 0.007318200327969385	 1.9284400276421148	
1469	 0.007327988807460091	 1.9327409280608001	
1470	 0.007336675149355485	 1.936560775849054	
1471	 0.007343660794357915	 1.9396349247871343	
1472	 0.007343575215282354	 1.9395972524954257	
1473	 0.007340134623030771	 1.938082930830384	
1474	 0.007336826325076393	 1.9366272825831974	
1475	 0.007351327896462539	 1.9430112049754753	
1476	 0.007364844952808656	 1.9489692863594201	
1477	 0.0073737765059422415	 1.9529101610333492	
1478	 0.007379512256864811	 1.9554426287056965	
1479	 0.007382890469755913	 1.9569348026320332	
1480	 0.0073808599589446945	 1.9560378610264355	
1481	 0.00738217594534528	 1.9566191555778114	
1482	 0.007386942915138257	 1.958725389108926	
1483	 0.007390862327780372	 1.9604578177200298	
1484	 0.007385798561235599	 1.9582196861588212	
1485	 0.007365332350124888	 1.9491842588312236	
1486	 0.00734622242053177	 1.9407626995732463	
1487	 0.007342064690677099	 1.9389323609852886	
1488	 0.007355771955241724	 1.944969262985015	
1489	 0.007380688505780586	 1.9559621322076979	
1490	 0.007408706132164072	 1.9683527401127643	
1491	 0.007434501533163254	 1.9797882397479372	
1492	 0.007455025907354854	 1.9889059314532687	
1493	 0.007471820858930616	 1.9963793364669986	
1494	 0.007484947377652948	 2.0022281681893754	
1495	 0.007492184394802318	 2.005455719081525	
1496	 0.007497846533358183	 2.0079823583601457	
1497	 0.007501185522186262	 2.009472925425435	
1498	 0.007511612942932163	 2.014130706372202	
1499	 0.007523371782068982	 2.019388386581038	
1500	 0.007521436689601141	 2.0185227799697043	
1501	 0.007428297503505763	 1.9770354777348194	
1502	 0.007284638134188538	 1.9137224553844014	
1503	 0.007139970997839501	 1.8508010081510284	
1504	 0.007018531317615111	 1.7986336661393958	
1505	 0.006931068535247181	 1.7614323569613086	
1506	 0.006873441187204054	 1.7370914506020536	
1507	 0.006820856081207555	 1.7149986850290073	
1508	 0.006775071552386773	 1.69585529431493	
1509	 0.006734707714612745	 1.6790497644098996	
1510	 0.0066973982639679	 1.6635755288452918	
1511	 0.006660980671649119	 1.6485265158710192	
1512	 0.00663162224853083	 1.6364344528586112	
1513	 0.00661527059336684	 1.6297150278536132	
1514	 0.006607292043070388	 1.6264403986015767	
1515	 0.006603016816224081	 1.6246868053045693	
1516	 0.006589848956780571	 1.619290427726966	
1517	 0.006575202399341061	 1.6132964980315228	
1518	 0.006556723964053218	 1.6057471081546317	
1519	 0.0065391073527916056	 1.5985630122066627	
1520	 0.006527698639853109	 1.5939173887819627	
1521	 0.006516216695234837	 1.5892474073922338	
1522	 0.006498191321140363	 1.581927117694642	
1523	 0.006482369433896874	 1.5755128320276681	
1524	 0.006493367360357833	 1.5799703511875078	
1525	 0.006521563042030674	 1.591421212561148	
1526	 0.006548397071599632	 1.602349775759489	
1527	 0.0065644473850631465	 1.6089007994207793	
1528	 0.006553779961097986	 1.6045456400913718	
1529	 0.006550553730423782	 1.6032294060726904	
1530	 0.006570770162431365	 1.6114844104715778	
1531	 0.006596916970037958	 1.6221861080571711	
1532	 0.006619278353229537	 1.6313609230843304	
1533	 0.0066353351305531065	 1.6379617367507868	
1534	 0.00664163742315224	 1.640555472119693	
1535	 0.006632938642935086	 1.6369758828965055	
1536	 0.006610045092326009	 1.6275700324394256	
1537	 0.006582545703473771	 1.6163005466425806	
1538	 0.006560667786159744	 1.607357173028454	
1539	 0.006543832056140502	 1.6004884928802352	
1540	 0.006543216863635867	 1.600237728073235	
1541	 0.006543340342901718	 1.6002880594385083	
1542	 0.006550395143673199	 1.6031647171673375	
1543	 0.006564398934550705	 1.6088810079918274	
1544	 0.006579446259890043	 1.6150323326242293	
1545	 0.006593575212350098	 1.6208167720682427	
1546	 0.006613288422704542	 1.6289012413740773	
1547	 0.0066362818413048105	 1.638351254814321	
1548	 0.006663256721001129	 1.649465455456362	
1549	 0.0066941236330640835	 1.6622201000344439	
1550	 0.006727808807872446	 1.67618409885699	
1551	 0.006762248682183471	 1.6905092227607077	
1552	 0.006793375764970314	 1.7034983236056351	
1553	 0.006806482197323377	 1.7089794328421697	
1554	 0.006809110907210886	 1.7100796069876565	
1555	 0.006813859629831028	 1.7120677719346744	
1556	 0.006811065313082636	 1.710897753298731	
1557	 0.00680853357571787	 1.7098379565180153	
1558	 0.006811852187171864	 1.711227195878026	
1559	 0.0068170696557798265	 1.7134122485487377	
1560	 0.0068166315895769915	 1.713228745480275	
1561	 0.006816092866098823	 1.7130030885160445	
1562	 0.006821635073834038	 1.7153251401867395	
1563	 0.006820036826534647	 1.7146553839299457	
1564	 0.006798186233980384	 1.705509243326729	
1565	 0.006781584781267742	 1.698573354868105	
1566	 0.006776485838793924	 1.6964453476100834	
1567	 0.006782460490746338	 1.6989389333327651	
1568	 0.006787456952156919	 1.7010253853718011	
1569	 0.006791390476602768	 1.7026686904286576	
1570	 0.006804546202360199	 1.7081693565605034	
1571	 0.006812039890502052	 1.7113057858573817	
1572	 0.0068007572767803314	 1.706584405111025	
1573	 0.00677237420332169	 1.6947301631199962	
1574	 0.006731012516510174	 1.6775146107575256	
1575	 0.006686718415807438	 1.6591565769105958	
1576	 0.00665675609159845	 1.6467843149983281	
1577	 0.0066277492575359575	 1.6348419159283247	
1578	 0.006619891906718182	 1.6316129541109294	
1579	 0.006617446596642435	 1.630608580129501	
1580	 0.006612508784877194	 1.6285812031323281	
1581	 0.00660264181260736	 1.624533024108541	
1582	 0.006583454196938534	 1.6166723546792579	
1583	 0.0065567485616490236	 1.6057571481196966	
1584	 0.006521320462401219	 1.5913225548265395	
1585	 0.006476805916476697	 1.5732598273475036	
1586	 0.006424046645091549	 1.5519585721605926	
1587	 0.006371205087485038	 1.5307406772904741	
1588	 0.0063232537092468835	 1.5115876221580509	
1589	 0.006283148905419106	 1.4956428586295172	
1590	 0.0062601713475386915	 1.486537999677061	
1591	 0.006251840239653289	 1.4832422928090494	
1592	 0.0062529415910287135	 1.483677809073175	
1593	 0.006260992006999881	 1.4868628030287068	
1594	 0.006265441558392069	 1.4886243555048684	
1595	 0.00624475935706078	 1.4804434638517674	
1596	 0.006216886006647031	 1.4694466446106897	
1597	 0.006175329612133347	 1.4531124376369382	
1598	 0.006126392308409153	 1.4339708427543159	
1599	 0.006075440274470868	 1.4141492285212343	
1600	 0.006027876543454191	 1.395745478138345	
1601	 0.005981809714830724	 1.378012966499204	
1602	 0.00595741074494555	 1.3686578369647753	
1603	 0.005953182673186261	 1.3670392886007587	
1604	 0.00595428769367937	 1.3674622276053399	
1605	 0.005964757096134841	 1.3714719156354	
1606	 0.005985339194416004	 1.3793683604300362	
1607	 0.006010948269557777	 1.3892187361867656	
1608	 0.006039354108544295	 1.4001776428619959	
1609	 0.006067193944241696	 1.4109515824652927	
1610	 0.0060892169300118554	 1.4194978035994268	
1611	 0.006107942628120484	 1.4267807120392837	
1612	 0.006123976588338236	 1.4330285761800867	
1613	 0.006134507348679597	 1.437137978161163	
1614	 0.006136404102560897	 1.4378786456174764	
1615	 0.00613050283628453	 1.4355747489936417	
1616	 0.006118848796337507	 1.4310292703381193	
1617	 0.006103861486848484	 1.4251921802387713	
1618	 0.006076194591699821	 1.4144418715851927	
1619	 0.006051981727770839	 1.4050604029179585	
1620	 0.006040517457317552	 1.4006271941169572	
1621	 0.006036654964921861	 1.399134838880062	
1622	 0.006033659362210021	 1.3979778629220876	
1623	 0.006026666573084281	 1.3952785647734252	
1624	 0.006013363679278403	 1.3901492554453343	
1625	 0.006006155338808881	 1.3873730320356596	
1626	 0.006008962102952883	 1.388453766495656	
1627	 0.0060313319463638606	 1.397079221577673	
1628	 0.006045318884426107	 1.4024832136565233	
1629	 0.006048154953551079	 1.4035799744684323	
1630	 0.006041514714776793	 1.4010126088855677	
1631	 0.006031376557848322	 1.3970964443990457	
1632	 0.006024547637311255	 1.3944610428705742	
1633	 0.006022213719825072	 1.3935607991465138	
1634	 0.006020937255431126	 1.393068536904096	
1635	 0.0060178961530349085	 1.3918960309791508	
1636	 0.006021026519827008	 1.393102959018855	
1637	 0.006017645313484019	 1.3917993366872763	
1638	 0.006010723449513922	 1.3891321385570887	
1639	 0.006007002182655689	 1.3876990707593926	
1640	 0.006010711063224689	 1.3891273675893407	
1641	 0.00601594451257778	 1.3911437783453842	
1642	 0.0060285352094391785	 1.3959996758778466	
1643	 0.0060441774882266895	 1.4020419112505393	
1644	 0.006065689334232253	 1.4103684583173213	
1645	 0.006093881684512531	 1.4213106528726867	
1646	 0.0061292043991112875	 1.4350680281836687	
1647	 0.0061722638518186745	 1.4519103001349585	
1648	 0.0062061536632487735	 1.4652211826479273	
1649	 0.006237345228385798	 1.4775151807684115	
1650	 0.006265829705626427	 1.4887780603828877	
1651	 0.006287750298517602	 1.497468832805148	
1652	 0.006303360003694011	 1.5036698808357887	
1653	 0.006312687717255218	 1.5073802615574636	
1654	 0.006318864192897592	 1.5098391544053809	
1655	 0.00632473753227465	 1.5121788536304501	
1656	 0.006329388868298946	 1.5140327845982962	
1657	 0.0063335334704490145	 1.515685506854633	
1658	 0.006337421109243736	 1.517236416614317	
1659	 0.00634103054619125	 1.5186769102306872	
1660	 0.006346997727466861	 1.52105955731649	
1661	 0.006351140894433072	 1.5227147690003062	
1662	 0.006356745077820843	 1.5249548081492994	
1663	 0.006358799374734828	 1.5257762577459613	
1664	 0.006360204649635005	 1.5263382854960426	
1665	 0.006361939118842271	 1.5270320858656383	
1666	 0.006372076840167852	 1.5310897708907036	
1667	 0.00637262211703474	 1.5313081433480993	
1668	 0.006365947494199644	 1.5286359478026816	
1669	 0.006362482664617176	 1.527249534104985	
1670	 0.006367907004017899	 1.5294202469918008	
1671	 0.006381549595481092	 1.5348851908654289	
1672	 0.006406516719442434	 1.544906691918299	
1673	 0.006438768788588169	 1.5578908677768664	
1674	 0.006490176276264495	 1.5786764687743882	
1675	 0.006536566200119327	 1.5975277877161327	
1676	 0.00656772713401617	 1.6102407622935284	
1677	 0.006585064530750631	 1.6173314804049919	
1678	 0.006593591139549849	 1.6208232973832761	
1679	 0.006599808757511686	 1.6233714352077055	
1680	 0.006609564279756484	 1.627372722349504	
1681	 0.006623600952585974	 1.6331368605273562	
1682	 0.0066402050684674745	 1.6399658363023268	
1683	 0.006660570828044495	 1.6483574656401108	
1684	 0.006676195848197009	 1.6548073015620022	
1685	 0.0066792049626657095	 1.6560505876077867	
1686	 0.006665064644800625	 1.6502114314055747	
1687	 0.006648895546266196	 1.643544617176154	
1688	 0.006633685712480573	 1.6372831827744891	
1689	 0.006617243152049634	 1.63052502949958	
1690	 0.006611819423111933	 1.6282982438109597	
1691	 0.006615307090548877	 1.6297300134123007	
1692	 0.0066175559417283565	 1.6306534866793685	
1693	 0.006619054349894723	 1.6312689125092195	
1694	 0.006617325338375269	 1.6305587815754674	
1695	 0.006605218921251571	 1.6255899603298	
1696	 0.006578345243465783	 1.6145819203696465	
1697	 0.006538303758656472	 1.5982356119541794	
1698	 0.00651300889329019	 1.5879436973381282	
1699	 0.006477371580521496	 1.5734888400318363	
1700	 0.006409227879791608	 1.5459964886469972	
1701	 0.006314378801424735	 1.5080533331631447	
1702	 0.006224254083023632	 1.472350368387186	
1703	 0.006149663774165979	 1.4430607054548945	
1704	 0.006083572611068948	 1.4173055067874762	
1705	 0.006023370217304963	 1.3940068568011066	
1706	 0.005969766905172784	 1.3733922888403536	
1707	 0.00592482601112959	 1.3562038829421712	
1708	 0.005883251623300658	 1.3403802501026205	
1709	 0.0058503381345289965	 1.3279057794316782	
1710	 0.005827563136361889	 1.3193012084265092	
1711	 0.005817695440693302	 1.3155800665686956	
1712	 0.00582091149908867	 1.3167923913775341	
1713	 0.005836910020368835	 1.322829826562759	
1714	 0.00586128265055224	 1.332048658747644	
1715	 0.005875863034117649	 1.3375758563099793	
1716	 0.0059016479406507165	 1.3473729116942241	
1717	 0.00593500995881123	 1.360091316712212	
1718	 0.005973481161052189	 1.3748167409526981	
1719	 0.006016620698304871	 1.3914043932298061	
1720	 0.006064933220998651	 1.410075456734731	
1721	 0.006115816112597587	 1.429847364417413	
1722	 0.0061741902824849005	 1.452665640362277	
1723	 0.006227479311044606	 1.473622136795418	
1724	 0.006266681685811776	 1.4891154636628283	
1725	 0.006295366283647505	 1.5004930475661509	
1726	 0.006313183637058357	 1.5075776310803615	
1727	 0.006318107596211302	 1.5095378624662863	
1728	 0.006312563108927393	 1.5073306707158907	
1729	 0.006301877120354418	 1.5030803560543877	
1730	 0.006289348698278868	 1.4981033354825988	
1731	 0.006279237237413962	 1.4940912894443326	
1732	 0.0062748580621595175	 1.4923550471211804	
1733	 0.006270804900177671	 1.4907487812329308	
1734	 0.006265967161349357	 1.4888324938659252	
1735	 0.006261413658964403	 1.487029696894454	
1736	 0.006257423357849096	 1.485450597772999	
1737	 0.006254246417763632	 1.4841938534288073	
1738	 0.006254987889596908	 1.484487129216377	
1739	 0.006277847506940596	 1.4935402057883056	
1740	 0.006309528911023176	 1.5061233410699204	
1741	 0.006335292109134507	 1.516387008337946	
1742	 0.006366289655560812	 1.5287728872313002	
1743	 0.006405224258346157	 1.5443872735389446	
1744	 0.006438618498606989	 1.557830262616885	
1745	 0.006477564801830652	 1.5735670699622262	
1746	 0.006524171930819165	 1.5924824087147333	
1747	 0.006558200848262029	 1.6063499703497581	
1748	 0.0065741200749407265	 1.6128539224651057	
1749	 0.006570424605748735	 1.6113431663882023	
1750	 0.006555310510212814	 1.6051702229262192	
1751	 0.006528163706484153	 1.5941066579856702	
1752	 0.0064894329253849655	 1.5783751246895112	
1753	 0.006446627836196596	 1.5610613805568623	
1754	 0.006401588350052735	 1.542926437896894	
1755	 0.006355762277295666	 1.5245618792922273	
1756	 0.006316497082498547	 1.5088966037729672	
1757	 0.006282062101716623	 1.4952117116310981	
1758	 0.006252461611866956	 1.4834880007514115	
1759	 0.006227499115156302	 1.473629947287934	
1760	 0.006209480729122941	 1.4665305708068554	
1761	 0.006196496360339286	 1.46142313941817	
1762	 0.00620484370587537	 1.4647057688749385	
1763	 0.006237835817842683	 1.4777088722475762	
1764	 0.006288492215022466	 1.4977633314960483	
1765	 0.006351567973825229	 1.5228854298536063	
1766	 0.0064231961232638374	 1.5516161305865057	
1767	 0.006493030665405038	 1.5798338121575828	
1768	 0.006554973339324452	 1.6050326226833775	
1769	 0.006608697699838773	 1.6270171298508471	
1770	 0.0066525835665986344	 1.6450643048131834	
1771	 0.006685259040592713	 1.658553103059126	
1772	 0.006710101370320799	 1.6688377550859863	
1773	 0.006727822717226763	 1.676189874549905	
1774	 0.0067391446771086615	 1.6808938228491217	
1775	 0.006745339182799579	 1.6834696928335309	
1776	 0.006747396685869069	 1.6843256162427147	
1777	 0.006746416521245354	 1.6839178450387549	
1778	 0.00674359312866559	 1.6827434690162244	
1779	 0.006737328522396642	 1.6801389078112652	
1780	 0.0067163175637237026	 1.671415217718688	
1781	 0.006685095188645269	 1.6584853532696229	
1782	 0.006653409618009348	 1.6454047650069614	
1783	 0.0066233954533132435	 1.633052413771804	
1784	 0.00659805340876462	 1.622651886485955	
1785	 0.006577352496823271	 1.6141758430332247	
1786	 0.006566352360592666	 1.6096790353073023	
1787	 0.0065736970208642555	 1.6126809437286405	
1788	 0.006572316834587339	 1.6121166635061073	
1789	 0.006561495719511628	 1.6076952586813822	
1790	 0.0065604411040852025	 1.6072646126179473	
1791	 0.0065748346656522095	 1.6131461218209144	
1792	 0.006596877413028618	 1.6221698962663549	
1793	 0.00662599767677361	 1.6341218863299072	
1794	 0.006655002256594351	 1.6460612565292698	
1795	 0.006669049773779099	 1.6518562306549962	
1796	 0.006675884259030368	 1.6546785825484323	
1797	 0.006677960018724255	 1.6555361645935873	
1798	 0.006679500519403593	 1.6561727239328132	
1799	 0.006683607282597836	 1.657870181948063	
1800	 0.006687161000713629	 1.6593396098557396	
1801	 0.006690186157884329	 1.6605908932310611	
1802	 0.006695606061750624	 1.6628336492669276	
1803	 0.006708454799466319	 1.6681552927584908	
1804	 0.006725250439082087	 1.6751219022295678	
1805	 0.006741769768763741	 1.6819852257561247	
1806	 0.0067506329021444975	 1.6856722376712208	
1807	 0.006744915109497663	 1.6832932995317236	
1808	 0.006727065721007243	 1.6758755525022277	
1809	 0.006699759200652284	 1.6645530372829669	
1810	 0.006675004418552274	 1.6543151377521472	
1811	 0.006651115030456561	 1.64445911170877	
1812	 0.00661719671212725	 1.6305059577912826	
1813	 0.006582481685234199	 1.6162743479688872	
1814	 0.0065493253006299774	 1.6027283462294724	
1815	 0.00652551853614472	 1.5930302669592737	
1816	 0.00651199292640836	 1.5875308788427815	
1817	 0.006509906189748497	 1.5866831084147277	
1818	 0.0065297266433951605	 1.5947427957714668	
1819	 0.006546181869672285	 1.601446468682697	
1820	 0.006555896249027305	 1.6054092755501281	
1821	 0.006558502380718811	 1.6064730666296607	
1822	 0.0065558527033980005	 1.6053915031511155	
1823	 0.006548589832659128	 1.6024283888072697	
1824	 0.006539258042356163	 1.5986244091225787	
1825	 0.006530109780290641	 1.5948987534880121	
1826	 0.006523553785973605	 1.5922309454604493	
1827	 0.006520481784096589	 1.590981481139443	
1828	 0.006527826343674093	 1.593969359795403	
1829	 0.0065315202783653836	 1.5954729560827825	
1830	 0.006532578429781413	 1.595903775418255	
1831	 0.006532545322665068	 1.5958902953701954	
1832	 0.006532645479195159	 1.5959310757101124	
1833	 0.006531101446325716	 1.5953024442467472	
1834	 0.006537133077890911	 1.5977587013037782	
1835	 0.006554551296383504	 1.6048603926031988	
1836	 0.006558010179137559	 1.6062721343747952	
1837	 0.006540762411156869	 1.5992374004547516	
1838	 0.006506129357903341	 1.5851491702049691	
1839	 0.006473738354583386	 1.5720181376410665	
1840	 0.006443669632312571	 1.5598676734057257	
1841	 0.006435266218578858	 1.5564786846620753	
1842	 0.006453934397353433	 1.5640113205228034	
1843	 0.006469366893021085	 1.5702493322588682	
1844	 0.006475590856719881	 1.572767947763315	
1845	 0.00647539803006464	 1.5726898934772744	
1846	 0.0064738278496982	 1.5720543579783526	
1847	 0.006470381260206911	 1.5706597002463163	
1848	 0.006465135624068181	 1.5685380111139944	
1849	 0.006460399053734992	 1.5666232082567184	
1850	 0.006456260517289015	 1.564950932121965	
1851	 0.006452421847491677	 1.5634004630852343	
1852	 0.006449615725102462	 1.5622674370831144	
1853	 0.006447067229831667	 1.5612387177207492	
1854	 0.006445911168115221	 1.560772154045729	
1855	 0.006445995963889817	 1.5608063740498674	
1856	 0.006448829760307531	 1.5619501475525526	
1857	 0.006452956704057277	 1.5636164590132295	
1858	 0.006469248743698991	 1.5702015370707174	
1859	 0.006496337903632497	 1.581175192399951	
1860	 0.006526695587861008	 1.5935092050792576	
1861	 0.006551090021823151	 1.6034481717019404	
1862	 0.0065772142585462925	 1.614119300697457	
1863	 0.006606075958051639	 1.6259415133188657	
1864	 0.0066402476478028384	 1.6399833630714211	
1865	 0.006690714687505555	 1.6608095454895395	
1866	 0.006731330662042019	 1.6776467608080372	
1867	 0.006745328864562392	 1.6834654008747283	
1868	 0.00674302564536226	 1.6825074667303601	
1869	 0.006734060110970318	 1.678780679757728	
1870	 0.006721492336668546	 1.6735620825031385	
1871	 0.006704235590621962	 1.6664070461753047	
1872	 0.006683332271694195	 1.657756489320683	
1873	 0.006655665033914609	 1.646334486660796	
1874	 0.006623817455841153	 1.6332258310891938	
1875	 0.006592850092277782	 1.6205197041768888	
1876	 0.006565684185207055	 1.6094060497974954	
1877	 0.006543750359107628	 1.6004551906255946	
1878	 0.006524419814799026	 1.5925832531541952	
1879	 0.006507617265422843	 1.5857534043127226	
1880	 0.006490592027856736	 1.5788450187084653	
1881	 0.006471796955959218	 1.5712324996797928	
1882	 0.006468046559676751	 1.5697152481823313	
1883	 0.006491376983338792	 1.5791632672870597	
1884	 0.006530965114419839	 1.5952469433711445	
1885	 0.006586599163700393	 1.6179597210174428	
1886	 0.006654324991723916	 1.645782072640557	
1887	 0.0067114324402057215	 1.6693895317864502	
1888	 0.0067443029966531755	 1.6830387042147363	
1889	 0.006783271249628969	 1.699277425221088	
1890	 0.006800307007789188	 1.7063960915041076	
1891	 0.006781602674132348	 1.698580824206215	
1892	 0.0067526325200643654	 1.6865045135148993	
1893	 0.00671563417003123	 1.6711317796926295	
1894	 0.006680058658672545	 1.6564033800967504	
1895	 0.0066462039943912254	 1.6424358895139997	
1896	 0.006612365794513065	 1.6285225088837287	
1897	 0.006578053146350599	 1.6144624354730304	
1898	 0.006546967034915756	 1.6017666172320721	
1899	 0.00652179241741157	 1.5915145023456303	
1900	 0.006506707416880264	 1.5853839070186375	
1901	 0.006503624603456658	 1.5841322061294802	
1902	 0.006497530274360106	 1.5816589168174529	
1903	 0.006487402548761361	 1.577552155574602	
1904	 0.006475026112054381	 1.5725393491928639	
1905	 0.006460603358259718	 1.5667057809639855	
1906	 0.0064607298299056036	 1.5667568972299362	
1907	 0.0064871058268610145	 1.5774319001684893	
1908	 0.0065306901877618985	 1.5951350227619288	
1909	 0.0065817256491431005	 1.6159649623868506	
1910	 0.0066653663203665005	 1.6503359203152392	
1911	 0.006742982584897871	 1.6824895594875175	
1912	 0.0068088882677000105	 1.7099864163731986	
1913	 0.006864681796704537	 1.7334034876608981	
1914	 0.006887614170980681	 1.7430653352808738	
1915	 0.006887679438178291	 1.7430928642495915	
1916	 0.006890285188450705	 1.744192082427969	
1917	 0.0068863776655284405	 1.7425438240684754	
1918	 0.006877569784539892	 1.7388307993917296	
1919	 0.006877619340673237	 1.7388516812682795	
1920	 0.006870249434764995	 1.7357472651873054	
1921	 0.006863038936161438	 1.732712143886336	
1922	 0.0068499519531886165	 1.7272088583315302	
1923	 0.0068288917439689855	 1.7183674122735946	
1924	 0.00679925811342941	 1.7059574502266146	
1925	 0.006768550582094634	 1.6931357477207147	
1926	 0.006722550953793411	 1.6740014081767498	
1927	 0.00667072525154338	 1.6525479534254772	
1928	 0.006623958237877536	 1.6332836855638144	
1929	 0.006582046855505935	 1.6160964037695222	
1930	 0.006553053426730117	 1.6042491917106534	
1931	 0.006542241469475785	 1.5998401700608837	
1932	 0.006541576354691435	 1.5995691005570112	
1933	 0.006572707932641096	 1.612276553392629	
1934	 0.006628292655496785	 1.6350653185766184	
1935	 0.006685323355386345	 1.658579696354906	
1936	 0.006736295529444015	 1.6797095875590735	
1937	 0.006782038128911736	 1.6987626079243334	
1938	 0.006798257780798713	 1.7055391591954294	
1939	 0.006767818287553552	 1.6928304560300027	
1940	 0.006716765179863308	 1.6716008772562454	
1941	 0.00665940510060715	 1.647876670157302	
1942	 0.006604227792709789	 1.6251834413740462	
1943	 0.006542012408688827	 1.5997468135833057	
1944	 0.006479243065007606	 1.5742466174507312	
1945	 0.006425718351532483	 1.5526317314954643	
1946	 0.0063831796627966935	 1.5355386839731142	
1947	 0.006350393630639085	 1.5224161809179424	
1948	 0.00633468717642201	 1.5161456927329278	
1949	 0.00632725137453065	 1.5131807088309523	
1950	 0.006331103975430441	 1.514716621806697	
1951	 0.006346659224690034	 1.520924355931375	
1952	 0.006363801657478224	 1.5277772553677917	
1953	 0.006373148575646601	 1.53151899129117	
1954	 0.006385747694160875	 1.5365684320767852	
1955	 0.006413718616605381	 1.5478022924163901	
1956	 0.006443072242643489	 1.5596266564880867	
1957	 0.006463261181368427	 1.5677801382606105	
1958	 0.0064817518820074905	 1.5752626842900392	
1959	 0.006526192134072807	 1.5933043444912425	
1960	 0.006567063225287062	 1.6099694820232124	
1961	 0.00662523342690153	 1.633807762709772	
1962	 0.006677103707828652	 1.6551823656649718	
1963	 0.00670389804650849	 1.6662672150587325	
1964	 0.006712523547765944	 1.6698418898243808	
1965	 0.006694579035609392	 1.662408572907967	
1966	 0.006665150836013218	 1.6502469985368275	
1967	 0.006628449455788522	 1.635129784836114	
1968	 0.006584194950484942	 1.6169755391624168	
1969	 0.006538520654103368	 1.5983239768352524	
1970	 0.006497824044722903	 1.5817781035178236	
1971	 0.006464700445054083	 1.5683620468988313	
1972	 0.006436084284503652	 1.5568084705858731	
1973	 0.00640203780507107	 1.5431069900302132	
1974	 0.006367740515390978	 1.529353603206113	
1975	 0.006337795557321806	 1.5173858300322793	
1976	 0.006308300708864312	 1.5056347404325232	
1977	 0.0062735228442990865	 1.4918258245862004	
1978	 0.006246000242220886	 1.480933790192254	
1979	 0.006206568559340083	 1.4653844421377051	
1980	 0.006182467927089816	 1.455913035919767	
1981	 0.0061659781937983245	 1.4494468298067593	
1982	 0.0061472503141979445	 1.442116937431363	
1983	 0.006127947059172601	 1.4345774139472858	
1984	 0.006098448708833606	 1.4230864180603813	
1985	 0.006069074163952157	 1.4116804128039773	
1986	 0.006048685594749801	 1.4037852213984243	
1987	 0.006009562428830106	 1.3886849635167478	
1988	 0.0059526691034108336	 1.3668427411095416	
1989	 0.005898765774421476	 1.3462764042602662	
1990	 0.005858339993907545	 1.3309342536871527	
1991	 0.005829306712722533	 1.3199591540523032	
1992	 0.00580705032581197	 1.3115704727295436	
1993	 0.005789652591162619	 1.305027977400001	
1994	 0.00577630531981334	 1.3000175519219692	
1995	 0.005767800790171449	 1.2968290631093353	
1996	 0.005779530521104409	 1.30122755219029	
1997	 0.005792242257547825	 1.306001003816296	
1998	 0.005805548333098212	 1.311005125627277	
1999	 0.005815799184261755	 1.3148654634139927	
2000	 0.005821806334290374	 1.3171297877240298	
2001	 0.005822738967640904	 1.3174814726050925	
2002	 0.005830660911027819	 1.3204702568157964	
2003	 0.005850826683133595	 1.328090601960721	
2004	 0.005879755912014355	 1.3390531341412923	
2005	 0.005911028622245791	 1.3509442226054869	
2006	 0.005940707498832663	 1.3622681325347055	
2007	 0.005971718017273118	 1.3741404850643066	
2008	 0.0059979891016060756	 1.3842305664865182	
2009	 0.006025023222070334	 1.394644514977732	
2010	 0.006047239910655267	 1.4032260728453154	
2011	 0.006062454220820282	 1.4091149897091566	
2012	 0.006059115467237103	 1.4078218324520544	
2013	 0.006041109260356159	 1.4008559058966399	
2014	 0.006022922367439604	 1.3938341156590563	
2015	 0.006008941253764452	 1.388445737349571	
2016	 0.005998443942830485	 1.3844055198555345	
2017	 0.005989369403190808	 1.3809166965503121	
2018	 0.0059811574143814935	 1.3777625278510044	
2019	 0.00597207264428772	 1.374276491984075	
2020	 0.005961981923317514	 1.370408591732717	
2021	 0.005951132969709512	 1.366254917242459	
2022	 0.0059381711172562844	 1.3612989045332706	
2023	 0.005925500426349991	 1.3564611842375263	
2024	 0.005910599676700104	 1.3507808366347867	
2025	 0.0058953326793747705	 1.3449707644245816	
2026	 0.005895090130524636	 1.3448785398755911	
2027	 0.005908676656037941	 1.3500484524768728	
2028	 0.0059161001527217524	 1.3528765749601386	
2029	 0.005933069095217974	 1.3593501037016373	
2030	 0.0059687390239548084	 1.3729981910646518	
2031	 0.006019529295311469	 1.3925256446680274	
2032	 0.0060791307805637155	 1.415581218845328	
2033	 0.006137995165868069	 1.4385000610355936	
2034	 0.00619079216409784	 1.459181634528165	
2035	 0.0062242691679525826	 1.4723563156376098	
2036	 0.00624396004788717	 1.4801276572994986	
2037	 0.0062554592074679765	 1.4846735625340757	
2038	 0.006262547318543417	 1.4874784473124485	
2039	 0.0062666028319660495	 1.4890842344854058	
2040	 0.006258162629543488	 1.485743102308104	
2041	 0.006234573633670778	 1.4764211077476903	
2042	 0.006196459925488558	 1.4614088177148297	
2043	 0.006147941061224808	 1.4423870243934176	
2044	 0.00610147851940716	 1.4242649681259938	
2045	 0.006055674663438671	 1.406489646330954	
2046	 0.006012419332613174	 1.3897854229986992	
2047	 0.0059776310469393445	 1.376408959832077	
2048	 0.005947514641286575	 1.3648707110607925	
2049	 0.005915190708224703	 1.3525299775175694	
2050	 0.005890543843528276	 1.3431503695418279	
2051	 0.00585921621606222	 1.3312660462602606	
2052	 0.005834143951795257	 1.3217851927950044	
2053	 0.005829152972842298	 1.3199011344088445	
2054	 0.005842858472149154	 1.3250774376446826	
2055	 0.005871063801011883	 1.3357555306755766	
2056	 0.005906817163922051	 1.3493404143253924	
2057	 0.005947122856018706	 1.3647208656974752	
2058	 0.0059963659324671955	 1.3836062912465674	
2059	 0.006039237338560661	 1.4001325227868575	
2060	 0.006071965045651437	 1.4128013001347608	
2061	 0.006096490039143552	 1.4223247331505455	
2062	 0.006112899537251428	 1.428711077087147	
2063	 0.006118205094568271	 1.4307783724427772	
2064	 0.006109195091074656	 1.4272683590903463	
2065	 0.00609023598668661	 1.4198937574694865	
2066	 0.006068665364999588	 1.41152193709	
2067	 0.0060469665885054475	 1.4031203698044057	
2068	 0.006037790395231191	 1.3995734702387856	
2069	 0.006020715201800192	 1.3929829101124447	
2070	 0.005994491219531002	 1.3828854117683334	
2071	 0.005964474756143808	 1.371363720321822	
2072	 0.005934663550997998	 1.3599590122185974	
2073	 0.005905433395574027	 1.3488136137673616	
2074	 0.005894841593394922	 1.3447840410222147	
2075	 0.005907792836890565	 1.3497119024483262	
2076	 0.0059328462695644	 1.3592650172484932	
2077	 0.00596196429984163	 1.3704018402477014	
2078	 0.005987742419598674	 1.3802915541209224	
2079	 0.0060071917386973735	 1.3877720548929589	
2080	 0.006021367269445054	 1.393234361932321	
2081	 0.006018699134751482	 1.3922055845579122	
2082	 0.00601713257046084	 1.3916016915139644	
2083	 0.005996507856107444	 1.3836608709683942	
2084	 0.005951475366348318	 1.3663859315286848	
2085	 0.0058888397732962195	 1.3425028340156457	
2086	 0.0058178844770252645	 1.315651313315318	
2087	 0.005735844753155276	 1.2848762300796999	
2088	 0.005649141813197908	 1.2526693264968776	
2089	 0.005567912670381619	 1.222793175430797	
2090	 0.005493814121294689	 1.1957918343597584	
2091	 0.0054212993816796515	 1.1696016340669877	
2092	 0.005356444112656138	 1.1463747485857607	
2093	 0.005294172164934692	 1.124248754484813	
2094	 0.005238122327819307	 1.1044813205673345	
2095	 0.005180367829177328	 1.084259686452544	
2096	 0.005123163564425637	 1.0643783132214404	
2097	 0.005062050812928335	 1.0433014598062866	
2098	 0.0049896739752285715	 1.0185583909775822	
2099	 0.004918020003057049	 0.9942970080558421	
2100	 0.00485761738858788	 0.9740273582323421	
2101	 0.004806510818326677	 0.9570078969569394	
2102	 0.004763129833248483	 0.9426555177841764	
2103	 0.0047235824277650626	 0.92964715611024	
2104	 0.0046803270422894495	 0.9155020392488122	
2105	 0.004646944325462579	 0.9046448115061948	
2106	 0.004633918600294274	 0.9004224522224055	
2107	 0.004642971074979104	 0.9033560234130282	
2108	 0.004651170325963798	 0.9060163895973056	
2109	 0.004664690622243324	 0.9104100778623392	
2110	 0.0046806038375369905	 0.9155922792422849	
2111	 0.00469789817193049	 0.9212375812650009	
2112	 0.004706446291486075	 0.9240330243867323	
2113	 0.00470668697001643	 0.9241117811554496	
2114	 0.004702925452839005	 0.9228812141373381	
2115	 0.004704372110955652	 0.9233544055948185	
2116	 0.004721472342523954	 0.9289551168712419	
2117	 0.0047375283075250735	 0.9342261320932159	
2118	 0.004758227149727915	 0.9410389491259123	
2119	 0.0047858824725064775	 0.9501722958112694	
2120	 0.004809687788835499	 0.9580623887360349	
2121	 0.004836051026209215	 0.9668307146842255	
2122	 0.0048469903171266876	 0.9704784619673913	
2123	 0.0048591954965103695	 0.9745548070541178	
2124	 0.00488073748327977	 0.9817661705787374	
2125	 0.004911770814583645	 0.9921921917433653	
2126	 0.00494858910898561	 1.0046188118220076	
2127	 0.004990493094992978	 1.0188370888669478	
2128	 0.005027359204762961	 1.0314119899447836	
2129	 0.005072487703821799	 1.0468890391251895	
2130	 0.005128809841541574	 1.0663341302905975	
2131	 0.005192507455181748	 1.0884977336585135	
2132	 0.005247244793995035	 1.1076890353378739	
2133	 0.005288335099686025	 1.1221836216411756	
2134	 0.005314065299787975	 1.131298277385933	
2135	 0.005319040502439546	 1.1330640926324251	
2136	 0.005309616741690701	 1.1297203135694198	
2137	 0.0052906401938189644	 1.1229989742533109	
2138	 0.0052720369488465976	 1.1164254380500949	
2139	 0.005257018704147714	 1.1111299439152638	
2140	 0.005240740628904046	 1.1054016078603475	
2141	 0.005222337471394858	 1.0989397162078025	
2142	 0.005202426346461715	 1.0919654108966215	
2143	 0.005183009126152484	 1.085181222858368	
2144	 0.0051662065234607145	 1.079324214092033	
2145	 0.005154555063934565	 1.075270225321681	
2146	 0.005158070775237222	 1.0764928329778467	
2147	 0.005176923262043395	 1.0830583633189248	
2148	 0.005208745344965882	 1.094176853741214	
2149	 0.005247221671907855	 1.1076809002606955	
2150	 0.005289863099496882	 1.1227240757635795	
2151	 0.005333343450202424	 1.1381466754629659	
2152	 0.0053729113912832326	 1.1522545855829125	
2153	 0.005405347563475139	 1.163871468021886	
2154	 0.0054393350194367335	 1.1760938953470832	
2155	 0.005469106051706589	 1.186841952504279	
2156	 0.005487026711236721	 1.1933305853963068	
2157	 0.005498431825877489	 1.197467464516028	
2158	 0.005501467761800351	 1.1985696283276661	
2159	 0.005495149096401386	 1.19627616139721	
2160	 0.005483786682873482	 1.1921564024644877	
2161	 0.00546888725570513	 1.1867628192759692	
2162	 0.005451981428113481	 1.1806547739073143	
2163	 0.005433488082898972	 1.1739876078135547	
2164	 0.005416356620055156	 1.167824905966337	
2165	 0.005399912792077524	 1.1619217768077807	
2166	 0.0053835414292177685	 1.1560565546883943	
2167	 0.005369059695586065	 1.1508782140357836	
2168	 0.005355271397151237	 1.145956475660276	
2169	 0.005342392559601681	 1.1413669936010593	
2170	 0.005343018880316176	 1.1415900178105431	
2171	 0.005366349506825925	 1.1499101449730875	
2172	 0.005403570048634373	 1.163233651488029	
2173	 0.005434403063509948	 1.1743171187333035	
2174	 0.005454574774912812	 1.1815909267447648	
2175	 0.005467716783936841	 1.1863395237589358	
2176	 0.005481842245156826	 1.191451962261655	
2177	 0.005495795287803472	 1.19651062687964	
2178	 0.005524694165924933	 1.207015138408908	
2179	 0.005692458414052992	 1.268718946650978	
2180	 0.0058370024315993925	 1.3228647322967848	
2181	 0.005961237319934908	 1.3701233486694948	
2182	 0.0060677777403660245	 1.4111778634809466	
2183	 0.006158954933984625	 1.4466962589051073	
2184	 0.006236832562147346	 1.477312783923525	
2185	 0.006303226141788123	 1.503616659831147	
2186	 0.0063597243299729845	 1.5261461764171604	
2187	 0.00640771149061684	 1.5453869125032442	
2188	 0.0064483895314723155	 1.561772440931639	
2189	 0.0064827987014108865	 1.5756867219949655	
2190	 0.006511837059627153	 1.5874675491891383	
2191	 0.006536278252478988	 1.5974104994264156	
2192	 0.0065567875500739696	 1.6057730620200987	
2193	 0.006573936165471417	 1.6127787244817977	
2194	 0.006588213953431864	 1.6186208811959006	
2195	 0.0066000404634281515	 1.6234664251237916	
2196	 0.006609774796522418	 1.6274591105149863	
2197	 0.006617549558000464	 1.630650864954951	
2198	 0.006482790012552176	 1.5756832021897564	
2199	 0.006367800625979153	 1.5293776647586799	
2200	 0.006238882467284914	 1.4781221378187535	
2201	 0.006115127979555863	 1.4295792376744614	
2202	 0.0060259602762624	 1.395006042004387	
2203	 0.0059562518433895996	 1.3682141215903882	
2204	 0.005890656292513611	 1.3431931038125777	
2205	 0.0058281482841850505	 1.3195220017067446	
2206	 0.005770454523360098	 1.2978236553923057	
2207	 0.005720134212581771	 1.279016103856916	
2208	 0.005676158394387702	 1.2626698909824365	
2209	 0.0056365259959347495	 1.248010306098865	
2210	 0.005600983816517767	 1.2349219525758055	
2211	 0.005570508912697717	 1.223743609636907	
2212	 0.005548158265230594	 1.2155711472415316	
2213	 0.00552677979417879	 1.2077746681270747	
2214	 0.005507231003423908	 1.2006630267015674	
2215	 0.005490859213940067	 1.1947200772683844	
2216	 0.0054780948399538905	 1.190094804208631	
2217	 0.005468376790172719	 1.186578204430396	
2218	 0.005469612511686857	 1.1870251349416263	
2219	 0.005488947818685567	 1.1940270110858735	
2220	 0.005521466509543523	 1.2058400895376793	
2221	 0.005559887335242856	 1.2198571231980582	
2222	 0.005601383555753686	 1.2350688489418697	
2223	 0.005643638632896191	 1.2506361485288227	
2224	 0.0056807427980652934	 1.2643700275750216	
2225	 0.005710285793858825	 1.27534805014895	
2226	 0.0057319625009534785	 1.2834271299340778	
2227	 0.005747852279396829	 1.2893623314001208	
2228	 0.005761184730215615	 1.2943507592312433	
2229	 0.005770017331326903	 1.2976597792681683	
2230	 0.005777353072298547	 1.3004105883295445	
2231	 0.005781364699851201	 1.3019158827218928	
2232	 0.0057825193147021045	 1.302349261217292	
2233	 0.005778558462527458	 1.3008628171182453	
2234	 0.005767437687531213	 1.2966929996446508	
2235	 0.0057492201235029945	 1.289873764911123	
2236	 0.005726139939012581	 1.2812550107697727	
2237	 0.005706377196584176	 1.2738934573132041	
2238	 0.005691497412404097	 1.2683619912142303	
2239	 0.00568016670428443	 1.2641563316105457	
2240	 0.005663603347917303	 1.258018509155787	
2241	 0.00563899777569837	 1.2489225871520406	
2242	 0.005616660677045358	 1.2406881288100005	
2243	 0.005605056968669237	 1.236419083671387	
2244	 0.005582331468062512	 1.2280753531120685	
2245	 0.005558394119547478	 1.2193111448893517	
2246	 0.005548748229151304	 1.2157865846607327	
2247	 0.005556174844237066	 1.2184998713123747	
2248	 0.005566984079513108	 1.2224533079556907	
2249	 0.005584397521066025	 1.2288329761568315	
2250	 0.005620869041537872	 1.2422378550311555	
2251	 0.005652991556382058	 1.2540924189291747	
2252	 0.005673855036465512	 1.2618160308319648	
2253	 0.005683797619798156	 1.2655034231756759	
2254	 0.005683644995157996	 1.26544678695911	
2255	 0.005678246466533566	 1.2634441438402906	
2256	 0.005674599540316803	 1.2620919948744604	
2257	 0.005673001230422358	 1.2614995816380488	
2258	 0.005672820604286703	 1.2614326395947997	
2259	 0.0056816844030786445	 1.2647193372153611	
2260	 0.0056996751972420295	 1.2714008395602003	
2261	 0.0057221181101913265	 1.2797555184219287	
2262	 0.005748432203485857	 1.2895791536687065	
2263	 0.005770250674894419	 1.2977472442406093	
2264	 0.005772899672212757	 1.2987403423453272	
2265	 0.005762097793232942	 1.2946926698792103	
2266	 0.005753604288048552	 1.2915135398221396	
2267	 0.005744508968379243	 1.2881126172384896	
2268	 0.005731760881783525	 1.2833518908751416	
2269	 0.0057320076484137965	 1.2834439780402136	
2270	 0.005736414069415835	 1.285088789625191	
2271	 0.0057289028835815405	 1.2822855496532783	
2272	 0.005715614387277773	 1.2773321670875861	
2273	 0.005696805667089589	 1.2703341966875983	
2274	 0.005691840771599291	 1.2684895242922751	
2275	 0.0056845460000117705	 1.265781148079532	
2276	 0.005662852647583344	 1.2577406079886384	
2277	 0.005625742386155853	 1.24403342630129	
2278	 0.005581958185546764	 1.227938490094068	
2279	 0.005538323324298236	 1.2119819667068108	
2280	 0.00549783720730965	 1.1972516421556103	
2281	 0.005460298514805613	 1.1836581469977003	
2282	 0.005421477737811768	 1.169665766266215	
2283	 0.005379089182354147	 1.1544635419170883	
2284	 0.0053272786612681075	 1.1359904287393863	
2285	 0.005282608216458484	 1.1201589471112186	
2286	 0.005237493190358857	 1.1042602353801974	
2287	 0.005190772347041348	 1.0878915875535324	
2288	 0.0051485494105993485	 1.0731830125488155	
2289	 0.005111736365572493	 1.0604244355148453	
2290	 0.005088845376777676	 1.0525217354523817	
2291	 0.005064125625469884	 1.0440142640189738	
2292	 0.005057790896415232	 1.0418385710622338	
2293	 0.005071586473085343	 1.0465790555572807	
2294	 0.005099884003252953	 1.0563296696727213	
2295	 0.005138582861107023	 1.0697228054265484	
2296	 0.005178177132486093	 1.0834956000187208	
2297	 0.005206475582278164	 1.0933823050624463	
2298	 0.005238100880139161	 1.1044737833468457	
2299	 0.00525985170839681	 1.1121281019497458	
2300	 0.005274900871012309	 1.117436411771658	
2301	 0.005287558861607861	 1.1219091058056365	
2302	 0.0052952053526235734	 1.1246144507939542	
2303	 0.00529979771632261	 1.1262404914394697	
2304	 0.0052992571023535795	 1.1260490248112753	
2305	 0.005297439762099065	 1.1254054816885313	
2306	 0.005298413715568635	 1.1257503526057246	
2307	 0.005304780173406471	 1.128005717055206	
2308	 0.005300835651379154	 1.1266081283634768	
2309	 0.005306088480523099	 1.1284694180878436	
2310	 0.005311612246790708	 1.1304280372976059	
2311	 0.005318061192438285	 1.132716425637112	
2312	 0.0053361544839569215	 1.1391466519361473	
2313	 0.005357293251724026	 1.1466776494787045	
2314	 0.005381772388407102	 1.1554234871452826	
2315	 0.0054170706250283845	 1.1680814958625716	
2316	 0.005572807206226114	 1.224585217002817	
2317	 0.0055770437272335835	 1.2261371863398869	
2318	 0.005711036998764159	 1.275627688727644	
2319	 0.005684215685784991	 1.2656585650204788	
2320	 0.005656345949408752	 1.2553329275560974	
2321	 0.005635232153471965	 1.2475328828377743	
2322	 0.005639767819057282	 1.2492068481615	
2323	 0.005642460753207994	 1.250201146536024	
2324	 0.005635848728951393	 1.247760387880403	
2325	 0.0056221951795941616	 1.2427263644398563	
2326	 0.005605847923054093	 1.2367098916273387	
2327	 0.005588876318352533	 1.2304759958393292	
2328	 0.005567872205349405	 1.2227783643012953	
2329	 0.005553943865766315	 1.217684537264451	
2330	 0.005559306212733785	 1.2196446303628088	
2331	 0.005582611471776877	 1.2281780197164065	
2332	 0.005604916526737373	 1.2363674506444706	
2333	 0.00562805515226392	 1.2448859219663708	
2334	 0.005654130763694268	 1.2545136611473964	
2335	 0.0056758329632823	 1.2625492388979216	
2336	 0.005695008029946003	 1.2696661732771288	
2337	 0.005715215637445509	 1.2771836487457942	
2338	 0.005743257876679488	 1.287645089605483	
2339	 0.005778747725729518	 1.3009338291049883	
2340	 0.0058121281836130785	 1.3134824903114022	
2341	 0.005844278137313936	 1.3256140809794894	
2342	 0.00587789488881172	 1.3383468276035362	
2343	 0.00591036934192266	 1.3506931050511901	
2344	 0.005924430761686864	 1.3560530973866085	
2345	 0.005930236828740001	 1.3582687552445463	
2346	 0.005944016648112466	 1.3635330732225712	
2347	 0.005952598715305534	 1.366815803867916	
2348	 0.005933685578539065	 1.3595855202788318	
2349	 0.005890825382165702	 1.3432573644021366	
2350	 0.005829821612210977	 1.3201534785627516	
2351	 0.00576224324994687	 1.2947471417436558	
2352	 0.005696905783322676	 1.2703714052061366	
2353	 0.005632904441945224	 1.246674149561659	
2354	 0.005572316645109438	 1.2244055600118693	
2355	 0.005517916978000725	 1.2045483885686104	
2356	 0.005471687988113381	 1.18777593592963	
2357	 0.00542980265540506	 1.1726607536082299	
2358	 0.005395945985324239	 1.1604995345704507	
2359	 0.005366789653672311	 1.150067341580299	
2360	 0.005344864184137888	 1.1422472064945755	
2361	 0.005330783925171707	 1.1372364744181012	
2362	 0.00532269649088687	 1.1343623901521527	
2363	 0.005294122686660029	 1.1242312428658598	
2364	 0.005265354318407551	 1.1140678717803183	
2365	 0.00524640488833417	 1.1073935454546033	
2366	 0.005238150803741312	 1.104491327709514	
2367	 0.005239752965789065	 1.105054425439952	
2368	 0.005249165302444787	 1.1083648140119233	
2369	 0.005259733334235264	 1.1120863877686522	
2370	 0.005287436930818131	 1.1218659875427617	
2371	 0.005454850533182567	 1.1816904881141397	
2372	 0.005452311929062008	 1.1807740624670757	
2373	 0.005440351813926487	 1.1764603372929547	
2374	 0.0054219946796803375	 1.1698516529849807	
2375	 0.00539644438564199	 1.1606781906535149	
2376	 0.0053645135921918195	 1.1492545484327352	
2377	 0.005329708483012612	 1.136854119834112	
2378	 0.005294813090093547	 1.1244756040489075	
2379	 0.005264450301311906	 1.1137490965372085	
2380	 0.005240868450050105	 1.105446542618965	
2381	 0.005223264480880034	 1.0992648540803118	
2382	 0.0052074032134772075	 1.0937070019255632	
2383	 0.005188293516760224	 1.087025862397018	
2384	 0.005172725301754856	 1.0815950079934988	
2385	 0.005168104432738353	 1.0799851472375548	
2386	 0.005176299863752406	 1.0828410046044596	
2387	 0.005185030762579546	 1.0858867740998905	
2388	 0.005181731400300821	 1.0847353910626572	
2389	 0.005176172780712091	 1.0827966970216611	
2390	 0.005178730764481119	 1.083688679292646	
2391	 0.0052073511015189675	 1.0936887602603953	
2392	 0.005254299279042539	 1.1101721407128524	
2393	 0.005295881421763795	 1.1248537709058122	
2394	 0.005319381565082374	 1.1331851840502807	
2395	 0.005342568746803268	 1.1414297296832454	
2396	 0.005500538461612381	 1.198232212837728	
2397	 0.0056373182430440715	 1.2483026785287012	
2398	 0.005755507392091385	 1.2922256023548655	
2399	 0.005857446463760194	 1.3305959412930601	
2400	 0.005945228557679972	 1.3639964498635486	
2401	 0.00602071266072218	 1.3929819302516286	
2402	 0.006085539910226435	 1.418069467005193	
2403	 0.006141151761269119	 1.439733238130253	
2404	 0.006188808965341343	 1.4584026447790606	
2405	 0.006229609985175738	 1.474462542809075	
2406	 0.006264509327791361	 1.4882552215457043	
2407	 0.006294334207417543	 1.5000830797400628	
2408	 0.006157381312619281	 1.4460802566033963	
2409	 0.006047798011295774	 1.4034419193784535	
2410	 0.005971222004060528	 1.3739502625958573	
2411	 0.005916264407573426	 1.3529391777423636	
2412	 0.0058494582481203915	 1.3275729360861084	
2413	 0.005792285889645909	 1.3060174003758223	
2414	 0.005756723955060369	 1.2926808719690277	
2415	 0.0057400162360943556	 1.2864340182058636	
2416	 0.005737000436431011	 1.2853077299316258	
2417	 0.005741882600972859	 1.2871312332732274	
2418	 0.0057593211138491	 1.2936530112078948	
2419	 0.005780097184182434	 1.3014401939453708	
2420	 0.005799560657797906	 1.3087523456029724	
2421	 0.005816403921452328	 1.3150933414123895	
2422	 0.005830644385376878	 1.3204640192124733	
2423	 0.005842788755027764	 1.3250510863254945	
2424	 0.005847856593856378	 1.3269671481403142	
2425	 0.005851159208104814	 1.328216405167527	
2426	 0.005855663669546026	 1.329921034550084	
2427	 0.005860252253303111	 1.3316583975129166	
2428	 0.0058638155149778074	 1.3330081713184598	
2429	 0.005864386293890691	 1.3332244348416473	
2430	 0.00585749879957643	 1.3306157559661438	
2431	 0.005842796528972466	 1.32505402467077	
2432	 0.005824322405921319	 1.3180786542482608	
2433	 0.0059140120110416855	 1.3520808183218747	
2434	 0.005888187614600453	 1.3422550510310391	
2435	 0.005887606241701565	 1.3420341780227683	
2436	 0.005899210947477343	 1.3464457450683083	
2437	 0.005914177103111794	 1.3521437253912492	
2438	 0.005926176859113271	 1.3567192748727845	
2439	 0.005935749140150781	 1.3603736514977718	
2440	 0.005945017918689945	 1.3639159069994502	
2441	 0.005953737205171847	 1.3672515253683668	
2442	 0.005971199538161777	 1.3739416471095698	
2443	 0.0060006074325235316	 1.3852378210264815	
2444	 0.006004867137732844	 1.3868771275413527	
2445	 0.005996858316320143	 1.383795651505549	
2446	 0.0059760982682710165	 1.3758207809069625	
2447	 0.005947154696853112	 1.3647330435549307	
2448	 0.005911666192472728	 1.3511870886211377	
2449	 0.005868217078568142	 1.334676251359482	
2450	 0.005825618006762524	 1.3185673607206985	
2451	 0.00578950456734316	 1.3049723685425414	
2452	 0.005757282483122108	 1.2928899092319843	
2453	 0.0057302121050834855	 1.2827739863076497	
2454	 0.00570838066597456	 1.2746389697857947	
2455	 0.005690529968044564	 1.2680026832740994	
2456	 0.005675793340090169	 1.262534549096742	
2457	 0.0056642706217217	 1.2582655473373507	
2458	 0.0056668641307543585	 1.2592259007868334	
2459	 0.005693993209492835	 1.269289115960907	
2460	 0.005734058692870339	 1.2842094790604848	
2461	 0.005771646602170802	 1.2982705337119755	
2462	 0.005798498785746242	 1.3083529927320945	
2463	 0.005818440496087511	 1.315860882766291	
2464	 0.0058371473874556665	 1.322919486022294	
2465	 0.005853135692030995	 1.3289642609520356	
2466	 0.005869527375569466	 1.3351729815776459	
2467	 0.0058745296142082935	 1.3370699971852322	
2468	 0.005871517791760155	 1.3359276846792811	
2469	 0.005870688757197469	 1.3356133201668314	
2470	 0.005874853454733695	 1.3371928454344473	
2471	 0.0058752970774100565	 1.3373611401288998	
2472	 0.005867749740792686	 1.3344991027003934	
2473	 0.005853011294725087	 1.328917186924477	
2474	 0.005837152997944349	 1.3229216052729855	
2475	 0.005822470420596042	 1.3173802028765207	
2476	 0.005807215710174774	 1.3116327290369496	
2477	 0.005794085566018652	 1.3066937747008	
2478	 0.005778207568695302	 1.3007311650512292	
2479	 0.005753094477075427	 1.2913228163804409	
2480	 0.005848987945383388	 1.3273950436997037	
2481	 0.005805519752484011	 1.310994368885601	
2482	 0.005770995983767523	 1.2980266267242986	
2483	 0.0057492953119115085	 1.289901880022468	
2484	 0.005723350340281621	 1.2802148665226747	
2485	 0.0056971861104196065	 1.2704755919883235	
2486	 0.005684611617927618	 1.265805500138735	
2487	 0.005689732045483392	 1.2677063662164227	
2488	 0.005709272173556175	 1.2749707654173528	
2489	 0.005742284222883613	 1.2872812863115095	
2490	 0.005790376061135111	 1.3052997806634263	
2491	 0.005834712048295657	 1.3219997132459682	
2492	 0.005865253689565819	 1.3335531109285372	
2493	 0.005886287000582948	 1.3415330308225897	
2494	 0.005899465342137818	 1.3465425188953133	
2495	 0.005890865217393727	 1.3432725035042004	
2496	 0.0058544989465915825	 1.3294801830540237	
2497	 0.005808219972233145	 1.3120107928628368	
2498	 0.005761766561986974	 1.2945686310122737	
2499	 0.005718339908461361	 1.278347499528595	
2500	 0.005685826401178275	 1.2662563632035881	
2501	 0.005656611704913754	 1.2554312291993086	
2502	 0.005628912785927676	 1.245202108842108	
2503	 0.005602671106763757	 1.2355420463132085	
2504	 0.005578940732886872	 1.2268323733131368	
2505	 0.005556352269926476	 1.2185647227275425	
2506	 0.005544965804134223	 1.214405619559121	
2507	 0.005569414236617975	 1.2233428338350911	
2508	 0.005618418896715614	 1.2413354974185464	
2509	 0.005677348934170651	 1.2631113174223048	
2510	 0.005743681568987912	 1.2878034140117947	
2511	 0.0058287189597756705	 1.3197373484282349	
2512	 0.005902239195211522	 1.3475978960236223	
2513	 0.005965493887397139	 1.3717542769882691	
2514	 0.006002394822687754	 1.3859255864771054	
2515	 0.006021914590790767	 1.393445435258305	
2516	 0.006031960106914039	 1.3973217386332735	
2517	 0.006036451913762121	 1.3990564033977215	
2518	 0.006036480662472828	 1.3990675084674518	
2519	 0.0060274497524664475	 1.3955807773718432	
2520	 0.006005744656456199	 1.3872149285006905	
2521	 0.005974561765940733	 1.375231274017857	
2522	 0.0059395057094871985	 1.3618088581335996	
2523	 0.005903490571487647	 1.3480741195824009	
2524	 0.005875289060408019	 1.33735809868777	
2525	 0.0058391709816045835	 1.3236839466105514	
2526	 0.005792265689091836	 1.306009809174654	
2527	 0.005740505722615775	 1.2866168603169241	
2528	 0.005688309289620149	 1.2671780793804055	
2529	 0.00563560905341567	 1.247671950032369	
2530	 0.005592849837116024	 1.2319343921864885	
2531	 0.005555426621786506	 1.218226401386403	
2532	 0.005512143865648629	 1.2024486929392664	
2533	 0.005477343439069627	 1.1898227517804953	
2534	 0.0054469897427565465	 1.1788536983376123	
2535	 0.005413755756672678	 1.1668904319104147	
2536	 0.005370109767588807	 1.151253383321703	
2537	 0.005315290233853016	 1.1317329327748054	
2538	 0.005268825936271086	 1.1152923755977053	
2539	 0.005213294545351965	 1.0957700329080333	
2540	 0.0051447067699062436	 1.0718483872175215	
2541	 0.005070131015737182	 1.0460785200526863	
2542	 0.004993587253157363	 1.0198901226078871	
2543	 0.004920652756444719	 0.9951842912521697	
2544	 0.004848929930190511	 0.9711258065581471	
2545	 0.0047768060170276195	 0.94717084884968	
2546	 0.00471177061324034	 0.9257759190756961	
2547	 0.00465563337974425	 0.9074658072719943	
2548	 0.004621473404345785	 0.8963956590643973	
2549	 0.004592955502142603	 0.8871955967117273	
2550	 0.0045643929688648065	 0.8780192292843016	
2551	 0.004544879773472203	 0.8717721283396124	
2552	 0.004537706914957421	 0.8694802422823785	
2553	 0.00453900054543457	 0.8698934072887001	
2554	 0.0045399109225880375	 0.8701842143434397	
2555	 0.0045249258202188876	 0.8654023851198803	
2556	 0.004525908964112798	 0.8657157886697281	
2557	 0.004542245632840382	 0.8709301820820937	
2558	 0.004573217214992906	 0.880850145936176	
2559	 0.00461372863292759	 0.8938933904573467	
2560	 0.004651701943132003	 0.9061889885290466	
2561	 0.004690197460065125	 0.9187221626721459	
2562	 0.004731858477417832	 0.9323634202419178	
2563	 0.004792547392811113	 0.9523787025187456	
2564	 0.0048631034274778506	 0.9758614409728655	
2565	 0.004925561357777677	 0.9968394195903	
2566	 0.004978813647106318	 1.0148661488144644	
2567	 0.0050241659022190995	 1.0303203256476912	
2568	 0.005062192756552745	 1.043350218494616	
2569	 0.0050932513591593325	 1.0540409833105844	
2570	 0.00511740761158275	 1.0623859841313783	
2571	 0.005135111371494495	 1.0685186163240386	
2572	 0.005144087737506335	 1.0716334471192965	
2573	 0.005146879609079434	 1.0726029757444626	
2574	 0.00514387331743013	 1.0715590003160007	
2575	 0.005139046898620963	 1.0698838117022222	
2576	 0.00513279577244245	 1.0677156837981463	
2577	 0.005124728957903362	 1.0649204068397398	
2578	 0.005118097192788171	 1.062624592677342	
2579	 0.00513401538213921	 1.0681385526059615	
2580	 0.0051610923328627425	 1.0775440400283312	
2581	 0.005195051913133465	 1.0893868638491777	
2582	 0.005234412297497438	 1.1031778344980525	
2583	 0.00527556438541177	 1.1176706867071953	
2584	 0.005307948351322958	 1.1291287400910763	
2585	 0.005334658498550052	 1.1386144373623337	
2586	 0.005353164834483099	 1.1452052804332966	
2587	 0.005374385524301669	 1.152781528905477	
2588	 0.0053874857577150895	 1.157468568322815	
2589	 0.005391934541165884	 1.1590619968987255	
2590	 0.0053894899951728486	 1.1581863210393157	
2591	 0.005379648374372572	 1.1546635724260887	
2592	 0.005360958818175238	 1.1479855803979186	
2593	 0.005336544350256809	 1.1392853678433095	
2594	 0.0053116651585097575	 1.1304468053246333	
2595	 0.005287004156628219	 1.121712951391913	
2596	 0.005270949471871484	 1.1160416510715716	
2597	 0.0052558476648627	 1.1107174540389142	
2598	 0.005245980802451346	 1.107244358431846	
2599	 0.005240698816355694	 1.1053869090679025	
2600	 0.005240050982775727	 1.1051591794985425	
2601	 0.0052450195018937185	 1.1069062171503286	
2602	 0.005252391368145524	 1.1095003565128736	
2603	 0.005275362474237877	 1.1175993934436181	
2604	 0.00528426325762946	 1.1207439178626322	
2605	 0.0052891346954173964	 1.122466425976741	
2606	 0.005301802159846218	 1.126950509120072	
2607	 0.0053196593895303125	 1.133283827105331	
2608	 0.005338481991028473	 1.1399748880020957	
2609	 0.005360912887466584	 1.1479691879196212	
2610	 0.0053941911768756925	 1.1598705952309867	
2611	 0.0054097744741722	 1.1654605614873006	
2612	 0.005423033152395294	 1.1702251122783476	
2613	 0.0054427297715542505	 1.1773175062505392	
2614	 0.005457836293250823	 1.182768699133328	
2615	 0.00548458596442553	 1.192446018311066	
2616	 0.0055219995799446475	 1.2060341256526639	
2617	 0.005553691637276281	 1.217592371501966	
2618	 0.005573985844392717	 1.225016909856458	
2619	 0.005571132893579021	 1.2239720810204424	
2620	 0.005553950395991113	 1.2176869234837666	
2621	 0.00553059414588912	 1.2091642467744228	
2622	 0.0055047441015375585	 1.1997595231474922	
2623	 0.005479507275306447	 1.1906062583078167	
2624	 0.005452659794051857	 1.1808996234822944	
2625	 0.005423894936673125	 1.1705350664417262	
2626	 0.005403879362494598	 1.1633446309433302	
2627	 0.005396191772723443	 1.1605876379027198	
2628	 0.0053899924134100845	 1.1583662737534208	
2629	 0.005393763037054677	 1.1597171667142343	
2630	 0.005414914743374841	 1.167306811672387	
2631	 0.0054494903681041726	 1.179755824301438	
2632	 0.005458362643314599	 1.1829588142752194	
2633	 0.005454966301062122	 1.1817322866226543	
2634	 0.005454559407326521	 1.1815853784407497	
2635	 0.005580912331257136	 1.227555062962669	
2636	 0.0055286431795375564	 1.2084534246049805	
2637	 0.005468284587445048	 1.1865448596383483	
2638	 0.005411651766488817	 1.1661347002583726	
2639	 0.005362793510140267	 1.1486404508705161	
2640	 0.005321262830844882	 1.1338532046239118	
2641	 0.005285131952728311	 1.121051005167647	
2642	 0.005250951780815028	 1.1089935788641918	
2643	 0.005403843197183329	 1.1633316548866826	
2644	 0.005351088137857024	 1.1444649282412895	
2645	 0.00531139718076859	 1.1303517536858023	
2646	 0.005276624756925205	 1.118045125494767	
2647	 0.005246110062368384	 1.1072898292709512	
2648	 0.0052223476617274675	 1.0989432901401563	
2649	 0.005378661981442624	 1.154310735743509	
2650	 0.005353419093047904	 1.1452959379757686	
2651	 0.00549236250298887	 1.1952652783737079	
2652	 0.005460974708848152	 1.183902460754575	
2653	 0.005585493595645901	 1.2292349833268912	
2654	 0.005518813539991742	 1.204874601882954	
2655	 0.005511607763830406	 1.2022537857043236	
2656	 0.005510773930241981	 1.2019506590800382	
2657	 0.005504782450968972	 1.1997734536171445	
2658	 0.00550364507212679	 1.1993603271013054	
2659	 0.005512609012983574	 1.2026178139295767	
2660	 0.0055122829657323095	 1.2024992667646341	
2661	 0.005507424411338882	 1.20073330413949	
2662	 0.005498376930417811	 1.197447539044478	
2663	 0.005480968229581097	 1.1911353739744697	
2664	 0.005452363180926673	 1.18079256136652	
2665	 0.005410911995480578	 1.1658690286512072	
2666	 0.005360464839952674	 1.1478092865426623	
2667	 0.005309108671287846	 1.129540150174447	
2668	 0.005267216817068276	 1.11472474260021	
2669	 0.005226794740374401	 1.1005034040395394	
2670	 0.005187833305640462	 1.0868651651799028	
2671	 0.005152331979888985	 1.074497422630336	
2672	 0.005121592938365104	 1.063834518535113	
2673	 0.0050954368606793985	 1.0547949017423528	
2674	 0.005079888309015141	 1.0494359090062357	
2675	 0.005062942667621698	 1.043607833639679	
2676	 0.005064941330144772	 1.0442945536162407	
2677	 0.005081500109866764	 1.0499909279619466	
2678	 0.005093371716774084	 1.054082496693993	
2679	 0.005096703118989085	 1.0552318133956131	
2680	 0.005090810289798438	 1.053199158220276	
2681	 0.00508529643041652	 1.0512986437357563	
2682	 0.005091348094663117	 1.0533846020376982	
2683	 0.005113982664656894	 1.0612012033195646	
2684	 0.005119479594855083	 1.0631029953046636	
2685	 0.005105541263956077	 1.0582833552004798	
2686	 0.005084493092809349	 1.0510218643071136	
2687	 0.005069582090907718	 1.0458897682734463	
2688	 0.005065155015663114	 1.0443679844639078	
2689	 0.005061680272513833	 1.043174180719563	
2690	 0.005054612722136806	 1.040747695940183	
2691	 0.0050441142114841	 1.0371474417677577	
2692	 0.005035241958303642	 1.0341087719720221	
2693	 0.005026719713371424	 1.0311933360104508	
2694	 0.005019943351313233	 1.028877511993679	
2695	 0.005014620940438093	 1.02706003687696	
2696	 0.005011438217361152	 1.0259738278015542	
2697	 0.005011934577405498	 1.026143196754948	
2698	 0.0050266625227101515	 1.0311737823689475	
2699	 0.005052423991774026	 1.0399967029364379	
2700	 0.005083290473857453	 1.0506075722193144	
2701	 0.00511563904490744	 1.061774123552106	
2702	 0.005148737158444469	 1.0732482381204957	
2703	 0.005180792949558427	 1.084407987858623	
2704	 0.005209672709911704	 1.0945015517281012	
2705	 0.0052388693978528515	 1.1047438714306193	
2706	 0.005285474273185599	 1.121172026106359	
2707	 0.005329966260477071	 1.13694576340087	
2708	 0.005354270263354259	 1.1455994491654526	
2709	 0.005363071743156273	 1.1487397757290096	
2710	 0.005359990342595367	 1.14763995533124	
2711	 0.005351949678077717	 1.1447720481693295	
2712	 0.005344614718113355	 1.1421583525260681	
2713	 0.005337709253577645	 1.1396998851121662	
2714	 0.0053322140585780765	 1.1377450129164022	
2715	 0.005327710289593663	 1.1361438337954188	
2716	 0.0053242010907296935	 1.1348968693370627	
2717	 0.005318392839503119	 1.132834159611101	
2718	 0.005311908199386587	 1.1305330146284227	
2719	 0.005305165411129773	 1.1281422482777264	
2720	 0.00529880894897601	 1.125890314373764	
2721	 0.005292340581207591	 1.1236005831915268	
2722	 0.005303065980330701	 1.1273982739436679	
2723	 0.0053394723165920135	 1.1403273652552959	
2724	 0.00539763900709376	 1.161106458255763	
2725	 0.005466037855693	 1.1857324528557898	
2726	 0.0055420930199555855	 1.2133571842608943	
2727	 0.005637975496795572	 1.2485452535345554	
2728	 0.005719025730783214	 1.2786030382319187	
2729	 0.005790784419848103	 1.305453208541916	
2730	 0.0058568524093514426	 1.3303710367868118	
2731	 0.005891337674670466	 1.3434520628195472	
2732	 0.005870276773465425	 1.3354571096234222	
2733	 0.005836843358978149	 1.3228046473326884	
2734	 0.0058037988768283675	 1.3103467566507847	
2735	 0.0057759858259114165	 1.299897711759037	
2736	 0.005750783922040028	 1.2904585646876985	
2737	 0.00572052127090184	 1.2791603501782185	
2738	 0.005684417812561866	 1.2657335758143462	
2739	 0.005649179924207361	 1.2526834114090877	
2740	 0.005619835335542778	 1.2418571220908186	
2741	 0.005595634011743177	 1.2329566765002846	
2742	 0.0055716805266426955	 1.2241726116114555	
2743	 0.005553781431241559	 1.2176251824211137	
2744	 0.005545430875488937	 1.2145753834724584	
2745	 0.0055463013591182195	 1.2148931595934682	
2746	 0.005552534396816951	 1.217169544856253	
2747	 0.0055726309075778665	 1.2245206503688633	
2748	 0.005615730239096448	 1.240345600381575	
2749	 0.005686105221360299	 1.2663598555181583	
2750	 0.005761963501233065	 1.2946423798854787	
2751	 0.0058270905915982244	 1.3191229143402403	
2752	 0.0058771027974739674	 1.3380462536367654	
2753	 0.005917620980958497	 1.3534562555891858	
2754	 0.005954784333561792	 1.367652330154594	
2755	 0.005974889571255425	 1.375357033971186	
2756	 0.005954375804696297	 1.3674959537446665	
2757	 0.005923203646499291	 1.3555850022153941	
2758	 0.005890975590991019	 1.3433144505806898	
2759	 0.005863988143049581	 1.3330735772212192	
2760	 0.005847625821491511	 1.326879873052494	
2761	 0.005847791485635043	 1.3269425248306843	
2762	 0.005853585061767411	 1.329134315555821	
2763	 0.005856169258431662	 1.3301124198149883	
2764	 0.005854027566845991	 1.3293017808780394	
2765	 0.005848689743516614	 1.3272822535450437	
2766	 0.0058405581232204625	 1.3242080742326905	
2767	 0.005825659864967564	 1.3185831510325794	
2768	 0.005793660715014791	 1.306534089855884	
2769	 0.005767560153106296	 1.2967388898609808	
2770	 0.005745770935533064	 1.288584277756595	
2771	 0.005751645624770627	 1.2907808532729546	
2772	 0.005797704844131665	 1.3080544360091504	
2773	 0.005860542096587506	 1.3317681705483309	
2774	 0.005915096600377021	 1.3524941142021447	
2775	 0.005962487947617548	 1.3706024533479506	
2776	 0.0059992609013769654	 1.3847197828201956	
2777	 0.006033254595994429	 1.3978215615463092	
2778	 0.006071302443967149	 1.4125443568272456	
2779	 0.006079144816092726	 1.415586666018417	
2780	 0.006040963434032069	 1.4007995475870398	
2781	 0.005965123326123753	 1.3716122634640426	
2782	 0.00586953538162454	 1.335176016879752	
2783	 0.005764411972609696	 1.2955594121292302	
2784	 0.005656033514804176	 1.25521736348319	
2785	 0.0055546830537618426	 1.2179546569444248	
2786	 0.005457462533260473	 1.1826337062220578	
2787	 0.005360468505498488	 1.1478105946843409	
2788	 0.005276474962422832	 1.117992226960787	
2789	 0.005205172174202228	 1.0929261409461923	
2790	 0.005145933441410751	 1.0722743623760045	
2791	 0.005095697325933997	 1.0548847671491868	
2792	 0.005055386104432764	 1.0410131092491897	
2793	 0.005032458667347681	 1.0331562539470422	
2794	 0.005032682274286404	 1.033232765364909	
2795	 0.005036500549046724	 1.0345396113029335	
2796	 0.005073634099797648	 1.0472834017672705	
2797	 0.005148538107056724	 1.0731790856300918	
2798	 0.005274615467472911	 1.117335646985454	
2799	 0.00540012562956363	 1.1619981063611926	
2800	 0.005512045528159381	 1.2024129400376975	
2801	 0.005611285681466987	 1.2387099172862068	
2802	 0.00569713608024368	 1.2704569974488187	
2803	 0.005774773039368546	 1.2994428433442227	
2804	 0.00581995600858702	 1.3164321632074094	
2805	 0.005851464259796976	 1.3283318186804163	
2806	 0.005862103391713382	 1.3323595458169224	
2807	 0.005867714658776138	 1.3344858049206172	
2808	 0.005863816923972291	 1.333008705157819	
2809	 0.0058554070529921445	 1.3298238993129639	
2810	 0.005841461847472979	 1.3245495885907164	
2811	 0.005818502795916431	 1.3158843650609375	
2812	 0.005804971577084048	 1.3107880617061989	
2813	 0.005788767844402855	 1.3046956142052673	
2814	 0.00577068342571587	 1.2979094599619452	
2815	 0.005748960921365897	 1.28977684364623	
2816	 0.00572630157806989	 1.2813152907032628	
2817	 0.005708630593405216	 1.2747319827056223	
2818	 0.005698076929992167	 1.270806697990746	
2819	 0.005705900058379695	 1.273715934787441	
2820	 0.005720753506116016	 1.2792469011770364	
2821	 0.00575063764583401	 1.2904038585858966	
2822	 0.005782754726010027	 1.3024376286706265	
2823	 0.005817224822840785	 1.3154027000103279	
2824	 0.00585360090051702	 1.3291403095590362	
2825	 0.005889647742198664	 1.3428098413352925	
2826	 0.005926856486280661	 1.3569786041017544	
2827	 0.00595429288582145	 1.3674642149855842	
2828	 0.0059521393670056945	 1.3666400183564615	
2829	 0.005942717640442664	 1.363036464337617	
2830	 0.005937349537432274	 1.3609850132380645	
2831	 0.005933636101724155	 1.3595666259583508	
2832	 0.005928845623437517	 1.3577377244782405	
2833	 0.005925217957058588	 1.3563534148471734	
2834	 0.0059278731017988395	 1.357366556912747	
2835	 0.005939043536630326	 1.3616322511912853	
2836	 0.005935807833081088	 1.3603960706221883	
2837	 0.00590606893969304	 1.3490555551722416	
2838	 0.0058505605213962485	 1.3279899091980014	
2839	 0.005786303288393178	 1.3037699598025143	
2840	 0.0057209598373101555	 1.2793238000545806	
2841	 0.005655982708882628	 1.2551985716674001	
2842	 0.0055999444833966724	 1.2345400506522297	
2843	 0.005533319727267952	 1.2101575749259075	
2844	 0.005488248071836538	 1.193773325206214	
2845	 0.005465229536371084	 1.1854402231422148	
2846	 0.005456961459200823	 1.1824527402717846	
2847	 0.0054529245283588814	 1.1809951822599447	
2848	 0.005427401125554366	 1.1717964605032838	
2849	 0.005403240639762226	 1.163115466752351	
2850	 0.0053945470970680615	 1.1599981492458473	
2851	 0.00541111570360023	 1.1659421832839734	
2852	 0.005421017998001	 1.1695004587173063	
2853	 0.005422159352290166	 1.1699108699602965	
2854	 0.005416243286896667	 1.1677841798314994	
2855	 0.005402384177156865	 1.1628082090852232	
2856	 0.00538011155707848	 1.1548292696085363	
2857	 0.005351890571700688	 1.1447509770073319	
2858	 0.005323682499841059	 1.1347126388590771	
2859	 0.005299055258674995	 1.1259775421526903	
2860	 0.005275377331915417	 1.1176046395118826	
2861	 0.0052540660851566655	 1.110090023348321	
2862	 0.005233623615129019	 1.1029008173408192	
2863	 0.0052166567241229405	 1.0969481000777643	
2864	 0.005203270318270345	 1.0922606698763988	
2865	 0.005194478024856075	 1.089186300139775	
2866	 0.005209522042689892	 1.0944487960409015	
2867	 0.005249094780448849	 1.1083399961776055	
2868	 0.005303463128967843	 1.1275389962688402	
2869	 0.005363905925481619	 1.1490375864319922	
2870	 0.005421085149893062	 1.1695246037803662	
2871	 0.005470122016626477	 1.1872094301263088	
2872	 0.005509109499086338	 1.2013456736667711	
2873	 0.005537551380177007	 1.2117004317755946	
2874	 0.005554596499147285	 1.2179230262623202	
2875	 0.005562316693721518	 1.2207456009880684	
2876	 0.0055522319244649	 1.2170590387271008	
2877	 0.0055299513184358055	 1.2089300182154816	
2878	 0.005511669729146787	 1.2022763134066379	
2879	 0.0054937006763587206	 1.1957506803177353	
2880	 0.005470742387878445	 1.1874338426838025	
2881	 0.0054412192102114	 1.1767729738015624	
2882	 0.005419134566935684	 1.168823335468107	
2883	 0.005414293394308041	 1.167083577238803	
2884	 0.005418407130961254	 1.168561852726779	
2885	 0.005423294664888227	 1.1703191658571404	
2886	 0.00542569406224896	 1.1711822558510336	
2887	 0.005420833555483702	 1.1694341417874428	
2888	 0.005410588012741021	 1.1657526853855555	
2889	 0.005401690084426023	 1.1625592257557196	
2890	 0.005413439307957888	 1.16677675427168	
2891	 0.005449577327698574	 1.1797872008237482	
2892	 0.005506760728879637	 1.200492152813154	
2893	 0.005579876163277984	 1.22717523422571	
2894	 0.005645761220870592	 1.2514201929509117	
2895	 0.005705578247548341	 1.2735962084592398	
2896	 0.005755984578278511	 1.2924041702341393	
2897	 0.005802113926451086	 1.309712788095545	
2898	 0.005850580381682417	 1.3279974225206914	
2899	 0.005903117838180201	 1.347932265215586	
2900	 0.00594223032769334	 1.3628501839938882	
2901	 0.0059481161839376	 1.3651007947386378	
2902	 0.005933886235765437	 1.3596621488011533	
2903	 0.005905489002650503	 1.3488347817924005	
2904	 0.0058607826843946826	 1.3318592916889427	
2905	 0.005808301900644497	 1.312041637500797	
2906	 0.00575935601660949	 1.293666077606809	
2907	 0.005716729122831665	 1.277747398081965	
2908	 0.00568238090729179	 1.2649777460130942	
2909	 0.005645192556815576	 1.25121011977674	
2910	 0.005598545820841634	 1.2340261880634633	
2911	 0.005544292546320952	 1.2141598786445857	
2912	 0.005487096341513291	 1.1933558244114575	
2913	 0.005422376508823606	 1.1699889622122441	
2914	 0.005343665238761716	 1.141820195455971	
2915	 0.005256315388413584	 1.1108821988321282	
2916	 0.005173468550419526	 1.081854037325456	
2917	 0.0051014376121162365	 1.056866051081634	
2918	 0.005037502286366699	 1.0348825761696465	
2919	 0.0049834816968741735	 1.0164525127070572	
2920	 0.004919855322224178	 0.9949155087760394	
2921	 0.00486680829025119	 0.9771008247042042	
2922	 0.004815405130735366	 0.9599612439260924	
2923	 0.004773842251451325	 0.9461915990702193	
2924	 0.004740054168832272	 0.9350564331953042	
2925	 0.004710515335790938	 0.9253648908491956	
2926	 0.004692144487182448	 0.9193578944265013	
2927	 0.0046841321751430656	 0.916742889455259	
2928	 0.0046673247102087	 0.9112670663128105	
2929	 0.00464394488035111	 0.9036718249527255	
2930	 0.004612606107897637	 0.893530944517921	
2931	 0.00458266532357273	 0.8838852440434395	
2932	 0.004807742339743334	 0.9574166052073017	
2933	 0.005004836966750443	 1.0237223995441835	
2934	 0.005176906108632649	 1.0830523822488605	
2935	 0.005326728391289246	 1.1357948692596267	
2936	 0.00545687960672249	 1.1824231798029832	
2937	 0.005569716967484048	 1.2234536624698287	
2938	 0.005667374739332991	 1.2594150091554832	
2939	 0.005751768346750844	 1.29082675558779	
2940	 0.005824604322019851	 1.3181849881017067	
2941	 0.005887393914767833	 1.3419535151962438	
2942	 0.0059414687147526495	 1.3625590699583199	
2943	 0.005987997076909526	 1.380389394646282	
2944	 0.006028000497865873	 1.3957933142196584	
2945	 0.006062369418824165	 1.4090821385451557	
2946	 0.006091878084826622	 1.4205318866685015	
2947	 0.006117198270397158	 1.4303859743440814	
2948	 0.006138911778709594	 1.4388581077122167	
2949	 0.0061575217087366674	 1.4461352111330934	
2950	 0.006173462539912686	 1.4523802790314184	
2951	 0.006187109076777393	 1.4577350701824026	
2952	 0.006198784337387536	 1.4623226031175551	
2953	 0.006208766482891483	 1.466249435175407	
2954	 0.006217294881620241	 1.4696077201953626	
2955	 0.006224575398358822	 1.472477049401636	
2956	 0.006230784996785722	 1.4749260869515464	
2957	 0.0062360757268545355	 1.4770140112117178	
2958	 0.006240578186680023	 1.4787917843111775	
2959	 0.006244404514750572	 1.480303262551582	
2960	 0.006247650973068739	 1.4815861646051862	
2961	 0.006250400172396868	 1.4826729125488973	
2962	 0.006252722995650884	 1.4835913640704042	
2963	 0.006254680237243795	 1.4843654400730415	
2964	 0.006256324059697074	 1.4850156856756411	
2965	 0.006257699207193244	 1.48555973923345	
2966	 0.006258844055523648	 1.4860127396749299	
2967	 0.006259791523508037	 1.4863876812581243	
2968	 0.0062605698694576765	 1.4866957244725412	
2969	 0.006261203142920873	 1.4869463717016829	
2970	 0.006261712153311701	 1.48714784833126	
2971	 0.006262114792683438	 1.4873072288901446	
2972	 0.006262426334567626	 1.4874305541553363	
2973	 0.006262659833939001	 1.4875229886201404	
2974	 0.006262826473428082	 1.4875889569349758	
2975	 0.006262935847230022	 1.4876322558639234	
2976	 0.006262996201486071	 1.4876561491382274	
2977	 0.006263014625446019	 1.4876634429167168	
2978	 0.006262997188515177	 1.48765653988837	
2979	 0.006262949086115898	 1.487637496911684	
2980	 0.006262874770076804	 1.4876080765625868	
2981	 0.006262778062941025	 1.4875697923398052	
2982	 0.006262662213500622	 1.487523930619535	
2983	 0.0062625299761073765	 1.4874715820347082	
2984	 0.00626238370828144	 1.4874136801054505	
2985	 0.006262225422304671	 1.4873510216581856	
2986	 0.006262056865047031	 1.487284298424008	
2987	 0.006261879508627391	 1.4872140933424234	
2988	 0.0062616946237659815	 1.4871409096002242	
2989	 0.006261503369144095	 1.4870652060051448	
2990	 0.006261306767448803	 1.486987387504969	
2991	 0.006261105700187762	 1.486907803138131	
2992	 0.0062609009179667935	 1.4868267501055437	
2993	 0.006260693030312925	 1.4867444697469143	
2994	 0.006260482581571918	 1.4866611775845973	
2995	 0.006260270032422158	 1.48657705600954	
2996	 0.00626005572585518	 1.4864922408209442	
2997	 0.006259839938063224	 1.4864068413701073	
2998	 0.00625962291849347	 1.4863209564144255	
2999	 0.006259404883247912	 1.4862346715065748	
3000	 0.0059965387569829035	 1.3836727546643497	
3001	 0.005752083758191184	 1.2909447334987554	
3002	 0.005522925713061303	 1.2063712651767236	
3003	 0.005305625650454331	 1.1283053693118121	
3004	 0.005128506076617397	 1.066228872436324	
3005	 0.004974928931721014	 1.0135467445801485	
3006	 0.004854016362861277	 0.9728242201150873	
3007	 0.004754405759280217	 0.939779686531008	
3008	 0.004668996982633716	 0.9118112998490853	
3009	 0.00459020762409114	 0.886311119352887	
3010	 0.004544022620417818	 0.8714981221308724	
3011	 0.004503812404713101	 0.8586828765113184	
3012	 0.00448606923001407	 0.8530521861086905	
3013	 0.004468882396279132	 0.8476121842731441	
3014	 0.004410048269275994	 0.8290954902192584	
3015	 0.004423397368160615	 0.8332824591758685	
3016	 0.004446038475384792	 0.8404031580679733	
3017	 0.004478112492059504	 0.8505319771886007	
3018	 0.004523375671895166	 0.8649083258750131	
3019	 0.004608809626024755	 0.8923055550886986	
3020	 0.004701092911986336	 0.9222819425179899	
3021	 0.004790877284332735	 0.9518256247062089	
3022	 0.0048777218948890325	 0.9807553967993076	
3023	 0.00495549256422889	 1.0069556952467875	
3024	 0.0050096510885928106	 1.0253641128184403	
3025	 0.005044263390713907	 1.0371985648441961	
3026	 0.005064424781784165	 1.0441170555741754	
3027	 0.0050770827725944425	 1.0484701106673417	
3028	 0.005091358869435055	 1.053388317486811	
3029	 0.00511160045864457	 1.060377446344639	
3030	 0.0051340734174650255	 1.0681586765563464	
3031	 0.005155372715507017	 1.0755545184911572	
3032	 0.005175139328431474	 1.082436410155631	
3033	 0.005192349991948303	 1.0884427195695734	
3034	 0.00522098769431038	 1.0984663662771041	
3035	 0.005263020698241232	 1.1132450632237136	
3036	 0.005297500199945693	 1.125426881127259	
3037	 0.005350012681934463	 1.1440815983791213	
3038	 0.005392696320251828	 1.1593349325716074	
3039	 0.005403001294191006	 1.1630295977822915	
3040	 0.005390352553416096	 1.1584952731087954	
3041	 0.005371232870037059	 1.151654699025565	
3042	 0.005413004245729921	 1.1666204744199382	
3043	 0.005464198659193357	 1.1850675744345944	
3044	 0.005492171939782818	 1.1951961608949315	
3045	 0.005498411824192373	 1.1974602044647755	
3046	 0.005492393462956342	 1.1952765077380147	
3047	 0.005480806393477493	 1.1910767569557181	
3048	 0.005469406359613761	 1.1869505700562495	
3049	 0.005458253563625935	 1.1829194142059927	
3050	 0.005448363887409481	 1.1793494007961494	
3051	 0.005439082666107044	 1.1760029569573591	
3052	 0.0054229519675949665	 1.170195914590349	
3053	 0.005401040019850481	 1.1623260554451165	
3054	 0.005378741976883058	 1.154339348824173	
3055	 0.005359806678601052	 1.1475744148740006	
3056	 0.0053571180314098315	 1.1466151430915945	
3057	 0.005377928784953432	 1.154048496384576	
3058	 0.005396941388915182	 1.1608563569076167	
3059	 0.0054085413921485265	 1.1650178445489732	
3060	 0.005425776701242023	 1.1712119865523307	
3061	 0.005474261192816883	 1.1887070531408044	
3062	 0.0055389698908285085	 1.2122177954415168	
3063	 0.005594100796594265	 1.2323936735148535	
3064	 0.005634179167550779	 1.2471443887161755	
3065	 0.005666940037236503	 1.259254012699913	
3066	 0.0057059823554843885	 1.2737465532807317	
3067	 0.005760254285478564	 1.2940023768893407	
3068	 0.005815992025260566	 1.3149381283403845	
3069	 0.005827980259680708	 1.3194585996652362	
3070	 0.005823843874345726	 1.3178981683087412	
3071	 0.005814694851334115	 1.31444936774331	
3072	 0.005796058897539843	 1.3074355750257645	
3073	 0.0057660545726301755	 1.2961747648767141	
3074	 0.0057296349549251354	 1.2825586573520462	
3075	 0.005690527991780533	 1.2680019493331431	
3076	 0.005659096337710066	 1.2563504314989697	
3077	 0.005625801162182475	 1.2440550885079245	
3078	 0.005587735636177191	 1.230057460143365	
3079	 0.005551881754835789	 1.2169311117485104	
3080	 0.005521674918030957	 1.2059159481495703	
3081	 0.005497134673396651	 1.1969966709666144	
3082	 0.005493292385109849	 1.195602570548449	
3083	 0.00551752707591752	 1.2044065340530765	
3084	 0.00557898250219502	 1.2268476820935987	
3085	 0.005605222839933822	 1.2364800668220066	
3086	 0.005591402427161263	 1.2314030708478936	
3087	 0.0055582422564998055	 1.2192556232716012	
3088	 0.00551379616558285	 1.2030494889444965	
3089	 0.0054566415149063605	 1.1823371962348006	
3090	 0.005397488410979872	 1.1610524665957098	
3091	 0.005313980573878957	 1.1312682157287677	
3092	 0.005219949896599325	 1.0981024790804017	
3093	 0.005125817365002785	 1.0652973857961605	
3094	 0.005030879605936579	 1.0326160122079306	
3095	 0.004930590196173783	 0.9985362313200158	
3096	 0.004826158237475901	 0.9635366604578269	
3097	 0.004730359940072806	 0.9318713535714896	
3098	 0.004650513390436433	 0.9058031220070648	
3099	 0.004599094729034522	 0.8891729442311426	
3100	 0.004580719062173899	 0.8832596880751069	
3101	 0.004561083412411798	 0.876958426733478	
3102	 0.0045342787648431785	 0.8683857253960398	
3103	 0.004514232365144641	 0.8619964914544932	
3104	 0.004501381828891258	 0.8579106720689422	
3105	 0.004488058772223627	 0.8536828177107952	
3106	 0.004449272234895584	 0.8414221627956773	
3107	 0.0044110413840283205	 0.8294066919407829	
3108	 0.004406186811782374	 0.8278859106838714	
3109	 0.004431976225375115	 0.835977684530852	
3110	 0.004461611042787188	 0.8453148371636979	
3111	 0.004493436471477451	 0.8553883371282474	
3112	 0.004523753635850328	 0.865028779160522	
3113	 0.004560711407734255	 0.8768392212224418	
3114	 0.004605193531581823	 0.8911390148239152	
3115	 0.004674374170161257	 0.913562162095997	
3116	 0.004733026973812386	 0.932747185231201	
3117	 0.004794926858751032	 0.9531669151055758	
3118	 0.004867540678946469	 0.9773459043853826	
3119	 0.004931643148397021	 0.998891660638424	
3120	 0.004984578115453302	 1.0168252571778	
3121	 0.005032305580266561	 1.0331038735627087	
3122	 0.005070540912723857	 1.046219474986214	
3123	 0.005104062665094111	 1.0577725946293337	
3124	 0.005103702541024086	 1.0576482099192612	
3125	 0.005083225000178814	 1.0505850189644943	
3126	 0.005067058794444871	 1.0450222897753692	
3127	 0.005055155084913159	 1.040933823948302	
3128	 0.0050334183140375325	 1.0334846315402806	
3129	 0.005006553356226373	 1.024307602492567	
3130	 0.004982136906966347	 1.015995405204528	
3131	 0.004940653416740867	 1.0019351905507763	
3132	 0.0048886059867875925	 0.9844055193639368	
3133	 0.004851189572449697	 0.9718801784142727	
3134	 0.00483138199873365	 0.965275483553226	
3135	 0.004814145928435448	 0.9595429059715831	
3136	 0.00480051562589274	 0.9550192538651174	
3137	 0.004779110532658068	 0.9479325576207683	
3138	 0.004744827439225243	 0.9366263080836329	
3139	 0.00472691082972081	 0.9307391825445864	
3140	 0.004702897256543302	 0.9228719922959302	
3141	 0.004677835352811538	 0.9146898659593975	
3142	 0.00466153191841301	 0.9093828333691407	
3143	 0.004654819603511584	 0.9072014568897336	
3144	 0.004658809791342013	 0.9084979405239316	
3145	 0.004671010243429974	 0.9124666789343013	
3146	 0.004678883217359033	 0.9150313852648975	
3147	 0.004682597992866382	 0.9162425131903634	
3148	 0.004687835763387921	 0.9179512715765398	
3149	 0.004700394520861491	 0.9220535978761384	
3150	 0.004705042402708905	 0.9235736860936546	
3151	 0.004717599733261669	 0.927685563550602	
3152	 0.004731629519377807	 0.9322882317935048	
3153	 0.004742761974795674	 0.9359468708006478	
3154	 0.004758161101803548	 0.9410171786289738	
3155	 0.004775428690345087	 0.9467157196657281	
3156	 0.004813254984586643	 0.9592469565885033	
3157	 0.00485789310975026	 0.9741195038993405	
3158	 0.004905662963672284	 0.9901367043911058	
3159	 0.004955930874074517	 1.0071041404995744	
3160	 0.0049945645158154675	 1.0202228044721526	
3161	 0.005042794300754052	 1.0366951579867967	
3162	 0.005087803229971501	 1.052162516020752	
3163	 0.005130747282400923	 1.0670055724346803	
3164	 0.005168884035944599	 1.0802566852937199	
3165	 0.0052009011715493745	 1.0914319176815837	
3166	 0.0052245735160949755	 1.0997240485862168	
3167	 0.005248222377798368	 1.1080330019172424	
3168	 0.005266446120091924	 1.1144529124237437	
3169	 0.005278317723217835	 1.1186430503750249	
3170	 0.005286237034821761	 1.1214417048845648	
3171	 0.005290269772370617	 1.1228679336536405	
3172	 0.005291227366828092	 1.1232067055978636	
3173	 0.005288283573474221	 1.1221653986144295	
3174	 0.005284559836121931	 1.1208487558011742	
3175	 0.005275915653317225	 1.117794721005083	
3176	 0.005263129660855322	 1.1132834768193423	
3177	 0.00525350701410921	 1.109893160839362	
3178	 0.005258514337625366	 1.1116568587663247	
3179	 0.005269999356547502	 1.1157063842893034	
3180	 0.005262744794742754	 1.113147798788841	
3181	 0.005256367018416365	 1.1109003849043624	
3182	 0.0052523508691243994	 1.1094860983842936	
3183	 0.005245625440719693	 1.1071193537210187	
3184	 0.00523212997109655	 1.102376265383865	
3185	 0.005217388907359278	 1.0972047154504179	
3186	 0.005208850361476777	 1.0942136212031466	
3187	 0.005229802534607449	 1.1015590933142023	
3188	 0.005250801097609555	 1.1089405392389229	
3189	 0.005252761291782203	 1.109630595615222	
3190	 0.0052472297870800495	 1.1076837554306753	
3191	 0.005249564558103683	 1.1085053227461759	
3192	 0.005265674221257519	 1.1141806849242977	
3193	 0.005290424280686372	 1.122922591900358	
3194	 0.005315150546570643	 1.1316833627902512	
3195	 0.005319307014153331	 1.1331587149289637	
3196	 0.005345263525690542	 1.142389448379334	
3197	 0.005352149558950757	 1.1448433059659424	
3198	 0.005343690038329667	 1.1418290273126541	
3199	 0.005326335329983744	 1.1356551881394683	
3200	 0.005312747976486506	 1.130830913152175	
3201	 0.005307935082401895	 1.1291240357286603	
3202	 0.00532586381154396	 1.1354876349883902	
3203	 0.005345701324968702	 1.1425453967024894	
3204	 0.005355059890091835	 1.1458810438488056	
3205	 0.005374294678386741	 1.1527490523546988	
3206	 0.005409074470613889	 1.165209228967109	
3207	 0.005453047746276092	 1.1810396601854813	
3208	 0.005490737678559826	 1.1946760041151931	
3209	 0.005545402355215119	 1.2145649725101417	
3210	 0.005607007943558812	 1.2371364425567828	
3211	 0.005671170732418031	 1.2608212446055185	
3212	 0.005686301952946722	 1.2664328802708582	
3213	 0.005680169706458309	 1.2641574451981052	
3214	 0.005665669426960407	 1.2587834761338528	
3215	 0.0056410152164331024	 1.249667379007199	
3216	 0.005603098517638277	 1.2356991432660107	
3217	 0.005560173634644342	 1.2199618166740855	
3218	 0.005527226288302309	 1.2079372941147577	
3219	 0.005509485736188983	 1.2014824172139504	
3220	 0.005526344275853296	 1.2076160482785758	
3221	 0.005546804835340064	 1.215076972278309	
3222	 0.005545209643588053	 1.214494626523293	
3223	 0.005517736779143275	 1.204482827632786	
3224	 0.005477022051763147	 1.1897063977929274	
3225	 0.005435985144723485	 1.17488695909847	
3226	 0.00540789359767103	 1.1647852920176118	
3227	 0.0053737762939933134	 1.152563741865664	
3228	 0.005356848375143713	 1.1465189512061806	
3229	 0.005360610614977794	 1.147861310465125	
3230	 0.005377922281374598	 1.1540461703830462	
3231	 0.005403129321735835	 1.163075529352527	
3232	 0.005451571801007259	 1.1805069328295603	
3233	 0.005500458122987241	 1.198203044826698	
3234	 0.005542854381132943	 1.2136350111137248	
3235	 0.005578511518602837	 1.2266750673238531	
3236	 0.0055992457521876655	 1.2342833291237518	
3237	 0.005604027149567057	 1.236040493999109	
3238	 0.005598202418194164	 1.2339000364968493	
3239	 0.005586335801836334	 1.2295439149453369	
3240	 0.0055713008557317645	 1.2240335834878766	
3241	 0.005551078243492753	 1.2166375864112347	
3242	 0.00552246553608888	 1.2062037425969983	
3243	 0.005488202973477095	 1.1937569760086972	
3244	 0.005452365040257333	 1.1807932324773724	
3245	 0.005421000812710367	 1.1694942796244843	
3246	 0.005394146984907723	 1.1598547581874774	
3247	 0.005364197635474278	 1.1491417368486092	
3248	 0.005336647752502869	 1.1393221598879597	
3249	 0.005329987779487391	 1.1369534138497177	
3250	 0.0053344095148324345	 1.138525868104941	
3251	 0.005335559301311656	 1.13893489672559	
3252	 0.005353395002438522	 1.14528734818944	
3253	 0.005368456806966114	 1.150662836345064	
3254	 0.005384358496534963	 1.1563489965768807	
3255	 0.00539979983060632	 1.1618812664380904	
3256	 0.005414335242740503	 1.1670986117473212	
3257	 0.005421955736665207	 1.1698376490853575	
3258	 0.005436434416558922	 1.1750487997915708	
3259	 0.0054660942308423135	 1.1857528351008606	
3260	 0.005484696411925758	 1.1924860406472395	
3261	 0.005491028894180938	 1.1947816105885063	
3262	 0.005491098909494481	 1.1948070015083265	
3263	 0.005490080978017097	 1.1944378718434068	
3264	 0.005491683767610932	 1.1950191076195573	
3265	 0.005497786376310487	 1.1972331932918816	
3266	 0.005507894972343464	 1.2009042958528042	
3267	 0.00550937808727903	 1.2014432915325473	
3268	 0.005500620641209791	 1.1982620495321814	
3269	 0.005597984436502579	 1.2338199619461	
3270	 0.0056822186811010525	 1.264917556874194	
3271	 0.005755006021033111	 1.292037994885843	
3272	 0.005817833177763189	 1.3156319787549586	
3273	 0.00587201059512544	 1.3361145665329601	
3274	 0.005918689296176377	 1.353863515231923	
3275	 0.005958876880301608	 1.3692192671843708	
3276	 0.005993452780190855	 1.3824861675185336	
3277	 0.006023182545904448	 1.393934468616245	
3278	 0.006048731363309665	 1.4038029248010857	
3279	 0.006070676040278143	 1.4123014675478793	
3280	 0.006089515946404414	 1.419613981663326	
3281	 0.006105682848211921	 1.4259010342868164	
3282	 0.006119549650928311	 1.43130246489891	
3283	 0.006131438122413931	 1.4359397928477842	
3284	 0.006141625656684554	 1.4399184098367248	
3285	 0.006150351215717743	 1.4433295702500575	
3286	 0.006157820545368287	 1.4462521859992077	
3287	 0.006164210704438744	 1.4487544181646759	
3288	 0.006169674002305723	 1.4508950855866583	
3289	 0.006174341409251558	 1.4527249027763012	
3290	 0.0061783255090441655	 1.4542875649301967	
3291	 0.006181723053958301	 1.4556206966356275	
3292	 0.006184617178204651	 1.456756681029745	
3293	 0.006187079286961694	 1.4577233723148835	
3294	 0.006189170710171767	 1.4585447237852642	
3295	 0.006190944118094195	 1.4592413280991474	
3296	 0.006192444739005739	 1.4598308841052305	
3297	 0.006193711386118843	 1.4603285918564952	
3298	 0.006194777262887735	 1.460747462845178	
3299	 0.006195671234324705	 1.4610988150861424	
3300	 0.006196417826693853	 1.4613922697150563	
3301	 0.0061970380995518435	 1.4616360912882538	
3302	 0.006197550152401825	 1.4618373851773723	
3303	 0.0061979695389361876	 1.4620022591271487	
3304	 0.0061983096287788935	 1.4621359645310896	
3305	 0.006198581892363658	 1.4622430077497623	
3306	 0.006198796186938411	 1.4623272620625407	
3307	 0.006198960987198086	 1.4623920579898202	
3308	 0.006199083576670582	 1.4624402582858325	
3309	 0.006199170210179668	 1.4624743216330027	
3310	 0.006199226272365135	 1.4624963648396032	
3311	 0.006199256408656429	 1.4625082142451986	
3312	 0.006199264635749407	 1.4625114490945599	
3313	 0.006199254442730646	 1.4625074412540218	
3314	 0.006199228886859589	 1.4624973928413258	
3315	 0.006199190669729575	 1.4624823661503261	
3316	 0.006199142305118269	 1.4624633496337616	
3317	 0.00619908624479421	 1.4624413073580917	
3318	 0.006199024258200894	 1.4624169350961065	
3319	 0.006198957854585194	 1.4623908263029155	
3320	 0.006198888312938224	 1.4623634838880908	
3321	 0.006198816652513897	 1.4623353086254	
3322	 0.006198743591838944	 1.462306583039292	
3323	 0.006198669922913715	 1.4622776185332935	
3324	 0.006198596057599872	 1.4622485770433375	
3325	 0.006198522280097003	 1.462219570308163	
3326	 0.006198448786696272	 1.4621906755008574	
3327	 0.006198375701645117	 1.4621619414675564	
3328	 0.006198303088011981	 1.4621333930001008	
3329	 0.006198230944611007	 1.4621050296279263	
3330	 0.006198159231114543	 1.4620768354919902	
3331	 0.006198087882215086	 1.462048784913056	
3332	 0.006198016801975135	 1.4620208401707522	
3333	 0.0061979458623017715	 1.4619929509043215	
3334	 0.0061978749280314225	 1.4619650639748178	
3335	 0.006197803871585737	 1.4619371292269192	
3336	 0.006197732562238938	 1.461909095269492	
3337	 0.006197660872249864	 1.4618809118863165	
3338	 0.006197588675381065	 1.461852529453884	
3339	 0.006197515852513516	 1.4618239011486556	
3340	 0.0061974422911745975	 1.461794982761425	
3341	 0.006197367886412987	 1.4617657330411804	
3342	 0.006197292540624512	 1.4617361136265627	
3343	 0.00619721616655184	 1.4617060902249903	
3344	 0.006197138682099895	 1.461675630574445	
3345	 0.006197059978989457	 1.4616446921211022	
3346	 0.006196979814041359	 1.4616131792838236	
3347	 0.006196898479701373	 1.4615812070363936	
3348	 0.006196815943290574	 1.4615487625450772	
3349	 0.006196732075051606	 1.4615157948164328	
3350	 0.006196646800433991	 1.461482274560018	
3351	 0.006196560082937237	 1.4614481874434189	
3352	 0.006196471897084617	 1.4614135234682009	
3353	 0.006196382212276161	 1.4613782706227723	
3354	 0.006196291022712346	 1.4613424266445774	
3355	 0.0061961983404337775	 1.4613059962837693	
3356	 0.0061961040959684355	 1.4612689522511464	
3357	 0.006196008353963669	 1.4612313199754936	
3358	 0.006195911134966619	 1.4611931075511198	
3359	 0.006195812451034932	 1.4611543197354904	
3360	 0.00619571231665068	 1.4611149622390511	
3361	 0.006195610755435247	 1.461075044364387	
3362	 0.006195507776595812	 1.4610345697486409	
3363	 0.00619540339698678	 1.4609935450346498	
3364	 0.006195297614689716	 1.4609519694869713	
3365	 0.006195190467064041	 1.4609098578075301	
3366	 0.00619508199964268	 1.4608672279101496	
3367	 0.00619497223474025	 1.460824088582938	
3368	 0.00619486118269343	 1.4607804439063736	
3369	 0.006194748842792202	 1.4607362936195556	
3370	 0.006194635168505984	 1.4606916194543673	
3371	 0.006194520343776704	 1.460646493718177	
3372	 0.006194404355745771	 1.4606009113744594	
3373	 0.0061942871888755295	 1.4605548663342827	
3374	 0.0061941688541452275	 1.4605083629297946	
3375	 0.006194049379023363	 1.4604614119729482	
3376	 0.006193928805528258	 1.4604140299929436	
3377	 0.006193807157383617	 1.4603662263291521	
3378	 0.0061936844756306335	 1.4603180171256676	
3379	 0.006193560791093282	 1.4602694145109785	
3380	 0.006193436142913312	 1.4602204338815141	
3381	 0.006193310553084804	 1.460171083894942	
3382	 0.006193184040371779	 1.4601213719393646	
3383	 0.006193056619996226	 1.4600713040108146	
3384	 0.006192928317204464	 1.46002089004393	
3385	 0.0061927991583709905	 1.4599701404161876	
3386	 0.0061926691653171025	 1.459919063715558	
3387	 0.006192538354916762	 1.4598676665857626	
3388	 0.006192406747824805	 1.4598159571557598	
3389	 0.006192274366580345	 1.4597639442944599	
3390	 0.006192141234153727	 1.4597116370397754	
3391	 0.006192007371888559	 1.4596590437900487	
3392	 0.006191872801345369	 1.459606173028432	
3393	 0.0061917375303498995	 1.4595530278415776	
3394	 0.0061916013333684055	 1.4594995196358969	
3395	 0.006191464680360994	 1.4594458330582696	
3396	 0.006191327384418206	 1.4593918946875113	
3397	 0.006191189460131035	 1.4593377102669511	
3398	 0.006191050946729315	 1.459283295218935	
3399	 0.0061909118930455935	 1.4592286687372813	
3400	 0.006190772438154219	 1.4591738854649003	
3401	 0.006190632532689982	 1.4591189260167734	
3402	 0.0061904921437081475	 1.4590637774594297	
3403	 0.006190351275400963	 1.45900844144828	
3404	 0.006190209951203918	 1.45895292719764	
3405	 0.006190068176991625	 1.4588972370232747	
3406	 0.006189925969193043	 1.4588413773865818	
3407	 0.006189783263521617	 1.4587853230440284	
3408	 0.006189640136427068	 1.4587291040331578	
3409	 0.006189496721467055	 1.45867277282064	
3410	 0.006189352997966047	 1.4586163212908765	
3411	 0.0061892089545751575	 1.458559744992005	
3412	 0.006189064539690859	 1.4585030236619005	
3413	 0.006188919865009249	 1.4584462011768415	
3414	 0.006188774889001863	 1.4583892612312492	
3415	 0.006188629649534063	 1.4583322187021104	
3416	 0.006188484176149632	 1.4582750851972814	
3417	 0.00618833844107045	 1.4582178498117104	
3418	 0.006188192158220406	 1.4581604002005613	
3419	 0.006188045976522224	 1.4581029912191692	
3420	 0.0061878997742603106	 1.4580455750662253	
3421	 0.0061877534661771766	 1.4579881182608212	
3422	 0.006187607040058977	 1.457930616008531	
3423	 0.006187460506299208	 1.4578730723930349	
3424	 0.006187313904835368	 1.4578155030993745	
3425	 0.006187167234206786	 1.457757907555236	
3426	 0.006187020502436211	 1.4577002889122628	
3427	 0.006186873765354478	 1.4576426690947375	
3428	 0.006186727053991997	 1.4575850602873082	
3429	 0.006186580367107643	 1.457527462002165	
3430	 0.006186433718487948	 1.4574698796521717	
3431	 0.0061862871265032345	 1.4574123204496545	
3432	 0.006186140612406319	 1.4573547927382675	
3433	 0.006185994199817376	 1.4572973057906422	
3434	 0.0061858479102917	 1.4572398680680971	
3435	 0.006185701761575664	 1.4571824865359562	
3436	 0.006185555717968037	 1.4571251471747757	
3437	 0.006185409848548318	 1.4570678771038343	
3438	 0.006185264208926129	 1.4570106981523987	
3439	 0.006185118833993156	 1.4569536240145813	
3440	 0.00618497374570344	 1.4568966633044496	
3441	 0.006184828874503532	 1.456839788711143	
3442	 0.006184683888827541	 1.456782870065166	
3443	 0.006184539619572336	 1.4567262335554594	
3444	 0.006184395912794544	 1.456669818735987	
3445	 0.006184252480976699	 1.4566135127286808	
3446	 0.006184109404926973	 1.4565573472500948	
3447	 0.0061839667594239455	 1.4565013516479361	
3448	 0.00618382461615866	 1.456445554056141	
3449	 0.006183683409601294	 1.456390125010731	
3450	 0.006183543049484194	 1.4563350290621733	
3451	 0.006183403419155938	 1.4562802204069178	
3452	 0.006183264364598442	 1.4562256385771588	
3453	 0.006183125696978597	 1.4561712094434454	
3454	 0.006182987398547638	 1.456116926032469	
3455	 0.006182849520289931	 1.456062808349141	
3456	 0.006182712238765349	 1.4560089256849182	
3457	 0.006182575656241496	 1.4559553181683036	
3458	 0.006182439821710843	 1.4559020050158993	
3459	 0.00618230477978431	 1.4558490037235892	
3460	 0.006182170584364733	 1.4557963354331291	
3461	 0.006182037265259286	 1.4557440118284062	
3462	 0.006181904850302068	 1.4556920438183756	
3463	 0.006181773370486977	 1.4556404435515502	
3464	 0.0061816428553807725	 1.4555892226157805	
3465	 0.00618151327434912	 1.4555383689728263	
3466	 0.006181384108631835	 1.4554876790258757	
3467	 0.006181256304685194	 1.4554375241888171	
3468	 0.006181129886797525	 1.4553879139709698	
3469	 0.00618100469117527	 1.4553387840738292	
3470	 0.0061808806541704744	 1.4552901095014206	
3471	 0.006180757770083659	 1.455241887998957	
3472	 0.0061806360594923405	 1.4551941276232099	
3473	 0.00618051555514482	 1.4551468412065358	
3474	 0.006180396326621693	 1.4551000560336733	
3475	 0.006180278383559052	 1.4550537758664335	
3476	 0.006180161773970633	 1.4550080195255195	
3477	 0.006180046525997653	 1.4549627980332926	
3478	 0.006179932578734003	 1.4549180874716723	
3479	 0.006179820115630965	 1.4548739598030327	
3480	 0.0061797090782852405	 1.4548303920906234	
3481	 0.006179599514834211	 1.4547874032016666	
3482	 0.006179491473212356	 1.4547450119231522	
3483	 0.006179384994668965	 1.4547032344185207	
3484	 0.006179280162230197	 1.4546621032419023	
3485	 0.0061791769838419495	 1.4546216214889198	
3486	 0.006179075490578499	 1.4545818013296072	
3487	 0.006178975714758563	 1.4545426554220615	
3488	 0.0061788776840432155	 1.4545041945968584	
3489	 0.006178781384153948	 1.4544664132304117	
3490	 0.006178686191993148	 1.4544290668452438	
3491	 0.006178593312548807	 1.4543926281692106	
3492	 0.006178502370040243	 1.4543569497500812	
3493	 0.006178414303640324	 1.454322400014953	
3494	 0.006178328965766516	 1.4542889210336856	
3495	 0.006178246133409469	 1.4542564252888868	
3496	 0.0061781644269815065	 1.4542243715389271	
3497	 0.006178083749115979	 1.45419272157531	
3498	 0.006178004469789648	 1.454161620527675	
3499	 0.0061779270482068445	 1.4541312485241766	
3500	 0.006177851929625769	 1.454101780216413	
3501	 0.006177778892284811	 1.4540731285884712	
3502	 0.0061777081589793476	 1.4540453810198528	
3503	 0.006177639593439447	 1.4540184840338992	
3504	 0.006177573256314598	 1.453992461403142	
3505	 0.006177509213457808	 1.45396733894126	
3506	 0.006177447522889821	 1.4539431393894944	
3507	 0.006177388221998824	 1.453919877395655	
3508	 0.0061773313449480826	 1.453897566342863	
3509	 0.006177276925554753	 1.4538762194788837	
3510	 0.006177224986892289	 1.4538558458375792	
3511	 0.006177175547508794	 1.4538364526782714	
3512	 0.006177128702252214	 1.4538180771901632	
3513	 0.0061770844228760296	 1.4538007082779416	
3514	 0.0061770419259873175	 1.4537840386376504	
3515	 0.006177002320929	 1.4537685034026986	
3516	 0.006176965448594813	 1.4537540401488838	
3517	 0.006176931185789046	 1.4537406005398963	
3518	 0.0061768995200595965	 1.453728179680061	
3519	 0.006176870478647735	 1.45371678824425	
3520	 0.0061768440505891265	 1.4537064219220646	
3521	 0.00617682030759341	 1.4536971088324993	
3522	 0.0061767993115197685	 1.453688873231374	
3523	 0.0061767811608812884	 1.4536817537524913	
3524	 0.006176765925304868	 1.4536757776999532	
3525	 0.0061767535930552335	 1.4536709404650463	
3526	 0.006176744092493921	 1.4536672139436062	
3527	 0.0061767373985544775	 1.4536645883001063	
3528	 0.0061767335332938555	 1.4536630721838149	
3529	 0.006176732511321485	 1.4536626713237686	
3530	 0.006176734337796019	 1.453663387743037	
3531	 0.006176739020569533	 1.4536652245221928	
3532	 0.006176746678983683	 1.4536682284737628	
3533	 0.006176757278336332	 1.453672385988984	
3534	 0.006176770796448151	 1.4536776883721259	
3535	 0.006176787231701849	 1.4536841349938263	
3536	 0.0061768065906687986	 1.453691728437761	
3537	 0.006176828877535181	 1.45370047035313	
3538	 0.006176853640214253	 1.4537101834186936	
3539	 0.0061768816933282355	 1.4537211871760505	
3540	 0.006176912758925198	 1.4537333726105053	
3541	 0.006176946768154751	 1.4537467127273362	
3542	 0.006176983779319679	 1.4537612304086522	
3543	 0.00617702396874747	 1.4537769948337054	
3544	 0.006177067471728448	 1.453794059087123	
3545	 0.006177114155456901	 1.453812371093148	
3546	 0.006251422406297833	 1.483077078975036	
3547	 0.006301379471728462	 1.5028825350533732	
3548	 0.006283744757430342	 1.4958792607875684	
3549	 0.006268648712050659	 1.4898945670217298	
3550	 0.006255721787508806	 1.4847774320999625	
3551	 0.00624465156280442	 1.4804008728366658	
3552	 0.006235171811528589	 1.476657208004136	
3553	 0.006227055103385388	 1.4734548386073563	
3554	 0.00622010693750717	 1.4707157160209183	
3555	 0.0062141608598373	 1.4683732581676425	
3556	 0.006209074346763305	 1.4663706113355994	
3557	 0.006204725328704582	 1.4646591959526296	
3558	 0.006201009233374616	 1.4631974802855174	
3559	 0.006197836448980119	 1.4619499365015747	
3560	 0.006195130169435547	 1.4608861595546823	
3561	 0.006192824549217543	 1.459980117037831	
3562	 0.006190862804780911	 1.459209384875432	
3563	 0.006189197019329171	 1.4585550571936448	
3564	 0.006187785746304833	 1.458000794946762	
3565	 0.006186593305279302	 1.4575325422868373	
3566	 0.0061855890434651265	 1.4571382312880639	
3567	 0.006184746739188522	 1.4568075438240433	
3568	 0.006184043912844293	 1.4565316381756432	
3569	 0.006183461286678926	 1.4563029348642869	
3570	 0.006182982352597766	 1.4561149454658637	
3571	 0.0061825927847431105	 1.4559620409209326	
3572	 0.006182280522344497	 1.4558394832387394	
3573	 0.006182035227377681	 1.4557432120290599	
3574	 0.006181847976482785	 1.4556697231598457	
3575	 0.006181711041088375	 1.4556159821542956	
3576	 0.0061816177903623115	 1.455579385877587	
3577	 0.006181562546606079	 1.4555577056217173	
3578	 0.00618154044697311	 1.4555490327194418	
3579	 0.0061815473226323695	 1.4555517310390007	
3580	 0.0061815796040247525	 1.4555643997436425	
3581	 0.0061816342212048314	 1.4555858341401793	
3582	 0.0061817085370070276	 1.455614999421976	
3583	 0.00618180028608245	 1.45565100672489	
3584	 0.00618190751478498	 1.4556930895227953	
3585	 0.00618202854404396	 1.4557405890486999	
3586	 0.006182161944177886	 1.455792944405572	
3587	 0.0061823064875311485	 1.4558496739757179	
3588	 0.006182461235805853	 1.4559104096966715	
3589	 0.0061826253814885775	 1.4559748348271782	
3590	 0.006182797848356009	 1.456042527147251	
3591	 0.006182977800013351	 1.4561131585491833	
3592	 0.006183164615849508	 1.4561864856055378	
3593	 0.00618335812066734	 1.456262439710377	
3594	 0.0061835583797011885	 1.456341046634484	
3595	 0.006183764523812693	 1.456421965378678	
3596	 0.006183975639733363	 1.4565048375951075	
3597	 0.006184191195035129	 1.4565894544085047	
3598	 0.00618441108577096	 1.456675775134206	
3599	 0.00618463524177931	 1.456763772349474	
3600	 0.006184863458997612	 1.4568533660636138	
3601	 0.0061850957559061335	 1.4569445636495326	
3602	 0.006185331935770807	 1.457037287988629	
3603	 0.0061855718931601855	 1.4571314978032557	
3604	 0.006185815517868352	 1.4572271499387432	
3605	 0.006186062676048145	 1.457324191955204	
3606	 0.006186313241024104	 1.4574225742247202	
3607	 0.006186567108221754	 1.4575222557936336	
3608	 0.0061868241505528155	 1.4576231868647391	
3609	 0.0061870842522178	 1.457725322069492	
3610	 0.006187347199869356	 1.4578285777293174	
3611	 0.006187613184540512	 1.4579330289582266	
3612	 0.006187882024921602	 1.4580386046559717	
3613	 0.0061881534108531025	 1.4581451831125856	
3614	 0.006188427263243713	 1.458252733353668	
3615	 0.006188703561815933	 1.4583612475009524	
3616	 0.006188982315172344	 1.4584707290189276	
3617	 0.006189263676172468	 1.4585812380333156	
3618	 0.006189547483935779	 1.4586927114459074	
3619	 0.006189833439033149	 1.4588050317302246	
3620	 0.006190121630136837	 1.4589182337953344	
3621	 0.006190412056508183	 1.4590323174328055	
3622	 0.006190704645741362	 1.4591472542815862	
3623	 0.0061909993343814305	 1.4592630194939553	
3624	 0.0061912960442613695	 1.4593795824398428	
3625	 0.006191594683745542	 1.4594969071943602	
3626	 0.006191895210516594	 1.459614977204799	
3627	 0.006192197566519534	 1.4597337697335016	
3628	 0.006192501761195131	 1.4598532885599522	
3629	 0.006192807674575653	 1.4599734866171268	
3630	 0.006193115278772534	 1.4600943530132902	
3631	 0.006193424503117763	 1.4602158600455295	
3632	 0.006193735305096491	 1.4603379910706695	
3633	 0.006194047578056317	 1.4604607042392135	
3634	 0.006194360544720322	 1.460583694149266	
3635	 0.00619467543769106	 1.4607074452420636	
3636	 0.0061949919535437175	 1.4608318383442431	
3637	 0.006195309880189216	 1.4609567901640375	
3638	 0.006195629158934149	 1.4610822776893597	
3639	 0.006195949757984981	 1.4612082884783102	
3640	 0.006196271630216579	 1.4613348040611223	
3641	 0.006196594786415051	 1.4614618287295384	
3642	 0.006196919321505211	 1.4615893998506593	
3643	 0.006197245246031043	 1.461717521626121	
3644	 0.006197572488403901	 1.4618461659701296	
3645	 0.006197901028752387	 1.4619753251251322	
3646	 0.006198230738332381	 1.4621049485292454	
3647	 0.006198561593057603	 1.4622350267614077	
3648	 0.006198893543723073	 1.462365540523227	
3649	 0.006199226574459064	 1.4624964836208996	
3650	 0.006199560662343413	 1.462627847086807	
3651	 0.006199895799118001	 1.4627596277183947	
3652	 0.006200231975386839	 1.4628918218653282	
3653	 0.006200569177440142	 1.4630244241804757	
3654	 0.006200907406121847	 1.4631574350395145	
3655	 0.006201246656849911	 1.4632908526843809	
3656	 0.00620158692432924	 1.463424675076442	
3657	 0.006201928149751597	 1.4635588791297691	
3658	 0.00620226961211731	 1.46369318130074	
3659	 0.006202612520783481	 1.4638280572836933	
3660	 0.006202956663423816	 1.4639634236226828	
3661	 0.006203301879008899	 1.464099217028048	
3662	 0.006203648132040523	 1.464235423582378	
3663	 0.006203995410037553	 1.4643720384211223	
3664	 0.006204343964492183	 1.464509160528775	
3665	 0.0062046933821742496	 1.464646627386833	
3666	 0.006205043783514623	 1.4647844864156772	
3667	 0.0062053952739535715	 1.4649227791448203	
3668	 0.006205747932465053	 1.4650615366965098	
3669	 0.006206101784858415	 1.465200769278446	
3670	 0.0062064568198426494	 1.465340472501099	
3671	 0.006206813031898875	 1.4654806442458512	
3672	 0.0062071704227199456	 1.4656212852319523	
3673	 0.006207529003172882	 1.4657623997893716	
3674	 0.006207888778695886	 1.4659039901123485	
3675	 0.006208249752058504	 1.4660460573453165	
3676	 0.006208611915095423	 1.4661885983292073	
3677	 0.006208975264413387	 1.466331611782937	
3678	 0.0062093397990456165	 1.466475097380502	
3679	 0.006209705514769058	 1.466619053514228	
3680	 0.006210072409969644	 1.4667634796033857	
3681	 0.006210440487864011	 1.4669083769690112	
3682	 0.006210809570515855	 1.4670536756157018	
3683	 0.006211179965020645	 1.4671994964933919	
3684	 0.006211551613110184	 1.4673458167225468	
3685	 0.006211924464260321	 1.4674926164692361	
3686	 0.006212298492426015	 1.4676398855350807	
3687	 0.00621267368249459	 1.4677876180249751	
3688	 0.0062130498040678045	 1.4679357232684036	
3689	 0.006213427190937195	 1.4680843327545907	
3690	 0.006213805480927985	 1.4682333039160782	
3691	 0.006214184821633548	 1.4683826949220828	
3692	 0.00621456533982551	 1.4685325557509399	
3693	 0.006214947075965133	 1.4686829023952943	
3694	 0.006215330009042089	 1.46883372663853	
3695	 0.006215714097279427	 1.468985012083084	
3696	 0.006216099283982058	 1.4691367364525025	
3697	 0.006216485521331095	 1.4692888809633369	
3698	 0.006216872774661633	 1.4694414320110243	
3699	 0.006217261018005216	 1.4695943794148816	
3700	 0.006217650235820231	 1.4697477171005273	
3701	 0.0062180404047584605	 1.4699014359169673	
3702	 0.006218431505109777	 1.470055528145208	
3703	 0.006218823520578079	 1.4702099874102619	
3704	 0.0062192164231571374	 1.4703648027219323	
3705	 0.006219610227085564	 1.4705199797350406	
3706	 0.006220004365318083	 1.470675295038125	
3707	 0.006220399669322048	 1.4708310763190695	
3708	 0.006220795828725885	 1.4709872013172052	
3709	 0.006221192911952068	 1.4711436970421008	
3710	 0.006221590566235597	 1.47130042450188	
3711	 0.006221988850098709	 1.4714574067920128	
3712	 0.006222387913657035	 1.4716147031155078	
3713	 0.0062227878346658	 1.471772344161888	
3714	 0.00622318864753953	 1.4719303435408608	
3715	 0.006223590221689225	 1.4720886498164092	
3716	 0.0062239924216515394	 1.4722472096220764	
3717	 0.006224395333684341	 1.4724060569973525	
3718	 0.006224798694614284	 1.4725650882160737	
3719	 0.0062252025390536585	 1.4727243169483388	
3720	 0.00622560690305836	 1.4728837574358606	
3721	 0.006226011745224597	 1.4730433933785516	
3722	 0.006226416994316313	 1.473203196709402	
3723	 0.006226822666316799	 1.4733631737523096	
3724	 0.006227228822524072	 1.4735233487033477	
3725	 0.006227635492106968	 1.4736837330912766	
3726	 0.006228042679906729	 1.4738443288518261	
3727	 0.006228450382797476	 1.4740051347786356	
3728	 0.006228858598648699	 1.4741661500577803	
3729	 0.0062292669320692775	 1.4743272187486658	
3730	 0.0062527926779161426	 1.4836189201690486	
3731	 0.0062499044731780876	 1.4824769409964333	
3732	 0.006247489145447818	 1.4815222047011303	
3733	 0.006245477824446374	 1.4807273528630933	
3734	 0.0062438125696114245	 1.4800693916703929	
3735	 0.00624244400745911	 1.4795287447143202	
3736	 0.0062413297679396575	 1.4790886256124223	
3737	 0.006240433593685519	 1.4787346792175655	
3738	 0.006239724506420164	 1.4784546473365758	
3739	 0.0062391759829443505	 1.4782380396649424	
3740	 0.006238765319987998	 1.4780758803546246	
3741	 0.006238472984458674	 1.4779604495699374	
3742	 0.006238282192091598	 1.4778851157773412	
3743	 0.006238178543872421	 1.4778441912334455	
3744	 0.006238149691038665	 1.4778327990386655	
3745	 0.006238185060458114	 1.477846764233881	
3746	 0.006238275619331804	 1.4778825205702637	
3747	 0.006238413645094378	 1.4779370194357564	
3748	 0.006238592525517419	 1.4780076507803006	
3749	 0.006238806576110245	 1.478092170921347	
3750	 0.006239050922241603	 1.4781886559393322	
3751	 0.006239321391438604	 1.4782954591163573	
3752	 0.0062396144113706364	 1.478411170636033	
3753	 0.006239926624712578	 1.4785344654853099	
3754	 0.006240254799298038	 1.4786640679552132	
3755	 0.006240598323844128	 1.4787997372881763	
3756	 0.006240954922868542	 1.478940575436633	
3757	 0.006241322701026001	 1.4790858343836162	
3758	 0.006241700171878333	 1.4792349275253218	
3759	 0.006242086131677476	 1.4793873798400121	
3760	 0.006242479578037631	 1.4795427957797058	
3761	 0.006242879650180438	 1.4797008356777928	
3762	 0.006243285613247011	 1.4798612095606059	
3763	 0.006243696863239924	 1.4800236791085262	
3764	 0.006244112909062051	 1.4801880505694935	
3765	 0.0062445332617762795	 1.4803541310135166	
3766	 0.006244957474659755	 1.480521744158342	
3767	 0.006245385166069912	 1.4806907394077682	
3768	 0.0062458160275892655	 1.480860995075375	
3769	 0.006246249792149272	 1.481032405793911	
3770	 0.006246686212476317	 1.4812048740006134	
3771	 0.006247125071168361	 1.481378313921181	
3772	 0.0062475661781584875	 1.4815526505697962	
3773	 0.006248009368908837	 1.481727819037613	
3774	 0.006248454500788417	 1.4819037630632306	
3775	 0.006248901442020739	 1.48208043066572	
3776	 0.006249350067764264	 1.4822577725961013	
3777	 0.0062497999960392575	 1.4824356379421788	
3778	 0.006326730328131049	 1.5129730315761372	
3779	 0.006316230538397105	 1.508790484345548	
3780	 0.006307308785165672	 1.505240181852862	
3781	 0.006299733610944714	 1.5022283608160294	
3782	 0.006293310303508365	 1.4996764024561455	
3783	 0.006287873156218304	 1.4975175987302087	
3784	 0.0062832805878500235	 1.49569510187736	
3785	 0.006279411518227016	 1.4941604044880636	
3786	 0.006276162322157317	 1.492872071789482	
3787	 0.006273444303574331	 1.4917946967825149	
3788	 0.006271181527261766	 1.4908980091805095	
3789	 0.006269308891351368	 1.490156088583813	
3790	 0.006267770599429417	 1.489546742422927	
3791	 0.006266518850292864	 1.4890509747777585	
3792	 0.006265512697647863	 1.4886525259135626	
3793	 0.006264717049597727	 1.4883374696686016	
3794	 0.006264101825785083	 1.4880938750867032	
3795	 0.006263641239595446	 1.4879115188851517	
3796	 0.006263313173884817	 1.4877816359068392	
3797	 0.00626309867881894	 1.487696718609284	
3798	 0.006262981502203946	 1.4876503299159176	
3799	 0.006262947703326775	 1.487636949488851	
3800	 0.006262985326810466	 1.4876518440186144	
3801	 0.006263083724801429	 1.4876907984766106	
3802	 0.0064402739858599855	 1.5584978978582338	
3803	 0.0063603430183234696	 1.5263936293541698	
3804	 0.006295088672310359	 1.500382768635191	
3805	 0.006538948693453583	 1.5984983691077523	
3806	 0.006938511261717673	 1.7645859234351846	
3807	 0.007120932385126311	 1.8425831047951697	
3808	 0.006978744911422944	 1.7816724103079604	
3809	 0.00686952946779294	 1.7354441133971736	
3810	 0.006788870205731982	 1.7016157260224214	
3811	 0.006736418528016908	 1.6797607044621974	
3812	 0.007049193783413866	 1.8117491398987677	
3813	 0.007189184921424281	 1.872111621042149	
3814	 0.00710367327173181	 1.835145958078302	
3815	 0.007015441494375055	 1.7973141487370983	
3816	 0.00694103567413323	 1.7656560576109572	
3817	 0.006845465209607267	 1.7253237231764489	
3818	 0.006763845478449869	 1.691174586066546	
3819	 0.006692365800634605	 1.661492683773085	
3820	 0.00664322908512415	 1.6412107870109731	
3821	 0.0065971854695002505	 1.622296149866311	
3822	 0.006553124333164127	 1.6042781227530032	
3823	 0.006508058656894476	 1.5859326695811466	
3824	 0.006463605477398372	 1.5679193327133991	
3825	 0.006428092588715692	 1.553587985148648	
3826	 0.006407550041325039	 1.5453220168621475	
3827	 0.006389402452228939	 1.538034419939386	
3828	 0.006373068406195363	 1.531486882483202	
3829	 0.006364467657560262	 1.5280437457789884	
3830	 0.0064129189326761395	 1.5474806638236345	
3831	 0.006376855448436293	 1.5330039314848303	
3832	 0.0063503176951883525	 1.5223858403057857	
3833	 0.0063195320960175464	 1.5101051467791229	
3834	 0.00629416307090888	 1.5000151041486123	
3835	 0.006275270098986168	 1.4925183758347165	
3836	 0.006275116869153599	 1.4924576356923887	
3837	 0.006271217160340607	 1.490912128100709	
3838	 0.006267646612079498	 1.4894976330592797	
3839	 0.006263673174254447	 1.487924162230535	
3840	 0.00625945890747224	 1.4862560507771267	
3841	 0.006254389360454367	 1.4842503900241306	
3842	 0.006248958622256129	 1.4821030335629826	
3843	 0.006237736374092766	 1.4776696096638466	
3844	 0.006192888322307751	 1.4600051750068208	
3845	 0.006131116668160816	 1.435814324488987	
3846	 0.006062561937572591	 1.4091567181862596	
3847	 0.00599403492006091	 1.3827099746193015	
3848	 0.005905478574774728	 1.348830812187947	
3849	 0.005777267292926223	 1.3003784086991381	
3850	 0.005634793249015042	 1.2473709452541322	
3851	 0.005458576574350201	 1.1830360886420852	
3852	 0.005311243010861988	 1.1302970711066056	
3853	 0.005174026497909495	 1.0820485037129877	
3854	 0.005037416361943479	 1.0348531564368026	
3855	 0.004920023778053835	 0.99497228593016	
3856	 0.00482298064866099	 0.9624795562494517	
3857	 0.004752369933612669	 0.9391090964118478	
3858	 0.004751103206100229	 0.9386919397619585	
3859	 0.004786396412082078	 0.9503423614954716	
3860	 0.004846123279740676	 0.9701891446522396	
3861	 0.004916557895772125	 0.9938043894726616	
3862	 0.004980948538211651	 1.015591535266272	
3863	 0.005069532081263902	 1.0458725727722997	
3864	 0.005155027762417867	 1.0754345764426527	
3865	 0.005238922838072862	 1.1047626534590185	
3866	 0.005310036689104565	 1.1298692369458492	
3867	 0.005366155229217737	 1.1498407622712563	
3868	 0.005414430900653055	 1.1671329781928825	
3869	 0.0054503802000587884	 1.1800769067935426	
3870	 0.005480465254311638	 1.1909532001674397	
3871	 0.00550736284772822	 1.2007109339725164	
3872	 0.005528298305321767	 1.2083277892704518	
3873	 0.0055491933184184565	 1.2159491282370487	
3874	 0.0055812209813625915	 1.2276682141112623	
3875	 0.005595692271762588	 1.2329780718503773	
3876	 0.005588280248067991	 1.2302572804065077	
3877	 0.005561854218094739	 1.2205764420233534	
3878	 0.0055302735282915525	 1.2090474203135513	
3879	 0.005482929268086906	 1.1918457536033373	
3880	 0.0054054199337894215	 1.163897439253413	
3881	 0.005301575262519815	 1.1268701281470608	
3882	 0.005208497798221201	 1.0940901867963624	
3883	 0.00518240529037781	 1.084970519712415	
3884	 0.005219955422342546	 1.0981044164663254	
3885	 0.005282222720050757	 1.1200227117742683	
3886	 0.005339111578326111	 1.1401989660340706	
3887	 0.005359639943279069	 1.1475149167064607	
3888	 0.005340079017513609	 1.140543324132118	
3889	 0.005293683322174398	 1.1240757453936412	
3890	 0.005243827859258787	 1.1064871094789621	
3891	 0.005201454711624043	 1.0916255292367794	
3892	 0.005219059548264828	 1.0977903310890675	
3893	 0.00523584817198066	 1.103682243159052	
3894	 0.005256107083890779	 1.1108088271790346	
3895	 0.005279461635667973	 1.1190471318196396	
3896	 0.005301634844688577	 1.1268912355897698	
3897	 0.0053283643130934795	 1.1363762961265107	
3898	 0.0053449146564340955	 1.1422651838833464	
3899	 0.0053533855954383605	 1.145283994021367	
3900	 0.005377990419582155	 1.1540705400700346	
3901	 0.00543049777067566	 1.1729109680980259	
3902	 0.00550539245665045	 1.1999950474957657	
3903	 0.00557303903940008	 1.2246701243645648	
3904	 0.005626869521384247	 1.244448864077143	
3905	 0.00567324854898146	 1.261591242935713	
3906	 0.00571386186310685	 1.2766794735647677	
3907	 0.005752750208491504	 1.291194029744692	
3908	 0.005800109769500647	 1.3089588767387323	
3909	 0.005842665393253176	 1.3250044591896437	
3910	 0.005840801355035161	 1.3242999872534695	
3911	 0.005818571248234051	 1.3159101665689028	
3912	 0.005792273936749336	 1.3060129085740046	
3913	 0.005765490478854243	 1.2959634302270473	
3914	 0.005737517304452085	 1.285500732767865	
3915	 0.005710081727136334	 1.2752720898538554	
3916	 0.0056854773925765194	 1.266126823159849	
3917	 0.0056643666339280105	 1.2583010945837017	
3918	 0.005646869155904722	 1.2518295215645785	
3919	 0.005632590664304709	 1.246558409622737	
3920	 0.005618437341664964	 1.241342289482249	
3921	 0.005619911825021169	 1.2418852929738862	
3922	 0.005655951616756009	 1.2551870715375324	
3923	 0.005723145920394471	 1.2801386587518016	
3924	 0.00577010790515801	 1.2976937290889752	
3925	 0.005798676339001007	 1.3084197642396553	
3926	 0.005814277492364072	 1.3142921270159413	
3927	 0.005821062258509527	 1.3168492325819265	
3928	 0.005819722220175996	 1.316344028960868	
3929	 0.005814616128286616	 1.314419708120671	
3930	 0.005799986456291284	 1.3089124952096098	
3931	 0.00580085791563197	 1.3092402894084227	
3932	 0.0058204576487878345	 1.3166212809793258	
3933	 0.005847010226708676	 1.3266470743951233	
3934	 0.0058758064009255505	 1.3375543698359622	
3935	 0.005882484985690976	 1.3400891578796565	
3936	 0.005841444653697513	 1.324543090792029	
3937	 0.005773092861447613	 1.2988127800762355	
3938	 0.005695432813328561	 1.2698240151678533	
3939	 0.005621790213039803	 1.242577178782441	
3940	 0.0055535659305045075	 1.2175464385557608	
3941	 0.005476393655332452	 1.1894789083973152	
3942	 0.005402161345603314	 1.1627282731443804	
3943	 0.005335577699815684	 1.1389414423443927	
3944	 0.005277756404001997	 1.118444788474779	
3945	 0.005242353477847744	 1.1059686488020508	
3946	 0.005251784527519732	 1.1092867192337166	
3947	 0.005307080280279221	 1.1288209907607285	
3948	 0.005334186378908149	 1.1384464958460967	
3949	 0.005362655193173071	 1.1485910751433113	
3950	 0.005390241776245391	 1.158455592974018	
3951	 0.00541172861134421	 1.1661622986948676	
3952	 0.0054014593620671444	 1.1624764662910134	
3953	 0.005382073516137992	 1.155531238680472	
3954	 0.005362124623157711	 1.1484016826799532	
3955	 0.005366151414625481	 1.1498393999760186	
3956	 0.0054336174754947494	 1.1740342035753333	
3957	 0.005506722126812159	 1.2004781272141112	
3958	 0.005577799359600045	 1.2264140805848691	
3959	 0.0056126743841301875	 1.2392208939625138	
3960	 0.00560967242915669	 1.238116422843771	
3961	 0.005586539776258534	 1.2296187399501775	
3962	 0.005586390797466697	 1.2295640891009185	
3963	 0.005577867240118508	 1.226438955975079	
3964	 0.0055659860991217145	 1.2220880858082965	
3965	 0.0055505298387449895	 1.2164372686148779	
3966	 0.00553439155067073	 1.2105482864159727	
3967	 0.005518841503384039	 1.204884776907538	
3968	 0.0055042254546187105	 1.1995711304853665	
3969	 0.005507104750822555	 1.2006171519622164	
3970	 0.005560924545304616	 1.2202364254759939	
3971	 0.0056193431001218454	 1.2416758391352216	
3972	 0.00566604353790905	 1.2589220108211852	
3973	 0.005701820383086659	 1.2721984678297715	
3974	 0.005733139393808849	 1.2838663511121582	
3975	 0.005761094672421613	 1.2943170376467321	
3976	 0.005782372166220397	 1.3022940266155392	
3977	 0.005801387934109234	 1.3094396687326377	
3978	 0.005819342223617648	 1.3162007817706305	
3979	 0.00584556482588203	 1.3261005333162614	
3980	 0.0058799137886380885	 1.3391130592705875	
3981	 0.005912908170550977	 1.3516602384366623	
3982	 0.00593982198870451	 1.3619297210207235	
3983	 0.005959466371652976	 1.3694450282766084	
3984	 0.00595706092618506	 1.368523893758813	
3985	 0.005910048566387435	 1.3505709295321267	
3986	 0.005878620973804277	 1.3386223779428834	
3987	 0.005846017984919841	 1.3262718740358221	
3988	 0.00581505439744044	 1.3145848334055044	
3989	 0.005784798634180278	 1.3032049609250895	
3990	 0.005755324800761127	 1.2921572774501229	
3991	 0.005727050467452228	 1.2815945882666542	
3992	 0.005699819543690263	 1.27145450453185	
3993	 0.005694260131922244	 1.2693882868520745	
3994	 0.0057602952725552044	 1.2940177227108276	
3995	 0.005814029452657924	 1.3141986811843476	
3996	 0.0058595612942671125	 1.3313967235553907	
3997	 0.005896389636119165	 1.3453726814870026	
3998	 0.005925899146097444	 1.3566133120334372	
3999	 0.005946040587912964	 1.3643069668804066	
4000	 0.005955944712559514	 1.3680965382714685	
4001	 0.0059597103353406225	 1.3695384648913538	
4002	 0.005961516309426556	 1.3702302213312065	
4003	 0.00596913870516968	 1.3731514266228744	
4004	 0.005983989403329481	 1.3788499495001099	
4005	 0.005997626076015648	 1.3840909360837226	
4006	 0.006011653070366767	 1.3894902298882084	
4007	 0.00602828347464373	 1.3959025221500176	
4008	 0.0060465517318301415	 1.4029599365989331	
4009	 0.006066012142420018	 1.4104935571965582	
4010	 0.0060796724163874796	 1.4157914331830554	
4011	 0.006065786337891989	 1.4104060499862958	
4012	 0.00602859352682646	 1.396022183091021	
4013	 0.005993080605927536	 1.3823430905255751	
4014	 0.0059638037712728175	 1.3711066063704846	
4015	 0.00595566488369768	 1.3679894108774482	
4016	 0.005995651606276339	 1.383331595156691	
4017	 0.006035201570851107	 1.3985734542802695	
4018	 0.006071111469012497	 1.4124703041374265	
4019	 0.006097036979842006	 1.4225374103198174	
4020	 0.0061070315616042785	 1.4264260297346933	
4021	 0.006100037599578736	 1.4237044236420937	
4022	 0.006083803955425778	 1.417395336072583	
4023	 0.006066710557104674	 1.4107642312397464	
4024	 0.006046774791959179	 1.4030461974096615	
4025	 0.006028612293011756	 1.3960294258080366	
4026	 0.006017104454063695	 1.391590853914154	
4027	 0.0060212881842226845	 1.3932038639401974	
4028	 0.006038411579413035	 1.3998134649661476	
4029	 0.0060579942370838375	 1.4073876670666854	
4030	 0.0060702697087426805	 1.412143920618894	
4031	 0.006069848549224648	 1.4119806318560688	
4032	 0.006058822658424212	 1.4077084451649031	
4033	 0.006047574913521918	 1.4033556342773035	
4034	 0.006035743746663645	 1.3987828633050996	
4035	 0.006023405755922514	 1.3940205648449957	
4036	 0.006035262869469084	 1.39859712952103	
4037	 0.006056674976252913	 1.4068768883701626	
4038	 0.006075797558359802	 1.41428783648414	
4039	 0.00609005997476281	 1.4198253649844275	
4040	 0.006104724298473103	 1.425527959570783	
4041	 0.006122137813730854	 1.432311516825427	
4042	 0.006133152026106536	 1.4366088288793424	
4043	 0.006143966240987674	 1.4408331183993122	
4044	 0.006154399771235574	 1.4449134044528416	
4045	 0.006160940473452485	 1.4474736584309782	
4046	 0.00616049092349037	 1.4472976312199826	
4047	 0.006147003683844901	 1.4420205081243107	
4048	 0.006119120781190152	 1.4311352881161663	
4049	 0.006089426707607916	 1.4195793089500113	
4050	 0.006065144035366833	 1.4101571470023486	
4051	 0.00605743725402164	 1.407172010685642	
4052	 0.006068501456888193	 1.4114583981848063	
4053	 0.0060910705983645615	 1.4202180782476166	
4054	 0.006110782036331369	 1.427886332717032	
4055	 0.006119555653579254	 1.4313048048346864	
4056	 0.006123475750962374	 1.4328332524674947	
4057	 0.006124264690623791	 1.4331409392490781	
4058	 0.006121166389725762	 1.4319327525660521	
4059	 0.0061143506800216225	 1.4292763919568976	
4060	 0.006099310217595589	 1.4234214921114439	
4061	 0.006089215047432117	 1.419497072165057	
4062	 0.006087963368244408	 1.419010793505628	
4063	 0.006094963900175566	 1.42173136328982	
4064	 0.006102002538574332	 1.4244688431665888	
4065	 0.006114284466733927	 1.4292505956098347	
4066	 0.0061235247555589244	 1.4328523635098784	
4067	 0.006128215275208869	 1.4346820662551876	
4068	 0.006130922526719596	 1.4357385503314815	
4069	 0.006136420512177196	 1.4378850541094577	
4070	 0.00614592426613151	 1.4415984999807578	
4071	 0.006163787622441987	 1.4485886959773069	
4072	 0.006186960917203064	 1.4576768912383995	
4073	 0.006417342123915596	 1.5492599826638467	
4074	 0.006952665779286233	 1.7705895751016105	
4075	 0.0076278441386699435	 2.066341026817315	
4076	 0.00826582007100678	 2.3623390385251346	
4077	 0.00875293788810508	 2.5988949527134744	
4078	 0.009123029485240255	 2.784608291951398	
4079	 0.009372612966901601	 2.912729273636151	
4080	 0.009523837578201697	 2.9914766338017915	
4081	 0.00954072616173079	 3.0003231483292945	
4082	 0.009381935947500386	 2.9175597162331477	
4083	 0.00905839555622268	 2.7518058103481144	
4084	 0.008832852719242876	 2.6385619554526234	
4085	 0.008494190047690624	 2.4721165224021884	
4086	 0.008189398333377815	 2.3260496155876695	
4087	 0.007936429597837049	 2.207534983459529	
4088	 0.007730448139896303	 2.112873192437061	
4089	 0.007565155586961714	 2.038115327137754	
4090	 0.007377936087195624	 1.9547465822698253	
4091	 0.007148862798722345	 1.8546441107545302	
4092	 0.006933967978926	 1.7626606153959967	
4093	 0.006756464759119262	 1.6881000174426581	
4094	 0.00660421566042624	 1.6251784654770718	
4095	 0.006435969443053535	 1.556762173005173	
4096	 0.006313441795172325	 1.507680378686325	
4097	 0.0061851634130736955	 1.456971125647865	
4098	 0.006048430556329063	 1.4036865734832653	
4099	 0.005955390440607975	 1.3678843485877081	
4100	 0.005849903959004047	 1.3277415353848698	
4101	 0.0057431455403798145	 1.2876031133309638	
4102	 0.005648361995131364	 1.2523811384101158	
4103	 0.005573748455819167	 1.2249299580483706	
4104	 0.005508206167460609	 1.2010173827922939	
4105	 0.005454121239396214	 1.1814271869420703	
4106	 0.0054154943188143	 1.1675150533307281	
4107	 0.005426084821936677	 1.1713228405682212	
4108	 0.005418966727936252	 1.1687630023062232	
4109	 0.005410443349994689	 1.1657007380181508	
4110	 0.0054011303956067605	 1.1623584710174972	
4111	 0.0053938468566958045	 1.1597472037463863	
4112	 0.005393122161792433	 1.159487517332975	
4113	 0.005395777078821728	 1.1604389910090394	
4114	 0.0054022366340665436	 1.1627552809862147	
4115	 0.005439877240492602	 1.1762893003800703	
4116	 0.005504092381241786	 1.1995227949850422	
4117	 0.005596538506359761	 1.2332888589247608	
4118	 0.005689035247622047	 1.2674476255534821	
4119	 0.005764254905883916	 1.2955005777307187	
4120	 0.005821734683524961	 1.3171027706309208	
4121	 0.0058672810175461245	 1.3343214383134463	
4122	 0.005904599955777899	 1.3484963629739617	
4123	 0.005937868956081251	 1.3611834580173892	
4124	 0.005977411340055269	 1.3763246447089064	
4125	 0.006017776347100233	 1.3918498475361605	
4126	 0.006039550803031387	 1.40025364718526	
4127	 0.006043174283342114	 1.4016540841566854	
4128	 0.0060266927772956586	 1.395288676009045	
4129	 0.005994664161282254	 1.3829519064092861	
4130	 0.005954099148383702	 1.3673900594855322	
4131	 0.005908831601966629	 1.350107457888724	
4132	 0.005869465911698618	 1.3351496791298234	
4133	 0.005833754779123819	 1.321638244290708	
4134	 0.005802657637594519	 1.3099173479306834	
4135	 0.005774459703899847	 1.2993253339155866	
4136	 0.005750564645498238	 1.2903765574058195	
4137	 0.005742572065901064	 1.287388833850259	
4138	 0.005754066271149957	 1.2916863802916572	
4139	 0.0058052277303328615	 1.3108844640039845	
4140	 0.00585150775388879	 1.3283482745983033	
4141	 0.005885278917984999	 1.341150135544428	
4142	 0.005905040648482118	 1.3486641099559091	
4143	 0.005912701737996429	 1.351581590327391	
4144	 0.005906826751381488	 1.3493440645578636	
4145	 0.0058817782312279125	 1.3398208256854343	
4146	 0.005840470711386532	 1.3241750434628072	
4147	 0.005811723029013424	 1.3133298924189225	
4148	 0.0058297983835956255	 1.3201447117717384	
4149	 0.0058416252461763515	 1.3246113401719075	
4150	 0.005829481576295625	 1.3200251467718787	
4151	 0.005793946828386105	 1.3066416278026864	
4152	 0.005744211565705735	 1.2880014729767308	
4153	 0.00568996350651208	 1.2677923188869882	
4154	 0.005629333228501368	 1.2453571266445693	
4155	 0.005605422577037141	 1.2365535024633207	
4156	 0.005592254206657828	 1.2317157345495677	
4157	 0.005584049972801479	 1.2287055168959249	
4158	 0.005581743322969493	 1.227859714081935	
4159	 0.005583478996164609	 1.2284961293740264	
4160	 0.005588104786950472	 1.2301929016088433	
4161	 0.005604548696672994	 1.2362322231858744	
4162	 0.005622955154105151	 1.2430063508404487	
4163	 0.005647303095156788	 1.251989855803456	
4164	 0.005724530786711278	 1.2806549726590415	
4165	 0.005799496034947885	 1.3087280406031623	
4166	 0.005864003634001848	 1.333079446547928	
4167	 0.005913077908124489	 1.3517249076084124	
4168	 0.0059549056672883955	 1.3676987755760928	
4169	 0.005993938120518619	 1.3826727584608087	
4170	 0.006029440262278485	 1.3963489914390395	
4171	 0.006056518980710603	 1.4068164964224825	
4172	 0.006080620699776807	 1.4161595016163198	
4173	 0.006105034328895321	 1.425648621453609	
4174	 0.006125498586178498	 1.4336222119898263	
4175	 0.00612137018635377	 1.4320122108170195	
4176	 0.0060775620796044046	 1.4149724605972884	
4177	 0.006021078007060355	 1.393122813668042	
4178	 0.005993575377804341	 1.3825332996883302	
4179	 0.005969712446764829	 1.373371407921744	
4180	 0.005952490569322891	 1.366774417253961	
4181	 0.005936718844305406	 1.3607440714130121	
4182	 0.005930621882623517	 1.3584157471196325	
4183	 0.005934493381619444	 1.3598940208431969	
4184	 0.0059443147699174935	 1.363647054996459	
4185	 0.005968821812094868	 1.3730299310160952	
4186	 0.006014575995505439	 1.3906163855026505	
4187	 0.006045539428778887	 1.4025684899725002	
4188	 0.006065402735989239	 1.4102573957121003	
4189	 0.006077200338026751	 1.414832096141901	
4190	 0.006083583863504699	 1.4173098759715088	
4191	 0.006085061904493296	 1.4178838281527355	
4192	 0.006081088572549711	 1.416341116701243	
4193	 0.006073634932878907	 1.4134489309802314	
4194	 0.0060574467404887955	 1.4071756836079992	
4195	 0.00604471931077294	 1.402251391260868	
4196	 0.006041954485716884	 1.4011825827002489	
4197	 0.00604522368621634	 1.4024464046828122	
4198	 0.006052613838985641	 1.405305001959902	
4199	 0.006062400262927383	 1.409094087104547	
4200	 0.006060830803085143	 1.408486152502191	
4201	 0.0060195040686852955	 1.3925159183607925	
4202	 0.005957559552464953	 1.3687148159338027	
4203	 0.005888734327904583	 1.3424627695610658	
4204	 0.005820920562951443	 1.3167958087208294	
4205	 0.005755969005024896	 1.2923983424099301	
4206	 0.005695935069613134	 1.2700106547263288	
4207	 0.005641557432412461	 1.2498675827251429	
4208	 0.005594244153316938	 1.232446310341174	
4209	 0.0055846214636169865	 1.2289151072696962	
4210	 0.0056706605843980734	 1.260632222442613	
4211	 0.005746561276604467	 1.2888797030890125	
4212	 0.005807078219316664	 1.3115809727119392	
4213	 0.005849305469591193	 1.3275151464395714	
4214	 0.005873796941747532	 1.3367920760289618	
4215	 0.005887188688677338	 1.3418755518173524	
4216	 0.005893018157133092	 1.3440908148344344	
4217	 0.005894037347230627	 1.3444782685363865	
4218	 0.005891140177208316	 1.3433770019356224	
4219	 0.0058945294391758545	 1.3446653574252094	
4220	 0.005917373015542585	 1.3533617340304058	
4221	 0.00593996686268021	 1.3619850845702857	
4222	 0.005960020922910452	 1.3696574217390294	
4223	 0.005982441170699192	 1.3782554196012626	
4224	 0.006005030835265773	 1.386940140433515	
4225	 0.006015058957536576	 1.3908024980651423	
4226	 0.00598436502078878	 1.3789942041426473	
4227	 0.005934506514154351	 1.3598990363987868	
4228	 0.005881553288032474	 1.3397354264167285	
4229	 0.005822711776017088	 1.3174712184374746	
4230	 0.005758154835474198	 1.2932164268556678	
4231	 0.005687499054122753	 1.266877268289765	
4232	 0.005628377169512226	 1.2450046374532462	
4233	 0.00564333867002877	 1.2505253636897056	
4234	 0.005722643019389376	 1.2799511848897547	
4235	 0.005791966638645681	 1.3058974305547406	
4236	 0.005846351150919161	 1.3263978506947602	
4237	 0.005881969805229886	 1.3398935581182978	
4238	 0.005902587405928911	 1.3477304042809473	
4239	 0.005916718238133515	 1.3531121531207075	
4240	 0.005927116785777831	 1.3570779333218066	
4241	 0.005929862626381899	 1.35812591196665	
4242	 0.005926820541018235	 1.3569648877656333	
4243	 0.005932292672184098	 1.3590536341244146	
4244	 0.005952666201528412	 1.3668416305667443	
4245	 0.005975058662538505	 1.3754219063220012	
4246	 0.0059936330333059396	 1.3825554653411165	
4247	 0.0060056078158524165	 1.3871622495248344	
4248	 0.006014015060614112	 1.3904002380962686	
4249	 0.006023676646679347	 1.3941250552728752	
4250	 0.006036756857789255	 1.3991741991614135	
4251	 0.006051260251617551	 1.4047812444161496	
4252	 0.006068499334216599	 1.4114575753396277	
4253	 0.006084139248719858	 1.4175255319953086	
4254	 0.0060977536097567495	 1.4228160901677565	
4255	 0.006112025149982075	 1.4283704893390927	
4256	 0.006118244858487471	 1.4307938708550219	
4257	 0.006140747941464476	 1.4395754555529663	
4258	 0.006162510409871062	 1.4480884548887336	
4259	 0.0061787757442409155	 1.4544642005336914	
4260	 0.006183737219356527	 1.456411247325236	
4261	 0.006176302877453902	 1.453494154977954	
4262	 0.006160364043186894	 1.4472479511148704	
4263	 0.006142671452258173	 1.4403270817027038	
4264	 0.006115896312112914	 1.42987861496647	
4265	 0.006088821561601571	 1.4193441953304329	
4266	 0.006063966093273249	 1.4097007203799337	
4267	 0.006049092059466534	 1.4039424461745937	
4268	 0.0060571074189610255	 1.4070443092002098	
4269	 0.006076985376221447	 1.4147486884161058	
4270	 0.0060994229094063065	 1.4234653246453817	
4271	 0.006126914925904753	 1.4341747255406307	
4272	 0.006157888116153181	 1.4462786360373048	
4273	 0.006183598645176439	 1.45635685209472	
4274	 0.006205595903130015	 1.4650017183595987	
4275	 0.006220783784501942	 1.470982454634111	
4276	 0.006203900408385968	 1.4643346654480394	
4277	 0.006132017804666992	 1.4361660625063206	
4278	 0.006089752562771006	 1.4197059178850524	
4279	 0.006086901667119627	 1.418598373761857	
4280	 0.006095321198942821	 1.4218702738171685	
4281	 0.006114663619192817	 1.4293983139247328	
4282	 0.006146366977088702	 1.4417715758676397	
4283	 0.006162559266067988	 1.448107588942059	
4284	 0.006137604817765269	 1.4383475943503063	
4285	 0.006097886515786517	 1.422867776472694	
4286	 0.006032044730622317	 1.397354411014515	
4287	 0.005953713193881299	 1.3672423352220877	
4288	 0.0059232998935465145	 1.355621714262959	
4289	 0.005907189815808169	 1.3494822969475464	
4290	 0.005903904649138737	 1.3482317157280408	
4291	 0.005917907928383778	 1.3535656399364873	
4292	 0.0059490405343900704	 1.3654543792072158	
4293	 0.005985518691728381	 1.3794373053916291	
4294	 0.006017096660191074	 1.3915878497346363	
4295	 0.006046540785618094	 1.4029557035836062	
4296	 0.006083570032320778	 1.4173045054916646	
4297	 0.00612224551544342	 1.4323535128603049	
4298	 0.006153062828596677	 1.4443903026809903	
4299	 0.006141770720328221	 1.4399750944637135	
4300	 0.006090602548946183	 1.42003619582148	
4301	 0.0060323368183640945	 1.3974671855656762	
4302	 0.005984261787535942	 1.3789545571519028	
4303	 0.0059364367812244296	 1.360636321212756	
4304	 0.00588925706467677	 1.3426613904588496	
4305	 0.005864642794121999	 1.3333216252791344	
4306	 0.00585666546680995	 1.3303002649002336	
4307	 0.005797806282642057	 1.308092579800792	
4308	 0.005707515160602866	 1.2743168845387367	
4309	 0.005596600364318379	 1.233311578031158	
4310	 0.005463425848647992	 1.1847882441981996	
4311	 0.005313556401291401	 1.1311177195699742	
4312	 0.005161416426926065	 1.0776568174901924	
4313	 0.005026672472521391	 1.0311771842256177	
4314	 0.004924344013071404	 0.9964288412730096	
4315	 0.004871697891551437	 0.9787375008042657	
4316	 0.004915043968454122	 0.9932944144007743	
4317	 0.004990756957196612	 1.0189268720247304	
4318	 0.005052091727084171	 1.0398827158655732	
4319	 0.005082773606742397	 1.050429535931386	
4320	 0.005109167646130434	 1.0595364539587562	
4321	 0.005150635875119118	 1.0739079613197562	
4322	 0.00518789112277152	 1.0868853533315	
4323	 0.0052091838931859575	 1.0943303976840306	
4324	 0.005219361193649292	 1.0978960812288725	
4325	 0.00526853728935756	 1.1151905439857008	
4326	 0.005310951892451926	 1.1301938170994643	
4327	 0.005345376707390655	 1.1424297639758514	
4328	 0.0053728669465491295	 1.15223869987287	
4329	 0.005403392376180489	 1.163169905880884	
4330	 0.005426334115041697	 1.1714125329797658	
4331	 0.005390362318810692	 1.1584987710773726	
4332	 0.005362740853439032	 1.1486216536339098	
4333	 0.005341389074918138	 1.1410097028146904	
4334	 0.005317983359268687	 1.13268879574332	
4335	 0.0052964673266014655	 1.125061190445005	
4336	 0.005267213219265785	 1.1147234735686762	
4337	 0.00524576473394066	 1.107168351877522	
4338	 0.0052332135710406805	 1.102756804262222	
4339	 0.005234073303881286	 1.1030587628146808	
4340	 0.005300668150546586	 1.126548796268116	
4341	 0.005353896522231978	 1.1454661762074425	
4342	 0.005377297342810955	 1.153822670184102	
4343	 0.0053799614467471835	 1.1547755686799157	
4344	 0.005372817142586918	 1.1522208987386637	
4345	 0.005366287019458324	 1.1498878285675724	
4346	 0.005362967056021244	 1.148702403647209	
4347	 0.005363730683422245	 1.1489750208554375	
4348	 0.005380254090203426	 1.1548802607687256	
4349	 0.0053971271223081894	 1.1609229416166795	
4350	 0.005403522554262022	 1.1632166112443214	
4351	 0.0053985305139409336	 1.161426101512478	
4352	 0.005396695176037899	 1.1607680928901807	
4353	 0.005433248865778483	 1.173901464925446	
4354	 0.0055450198712394755	 1.2144253550610093	
4355	 0.005626312494108319	 1.2442435488825172	
4356	 0.005689004737919056	 1.2674362969245783	
4357	 0.005738444153590617	 1.2858468550072513	
4358	 0.005777764896783403	 1.3005650863146787	
4359	 0.005806669460673089	 1.311427106613853	
4360	 0.005831820233272357	 1.3209078721575829	
4361	 0.005854405418812943	 1.3294447850159061	
4362	 0.005876176355506189	 1.3376947320595867	
4363	 0.005900455332085163	 1.3469191457153882	
4364	 0.00594376081848351	 1.3634352641774266	
4365	 0.005988608154304357	 1.3806241847433105	
4366	 0.0060294412042685075	 1.396349355029143	
4367	 0.006062877978807818	 1.4092791525006385	
4368	 0.006092492934028733	 1.4207708502713312	
4369	 0.006114406686942132	 1.4292982121026152	
4370	 0.006121119710026236	 1.4319145528699857	
4371	 0.006140261911844923	 1.4393855607013681	
4372	 0.006165418060416483	 1.4492273839637042	
4373	 0.006189344727202336	 1.458613072737657	
4374	 0.006206233291417118	 1.465252515360671	
4375	 0.006213932645619436	 1.4682833829187354	
4376	 0.006187269438405238	 1.45779804164601	
4377	 0.0061935348568431	 1.4602592235667735	
4378	 0.00620192074780546	 1.4635559678900651	
4379	 0.00619445684743005	 1.4606215401048583	
4380	 0.006173188164979785	 1.452272697363548	
4381	 0.0061530195552600255	 1.4443733725105912	
4382	 0.006139299057925298	 1.4390093971636904	
4383	 0.006133688208258115	 1.4368181574748033	
4384	 0.00613195897339363	 1.4361430980133103	
4385	 0.0061375518868156224	 1.4383269204643492	
4386	 0.006149896198741726	 1.4431516066298806	
4387	 0.006169203832368689	 1.4507108106092768	
4388	 0.00618708611546883	 1.4577260537303653	
4389	 0.006198448605978795	 1.462190604449907	
4390	 0.006206599478163628	 1.4653966088279342	
4391	 0.0062161247196719	 1.4691467557469258	
4392	 0.0062312738486431886	 1.4751189570350447	
4393	 0.006245568359217087	 1.4807631275368955	
4394	 0.006257465464793691	 1.4854672574327181	
4395	 0.006267165368146082	 1.4893070263350923	
4396	 0.006256825899306957	 1.4852142206862675	
4397	 0.006245553869967296	 1.4807574021091443	
4398	 0.006232209264918117	 1.4754880413662947	
4399	 0.006214345331361454	 1.468445908291398	
4400	 0.006196380099603411	 1.4613774401882829	
4401	 0.006186484937250326	 1.4574899908645569	
4402	 0.006167598891791716	 1.4500818524278505	
4403	 0.006142441676792069	 1.4402372869767122	
4404	 0.006119993629435926	 1.4314755394268133	
4405	 0.006106479827452408	 1.4262112542890886	
4406	 0.006095162924004008	 1.4218087390554117	
4407	 0.006084604024918557	 1.4177060146342997	
4408	 0.006079767540195644	 1.4158283529834035	
4409	 0.006076381670047552	 1.4145144537910395	
4410	 0.006074189022662263	 1.4136638493491205	
4411	 0.006075501360908735	 1.4141729265646694	
4412	 0.006087314370697662	 1.4187586835243455	
4413	 0.00609826837708246	 1.4230162840671472	
4414	 0.006108860343042743	 1.4271380182569484	
4415	 0.006121712875767046	 1.4321458259409918	
4416	 0.00613948369987988	 1.4390815292233203	
4417	 0.006160299013229618	 1.4472224888368286	
4418	 0.0061814500349788954	 1.4555135511513069	
4419	 0.0062004552626937015	 1.4629796274768887	
4420	 0.00621380649880168	 1.468233704764411	
4421	 0.0062154610935537475	 1.4688853577680865	
4422	 0.00620572718331249	 1.4650533725579855	
4423	 0.006212292112671002	 1.4676373735341621	
4424	 0.0062242170352899	 1.4723357623167352	
4425	 0.006250695274769571	 1.4827895843267698	
4426	 0.006270026744712878	 1.4904404778213347	
4427	 0.006286441242021634	 1.4969492682630943	
4428	 0.006300419792678406	 1.5025010811007304	
4429	 0.0063123240563648575	 1.5072355359017418	
4430	 0.006321618355201094	 1.5109361200634797	
4431	 0.006328456309101322	 1.5136610120402512	
4432	 0.0063324613636607605	 1.5152579190430056	
4433	 0.006336266988890992	 1.516775933004646	
4434	 0.006340351010200959	 1.5184056717872418	
4435	 0.006343707421252621	 1.5197455799443864	
4436	 0.006346821966132577	 1.5209893558866094	
4437	 0.0063546410715741445	 1.5241136647662366	
4438	 0.00636059002552089	 1.5264924277712157	
4439	 0.006362429204858569	 1.5272281467087288	
4440	 0.006362186501867027	 1.527131051161603	
4441	 0.0063608142329311034	 1.5265821088998373	
4442	 0.006359385381379013	 1.5260106160574036	
4443	 0.00635911769487773	 1.5259035599278588	
4444	 0.006364416630006596	 1.5280233271752512	
4445	 0.006371317295940127	 1.530785609411511	
4446	 0.006378113279073298	 1.533507938019901	
4447	 0.006384671183212715	 1.5361367311844658	
4448	 0.006393014682095695	 1.5394838984094492	
4449	 0.006402031193069386	 1.5431043338388528	
4450	 0.00640534806106601	 1.5444370247443966	
4451	 0.006407049505666829	 1.5451208300780839	
4452	 0.0064085434275650026	 1.5457213324995414	
4453	 0.006409682763446464	 1.5461793669342323	
4454	 0.0064076126927393945	 1.5453471998949024	
4455	 0.006396626980354185	 1.5409339504383328	
4456	 0.006377346314726455	 1.533200611302643	
4457	 0.0063490514602471725	 1.5218799417274707	
4458	 0.006313332611965152	 1.5076369231419096	
4459	 0.006274796465629215	 1.4923306312721991	
4460	 0.0062495187849064965	 1.4823244687440373	
4461	 0.006229541098472515	 1.4744353686923823	
4462	 0.006214872136969505	 1.468653387212546	
4463	 0.006207811354040042	 1.4658735190337644	
4464	 0.006206654632626334	 1.4654183124468816	
4465	 0.006205906952575549	 1.4651241067095415	
4466	 0.006201742171091936	 1.4634857330609592	
4467	 0.006195009410098812	 1.4608386990245084	
4468	 0.006193661988627608	 1.4603091806686666	
4469	 0.0061920720359311485	 1.459684449601517	
4470	 0.006189176726007209	 1.4585470866133652	
4471	 0.006187656293692081	 1.4579499580497324	
4472	 0.006189947675500258	 1.45884990363183	
4473	 0.006197906358329636	 1.461977420380883	
4474	 0.006195184828486599	 1.4609076417199287	
4475	 0.00618096050730345	 1.4553214453745174	
4476	 0.006156928348359127	 1.4459029608294178	
4477	 0.006117860228898557	 1.4306439601810843	
4478	 0.006077163293081915	 1.414817722124387	
4479	 0.0060390907355302855	 1.4000758760067191	
4480	 0.00600037837667482	 1.3851496930630438	
4481	 0.005968644899643449	 1.3729621053215273	
4482	 0.005949407052121869	 1.3655945904779097	
4483	 0.005945157365533518	 1.3639692276279705	
4484	 0.005959423150564296	 1.3694284751273196	
4485	 0.005981999539241485	 1.3780858494779933	
4486	 0.00600601404290424	 1.3873186354543305	
4487	 0.006026357085783513	 1.3951591472923055	
4488	 0.0060424234898692804	 1.401363864396123	
4489	 0.006055844513773971	 1.406555395947304	
4490	 0.0060699040839768525	 1.4120021629351986	
4491	 0.006089215892404335	 1.419497400460148	
4492	 0.006110404354455558	 1.427739249611861	
4493	 0.006129700665370319	 1.435261689822897	
4494	 0.006145583278076291	 1.4414651978777382	
4495	 0.006159631281393719	 1.446961050874272	
4496	 0.006173816872796065	 1.4525192167114456	
4497	 0.006189031659027834	 1.4584901093619536	
4498	 0.006196240302224221	 1.4613224900409203	
4499	 0.006201145092786019	 1.463250909921653	
4500	 0.006210144470438042	 1.466791846441756	
4501	 0.0062221383507960835	 1.4715163337352772	
4502	 0.006230209949167145	 1.4746992223746487	
4503	 0.006228206285113814	 1.4739088570753336	
4504	 0.006221849077276428	 1.4714023150254072	
4505	 0.006214426806535517	 1.4684779959859355	
4506	 0.0062083280463075515	 1.466076872111215	
4507	 0.006202811639864271	 1.4639063789089883	
4508	 0.006213485662631212	 1.4681073585996753	
4509	 0.006244082172964018	 1.4801759070963683	
4510	 0.00626506050499154	 1.4884734659339363	
4511	 0.006280688198538192	 1.4946667402698788	
4512	 0.006288887107982526	 1.4979200910062562	
4513	 0.006290045156347708	 1.498379835938186	
4514	 0.00628851894205138	 1.497773941039961	
4515	 0.006286517220509981	 1.4969794221547168	
4516	 0.006283098614415646	 1.4956229065373876	
4517	 0.006283142701035257	 1.4956403971409968	
4518	 0.006284724390919107	 1.4962679593600332	
4519	 0.0062878278769139965	 1.4974996259354298	
4520	 0.006292372697789641	 1.4993040400393043	
4521	 0.006298604681388358	 1.5017797152076795	
4522	 0.0063025101735450974	 1.5033320169639337	
4523	 0.006304077852955102	 1.5039552972082637	
4524	 0.006302542855798745	 1.5033450097667664	
4525	 0.0062907652865404505	 1.498665755914662	
4526	 0.006273330448598186	 1.4917495734515647	
4527	 0.006254648359315889	 1.4843528312712322	
4528	 0.006235959795300265	 1.4769682475305184	
4529	 0.006219049473447496	 1.4702990187700562	
4530	 0.006205982418169185	 1.4651538007063205	
4531	 0.006199466969736582	 1.4625910066468302	
4532	 0.006205412000107391	 1.4649293601238635	
4533	 0.006214804781770515	 1.468626859157047	
4534	 0.0062277169751290325	 1.473715869613505	
4535	 0.006245247895758819	 1.4806364984538805	
4536	 0.006263042650577955	 1.4876745376873515	
4537	 0.00627854464128732	 1.4938166372442008	
4538	 0.0062907794769102715	 1.4986713902681774	
4539	 0.006301575842829067	 1.502960593560101	
4540	 0.006305208386217618	 1.5044048403889094	
4541	 0.006310612644544007	 1.5065545221782075	
4542	 0.006315587624330815	 1.5085345327123956	
4543	 0.0063197116477357665	 1.510176656435635	
4544	 0.006323847488600378	 1.5118242033171967	
4545	 0.006332993982057142	 1.5154703369384823	
4546	 0.006338464345248962	 1.5176527064800545	
4547	 0.006334053962683671	 1.5158931119118402	
4548	 0.006317614761046013	 1.5093416185787027	
4549	 0.00631909741239636	 1.5099320319258125	
4550	 0.0063555919809522455	 1.5244937980290605	
4551	 0.006383566462392063	 1.5356937680560687	
4552	 0.006395303133183466	 1.5404024671208134	
4553	 0.006422377472699638	 1.55128654973844	
4554	 0.006480083469334279	 1.574586950638698	
4555	 0.006522081061864509	 1.5916319006978557	
4556	 0.006680488022994008	 1.656580827578175	
4557	 0.0070440569129190935	 1.8095492524253707	
4558	 0.007564506530084782	 2.0378239000102583	
4559	 0.008332677769248115	 2.3942709378259512	
4560	 0.009658580459436922	 3.0623475973349117	
4561	 0.011376999704305012	 4.023264259616892	
4562	 0.012818010365991875	 4.907948670108172	
4563	 0.013849231969929867	 5.5835249858439395	
4564	 0.01370025289610084	 5.483779131357166	
4565	 0.01292280830728771	 4.9750083982604085	
4566	 0.011999181652916016	 4.3966142314275425	
4567	 0.011113905337275179	 3.8693985997566656	
4568	 0.010373926965382188	 3.449617625258981	
4569	 0.009772437644502719	 3.122749598603248	
4570	 0.009278773518638952	 2.864287483204494	
4571	 0.008863147889251697	 2.6536622179492664	
4572	 0.008511811871083106	 2.480670078539406	
4573	 0.008214398089031773	 2.337896196932959	
4574	 0.007963282777904908	 2.219997801586457	
4575	 0.007748074165433066	 2.1209084864585837	
4576	 0.007563356243075351	 2.0373074610480844	
4577	 0.007400764859456303	 1.9648375873548385	
4578	 0.0072583009211941866	 1.9022047591663753	
4579	 0.007137417966134052	 1.8496981580965075	
4580	 0.007039223787324128	 1.8074804213239195	
4581	 0.006957740765069505	 1.7727441211313582	
4582	 0.00688862272124278	 1.7434907498395098	
4583	 0.006828946677056177	 1.7183904505360086	
4584	 0.006777081972772479	 1.6966940847858378	
4585	 0.006731426762690441	 1.6776866795395304	
4586	 0.006690562351183645	 1.6607465229004685	
4587	 0.0066536984146062465	 1.6455238002583588	
4588	 0.006618394645216716	 1.630997947322251	
4589	 0.006588253797447605	 1.6186371963121415	
4590	 0.006563234805816276	 1.6084055052300512	
4591	 0.006541674699779234	 1.5996091802318546	
4592	 0.006523772534984215	 1.5923199314253769	
4593	 0.0065130784546986245	 1.5879719638416656	
4594	 0.00650752127820064	 1.5857144214536631	
4595	 0.006507185657734223	 1.5855781204357875	
4596	 0.006508725595932272	 1.5862035533667664	
4597	 0.006564368697969665	 1.6088686567756243	
4598	 0.006614880562959953	 1.629554886779476	
4599	 0.006673325566965066	 1.6536217257912866	
4600	 0.0069434612828556405	 1.7666845519650909	
4601	 0.006884906725138386	 1.7419235183690984	
4602	 0.006802825820211461	 1.7074496278401392	
4603	 0.006722538061195346	 1.6739960574763812	
4604	 0.006665541287567926	 1.6504081236946497	
4605	 0.006621350252933654	 1.6322120654296421	
4606	 0.006583956166010029	 1.6168778041089107	
4607	 0.006552642788139452	 1.6040816482201325	
4608	 0.006526886030553845	 1.5935867009400795	
4609	 0.006506491860452159	 1.585296372751686	
4610	 0.0064903759207502005	 1.57875740578595	
4611	 0.006479046178144688	 1.5741668896864058	
4612	 0.006460748614248119	 1.5667644893873482	
4613	 0.006450074465766381	 1.5624526400014844	
4614	 0.00644349625886613	 1.5597977243382761	
4615	 0.00643771011052796	 1.5574639708187235	
4616	 0.006434893508425814	 1.5563284437371692	
4617	 0.006436271229523656	 1.556883837427901	
4618	 0.0064327300442082996	 1.5554564573979806	
4619	 0.006430430232861619	 1.554529730575855	
4620	 0.006429081354363458	 1.5539862923111534	
4621	 0.006450376586136981	 1.562574616924215	
4622	 0.00644150535505262	 1.558994566325155	
4623	 0.0064294449312956685	 1.5541327632681838	
4624	 0.0064258254199717705	 1.552674849574641	
4625	 0.006421164775143087	 1.550798380830537	
4626	 0.006417098874176269	 1.549162109245735	
4627	 0.006415994018393114	 1.5487175930876194	
4628	 0.006418357533355082	 1.549668567233213	
4629	 0.006426276701808297	 1.5528565928565867	
4630	 0.006433460778325835	 1.555750958626385	
4631	 0.0064389465343742906	 1.557962545839899	
4632	 0.006440719159918417	 1.5586774499553617	
4633	 0.006442005862065438	 1.5591964621760315	
4634	 0.006442988150646423	 1.559592730760136	
4635	 0.006443657936178228	 1.5598629544562586	
4636	 0.006444776046198276	 1.5603140955352977	
4637	 0.00644577889258865	 1.5607187738121315	
4638	 0.006448220319538347	 1.5617041375146175	
4639	 0.006452200578581939	 1.5633111095655183	
4640	 0.006461327843138197	 1.5669986063168158	
4641	 0.006478504689913812	 1.5739476266770538	
4642	 0.006507307197441184	 1.5856274791780705	
4643	 0.006542317637454299	 1.5998712137190276	
4644	 0.006600797738541204	 1.623776892346646	
4645	 0.006666932416187994	 1.6509822430338401	
4646	 0.00673754017052269	 1.6802268759066707	
4647	 0.006804652140230146	 1.7082136800556251	
4648	 0.006917016795803187	 1.7554846308768024	
4649	 0.006976947699731409	 1.7809077628799943	
4650	 0.006974069578280241	 1.7796835016386126	
4651	 0.006976984541360875	 1.780923436319208	
4652	 0.00698840633839906	 1.7857852415747748	
4653	 0.007008935824404081	 1.7945371512714539	
4654	 0.007033797066507519	 1.8051586286764072	
4655	 0.007060760426446224	 1.8167065189267668	
4656	 0.007084645723798605	 1.8269607229600373	
4657	 0.007102347373419461	 1.8345751112675193	
4658	 0.007114444440642286	 1.8397859650301183	
4659	 0.0071230923248221225	 1.843514694123814	
4660	 0.0071283821694818296	 1.8457970175271832	
4661	 0.007132979272832673	 1.8477813723187089	
4662	 0.007171775714445616	 1.8645619326536091	
4663	 0.007237293752162639	 1.8930379275408715	
4664	 0.007244616245410606	 1.8962312095356577	
4665	 0.007231234131603725	 1.8903970025982268	
4666	 0.0072202742517780555	 1.8856241762219197	
4667	 0.007212294998689983	 1.8821523945787892	
4668	 0.007214663480333738	 1.8831826564113374	
4669	 0.007230700573156552	 1.890164535944272	
4670	 0.007237439588173916	 1.8931015044717767	
4671	 0.0072796619318219544	 1.911544149603663	
4672	 0.007187837103929583	 1.8715266898496221	
4673	 0.007085291435260493	 1.8272382539674126	
4674	 0.006989744706022468	 1.7863552784817953	
4675	 0.006932169792264353	 1.7618988296433393	
4676	 0.006923279655819841	 1.7581345382703994	
4677	 0.0069293067854329805	 1.760686214145876	
4678	 0.006943797738661644	 1.7668272331754284	
4679	 0.006957701047065282	 1.7727272550903808	
4680	 0.006967723160271116	 1.7769851275853163	
4681	 0.006974367593057276	 1.7798102520078511	
4682	 0.006977702219761978	 1.781228767392775	
4683	 0.006969946783005832	 1.7779303825264485	
4684	 0.006960788254398386	 1.7740384127912752	
4685	 0.006947362405671194	 1.7683391887998448	
4686	 0.006932357935044043	 1.7619785284851623	
4687	 0.006917501922882229	 1.755689838089227	
4688	 0.006916662425569976	 1.7553347394585912	
4689	 0.006956680850397046	 1.772294055955667	
4690	 0.006988140523403732	 1.785672034439479	
4691	 0.007010342838827739	 1.7951376011048605	
4692	 0.0070266681702267405	 1.8021103840299184	
4693	 0.007038936494617706	 1.8073574747952308	
4694	 0.007045168571591763	 1.8100252345105647	
4695	 0.0070463506096861365	 1.810531406083116	
4696	 0.007038724513644374	 1.8072667599666141	
4697	 0.0070302177153200775	 1.8036278763785907	
4698	 0.007022781658549619	 1.8004494186212803	
4699	 0.007022117367232468	 1.8001655839855317	
4700	 0.00703712868873532	 1.8065839034487372	
4701	 0.007056532168765109	 1.8148936901379034	
4702	 0.007073089397232478	 1.8219965902406687	
4703	 0.007081629401892682	 1.8256645114630174	
4704	 0.007083825855002586	 1.8266083622902585	
4705	 0.007084021290560666	 1.8266923535107555	
4706	 0.007084605537975588	 1.8269434513879832	
4707	 0.007086740826153819	 1.8278612730515384	
4708	 0.007092074062208328	 1.8301544900885853	
4709	 0.007096939875688988	 1.8322477251443106	
4710	 0.007097273651757457	 1.8323913480860885	
4711	 0.007100808959025664	 1.8339128576900297	
4712	 0.007110885567778898	 1.838252354412963	
4713	 0.0071222249571577054	 1.8431405728718824	
4714	 0.007118902500363545	 1.8417077802918405	
4715	 0.00711646879320577	 1.8406585392933108	
4716	 0.00712669272889133	 1.8450679792569329	
4717	 0.007145364562588083	 1.8531317665562346	
4718	 0.007169614688024423	 1.8636256320235303	
4719	 0.007195501696347848	 1.8748539743326702	
4720	 0.007213213116810762	 1.882551738464165	
4721	 0.007227817820764445	 1.8889087442620471	
4722	 0.0072358654138809445	 1.8924152913385914	
4723	 0.007252613155261252	 1.8997210582704778	
4724	 0.007246437493117273	 1.8970257756917996	
4725	 0.007248268948282277	 1.8978249293789942	
4726	 0.007252897749072982	 1.8998453022078718	
4727	 0.007251178855430001	 1.899094941423274	
4728	 0.007241101866373954	 1.8946983476738601	
4729	 0.007231755605378862	 1.8906242151182073	
4730	 0.0072261058735789896	 1.8881631396239493	
4731	 0.007222089137370303	 1.8864141921216249	
4732	 0.007225100909761644	 1.8877255024183288	
4733	 0.007227525550239787	 1.8887814432974481	
4734	 0.0072286022205693265	 1.8892504133719668	
4735	 0.0072295851737132245	 1.889678603301778	
4736	 0.007234304125901939	 1.8917347938984574	
4737	 0.00724365027042237	 1.8958098321418693	
4738	 0.0072462114150618154	 1.8969271360869784	
4739	 0.0072460795324885245	 1.8968695956473396	
4740	 0.007242454320144566	 1.895288186878027	
4741	 0.007232206475528055	 1.8908206735771245	
4742	 0.007213054440711605	 1.8824827184192618	
4743	 0.0071892743249717785	 1.8721504233347288	
4744	 0.007168576386631931	 1.863175837587204	
4745	 0.007149478061024132	 1.8549101496505511	
4746	 0.007134732295338764	 1.8485382948610694	
4747	 0.007127581813561772	 1.8454516284319955	
4748	 0.007134700574871689	 1.8485245974512732	
4749	 0.0071420371566538	 1.8516937329890057	
4750	 0.0071437911575587204	 1.8524517189540388	
4751	 0.0071402039751149934	 1.8509016619833836	
4752	 0.0071393732330097	 1.8505427641341226	
4753	 0.007144202287545935	 1.8526294054337629	
4754	 0.007154559531862387	 1.8571079568811186	
4755	 0.007169336197759795	 1.863504985169154	
4756	 0.007186481152751971	 1.8709383025494104	
4757	 0.00720637552952017	 1.879578480930381	
4758	 0.007229143393828282	 1.8894861521972264	
4759	 0.0072527537055135346	 1.8997824173036706	
4760	 0.007275688982544541	 1.9098057249466573	
4761	 0.007298838612847998	 1.9199440935634284	
4762	 0.00732773158599019	 1.932627860055667	
4763	 0.0073582750762498095	 1.9460724886038017	
4764	 0.007384181677888421	 1.9575052561343322	
4765	 0.007402138801019028	 1.9654455738558605	
4766	 0.007411508781470393	 1.969593914559341	
4767	 0.007414519778138145	 1.9709277059081989	
4768	 0.007400172374476966	 1.9645754284849317	
4769	 0.007370723836150825	 1.9515628715018263	
4770	 0.007331843933109805	 1.9344358600654552	
4771	 0.007300851645627556	 1.9208267147368794	
4772	 0.007283499710541986	 1.9132240290237814	
4773	 0.007273885249845869	 1.909016682981712	
4774	 0.007270933781785118	 1.9077258460897477	
4775	 0.007271137060838269	 1.9078147398341887	
4776	 0.00727198622375892	 1.9081860959206058	
4777	 0.007274352617532214	 1.9092211202227458	
4778	 0.00728072019628512	 1.9120073160909803	
4779	 0.007288182049390325	 1.9152743901371279	
4780	 0.007282775991191536	 1.9129071961263804	
4781	 0.007278883928468356	 1.9112036725339185	
4782	 0.007275560554286908	 1.9097495397571642	
4783	 0.007272246410786149	 1.9082998867460432	
4784	 0.007269391443861088	 1.9070514370989982	
4785	 0.007266884015639877	 1.905955232367515	
4786	 0.007267032532827263	 1.9060201545171325	
4787	 0.0072877673899918935	 1.915092778440438	
4788	 0.007342816529940504	 1.9392632886144376	
4789	 0.007392665071125875	 1.9612548581439562	
4790	 0.007426936338539983	 1.9764317263250504	
4791	 0.007446272894909862	 1.985015467853084	
4792	 0.0074547668610390055	 1.9887907490262489	
4793	 0.0074699644727293174	 1.9955527320400819	
4794	 0.007498172177508164	 2.008127710578233	
4795	 0.007542013778667714	 2.0277349359665178	
4796	 0.007595862949727675	 2.0519220022827676	
4797	 0.007642201090232836	 2.072827124778236	
4798	 0.007683892730126895	 2.091708382165169	
4799	 0.00769277886449922	 2.0957415735476217	
4800	 0.0076915324972114596	 2.0951756916304416	
4801	 0.007689488182780389	 2.094247654116753	
4802	 0.00768657276275972	 2.0929244538102716	
4803	 0.007683764527893617	 2.0916502171603573	
4804	 0.007696868145040257	 2.0975986384305587	
4805	 0.007705008292488067	 2.1012972815133537	
4806	 0.007704337089427275	 2.1009922080341714	
4807	 0.0076969365097375175	 2.097629690480509	
4808	 0.007691916463315759	 2.095350015328832	
4809	 0.007707576517383897	 2.102464748041085	
4810	 0.007756715822835223	 2.1248524724667885	
4811	 0.008261326154915642	 2.3601988537441767	
4812	 0.00871086030654195	 2.578105763740876	
4813	 0.00910856244824991	 2.7772525970048263	
4814	 0.009261358716698698	 2.85533339274945	
4815	 0.009116250676685912	 2.7811606705877385	
4816	 0.008990090422630877	 2.7173093369274617	
4817	 0.008986430025581067	 2.715465625198752	
4818	 0.008907636553723345	 2.675899484450236	
4819	 0.008821181315222438	 2.632753685370365	
4820	 0.008723673615623278	 2.5844293374994973	
4821	 0.008628597280372947	 2.537655403672665	
4822	 0.008547041907921136	 2.497805994628661	
4823	 0.008483110874278225	 2.4667447922895724	
4824	 0.009351867015042247	 2.9019918293528013	
4825	 0.009960266242879658	 3.2234224555132394	
4826	 0.009886651573098638	 3.18381405894438	
4827	 0.010018128182275257	 3.2546924381582354	
4828	 0.010598361954746754	 3.5748972211741803	
4829	 0.011219287446908767	 3.9307411000857755	
4830	 0.01167083976685278	 4.197936117893015	
4831	 0.011667613631357796	 4.1960022577975575	
4832	 0.0113533328194706	 4.009325011780021	
4833	 0.010951772600797221	 3.775777063885105	
4834	 0.01043313813017856	 3.4824956026107383	
4835	 0.010001791449560829	 3.245851443128127	
4836	 0.009629777473275982	 3.0471422836275743	
4837	 0.009286110734674108	 2.868063383647537	
4838	 0.008983544087171424	 2.714012354805502	
4839	 0.008740808059819012	 2.592895141449024	
4840	 0.008535590985078995	 2.4922310817250444	
4841	 0.008359966648760993	 2.4073536209581112	
4842	 0.008212589817330517	 2.3370385075299294	
4843	 0.008101975613780682	 2.2848123311667385	
4844	 0.008029113719358855	 2.25066917520378	
4845	 0.007975706615304095	 2.225773315979705	
4846	 0.007927645170103746	 2.2034641403164765	
4847	 0.007880990427225074	 2.1818939991970123	
4848	 0.007835772869380402	 2.1610693939123338	
4849	 0.0077917214221844555	 2.140858725082827	
4850	 0.00774788601720234	 2.1208226496556364	
4851	 0.0077044797911498515	 2.101057066968996	
4852	 0.007668857323983264	 2.0848912716385515	
4853	 0.007633996630805797	 2.0691195673964025	
4854	 0.007603535813396859	 2.055377703219886	
4855	 0.007578016801447789	 2.0438934612007826	
4856	 0.007556828062776239	 2.0343775264382082	
4857	 0.0075425163599152825	 2.027960146416583	
4858	 0.007538955119259926	 2.0263645433330235	
4859	 0.007545688455710888	 2.0293818173183094	
4860	 0.0075626655915576385	 2.0369974076327995	
4861	 0.007586019884266484	 2.0474922933489386	
4862	 0.007603753441094141	 2.055475752205506	
4863	 0.007609510115757502	 2.0580700172481783	
4864	 0.007611185372651702	 2.058825223330386	
4865	 0.007604133807658675	 2.055647125307189	
4866	 0.007592538812864305	 2.05042560119976	
4867	 0.007581254751191869	 2.045349199781146	
4868	 0.007577596576872745	 2.0437045642885128	
4869	 0.0075793624613681755	 2.0444984014246477	
4870	 0.007571662626716611	 2.0410379150766413	
4871	 0.007568312536619529	 2.039533038109475	
4872	 0.007580276986094172	 2.0449095660729295	
4873	 0.007603357874008233	 2.055297536613215	
4874	 0.007845663192286691	 2.165617480797764	
4875	 0.008355124840310476	 2.4050303073198807	
4876	 0.009001503557737631	 2.723061251758769	
4877	 0.009661574815584249	 3.063930077452478	
4878	 0.010269825170426738	 3.392116285130625	
4879	 0.010811778747442387	 3.6956789028044414	
4880	 0.011271126119895935	 3.9610576529344517	
4881	 0.011666681454786438	 4.195443544457357	
4882	 0.012009568567022504	 4.402959168315267	
4883	 0.012294576946739152	 4.5784832550551675	
4884	 0.012519079494826007	 4.718670403406897	
4885	 0.012688627510030229	 4.82566009715136	
4886	 0.012825264808682072	 4.912579023256314	
4887	 0.012938966890895702	 4.985380574926887	
4888	 0.013016175768592209	 5.035060062912918	
4889	 0.013070452347899419	 5.070101784220584	
4890	 0.013105783906416714	 5.092964542990484	
4891	 0.013124969693891248	 5.105396739507193	
4892	 0.013121309112239424	 5.103023783661623	
4893	 0.013097301164074877	 5.087471677564466	
4894	 0.01306280202460109	 5.065156743736399	
4895	 0.013020733008757675	 5.037998541953215	
4896	 0.012972293825386474	 5.0068003762228575	
4897	 0.012920790114691728	 4.973713529763756	
4898	 0.01287010713293332	 4.9412396536450665	
4899	 0.012821261591562497	 4.9100236407741	
4900	 0.012772219856714147	 4.878761905782657	
4901	 0.012715362668418244	 4.842618245679144	
4902	 0.01265549773247088	 4.804678859794204	
4903	 0.012597684484449938	 4.768153113882016	
4904	 0.012539053065724119	 4.731224416403314	
4905	 0.01249412617079413	 4.703005212450357	
4906	 0.012461546341399692	 4.682583631323994	
4907	 0.012431503088702014	 4.663783535537203	
4908	 0.012396275979124004	 4.64177810045102	
4909	 0.012361623231217431	 4.620172090334342	
4910	 0.012330438545494066	 4.600762904587502	
4911	 0.01229570420621695	 4.579182926192195	
4912	 0.012250674633747675	 4.55126710175898	
4913	 0.012201678605330727	 4.520969913815574	
4914	 0.012151255779569976	 4.489875022419309	
4915	 0.012102446804474363	 4.459857185857545	
4916	 0.01205406206331954	 4.43017980721967	
4917	 0.012008638540229136	 4.402390904175167	
4918	 0.011966638222622854	 4.376758499846887	
4919	 0.011925691268469903	 4.351826624190177	
4920	 0.01188687922580531	 4.328247280634868	
4921	 0.011851665738260655	 4.30689851341372	
4922	 0.011824044091733415	 4.290181990514987	
4923	 0.011801909260100473	 4.276804843378654	
4924	 0.011774279895180892	 4.260130540511944	
4925	 0.011749687270145968	 4.245310832488091	
4926	 0.011726246231677982	 4.231204314974924	
4927	 0.011699471425275653	 4.21511456402703	
4928	 0.01167531059722704	 4.2006166814658545	
4929	 0.011659248971216396	 4.190989843970235	
4930	 0.011630090916472132	 4.17353600191537	
4931	 0.011578880805687235	 4.142952493550626	
4932	 0.011538645288336737	 4.118986348734234	
4933	 0.011621021501326056	 4.168113044794947	
4934	 0.011623762114146327	 4.169751466742554	
4935	 0.011650042632955644	 4.185475836175853	
4936	 0.012239661952097266	 4.5444502478814135	
4937	 0.012134483882609107	 4.479551114196018	
4938	 0.012011561547107488	 4.404177016023107	
4939	 0.011905269033373125	 4.339413187829002	
4940	 0.011814995585110311	 4.284711521955078	
4941	 0.011741235420003828	 4.240222452099502	
4942	 0.011683491213540472	 4.2055232830748075	
4943	 0.011649835596855994	 4.185351868180429	
4944	 0.0116270227838681	 4.171701130070791	
4945	 0.011591907222615164	 4.1507235471724675	
4946	 0.011549304685338262	 4.12533016529432	
4947	 0.011507411053284523	 4.100420150153023	
4948	 0.011462194398897547	 4.073602022493533	
4949	 0.011415090155961682	 4.045739270470205	
4950	 0.011365674810995752	 4.0165917449109045	
4951	 0.0113147567024866	 3.986646068755806	
4952	 0.011265484037123909	 3.9577535042600487	
4953	 0.011218698917908908	 3.9303974486301057	
4954	 0.011175819908134037	 3.905392061696361	
4955	 0.011132251525740815	 3.8800500866390117	
4956	 0.011085518612315534	 3.8529408368792466	
4957	 0.011037413147089328	 3.825114852956396	
4958	 0.010991487837710855	 3.7986252789000248	
4959	 0.010948335885239583	 3.7738025107137085	
4960	 0.010904282411121912	 3.7485283456137437	
4961	 0.010861771536353208	 3.7242036443695925	
4962	 0.010819812201213577	 3.700256690754373	
4963	 0.010776919389759929	 3.6758408956937285	
4964	 0.01072850930691286	 3.6483622358717436	
4965	 0.01069108838803089	 3.6271778275566002	
4966	 0.010651639900177118	 3.6048990514250803	
4967	 0.010635727091323061	 3.5959277413168738	
4968	 0.01062848438211411	 3.591847414316297	
4969	 0.010621741816455603	 3.5880505190192493	
4970	 0.010611728217742917	 3.582414593705469	
4971	 0.010594107359397533	 3.572505702905534	
4972	 0.010561658412642403	 3.554287139263286	
4973	 0.010521335104956824	 3.5316994394152297	
4974	 0.010478609830302122	 3.507829134443677	
4975	 0.010413220018626851	 3.471421819601423	
4976	 0.010341275687724862	 3.4315408622360644	
4977	 0.01027084033635362	 3.392675151239008	
4978	 0.010211130283860946	 3.3598664119424706	
4979	 0.010153723960576417	 3.328443853518738	
4980	 0.01009694550014014	 3.2974812496655663	
4981	 0.010038576550836315	 3.2657720897012954	
4982	 0.009983053252513663	 3.2357226887481216	
4983	 0.009934839153700265	 3.2097192601366182	
4984	 0.009895467561261676	 3.1885471762802022	
4985	 0.009863801886645042	 3.171559641472884	
4986	 0.00983919884537673	 3.1583860329725186	
4987	 0.00981989654343931	 3.1480660453517704	
4988	 0.009803116978474259	 3.139105820923816	
4989	 0.009785874334551952	 3.1299089597676355	
4990	 0.01000877767213861	 3.249631019367675	
4991	 0.010174508641579776	 3.3398071453760347	
4992	 0.010692886694738573	 3.628194740537057	
4993	 0.01145619050696356	 4.070046392138089	
4994	 0.012830323344820644	 4.915808810440677	
4995	 0.015108395386409014	 6.45499956788779	
4996	 0.017608914577414852	 8.332077336500259	
4997	 0.021144192906492956	 11.30275121690174	
4998	 0.02487006748572936	 14.813599109881272	
4999	 0.0288226121993289	 18.941798484860943	
5000	 0.03208878423037211	 22.652758041032232	
5001	 0.03333708100186164	 24.140426110782375	
5002	 0.033284645103290454	 24.07717516474481	
5003	 0.03233071584754543	 22.93812150540025	
5004	 0.03131491296834286	 21.749586081913527	
5005	 0.0305806254685352	 20.906255528033768	
5006	 0.03001079580319744	 20.261029132269858	
5007	 0.02953783502722742	 19.73165055277892	
5008	 0.029113909249159613	 19.261932403640426	
5009	 0.02870613241055141	 18.814389074198655	
5010	 0.028295817702747517	 18.36831827523893	
5011	 0.027872963165639548	 17.913105457744503	
5012	 0.027440999933483326	 17.452817034575393	
5013	 0.02700486817624037	 16.99296190981314	
5014	 0.026564584813620312	 16.533724707011444	
5015	 0.02612502217469774	 16.080273364126825	
5016	 0.025695934052065574	 15.642505975456869	
5017	 0.025284093723574427	 15.226893156634208	
5018	 0.02488973592731775	 14.83312976384819	
5019	 0.024516448759608633	 14.46421665478221	
5020	 0.024159828345058504	 14.115254785952287	
5021	 0.023827300937136486	 13.79294690732507	
5022	 0.023522885885822555	 13.500504070270967	
5023	 0.02324858760142047	 13.239144961879497	
5024	 0.02299964784781313	 13.00372047385774	
5025	 0.022777540520514374	 12.795100292918386	
5026	 0.022581103473059132	 12.6117179409775	
5027	 0.022413700313379442	 12.45627676609252	
5028	 0.02226914668162016	 12.322673482961768	
5029	 0.022143546343069635	 12.207056094930518	
5030	 0.022031177735955036	 12.103988567501174	
5031	 0.02192768623631301	 12.009372847554971	
5032	 0.021932469716540347	 12.01373953222056	
5033	 0.021876507682059957	 11.96269334847015	
5034	 0.021805529660175942	 11.898075349246554	
5035	 0.021734177923933694	 11.833258302211853	
5036	 0.021664710721118485	 11.770289334092924	
5037	 0.02160174523204727	 11.713330053454424	
5038	 0.021537631662956584	 11.65544582741903	
5039	 0.021469418688294592	 11.593986502291717	
5040	 0.021397788699293117	 11.529588454608218	
5041	 0.02132121511626441	 11.460904694578222	
5042	 0.021239004511008363	 11.387347567338582	
5043	 0.021260390671889076	 11.406464390623999	
5044	 0.02120858755700779	 11.360180329441397	
5045	 0.021124031783539565	 11.284794850725644	
5046	 0.0210254863781111	 11.197190481032992	
5047	 0.02091958924475078	 11.103355272620757	
5048	 0.020810042646594366	 11.006618954370742	
5049	 0.020704322620735533	 10.913583069721057	
5050	 0.020600554015849693	 10.822571941864314	
5051	 0.020498544866522382	 10.733401354540929	
5052	 0.02038792183438587	 10.637034822876261	
5053	 0.020258742869730544	 10.524944191861298	
5054	 0.02011479086508928	 10.400594965262796	
5055	 0.019962688075457587	 10.269848001897444	
5056	 0.019799661302023538	 10.130446403148408	
5057	 0.01963323601641304	 9.988925947969108	
5058	 0.019487968999646155	 9.86604930281976	
5059	 0.019346241355544483	 9.74675352494597	
5060	 0.01920127453825343	 9.625332552187118	
5061	 0.019053120873105348	 9.501872216327746	
5062	 0.018898405132576904	 9.373624946355772	
5063	 0.018735008698024393	 9.238939991955645	
5064	 0.018568041241156224	 9.102118137772628	
5065	 0.018402502480892927	 8.967274331963456	
5066	 0.018239799740786412	 8.8355263054385	
5067	 0.018078216892916704	 8.705458217577888	
5068	 0.01791672748357144	 8.576237407114315	
5069	 0.017753490668722196	 8.44640512651967	
5070	 0.017587638710530734	 8.31530545637334	
5071	 0.017419385895281227	 8.183147544401526	
5072	 0.017254236558510744	 8.054252264645564	
5073	 0.017091127032626545	 7.927753745392759	
5074	 0.016918151548096557	 7.794480342586571	
5075	 0.01674780025339933	 7.664113636647369	
5076	 0.01658939523453361	 7.543679662980941	
5077	 0.016430396035359073	 7.423562468482181	
5078	 0.01626676376653935	 7.300751741311125	
5079	 0.016100644333855038	 7.176913997305276	
5080	 0.015931845175958394	 7.051948144348178	
5081	 0.015769197363645786	 6.932368323126045	
5082	 0.015612715772132406	 6.818095348584524	
5083	 0.015474952414943576	 6.718121463988201	
5084	 0.015353476224200777	 6.6304578088370345	
5085	 0.015237043037981313	 6.546866296559526	
5086	 0.01511894834747559	 6.462515832435693	
5087	 0.014997863169116738	 6.376484274638069	
5088	 0.014875303102867403	 6.289875089188495	
5089	 0.014752282864126411	 6.203417816160724	
5090	 0.014629566834167529	 6.117651878810938	
5091	 0.014506889800384332	 6.032391248601272	
5092	 0.014379771664982001	 5.944549729573722	
5093	 0.014254422512662483	 5.858436051858677	
5094	 0.01413109932205606	 5.774205411170103	
5095	 0.014009119499373734	 5.6913729797960615	
5096	 0.013892675127026613	 5.612746762361565	
5097	 0.0137897271378865	 5.543598506624118	
5098	 0.013671234519298215	 5.4644342339750684	
5099	 0.013545137907960133	 5.380690761811578	
5100	 0.013414588921629144	 5.294536284459413	
5101	 0.013290350054379715	 5.213063493249991	
5102	 0.013176746864434789	 5.139008302951963	
5103	 0.01307266220704326	 5.07153055933368	
5104	 0.012968998740546946	 5.004680931591013	
5105	 0.012868855286805276	 4.940438640995279	
5106	 0.01277117888394295	 4.87809920183329	
5107	 0.012680353876029676	 4.820416941824725	
5108	 0.012607676778875976	 4.7744581595666045	
5109	 0.01252427411364923	 4.721934099726681	
5110	 0.012435405846438081	 4.666224045187108	
5111	 0.01235964735909451	 4.618941348131471	
5112	 0.012284551398445793	 4.572262446312076	
5113	 0.012211861098000874	 4.527259696951714	
5114	 0.012136689465152846	 4.480908213301249	
5115	 0.012058554361965346	 4.432931875755759	
5116	 0.01198081904719147	 4.385406230422307	
5117	 0.011900594698415127	 4.336573938540793	
5118	 0.011819341607641344	 4.287338654542852	
5119	 0.01173956600470667	 4.239217680387635	
5120	 0.011662893567576898	 4.1931735263379135	
5121	 0.011596739730616746	 4.153607914630752	
5122	 0.011542610056194284	 4.121345478231607	
5123	 0.011494783237031899	 4.09292347266367	
5124	 0.011444659311304853	 4.063220860721093	
5125	 0.011388503510468658	 4.030046722950892	
5126	 0.011322294196724992	 3.9910733246352788	
5127	 0.011247810020167746	 3.9474102860494185	
5128	 0.01116348071767247	 3.898208153424547	
5129	 0.011079819888770057	 3.8496402723058467	
5130	 0.011001842487208082	 3.8045913780180607	
5131	 0.010936690440582002	 3.7671147326272845	
5132	 0.010884273975023914	 3.7370716378337363	
5133	 0.010839537715686373	 3.711506703243261	
5134	 0.010795970105878173	 3.686677117996729	
5135	 0.010750773699291373	 3.6609897661095654	
5136	 0.010705976155822822	 3.635600051342173	
5137	 0.01066660144119721	 3.6133422104612998	
5138	 0.010629958634773272	 3.5926778142178306	
5139	 0.010591396563639194	 3.570982291989059	
5140	 0.010562027441016595	 3.5544941219216	
5141	 0.010533124640111345	 3.5382975634967844	
5142	 0.010496667148758616	 3.517909728249809	
5143	 0.010455474849187522	 3.494930823339988	
5144	 0.01041281277830639	 3.471195555214643	
5145	 0.010379233327543376	 3.4525589802810255	
5146	 0.010353905017348019	 3.438528346476911	
5147	 0.010339956601146623	 3.430811373410888	
5148	 0.010329425848344067	 3.424989820951814	
5149	 0.01031524125017322	 3.41715462216186	
5150	 0.010296019910800562	 3.4065487168884965	
5151	 0.010271989008115379	 3.3933075589898167	
5152	 0.010250454910045934	 3.381459684242752	
5153	 0.010225178052702337	 3.36757373168058	
5154	 0.010197314113886847	 3.35229305088351	
5155	 0.010174602519811685	 3.3398585051296235	
5156	 0.010190120528359013	 3.348352579320002	
5157	 0.010194921538138706	 3.350982250205796	
5158	 0.01019589724225973	 3.3515167763883036	
5159	 0.010194455353979278	 3.350726869618124	
5160	 0.010204358164587207	 3.3561534071153893	
5161	 0.010219237704963446	 3.3643136931191373	
5162	 0.010223652119563598	 3.36673618526608	
5163	 0.010216411341648966	 3.3627630399253743	
5164	 0.010187411821795367	 3.3468692960861715	
5165	 0.010151975634237474	 3.327488724136608	
5166	 0.010113641150892534	 3.3065737575729437	
5167	 0.010074474111624591	 3.2852590718416135	
5168	 0.01006282103131139	 3.278928116866573	
5169	 0.010066052799789803	 3.2806834018029214	
5170	 0.010069105682349172	 3.2823418727425455	
5171	 0.010071049448568573	 3.2833979936449795	
5172	 0.010063444044125515	 3.2792664673790224	
5173	 0.010047500760877296	 3.2706122632491614	
5174	 0.010021554065037519	 3.256547652604442	
5175	 0.009982522502303838	 3.2354359811951965	
5176	 0.009957828541332954	 3.222107714746437	
5177	 0.00993120963909956	 3.2077651429118936	
5178	 0.009899960360816635	 3.1909603469543555	
5179	 0.009870096739548096	 3.1749337204719623	
5180	 0.00984562564828826	 3.161825124586487	
5181	 0.00985491340262656	 3.166797804705653	
5182	 0.010013018710831267	 3.2519262975470995	
5183	 0.010018929722342636	 3.255126457355401	
5184	 0.009985284310847534	 3.2369280020024327	
5185	 0.00996181972589348	 3.2242604171102944	
5186	 0.009978251400076521	 3.233129131583866	
5187	 0.009972742022275225	 3.2301544535194444	
5188	 0.009916200800851937	 3.199689495130453	
5189	 0.009856947868484917	 3.167887478639687	
5190	 0.009800528203660832	 3.137724334683536	
5191	 0.009747320261393773	 3.1093841035881162	
5192	 0.009707497620849336	 3.088240654557466	
5193	 0.009667413360654778	 3.067016616552554	
5194	 0.009638394674335297	 3.0516881950430204	
5195	 0.009619029059804312	 3.0414758740222996	
5196	 0.00960750967808946	 3.0354077054652695	
5197	 0.009597574803451763	 3.030178115939849	
5198	 0.009587485605318706	 3.0248709846991706	
5199	 0.009575691577854146	 3.018671795767231	
5200	 0.00954176687690158	 3.0008686335991888	
5201	 0.009505079028002471	 2.981662852781063	
5202	 0.009468560053327092	 2.9625944929027783	
5203	 0.009435999483424619	 2.9456343024145473	
5204	 0.009411118972091945	 2.9327007752178624	
5205	 0.009389524570966147	 2.9214939133135234	
5206	 0.009372407029425982	 2.912622609016121	
5207	 0.009362313128716365	 2.907396422588676	
5208	 0.009360430614586322	 2.906422153387603	
5209	 0.009365241648318727	 2.9089122971075323	
5210	 0.009374103359480648	 2.9135012640097733	
5211	 0.00938383992153139	 2.918546600981916	
5212	 0.009491196236467818	 2.974408196677547	
5213	 0.009501617328479855	 2.9798532294266478	
5214	 0.009567398327824267	 3.01431573580788	
5215	 0.009601450447709662	 3.0322177758490003	
5216	 0.009655575907501674	 3.060760057575563	
5217	 0.009712125151861843	 3.0906946340575536	
5218	 0.00972275749043554	 3.096335916034749	
5219	 0.009723119326557056	 3.0965279706170183	
5220	 0.009695497628951397	 3.081880692393803	
5221	 0.009666212292794936	 3.0663815720665752	
5222	 0.009657091039967335	 3.0615605793914304	
5223	 0.009768683934937922	 3.12075071245712	
5224	 0.009744199645700042	 3.1077251592084663	
5225	 0.009720528699411563	 3.0951530282980784	
5226	 0.009698770312310128	 3.083614685296718	
5227	 0.009679645389937144	 3.0734870921900526	
5228	 0.009663578080976898	 3.0649889609527805	
5229	 0.009652374001887865	 3.059068602888409	
5230	 0.009645928195966103	 3.0556646435866766	
5231	 0.009642391684065811	 3.0537976945758025	
5232	 0.009639980567956256	 3.052525111431047	
5233	 0.009636895427025309	 3.050897088528803	
5234	 0.009635847055185835	 3.0503439438238003	
5235	 0.009636302548782187	 3.0505842676233685	
5236	 0.009642985128842258	 3.0541109462959244	
5237	 0.009645838449922527	 3.055617260387571	
5238	 0.009643045780293718	 3.054142962082132	
5239	 0.009637564432070743	 3.051250091697978	
5240	 0.00962907139653776	 3.0467699206272516	
5241	 0.009624229177248811	 3.0442167746488047	
5242	 0.009618118653942104	 3.0409961149098357	
5243	 0.009602614376202485	 3.0328304310748377	
5244	 0.009580545096724107	 3.0212222914019327	
5245	 0.00955884783808325	 3.009827194618831	
5246	 0.009537163773414766	 2.9984562419050453	
5247	 0.009515151530158607	 2.986930810528118	
5248	 0.009498127723953309	 2.9780294633760636	
5249	 0.009484594165092067	 2.9709606681903926	
5250	 0.009477953402928807	 2.9674945493659566	
5251	 0.009484837125014233	 2.9710875108230526	
5252	 0.009507520707830425	 2.9829395192508046	
5253	 0.009542368240732372	 3.0011838533049615	
5254	 0.009596207425172495	 3.0294586281094977	
5255	 0.009691601667262933	 3.079816971471877	
5256	 0.00986980723684064	 3.1747785137997857	
5257	 0.010101743123921156	 3.3000930263320662	
5258	 0.010340138054586364	 3.4309117181528714	
5259	 0.01055234268512898	 3.5490636801372966	
5260	 0.01059041041771655	 3.5704281629355124	
5261	 0.01061193456497921	 3.582530695771492	
5262	 0.010675636713036257	 3.618444858290165	
5263	 0.01081964971384495	 3.7001640763984134	
5264	 0.011024838758650858	 3.8178546656267485	
5265	 0.011290737652684416	 3.9725512484254857	
5266	 0.011631632685633657	 4.174458166308389	
5267	 0.012022500528683646	 4.410863883870325	
5268	 0.012396617387814201	 4.641991169538957	
5269	 0.0127676496884177	 4.875852713839058	
5270	 0.013038843933622405	 5.049683126144167	
5271	 0.01310612938881115	 5.09318830488811	
5272	 0.013027697280139444	 5.042490383802387	
5273	 0.013027626640080402	 5.04244481407417	
5274	 0.013037263509253815	 5.048663056182343	
5275	 0.012984673979207837	 5.014766671682413	
5276	 0.012904164794070739	 4.963051886726634	
5277	 0.012827609715694514	 4.914076099953071	
5278	 0.012769923286159198	 4.877299911248852	
5279	 0.012726689088174477	 4.849809784086976	
5280	 0.012697354111213048	 4.831192776503406	
5281	 0.01267514918882649	 4.817119803343777	
5282	 0.01265337851490005	 4.80333799438302	
5283	 0.012628540889104638	 4.787633962815841	
5284	 0.012604525393857886	 4.772469304877939	
5285	 0.012575792559764947	 4.754351163211644	
5286	 0.012542695030799942	 4.733514943206319	
5287	 0.012503596897332063	 4.708948289077494	
5288	 0.012461912105750475	 4.68281270119915	
5289	 0.012417738483532365	 4.655180198979303	
5290	 0.012370298646070662	 4.625577432958138	
5291	 0.012323373514213259	 4.596370207979062	
5292	 0.012277476204289024	 4.5678743558579145	
5293	 0.012233704734049377	 4.540764431401121	
5294	 0.012192449394554817	 4.515272000628101	
5295	 0.012147854626418179	 4.487780680889489	
5296	 0.012104362019080342	 4.461033536712061	
5297	 0.01206262923478542	 4.435428812467769	
5298	 0.012023217643082347	 4.411302388999976	
5299	 0.011987276514119368	 4.3893463760612335	
5300	 0.011963375902927384	 4.374770042766321	
5301	 0.011954751464469103	 4.369514994910767	
5302	 0.011960428643671793	 4.372973932876716	
5303	 0.011972625022176296	 4.380408528753868	
5304	 0.011985734950247323	 4.388405633081569	
5305	 0.01200116768706153	 4.397827134659732	
5306	 0.011998533622731794	 4.396218497851416	
5307	 0.011990149487395407	 4.3910998299894874	
5308	 0.011980408216966195	 4.385155602477054	
5309	 0.01206227648950128	 4.435212640504571	
5310	 0.01221076875149052	 4.52658478086843	
5311	 0.012321258145096268	 4.5950552997369725	
5312	 0.012344570098774021	 4.609554259997278	
5313	 0.012346401720188808	 4.6106942181319726	
5314	 0.012330789125864768	 4.600980922306419	
5315	 0.012326605752718985	 4.598379650118088	
5316	 0.012311817530981463	 4.589188871825626	
5317	 0.012308231303579574	 4.586961164337385	
5318	 0.012348873889440079	 4.612233016979059	
5319	 0.012378804435350155	 4.630879542071232	
5320	 0.012348933152701306	 4.612269907847251	
5321	 0.012323526088220241	 4.596465053425071	
5322	 0.012331072581790361	 4.601157199926871	
5323	 0.012329257170467654	 4.600028265562075	
5324	 0.012304511390276043	 4.58465087046606	
5325	 0.012271694474752137	 4.564289733672036	
5326	 0.012245206631535638	 4.547881895566078	
5327	 0.012221488821497704	 4.533210012768536	
5328	 0.012198330614926863	 4.518902605436321	
5329	 0.012174358392994166	 4.504111352200451	
5330	 0.012149488936498611	 4.488786997688927	
5331	 0.012122261996544625	 4.472033945104359	
5332	 0.012095042288710493	 4.455310398998626	
5333	 0.012069739433691913	 4.439787035486106	
5334	 0.012044330829197853	 4.4242206107197	
5335	 0.012015987049620704	 4.406881783699912	
5336	 0.011983968925316842	 4.387328011344985	
5337	 0.011952638783885094	 4.3682280804276905	
5338	 0.011925153309498502	 4.351499449728508	
5339	 0.011898606588282788	 4.335366560997938	
5340	 0.011868771800363356	 4.317264076523729	
5341	 0.011835535642670862	 4.297133477708995	
5342	 0.011795240398622633	 4.272777804767364	
5343	 0.011751013440967375	 4.246109466391951	
5344	 0.011710900099168765	 4.22197938329532	
5345	 0.011668384713792355	 4.196464439555904	
5346	 0.011624565141717124	 4.170231589911276	
5347	 0.01197213921643343	 4.380112297583072	
5348	 0.011925489720927513	 4.351704046387322	
5349	 0.01187026397253182	 4.318168743462026	
5350	 0.011858786094015025	 4.311211942327546	
5351	 0.011911214999121454	 4.343025915575572	
5352	 0.011873822312678754	 4.3203263827185445	
5353	 0.011840509554693726	 4.300143700266899	
5354	 0.012007826607216587	 4.4018948215790585	
5355	 0.012181789069086612	 4.508694126399179	
5356	 0.012169608532548903	 4.501182913421616	
5357	 0.012134064694807257	 4.479293205745432	
5358	 0.012059396137443251	 4.433447639650421	
5359	 0.011832049543588219	 4.295024185447965	
5360	 0.011656922924811375	 4.189596416801902	
5361	 0.011643056460576583	 4.181293503781022	
5362	 0.0116428107085946	 4.181146412688629	
5363	 0.011609342652465259	 4.161133960460543	
5364	 0.011519477877003826	 4.107588912915017	
5365	 0.011412929714264448	 4.04446317711991	
5366	 0.01130955193925648	 3.9835901233695075	
5367	 0.011213095635617615	 3.9271262048153086	
5368	 0.011122845310461543	 3.874587533971674	
5369	 0.011056734211105559	 3.836281177811787	
5370	 0.01099955538658415	 3.803273283594943	
5371	 0.010958079983131265	 3.7794020236746624	
5372	 0.010924170245862353	 3.759929894586531	
5373	 0.010900627222342224	 3.7464343597798764	
5374	 0.010876928749569486	 3.732869327456618	
5375	 0.010850224276009518	 3.7176072514369034	
5376	 0.010819003721820339	 3.6997958838082083	
5377	 0.010785478866564112	 3.680708026213207	
5378	 0.010751134118230676	 3.6611943257735833	
5379	 0.010716519804756621	 3.6415694701090118	
5380	 0.010686243419726323	 3.6244386448238437	
5381	 0.010652340309979946	 3.60529413330914	
5382	 0.010615061524911111	 3.584290276011893	
5383	 0.01057449149612173	 3.56148786054238	
5384	 0.010532664726320431	 3.5380400760913293	
5385	 0.010477940189515672	 3.507455526452364	
5386	 0.010411360836604745	 3.4703888984815316	
5387	 0.010343529211871143	 3.4327872626044837	
5388	 0.010278896912560648	 3.3971117392326016	
5389	 0.010215573758702162	 3.3623035641679255	
5390	 0.010153833341530227	 3.3285036131484915	
5391	 0.01009338915993454	 3.295545748764204	
5392	 0.010034896054243998	 3.2637767546750536	
5393	 0.00998364483542973	 3.2360422696796105	
5394	 0.009944829163266262	 3.2151003022361446	
5395	 0.00991724122377192	 3.2002490418732092	
5396	 0.009896729652326852	 3.1892249963632513	
5397	 0.009882146605937042	 3.181396523365685	
5398	 0.009869152930482185	 3.1744277416900264	
5399	 0.009852533173498617	 3.165523127936236	
5400	 0.009826070819670348	 3.1513656562786205	
5401	 0.009796021048996531	 3.1353196954441707	
5402	 0.00976750708902279	 3.120124136201144	
5403	 0.009739054789391615	 3.1049908855171053	
5404	 0.0097074360693428	 3.0882080190506125	
5405	 0.009675651309252787	 3.0713737112376145	
5406	 0.009644402923234876	 3.054859385624096	
5407	 0.009614065262527605	 3.038860455409607	
5408	 0.009586307834070096	 3.0242516947311793	
5409	 0.0095640629986822	 3.0125645514844206	
5410	 0.009542292510913895	 3.0011441569211685	
5411	 0.009519100667037858	 2.9889972394237145	
5412	 0.009495171113401528	 2.97648460457946	
5413	 0.009469223116945908	 2.9629402748851406	
5414	 0.009442045988036192	 2.9487808681257057	
5415	 0.009418254633928851	 2.936407746659427	
5416	 0.009394132289395908	 2.923883743792164	
5417	 0.009369609812932892	 2.91117395492844	
5418	 0.009344975099502495	 2.8984283040089265	
5419	 0.009322191836301256	 2.8866604868685504	
5420	 0.009305675366443389	 2.8781415178463354	
5421	 0.009297467445566716	 2.8739117314262685	
5422	 0.009291518103144816	 2.8708474134801847	
5423	 0.009282473612500097	 2.8661913880664076	
5424	 0.00926971684731264	 2.859629455689578	
5425	 0.009255363205265103	 2.8522533030058055	
5426	 0.009239290843955831	 2.8440029686396366	
5427	 0.009223429401663178	 2.8358702791670174	
5428	 0.009200534550114806	 2.8241477607356567	
5429	 0.009181789569196899	 2.8145645067323484	
5430	 0.009168850331557789	 2.807957005945579	
5431	 0.009173831939491527	 2.8105001590453207	
5432	 0.009219609187111892	 2.833912920240319	
5433	 0.00927058369598878	 2.8600751620898808	
5434	 0.009314391580807326	 2.882635966862169	
5435	 0.00928138879578221	 2.8656331368685244	
5436	 0.00923034746294354	 2.8394162539773156	
5437	 0.009173533497415903	 2.8103477759025406	
5438	 0.00911054490072838	 2.7782601051881683	
5439	 0.009042833583993583	 2.743931163821016	
5440	 0.008970590300706242	 2.7074930577035716	
5441	 0.0089107241423763	 2.6774455420390852	
5442	 0.008860494569302844	 2.6523383255894113	
5443	 0.008819106733714761	 2.6317218065840122	
5444	 0.008792883063383222	 2.6186923353488827	
5445	 0.008779140203319848	 2.6118744028898413	
5446	 0.00877216118798766	 2.608414785275475	
5447	 0.00876875588585193	 2.6067273844877965	
5448	 0.008767485184425846	 2.6060978363808287	
5449	 0.008766355815105842	 2.6055383599933397	
5450	 0.008765344749090931	 2.605037530446384	
5451	 0.008762967630596467	 2.6038601812257807	
5452	 0.008761469749595	 2.603118413781313	
5453	 0.008759162093523358	 2.6019758021016637	
5454	 0.00875650259785309	 2.6006592296320434	
5455	 0.008752567177424021	 2.598711504875966	
5456	 0.008745533703519924	 2.595231940395175	
5457	 0.008737918008067991	 2.591466445312856	
5458	 0.008722016057844692	 2.583610957190376	
5459	 0.008700732905479524	 2.5731121139818187	
5460	 0.008677321698191505	 2.5615832737728477	
5461	 0.008651357674319892	 2.548821530369025	
5462	 0.008622642766258869	 2.5347373880926565	
5463	 0.008594693990786108	 2.521059014578858	
5464	 0.008561885402402046	 2.5050400039559175	
5465	 0.008532046134142721	 2.4905062715285116	
5466	 0.008507749035941375	 2.4786969479295213	
5467	 0.008493249182346249	 2.4716601628451804	
5468	 0.008498007415992203	 2.473968453509551	
5469	 0.008536157574047262	 2.4925068099247154	
5470	 0.00861904889426542	 2.5329768574568425	
5471	 0.00870522794445483	 2.575328063500945	
5472	 0.008773505082638518	 2.609080834308278	
5473	 0.00882372161411042	 2.634017428285484	
5474	 0.008858074468298303	 2.651131029884962	
5475	 0.008876793826289996	 2.6604751262955153	
5476	 0.00887675336486899	 2.6604549150866204	
5477	 0.008874483121602463	 2.659320986067913	
5478	 0.008872648937250564	 2.6584049986570286	
5479	 0.008869967913622953	 2.6570663287802656	
5480	 0.008865808247698342	 2.6549898875134463	
5481	 0.008877643538948222	 2.6608995872677337	
5482	 0.008899640031984795	 2.6718970227124905	
5483	 0.008922942572270219	 2.6835672164145663	
5484	 0.008945886462006399	 2.69507766236325	
5485	 0.00896438213479165	 2.7043708758934955	
5486	 0.00897688284738929	 2.7106591462214493	
5487	 0.008981777310938339	 2.7131228138613777	
5488	 0.008974714131393995	 2.709567791807795	
5489	 0.008964547050644183	 2.7044537959722397	
5490	 0.008956020313026001	 2.7001678653881025	
5491	 0.00895241999821605	 2.6983589980407316	
5492	 0.008952336860085213	 2.6983172335738765	
5493	 0.008955425882965122	 2.699869178884162	
5494	 0.0089658599812109	 2.705113976826514	
5495	 0.008990543222347444	 2.717537443189759	
5496	 0.00903105214706621	 2.737975543392405	
5497	 0.009077777840840894	 2.7616262241558447	
5498	 0.009125038543650621	 2.785630403333309	
5499	 0.009173585876851291	 2.8103745203607438	
5500	 0.009222589883082211	 2.835440089654426	
5501	 0.00926213706166839	 2.8557333514577903	
5502	 0.009299548094260625	 2.87498371630922	
5503	 0.009336726654140282	 2.8941656757913723	
5504	 0.00937018460628976	 2.9114716118747994	
5505	 0.009413734434636917	 2.9340592887655847	
5506	 0.009462882228334387	 2.959634216916009	
5507	 0.009529929947879778	 2.9946667112098715	
5508	 0.0096131791458392	 3.0383936563052636	
5509	 0.009710635414070527	 3.089904541071817	
5510	 0.009787570721948115	 3.1308132981242913	
5511	 0.00985539480323574	 3.167055632646096	
5512	 0.009912562590896987	 3.197733148028166	
5513	 0.009948250599975887	 3.2169440616892486	
5514	 0.010783053903292473	 3.6793288705075926	
5515	 0.013717384549527468	 5.4952126620077655	
5516	 0.01522835741288183	 6.540647589876735	
5517	 0.01534486662699141	 6.624262154387526	
5518	 0.015236137767391635	 6.54621803340634	
5519	 0.015156866317569273	 6.489551474014796	
5520	 0.014905626300924844	 6.311259381597606	
5521	 0.014665820921702983	 6.14294005577207	
5522	 0.014459269838856446	 5.9994244068269085	
5523	 0.014293064258886547	 5.884928964159306	
5524	 0.014150134147381276	 5.78717448174602	
5525	 0.014010573791747385	 5.692357720096518	
5526	 0.01386283373087134	 5.592667566508523	
5527	 0.01371385858467193	 5.492858682349032	
5528	 0.013565468540289359	 5.394157779570413	
5529	 0.013372166645347175	 5.266659988210142	
5530	 0.013277173513774115	 5.204452303003761	
5531	 0.013253576086663981	 5.189045043831068	
5532	 0.013219225556080407	 5.166649526793195	
5533	 0.013140238466100967	 5.115299411840645	
5534	 0.013018355301152107	 5.036465325879678	
5535	 0.01287093835857699	 4.94177155462209	
5536	 0.01276292345259978	 4.872844905470357	
5537	 0.012652546854161912	 4.802811829230568	
5538	 0.012559753394578328	 4.744249294904943	
5539	 0.012488901141585233	 4.6997276837946975	
5540	 0.012472078540387647	 4.689181501019601	
5541	 0.012464041699271467	 4.684146506096448	
5542	 0.012456797598146068	 4.679610008555861	
5543	 0.012441702529160492	 4.670162623411074	
5544	 0.012409677326717784	 4.650144658244024	
5545	 0.01236024088364783	 4.619311032220235	
5546	 0.012298234374280554	 4.580753514979542	
5547	 0.012227673962804287	 4.537034325096545	
5548	 0.012159499615054501	 4.494952983297547	
5549	 0.012091636994513825	 4.453219980681227	
5550	 0.012023532329298998	 4.4114948205951725	
5551	 0.011960090856586485	 4.372768098529538	
5552	 0.01190698414026028	 4.340455151519858	
5553	 0.011847240330503644	 4.304218523091813	
5554	 0.011782593474317793	 4.265145039313345	
5555	 0.01171008172232947	 4.221487663383518	
5556	 0.011647300880991465	 4.183834263307111	
5557	 0.01159015336818705	 4.149676926516557	
5558	 0.011535290760101936	 4.116990748062525	
5559	 0.011482413603543847	 4.085585390155209	
5560	 0.011432773270833772	 4.0561900869559135	
5561	 0.011385909568088142	 4.028516976265968	
5562	 0.011340900547842835	 4.002010445770761	
5563	 0.011299198318696376	 3.977513844750139	
5564	 0.011274540192265274	 3.9630575570437125	
5565	 0.011257723830585445	 3.953210729801464	
5566	 0.01124440528650539	 3.9454190058923944	
5567	 0.01122797493674552	 3.9358152617073103	
5568	 0.011208093395951718	 3.9242067753380003	
5569	 0.011185352998109795	 3.9109458732891977	
5570	 0.011160449901577343	 3.896444413979636	
5571	 0.01113396969275051	 3.8810482250972855	
5572	 0.011103935518235488	 3.8636152040644802	
5573	 0.011071363507466864	 3.8447446236332463	
5574	 0.011036584989176548	 3.8246365222912235	
5575	 0.011000791783667847	 3.803985817271257	
5576	 0.010967575505454845	 3.7848618854383296	
5577	 0.010932081271026373	 3.7644690768077993	
5578	 0.01088879628058395	 3.739659855231088	
5579	 0.010838539349053555	 3.71093697865664	
5580	 0.01078959937853186	 3.6830519698589645	
5581	 0.010739887664073678	 3.654813433839448	
5582	 0.010686287348544527	 3.6244634769870654	
5583	 0.010629854369026099	 3.5926190820965425	
5584	 0.010569908157289771	 3.5589154520379993	
5585	 0.010509642393910144	 3.5251603704360335	
5586	 0.01045015238810792	 3.49196611235915	
5587	 0.010393516468685776	 3.4604812102915	
5588	 0.010354677663832506	 3.438956016507304	
5589	 0.010325184325965625	 3.4226461633457657	
5590	 0.010296530545413454	 3.40683030311588	
5591	 0.010266342830082455	 3.3901994773954067	
5592	 0.010233191473461375	 3.3719734650377466	
5593	 0.010195945268594124	 3.351543087840569	
5594	 0.010155488629816885	 3.329408022391046	
5595	 0.010113084657701226	 3.306270528168	
5596	 0.010072922407094589	 3.2844157706431663	
5597	 0.010032816034102924	 3.262649313612425	
5598	 0.009993065113197712	 3.2411329295567923	
5599	 0.00995475379397509	 3.2204496980739052	
5600	 0.009921374236422942	 3.2024721915709358	
5601	 0.009882505558663318	 3.1815891240268663	
5602	 0.009834499865133586	 3.1558724762168437	
5603	 0.009775505399463506	 3.124383587534945	
5604	 0.009710056411780956	 3.0895974849130523	
5605	 0.009643540447614498	 3.0544040847232443	
5606	 0.009583640201570284	 3.0228492006935346	
5607	 0.00952844753168217	 2.993890365480504	
5608	 0.009477157155405607	 2.967079059875833	
5609	 0.009426513328214627	 2.940700470827917	
5610	 0.009376554122305113	 2.914770882828706	
5611	 0.009329383067017128	 2.890372771717726	
5612	 0.00929256232324792	 2.8713851635817846	
5613	 0.009259826048911733	 2.85454588481269	
5614	 0.009228140170953646	 2.8382846748429573	
5615	 0.009196616749686266	 2.8221437328404115	
5616	 0.009163717631816828	 2.8053376825177647	
5617	 0.009130874378824849	 2.788600243794315	
5618	 0.009101151286294941	 2.773487442687938	
5619	 0.009073842784789713	 2.7596313189672848	
5620	 0.009048337360666752	 2.746715145162987	
5621	 0.00902182776136913	 2.733316148577886	
5622	 0.008994316831468794	 2.719438766712395	
5623	 0.008966737445471027	 2.7055552280975	
5624	 0.00893962832968571	 2.6919361403795206	
5625	 0.00891786441285508	 2.6810222792777822	
5626	 0.008881771828445434	 2.662962196643162	
5627	 0.00884142907612645	 2.6428332392155607	
5628	 0.008802704025186117	 2.6235689404873503	
5629	 0.008751885708889955	 2.598374290638889	
5630	 0.008696887241208737	 2.5712168967496036	
5631	 0.008641958062997019	 2.5442077547266613	
5632	 0.008592724416595594	 2.520096204758928	
5633	 0.008541011256461964	 2.494869334510338	
5634	 0.008491100890169988	 2.4706182764460314	
5635	 0.008450453567282166	 2.4509381254629066	
5636	 0.008423211357366475	 2.4377835660333553	
5637	 0.008400120483943459	 2.4266557636358392	
5638	 0.00837364329936556	 2.413921128339655	
5639	 0.00834856604872221	 2.4018845405151636	
5640	 0.00833230306074212	 2.3940914956620327	
5641	 0.00832160100415494	 2.388968716010368	
5642	 0.008313047809218752	 2.3848776936110854	
5643	 0.008305611319707265	 2.3813230749197176	
5644	 0.008291164643739544	 2.3744236725349763	
5645	 0.008278424336531498	 2.3683458392726733	
5646	 0.008267015737308165	 2.3629085939044807	
5647	 0.008256575163731308	 2.3579370832452318	
5648	 0.008245890490858282	 2.3528536766407737	
5649	 0.008236585565569771	 2.348430283012167	
5650	 0.008234400055925496	 2.3473918140533057	
5651	 0.008245360388028236	 2.352601585883872	
5652	 0.008274268193798466	 2.3663644767137244	
5653	 0.008325575851935706	 2.3908708537550707	
5654	 0.008369548896687964	 2.411954251678571	
5655	 0.0084038765037867	 2.428464453095136	
5656	 0.008418183812595409	 2.43535899047241	
5657	 0.008424385000917894	 2.438349704394237	
5658	 0.008401895577378637	 2.4275104823541254	
5659	 0.008369775718847911	 2.4120631961433916	
5660	 0.008685743715075417	 2.5657283078495956	
5661	 0.00885212705614569	 2.648165027905384	
5662	 0.008894029370773349	 2.6690901753951124	
5663	 0.008905095783623319	 2.674627504893465	
5664	 0.008899800542423621	 2.67197733868414	
5665	 0.00888678571157757	 2.665468133101454	
5666	 0.008875763038985678	 2.659960248610706	
5667	 0.008868540390295148	 2.6563536579041553	
5668	 0.008848676038580089	 2.646444598393984	
5669	 0.008836364524238926	 2.6403106058828216	
5670	 0.008826029720000825	 2.635165870611605	
5671	 0.008816786501577962	 2.630567934999186	
5672	 0.008808562896565373	 2.626479895065618	
5673	 0.008810765814530587	 2.627574739202097	
5674	 0.00881999950939604	 2.632165845604749	
5675	 0.008825888157222569	 2.6350954275737557	
5676	 0.008828320555292505	 2.6363059176163337	
5677	 0.008814900717555535	 2.6296302673467893	
5678	 0.008785773023681075	 2.6151641054984496	
5679	 0.008756713948212189	 2.600763848014804	
5680	 0.008731801065069383	 2.5884435754830233	
5681	 0.008708897529101256	 2.5771376489244506	
5682	 0.008687961851838	 2.5668204462848387	
5683	 0.008669939572048898	 2.5579522440347304	
5684	 0.008659063399998735	 2.552606360242179	
5685	 0.008652860827091042	 2.5495596592226546	
5686	 0.008688381166244784	 2.567026923961757	
5687	 0.008695049828219439	 2.5703115815346043	
5688	 0.008686000604060433	 2.565854782115998	
5689	 0.008674000597136437	 2.559949476344117	
5690	 0.008663493593328808	 2.5547833601509375	
5691	 0.00865246054335866	 2.5493630900301647	
5692	 0.008642426404757972	 2.5444375599506532	
5693	 0.008633850476415876	 2.5402308525023374	
5694	 0.008628248879311908	 2.5374846323976303	
5695	 0.008622605338963038	 2.5347190510562077	
5696	 0.008616719565003764	 2.53183604991562	
5697	 0.008608319374362105	 2.527723697291516	
5698	 0.0085449297666036	 2.4967773181361546	
5699	 0.00842163335199988	 2.4370224558186964	
5700	 0.008323835642901926	 2.3900380134322483	
5701	 0.008314551160890138	 2.385596548690886	
5702	 0.00832744831875687	 2.3917671204797113	
5703	 0.008329428674818123	 2.392715175191937	
5704	 0.008305662632767807	 2.381347595135037	
5705	 0.008286798437012704	 2.372340047953131	
5706	 0.008286344585670784	 2.3721235047235045	
5707	 0.00831530086561875	 2.3859550660926456	
5708	 0.00833567938991777	 2.395708562128165	
5709	 0.00833577342231727	 2.395753604461877	
5710	 0.008337377693167376	 2.3965221162795722	
5711	 0.008349094869764786	 2.402138115779443	
5712	 0.008366218426213124	 2.4103548271923834	
5713	 0.008378296784438723	 2.4161573566005425	
5714	 0.008379565351488079	 2.416767109071614	
5715	 0.008375611164579558	 2.4148666832102568	
5716	 0.008368182552754639	 2.411298027597412	
5717	 0.008356206460070341	 2.4055492384358055	
5718	 0.00834056076993175	 2.3980472330273943	
5719	 0.008322360285267883	 2.389332018294798	
5720	 0.008302655470502799	 2.3799107773364243	
5721	 0.00827676297462305	 2.3675537367770376	
5722	 0.008244394717262652	 2.352142388271258	
5723	 0.008208418956688746	 2.3350606881226086	
5724	 0.008169763862768058	 2.316762355408784	
5725	 0.008130924833918406	 2.2984349927578	
5726	 0.00809380327779791	 2.2809725320697805	
5727	 0.00805868629544876	 2.2645021189216923	
5728	 0.008025987702453339	 2.2492089233785872	
5729	 0.007997069285503956	 2.235718286646277	
5730	 0.00797023371897134	 2.223228371121469	
5731	 0.007945282489359013	 2.211640594007612	
5732	 0.007923308069648608	 2.201455367587793	
5733	 0.007908556567485174	 2.1946285440206865	
5734	 0.007895885754161598	 2.188771412179548	
5735	 0.007883917991262967	 2.183245019176557	
5736	 0.007873773192439246	 2.1785647996639446	
5737	 0.007866159826768002	 2.1750550753355933	
5738	 0.007859311105982585	 2.171899782788114	
5739	 0.0078514009070767	 2.1682577343927454	
5740	 0.00784177812301388	 2.1638304669862305	
5741	 0.00783056399644292	 2.158675619964806	
5742	 0.007817227462924698	 2.152551560732647	
5743	 0.007802973035960912	 2.146013706708302	
5744	 0.0077917200063843915	 2.140858076739204	
5745	 0.007778022465633298	 2.1345891777039596	
5746	 0.0077548636962135025	 2.124006929353453	
5747	 0.0077318179096595675	 2.1134972012690754	
5748	 0.007709546517830527	 2.103360448816684	
5749	 0.00769007862256973	 2.09451567342725	
5750	 0.007672416699751422	 2.0865043019326643	
5751	 0.00765593187848916	 2.0790379429016705	
5752	 0.007641203908294331	 2.0723763611299577	
5753	 0.0076272729209223055	 2.0660831336778025	
5754	 0.007614213982142591	 2.060190802260372	
5755	 0.00760308893109292	 2.0551763727793846	
5756	 0.0075944640390362365	 2.0512922122186334	
5757	 0.00759145887401992	 2.0499395474302804	
5758	 0.007592959373341892	 2.050614897541224	
5759	 0.007597007014393336	 2.0524371180618664	
5760	 0.007603640502904605	 2.0554248693175228	
5761	 0.007613951997541659	 2.0600726609183804	
5762	 0.00762893465368224	 2.0668334078125765	
5763	 0.007642316916980403	 2.0728794853556485	
5764	 0.007650970341268403	 2.0767928437571395	
5765	 0.00765722537096471	 2.0796234086176533	
5766	 0.007659503361220774	 2.0806546419511758	
5767	 0.00765644027270911	 2.079268046453177	
5768	 0.007651945709518657	 2.0772341219629684	
5769	 0.007647185257874289	 2.075080743334638	
5770	 0.007643801589910183	 2.0735506926565006	
5771	 0.007638471757307625	 2.0711415272979044	
5772	 0.007631607523572082	 2.068040440026428	
5773	 0.007623053338040424	 2.0641784771146137	
5774	 0.007613962342162279	 2.0600773257494223	
5775	 0.007602790277127571	 2.0550418269077193	
5776	 0.00759259591043873	 2.050451300689028	
5777	 0.00758321222166971	 2.046229453200343	
5778	 0.007574759069905566	 2.042429247412723	
5779	 0.007567266083054762	 2.0390630570229513	
5780	 0.007559524403086134	 2.0355874755658876	
5781	 0.007552836351362335	 2.03258682404388	
5782	 0.007547946795627109	 2.0303942036613822	
5783	 0.007545028827252558	 2.029086152007801	
5784	 0.007543130907663795	 2.02823554349679	
5785	 0.0075412581738429	 2.0273963625699407	
5786	 0.007538677037946261	 2.026239970989134	
5787	 0.007534355897915185	 2.024304619557219	
5788	 0.007507184634596343	 2.0121521168992347	
5789	 0.00749230201669397	 2.00550819303689	
5790	 0.0074884391347481	 2.003785155646691	
5791	 0.007491063713901489	 2.004955783917448	
5792	 0.007498164632520056	 2.0081243428031152	
5793	 0.007505336702519328	 2.0113266819950475	
5794	 0.007507580887411879	 2.0123291328754194	
5795	 0.007498762724859077	 2.008391313850394	
5796	 0.007481351937958953	 2.000625454206502	
5797	 0.007459774053465532	 1.9910176211230013	
5798	 0.0074359010442342265	 1.9804094222628115	
5799	 0.007409633119843308	 1.9687632289811563	
5800	 0.007383072022553752	 1.9570150083234548	
5801	 0.007358335584009495	 1.9460991598929318	
5802	 0.007333867092734696	 1.9353255936111557	
5803	 0.007310067901087943	 1.9248696854727172	
5804	 0.00729047443486675	 1.9162785288637727	
5805	 0.007285818886293157	 1.9142394689178563	
5806	 0.0072871748440364904	 1.9148332682996965	
5807	 0.007291916578942301	 1.9169103423279001	
5808	 0.007299458363375821	 1.9202158080343326	
5809	 0.007308340325996184	 1.9241115769291093	
5810	 0.007318650108796512	 1.9286375700891423	
5811	 0.0073316212260088765	 1.934337929211994	
5812	 0.00734747381327779	 1.9413137297775145	
5813	 0.007361393116790897	 1.9474470838497004	
5814	 0.007372396580584409	 1.9523010877537588	
5815	 0.007384184303152225	 1.9575064160390514	
5816	 0.007401275347079679	 1.9650634757936871	
5817	 0.007409834644382287	 1.9688524726482801	
5818	 0.007414736031426284	 1.9710235142575732	
5819	 0.007421210917805132	 1.9738929955450748	
5820	 0.007430235550620483	 1.977895235329123	
5821	 0.007437817756138904	 1.9812602943654165	
5822	 0.007441983431043141	 1.9831100365118002	
5823	 0.0074414346537048735	 1.982866315845381	
5824	 0.007445082978435285	 1.9844868193103018	
5825	 0.007447057379215786	 1.9853640243699677	
5826	 0.007450019270835855	 1.9866802517812066	
5827	 0.007453646272400838	 1.9882925209149882	
5828	 0.007456347610771671	 1.9894936555705633	
5829	 0.0074627699518014234	 1.9923504775904741	
5830	 0.007493311824904096	 2.0059587153679153	
5831	 0.007559029463549965	 2.0353653560515985	
5832	 0.0075710304131445935	 2.040753887639958	
5833	 0.007587642259071405	 2.048222152739254	
5834	 0.0075873230657421305	 2.0480785486924713	
5835	 0.007594064270811286	 2.051112250636663	
5836	 0.007605803114001648	 2.056399294229945	
5837	 0.00761588998208339	 2.0609466546279838	
5838	 0.007622436543387976	 2.0639001241040456	
5839	 0.007624016864746286	 2.0646133367426462	
5840	 0.007625877471155687	 2.065453170774508	
5841	 0.0076337757349825225	 2.06901978229826	
5842	 0.007647992240900794	 2.0754457172400285	
5843	 0.007657609562617008	 2.0797973156743295	
5844	 0.007659184832264965	 2.0805104333926145	
5845	 0.00764422815737069	 2.073743556049634	
5846	 0.0076185660506708965	 2.062153753770062	
5847	 0.007591123335825643	 2.049788539371631	
5848	 0.007568300744487225	 2.0395277418097573	
5849	 0.007547215314984858	 2.0300662676635763	
5850	 0.007526779937748204	 2.0209132855685037	
5851	 0.007505396728600485	 2.0113534923357634	
5852	 0.0074871537762094195	 2.003211953196938	
5853	 0.007477783870623776	 1.9990354493734102	
5854	 0.007473633886656108	 1.9971867665662604	
5855	 0.007470925909948911	 1.9959808199710833	
5856	 0.007467887670606299	 1.9946281439600746	
5857	 0.0074637972507388866	 1.9928075986184004	
5858	 0.007458466647443803	 1.9904360761741304	
5859	 0.007452146022548161	 1.9876255687245912	
5860	 0.007446201982963818	 1.9849839619653042	
5861	 0.007438654861578297	 1.98163195041732	
5862	 0.007429743605022945	 1.977676983975674	
5863	 0.007421921595506601	 1.9742080489173013	
5864	 0.007419420035368577	 1.973099161498915	
5865	 0.007416873220875785	 1.9719704698323415	
5866	 0.007413159366798771	 1.9703250351821462	
5867	 0.007405455813889147	 1.9669137040379348	
5868	 0.00739075479988305	 1.9604102808934127	
5869	 0.007368410256330381	 1.9505420255734895	
5870	 0.0073443004666742875	 1.9399165206706281	
5871	 0.007321116354450089	 1.9297208819514073	
5872	 0.0072950067131544545	 1.918264432360958	
5873	 0.007270457940780715	 1.9075177677312332	
5874	 0.007328912304072489	 1.933146895447011	
5875	 0.0073036933128387506	 1.922072929722423	
5876	 0.007296540286118893	 1.9189365826702593	
5877	 0.00730777045041201	 1.9238615256955407	
5878	 0.007330102513479248	 1.9336701595808803	
5879	 0.007354036240236083	 1.9442044108355976	
5880	 0.007375535475583354	 1.9536866475498114	
5881	 0.007392802170524061	 1.9613154787095997	
5882	 0.00740466221902013	 1.966562414190843	
5883	 0.007411159717686608	 1.9694393119606104	
5884	 0.007418403214611737	 1.972648498122983	
5885	 0.007431543110139847	 1.978475380114696	
5886	 0.007439206503646612	 1.9818768823730235	
5887	 0.007445630083622486	 1.984729876737297	
5888	 0.0074515863489682125	 1.9873767827450084	
5889	 0.007461562974861377	 1.9918134581693698	
5890	 0.007459219265458095	 1.9907708385556895	
5891	 0.007455267238692137	 1.9890132394880131	
5892	 0.007455059605156132	 1.9889209150492695	
5893	 0.00745743461908607	 1.9899770694674914	
5894	 0.007457786213541906	 1.9901334404664135	
5895	 0.00745395493800867	 1.9884297526287635	
5896	 0.00744562409183596	 1.9847272147565094	
5897	 0.007437641058923148	 1.9811818483263335	
5898	 0.007429008009018288	 1.9773506552457485	
5899	 0.00741850954443143	 1.972695622451313	
5900	 0.007414500748873094	 1.9709192753164342	
5901	 0.007421387974512274	 1.9739714853803394	
5902	 0.007424304775973558	 1.9752646929777764	
5903	 0.007424460398464324	 1.975333700058464	
5904	 0.007421662204980608	 1.9740930551357296	
5905	 0.007417466627463843	 1.97223343137982	
5906	 0.007417178961659005	 1.972105953717625	
5907	 0.007424031545936383	 1.975143537969321	
5908	 0.0074394538026343274	 1.9819866883443658	
5909	 0.007455534208653391	 1.9891319504406926	
5910	 0.007467408443507869	 1.9944148173691478	
5911	 0.007480760204989929	 2.0003617307427333	
5912	 0.0074939171205204574	 2.006228785251263	
5913	 0.007505816814402893	 2.0115411255016755	
5914	 0.007512642681245351	 2.014590909869537	
5915	 0.007532820060301904	 2.0236169270807727	
5916	 0.007533201937197478	 2.0237879089977424	
5917	 0.007530647120097219	 2.0226441228009184	
5918	 0.0075284170351678815	 2.021645929942198	
5919	 0.007526252382565065	 2.0206772133086783	
5920	 0.007519102044463492	 2.017478642840335	
5921	 0.007512629377127455	 2.014584963817375	
5922	 0.007506730083837528	 2.011949065454481	
5923	 0.007501017153112261	 2.0093977527381077	
5924	 0.007498259668977357	 2.00816676336846	
5925	 0.0075056583349784696	 2.0114703391493487	
5926	 0.007552740386710695	 2.0325437815692147	
5927	 0.0076241191277285235	 2.064659492302706	
5928	 0.007686913405227662	 2.0930790414496054	
5929	 0.007728896086422342	 2.1121662319755736	
5930	 0.007755841531816408	 2.1244533195098008	
5931	 0.007771291494247207	 2.1315113358805595	
5932	 0.007778990900349438	 2.1350321557805083	
5933	 0.007786082192998418	 2.1382769506645753	
5934	 0.007792977473457582	 2.141433945172703	
5935	 0.007806172670059783	 2.1474805401609727	
5936	 0.00782319360527944	 2.155290318592334	
5937	 0.007849111952830492	 2.167204300215473	
5938	 0.00787295010252707	 2.1781852501175765	
5939	 0.007878567420444562	 2.180776076650262	
5940	 0.00787496184588651	 2.179112967360138	
5941	 0.007888584050357157	 2.1853990158514813	
5942	 0.0079091452275958	 2.194900806584961	
5943	 0.00793019009397507	 2.204643189160167	
5944	 0.007939479868869337	 2.2089492303719727	
5945	 0.007939416763865571	 2.2089199682997114	
5946	 0.00793258742732209	 2.2057540909043927	
5947	 0.007918616571734767	 2.199283277225682	
5948	 0.007905081221483428	 2.1930214289514356	
5949	 0.007892816733778318	 2.1873536878245075	
5950	 0.007888147715339758	 2.185197554150597	
5951	 0.007889415643548978	 2.1857829940980085	
5952	 0.007887627025528691	 2.184957154438015	
5953	 0.00787350060037085	 2.178439096984695	
5954	 0.007847565804578245	 2.166492839875059	
5955	 0.007815775323949475	 2.1518851670789885	
5956	 0.007801799610210206	 2.145475864379664	
5957	 0.0077786013880115175	 2.1348539819666428	
5958	 0.007754368996485835	 2.1237811090709835	
5959	 0.00773393443824253	 2.1144615465782888	
5960	 0.007717809330671235	 2.107118966889946	
5961	 0.007702554201041094	 2.100181940256736	
5962	 0.007697548392163811	 2.0979076228661278	
5963	 0.007701343533029949	 2.0996318002621304	
5964	 0.007704799885884207	 2.1012025551861933	
5965	 0.007700112041396134	 2.099072256947675	
5966	 0.0076850295955888355	 2.0922242032417553	
5967	 0.007666295594162726	 2.0837306612209527	
5968	 0.007682018384482377	 2.090858061058471	
5969	 0.007701001763489968	 2.099476507103146	
5970	 0.007728626166783086	 2.112043293222055	
5971	 0.007767738089725102	 2.1298872026738795	
5972	 0.007785724824986215	 2.138113381004142	
5973	 0.007827140516982219	 2.15710291404476	
5974	 0.0078926210261782	 2.1872632937744294	
5975	 0.007957456969542483	 2.2172916045035604	
5976	 0.008015986078667325	 2.2445394262785987	
5977	 0.008066000224972667	 2.2679285291290285	
5978	 0.008101274267469101	 2.284482699947022	
5979	 0.00812448551716673	 2.2954020365145764	
5980	 0.008132160717706227	 2.299017284547522	
5981	 0.008134780217268888	 2.3002516677127436	
5982	 0.008142724938308902	 2.3039970683226803	
5983	 0.008154217041885792	 2.3094191327061835	
5984	 0.008164785566637616	 2.314409944243993	
5985	 0.008170861577980991	 2.3172811911272886	
5986	 0.008173871362643775	 2.318704005937961	
5987	 0.008132722889012909	 2.2992821734205355	
5988	 0.008067489561634205	 2.2686265035270528	
5989	 0.007997789628338886	 2.236053937108956	
5990	 0.007940578490335314	 2.20945869090251	
5991	 0.00790037555076685	 2.1908461215695705	
5992	 0.007884855199643813	 2.1836775952574228	
5993	 0.007952361576931301	 2.2149257817589003	
5994	 0.007907543783534563	 2.1941601505647514	
5995	 0.007926909688605363	 2.203123442888808	
5996	 0.008206233176849289	 2.334024460245654	
5997	 0.008559236694309543	 2.503748536952097	
5998	 0.008872257741960776	 2.6582096529684187	
5999	 0.008942261831331308	 2.6932579541624273	
6000	 0.008936754324462297	 2.6904939086430173	
6001	 0.008769142515016128	 2.606918945612204	
6002	 0.008597182174236705	 2.522275552487943	
6003	 0.0084330040052196	 2.4425089225437526	
6004	 0.008321225361388556	 2.3887889859092124	
6005	 0.008231768326015373	 2.346141562456858	
6006	 0.008160656422611183	 2.3124595111244237	
6007	 0.00810178394858145	 2.2847222470567425	
6008	 0.008049861388170973	 2.2603706089567552	
6009	 0.008003225262623067	 2.238587371415933	
6010	 0.007963953921101323	 2.220309644980464	
6011	 0.007926500899124373	 2.2029340882637474	
6012	 0.007882716338281965	 2.1826904367138154	
6013	 0.007841878389522852	 2.1638765791154406	
6014	 0.007807167679931055	 2.147936772088375	
6015	 0.0077775417694227866	 2.1343693129514807	
6016	 0.007760857103677719	 2.12674355991747	
6017	 0.007744897555080148	 2.119459442705994	
6018	 0.007729850776166781	 2.112601082015926	
6019	 0.007714610156267025	 2.1056634352087893	
6020	 0.00770073369277886	 2.0993547044149907	
6021	 0.00768834262148718	 2.093727686715557	
6022	 0.007678251127854837	 2.089149414790622	
6023	 0.007673274261146271	 2.0868930043614378	
6024	 0.007679341550816403	 2.089643920699023	
6025	 0.0076945487599214485	 2.096545255359704	
6026	 0.007695451889353056	 2.0969553997928454	
6027	 0.007659635421781659	 2.080714431292864	
6028	 0.0076167740529157115	 2.0613454027999643	
6029	 0.0075800690821436235	 2.044816090840811	
6030	 0.007550487325218051	 2.031533333592442	
6031	 0.007528609763385222	 2.0217321879030195	
6032	 0.007516013515272668	 2.0160976737532006	
6033	 0.007512134609388617	 2.0143638406669107	
6034	 0.007525530268628545	 2.0203540970937195	
6035	 0.00753416839153918	 2.0242206559821176	
6036	 0.0075370783905662235	 2.025523882868149	
6037	 0.007536280315937103	 2.025166436193341	
6038	 0.00753309189079107	 2.023738636124554	
6039	 0.00752754500613854	 2.0212556606773147	
6040	 0.007521108498484901	 2.0183759880653764	
6041	 0.007512606559265617	 2.014574765773406	
6042	 0.007503423346819157	 2.0104721664041394	
6043	 0.0074939445522629764	 2.0062410250491634	
6044	 0.007485114613689519	 2.00230272832099	
6045	 0.007479641203996164	 1.9998630525577272	
6046	 0.007476314974603421	 1.9983810257736507	
6047	 0.007474617817871384	 1.9976250140257488	
6048	 0.007475416260265183	 1.9979806721853124	
6049	 0.0074770384402363735	 1.9987033339857354	
6050	 0.007480227363000218	 2.0001242657016425	
6051	 0.0074846549147821444	 2.0020977798820954	
6052	 0.007489207352229307	 2.004127771643556	
6053	 0.007494240382337787	 2.0063730236777637	
6054	 0.007499765014736847	 2.008838738766322	
6055	 0.007506170584070429	 2.01169914370564	
6056	 0.007512823651409953	 2.0146717921439152	
6057	 0.007513363242895049	 2.014912963289123	
6058	 0.007521518829666842	 2.01855951989147	
6059	 0.0075322355757308345	 2.023355240605064	
6060	 0.007536655560494626	 2.025334499938346	
6061	 0.007535187305417581	 2.0246769327264746	
6062	 0.007530784519685273	 2.0227056297238986	
6063	 0.007524782176890624	 2.020019378681521	
6064	 0.007518225989224713	 2.017086895243864	
6065	 0.007512046942234885	 2.0143246612000167	
6066	 0.00750661342994449	 2.0118969565529334	
6067	 0.007502486247949229	 2.0100537056838537	
6068	 0.007500452871959153	 2.0091458231608583	
6069	 0.007504008177808982	 2.0107333398535	
6070	 0.0075122884239768855	 2.0144325829253984	
6071	 0.007524369413951151	 2.0198347058074226	
6072	 0.0075415456829881645	 2.0275251877583105	
6073	 0.007565702769981697	 2.0383610257609828	
6074	 0.007596690399448644	 2.052294556823426	
6075	 0.0076319793153188315	 2.0682083585265705	
6076	 0.0076562271506588455	 2.0791715843590373	
6077	 0.007686430183984917	 2.092859751207319	
6078	 0.007718222917275526	 2.1073071661806995	
6079	 0.007750508200748943	 2.122019064951925	
6080	 0.0077864244949815585	 2.138433629198708	
6081	 0.007847121308701164	 2.16628832232632	
6082	 0.007912202646834827	 2.1963151180014098	
6083	 0.007962567894505206	 2.2196656537924917	
6084	 0.007995827622546152	 2.235139769523953	
6085	 0.008008083508988371	 2.240852668443944	
6086	 0.007992938041451566	 2.2337936842327375	
6087	 0.007978950402063327	 2.2272822549611346	
6088	 0.007954457487975715	 2.215898804088915	
6089	 0.00823122140447304	 2.3458817707788366	
6090	 0.008651252354732325	 2.548769815992093	
6091	 0.008507886824987921	 2.478763855390688	
6092	 0.008409395705820664	 2.4311231705505674	
6093	 0.008555277498110553	 2.501818593989912	
6094	 0.008446217700890355	 2.4488908760480426	
6095	 0.008326104321642835	 2.3911237951283275	
6096	 0.008231326456248448	 2.345931670237091	
6097	 0.008163191486412013	 2.3136568901702126	
6098	 0.008111736582295073	 2.289401939368275	
6099	 0.008075221369431977	 2.2722513790098544	
6100	 0.00822943460466405	 2.345033108191457	
6101	 0.009093082082062498	 2.7693903013544476	
6102	 0.010294195687735739	 3.4055428366590905	
6103	 0.010261383580124782	 3.387470472603023	
6104	 0.009874602502011614	 3.17734971737983	
6105	 0.009527119498381854	 2.993194938905108	
6106	 0.009241806535571533	 2.8452937033009116	
6107	 0.009092530813389805	 2.769110482907494	
6108	 0.009091442440320363	 2.768558068864795	
6109	 0.009095754623576556	 2.770747016925549	
6110	 0.009286118413281705	 2.8680673362781532	
6111	 0.012041363841283419	 4.422404330045917	
6112	 0.011432933012353546	 4.0562845442048765	
6113	 0.010828141132239635	 3.705005246699168	
6114	 0.010294862793082511	 3.4059106660940293	
6115	 0.009844217971550336	 3.161071724766422	
6116	 0.009491017278757294	 2.9743147258578024	
6117	 0.010054151941040184	 3.2742214909958376	
6118	 0.012256604621811466	 4.554939459250303	
6119	 0.01334077095870224	 5.2460673433148814	
6120	 0.013124778437257699	 5.105272747316072	
6121	 0.013363189006992883	 5.260768199699481	
6122	 0.013950901059964755	 5.652007711604403	
6123	 0.014633383004899905	 6.1203117928304165	
6124	 0.015283709386328607	 6.580318778022239	
6125	 0.015845563475343664	 6.9884113502618	
6126	 0.016315300064024835	 7.337094124393537	
6127	 0.016660387026231856	 7.597559755721479	
6128	 0.016903282498196007	 7.78306631385178	
6129	 0.01706085077811326	 7.9043613996145545	
6130	 0.017132433299105885	 7.959712789274172	
6131	 0.017141651087084098	 7.966851695680195	
6132	 0.017143276379039157	 7.968110702094427	
6133	 0.01713273919932131	 7.959949658949565	
6134	 0.017083911971628014	 7.922176662672538	
6135	 0.016983710476714122	 7.844885528686763	
6136	 0.016838362609471618	 7.733309838324099	
6137	 0.01668861943975201	 7.619029703857925	
6138	 0.01653710968051223	 7.504095042459622	
6139	 0.01637917970397554	 7.385035050517215	
6140	 0.016218563989295918	 7.264732803781994	
6141	 0.016079935889750752	 7.1615358348667035	
6142	 0.015931853885475532	 7.051954569537657	
6143	 0.015786734629897367	 6.945222481068466	
6144	 0.015646568406952735	 6.842752309326425	
6145	 0.015512487577426038	 6.745301903568509	
6146	 0.01538720137015392	 6.6547494678548595	
6147	 0.015277836980160884	 6.576105429650541	
6148	 0.015160993844000221	 6.492497138600091	
6149	 0.015045479398792694	 6.410260791691974	
6150	 0.014936559643114534	 6.333103858549903	
6151	 0.01484099151060761	 6.265713155492609	
6152	 0.014754889669818527	 6.205244884498815	
6153	 0.01468877581345157	 6.1589732622424505	
6154	 0.014640954067698369	 6.125590277856181	
6155	 0.014589965578533065	 6.090076668396805	
6156	 0.014518062119121733	 6.0401362004366375	
6157	 0.014448384655145093	 5.9918988484069	
6158	 0.014375250131341574	 5.9414347445204205	
6159	 0.014300037443073224	 5.889714894598147	
6160	 0.014229415215459087	 5.841316457151915	
6161	 0.014160538505075699	 5.79426824131762	
6162	 0.01409012473484572	 5.746327545695905	
6163	 0.014019581237495206	 5.698458420813714	
6164	 0.013957129649451267	 5.6562140438122235	
6165	 0.013906122654315942	 5.621804523014359	
6166	 0.01385506085982639	 5.587442208859859	
6167	 0.013803729774179327	 5.552983665155743	
6168	 0.013764968264455781	 5.527019607967069	
6169	 0.01376130420804036	 5.524567790385471	
6170	 0.01375101770205728	 5.517686860845469	
6171	 0.013727819579412753	 5.502181586175719	
6172	 0.013697846155283246	 5.482173654641202	
6173	 0.01366370853992191	 5.45942155907899	
6174	 0.013623940501154654	 5.432964638908136	
6175	 0.013582717582725397	 5.405594107408866	
6176	 0.013536083830942198	 5.374697672471519	
6177	 0.013478868079279668	 5.3368871450661475	
6178	 0.01341153934640565	 5.292530400762563	
6179	 0.013364828119244231	 5.261843709215468	
6180	 0.0133310309755653	 5.239685381889705	
6181	 0.013334889795399213	 5.24221343751214	
6182	 0.013320365892947184	 5.232700829066143	
6183	 0.013325659343806301	 5.23616703936854	
6184	 0.01347967967940366	 5.337422737172026	
6185	 0.013632791732180178	 5.438848746432034	
6186	 0.013766755066626588	 5.5282154114192394	
6187	 0.013774321402931467	 5.533280269886728	
6188	 0.01395502585432358	 5.654793154996073	
6189	 0.014790516059860844	 6.230236413888398	
6190	 0.015425402398170538	 6.682307932955027	
6191	 0.015337746039838287	 6.6191397747271825	
6192	 0.015096727697638791	 6.446693420358534	
6193	 0.014896824515686611	 6.305049264061643	
6194	 0.014751355432698916	 6.202767846239716	
6195	 0.014673673769299381	 6.1484231198516826	
6196	 0.01455737803620966	 6.067422646858644	
6197	 0.014458700311607994	 5.999030565960878	
6198	 0.014369173970384187	 5.93724977071414	
6199	 0.014286772756022617	 5.880612230071865	
6200	 0.014210097311375179	 5.8281054529592735	
6201	 0.014132057047466319	 5.774857663818949	
6202	 0.014058536149172664	 5.724872486308645	
6203	 0.013985974932544864	 5.675710348032041	
6204	 0.013903455704047244	 5.620007698818517	
6205	 0.0138216599678544	 5.565010508391074	
6206	 0.01373406287741503	 5.506352795652286	
6207	 0.013645136444958196	 5.447059499184089	
6208	 0.013574624075426681	 5.400226805819506	
6209	 0.013495420664676567	 5.347814798158879	
6210	 0.013411566902866497	 5.292548524894685	
6211	 0.013338018482165924	 5.244263514007906	
6212	 0.013269770053530522	 5.1996164603065	
6213	 0.013208972825400714	 5.159972563539015	
6214	 0.013155497000481778	 5.125203110790813	
6215	 0.01310107547614776	 5.089915380781894	
6216	 0.013039323007952146	 5.049992356420479	
6217	 0.012970740516197536	 5.005801221316199	
6218	 0.01290112391225398	 4.96110279135563	
6219	 0.012836562783625927	 4.919793752871344	
6220	 0.012775307939718247	 4.880728052634417	
6221	 0.012708611913961467	 4.838333987102066	
6222	 0.012638891465420894	 4.7941757990904765	
6223	 0.012571310151303658	 4.75152716468212	
6224	 0.012506269614419193	 4.710626017413245	
6225	 0.012461136244165835	 4.682326802104917	
6226	 0.012421055584659495	 4.657252916490762	
6227	 0.012373105737906273	 4.627326973415711	
6228	 0.012307252357916739	 4.5863531340178465	
6229	 0.01223140803204176	 4.53934374835364	
6230	 0.012126946913803416	 4.474914844162702	
6231	 0.012016735715099687	 4.407339416902623	
6232	 0.011911781834769639	 4.343370383787628	
6233	 0.011811628098562557	 4.282676348736728	
6234	 0.011714832317911966	 4.224342367694587	
6235	 0.011626746615405859	 4.17153598559288	
6236	 0.011545237028713299	 4.122908885840841	
6237	 0.011486133079773085	 4.087791354719263	
6238	 0.011450241965705857	 4.0665247665454265	
6239	 0.011425958742060554	 4.052161386422747	
6240	 0.011410440916769434	 4.0429933356948125	
6241	 0.01139866566641527	 4.0360419711899596	
6242	 0.011381737483322071	 4.026057026206984	
6243	 0.011358054858970535	 4.012104638401703	
6244	 0.011318656569231268	 3.98893646630339	
6245	 0.011273605480631934	 3.9625099791130043	
6246	 0.011225878183402139	 3.9345903569273415	
6247	 0.011173107940119697	 3.903812693365126	
6248	 0.011115815245940129	 3.870506914222956	
6249	 0.01105728368380276	 3.8365989278580446	
6250	 0.011003223436249618	 3.8053873305512744	
6251	 0.010942843157873383	 3.7706475408790783	
6252	 0.010877784680498569	 3.7333589206426208	
6253	 0.010818921035500417	 3.699748756590429	
6254	 0.010756881507077168	 3.66445693611909	
6255	 0.010692146386561014	 3.6277760945833553	
6256	 0.01063571896594139	 3.595923162680223	
6257	 0.010585523672372645	 3.5676827406263123	
6258	 0.010539759071412315	 3.542012751085375	
6259	 0.010497470533591475	 3.5183584909193253	
6260	 0.010460867050426136	 3.497935407080067	
6261	 0.010432512176140128	 3.482147379068354	
6262	 0.010408578000853345	 3.4688430451942547	
6263	 0.010379335084491194	 3.4526153946938267	
6264	 0.010341487376098137	 3.4316579371311287	
6265	 0.010300297720729342	 3.408907975801137	
6266	 0.01025751797397855	 3.385343894155036	
6267	 0.01021409254452173	 3.3614910708896937	
6268	 0.010170627601444096	 3.3376841472923573	
6269	 0.010113019996323896	 3.30623529533882	
6270	 0.010058302162461473	 3.2764743933979883	
6271	 0.010009066384517724	 3.2497872518525845	
6272	 0.009981879802775375	 3.2350888130065343	
6273	 0.009953258262767384	 3.219643376133995	
6274	 0.009935309132529819	 3.2099723298080227	
6275	 0.009941333699464327	 3.213217087385825	
6276	 0.009925836435191177	 3.204873103878938	
6277	 0.009880457806942357	 3.180490439326361	
6278	 0.009817833852529328	 3.1469640255020126	
6279	 0.009756563152221294	 3.1142997761723916	
6280	 0.009724390981600937	 3.097202974688	
6281	 0.00969764716391009	 3.083019554316597	
6282	 0.009662598361488283	 3.064471083772985	
6283	 0.009621976839191058	 3.0430294812253598	
6284	 0.00957537025379177	 3.018502972271658	
6285	 0.009554743971212	 3.0076738384531336	
6286	 0.009508427772061014	 2.983413846166731	
6287	 0.009469457187680492	 2.9630623446179	
6288	 0.009435345858569269	 2.94529424033947	
6289	 0.00954277113457161	 3.001395047471136	
6290	 0.009512960562717391	 2.9857846095059797	
6291	 0.009720797426078445	 3.0952956401948755	
6292	 0.009943089430762716	 3.21416294939476	
6293	 0.010422133791367149	 3.4763758257507673	
6294	 0.010527795750729547	 3.5353145904066317	
6295	 0.010586291220177568	 3.5681139007222518	
6296	 0.010603255586332834	 3.5776487347979398	
6297	 0.010578093808638256	 3.5635101877456226	
6298	 0.01052734254550995	 3.535060944396259	
6299	 0.01047513608619706	 3.505891225628101	
6300	 0.01040336734746902	 3.465949290573458	
6301	 0.010357301831142737	 3.4404086865914354	
6302	 0.010314393348938468	 3.416686491208103	
6303	 0.010254622525607228	 3.3837513766533354	
6304	 0.010187677812820413	 3.3470149406912117	
6305	 0.010127625528719113	 3.3141974025983663	
6306	 0.010071923886305557	 3.283873152700653	
6307	 0.010021391717788415	 3.256459727336125	
6308	 0.009972901244501387	 3.2302404069979214	
6309	 0.00993097606378295	 3.2076394031292477	
6310	 0.009897233638765634	 3.1894956840026403	
6311	 0.009867429243863968	 3.173503751539644	
6312	 0.009834149621277528	 3.1556851574514773	
6313	 0.009801235717050877	 3.13810187137606	
6314	 0.00977053354447113	 3.1217355831933036	
6315	 0.009735509770728963	 3.103107418166137	
6316	 0.009708913575709452	 3.088991452572956	
6317	 0.009680014374413664	 3.07368236164297	
6318	 0.009640734275010842	 3.052922893987901	
6319	 0.009588384590579199	 3.0253437189026866	
6320	 0.009545294452216203	 3.0027178883395385	
6321	 0.009500291389839528	 2.9791602037712046	
6322	 0.009453385754378287	 2.9546856389563487	
6323	 0.0094128790346392	 2.9336149524776127	
6324	 0.009652680936560964	 3.059230729527539	
6325	 0.00967868417768229	 3.072978434494923	
6326	 0.009729475709016132	 3.0999025743533286	
6327	 0.009716244425166063	 3.0928797404012967	
6328	 0.009798843607273077	 3.1368254892151013	
6329	 0.009757961587272436	 3.115043780315014	
6330	 0.009696611435143627	 3.0824707857501026	
6331	 0.009634950575386197	 3.0498709726176725	
6332	 0.009610942194198597	 3.0372153758832554	
6333	 0.009830156901796984	 3.1535500702266543	
6334	 0.009786877774015735	 3.1304438773109378	
6335	 0.009744118292771126	 3.107681916074163	
6336	 0.0097373587528554	 3.1040897247788264	
6337	 0.0097681637497593	 3.120473749278576	
6338	 0.009800286338294408	 3.137595276911141	
6339	 0.009843389694760967	 3.1606284579820594	
6340	 0.00980002184540009	 3.137454147668974	
6341	 0.009759044770777273	 3.1156201112180355	
6342	 0.00986210123089478	 3.170648326002944	
6343	 0.00993915613192744	 3.212044124994784	
6344	 0.010044980017957734	 3.2692448115438917	
6345	 0.010104144342531811	 3.3014005354340785	
6346	 0.010129185948091085	 3.315048507564158	
6347	 0.010176832661884168	 3.3410786843512885	
6348	 0.010152915073259595	 3.328001936094564	
6349	 0.010270607506157698	 3.392546971001659	
6350	 0.010243900152827244	 3.377856604726719	
6351	 0.010220012902071585	 3.364739046468279	
6352	 0.010176851467865662	 3.341088974439357	
6353	 0.010154537442376486	 3.3288883047066165	
6354	 0.010189419256821824	 3.3479685389662666	
6355	 0.010379679913983399	 3.4528065721292744	
6356	 0.010723258340078827	 3.645386627781291	
6357	 0.01102476390398481	 3.8178114626382538	
6358	 0.011333484739239794	 3.9976498758058234	
6359	 0.012192000906767851	 4.514995187297203	
6360	 0.01267835954589646	 4.819153438869407	
6361	 0.01280843359608747	 4.901838700992657	
6362	 0.013547726623904483	 5.382404779959298	
6363	 0.013609218084415429	 5.423183137705765	
6364	 0.013522814544275726	 5.365919272175548	
6365	 0.013451591561087823	 5.318899299086775	
6366	 0.01349689320691331	 5.348787371223643	
6367	 0.013584052216475505	 5.406479389825833	
6368	 0.01359604788399377	 5.41443889712161	
6369	 0.013669744607805425	 5.463441733067015	
6370	 0.01371242035587591	 5.491898618081517	
6371	 0.013786275879608123	 5.541286303021781	
6372	 0.014170945165950296	 5.801367047945249	
6373	 0.014084644293936029	 5.7426029127913605	
6374	 0.014001094909700976	 5.685940540828889	
6375	 0.013908671350847137	 5.623521889935053	
6376	 0.013826177134371799	 5.5680420807711455	
6377	 0.013752553240699308	 5.518713807473543	
6378	 0.01367470745101645	 5.466747998918862	
6379	 0.013600699137232929	 5.41752641176793	
6380	 0.013524242031063389	 5.366863361682215	
6381	 0.0134515795001173	 5.318891350700371	
6382	 0.013378900407277485	 5.271080910666081	
6383	 0.013312400097587133	 5.227486468489119	
6384	 0.013259464492700442	 5.192887997717732	
6385	 0.013221766646298146	 5.168304914211216	
6386	 0.01318750915118069	 5.146005798598492	
6387	 0.013148067204867744	 5.120379773125699	
6388	 0.013086150988723871	 5.080255165116582	
6389	 0.013024574762751586	 5.040476212818293	
6390	 0.012963008733915798	 5.000828995010811	
6391	 0.012907057909211324	 4.9649065532667285	
6392	 0.012849221597162104	 4.927882525372919	
6393	 0.012808398321025859	 4.9018162011683355	
6394	 0.01277916675785254	 4.88318536301983	
6395	 0.012789935905387849	 4.890045814790654	
6396	 0.012767611147939088	 4.875828183416109	
6397	 0.012832783261831958	 4.9173797314265	
6398	 0.012981206302620481	 5.012534804464209	
6399	 0.01331948231758436	 5.23212234354247	
6400	 0.014603903413407742	 6.099776201173186	
6401	 0.015558267820423362	 6.778512269966526	
6402	 0.016248096942263944	 7.286793862192193	
6403	 0.01709101506460265	 7.927667184592265	
6404	 0.017276557354057177	 8.071625276079	
6405	 0.01728339169807894	 8.076947665309469	
6406	 0.01699044782041376	 7.850072918762429	
6407	 0.016698446411427804	 7.626508521418518	
6408	 0.016528193939262338	 7.497353382163028	
6409	 0.01635394158961419	 7.366079216031567	
6410	 0.016217496271681023	 7.263935722017068	
6411	 0.016123679769896582	 7.194035690381805	
6412	 0.016029132391303713	 7.123864895573989	
6413	 0.015963359922754917	 7.075212541667565	
6414	 0.015909334639571348	 7.035349485326326	
6415	 0.01585516265567818	 6.995468695388319	
6416	 0.015800976006814283	 6.955667882740781	
6417	 0.015762123112566286	 6.927185858953459	
6418	 0.015731621530814935	 6.904858726535036	
6419	 0.01568406791730776	 6.870107061509634	
6420	 0.015618680595095982	 6.8224373126633315	
6421	 0.015552877947910564	 6.774598906106754	
6422	 0.015484360337251719	 6.724929925637502	
6423	 0.015427556344713484	 6.68386316023892	
6424	 0.015312384528901383	 6.600908190891037	
6425	 0.015198837556242689	 6.519529729822695	
6426	 0.015086195310316543	 6.439199160451759	
6427	 0.014979509611446281	 6.363484264204114	
6428	 0.014875111397494041	 6.289739988560729	
6429	 0.014774946676270015	 6.219309716009821	
6430	 0.01467016670789465	 6.145974155826421	
6431	 0.014581564828938395	 6.0842334527477995	
6432	 0.014529580606984959	 6.048125287053736	
6433	 0.01448853529497554	 6.019676042608798	
6434	 0.0144511776804936	 5.993829468349336	
6435	 0.014404885169312404	 5.96186286570708	
6436	 0.014350213272634695	 5.924198118630511	
6437	 0.014287684313071307	 5.881237590282967	
6438	 0.014230210717600267	 5.84186073652807	
6439	 0.014180804967288522	 5.808096026510118	
6440	 0.014132723736543356	 5.775311725467028	
6441	 0.014094376632751841	 5.749217898110137	
6442	 0.014041759831817022	 5.713491018074439	
6443	 0.013982137025081286	 5.6731147884727475	
6444	 0.013983389689662845	 5.673961907690251	
6445	 0.01390846146228998	 5.623380454551725	
6446	 0.01387635587319657	 5.601762560406477	
6447	 0.013882209008038274	 5.605701212329325	
6448	 0.013921066705764538	 5.6318771398135405	
6449	 0.013919852492428532	 5.631058464341635	
6450	 0.01388435749671628	 5.607147236624476	
6451	 0.013813299392451139	 5.5594012800391095	
6452	 0.013749322240778279	 5.516553049014589	
6453	 0.013701277851052438	 5.48446291030887	
6454	 0.01365922984108667	 5.456439397333245	
6455	 0.013625904771940318	 5.434270223807313	
6456	 0.013600734290026987	 5.417549748969497	
6457	 0.01356575129687741	 5.394345172562879	
6458	 0.013510263141283521	 5.35762107660984	
6459	 0.01344940649774994	 5.317459382417647	
6460	 0.013360578731469975	 5.25905563938077	
6461	 0.013281292690223894	 5.207143673306638	
6462	 0.013210936201305298	 5.161250920289296	
6463	 0.013175709689279294	 5.138334146684864	
6464	 0.013245955474734165	 5.184073288936777	
6465	 0.013336370808243929	 5.243183833340224	
6466	 0.013674305564269722	 5.466480230601143	
6467	 0.014799418635108494	 6.236487748175723	
6468	 0.015071478389523746	 6.428733260607741	
6469	 0.015285683336417657	 6.581735294971121	
6470	 0.015669848531779808	 6.8597293142200995	
6471	 0.016339607318727866	 7.355321715353083	
6472	 0.017029362637432866	 7.880062055549064	
6473	 0.01840666778235904	 8.970657406175063	
6474	 0.020984918577147748	 11.161206122593581	
6475	 0.023081633959824006	 13.081068815780876	
6476	 0.023624452581076483	 13.597797557164672	
6477	 0.02386801529194641	 13.832249913304533	
6478	 0.024064426328511697	 14.0224802249077	
6479	 0.023942576402599152	 13.90434231194746	
6480	 0.023558840037015836	 13.534913569158709	
6481	 0.023188844573665428	 13.182491419916104	
6482	 0.022922127404263234	 12.930754052067249	
6483	 0.022744417451983936	 12.764104298261872	
6484	 0.02260469086707641	 12.633681816414523	
6485	 0.02248211693646233	 12.519711421519698	
6486	 0.02235414024398791	 12.401158738946394	
6487	 0.022209511292251474	 12.26772367056463	
6488	 0.022051554663574217	 12.12265288456844	
6489	 0.021885247992580802	 11.970660157741541	
6490	 0.02171037927856579	 11.811670742601128	
6491	 0.021527144341985074	 11.645988383936873	
6492	 0.02133293564628574	 11.471406948569173	
6493	 0.021148934836123515	 11.306976242790649	
6494	 0.020960525976391944	 11.139591763110763	
6495	 0.020748889109909956	 10.952764016646496	
6496	 0.020520954189205323	 10.752965010976485	
6497	 0.0202883260585372	 10.550572052520504	
6498	 0.020060999948719363	 10.354280896385458	
6499	 0.019861090770586426	 10.182884278096791	
6500	 0.019679513361062818	 10.028198135070719	
6501	 0.019505478171251634	 9.88082748728255	
6502	 0.019335677839312025	 9.737885200388197	
6503	 0.019171272890134268	 9.60027992601912	
6504	 0.019011886786389487	 9.467624256206944	
6505	 0.018868158535653087	 9.348634392037086	
6506	 0.018732754275078624	 9.237087164521533	
6507	 0.018592036854420905	 9.121731136171665	
6508	 0.01845315407584051	 9.008448382833446	
6509	 0.01831908056101646	 8.899626259276827	
6510	 0.018184946501874223	 8.791285027477718	
6511	 0.01805627311969512	 8.68785385435347	
6512	 0.017936886128423618	 8.59232573905562	
6513	 0.01782120381732886	 8.500165400097991	
6514	 0.0177014347360529	 8.405168577320193	
6515	 0.017576523125813193	 8.306548358064152	
6516	 0.017455769587665298	 8.21165413349824	
6517	 0.017355009106352595	 8.132805593183617	
6518	 0.017260330821818153	 8.058994144765329	
6519	 0.01716506922088863	 7.984999864501723	
6520	 0.01705603205170061	 7.900640857436673	
6521	 0.016944649019424444	 7.814837356338563	
6522	 0.01683114677358488	 7.727787297872743	
6523	 0.016715576957990166	 7.6395527418880365	
6524	 0.01660027272169605	 7.551925313359458	
6525	 0.016491656881997826	 7.469751119489479	
6526	 0.01639174935115683	 7.394483125286508	
6527	 0.01629772946951966	 7.323929505803369	
6528	 0.01620428002751394	 7.254072314248438	
6529	 0.01610709965993297	 7.181710442149854	
6530	 0.016001837040420012	 7.103658146012421	
6531	 0.015894355082528958	 7.024312637876407	
6532	 0.01578442726324976	 6.94353072378647	
6533	 0.01568340984524158	 6.869626641682612	
6534	 0.015588798036305997	 6.80069605701541	
6535	 0.015497482461820719	 6.73443094167295	
6536	 0.015406642783328992	 6.668768934631747	
6537	 0.015308165774390134	 6.5978774138945795	
6538	 0.015193283112682003	 6.515559256387707	
6539	 0.01506941333995164	 6.427265250836084	
6540	 0.014943256943050445	 6.337837326419699	
6541	 0.014833000382748117	 6.260091212192717	
6542	 0.014730089513507271	 6.187871569627715	
6543	 0.014628785389115335	 6.1171072598524106	
6544	 0.014523234825302834	 6.043723405593726	
6545	 0.014418179286429486	 5.97103592074768	
6546	 0.014313593561858955	 5.899023366897188	
6547	 0.014206162407292777	 5.825415942983401	
6548	 0.014101761479109437	 5.7542393458782515	
6549	 0.014000614584013879	 5.68561543862757	
6550	 0.013909078375839285	 5.623796171619115	
6551	 0.013801395063925286	 5.551418402581331	
6552	 0.013696836172790269	 5.481499976547727	
6553	 0.01359603887000855	 5.414432914297064	
6554	 0.01349895814878855	 5.350151326878076	
6555	 0.01341880321105159	 5.297308769062432	
6556	 0.013337248442576517	 5.2437589147160155	
6557	 0.013250934651087724	 5.1873215319393635	
6558	 0.013164917656115818	 5.131321503447754	
6559	 0.013083729005827735	 5.078688173668805	
6560	 0.013000168345565543	 5.024744015520013	
6561	 0.012901851188454801	 4.961568921259488	
6562	 0.01280570971386227	 4.900101423142252	
6563	 0.012708424737797293	 4.838215220348107	
6564	 0.012609736641139676	 4.775758327969247	
6565	 0.012517295949692682	 4.717550038557963	
6566	 0.012421357528625257	 4.657441606950045	
6567	 0.012322554305602383	 4.5958609720662045	
6568	 0.012223487136023878	 4.534445442329058	
6569	 0.012125638362001262	 4.474110100904335	
6570	 0.012067672629268169	 4.438520003479534	
6571	 0.012039019103376682	 4.420969178936881	
6572	 0.011951562021840325	 4.367572241851949	
6573	 0.011866522449827253	 4.315900494435953	
6574	 0.011792649438223808	 4.271213644550128	
6575	 0.011726226890198881	 4.231192683275229	
6576	 0.011652461423218165	 4.186924255598776	
6577	 0.011570124787587966	 4.137732267912398	
6578	 0.011493605088479771	 4.09222432839141	
6579	 0.011418582249429316	 4.047802261960863	
6580	 0.011358900203738597	 4.012602331573169	
6581	 0.011291310689277913	 3.972887284300823	
6582	 0.011210651802608216	 3.9256998155700473	
6583	 0.011134754016194823	 3.881503897942372	
6584	 0.011064251719063237	 3.840629328783016	
6585	 0.010999392943848201	 3.803179672072369	
6586	 0.0109376444693419	 3.767662436450069	
6587	 0.010865462710466595	 3.7263132206277163	
6588	 0.010779444295862618	 3.6772763519648812	
6589	 0.010722369337302374	 3.6448829454781038	
6590	 0.01065072420212782	 3.604382557491419	
6591	 0.010580325065806324	 3.5647630389725693	
6592	 0.01051799440467931	 3.529830680933687	
6593	 0.010457429679108612	 3.4960199530736857	
6594	 0.011294940035647506	 3.975015842752155	
6595	 0.011270446987897071	 3.960659877393811	
6596	 0.011158376823577568	 3.8952382002058696	
6597	 0.011050748751944431	 3.832820577808644	
6598	 0.01093442464521702	 3.7658140768684762	
6599	 0.010817287857473924	 3.6988179730268405	
6600	 0.01070732146270327	 3.6363614956290284	
6601	 0.01060741633431249	 3.5799888402498725	
6602	 0.01051523546401469	 3.528287651989533	
6603	 0.010399576573920875	 3.463844678260451	
6604	 0.010343237548922921	 3.4326259367129612	
6605	 0.010287436517828454	 3.4018168527850015	
6606	 0.010230740312844495	 3.3706274221737997	
6607	 0.010175563581917502	 3.3403843098647936	
6608	 0.010120397165848682	 3.310255951971219	
6609	 0.010059933672008012	 3.2773602102731716	
6610	 0.009998666256882466	 3.2441612701482345	
6611	 0.009924999280658955	 3.2044226131096005	
6612	 0.009829970592115204	 3.153450456150622	
6613	 0.009734550835501303	 3.102598014723258	
6614	 0.009643637385057252	 3.0544552566475685	
6615	 0.009564902341294717	 3.0130052023824576	
6616	 0.009500665077961212	 2.9793555120573196	
6617	 0.009444415336085242	 2.950014229446105	
6618	 0.00939328940376979	 2.923446515922218	
6619	 0.00934569383491372	 2.8987998506500756	
6620	 0.009301991424171308	 2.87624276474503	
6621	 0.009266156842854324	 2.857799304440576	
6622	 0.009234212265420632	 2.841397998532651	
6623	 0.009209352264115636	 2.828660266997185	
6624	 0.00918915761213472	 2.818329818239762	
6625	 0.009164529408933144	 2.8057518841680382	
6626	 0.009127086702065251	 2.7866725613438748	
6627	 0.009088351660369911	 2.7669895546467833	
6628	 0.009047690274827944	 2.7463877704506365	
6629	 0.009024613522212673	 2.7347229493939604	
6630	 0.009004077656495215	 2.7243592009782134	
6631	 0.008980187002937434	 2.7123222213373555	
6632	 0.008962719292241647	 2.703534851570137	
6633	 0.008945043512944055	 2.694654424665952	
6634	 0.008937472002026974	 2.6908540242460575	
6635	 0.008940124668006018	 2.6921852439105116	
6636	 0.008931760423631602	 2.6879886074246198	
6637	 0.00891122193750246	 2.677694837932275	
6638	 0.008872198335072298	 2.6581799882884436	
6639	 0.008816619945436654	 2.630485112970681	
6640	 0.008741586131904205	 2.593279834942096	
6641	 0.00866352843327066	 2.5548004834630804	
6642	 0.008585808886485658	 2.51671677107535	
6643	 0.008509843437487133	 2.479714023202796	
6644	 0.008433010295535136	 2.4425119590567266	
6645	 0.008359220189685062	 2.406995378405632	
6646	 0.008296223350285641	 2.3768386841359432	
6647	 0.008253150259508521	 2.35630715157754	
6648	 0.008235106891577868	 2.347727654690957	
6649	 0.00824049871975796	 2.3502901202354027	
6650	 0.008250629522551792	 2.355107806357273	
6651	 0.008254921538374958	 2.357150057115597	
6652	 0.008252763418863017	 2.356123080221087	
6653	 0.008308946542572087	 2.3829170387106644	
6654	 0.00843511468219514	 2.4435278906830713	
6655	 0.008539580172981984	 2.494172663127155	
6656	 0.008602319473413835	 2.5247880549698856	
6657	 0.008611592571729288	 2.5293257884016698	
6658	 0.008550279980080159	 2.4993833624656268	
6659	 0.008507758321845785	 2.478701456946575	
6660	 0.00846792488972912	 2.459389473484973	
6661	 0.008430467053943997	 2.44128438762462	
6662	 0.00853126362828094	 2.4901255937585507	
6663	 0.00891410870974055	 2.679140717041972	
6664	 0.00881046701114574	 2.627426224047069	
6665	 0.008731422735638018	 2.5882566590543536	
6666	 0.008667271508988736	 2.556640416785352	
6667	 0.008665939070945667	 2.555985387425554	
6668	 0.008611328582128697	 2.529196561649845	
6669	 0.00854862400188137	 2.4985766331031467	
6670	 0.008500221077509631	 2.475042627726582	
6671	 0.008454980522202022	 2.4531268181502117	
6672	 0.008412120103122254	 2.4324359998485225	
6673	 0.008369185432603222	 2.4117796811282184	
6674	 0.008325977213511594	 2.3910629564057597	
6675	 0.00828663083903377	 2.3722600820652278	
6676	 0.008242795521462756	 2.351382014478155	
6677	 0.008208134022740805	 2.334925597072486	
6678	 0.008179517777255533	 2.321374176544415	
6679	 0.00815427137546352	 2.309444779820638	
6680	 0.008132327341149208	 2.2990957943894963	
6681	 0.0081096092447134	 2.288401351111918	
6682	 0.00808453975831215	 2.2766231612044594	
6683	 0.008050398419527188	 2.260621941832579	
6684	 0.008011730523163153	 2.2425537958094512	
6685	 0.007971886202274132	 2.223996667633039	
6686	 0.007931280259127437	 2.205148333694579	
6687	 0.007888822319868776	 2.1855090312009757	
6688	 0.007848187364075568	 2.166778839335683	
6689	 0.0078091105861938966	 2.148827745220363	
6690	 0.007772919175799842	 2.132255455846277	
6691	 0.007741165717914337	 2.117757632575358	
6692	 0.007715436097623283	 2.106039176074346	
6693	 0.007697838332500902	 2.098039326201931	
6694	 0.007685173303933048	 2.092289410526989	
6695	 0.0076763915869860625	 2.088306222543402	
6696	 0.007669661372381511	 2.085255604941904	
6697	 0.007665346147174277	 2.083300572985367	
6698	 0.007663717952480283	 2.082563102751992	
6699	 0.007663261161029324	 2.08235622359171	
6700	 0.007662358324678157	 2.081947356525988	
6701	 0.007662342080488228	 2.0819400003215947	
6702	 0.007663056725692535	 2.082263638246004	
6703	 0.007664375978309577	 2.0828611346694608	
6704	 0.007665971989370325	 2.0835840680952518	
6705	 0.007663866581474465	 2.0826304180468633	
6706	 0.007658320544190547	 2.080119161832607	
6707	 0.0076480215899180914	 2.075458991392741	
6708	 0.007636571597859874	 2.0702828972553875	
6709	 0.007624814016779485	 2.0649731357192627	
6710	 0.007613044567593918	 2.0596634784590333	
6711	 0.0076014938129282	 2.05445780082115	
6712	 0.007588838923093446	 2.048760563865761	
6713	 0.0075766116388380185	 2.043261848025725	
6714	 0.007565656440826078	 2.038340222372481	
6715	 0.0075549231240814516	 2.0335228824014195	
6716	 0.007546634887534867	 2.0298060666200395	
6717	 0.007543932741321372	 2.0285948914406147	
6718	 0.007545176834379132	 2.0291524917531576	
6719	 0.007549383010635829	 2.031038146458079	
6720	 0.0075705100267343785	 2.0405201113901765	
6721	 0.00763092533774315	 2.0677323472599274	
6722	 0.0076970610042727886	 2.097686237835662	
6723	 0.007753950883586736	 2.1235902565943543	
6724	 0.007813405344972409	 2.150797749453562	
6725	 0.007870960546332668	 2.17726791992506	
6726	 0.007920208867179165	 2.200020389032717	
6727	 0.007956055926821836	 2.216640990881611	
6728	 0.007980317234423292	 2.227918198107318	
6729	 0.008030729642284186	 2.2514241676028504	
6730	 0.008087479371529807	 2.2780029970479454	
6731	 0.00813903478389977	 2.3022571060454933	
6732	 0.008181843976467238	 2.322474585887236	
6733	 0.00821195103804248	 2.3367355553711278	
6734	 0.008243265573301089	 2.351605501045945	
6735	 0.008270121766393222	 2.3643884068071745	
6736	 0.008591474163260225	 2.519485105237019	
6737	 0.008824325580371323	 2.6343179239311296	
6738	 0.008945118450994832	 2.694692049359768	
6739	 0.009015956905561343	 2.7303523323063303	
6740	 0.00901089298034388	 2.727796916495642	
6741	 0.009032376175966677	 2.7386445935108155	
6742	 0.00911611476447868	 2.781091564727531	
6743	 0.009354516487479243	 2.9033622283378984	
6744	 0.009722130591028583	 3.0960031830228454	
6745	 0.009952249501921308	 3.219099544093238	
6746	 0.010008367055431185	 3.2494088253120204	
6747	 0.01012246601966245	 3.3113838560428803	
6748	 0.009736791276179782	 3.1037882288695697	
6749	 0.009421065402148546	 2.9378684530089063	
6750	 0.009155738030878888	 2.8012674681772656	
6751	 0.008928824015001485	 2.68651592873522	
6752	 0.008948075398041195	 2.696176833061672	
6753	 0.008799488246225012	 2.6219717436933303	
6754	 0.008655522141915445	 2.5508667175963864	
6755	 0.00858189207542172	 2.5148035354940848	
6756	 0.008577190133405712	 2.5125075575860385	
6757	 0.008579936695785367	 2.5138486135695794	
6758	 0.008538111606421765	 2.4934578253714967	
6759	 0.00845769093680666	 2.454437623696828	
6760	 0.00848792577175833	 2.4690787179795497	
6761	 0.008412056889081915	 2.432405535130082	
6762	 0.008409488146155261	 2.4311677109413905	
6763	 0.00848405006454123	 2.4671999767577333	
6764	 0.008632311092467872	 2.5394760409224473	
6765	 0.008889924180605767	 2.6670372182208975	
6766	 0.009127933983665607	 2.7871037265712864	
6767	 0.009350878327625416	 2.9014805122561715	
6768	 0.009540254958958697	 3.000076182971515	
6769	 0.009695991111494497	 3.0821421333537455	
6770	 0.009814240060011201	 3.1450443631234357	
6771	 0.009896656423233265	 3.1891856662869005	
6772	 0.009973555987758455	 3.230593868903898	
6773	 0.010026468961571644	 3.259209949469704	
6774	 0.01006181651920369	 3.278382608242209	
6775	 0.010084837839359618	 3.290893642916549	
6776	 0.01010018238340772	 3.2992432845997666	
6777	 0.010119555801294854	 3.3097972982256203	
6778	 0.01013371787766921	 3.3175208692672062	
6779	 0.010124978873075839	 3.3127540278866725	
6780	 0.010115167784872838	 3.307405667295774	
6781	 0.010082363204799846	 3.2895478779270584	
6782	 0.010065968468433942	 3.2806375937600687	
6783	 0.010040782903907435	 3.2669684701707076	
6784	 0.010011775092910341	 3.251253176132613	
6785	 0.009983469724587832	 3.2359476711666537	
6786	 0.009971625996405017	 3.2295520111400235	
6787	 0.00996290582151186	 3.2248463178243156	
6788	 0.009945379032165849	 3.215396589586295	
6789	 0.009981568241315792	 3.2349205216416457	
6790	 0.00999874318803579	 3.2442028719815457	
6791	 0.009993191709614909	 3.2412013632730043	
6792	 0.010017553062615118	 3.254381035709397	
6793	 0.010032140720111162	 3.262283304160963	
6794	 0.010003953992886842	 3.247021200281543	
6795	 0.009971269846273676	 3.2293597670533876	
6796	 0.009951363921186144	 3.218622149848064	
6797	 0.009930880757790929	 3.2075880979544995	
6798	 0.009916027515601437	 3.1995963049095377	
6799	 0.00990712838392257	 3.194811944427978	
6800	 0.009904993190174604	 3.1936644453492304	
6801	 0.009920826088835148	 3.2021773071735176	
6802	 0.00992971653354667	 3.2069613986064445	
6803	 0.009938833378517902	 3.211870286129997	
6804	 0.00992868013973437	 3.2064035513098452	
6805	 0.009916471201962674	 3.199834914980103	
6806	 0.009900927242633601	 3.191479773609642	
6807	 0.009891199913114162	 3.1862556151731267	
6808	 0.009897810362129986	 3.1898054494174803	
6809	 0.009889289775645935	 3.1852301591278005	
6810	 0.009869520252520428	 3.174624660267675	
6811	 0.009848275970792264	 3.163243793221121	
6812	 0.009862147418457373	 3.1706730747427923	
6813	 0.010213649036330838	 3.3612478077642947	
6814	 0.010402058303280497	 3.465222460127805	
6815	 0.010424411698579801	 3.477642271221358	
6816	 0.010365458738506673	 3.444925702993136	
6817	 0.010328681544094283	 3.4245785084409452	
6818	 0.010339976249105133	 3.4308222387824454	
6819	 0.010342993460571343	 3.43249092782243	
6820	 0.010320672654885319	 3.4201539391604014	
6821	 0.010286023215203605	 3.401037977745158	
6822	 0.010239653951379117	 3.375523333622346	
6823	 0.010211427728308239	 3.3600295318720304	
6824	 0.010188289832775397	 3.3473500646501724	
6825	 0.010178897431353164	 3.34220854207606	
6826	 0.010177973768938427	 3.3417030880135745	
6827	 0.01016994858317011	 3.337312767704422	
6828	 0.010166735930077596	 3.3355558759691086	
6829	 0.010163863033428231	 3.333985099022864	
6830	 0.01014010901395589	 3.321008760768644	
6831	 0.010111394241602354	 3.305349499996758	
6832	 0.010090881682273133	 3.294181353564106	
6833	 0.010070767316450362	 3.283244692279309	
6834	 0.01004962035045923	 3.271762274465778	
6835	 0.010028945115217977	 3.260551559855383	
6836	 0.010014308068910596	 3.252624235157826	
6837	 0.010007777448084912	 3.249089785972025	
6838	 0.010010886816993752	 3.2507724214784903	
6839	 0.010017778412316637	 3.2545030514168305	
6840	 0.01002187894453795	 3.256723606187459	
6841	 0.010017721488804783	 3.2544722299804287	
6842	 0.010004959092146052	 3.2475649332731193	
6843	 0.009987792175946916	 3.238283072474745	
6844	 0.009955287723846155	 3.2207375881730376	
6845	 0.009932289106888138	 3.2083462746382847	
6846	 0.009912735405282133	 3.197826063372402	
6847	 0.009892566116520831	 3.186989141562098	
6848	 0.009863695651194455	 3.1715027109468665	
6849	 0.009831741999051636	 3.154397624048439	
6850	 0.009799011354891128	 3.1369149892329617	
6851	 0.009759818179166707	 3.1160316457557418	
6852	 0.009711360100501784	 3.0902888735590976	
6853	 0.009678776932142173	 3.0730275171595034	
6854	 0.00963999122071975	 3.052530733475584	
6855	 0.009607941455165057	 3.035635069117925	
6856	 0.009589952626477393	 3.0261683461901865	
6857	 0.009581748773256295	 3.021854949674269	
6858	 0.010854012502702287	 3.71977076707616	
6859	 0.011619870283761592	 4.167424888638046	
6860	 0.01149957132977902	 4.095765344162384	
6861	 0.011384985562483204	 4.027972111061001	
6862	 0.01127894179733994	 3.9656365364511035	
6863	 0.011171051472410027	 3.9026152389883637	
6864	 0.011085560568204096	 3.8529651409234056	
6865	 0.011037924754469164	 3.8254103610912606	
6866	 0.011009457774736409	 3.8089815126214654	
6867	 0.010989825541433726	 3.7976678528102497	
6868	 0.011037228956448744	 3.825008465341452	
6869	 0.011058695401842036	 3.837415346936551	
6870	 0.011045495566255052	 3.8297843842062447	
6871	 0.011022286956710781	 3.816381982370419	
6872	 0.010997077312400043	 3.8018453341272673	
6873	 0.010988690541383364	 3.7970141868657876	
6874	 0.011000446262951562	 3.8037866888555665	
6875	 0.010996959792652734	 3.801777620634136	
6876	 0.010965746927804637	 3.7838102204325947	
6877	 0.010940434685455854	 3.769264470351489	
6878	 0.010907289708232714	 3.7502515179616487	
6879	 0.010874214544694486	 3.7313169699264686	
6880	 0.010833631602438956	 3.708136848985269	
6881	 0.010795078244480238	 3.6861695343901024	
6882	 0.010758162650322717	 3.6651843589361226	
6883	 0.010719032441729549	 3.642992608924678	
6884	 0.010687982245871983	 3.625421623633226	
6885	 0.010655680686307347	 3.6071785858654875	
6886	 0.010641808652934098	 3.599355343381637	
6887	 0.010630090734402428	 3.5927522255097224	
6888	 0.010625283213667897	 3.5900445617502577	
6889	 0.010626791047478486	 3.5908937072147076	
6890	 0.010629027882073594	 3.592153541720302	
6891	 0.010626328816496437	 3.590633390584855	
6892	 0.010638427670561721	 3.5974496416107673	
6893	 0.010647061869520977	 3.6023171369568283	
6894	 0.010642690200390057	 3.599852296838817	
6895	 0.010625765258956707	 3.590316019649823	
6896	 0.010600139515323582	 3.5758965818382853	
6897	 0.010582667377634863	 3.5660784369296263	
6898	 0.010581211412179211	 3.5652607714775626	
6899	 0.010560712609419475	 3.553756673978221	
6900	 0.010514145637562393	 3.5276782048080033	
6901	 0.01047256104955564	 3.5044549581143394	
6902	 0.010419652629703196	 3.4749965870865687	
6903	 0.010359325416216708	 3.441529057703194	
6904	 0.010311322187199955	 3.4149911006071942	
6905	 0.011265308844469808	 3.957650924595158	
6906	 0.011794306202456759	 4.272213805062544	
6907	 0.01199290793178157	 4.392783647406472	
6908	 0.012229026456332944	 4.537870752344008	
6909	 0.012689116612805139	 4.8259701220232	
6910	 0.013004725522161326	 5.0276800443469885	
6911	 0.013013808876853512	 5.0335341769821005	
6912	 0.012892432920829375	 4.955533868405205	
6913	 0.012754864661677561	 4.867717948899439	
6914	 0.012737337832408652	 4.856574935433451	
6915	 0.013083551566098979	 5.078573380073168	
6916	 0.013227676716618869	 5.1721558363609335	
6917	 0.013691221639503872	 5.47775557670825	
6918	 0.014273127544855699	 5.871254314648069	
6919	 0.014569683139761782	 6.075972870000099	
6920	 0.014506162507396626	 6.031887207349631	
6921	 0.014355365259461163	 5.9277433671129485	
6922	 0.014222530828385694	 5.8366070345452785	
6923	 0.014136296244313219	 5.777745095100079	
6924	 0.014107845161376708	 5.758377362942414	
6925	 0.014152419200168739	 5.788732147897461	
6926	 0.014186411089088764	 5.81192340495388	
6927	 0.014126078059373201	 5.770786195250787	
6928	 0.014318664191484004	 5.902506686731423	
6929	 0.014433690820162914	 5.98174614217268	
6930	 0.014368267519579671	 5.936625551155158	
6931	 0.014267044356941625	 5.8670843725773665	
6932	 0.014165827057004789	 5.797875343207408	
6933	 0.014066875219400896	 5.730533288149476	
6934	 0.013970967824463046	 5.6655638107000525	
6935	 0.013885390917177774	 5.607842825701218	
6936	 0.013808373624467697	 5.55609757191472	
6937	 0.013740713870133847	 5.510797780859093	
6938	 0.013681017650052784	 5.4709530338847685	
6939	 0.01362756718466649	 5.435375271816721	
6940	 0.013564719224758682	 5.39366119372754	
6941	 0.013515383600482895	 5.36100578070549	
6942	 0.013468294560075079	 5.3299114205897755	
6943	 0.013424914535496218	 5.301330300943775	
6944	 0.013388039295344092	 5.277083245757156	
6945	 0.013375398722751045	 5.268781761566333	
6946	 0.013384421873877266	 5.274707030884347	
6947	 0.013390498638430646	 5.278698985570151	
6948	 0.013381805370418	 5.272988566691257	
6949	 0.013364099860165934	 5.261365848493697	
6950	 0.013338185421398105	 5.24437291018971	
6951	 0.013297264963870813	 5.21758483311504	
6952	 0.01321290318369457	 5.162531752239628	
6953	 0.013122018987437848	 5.103483922625488	
6954	 0.013046580932965946	 5.054678088682972	
6955	 0.012990985488283315	 5.018829907223565	
6956	 0.012948639045901737	 4.991593253793083	
6957	 0.012924767245099765	 4.976265377944535	
6958	 0.012903645433394693	 4.962718973613795	
6959	 0.012876562376365372	 4.945370963123673	
6960	 0.012840243891325565	 4.9221453717147785	
6961	 0.012803289897017511	 4.898558283227357	
6962	 0.012763669170603788	 4.8733194361113465	
6963	 0.012717780544736549	 4.844153081193466	
6964	 0.012680794435653892	 4.82069607515857	
6965	 0.012645260091119513	 4.798202713333027	
6966	 0.012606738966455727	 4.773866266862395	
6967	 0.012570673644986546	 4.751126208592887	
6968	 0.012534492668970451	 4.728356889309991	
6969	 0.012518873405618575	 4.718540939454467	
6970	 0.012515703160423768	 4.716549590273114	
6971	 0.012513635279786054	 4.715250858553762	
6972	 0.012533923341340271	 4.7279989512139045	
6973	 0.012554836805723677	 4.741154425297176	
6974	 0.012557043340051418	 4.742543283501019	
6975	 0.012545948621909466	 4.735561586522445	
6976	 0.012526013081278285	 4.72302686706066	
6977	 0.012516558642840417	 4.717086917544039	
6978	 0.012503891919513307	 4.7091334698076714	
6979	 0.012492564284851636	 4.702025385138483	
6980	 0.012469565754541364	 4.687607035098482	
6981	 0.012498941369224002	 4.706026473815014	
6982	 0.012468855477211483	 4.687162026579812	
6983	 0.012623703347964473	 4.78457773499118	
6984	 0.012957160815046873	 4.997069574004882	
6985	 0.013483221819421616	 5.339760522030252	
6986	 0.013876198438218638	 5.601656635618793	
6987	 0.014472980466327516	 6.008908734212347	
6988	 0.015124922812225246	 6.466772649521012	
6989	 0.015530447108444938	 6.758322510666754	
6990	 0.015547395008138072	 6.770618897519712	
6991	 0.015462003752244678	 6.708755099871409	
6992	 0.015350333953723412	 6.628196293797246	
6993	 0.015412603118043253	 6.67306937623071	
6994	 0.015480581301849832	 6.722194727002238	
6995	 0.01549445681857175	 6.732239762180414	
6996	 0.015411517242264635	 6.672285823297261	
6997	 0.015370158556333363	 6.6424693727090816	
6998	 0.01536873670776212	 6.641445278485727	
6999	 0.01543270461990292	 6.6875809875712235	
7000	 0.015404973332428247	 6.667564607778598	
7001	 0.015390568736042809	 6.657176876024953	
7002	 0.015435268310625173	 6.689432665453816	
7003	 0.017100984451865663	 7.935375850042831	
7004	 0.019784539697786242	 10.117554802180868	
7005	 0.021095183318943285	 11.259121028289726	
7006	 0.02091361839301177	 11.098073924460007	
7007	 0.020405771582227734	 10.652560665074414	
7008	 0.019965200021538496	 10.272001885713914	
7009	 0.01961662375965252	 9.974843382718515	
7010	 0.019358475802460345	 9.757028671031843	
7011	 0.01916950851219331	 9.598807410119125	
7012	 0.019006691477473612	 9.46331267711244	
7013	 0.018845129767981684	 9.329625300579178	
7014	 0.018685435823876433	 9.198232179384009	
7015	 0.018546256388329584	 9.084326748752343	
7016	 0.018421780865938663	 8.982936597471168	
7017	 0.018302519908322375	 8.886221364992801	
7018	 0.01819668465840768	 8.800744837321792	
7019	 0.01809366565525139	 8.717860515630658	
7020	 0.018044041161002538	 8.678046969874197	
7021	 0.017959691448223968	 8.610540882273225	
7022	 0.01783035681516696	 8.507442809199151	
7023	 0.01768500773114777	 8.39217254689322	
7024	 0.01754622398490839	 8.282696785328177	
7025	 0.017406410333859257	 8.17299079838688	
7026	 0.01724972160115009	 8.050739945274012	
7027	 0.017096074809187546	 7.93157917471981	
7028	 0.016961894043237422	 7.828097468686774	
7029	 0.016876724716349756	 7.762696236338464	
7030	 0.016798253716717556	 7.7026330479813945	
7031	 0.016715112581365037	 7.639199020239036	
7032	 0.016622705072184194	 7.568941472772608	
7033	 0.01652002566967882	 7.491179052118367	
7034	 0.01640715073395037	 7.406066282882934	
7035	 0.016281772111957877	 7.311981786879893	
7036	 0.016194704452744173	 7.24692932193743	
7037	 0.016101465324097716	 7.177523939407712	
7038	 0.016005418827031777	 7.106308434011858	
7039	 0.01589112398781847	 7.021932895580299	
7040	 0.015780612116305638	 6.940733826224486	
7041	 0.015701665072325476	 6.882958696205335	
7042	 0.015652736385936457	 6.847248662461456	
7043	 0.01562659911638852	 6.828203137343847	
7044	 0.015609699314178436	 6.815900004129538	
7045	 0.01558219852951321	 6.7958982842877385	
7046	 0.015521663971630047	 6.751953507458873	
7047	 0.015443181060899968	 6.695149103676696	
7048	 0.015360363018606776	 6.635415364382591	
7049	 0.015251933660502906	 6.557533137436232	
7050	 0.015116702399573873	 6.4609158804184315	
7051	 0.014970325705540332	 6.356983195084159	
7052	 0.014838649697447175	 6.26406542666355	
7053	 0.01474043170826494	 6.195114244472222	
7054	 0.014671094878858345	 6.146622255148747	
7055	 0.014787970220572988	 6.228449202124847	
7056	 0.01577802198898893	 6.938835251719777	
7057	 0.0185724644627798	 9.105732222324804	
7058	 0.023087067545468964	 13.086201517468663	
7059	 0.029098301465386913	 19.24472514443484	
7060	 0.03370738036738674	 24.588987768752077	
7061	 0.03762221161319324	 29.530639437820344	
7062	 0.04057123264069212	 33.4885223964599	
7063	 0.04258369628233956	 36.30261479056006	
7064	 0.04387720011826445	 38.1590152918246	
7065	 0.04326678124372419	 37.27834537068545	
7066	 0.04215710633775213	 35.69852755974417	
7067	 0.041380688888849375	 34.60948804696177	
7068	 0.040848977858188674	 33.871490217082155	
7069	 0.040412108224385554	 33.2698998469454	
7070	 0.03998526543608621	 32.686289293721735	
7071	 0.03952113734421601	 32.056396784090104	
7072	 0.039057581795196916	 31.432184580458735	
7073	 0.03854389915338223	 30.74621963039044	
7074	 0.03801293236863973	 30.043551459746038	
7075	 0.03749020621378378	 29.358150780805154	
7076	 0.03695844510107884	 28.667410614646464	
7077	 0.036481912373710984	 28.054011736837836	
7078	 0.03606244380967791	 27.51846706548498	
7079	 0.03568510717952889	 27.0402471667499	
7080	 0.035345341838586584	 26.61251739432859	
7081	 0.035040337474726464	 26.23087522504363	
7082	 0.03477889077436705	 25.90549284167938	
7083	 0.03455523135419021	 25.628429261522008	
7084	 0.03434175400264948	 25.365091666420795	
7085	 0.03414502095761068	 25.123373443776902	
7086	 0.033958232671866505	 24.894731542434503	
7087	 0.03378219766918544	 24.680018402092102	
7088	 0.0336198193612965	 24.48262275089262	
7089	 0.033482295039108836	 24.31593718926353	
7090	 0.03336386195720666	 24.172756314827247	
7091	 0.03324371092686817	 24.027844347249882	
7092	 0.033125659321518605	 23.885804113600667	
7093	 0.03298735816758759	 23.719828307468095	
7094	 0.03281399586458125	 23.512429855704198	
7095	 0.03260183658060627	 23.259609801297596	
7096	 0.03236376943020029	 22.9772197965856	
7097	 0.03211712576297413	 22.686113562339866	
7098	 0.031860712825208116	 22.385053057338084	
7099	 0.03158968300672059	 22.068581946351408	
7100	 0.031309591168804406	 21.743426057331906	
7101	 0.031033787048110578	 21.42513698826365	
7102	 0.030760416444830498	 21.111511712695435	
7103	 0.030492236235042443	 20.805641335082154	
7104	 0.030223598061735222	 20.501041412081012	
7105	 0.029942962025765355	 20.184759558125243	
7106	 0.029657797457178656	 19.865392004194984	
7107	 0.02937013987811603	 19.545299937004927	
7108	 0.029076211451269086	 19.220381875595564	
7109	 0.028765800217886495	 18.879612708780208	
7110	 0.028445146049814473	 18.53016392067143	
7111	 0.02811655904917146	 18.174784263175663	
7112	 0.027782458190069036	 17.816269096164557	
7113	 0.02744096242693303	 17.452777276873213	
7114	 0.027083607942077755	 17.07562119572757	
7115	 0.026724894478546892	 16.70035282109947	
7116	 0.02639658115192893	 16.359817327480854	
7117	 0.026087786404319465	 16.04209305511651	
7118	 0.025787129079390674	 15.73514097281313	
7119	 0.025499696673096973	 15.443912719012793	
7120	 0.025177449589286752	 15.120002850508623	
7121	 0.02486749351221481	 14.811043930089854	
7122	 0.02456711482161077	 14.51407091285538	
7123	 0.024277141521509945	 14.229672274632811	
7124	 0.024006554669081085	 13.966321707214046	
7125	 0.023751757535775762	 13.720140747599912	
7126	 0.02350079996639457	 13.479384374466882	
7127	 0.023246382708741156	 13.23705236371988	
7128	 0.022985605869179013	 12.990491227680938	
7129	 0.02271895880399385	 12.740300979012943	
7130	 0.022455525714695317	 12.49504120974027	
7131	 0.02219552419616913	 12.254849771355577	
7132	 0.02194279632028489	 12.023168520310941	
7133	 0.021692742747229446	 11.795682960571357	
7134	 0.021446643012510244	 11.573494758914547	
7135	 0.021203604511843343	 11.35573214244015	
7136	 0.020959187223637585	 11.138405975305968	
7137	 0.020725789649118705	 10.932448949677841	
7138	 0.020508901667910143	 10.742441217888812	
7139	 0.020308802386960884	 10.56832525447389	
7140	 0.02012301453734098	 10.407682845714719	
7141	 0.01993579878048355	 10.24680292869049	
7142	 0.019746285199782262	 10.084971071264468	
7143	 0.019552488532018103	 9.920549177038916	
7144	 0.019363938247309212	 9.76161772411721	
7145	 0.019153316353825306	 9.585297965872764	
7146	 0.018937699718753254	 9.406131035051539	
7147	 0.018729614266260505	 9.23450675428558	
7148	 0.018541438034554276	 9.0803935462397	
7149	 0.018388830656599735	 8.95617361022438	
7150	 0.018244417579208187	 8.839254825541332	
7151	 0.018097547374372514	 8.720977877844394	
7152	 0.017939596877125527	 8.594490069492643	
7153	 0.017772581029697292	 8.461547943085312	
7154	 0.01760422292091636	 8.328377716748973	
7155	 0.017438717465928396	 8.19828887488085	
7156	 0.01727594488329665	 8.071148370104513	
7157	 0.01711767419779866	 7.948287629807364	
7158	 0.016965767597863952	 7.831077174379405	
7159	 0.0168188983030508	 7.718416713107962	
7160	 0.01667350435029678	 7.607532093717797	
7161	 0.016554387361381723	 7.517166503132591	
7162	 0.016460880472099725	 7.44653240072315	
7163	 0.016379015901537602	 7.384911959013768	
7164	 0.016313481032358666	 7.335730791562405	
7165	 0.016228203121848427	 7.27193027559201	
7166	 0.01611621131110524	 7.188482774441709	
7167	 0.01597969626139469	 7.087284195336038	
7168	 0.015830842433703127	 6.9775939341056255	
7169	 0.01567553053791511	 6.863875465229232	
7170	 0.015521832713847156	 6.752075846547375	
7171	 0.015373973008641215	 6.645217064878582	
7172	 0.01522667246862244	 6.539441482541829	
7173	 0.015089154826338578	 6.441304634896091	
7174	 0.014959626245442543	 6.34941265363585	
7175	 0.014838767041740418	 6.264147987440406	
7176	 0.014735409203764243	 6.191596543891675	
7177	 0.014648348545261447	 6.130747405914311	
7178	 0.014572337603370756	 6.077817960267733	
7179	 0.014504500211522896	 6.0307352373727365	
7180	 0.014452894592706118	 5.995016371218844	
7181	 0.014390759498837126	 5.952122214228511	
7182	 0.014318075395938344	 5.902102165522604	
7183	 0.014238573403023355	 5.847583679770709	
7184	 0.014150817032857721	 5.7876399709698765	
7185	 0.014097970511747108	 5.751661396216976	
7186	 0.014083345989134213	 5.741720696706175	
7187	 0.014068845127276922	 5.731870845285437	
7188	 0.014101974657627261	 5.754384326158206	
7189	 0.014060355303881274	 5.726107190243063	
7190	 0.013991767830157839	 5.679628957957494	
7191	 0.01390216924306817	 5.619141044061618	
7192	 0.013792918684693864	 5.545737057403594	
7193	 0.013681486317181954	 5.471265399187364	
7194	 0.013573385673833937	 5.399405733836379	
7195	 0.013470223537861382	 5.331183763265918	
7196	 0.013344163359874414	 5.248290887156529	
7197	 0.013213492033318877	 5.16291521578786	
7198	 0.013102216640114605	 5.090654327326488	
7199	 0.013014412700140887	 5.033923431733198	
7200	 0.01330539052047054	 5.222899762663545	
7201	 0.013763538354654561	 5.526062726496457	
7202	 0.01370910828702335	 5.489687960230835	
7203	 0.013595255519104095	 5.41391299332316	
7204	 0.013511619117127425	 5.35851731474245	
7205	 0.013440488627317148	 5.311584286485093	
7206	 0.013384663000908556	 5.27486540929584	
7207	 0.013329701321233064	 5.238814389147755	
7208	 0.013313663440181442	 5.22831330602097	
7209	 0.013379092397475844	 5.2712069799093895	
7210	 0.013405170564485962	 5.288342261571366	
7211	 0.013377690909121023	 5.270286728492429	
7212	 0.013334998624653508	 5.242284742654767	
7213	 0.013280792293688452	 5.206816696609629	
7214	 0.013227942454037531	 5.172329014233134	
7215	 0.013170783923092027	 5.135132917684654	
7216	 0.013234319018866878	 5.1764852401851424	
7217	 0.013243491291037812	 5.182466041511001	
7218	 0.015087797100293397	 6.440338680114052	
7219	 0.0240678656730316	 14.025820593899436	
7220	 0.02855682125765954	 18.651571091254155	
7221	 0.033963122781830536	 24.900706716870207	
7222	 0.04274558622205962	 36.53292486362096	
7223	 0.04903277810738457	 45.92083907860802	
7224	 0.0494584631917268	 46.58720729382743	
7225	 0.04901258595083481	 45.88932568697517	
7226	 0.0485730075202104	 45.20543358756004	
7227	 0.050500411726047155	 48.234433186329156	
7228	 0.05476312596186524	 55.209358189481954	
7229	 0.05774090395459993	 60.302911225401516	
7230	 0.05680619985000244	 58.68474342669462	
7231	 0.055112279365224684	 55.797268185539366	
7232	 0.053673214373910746	 53.39021334464492	
7233	 0.05241707179457852	 51.323969863769136	
7234	 0.05128483957913673	 49.489604542673106	
7235	 0.05023446077300852	 47.8118141390621	
7236	 0.04923596495152768	 46.2384291015827	
7237	 0.048276693651699225	 44.74675153038819	
7238	 0.04737752281526528	 43.36635263189655	
7239	 0.0465517196030182	 42.1138741554456	
7240	 0.045853308726889135	 41.06609872162086	
7241	 0.04524394877256621	 40.16056535177408	
7242	 0.04471048410653761	 39.37445917773846	
7243	 0.044243845402585046	 38.69193279733871	
7244	 0.043811851753332035	 38.06434231491264	
7245	 0.04347604025125831	 37.57932296339752	
7246	 0.04320269821352347	 37.18636835221976	
7247	 0.04296004186000423	 36.838913052059944	
7248	 0.04273306068445754	 36.51508482181827	
7249	 0.04251538994870556	 36.205614739484126	
7250	 0.04230198325928189	 35.9032306941988	
7251	 0.04207936158221851	 35.58887159641261	
7252	 0.04184127223178427	 35.253895813187654	
7253	 0.041575794309482945	 34.88188183679168	
7254	 0.04129265069583359	 34.486854537621085	
7255	 0.040985305697263726	 34.06010211980973	
7256	 0.04064765134739744	 33.5937182806016	
7257	 0.040285734833570695	 33.096682539297376	
7258	 0.03991310933152492	 32.58804075567686	
7259	 0.039500245531154936	 32.028158804881315	
7260	 0.03907215895774188	 31.451739002539046	
7261	 0.03864073109786085	 30.8750644356485	
7262	 0.03820029556485087	 30.290761151816845	
7263	 0.037733781949623874	 29.676741038713615	
7264	 0.03724836484592643	 29.043191302306557	
7265	 0.036755646636438044	 28.40571730454166	
7266	 0.03626352159545494	 27.774672220141642	
7267	 0.03578715888200142	 27.169252101382764	
7268	 0.03530789914029219	 26.565547859404482	
7269	 0.03483274277602465	 25.972381239200537	
7270	 0.03435911161203471	 25.38646271260775	
7271	 0.03388562867177168	 24.80608496567105	
7272	 0.03341044921239553	 24.22903809089883	
7273	 0.03293637957924763	 23.658765503267762	
7274	 0.03245714373046384	 23.08781386223802	
7275	 0.03197982605052121	 22.524706621837893	
7276	 0.03150749644225203	 21.97297227389408	
7277	 0.031049147273683367	 21.44281391722593	
7278	 0.030601725013154488	 20.930302012119817	
7279	 0.030156886473659477	 20.425678086263506	
7280	 0.029712818793651362	 19.92685398599628	
7281	 0.029265295247917975	 19.429151337888648	
7282	 0.02882232999432179	 18.941489384209163	
7283	 0.028380418159793176	 18.459940550652835	
7284	 0.027962722974585682	 18.00935178884883	
7285	 0.027566413445674946	 17.585960379332644	
7286	 0.027182866783843393	 17.18004943516318	
7287	 0.026806410894755703	 16.785338287813666	
7288	 0.02645957184654546	 16.424935340811675	
7289	 0.026724578555627383	 16.70002378934006	
7290	 0.02650913305312712	 16.476243034519985	
7291	 0.026074301737957686	 16.028275286456658	
7292	 0.02564131807108789	 15.587132404246557	
7293	 0.02525438211869063	 15.197082702008675	
7294	 0.024888678689345106	 14.832079670612877	
7295	 0.02452137691436664	 14.469062834786051	
7296	 0.024164894333908792	 14.120188093720722	
7297	 0.023829072817017186	 13.794656434488925	
7298	 0.023504562947399266	 13.482981796302306	
7299	 0.023191079429619645	 13.18460895505132	
7300	 0.02290368089069773	 12.913415395305131	
7301	 0.022628923720559396	 12.65626264190635	
7302	 0.022365195618404672	 12.41138220325337	
7303	 0.02210294656577736	 12.169776549607633	
7304	 0.021842324518596877	 11.931555709594539	
7305	 0.021589694577414244	 11.702441500684367	
7306	 0.021351603976443718	 11.488142766328966	
7307	 0.02113704662577708	 11.296385124387115	
7308	 0.02094623882987159	 11.12693966201087	
7309	 0.020761693087177648	 10.964031108710383	
7310	 0.020580671008279556	 10.805168199370122	
7311	 0.02036302807237108	 10.615397173178827	
7312	 0.020095396866902208	 10.383887169883224	
7313	 0.019846252921517215	 10.170208365462553	
7314	 0.020549615659992148	 10.778007645640821	
7315	 0.020674810345888767	 10.887668062351475	
7316	 0.020334871493088363	 10.590944728700963	
7317	 0.020012811715531025	 10.31286098657149	
7318	 0.019736242567145398	 10.07642410593996	
7319	 0.019493873357225903	 9.871031741455964	
7320	 0.019265152563159478	 9.678760324723804	
7321	 0.019049540008297335	 9.498896082002096	
7322	 0.01885078325258092	 9.334290534856835	
7323	 0.018667112779244675	 9.18320402911438	
7324	 0.018537083063272838	 9.076839187178766	
7325	 0.018376609169170055	 8.946255133589666	
7326	 0.018209863989412406	 8.811370942338113	
7327	 0.018050916846952675	 8.683558956125577	
7328	 0.017895999229677276	 8.559707057447122	
7329	 0.017768385720492316	 8.458219218478964	
7330	 0.01767043209093096	 8.380647937883733	
7331	 0.017555315239369977	 8.289850566538963	
7332	 0.01745353038659093	 8.20989857655455	
7333	 0.017351260973393234	 8.129878422703745	
7334	 0.017236431633596994	 8.040404841991688	
7335	 0.017108801381410764	 7.941422258760656	
7336	 0.016969060633407803	 7.833610676402583	
7337	 0.016827575590207682	 7.725054725732871	
7338	 0.016689443958923206	 7.619657091435405	
7339	 0.016598879791472575	 7.550869205129315	
7340	 0.016532182976349185	 7.5003694030251475	
7341	 0.016450103312780868	 7.438408599691249	
7342	 0.016347197936097336	 7.3610174946123035	
7343	 0.016258931361675836	 7.2948938597596875	
7344	 0.01616368496226149	 7.223809367333094	
7345	 0.016106155863239668	 7.181009101092958	
7346	 0.01605716315295883	 7.144639958107707	
7347	 0.01594616934072594	 7.06251853929787	
7348	 0.01592998291044283	 7.050574366650389	
7349	 0.015973940536696457	 7.08303009290644	
7350	 0.016051831871187944	 7.140686803088288	
7351	 0.016142675187339816	 7.208166807905155	
7352	 0.016497620803542466	 7.47425383863843	
7353	 0.017268430515305383	 8.065298156069673	
7354	 0.018337707512626224	 8.914713359952723	
7355	 0.019489014640246348	 9.866931601553558	
7356	 0.020642097926075537	 10.858971782079001	
7357	 0.022016305109466124	 12.090373196916806	
7358	 0.023795747796512275	 13.762518320529445	
7359	 0.026447968373201312	 16.41293222151794	
7360	 0.027571761420957446	 17.591646971063742	
7361	 0.028779548711974575	 18.894654158025332	
7362	 0.03022064197276272	 20.497699601348913	
7363	 0.03220368736108736	 22.7881105442331	
7364	 0.03600259960791261	 27.44239949080233	
7365	 0.03893288560667217	 31.26511070229785	
7366	 0.04140166606297497	 34.638734053119556	
7367	 0.04249891300460528	 36.182231802083784	
7368	 0.04374574593227653	 37.968667715364894	
7369	 0.04534495694136924	 40.310108856239054	
7370	 0.04664356965770736	 42.252454970441505	
7371	 0.048026899171007595	 44.36153451955651	
7372	 0.04962630762274601	 46.851005940499	
7373	 0.050673159302737004	 48.509740471224404	
7374	 0.05061712935534665	 48.42037704405399	
7375	 0.050292687096711045	 47.90421357913975	
7376	 0.0493539760895931	 46.42328746927576	
7377	 0.048530069572915266	 45.13885145963962	
7378	 0.04784240475044171	 44.07787504520862	
7379	 0.047257443927773264	 43.1833198898543	
7380	 0.04676530962611736	 42.436413388169065	
7381	 0.046395956445581595	 41.87927949604362	
7382	 0.04600124997830085	 41.28716243285224	
7383	 0.04561063648025122	 40.704510436551914	
7384	 0.04534018749112731	 40.303042641651395	
7385	 0.045023541110446895	 39.83502219551794	
7386	 0.04470025991147427	 39.359453694040646	
7387	 0.04432597983976262	 38.81171993769508	
7388	 0.04400838495902135	 38.349352246234474	
7389	 0.0437987660920179	 38.04539586245777	
7390	 0.04361943034054205	 37.78611979095251	
7391	 0.043445950136069514	 37.5359847147392	
7392	 0.043274634694120066	 37.289623512978075	
7393	 0.04310400991823821	 37.044900944756144	
7394	 0.04292334361423688	 36.78647911447553	
7395	 0.04271595796556447	 36.49073115967024	
7396	 0.04247720397902782	 36.15143308325716	
7397	 0.04221262867987776	 35.77692224630699	
7398	 0.04192351790275104	 35.36946669740497	
7399	 0.04161038816162355	 34.930268698126454	
7400	 0.04128370540470404	 34.474403868568736	
7401	 0.0410020482377716	 34.08329458988396	
7402	 0.040692694977680285	 33.655785905293016	
7403	 0.04035587544503916	 33.19277811583979	
7404	 0.0399931441611947	 32.697024214838734	
7405	 0.039592629039612	 32.15310232473713	
7406	 0.0391943378298246	 31.615826088682816	
7407	 0.03880071988815149	 31.088417822175323	
7408	 0.0384729607295299	 30.651965629671984	
7409	 0.03809729985397903	 30.154766839731977	
7410	 0.037680100816234026	 29.606409475561293	
7411	 0.03778969924003998	 29.750073316856426	
7412	 0.03721313472728934	 28.997423187806046	
7413	 0.036684197937975005	 28.31374793561188	
7414	 0.03619220667074509	 27.683696961941347	
7415	 0.035720141881879205	 27.08450732076908	
7416	 0.03525576311284674	 26.500201749837064	
7417	 0.034805865606678935	 25.93898906877528	
7418	 0.03435909872173852	 25.386446839138415	
7419	 0.033926719912465805	 24.856240189484854	
7420	 0.033454611923500646	 24.282439118856765	
7421	 0.033006743318062866	 23.743064608223406	
7422	 0.032573963136024696	 23.226475642309545	
7423	 0.0321480725304069	 22.722557636562463	
7424	 0.031731631328469484	 22.234104760844904	
7425	 0.0313584813370109	 21.80004305213558	
7426	 0.030993245337321264	 21.378508593249503	
7427	 0.030626161184555682	 20.95816496056883	
7428	 0.030319065400165497	 20.609082808968267	
7429	 0.030124389221360858	 20.38900653113077	
7430	 0.02991511603524318	 20.1534839631649	
7431	 0.02968463298922281	 19.895359341773236	
7432	 0.02936507512317527	 19.539682754356804	
7433	 0.028970855916164644	 19.104449368739257	
7434	 0.02855862327191469	 18.653532741890313	
7435	 0.028213280649692377	 18.27910648733729	
7436	 0.02820312850929429	 18.26814534942777	
7437	 0.030434534867848303	 20.740064176046747	
7438	 0.035817288622104475	 27.207386460181826	
7439	 0.03745056849345831	 29.306435940985004	
7440	 0.03639373669722033	 27.94109331466623	
7441	 0.03511588791832078	 26.325203569048146	
7442	 0.03416033207360136	 25.14215238371859	
7443	 0.03345380373674123	 24.28146144659058	
7444	 0.03292675428131921	 23.647243265263246	
7445	 0.03249102078674677	 23.12799090646307	
7446	 0.03209614282800907	 22.661416584166957	
7447	 0.031709737106508235	 22.208542126378287	
7448	 0.03132950840371186	 21.766483994341826	
7449	 0.03095234343052245	 21.331507112724474	
7450	 0.030589870326072716	 20.916790238971473	
7451	 0.030224023812713083	 20.501522734622146	
7452	 0.029851546506458642	 20.08215771543338	
7453	 0.029474533592001438	 19.661223966714665	
7454	 0.029096385006887333	 19.242612712579348	
7455	 0.028720189607419663	 18.829747043475813	
7456	 0.028298848720374803	 18.37159771656691	
7457	 0.027897809862510673	 17.93972705864042	
7458	 0.02751909825333864	 17.535681384081723	
7459	 0.02716388162301727	 17.16005583256326	
7460	 0.026839580463058517	 16.819968811873316	
7461	 0.026560786910790144	 16.52978522092804	
7462	 0.02630503988437237	 16.265369075881434	
7463	 0.026061546468677508	 16.01520931635656	
7464	 0.025826254947171123	 15.774951683492242	
7465	 0.02559061075282666	 15.535792053421956	
7466	 0.025352817092357354	 15.29593466638734	
7467	 0.02512286032141149	 15.065404176962426	
7468	 0.024906121613584718	 14.849408518504788	
7469	 0.024697988925202707	 14.643165373701748	
7470	 0.02449720905760531	 14.445303202182464	
7471	 0.02434489471921939	 14.295921315459642	
7472	 0.024168271154514913	 14.123476856504228	
7473	 0.02401373853736915	 13.973288014588043	
7474	 0.0238861168141704	 13.849738315541979	
7475	 0.023763122624428545	 13.73108418234874	
7476	 0.023648929454853092	 13.62128639124648	
7477	 0.023574784085501618	 13.550183845427386	
7478	 0.023478780776251245	 13.458341656725894	
7479	 0.02333645346139615	 13.322643491720466	
7480	 0.023199277922874035	 13.192378225786742	
7481	 0.023047704263768343	 13.049036192193713	
7482	 0.02288473937731654	 12.895621152470769	
7483	 0.022708497991625994	 12.730525483937743	
7484	 0.02252745657618051	 12.561820497739204	
7485	 0.022360585114036553	 12.407118226860307	
7486	 0.02221093844256088	 12.269037541636155	
7487	 0.02209007143106812	 12.157963864653912	
7488	 0.021986564273464793	 12.063164887147396	
7489	 0.02188198649047093	 11.9676870443851	
7490	 0.021771939825239495	 11.867544168603217	
7491	 0.02165507798366388	 11.76156829279846	
7492	 0.02147397063274866	 11.598083718665292	
7493	 0.02130488389538706	 11.446277419000287	
7494	 0.021119387896733892	 11.280660423002844	
7495	 0.020932219394042065	 11.114530225578237	
7496	 0.020859458907991693	 11.05021460200934	
7497	 0.02106588877567992	 11.233074157573865	
7498	 0.0209487685060626	 11.129179418726576	
7499	 0.020762103224519247	 10.964392093093467	
7500	 0.020612561324511624	 10.833087452578145	
7501	 0.020485575515557453	 10.722085438391206	
7502	 0.020349195291094736	 10.603381342803482	
7503	 0.020216380873566454	 10.488289498606411	
7504	 0.0200709446925271	 10.362837107043557	
7505	 0.019943999385435864	 10.253828941306642	
7506	 0.01985235833547545	 10.17542343045188	
7507	 0.02053945565475902	 10.769127790493078	
7508	 0.020393339703045573	 10.641746367516133	
7509	 0.020421901417191354	 10.666598304199582	
7510	 0.020192778554074833	 10.46788924228754	
7511	 0.019994014805307263	 10.296722222750965	
7512	 0.01986141628297827	 10.183162432769826	
7513	 0.01976105817941881	 10.097549152116748	
7514	 0.019667709902984064	 10.01817555070582	
7515	 0.019568164797388075	 9.933809102126645	
7516	 0.01941345162123451	 9.803253750698987	
7517	 0.01926493496993	 9.678578128330555	
7518	 0.019111772239372857	 9.550671696526548	
7519	 0.018964259569778732	 9.428127917525	
7520	 0.018815621755146516	 9.305290543852488	
7521	 0.01869443191767686	 9.205614171009326	
7522	 0.018583964852370204	 9.115131538669758	
7523	 0.018463198067089404	 9.016621980283576	
7524	 0.018331514430265747	 8.909696071705593	
7525	 0.018189294533383187	 8.794788642472476	
7526	 0.018061104189271482	 8.691728349873461	
7527	 0.01794367496879144	 8.597746531935973	
7528	 0.0178234706247992	 8.501967472091314	
7529	 0.01772660480237871	 8.42509717926867	
7530	 0.017647051049956074	 8.362174343631711	
7531	 0.01757435778086466	 8.304842881980242	
7532	 0.017500775441931862	 8.246971017968967	
7533	 0.017416104109461893	 8.180578218173718	
7534	 0.01731275953569287	 8.099834455247294	
7535	 0.017196047437550342	 8.009032181626408	
7536	 0.017079486063709973	 7.918756310579846	
7537	 0.01697390449232465	 7.837337902491607	
7538	 0.016877603420211867	 7.763369869173026	
7539	 0.016783666583515964	 7.691488357011737	
7540	 0.016683837525567968	 7.615391489367709	
7541	 0.016587712683669178	 7.542404531544617	
7542	 0.016494438223909634	 7.471850878168459	
7543	 0.016401298611451898	 7.401664131790447	
7544	 0.016315078066335087	 7.336927735528376	
7545	 0.016249994377015194	 7.288212156915655	
7546	 0.01619133483910945	 7.2444163957471	
7547	 0.01612234433654156	 7.193042648872118	
7548	 0.016055630657912885	 7.1435035206493565	
7549	 0.015989500344827483	 7.094532824448942	
7550	 0.01593466529962178	 7.054028729807105	
7551	 0.015873768833152845	 7.009156123524125	
7552	 0.015809506749733648	 6.961927801147447	
7553	 0.015744124093637596	 6.914007105104872	
7554	 0.015672663642106333	 6.86178337057948	
7555	 0.01559092141662394	 6.802240020375803	
7556	 0.015505258361592406	 6.740063578883796	
7557	 0.015414360551694078	 6.674337594013842	
7558	 0.015335283028159515	 6.61736831214968	
7559	 0.015270661371607012	 6.570958521916136	
7560	 0.01521698561316299	 6.5325092182984426	
7561	 0.015171573845157197	 6.5000501399778905	
7562	 0.015131039359604465	 6.471131862181736	
7563	 0.01509408583743432	 6.444813292243538	
7564	 0.015049570217329451	 6.413165937879628	
7565	 0.015002584279717611	 6.37983000082948	
7566	 0.014953209426911931	 6.344874081798455	
7567	 0.014901189566093702	 6.308128728623747	
7568	 0.014853633853285825	 6.2746114584735855	
7569	 0.01482232155395704	 6.25258156067734	
7570	 0.014803776885029622	 6.2395489990821424	
7571	 0.014784173417361225	 6.225784178726617	
7572	 0.01477106157989396	 6.216584325495717	
7573	 0.014754544878749914	 6.2050032136135185	
7574	 0.014725377829793313	 6.184573084923254	
7575	 0.014683285588101955	 6.155137006759575	
7576	 0.014634233800372619	 6.120904869915194	
7577	 0.014580184843141783	 6.083273805986559	
7578	 0.014522345559299748	 6.043106650427902	
7579	 0.014455978658343019	 5.99714862448959	
7580	 0.014383730196081036	 5.9472773857981265	
7581	 0.014311917451416408	 5.897872126914232	
7582	 0.014250578954599542	 5.8558035103678305	
7583	 0.014197742609470085	 5.819662672883657	
7584	 0.014154920305692847	 5.790437284268626	
7585	 0.01411541630008851	 5.763528784230351	
7586	 0.014076291976903528	 5.736928345337819	
7587	 0.014040769062032905	 5.7128191387194995	
7588	 0.014005269885891992	 5.6887666324065975	
7589	 0.013973028897007318	 5.6669569034311325	
7590	 0.013944808947548489	 5.647894756950139	
7591	 0.013917625672309563	 5.629557169025484	
7592	 0.013892557419479349	 5.61266750467326	
7593	 0.013873291558042858	 5.599700983809314	
7594	 0.013852215771244151	 5.585530070032878	
7595	 0.013817868811064884	 5.5624666872700255	
7596	 0.013784964155564561	 5.540407602106098	
7597	 0.013757205793194578	 5.521825835786382	
7598	 0.013728618666825105	 5.502715393860926	
7599	 0.013695935001228716	 5.480898905432422	
7600	 0.013671008722293009	 5.464283815214353	
7601	 0.01363830637722738	 5.4425160515765585	
7602	 0.013595331889553417	 5.413963680582097	
7603	 0.013546644820242737	 5.381688478942323	
7604	 0.013500679020405885	 5.351288120139981	
7605	 0.01345557434573947	 5.3215242822928275	
7606	 0.01341264930591531	 5.29326045075359	
7607	 0.013372320937998882	 5.266761269486163	
7608	 0.013336713159897004	 5.243408160737601	
7609	 0.01330751872155265	 5.224292177456525	
7610	 0.013284080845583433	 5.208965702457536	
7611	 0.013261925027407756	 5.194494155026799	
7612	 0.013234248433080655	 5.176439225271136	
7613	 0.013203432635154522	 5.156366021088212	
7614	 0.01317272783965763	 5.1363961633021455	
7615	 0.013142641703446778	 5.116858747825203	
7616	 0.013113390889824494	 5.0978923408052275	
7617	 0.013085993594588268	 5.080153327282409	
7618	 0.01304783707602937	 5.055489233843752	
7619	 0.01298276042441883	 5.013535019736671	
7620	 0.012921174811212128	 4.973960339912429	
7621	 0.012875177179739144	 4.944484330841753	
7622	 0.012847448899697309	 4.9267494809753964	
7623	 0.012823769390271248	 4.911624387270918	
7624	 0.012790344303422787	 4.8903060593001735	
7625	 0.012759443542248797	 4.8706307416226124	
7626	 0.012728469418920422	 4.850940566285315	
7627	 0.012692555984592182	 4.828150442581266	
7628	 0.012654820885365044	 4.804250590716533	
7629	 0.012631262051214691	 4.789353462580797	
7630	 0.012591797649370809	 4.764440135437229	
7631	 0.012558507628269213	 4.743465039787342	
7632	 0.012529359600283046	 4.7251301043538065	
7633	 0.012504418682357172	 4.709464117708957	
7634	 0.012506419939983053	 4.710720387460064	
7635	 0.012517021324069387	 4.717377537158004	
7636	 0.012524573597465177	 4.722122288160033	
7637	 0.012530020563659074	 4.725545554273533	
7638	 0.0125310897113299	 4.726217600220423	
7639	 0.012526471098681151	 4.723314702044748	
7640	 0.012516914523340033	 4.717310452783373	
7641	 0.01250198660779447	 4.707937587290095	
7642	 0.012487107181253424	 4.698602588635075	
7643	 0.012492016866857915	 4.7016819894396304	
7644	 0.012507492552415388	 4.711393764510426	
7645	 0.01251546443127494	 4.716399649209005	
7646	 0.012503066719608907	 4.70861551227521	
7647	 0.012468954607746162	 4.687224133604524	
7648	 0.012413835407919772	 4.652741803209628	
7649	 0.012332437301942223	 4.6020059397746635	
7650	 0.012254617482659984	 4.553708720171772	
7651	 0.012194871299855557	 4.516766953898198	
7652	 0.012151951248698023	 4.490303322327274	
7653	 0.012117823046935311	 4.469304983820782	
7654	 0.01208829503399629	 4.451168822759448	
7655	 0.01216401325692239	 4.497734226895194	
7656	 0.012218058478207491	 4.531089565766839	
7657	 0.012201550404318803	 4.520890745625323	
7658	 0.012155253249920592	 4.492337060184864	
7659	 0.012102801756335817	 4.460075192749278	
7660	 0.012032398742927873	 4.416918039895447	
7661	 0.01196255929372427	 4.374272357689508	
7662	 0.011898829302864507	 4.335501808679721	
7663	 0.011844636805108217	 4.302642161421636	
7664	 0.011800558218163344	 4.275988884694501	
7665	 0.011775901150543116	 4.261108247364955	
7666	 0.011744875727946951	 4.242413776112662	
7667	 0.01170049017360194	 4.215726310402773	
7668	 0.011654827199336571	 4.188341123015799	
7669	 0.01160909132166581	 4.1609838208116425	
7670	 0.011562594925426776	 4.133245166461769	
7671	 0.011515220533998364	 4.105059102000269	
7672	 0.011472016973605987	 4.079421834355062	
7673	 0.011426782529735035	 4.0526483186945	
7674	 0.011380460224390524	 4.0253040473019945	
7675	 0.011332950659165382	 3.9973359047641965	
7676	 0.011286616129092219	 3.970134670064974	
7677	 0.011251264514230282	 3.9494310796297434	
7678	 0.01123030962684874	 3.9371793464859657	
7679	 0.011217883429830414	 3.92992129201812	
7680	 0.011212884753009654	 3.9270031110311803	
7681	 0.011212159138436121	 3.9265795760705755	
7682	 0.011211152341255245	 3.925991947516374	
7683	 0.011208853380318658	 3.924650264862865	
7684	 0.011204825913535634	 3.9223002615773526	
7685	 0.011203368522676931	 3.921450021280656	
7686	 0.011204336677581615	 3.9220148336143827	
7687	 0.011208053437256615	 3.9241834579621586	
7688	 0.011214290229217464	 3.927823527329692	
7689	 0.011218313711158851	 3.9301725267816	
7690	 0.011202578624312858	 3.9209892262153443	
7691	 0.011179490657336968	 3.907530202253669	
7692	 0.011168951013121197	 3.9013923205864702	
7693	 0.011166082933480667	 3.8997227298824266	
7694	 0.01116598008323024	 3.8996628631368115	
7695	 0.01116508875936244	 3.899144059581622	
7696	 0.011163359644469972	 3.8981376905090763	
7697	 0.011159552071129751	 3.8959219958795384	
7698	 0.011154883507497692	 3.8932059634375986	
7699	 0.011150404355930787	 3.890600837558219	
7700	 0.011147268198925387	 3.8887772278913655	
7701	 0.011154146039179087	 3.8927769954461366	
7702	 0.011145368766511194	 3.887672913985225	
7703	 0.01114038938066394	 3.8847785368264955	
7704	 0.011137801096299117	 3.883274380420645	
7705	 0.011133950154519467	 3.881036874133426	
7706	 0.01112279838911159	 3.8745602926473404	
7707	 0.011109897951742087	 3.8670735382357373	
7708	 0.011097800602119186	 3.860058118442707	
7709	 0.01108672713127214	 3.8536409276026014	
7710	 0.011076636075300428	 3.8477967762538987	
7711	 0.011070101609269615	 3.844014287215515	
7712	 0.01107669322964344	 3.8478298667267263	
7713	 0.011087904121913465	 3.8543228029895276	
7714	 0.011086557325530936	 3.85354255666988	
7715	 0.011085512172560132	 3.8529371064881794	
7716	 0.01108093358554716	 3.8502852099272595	
7717	 0.011068456192099776	 3.8430620686553376	
7718	 0.011050302194789325	 3.832562442902002	
7719	 0.011028197532604934	 3.8197934109873035	
7720	 0.011010021802907029	 3.8093067495838078	
7721	 0.010991611557646254	 3.798696541232652	
7722	 0.010975784335261233	 3.789584448142564	
7723	 0.010964694516996913	 3.783205003204239	
7724	 0.010963634350020691	 3.782595364736399	
7725	 0.01097861031080061	 3.791210784769943	
7726	 0.01099708705917271	 3.8018509501244515	
7727	 0.011011226790781054	 3.8100016219431714	
7728	 0.011019397306522676	 3.8147145962203233	
7729	 0.011023004228413659	 3.816795907688541	
7730	 0.011024364358094195	 3.8175808647365455	
7731	 0.01103598038247837	 3.82428732631628	
7732	 0.01106744102726244	 3.8424746301818575	
7733	 0.011111457799843927	 3.867978486484473	
7734	 0.011152532989946047	 3.8918387885183274	
7735	 0.011187283146350759	 3.91207072819143	
7736	 0.011218660692319977	 3.9303751285156165	
7737	 0.011261553699433042	 3.9554524493072125	
7738	 0.011330864264595248	 3.99610946510045	
7739	 0.01139532081563439	 4.034068255142151	
7740	 0.011452600755836552	 4.067921059765912	
7741	 0.011497252362170144	 4.0943888713012235	
7742	 0.011536240811954512	 4.117555892329789	
7743	 0.011572599190682594	 4.139207208411678	
7744	 0.011600207441607521	 4.1556781728487495	
7745	 0.011629510774237671	 4.173189027808951	
7746	 0.011643609033433394	 4.181624245377294	
7747	 0.011620556425573287	 4.167835033885719	
7748	 0.011669624672041471	 4.197207705103725	
7749	 0.011712928472842629	 4.22319822588011	
7750	 0.011845969621358593	 4.3034491154577665	
7751	 0.012200149628836962	 4.5200257584775425	
7752	 0.012999787169406175	 5.024498468198994	
7753	 0.014293360902326819	 5.8851325288182625	
7754	 0.015480210549666074	 6.721926407138593	
7755	 0.01706510374688791	 7.907645701977408	
7756	 0.01879884364920553	 9.291465264182236	
7757	 0.021429375307682838	 11.557968315700837	
7758	 0.023225857219065803	 13.217578580647537	
7759	 0.023447320199960237	 13.428299066043609	
7760	 0.022722566196861017	 12.743672737357555	
7761	 0.022172655571501197	 12.233812849967551	
7762	 0.021871209848555204	 11.957865396155471	
7763	 0.021685237303742947	 11.788881790386867	
7764	 0.0215755682410558	 11.689682591841128	
7765	 0.021512010747570157	 11.632346354562962	
7766	 0.0214854159633641	 11.608388247117997	
7767	 0.021503426863960208	 11.624611340331313	
7768	 0.021434884210948673	 11.562920799881578	
7769	 0.021358267085006512	 11.49411848481123	
7770	 0.021270037051946387	 11.41509136686221	
7771	 0.02116368779405563	 11.32012506335911	
7772	 0.021051107946937476	 11.219941132296894	
7773	 0.02094188815491482	 11.123088028122853	
7774	 0.02083468521337575	 11.028350320184533	
7775	 0.02072372084117887	 10.930630250605283	
7776	 0.020607652056700596	 10.828787622615446	
7777	 0.020489880717876188	 10.725841250268036	
7778	 0.0203706450651601	 10.622015989467878	
7779	 0.020246474380181397	 10.514323337014602	
7780	 0.02011027886273967	 10.396706947374506	
7781	 0.019972313106785013	 10.278102025104372	
7782	 0.01983160907169531	 10.157704378670088	
7783	 0.019693014223702253	 10.039666938640485	
7784	 0.019561741729493834	 9.928375229513748	
7785	 0.019439087350779174	 9.824838798315797	
7786	 0.019328375166418842	 9.731756319713512	
7787	 0.01920767409286778	 9.630679826074841	
7788	 0.019091847588888784	 9.534082649017154	
7789	 0.018982155409424932	 9.442960848566543	
7790	 0.018881919109879557	 9.360000440977968	
7791	 0.01878786301382378	 9.282421593914977	
7792	 0.018700869934346262	 9.210898516355709	
7793	 0.01861999215627405	 9.144601907477899	
7794	 0.018545296357130432	 9.083543024853554	
7795	 0.018479314202113493	 9.029743160853226	
7796	 0.018428239660750488	 8.988186336448978	
7797	 0.018383019966395457	 8.951457335301471	
7798	 0.018336622731551996	 8.91383444950383	
7799	 0.018287854067439168	 8.87435696084214	
7800	 0.018237887098849097	 8.833982190582077	
7801	 0.01818795747968649	 8.793711194002828	
7802	 0.018141439061735595	 8.756257778120315	
7803	 0.018097622863450454	 8.721038506639417	
7804	 0.018058669488388367	 8.689775644623563	
7805	 0.018015770038945444	 8.6553977593538	
7806	 0.017971709939050482	 8.620146539952094	
7807	 0.017925846388487054	 8.583513583401889	
7808	 0.01787529317446548	 8.543207149665443	
7809	 0.017819359217873355	 8.49869908880077	
7810	 0.017761785723059555	 8.452983579385306	
7811	 0.017695704225956427	 8.400634038517635	
7812	 0.017625787921015844	 8.345388293680502	
7813	 0.017547902782791915	 8.28401762196609	
7814	 0.01745929466784156	 8.214418137260914	
7815	 0.017362278806973497	 8.138484195474463	
7816	 0.017255313345720422	 8.055090019883675	
7817	 0.01715539349955448	 7.977499543674969	
7818	 0.017061314757612037	 7.9047196755034275	
7819	 0.016973668843792113	 7.8371565605352025	
7820	 0.0168915657181875	 7.774076797203071	
7821	 0.016816606859305864	 7.716664169217592	
7822	 0.016737541271320724	 7.656290723800942	
7823	 0.016659067489858452	 7.596556878681954	
7824	 0.016587815353175956	 7.542482337786461	
7825	 0.016521659898486318	 7.492414189857222	
7826	 0.016454695872307384	 7.441870028128893	
7827	 0.016382863739152796	 7.38780368414722	
7828	 0.01632786462707522	 7.346513814718014	
7829	 0.016287348053262065	 7.3161557628493785	
7830	 0.016202576142730768	 7.252801079099103	
7831	 0.016104828324735143	 7.180022645536995	
7832	 0.01601437569503966	 7.112937661673787	
7833	 0.015946324432228855	 7.062633022400601	
7834	 0.01585557927874583	 6.995775062386714	
7835	 0.01576986361225028	 6.932856484281909	
7836	 0.01569631836106464	 6.879052845533236	
7837	 0.015775806726154078	 6.937211619338225	
7838	 0.015945025751845605	 7.0616744050503835	
7839	 0.015925135902754767	 7.046999271583734	
7840	 0.016030489440198862	 7.124870117978489	
7841	 0.016126216167548803	 7.1959219318478045	
7842	 0.016038429101202133	 7.130752491106084	
7843	 0.016693344745719225	 7.622625531991387	
7844	 0.01772646833668575	 8.42498908056738	
7845	 0.020383747443487903	 10.63340521387299	
7846	 0.022026881231006677	 12.100054637544016	
7847	 0.02265713139727896	 12.68256762572723	
7848	 0.023357330317603273	 13.342513537868276	
7849	 0.024521523563008442	 14.469207054028589	
7850	 0.027247396744719002	 17.248076657377425	
7851	 0.029552978175793478	 19.748513127753288	
7852	 0.02997500922974305	 20.220777808052606	
7853	 0.029711720910438832	 19.9256268451021	
7854	 0.029234963219655387	 19.395600680200975	
7855	 0.028609909301196706	 18.70939667297049	
7856	 0.0281405740530896	 18.20066413515238	
7857	 0.027812738630137973	 17.848644467589004	
7858	 0.027554111793921903	 17.57288261843346	
7859	 0.02732826126983222	 17.333475449084975	
7860	 0.027106448694000317	 17.099628931227357	
7861	 0.02688620814544994	 16.86869847590827	
7862	 0.026655706813588545	 16.628356215500073	
7863	 0.0264019925660837	 16.365407432506785	
7864	 0.026110831351480696	 16.065718288958458	
7865	 0.02581242602013949	 15.76087610311207	
7866	 0.025514448183525492	 15.458806031335234	
7867	 0.025223450795680714	 15.166073302345133	
7868	 0.024942469436870496	 14.885544627840101	
7869	 0.02467473995919114	 14.620199156880828	
7870	 0.024416356532526017	 14.365929952947992	
7871	 0.024166949321808264	 14.122189456923769	
7872	 0.023924242725369495	 13.88660176419475	
7873	 0.023689952562759325	 13.660689904514918	
7874	 0.02347788832292046	 13.457489057821848	
7875	 0.023287856477547532	 13.276436044428735	
7876	 0.02312692767589867	 13.123879020544162	
7877	 0.02298293149265064	 12.987972251412254	
7878	 0.02284536344988742	 12.858661605745008	
7879	 0.022733633189506004	 12.754019062006522	
7880	 0.022652493379937015	 12.67824095599441	
7881	 0.022600873277969308	 12.63012595484571	
7882	 0.02253464450221733	 12.568501459066665	
7883	 0.02246120948542488	 12.500312736382957	
7884	 0.022404810390242412	 12.448043654160333	
7885	 0.02234172641118529	 12.389683056217619	
7886	 0.022272399432029476	 12.325673488104576	
7887	 0.02219987189780022	 12.258850871508606	
7888	 0.02214019342280696	 12.203975647377373	
7889	 0.022082968219312063	 12.151448770668424	
7890	 0.02202615442506922	 12.099389216148671	
7891	 0.021968800525888458	 12.046925477017911	
7892	 0.021909463882792076	 11.992744066802777	
7893	 0.0218496699512336	 11.938243967736287	
7894	 0.021777723158575263	 11.872798641509718	
7895	 0.021702850295761987	 11.804844546375126	
7896	 0.02161526738899555	 11.725553026850575	
7897	 0.02153198067549363	 11.650349397549016	
7898	 0.021458048746756764	 11.583754919820985	
7899	 0.021377946389557204	 11.511774858171545	
7900	 0.021286649198048114	 11.429954099849146	
7901	 0.02119203588771413	 11.345407930534323	
7902	 0.021093262962569477	 11.257412828807537	
7903	 0.020986396340279156	 11.162516111479801	
7904	 0.020877666259598564	 11.066294731099687	
7905	 0.02076984257946559	 10.971204815350777	
7906	 0.020673136519905374	 10.886198998501367	
7907	 0.020597701829156625	 10.820074713630087	
7908	 0.020495415291959085	 10.730670325698973	
7909	 0.020375938558023048	 10.626616763107307	
7910	 0.020269847705031523	 10.534561366923374	
7911	 0.020170894005625214	 10.448987909204844	
7912	 0.02003383912957372	 10.33092680869393	
7913	 0.019898980939961237	 10.215282340563478	
7914	 0.019770560282971236	 10.105642792213747	
7915	 0.019705507637481905	 10.05028459849817	
7916	 0.019615171529900707	 9.973612674260773	
7917	 0.020034720575878663	 10.331684384476347	
7918	 0.02013354157670789	 10.416758788002136	
7919	 0.019960344675130418	 10.267838801587061	
7920	 0.019781648387781993	 10.115090625368016	
7921	 0.019627038899822948	 9.983671590394824	
7922	 0.019491182725538084	 9.868761105929902	
7923	 0.019368060986891412	 9.765081849314821	
7924	 0.019244188184500764	 9.661212614788418	
7925	 0.019125372047409137	 9.562001372166883	
7926	 0.019010998878619744	 9.466887327220986	
7927	 0.018896601311835782	 9.372133832774493	
7928	 0.018781457666041633	 9.277147765330298	
7929	 0.01881563018176019	 9.30529748950836	
7930	 0.01875774723535466	 9.25763627019553	
7931	 0.018648009776477584	 9.167546642224925	
7932	 0.01851684988805832	 9.060332953887816	
7933	 0.018373183528397216	 8.943475807643704	
7934	 0.018223365022846445	 8.822261744111861	
7935	 0.018070788013982438	 8.699496813251665	
7936	 0.017922078482097526	 8.580506788176496	
7937	 0.01776840488895055	 8.458234426302068	
7938	 0.0176143087247772	 8.336331719691525	
7939	 0.017479727831498308	 8.230447041781593	
7940	 0.017355002150085036	 8.13280016017349	
7941	 0.017232540434017847	 8.037379808914014	
7942	 0.017107769890986113	 7.940624293606903	
7943	 0.016981000251364318	 7.842799188692059	
7944	 0.016853353747146783	 7.744788142966726	
7945	 0.016726891886707826	 7.648173493028957	
7946	 0.01660356609480681	 7.554422556718477	
7947	 0.016484975452035915	 7.46470797565432	
7948	 0.016364700246221237	 7.374157441239115	
7949	 0.016250461667077092	 7.2885614638832	
7950	 0.016141907141774502	 7.207595226399959	
7951	 0.01603746821208747	 7.1300404798103365	
7952	 0.01593478102158264	 7.054114110537034	
7953	 0.01583716295632786	 6.982237602475583	
7954	 0.015738396124388234	 6.909815232537862	
7955	 0.0156363109590997	 6.835277418344084	
7956	 0.015547881669248797	 6.770972121890618	
7957	 0.01544646800769203	 6.697524279280026	
7958	 0.015325932472738352	 6.610644874435534	
7959	 0.015199531732228384	 6.520026014473863	
7960	 0.015072885995318324	 6.429733981270074	
7961	 0.014940331955419259	 6.335769851405617	
7962	 0.014811249160970593	 6.244798951655024	
7963	 0.014704098469148889	 6.169684914791194	
7964	 0.014607560439094003	 6.102322198587368	
7965	 0.014518392484269126	 6.04036527894651	
7966	 0.014434280177686639	 5.98215322620967	
7967	 0.014352273371453996	 5.925615637349116	
7968	 0.014271821704468687	 5.870359079042334	
7969	 0.01418900166124499	 5.8136923657927895	
7970	 0.014102857329711869	 5.754984636930833	
7971	 0.01401442119598433	 5.6949632291190495	
7972	 0.013925639823811222	 5.634960962298115	
7973	 0.013845775576449908	 5.58120268452275	
7974	 0.013771092363371415	 5.531118543952346	
7975	 0.013699667190614318	 5.483388404536594	
7976	 0.013630167185599451	 5.437103738743738	
7977	 0.013554983839922647	 5.38721102895922	
7978	 0.013451348648712783	 5.318739216581767	
7979	 0.013290095469020657	 5.2128970615706764	
7980	 0.013186166271612907	 5.145132468212228	
7981	 0.013078961968935609	 5.0756045276341455	
7982	 0.01297550338933912	 5.008865157708417	
7983	 0.012876357293212811	 4.9452396901366695	
7984	 0.012786728749968605	 4.888002303635531	
7985	 0.012700122295181505	 4.832948339398025	
7986	 0.012619342152339211	 4.781823118555437	
7987	 0.012555564156986861	 4.741612223794532	
7988	 0.012516068189099448	 4.716778861262596	
7989	 0.012490869912279897	 4.700962536541971	
7990	 0.012455274080769428	 4.6786561549872285	
7991	 0.0124138314619901	 4.652739338299928	
7992	 0.01237709692136726	 4.629814963226866	
7993	 0.012347100358443054	 4.611129063872304	
7994	 0.012317108979616308	 4.5924766257608844	
7995	 0.012284170833921056	 4.572026374346557	
7996	 0.012249154823926548	 4.5503260958415055	
7997	 0.012211301810627398	 4.526914131206284	
7998	 0.012171318071664388	 4.502236810451117	
7999	 0.012130036347852783	 4.476815037778003	
8000	 0.012087534846126298	 4.450702303479655	
8001	 0.012037295128285053	 4.419914098940962	
8002	 0.011953580441160797	 4.368801661130629	
8003	 0.01183607689857276	 4.297461006092005	
8004	 0.011785716705663054	 4.267029487430636	
8005	 0.01173609378042687	 4.237128156336903	
8006	 0.011690710348116133	 4.209855106310476	
8007	 0.01164764339066187	 4.1840393205067485	
8008	 0.011609277437670767	 4.161095002327701	
8009	 0.011571052750212259	 4.13828538259565	
8010	 0.011534797966757004	 4.1166976190908855	
8011	 0.011500224932796014	 4.096153337654566	
8012	 0.011472286925736763	 4.079581826164841	
8013	 0.011461930934399971	 4.073445967255222	
8014	 0.011434921067542464	 4.0574601808411765	
8015	 0.011401077349005166	 4.037465286703574	
8016	 0.011367782951119294	 4.017833504547656	
8017	 0.011335384731373244	 3.9987669090823417	
8018	 0.011303838915509278	 3.980236835111844	
8019	 0.011273093828966844	 3.9622102533271755	
8020	 0.011243270712125483	 3.9447555321248915	
8021	 0.011213994554552137	 3.9276509279533007	
8022	 0.011185937360151216	 3.9112864150843176	
8023	 0.011159706509214901	 3.896011856342375	
8024	 0.011137066549941343	 3.8828475483616227	
8025	 0.011111226841038243	 3.867844490040119	
8026	 0.011063189023926955	 3.8400145429032277	
8027	 0.011000382198986641	 3.8037497683558397	
8028	 0.010967961727257529	 3.7850840271107686	
8029	 0.01093401622656181	 3.7655796475894534	
8030	 0.01090227908915774	 3.7473806238600047	
8031	 0.010871785998431227	 3.729928210421617	
8032	 0.01084236455023132	 3.7131200450145454	
8033	 0.0108130757509648	 3.696417834595998	
8034	 0.010782935917555247	 3.679261773444944	
8035	 0.010752320742845312	 3.6618678397011917	
8036	 0.01073183355786834	 3.6502465181913264	
8037	 0.010719830918439734	 3.643444906741183	
8038	 0.010712712772567322	 3.639413619343564	
8039	 0.010702321683268389	 3.6335319402528197	
8040	 0.010689541476186093	 3.626303165483141	
8041	 0.010672808577303248	 3.616847365827467	
8042	 0.010655811033449923	 3.607252128381207	
8043	 0.010641050947514882	 3.598928225146021	
8044	 0.010631969705162147	 3.59381071037884	
8045	 0.010623054581748384	 3.588789641710514	
8046	 0.010612037662691776	 3.5825887046597846	
8047	 0.01059809604439904	 3.574747733574581	
8048	 0.01058099469012898	 3.5651390674938583	
8049	 0.010562815984794912	 3.5549364208382705	
8050	 0.010527318520585981	 3.53504749853604	
8051	 0.010453533353415126	 3.4938492570616737	
8052	 0.010453088896950331	 3.4936016785908603	
8053	 0.010444624721825077	 3.4888881636606444	
8054	 0.010449557241949676	 3.4916346673098877	
8055	 0.010433072230475514	 3.482458941390816	
8056	 0.010412909972318732	 3.471249556069252	
8057	 0.010394840671492746	 3.4612160551908264	
8058	 0.010494416053255155	 3.516652410960997	
8059	 0.01047972130009022	 3.50844928412907	
8060	 0.010481460416897685	 3.509419720342485	
8061	 0.01047658754681358	 3.5067009045393283	
8062	 0.010477229549372883	 3.5070590613869403	
8063	 0.010478336695967417	 3.507676744596211	
8064	 0.010481599841976197	 3.5094975249088565	
8065	 0.010486211871709969	 3.5120716040986215	
8066	 0.010490419637651831	 3.514420712942609	
8067	 0.010493086601225	 3.5159099489318684	
8068	 0.010488586734799568	 3.513397363892987	
8069	 0.010480537931400762	 3.50890495527326	
8070	 0.010469507440877364	 3.502752064572953	
8071	 0.010461608209227648	 3.4983484682582078	
8072	 0.010455158350742276	 3.4947544996074638	
8073	 0.010450668154885436	 3.4922533601223074	
8074	 0.010433251698864712	 3.4825587833271965	
8075	 0.010374606715951758	 3.449994359927383	
8076	 0.010382313695521615	 3.45426691057192	
8077	 0.01037836201655882	 3.4520759374765184	
8078	 0.010365606661892334	 3.4450076397908296	
8079	 0.01035005763340551	 3.4363990854177033	
8080	 0.010334686565928366	 3.4278975273874344	
8081	 0.010321794414727338	 3.420773525769002	
8082	 0.010312639512016766	 3.4157182695736648	
8083	 0.01030760774436304	 3.412941045694209	
8084	 0.010314426300043327	 3.4167046832159307	
8085	 0.010330769037420978	 3.425732135253007	
8086	 0.010348002534071548	 3.4352619461711216	
8087	 0.010362252553247252	 3.44314994444599	
8088	 0.01037652079680069	 3.451055279539078	
8089	 0.01039111271956545	 3.459147448130194	
8090	 0.010403445910085683	 3.465992913425209	
8091	 0.010411691293633422	 3.4705724842386374	
8092	 0.010416306468951938	 3.4731368557957705	
8093	 0.010419962722661874	 3.4751689509040915	
8094	 0.010424610067661166	 3.4777525669864686	
8095	 0.010428523904598813	 3.4799289968836766	
8096	 0.010431571221431261	 3.4816239441870374	
8097	 0.010431409359637012	 3.4815339067785134	
8098	 0.01040519610366821	 3.4669647867151485	
8099	 0.010330188844835317	 3.425411483555594	
8100	 0.010307227298200723	 3.4127310997364333	
8101	 0.01026305845977523	 3.388392036769001	
8102	 0.010207954887918366	 3.3581252073418906	
8103	 0.010146697021390092	 3.324605626812012	
8104	 0.010076449951763908	 3.2863330023542283	
8105	 0.010006139011047615	 3.248203285688565	
8106	 0.009937232288227073	 3.2110079753021203	
8107	 0.00988037105209074	 3.180443895908038	
8108	 0.009855180018706645	 3.166940597577375	
8109	 0.009843993303115126	 3.1609514870733815	
8110	 0.009839807121436036	 3.15871146770046	
8111	 0.009842788247373002	 3.1603065984953096	
8112	 0.009853162248550899	 3.165859994603556	
8113	 0.009870769805907903	 3.175294573006698	
8114	 0.009891297507779145	 3.18630801235021	
8115	 0.00990578655266508	 3.194090796176737	
8116	 0.009916510690160491	 3.1998561516813537	
8117	 0.009924302656759284	 3.204047764190818	
8118	 0.009930661440986432	 3.207470036456848	
8119	 0.009934188044464306	 3.2093686702969983	
8120	 0.009932896578211997	 3.2086733254774886	
8121	 0.009929910990043976	 3.2070660707034535	
8122	 0.00989217989914233	 3.1867817712736763	
8123	 0.009800954370877022	 3.1379517398803527	
8124	 0.009772112557888896	 3.1225764666319815	
8125	 0.009719206233441784	 3.094451240523559	
8126	 0.009659836719542174	 3.063011475414126	
8127	 0.009598455233371678	 3.030641417191834	
8128	 0.009539406684612584	 2.999631608508508	
8129	 0.009484251770769532	 2.970781917294167	
8130	 0.0094357623961274	 2.9455109509477344	
8131	 0.009395971136125083	 2.9248376947437644	
8132	 0.009383548755498551	 2.9183956725678546	
8133	 0.009378719205918274	 2.9158926894653088	
8134	 0.009378228488473165	 2.9156384162140743	
8135	 0.009383138840609522	 2.918183194955964	
8136	 0.009393637906725429	 2.923627290783144	
8137	 0.009406797517202761	 2.930456693119279	
8138	 0.009422521693492513	 2.9386253760425793	
8139	 0.0094381321188205	 2.946743960032901	
8140	 0.009447931879609439	 2.951845142310046	
8141	 0.009452783297451708	 2.9543718125910554	
8142	 0.009456499910569807	 2.9563080493737415	
8143	 0.009460705762467908	 2.958499775909198	
8144	 0.009463801537146679	 2.960113441226027	
8145	 0.009465090993654973	 2.9607856712453056	
8146	 0.009436496081222871	 2.9458926783595634	
8147	 0.00936863387920052	 2.9106685951756424	
8148	 0.009357210586437752	 2.9047559750640954	
8149	 0.00933196801443912	 2.89170764949474	
8150	 0.009300299336297023	 2.875370808018334	
8151	 0.009262566398133608	 2.8559539789794326	
8152	 0.009226863010912191	 2.837630014843862	
8153	 0.009194683700908266	 2.821155152037295	
8154	 0.009174255054276693	 2.8107162051608623	
8155	 0.009164218270168691	 2.8055931256444024	
8156	 0.009165864574051179	 2.806433192830777	
8157	 0.009171791064896552	 2.809458163898462	
8158	 0.009182792814275103	 2.815077079437556	
8159	 0.009196360160541768	 2.822012502568231	
8160	 0.009208199875620014	 2.8280703631166917	
8161	 0.00921593354433782	 2.8320301457087664	
8162	 0.009220564133404285	 2.8344021542948528	
8163	 0.009223137989315993	 2.835720949513343	
8164	 0.009221693610886763	 2.834980847037185	
8165	 0.009220477970062499	 2.8343580100687293	
8166	 0.009218204494350138	 2.8331933353654986	
8167	 0.009216451419644781	 2.8322953866898057	
8168	 0.009214651379497571	 2.8313735001528384	
8169	 0.009209101359018269	 2.828531825312047	
8170	 0.009167817799072307	 2.80743000457918	
8171	 0.009075645949088025	 2.760545374602859	
8172	 0.009046981917709616	 2.7460294151692834	
8173	 0.008998884851601913	 2.721741063852394	
8174	 0.008946257840634554	 2.6952641369139743	
8175	 0.008887741332882627	 2.665945859154362	
8176	 0.008836217288176506	 2.6402372825952996	
8177	 0.008787246858922121	 2.6158953135035907	
8178	 0.008744495477908766	 2.5947184726576116	
8179	 0.008711178530052559	 2.578262737110583	
8180	 0.008705547319024672	 2.57548553675651	
8181	 0.00870773219071036	 2.5765629295116512	
8182	 0.008714151865782853	 2.5797296096010007	
8183	 0.008721003577763186	 2.5831111198830987	
8184	 0.008724588961292213	 2.5848813124059	
8185	 0.008727654857754357	 2.5863954060348022	
8186	 0.008734627500697789	 2.5898401675589877	
8187	 0.008746077989365404	 2.595501140149452	
8188	 0.008755682290360804	 2.600253193544491	
8189	 0.008764579739947527	 2.6046586102766667	
8190	 0.008771409779849564	 2.6080424087516625	
8191	 0.008775851618675978	 2.610243966554388	
8192	 0.008777887510164568	 2.6112532863401525	
8193	 0.008766024405648542	 2.6053741927326266	
8194	 0.008721882494190179	 2.5835450177795867	
8195	 0.00863255465927123	 2.5395954639198135	
8196	 0.008628822052619925	 2.537765579838705	
8197	 0.008614640176725426	 2.5308178266301766	
8198	 0.008606042717477311	 2.5266096098664224	
8199	 0.008601757920073403	 2.5245133669784185	
8200	 0.008599044448654542	 2.523186220714483	
8201	 0.00860025653572104	 2.523779012370341	
8202	 0.008603958673294979	 2.5255899501570784	
8203	 0.008601634344426491	 2.5244529206368274	
8204	 0.008602503581667734	 2.5248781154932614	
8205	 0.00860748632551036	 2.5273160200771727	
8206	 0.008625769234883993	 2.536269349716507	
8207	 0.0086450648606226	 2.5457323485982766	
8208	 0.008663920357694102	 2.554993111638586	
8209	 0.008683598707422482	 2.564672352639142	
8210	 0.008700118140587567	 2.572809108524053	
8211	 0.008718302277573147	 2.581777741595721	
8212	 0.008747432445696927	 2.5961710927134916	
8213	 0.00877265547166391	 2.6086597498167876	
8214	 0.008793824184163367	 2.619159492268457	
8215	 0.008810320946684047	 2.6273536264053923	
8216	 0.008821362072001045	 2.632843599881912	
8217	 0.008820437066860937	 2.632383484101368	
8218	 0.008792220503127628	 2.6183634712985264	
8219	 0.008702600385119105	 2.574032645297462	
8220	 0.008680786955800136	 2.563288432690088	
8221	 0.00865952253335982	 2.552831944195411	
8222	 0.0086420873679519	 2.544271201055859	
8223	 0.008626760173927456	 2.536754984581242	
8224	 0.008620458652443819	 2.5336673975943667	
8225	 0.008617062930059831	 2.532004202766217	
8226	 0.00861811662416985	 2.5325202460865266	
8227	 0.008624074670599585	 2.5354389716002204	
8228	 0.008640343287831491	 2.5434154829639186	
8229	 0.008662591038976252	 2.554339784138039	
8230	 0.008696638071275482	 2.571094120288275	
8231	 0.00872644532688226	 2.585798036595212	
8232	 0.008748304375604404	 2.5966024105977543	
8233	 0.008757359777947407	 2.6010835440274387	
8234	 0.008757877238444272	 2.6013397065633534	
8235	 0.008758720227387459	 2.6017570396127554	
8236	 0.008776211522882325	 2.6104223824062553	
8237	 0.008796680537216573	 2.620577543169816	
8238	 0.008815665391442233	 2.6300104697271047	
8239	 0.008828615610381693	 2.6364527677709826	
8240	 0.008832220427400865	 2.638247164477974	
8241	 0.00881227942677633	 2.628327106084186	
8242	 0.008735629094924199	 2.5903351453752093	
8243	 0.008602077807902498	 2.5246698410229595	
8244	 0.008558053040450925	 2.5031714926995767	
8245	 0.008541371363015518	 2.4950446516550673	
8246	 0.008525058502014782	 2.48710771389052	
8247	 0.008504547889319945	 2.4771427418537506	
8248	 0.008729639621419696	 2.5873757710983147	
8249	 0.009391387225341339	 2.9224598999664733	
8250	 0.010545378699265183	 3.5451608829677075	
8251	 0.01167652803750099	 4.201346737372077	
8252	 0.012752293947858952	 4.866082929710077	
8253	 0.013685720082246694	 5.4740875147914005	
8254	 0.014297437043295445	 5.887929970958843	
8255	 0.014738786434759376	 6.193961827059477	
8256	 0.014890813513782785	 6.300809594812686	
8257	 0.014788744800890622	 6.228992945713052	
8258	 0.014605684280299635	 6.101015975993196	
8259	 0.014466393672069143	 6.004351570951272	
8260	 0.014322228858811362	 5.904955963008425	
8261	 0.01422520714373596	 5.838437648820474	
8262	 0.014166983179775354	 5.798664006190731	
8263	 0.014138420178130329	 5.77919198078108	
8264	 0.014133160031058951	 5.775608880118846	
8265	 0.014133391889118184	 5.775766798185972	
8266	 0.01413820893389193	 5.779048068553148	
8267	 0.01415755816117538	 5.792235867989442	
8268	 0.014232650246671023	 5.843529979023018	
8269	 0.01430595705236388	 5.893778942422987	
8270	 0.014294580488554984	 5.8859694710845645	
8271	 0.014248101143827059	 5.854106651582681	
8272	 0.014228730950598761	 5.840848302106028	
8273	 0.014180063783742921	 5.807590085531532	
8274	 0.014125116048262774	 5.770131208732505	
8275	 0.014077873308284174	 5.738002530280297	
8276	 0.014043875974307275	 5.714926162079299	
8277	 0.013999141889052482	 5.684618710523285	
8278	 0.013953847796027558	 5.653997564862367	
8279	 0.013917319991965878	 5.62935109551696	
8280	 0.013932108330945839	 5.639324068654573	
8281	 0.01431237395520052	 5.898185668592517	
8282	 0.015296250781414956	 6.589320622885297	
8283	 0.017874617070964317	 8.542668601907124	
8284	 0.022033746366306246	 12.10634067966517	
8285	 0.026123266984576638	 16.078472835838156	
8286	 0.028656251848767942	 18.75993331038654	
8287	 0.030440740160426083	 20.747112469123717	
8288	 0.0313724535242179	 21.81623428685588	
8289	 0.03208454200615578	 22.647767001007804	
8290	 0.033020728714811244	 23.759834064090633	
8291	 0.03311186863595027	 23.86923307737201	
8292	 0.032718366879578756	 23.398338047435328	
8293	 0.03269597189608415	 23.371651414481526	
8294	 0.032414416449085486	 23.037180603097426	
8295	 0.032116775349027085	 22.685701035715493	
8296	 0.03189476522074598	 22.424942111276305	
8297	 0.03165724198297836	 22.147299281906204	
8298	 0.03145128812984626	 21.907679394081075	
8299	 0.031323336118835136	 21.75933737103305	
8300	 0.031212617493146987	 21.631300548564727	
8301	 0.03097006602581272	 21.351867542940475	
8302	 0.03064324244641466	 20.977650396146103	
8303	 0.03031049459522515	 20.599373858421338	
8304	 0.030003368035993683	 20.252672040130022	
8305	 0.029793070858127352	 20.01663625005895	
8306	 0.029651784369031986	 19.8586796446414	
8307	 0.029585085356106378	 19.784284969081096	
8308	 0.02946151766405962	 19.646755465061016	
8309	 0.02940353020355909	 19.582348405031052	
8310	 0.029355604135835038	 19.529180471686367	
8311	 0.029266867561505847	 19.43089112703004	
8312	 0.029326108219085927	 19.496487217782867	
8313	 0.029257448977866196	 19.420470250926055	
8314	 0.02980261164984757	 20.02732077819308	
8315	 0.03012316873746712	 20.387629788527892	
8316	 0.029991220423449393	 20.23900755150343	
8317	 0.030365015039460323	 20.6611654519271	
8318	 0.030628383545532194	 20.960699707156618	
8319	 0.03136082713685116	 21.802761073463646	
8320	 0.031736927333931804	 22.24028988728078	
8321	 0.03335950404110749	 24.167494221297115	
8322	 0.03389619664508858	 24.818980171581433	
8323	 0.034237566112998226	 25.236964745899506	
8324	 0.03513337529495026	 26.34705669550139	
8325	 0.03705797691614232	 28.79619850231592	
8326	 0.039781610678511596	 32.40929515557164	
8327	 0.04244701954772872	 36.10862769381048	
8328	 0.04334899773346515	 37.39648202305206	
8329	 0.04320351099175408	 37.187534346531045	
8330	 0.04279326267312483	 36.60086200200622	
8331	 0.04233173432954725	 35.94532525061493	
8332	 0.0414892909834847	 34.76100598913189	
8333	 0.04079052680430109	 33.790750545441995	
8334	 0.04018298502824489	 32.956112280792354	
8335	 0.039619828358480456	 32.189924950264796	
8336	 0.039068883393056454	 31.4473445978708	
8337	 0.03850138738681558	 30.689721475578427	
8338	 0.03787652793577634	 29.864087542861554	
8339	 0.03724165806300174	 29.034476168578628	
8340	 0.03670293030485752	 28.337848857213977	
8341	 0.036209014416757994	 27.705127568841615	
8342	 0.03571369382332066	 27.076359164424026	
8343	 0.03522831302411205	 26.4658223077155	
8344	 0.03474489295447335	 25.863300425266882	
8345	 0.03428750115442033	 25.29834086916136	
8346	 0.03387699328833894	 24.79554992635115	
8347	 0.033501346798162766	 24.33900157982092	
8348	 0.03314472969170326	 23.908726853987897	
8349	 0.03280363228717477	 23.50005468739565	
8350	 0.03247634881591158	 23.110587014571824	
8351	 0.03216088014722504	 22.7376472118664	
8352	 0.03185603122662791	 22.37957124341256	
8353	 0.03156086278154227	 22.03503575867424	
8354	 0.03127479183666927	 21.703162764666306	
8355	 0.030996833701018037	 21.3826340526235	
8356	 0.03072822246539921	 21.07469890195364	
8357	 0.03046014873862764	 20.769163921985474	
8358	 0.030195599315459086	 20.469398026025303	
8359	 0.029936508170717694	 20.17750909791874	
8360	 0.029682142669020566	 19.892577631463382	
8361	 0.029425600610596413	 19.60685218188196	
8362	 0.02915486332946541	 19.307112673079533	
8363	 0.02884183940527996	 18.96286289752793	
8364	 0.028542418004762756	 18.63589485258162	
8365	 0.028291871964095328	 18.364049492760962	
8366	 0.02804191013155338	 18.094432626450505	
8367	 0.027791041689407266	 17.825444051180654	
8368	 0.02752833853341584	 17.54549594637807	
8369	 0.02726125389639167	 17.262698832829383	
8370	 0.02699160847927132	 16.979057957164546	
8371	 0.026731973624488353	 16.70772638768619	
8372	 0.026475259287076298	 16.44116866690423	
8373	 0.026214436514532338	 16.172104018490778	
8374	 0.025951099247689527	 15.902250079132315	
8375	 0.025687078629710952	 15.633522382716887	
8376	 0.02542150184215019	 15.365062152335879	
8377	 0.02515426018060172	 15.096799794200011	
8378	 0.024886608719361644	 14.83002377544504	
8379	 0.024618234194918483	 14.564440734029178	
8380	 0.024350814144610784	 14.301715172113056	
8381	 0.02408433430152802	 14.04181970744279	
8382	 0.023820447864558402	 13.786335793178917	
8383	 0.02356083732935576	 13.536826081481838	
8384	 0.023305685271402036	 13.29338072986288	
8385	 0.023051449436326213	 13.052570422672359	
8386	 0.022795209896190723	 12.811647286402646	
8387	 0.022550196662599487	 12.58296158762502	
8388	 0.02231040197140757	 12.360744791735536	
8389	 0.02207279275698163	 12.142118230226867	
8390	 0.021836049501369158	 11.925843287400765	
8391	 0.021600939451247733	 11.712601851558532	
8392	 0.021381363316561767	 11.514841647135308	
8393	 0.021159614230995535	 11.316493821246786	
8394	 0.020936312646680496	 11.118152834398575	
8395	 0.020714304574283162	 10.922353894013574	
8396	 0.02050714271871597	 10.74090571650546	
8397	 0.020305366601208196	 10.565345556888182	
8398	 0.02010379250280629	 10.391118633288952	
8399	 0.019900247211588656	 10.21636577934281	
8400	 0.019694609076928254	 10.04102209156101	
8401	 0.01949507948328939	 9.872049664196833	
8402	 0.01930100863779689	 9.708802271417984	
8403	 0.019109673857036852	 9.548924062742039	
8404	 0.01891888860892805	 9.390564099395682	
8405	 0.018732572412494864	 9.236937704821406	
8406	 0.018550827322628527	 9.088058613474544	
8407	 0.018373638865398105	 8.943845216415117	
8408	 0.018200846543585905	 8.804099888215852	
8409	 0.018031598642522476	 8.668075816704059	
8410	 0.017860781509940037	 8.531650919250717	
8411	 0.017708711890105804	 8.410928382382732	
8412	 0.017548298923993046	 8.284329308346859	
8413	 0.017375418617638267	 8.148752156010703	
8414	 0.017204406282612522	 8.01552176458511	
8415	 0.017038617015285876	 7.887200537727569	
8416	 0.01688383110053755	 7.7681448097631165	
8417	 0.016734661321506562	 7.654095213321329	
8418	 0.016593387994576936	 7.546705945604843	
8419	 0.016468472751778953	 7.452257575263091	
8420	 0.01634900823241396	 7.36237614894136	
8421	 0.016220905397783418	 7.2664808547176545	
8422	 0.016092130318182934	 7.1705898625175095	
8423	 0.01596403518710649	 7.075711361694397	
8424	 0.0158370531394958	 6.982156909841007	
8425	 0.015711211459113354	 6.889934676262129	
8426	 0.015586849940166991	 6.799279670515917	
8427	 0.015464332175667941	 6.7104389703091165	
8428	 0.015354439790438983	 6.631151356327214	
8429	 0.015246503801808845	 6.553642674155903	
8430	 0.015139436788909848	 6.4771185542976575	
8431	 0.015030504967697766	 6.399631003070676	
8432	 0.014920439641121963	 6.32171648435539	
8433	 0.014811904157251957	 6.245259230229068	
8434	 0.014699184759705532	 6.166249062984879	
8435	 0.014595464687439014	 6.093902837149998	
8436	 0.01449773901759437	 6.026050641342563	
8437	 0.014406240400980418	 5.962797728966044	
8438	 0.014316075883814991	 5.900728520072282	
8439	 0.014223860221256497	 5.837516317806691	
8440	 0.014127722516328265	 5.771905894775733	
8441	 0.014030509541418719	 5.705863618837433	
8442	 0.01393412341478243	 5.6406835492596565	
8443	 0.013847896491076041	 5.582627650901474	
8444	 0.01376359566243422	 5.526101075019984	
8445	 0.01368483656451271	 5.473498537218399	
8446	 0.013611502251481127	 5.424700264952446	
8447	 0.013536414181753007	 5.374916291854618	
8448	 0.013461087719637485	 5.325158904816616	
8449	 0.013388209890310213	 5.277195316892866	
8450	 0.013318979860358732	 5.231793391240776	
8451	 0.013250981883757255	 5.1873523488013715	
8452	 0.013188288337339246	 5.146512562918023	
8453	 0.013130584208006073	 5.109037180819842	
8454	 0.013072582399918495	 5.0714789575709025	
8455	 0.013011872397247113	 5.032285906408897	
8456	 0.012950354343685678	 4.992695357635967	
8457	 0.012889661460460779	 4.953758527053914	
8458	 0.012820662795851416	 4.909641455902859	
8459	 0.012781010702545064	 4.884359768855971	
8460	 0.01273020423338461	 4.8520425401235405	
8461	 0.012659819320319857	 4.807413666647931	
8462	 0.012584600355934998	 4.7599021892783	
8463	 0.012510148952407547	 4.713061595786814	
8464	 0.012430961885647917	 4.663445145608695	
8465	 0.012352732071379812	 4.614634948179085	
8466	 0.012291431613321463	 4.576531225263186	
8467	 0.012250549311008177	 4.551189503948592	
8468	 0.012213309372161932	 4.528154588181203	
8469	 0.012175086024792569	 4.504560027444756	
8470	 0.012136295838433701	 4.480666001983327	
8471	 0.01209707882406973	 4.456560760674424	
8472	 0.01205912527394799	 4.433281676374526	
8473	 0.01202210039402993	 4.4106192148698735	
8474	 0.011985779639229348	 4.388432903502755	
8475	 0.011948884596007167	 4.365941635259193	
8476	 0.011908957028070244	 4.341653846322351	
8477	 0.011869138406069782	 4.317486333435836	
8478	 0.011869314605184327	 4.31759315683607	
8479	 0.011902792934503985	 4.337909081940373	
8480	 0.011978581672374927	 4.3840413840184675	
8481	 0.012086706205746275	 4.450193797896721	
8482	 0.012356448610300847	 4.616949171764413	
8483	 0.012805989868527407	 4.9002800929589405	
8484	 0.013326119529545327	 5.236468417468498	
8485	 0.01371888730573416	 5.496216044061409	
8486	 0.013988602992366742	 5.677487966998899	
8487	 0.014187765807302846	 5.812848441486873	
8488	 0.014028683819257265	 5.704626211912425	
8489	 0.013822630239932672	 5.565661624184702	
8490	 0.013651989275958919	 5.451619613196486	
8491	 0.013517091456776431	 5.362134890735807	
8492	 0.013416319675333382	 5.295674837471667	
8493	 0.0133415750823674	 5.246594370784486	
8494	 0.013283691073229156	 5.208710975140003	
8495	 0.01323889024408436	 5.17946557288055	
8496	 0.013203217007787458	 5.156225672790558	
8497	 0.013175173113664645	 5.1379853903445305	
8498	 0.01315220713652182	 5.123067144935958	
8499	 0.01313208008225134	 5.110007278218642	
8500	 0.01311257024612355	 5.097360636737433	
8501	 0.013091373595533822	 5.083634781819806	
8502	 0.013068233731630463	 5.068667509219336	
8503	 0.01304241135351166	 5.051985986602838	
8504	 0.013013736692657334	 5.033487644237518	
8505	 0.012982614358092464	 5.013441009696672	
8506	 0.012936765790135793	 4.9839671824959	
8507	 0.012912595458971231	 4.968457239637476	
8508	 0.012962021349393029	 5.000194160937599	
8509	 0.012981650031340447	 5.012820375124786	
8510	 0.012979690504795863	 5.011559330968675	
8511	 0.012974555208596215	 5.008255137213368	
8512	 0.013042379302751364	 5.051965295150564	
8513	 0.013044343297484747	 5.053233280977477	
8514	 0.01304118381379283	 5.051193531035233	
8515	 0.013004693272359548	 5.027659264522181	
8516	 0.012956132865733565	 4.996408858478635	
8517	 0.012912872228938898	 4.968634731655347	
8518	 0.012872880165104432	 4.9430142051266035	
8519	 0.01283608443750598	 4.919488201837164	
8520	 0.01280198849643493	 4.89772844825843	
8521	 0.01277067035078695	 4.877775472614694	
8522	 0.01274166034348113	 4.859322104659432	
8523	 0.012715482618056098	 4.842694383516828	
8524	 0.012691033861698358	 4.827185474800567	
8525	 0.012666795521970056	 4.8118296916339265	
8526	 0.012642808031201285	 4.7966521033330665	
8527	 0.012619110869114058	 4.781677053266258	
8528	 0.012595688768064373	 4.7668942345483565	
8529	 0.01256969756602608	 4.750511370911746	
8530	 0.012523324006236871	 4.7213370949155244	
8531	 0.012509131006506961	 4.712422446508855	
8532	 0.012493554732322885	 4.70264671904048	
8533	 0.012476182916389258	 4.691753683233051	
8534	 0.012453294813763274	 4.677417078917453	
8535	 0.01243061228692401	 4.663226562471494	
8536	 0.012406097972218333	 4.647909451606109	
8537	 0.012383326203252373	 4.633699188632592	
8538	 0.012364821560953254	 4.622164561694327	
8539	 0.012357321467848969	 4.617492752145211	
8540	 0.012356098152088754	 4.616730927765428	
8541	 0.01235318267291673	 4.614915505126787	
8542	 0.012346860446475871	 4.610979736250518	
8543	 0.012337230179390476	 4.604987197954869	
8544	 0.012325727654087546	 4.5978337124558	
8545	 0.012313414629792454	 4.590181103475189	
8546	 0.012300965956410474	 4.582449372347565	
8547	 0.012287955740914345	 4.574374446516742	
8548	 0.012274492494106759	 4.566024340852233	
8549	 0.012259244618805861	 4.556574753064624	
8550	 0.012242141883649969	 4.545984969828264	
8551	 0.012224296301655578	 4.5349457357848175	
8552	 0.012206849617775987	 4.524163640239495	
8553	 0.012189292705127645	 4.513323789238853	
8554	 0.012163406536570012	 4.497360334185783	
8555	 0.012150410514992063	 4.489354494008502	
8556	 0.012138747889526008	 4.482174914042128	
8557	 0.01213146276434928	 4.477692481305432	
8558	 0.012145992405748653	 4.4866341394974025	
8559	 0.012127339749227552	 4.4751564444138925	
8560	 0.01210469069142341	 4.461235424209796	
8561	 0.01208303973617652	 4.447944101694574	
8562	 0.012061481881039896	 4.4347256981341046	
8563	 0.01204475848276552	 4.424482429073399	
8564	 0.012043195394782718	 4.423525504372344	
8565	 0.012037057413383161	 4.419768624325218	
8566	 0.012023879616199743	 4.411707191506991	
8567	 0.012006607579740024	 4.401150050505367	
8568	 0.01198713921878142	 4.38926258798635	
8569	 0.011967870455892296	 4.377509667725706	
8570	 0.011949704899389598	 4.36644119076401	
8571	 0.011932642595234274	 4.35605514862173	
8572	 0.011919313461230617	 4.347948419472505	
8573	 0.011907755857677033	 4.340924018805665	
8574	 0.011896324375165275	 4.3339807407676485	
8575	 0.011884332387276327	 4.326701800749668	
8576	 0.01187118994351049	 4.318730174799598	
8577	 0.011856480787524305	 4.309815225332662	
8578	 0.011829262341203045	 4.293338064262262	
8579	 0.011812199939546377	 4.2830219191296806	
8580	 0.011795476061143707	 4.272920085362673	
8581	 0.01178226700806057	 4.26494808025954	
8582	 0.011787642336688223	 4.268191511495436	
8583	 0.011761717770315507	 4.2525579249444965	
8584	 0.011736769793971343	 4.237534937200764	
8585	 0.011712465269767236	 4.222919876387377	
8586	 0.011689377193168668	 4.2090550158032505	
8587	 0.011800565518076248	 4.275993293292847	
8588	 0.011794618954017951	 4.272402618393956	
8589	 0.011785072811705495	 4.266640957181603	
8590	 0.01177154196805006	 4.258479622440313	
8591	 0.011757429132276133	 4.249973911098559	
8592	 0.01173990116558291	 4.239419396168417	
8593	 0.01172221052588148	 4.228777574080939	
8594	 0.011705606865007878	 4.2187993603948035	
8595	 0.01168893484752421	 4.208789556312781	
8596	 0.011671335619810451	 4.198233381352056	
8597	 0.011653282370512396	 4.187415900630434	
8598	 0.011635044050141501	 4.176498864426545	
8599	 0.011616922939266127	 4.165663280006267	
8600	 0.011598841902160439	 4.154862882859442	
8601	 0.011580571451840962	 4.14396073831837	
8602	 0.011548214003864377	 4.12468087951929	
8603	 0.01153103939636643	 4.114462177954902	
8604	 0.011512489097116491	 4.103436347835207	
8605	 0.011492764905660138	 4.091725771038612	
8606	 0.011471854822851612	 4.079325734106255	
8607	 0.011450685838348594	 4.066787503703334	
8608	 0.011426886771594624	 4.05270993663471	
8609	 0.011403577599402802	 4.038941084674306	
8610	 0.011382401493094878	 4.026448500297586	
8611	 0.01137641224885194	 4.022918027758786	
8612	 0.011382687184738375	 4.026616937557849	
8613	 0.011369017851386491	 4.018560970250584	
8614	 0.011354708790746113	 4.010134897153465	
8615	 0.011341101007078044	 4.002128344209338	
8616	 0.011327915078366557	 3.994376109754702	
8617	 0.011315451664044998	 3.9870541821839383	
8618	 0.011303575778497102	 3.9800824127205594	
8619	 0.011292645376256277	 3.9736700056336844	
8620	 0.011278154385285035	 3.965175128308928	
8621	 0.011264525516869524	 3.9571922797726207	
8622	 0.011251569036058194	 3.9496092372078704	
8623	 0.011239249085668621	 3.9424041342635245	
8624	 0.011227316569981851	 3.935430633234797	
8625	 0.01121700368691693	 3.9294076434244944	
8626	 0.01119637086308848	 3.917368621022865	
8627	 0.011190814806929168	 3.9141292499948674	
8628	 0.011183710052149971	 3.909988496542645	
8629	 0.011172637745664312	 3.9035388922967207	
8630	 0.011171322675951901	 3.9027731488686546	
8631	 0.011150845852701922	 3.8908575861512236	
8632	 0.011123664458481942	 3.8750631225063006	
8633	 0.011167317310316211	 3.9004412606943406	
8634	 0.011158633650028841	 3.8953876257443154	
8635	 0.01115162282622146	 3.891309444776558	
8636	 0.01115448970432709	 3.8929768950346095	
8637	 0.011152263890533155	 3.8916822795126125	
8638	 0.011148515896047125	 3.8895026966925994	
8639	 0.011144110058815652	 3.8869411811162804	
8640	 0.01113882335145789	 3.8838684262713965	
8641	 0.011131064627388233	 3.8793606391993576	
8642	 0.011121919969532615	 3.874050319062065	
8643	 0.011110876376423249	 3.8676411629012026	
8644	 0.01109742664490832	 3.85984133669681	
8645	 0.011085217214949039	 3.8527662463860457	
8646	 0.01107387430809813	 3.8461979401022903	
8647	 0.011063259315742112	 3.840055206609917	
8648	 0.011053110468752035	 3.8341858973027794	
8649	 0.011042289361271837	 3.827931760879338	
8650	 0.01102473972214804	 3.817797505933313	
8651	 0.0110237314220878	 3.817215577138668	
8652	 0.011021419856944048	 3.8158816177964376	
8653	 0.011015826751716013	 3.8126547170266076	
8654	 0.011009511571364023	 3.8090125330250095	
8655	 0.01098903738638372	 3.797213936059173	
8656	 0.010962863498728274	 3.78215211904872	
8657	 0.01093877698437818	 3.7683126498242223	
8658	 0.010916724744398112	 3.7556598215265398	
8659	 0.01090627547226835	 3.7496703283522037	
8660	 0.010903306510184417	 3.747969225344103	
8661	 0.010902115130084744	 3.7472866964086657	
8662	 0.010901776362122658	 3.7470926289405035	
8663	 0.010901730802481776	 3.747066529836553	
8664	 0.01090017130922708	 3.7461732089439423	
8665	 0.010895572299118184	 3.743539264820898	
8666	 0.010889407074823096	 3.7400094814808527	
8667	 0.010882121747376712	 3.7358401211872514	
8668	 0.010871260218803169	 3.7296275715856417	
8669	 0.01086098544383063	 3.723754439252672	
8670	 0.010851627342990885	 3.7184085062745003	
8671	 0.010843372133567272	 3.7136951646076635	
8672	 0.010835188534632669	 3.7090250697920126	
8673	 0.010826668098040747	 3.7041652514981585	
8674	 0.010800005302442085	 3.6889740121261836	
8675	 0.010793651924439325	 3.6853578333229837	
8676	 0.010781598755702063	 3.678501379868173	
8677	 0.010832079027754444	 3.707251198850487	
8678	 0.01085871437431089	 3.7224567798797414	
8679	 0.01082976363842513	 3.705930566213689	
8680	 0.010822597672901405	 3.7018444947620455	
8681	 0.010798492101345248	 3.6881126084118034	
8682	 0.010775258752241465	 3.67489691446574	
8683	 0.010767708710453074	 3.6706063532352324	
8684	 0.010766818006770986	 3.670100313598164	
8685	 0.01076607253652116	 3.669676807561412	
8686	 0.010763328961808628	 3.6681183349918056	
8687	 0.010761896939475905	 3.667304987740635	
8688	 0.010762172748086525	 3.667461633441641	
8689	 0.010763800607491427	 3.6683862318870295	
8690	 0.010765072043170983	 3.6691084521252413	
8691	 0.010765611702882797	 3.6694150150367792	
8692	 0.010760761483234618	 3.6666601327315447	
8693	 0.010755830185584904	 3.663860047386044	
8694	 0.010751206215535393	 3.661235245926762	
8695	 0.010746653625537114	 3.658651698583533	
8696	 0.010742921815652104	 3.6565344794946086	
8697	 0.010733932370641715	 3.6514363868495163	
8698	 0.010700468996022436	 3.632483661504485	
8699	 0.010705669252951164	 3.635426353117013	
8700	 0.010709267116012229	 3.637462849087185	
8701	 0.010755680938839975	 3.663775315563502	
8702	 0.010930455869069376	 3.7635362760602353	
8703	 0.01095387221529124	 3.7769835935104537	
8704	 0.010947719053646006	 3.773448155962997	
8705	 0.010914149141956141	 3.7541831384119457	
8706	 0.010887888606105636	 3.739140315176253	
8707	 0.010877688059827374	 3.7333036522542953	
8708	 0.010867851399114137	 3.727678656317682	
8709	 0.010859750763036833	 3.723048936379144	
8710	 0.01085432403924259	 3.719948712882283	
8711	 0.010851586118075483	 3.718384962819198	
8712	 0.010850998670699547	 3.718049479439373	
8713	 0.010851857801029312	 3.718540121433781	
8714	 0.010852408411119245	 3.7188545837708107	
8715	 0.010851650257452721	 3.718421592697254	
8716	 0.01084982254914973	 3.717377848459096	
8717	 0.01084860812876892	 3.71668439764222	
8718	 0.010847195886030078	 3.7158780526059605	
8719	 0.010846279770298893	 3.7153550175071213	
8720	 0.010844878814680034	 3.7145552312375165	
8721	 0.010839532915455459	 3.7115039638757326	
8722	 0.010815785219018785	 3.6979616695431248	
8723	 0.010829689719386313	 3.70588840798333	
8724	 0.010839139628310073	 3.711279527829675	
8725	 0.010840849621816804	 3.712255404427052	
8726	 0.010819898129987482	 3.7003056687089457	
8727	 0.010787642570763832	 3.6819387698915613	
8728	 0.010751353787714937	 3.6613190038056893	
8729	 0.010715447212657303	 3.6409620296959915	
8730	 0.010687239212774868	 3.625001565264552	
8731	 0.010679597054786064	 3.620682359526028	
8732	 0.010679962537046046	 3.620888876410525	
8733	 0.010683290496071475	 3.622769566748976	
8734	 0.010686293723381313	 3.624467080572193	
8735	 0.010689422484520072	 3.6262358881580687	
8736	 0.010692637625420004	 3.628053889115448	
8737	 0.010696475519133084	 3.6302245027580224	
8738	 0.01070094929306613	 3.632755409292354	
8739	 0.010705435972872004	 3.6352943255019468	
8740	 0.010700805681584848	 3.632674154343637	
8741	 0.010699769762417028	 3.6320880558971655	
8742	 0.010700017572482253	 3.6322282575006617	
8743	 0.010700572965182006	 3.632542485639009	
8744	 0.010701158165599606	 3.63287359004778	
8745	 0.010696889058336434	 3.6304584208513693	
8746	 0.01066847268249363	 3.6143987529439174	
8747	 0.010683205208513034	 3.622721364317176	
8748	 0.01068590437107044	 3.624246989065083	
8749	 0.010676180803313222	 3.6187522238934573	
8750	 0.010655747854489951	 3.607216482418221	
8751	 0.010629194830897746	 3.592247578063739	
8752	 0.010598002374357441	 3.574695075408278	
8753	 0.010571125228888591	 3.5595984635175517	
8754	 0.010551623817838729	 3.5486607288794025	
8755	 0.01054790183052812	 3.5465747123316764	
8756	 0.010550055732476568	 3.547781823511793	
8757	 0.010555356298373349	 3.5507531191185495	
8758	 0.010560526844103503	 3.5536524889538104	
8759	 0.010565024197929936	 3.5561751379141917	
8760	 0.010569429653176605	 3.5586469334663926	
