Time	  Pressure(m)	  Flow(cms)	
0	 0.017530378548802402	 5.65712454982737	
1	 0.017314510541611566	 5.541499289078503	
2	 0.01710447804108017	 5.429918273678168	
3	 0.01692701359494171	 5.336348140744207	
4	 0.016769686547848092	 5.253940599073442	
5	 0.016626442714302234	 5.17935664610076	
6	 0.016494127189021136	 5.110842315586549	
7	 0.016371510317753787	 5.047676266107414	
8	 0.01625983989843939	 4.99042299246933	
9	 0.016160308945810248	 4.939614027502486	
10	 0.016071618294514565	 4.894514266457117	
11	 0.0159937735016955	 4.855066158747429	
12	 0.015922383651982123	 4.8190014480323535	
13	 0.01585451490809114	 4.784815333321785	
14	 0.015781994870546726	 4.748393988172712	
15	 0.015707927514073714	 4.711310536439129	
16	 0.015620488618127058	 4.6676821482760955	
17	 0.0155353608386647	 4.625363032463201	
18	 0.015453450886743854	 4.584789248723483	
19	 0.01537233564025493	 4.544750162165658	
20	 0.015289007854199666	 4.5037653596126885	
21	 0.01520949443664835	 4.464795247506371	
22	 0.015135264316141617	 4.428536884062743	
23	 0.015066125774675452	 4.394872002807961	
24	 0.015000589550172097	 4.363056093877104	
25	 0.014936490515768952	 4.332027408536772	
26	 0.014873571403433936	 4.301656104700572	
27	 0.01481184007057767	 4.271941271116063	
28	 0.014750060650530904	 4.242285834076474	
29	 0.014693250096686915	 4.215088538099977	
30	 0.014643387308650287	 4.191275083496722	
31	 0.014598848329495234	 4.17004982741106	
32	 0.014554754648610547	 4.149079261822033	
33	 0.014509805292573402	 4.127745295453755	
34	 0.01446578257875683	 4.106893796491416	
35	 0.014424222609219377	 4.087247564429403	
36	 0.014372030305270657	 4.062628621341549	
37	 0.014314129825719564	 4.035386806092902	
38	 0.014255272868361434	 4.007770165465774	
39	 0.014196679268665425	 3.980352498707765	
40	 0.014131607407667437	 3.9499917588387263	
41	 0.014070672945641679	 3.921645784326633	
42	 0.014024753314689768	 3.9003385164645152	
43	 0.013981478684910509	 3.880301082076784	
44	 0.013937830229692272	 3.860132395493818	
45	 0.013895191809041483	 3.84047103119266	
46	 0.013855306170682301	 3.822115398001876	
47	 0.013821025745225419	 3.806367441686572	
48	 0.013794866883038099	 3.7943679211064163	
49	 0.013775224486314045	 3.785367580543593	
50	 0.013760871052404441	 3.7787961026402352	
51	 0.013751251123046142	 3.7743943367126853	
52	 0.013750771178354632	 3.7741747834232733	
53	 0.01375399143272996	 3.7756480040196783	
54	 0.01375986415164922	 3.7783352815396123	
55	 0.01375875937877023	 3.7778296938650935	
56	 0.013751426001712527	 3.7744743371723004	
57	 0.01374144105211137	 3.769907681865165	
58	 0.013731470059382902	 3.7653496167974643	
59	 0.013719833538027639	 3.7600329739655103	
60	 0.013701209629607787	 3.7515300987794493	
61	 0.013677632274710508	 3.7407767403811376	
62	 0.01364413978968805	 3.725522441218719	
63	 0.013607939518745303	 3.7090629189975077	
64	 0.013576210583522976	 3.69466040459055	
65	 0.013545137739073548	 3.6805774371038766	
66	 0.013527570295228523	 3.6726249671649103	
67	 0.013514211805482606	 3.666582422082295	
68	 0.01349968344611423	 3.6600152200148695	
69	 0.013481558907994365	 3.6518290535486635	
70	 0.013459718299435864	 3.6419742225527116	
71	 0.013432117264467315	 3.6295354368961346	
72	 0.013402301653038937	 3.6161177547564916	
73	 0.013373239742767837	 3.6030583921188115	
74	 0.013345957327341522	 3.5908158744706715	
75	 0.0133187419156107	 3.5786200353243487	
76	 0.013288486825445985	 3.5650815359659647	
77	 0.013260109154589627	 3.552401803114102	
78	 0.013229585614090222	 3.538783431185335	
79	 0.013197801783204509	 3.52462501390361	
80	 0.013166972965002265	 3.5109137159825603	
81	 0.013139707995115955	 3.4988052801082943	
82	 0.013119257812658979	 3.4897342921239876	
83	 0.013094813779303863	 3.478904132850515	
84	 0.013076094483912433	 3.470619479233385	
85	 0.013059235599581474	 3.4631649569075353	
86	 0.013042295195102445	 3.4556808481445525	
87	 0.013026388580603407	 3.448659354802049	
88	 0.01301238802509158	 3.442483961114741	
89	 0.012995358892953689	 3.4349786851680992	
90	 0.012988238120600556	 3.4318422791068306	
91	 0.012990754567185356	 3.432950538932623	
92	 0.012998892433048786	 3.436535489034602	
93	 0.01300628496284581	 3.4397933956536084	
94	 0.013010223508620166	 3.4415296269247513	
95	 0.013012135901802563	 3.4423727946412472	
96	 0.013010089447396254	 3.4414705228813185	
97	 0.013010516915748433	 3.4416589837743583	
98	 0.013015604056849808	 3.443902103296209	
99	 0.01302025699976841	 3.4459542797021157	
100	 0.013021105183615999	 3.4463284231395654	
101	 0.013020856659009641	 3.446218794456806	
102	 0.013021724175817656	 3.4466014778190286	
103	 0.013035408717952798	 3.452640320109554	
104	 0.01305105955983086	 3.4595520521245926	
105	 0.013066304904831507	 3.4662900233751066	
106	 0.013076572778987525	 3.4708310613238798	
107	 0.013097023938658855	 3.4798828110277986	
108	 0.013107548594896209	 3.484544732701149	
109	 0.01310097149293938	 3.48163109705785	
110	 0.013084478023316597	 3.474328830029076	
111	 0.01306443647323912	 3.4654639524080686	
112	 0.013041840583593181	 3.4554800943650057	
113	 0.01303708981527937	 3.4533824620254183	
114	 0.01305701472097515	 3.4621834251148593	
115	 0.01304165632720539	 3.4553987291520505	
116	 0.013023121996335811	 3.4472181271689077	
117	 0.01300488820153527	 3.4391777447902814	
118	 0.012987670926258266	 3.431592502710246	
119	 0.012971572417169714	 3.4245062058847315	
120	 0.012959911859540948	 3.4193770814413487	
121	 0.012955812430154541	 3.417574597879711	
122	 0.012958609686603563	 3.418804486090376	
123	 0.012966402882700265	 3.4222319055311696	
124	 0.012972889210439533	 3.4250856164045502	
125	 0.012978949647832768	 3.4277528132040556	
126	 0.012990383803761376	 3.4327872432620214	
127	 0.013009480055753581	 3.441201863361442	
128	 0.013031415164951876	 3.4508775708814636	
129	 0.013057456595551381	 3.462378705598714	
130	 0.01307812478161119	 3.4715176520322397	
131	 0.01310173551636113	 3.4819695070013115	
132	 0.013124706537428407	 3.492150235950549	
133	 0.013181380569205666	 3.5173189217841876	
134	 0.013216202553009716	 3.532819048944942	
135	 0.013228264261218236	 3.5381943694026607	
136	 0.01323348713474715	 3.540522965872735	
137	 0.013234946474281056	 3.5411737158735876	
138	 0.013244576707896224	 3.5454692376982235	
139	 0.013255113765264054	 3.550171630225998	
140	 0.013260879719446244	 3.5527458687847746	
141	 0.013261480593097395	 3.5530141747179527	
142	 0.013259944900877885	 3.552328463751446	
143	 0.013250288792716886	 3.5480180711735	
144	 0.013224159015548265	 3.5363644928340907	
145	 0.013191197958006525	 3.521686124860166	
146	 0.01316019192449588	 3.5079006771033296	
147	 0.013132446997456727	 3.495583476256571	
148	 0.013106764954069178	 3.484197531102178	
149	 0.01308513816025204	 3.4746209791635074	
150	 0.013068356387683026	 3.4671971156688643	
151	 0.013053454258576706	 3.4606100877597363	
152	 0.013040126900362142	 3.4547233838266713	
153	 0.013026906933204725	 3.4488880758129628	
154	 0.013011363094266221	 3.4420320564523914	
155	 0.012983150694350954	 3.429602179940646	
156	 0.012953589988729905	 3.4165975685749284	
157	 0.012923655259750944	 3.4034485600779534	
158	 0.012892357151638755	 3.389722375350097	
159	 0.012861361019244318	 3.3761505026029743	
160	 0.012833242440301368	 3.3638574341999488	
161	 0.012808033996481132	 3.352851891818465	
162	 0.01279720964181792	 3.3481306060477296	
163	 0.012794117432550213	 3.3467823581514065	
164	 0.012790516001083926	 3.3452123558480875	
165	 0.012783796269629439	 3.342283754702556	
166	 0.012773166292290715	 3.337653081180099	
167	 0.012759326181754302	 3.331627845607097	
168	 0.012744596816264116	 3.3252202608210593	
169	 0.012728817494346314	 3.3183613981803552	
170	 0.012716261019750959	 3.312907472054572	
171	 0.01270743943405739	 3.3090779477241488	
172	 0.012700461655389147	 3.3060500905569588	
173	 0.012699781907162129	 3.3057551876818283	
174	 0.012695517621427642	 3.3039054043607208	
175	 0.01269034859012755	 3.3016637112607015	
176	 0.012694506717155043	 3.3034669499472686	
177	 0.012702562047839747	 3.3069613941025593	
178	 0.012709282408297396	 3.309877851889085	
179	 0.012708304736665527	 3.3094535044712594	
180	 0.01269449461147033	 3.3034616995507076	
181	 0.01268623266631514	 3.2998791625584403	
182	 0.012688721418155793	 3.3009581691719996	
183	 0.012698721890241719	 3.305295329530432	
184	 0.012706108091339806	 3.308500154561442	
185	 0.012706764745134618	 3.308785132540999	
186	 0.012706244325414867	 3.3085592773164256	
187	 0.012713954542958482	 3.311906040082956	
188	 0.012720478217997844	 3.3147388190682614	
189	 0.012727534991892874	 3.3178041765187687	
190	 0.012734646921461769	 3.320894639359275	
191	 0.012745882967106603	 3.3257795669549353	
192	 0.012755414812584756	 3.329925836342741	
193	 0.012764700794208012	 3.3339671439823655	
194	 0.012769151845423243	 3.335904959779122	
195	 0.012770959672483725	 3.3366921464735437	
196	 0.012769752080413305	 3.3361663133754926	
197	 0.012762624005324522	 3.333063144415675	
198	 0.01275164837717623	 3.3282872229572735	
199	 0.012736395515123452	 3.321654660574201	
200	 0.012722049309148485	 3.3154211795810262	
201	 0.012713017175241483	 3.3114990859893796	
202	 0.012709808496911617	 3.310106203763804	
203	 0.012703907638393516	 3.3075452622911095	
204	 0.012692974311639453	 3.302802351814423	
205	 0.012683357404874357	 3.2986327591086626	
206	 0.01267811127111094	 3.2963590863339918	
207	 0.012676170684093565	 3.295518195404716	
208	 0.012681001125668844	 3.297611470843391	
209	 0.0126911539495449	 3.3020129375766505	
210	 0.012708752485697559	 3.3096478422208024	
211	 0.012719956945015742	 3.3145124308045175	
212	 0.012728267384041812	 3.31812238167281	
213	 0.012737668241890683	 3.322207891354063	
214	 0.01275020962920723	 3.327661371009487	
215	 0.012766456943545753	 3.3347316497846307	
216	 0.012784364794237446	 3.3425314900243626	
217	 0.012804876004222029	 3.351474187523395	
218	 0.012827733829978486	 3.3614512446477036	
219	 0.012851894836777976	 3.372010010894456	
220	 0.012872464062364471	 3.3810095438875942	
221	 0.012896618781831444	 3.39159006262848	
222	 0.012924885786155691	 3.403988676393868	
223	 0.01295064763955216	 3.415304225457297	
224	 0.012968735286967209	 3.42325795556802	
225	 0.012980494397554948	 3.4284327899378226	
226	 0.012990554238685942	 3.4328623076843403	
227	 0.01300284440102215	 3.438276977721362	
228	 0.013012782325037027	 3.4426578191523936	
229	 0.013019550331686785	 3.445642572869124	
230	 0.013025049476412885	 3.4480685085214464	
231	 0.013028088763206607	 3.449409576258417	
232	 0.01303210729179045	 3.4511830489944355	
233	 0.013037444588325715	 3.4535390892772178	
234	 0.013050311650867157	 3.4592216344354396	
235	 0.013064848731397146	 3.4656462132115533	
236	 0.013078241375322484	 3.47156923413804	
237	 0.013087836287159076	 3.475815159995742	
238	 0.013091228240206062	 3.477316658543606	
239	 0.01309194731576827	 3.4776350013767776	
240	 0.013090753896450858	 3.4771066676130773	
241	 0.013087737307734146	 3.475771349173888	
242	 0.013085641281473267	 3.474843646275648	
243	 0.013085134611200663	 3.4746194084747986	
244	 0.01308270327342564	 3.4735434483076677	
245	 0.013081372991418016	 3.4729548039432045	
246	 0.013080815384700042	 3.4727080771132117	
247	 0.013079905206254303	 3.472305361299218	
248	 0.013080255534878396	 3.472460364820622	
249	 0.013081665417500221	 3.4730841978703832	
250	 0.013087115332414509	 3.4754960520644977	
251	 0.013101149843001083	 3.4817100927184743	
252	 0.01312073499565974	 3.490389203364926	
253	 0.013152393449366662	 3.5044368380262076	
254	 0.013168118311809971	 3.511422733307346	
255	 0.013177844158787384	 3.515746303145282	
256	 0.013187013461628884	 3.519824413159846	
257	 0.013197971655658678	 3.524700624887899	
258	 0.013208490029597938	 3.5293836635984928	
259	 0.013207023868927595	 3.5287307436407023	
260	 0.013202671600481814	 3.5267928485067017	
261	 0.013199486310919386	 3.525374833358649	
262	 0.013197942968791681	 3.5246878561903796	
263	 0.013197054202425833	 3.5242922700871415	
264	 0.013196355070663964	 3.5239811020143517	
265	 0.013196917874460675	 3.5242315926647385	
266	 0.013200939272877648	 3.5260216291689255	
267	 0.013209846678547996	 3.5299878581429787	
268	 0.013223174315539528	 3.5359256279114413	
269	 0.013235614185021735	 3.5414714780005694	
270	 0.01324040786349656	 3.5436094879703037	
271	 0.013235861332060133	 3.541581694474472	
272	 0.0132292322336733	 3.5386258896384017	
273	 0.013261575872518054	 3.553056720236723	
274	 0.013293110794255486	 3.5671493332043434	
275	 0.013323912257466979	 3.580935704879975	
276	 0.013353904359718281	 3.5943802489418246	
277	 0.013383156284150476	 3.607512399910649	
278	 0.01341161200807933	 3.620305485152989	
279	 0.013439327735308317	 3.632783291958055	
280	 0.013466358883773462	 3.6449694330962115	
281	 0.01349273740090305	 3.656877088322724	
282	 0.013518585114102687	 3.668560195108346	
283	 0.013543992715265763	 3.68005889555289	
284	 0.0135687857700163	 3.6912933428800256	
285	 0.013592974870977456	 3.702267318610962	
286	 0.013616572520219536	 3.7129855207575475	
287	 0.013639591423306572	 3.723452791012138	
288	 0.013662038474273002	 3.7336713737954037	
289	 0.013683918708895735	 3.7436427029625725	
290	 0.013705238403474483	 3.753368810857696	
291	 0.013726035558187783	 3.7628662583434562	
292	 0.01374631923393699	 3.77213846090719	
293	 0.013766104353468681	 3.781191552316391	
294	 0.013785394718429487	 3.790026614177599	
295	 0.013804204033246588	 3.79864929333529	
296	 0.013822541945121114	 3.80706341330023	
297	 0.013840417540340091	 3.81527257105114	
298	 0.01385764917680856	 3.823192692200684	
299	 0.01387464226030002	 3.831009600633793	
300	 0.01389120462452023	 3.8386345203846988	
301	 0.01390734379568507	 3.8460704448640066	
302	 0.013923068801438851	 3.853321083157061	
303	 0.013938385439046241	 3.8603886776213994	
304	 0.013953301317567548	 3.8672763268536756	
305	 0.013967824068798797	 3.8739871610500516	
306	 0.013981964890374229	 3.880525980255595	
307	 0.013995752717007004	 3.8869058184964334	
308	 0.014009042343270774	 3.893059098799315	
309	 0.014021949509477192	 3.8990390211547092	
310	 0.014034516005409687	 3.9048646368739335	
311	 0.01404675983535618	 3.910544015799362	
312	 0.014058683205961415	 3.916077920379226	
313	 0.014070291557288676	 3.9214686242956227	
314	 0.01408170751536445	 3.9267728768156274	
315	 0.014092829817521482	 3.931943444385565	
316	 0.014103667043357249	 3.9369841023240695	
317	 0.014114210302924143	 3.9418905080646995	
318	 0.014124382863096249	 3.9466267219374482	
319	 0.014134293146240413	 3.951243010374112	
320	 0.014143941585964392	 3.955739403606063	
321	 0.014153330923032706	 3.960117012743991	
322	 0.014162022322116948	 3.96417094682193	
323	 0.01417082594379339	 3.9682789161837566	
324	 0.01417931151765919	 3.9722400878627346	
325	 0.0141874952976674	 3.976061875766955	
326	 0.014195404736064338	 3.979756944269687	
327	 0.014203071016529303	 3.9833397263376407	
328	 0.014210534955305571	 3.986829184311398	
329	 0.014217802342628321	 3.9902279269621252	
330	 0.014224897379188016	 3.9935471837345156	
331	 0.014231824886655852	 3.9967891308117	
332	 0.014238559001618113	 3.99994158228374	
333	 0.01424510691000507	 4.003007817860013	
334	 0.01425147162893802	 4.005989170702687	
335	 0.014257656433888611	 4.008887098981388	
336	 0.014263666232735488	 4.011703830017529	
337	 0.01426950388028269	 4.014440633136557	
338	 0.014275172242824402	 4.0170987865016174	
339	 0.014280677692869575	 4.019681216485639	
340	 0.014286028389331988	 4.022191692603503	
341	 0.014291217886662105	 4.024627135099895	
342	 0.014296249555632313	 4.02698907142534	
343	 0.014301124867280503	 4.02927814011862	
344	 0.014305846185889967	 4.031495401512923	
345	 0.014310423652798289	 4.033645572002505	
346	 0.014314726312451126	 4.035667075559814	
347	 0.014318997464662196	 4.03767417676411	
348	 0.014323104427882743	 4.039604498670559	
349	 0.014327050871170947	 4.04145972196479	
350	 0.014330845576203906	 4.043243934412274	
351	 0.014334498503487654	 4.0449617826831155	
352	 0.014338016999404532	 4.0466166883804435	
353	 0.014341407450454844	 4.048211625020935	
354	 0.014344717281113892	 4.049768878698275	
355	 0.014347866351727865	 4.05125071821589	
356	 0.014350901951179508	 4.052679367539891	
357	 0.014353829594923416	 4.054057400344784	
358	 0.01435665710583358	 4.055388478822945	
359	 0.014359381018391579	 4.056670952653029	
360	 0.014362001977338576	 4.057905106931201	
361	 0.014364534675752926	 4.059097843845287	
362	 0.01436698266313812	 4.060250820602867	
363	 0.014369407067095661	 4.061392818900911	
364	 0.014371740287643379	 4.062491987203004	
365	 0.014373978517504743	 4.063546517681911	
366	 0.014376123691819386	 4.064557308262162	
367	 0.014378178254850781	 4.0655254977384025	
368	 0.014380143515983488	 4.066451691020487	
369	 0.014382021182276503	 4.067336681214069	
370	 0.014383592272984904	 4.068077234004556	
371	 0.014385291285948485	 4.068878145205279	
372	 0.014386904719384442	 4.069638772773624	
373	 0.014388436768474731	 4.070361085623923	
374	 0.014389891109151736	 4.071046808847168	
375	 0.014391270396035256	 4.071697186813543	
376	 0.01439256718633307	 4.072308702899043	
377	 0.014393782335576758	 4.072881753562337	
378	 0.014394794805212194	 4.073359247442987	
379	 0.01439574576657185	 4.073807753610279	
380	 0.014396640837480391	 4.074229917958655	
381	 0.014397500458849213	 4.0746353788395675	
382	 0.014398420893347731	 4.075069541573079	
383	 0.014399287070356767	 4.075478128314764	
384	 0.014399999960601408	 4.075814420027504	
385	 0.01440065829540478	 4.0761249861597495	
386	 0.014401269111713326	 4.076413144146211	
387	 0.01440183612572696	 4.07668064530589	
388	 0.014402363839739042	 4.076929612145577	
389	 0.014402849894327257	 4.077158930130891	
390	 0.014403295150310575	 4.0773690040779424	
391	 0.014403735834325283	 4.077576925210881	
392	 0.014404126323448166	 4.0777611672070835	
393	 0.014404449909918658	 4.077913845473806	
394	 0.014404560599652973	 4.077966072894169	
395	 0.014404750369384536	 4.078055613740166	
396	 0.0144048412923261	 4.078098515049676	
397	 0.01440489459991605	 4.0781236679209885	
398	 0.014404780206332051	 4.078069692060651	
399	 0.014404588664615416	 4.077979315001095	
400	 0.014404374505067031	 4.077878266890588	
401	 0.014404102933776426	 4.07775013131346	
402	 0.014403899768907278	 4.077654273015235	
403	 0.014403685285038987	 4.077553075106454	
404	 0.014403451642139199	 4.077442838715046	
405	 0.014403209506821212	 4.077328596725185	
406	 0.01440297553623743	 4.077218208159125	
407	 0.014402704130404332	 4.077090158940984	
408	 0.01440238692594691	 4.076940503979704	
409	 0.014402040471568527	 4.076777051610153	
410	 0.014401659750343647	 4.076597435640824	
411	 0.014401255118734833	 4.07640654274387	
412	 0.014400858274205485	 4.076219327027455	
413	 0.014400429139603226	 4.076016881989012	
414	 0.014399990819659944	 4.0758101079009705	
415	 0.014399543435903514	 4.075599062355239	
416	 0.014399071408440043	 4.075376396306268	
417	 0.014398571331611995	 4.075140504045077	
418	 0.014398043829495126	 4.074891680864228	
419	 0.01439748959931855	 4.0746302565827754	
420	 0.014396909338549745	 4.0743565611460975	
421	 0.014396303723482924	 4.074070914522925	
422	 0.014395646441165632	 4.07376090740007	
423	 0.014394905253177779	 4.073411337498074	
424	 0.014394156522109985	 4.073058222201638	
425	 0.01439324282969474	 4.072627324698778	
426	 0.014392297712474326	 4.072181626439234	
427	 0.014391362506982197	 4.071740621557126	
428	 0.014390422898723259	 4.071297559749382	
429	 0.014389474026339591	 4.070850149118748	
430	 0.014388509825885451	 4.070395531170915	
431	 0.014387535312450354	 4.069936071316417	
432	 0.014386557186158782	 4.0694749289483765	
433	 0.01438557352067658	 4.069011196181259	
434	 0.014384587915790283	 4.068546570315944	
435	 0.014383602151123215	 4.068081890356276	
436	 0.014382601299427313	 4.067610120236971	
437	 0.0143815933163361	 4.067135010721657	
438	 0.014380593207026112	 4.066663634427059	
439	 0.014379581492009545	 4.066186810311622	
440	 0.014378537036483832	 4.065694578965053	
441	 0.014377474036931107	 4.065193632658375	
442	 0.014375925269996412	 4.064463809117619	
443	 0.014374789706187246	 4.06392873208298	
444	 0.014373614746943882	 4.06337512160391	
445	 0.01437240276766617	 4.062804099849448	
446	 0.014371164308478896	 4.062220635295892	
447	 0.014369904867896762	 4.061627320335804	
448	 0.014368631245865853	 4.061027359833458	
449	 0.014367356257610606	 4.060426791258089	
450	 0.014366095523785045	 4.059832972003903	
451	 0.01436488144723465	 4.059261161666136	
452	 0.014363683552876934	 4.0586970044545865	
453	 0.014362487201136222	 4.058133605054674	
454	 0.014361285661166002	 4.057567793844694	
455	 0.014360087703605645	 4.057003701026786	
456	 0.014358891676163272	 4.0564405483559725	
457	 0.014357698072052293	 4.055878567893244	
458	 0.014356488804321414	 4.055309244344089	
459	 0.014355291764723634	 4.054745709288834	
460	 0.014354092298336384	 4.054181063186313	
461	 0.014352905184219352	 4.053622262857662	
462	 0.014351739607176287	 4.053073630473842	
463	 0.014350586965647396	 4.052531115995389	
464	 0.014349412483588666	 4.0519783517016705	
465	 0.014348209003096883	 4.051411970723332	
466	 0.01434669225334391	 4.050698204336961	
467	 0.014345430414121105	 4.050104434482856	
468	 0.014344127147168966	 4.049491206987697	
469	 0.014342779283432864	 4.048857034394647	
470	 0.014341388603833709	 4.048202758494919	
471	 0.01433996306613807	 4.047532126733401	
472	 0.014338523279348403	 4.046854836722193	
473	 0.01433707225243531	 4.046172305115577	
474	 0.014335622714685164	 4.0454905199583004	
475	 0.01433420172099816	 4.044822205012904	
476	 0.014332799714093403	 4.044162863125356	
477	 0.014331410525103342	 4.043509591710116	
478	 0.014330034311000927	 4.042862463410056	
479	 0.014328671763762795	 4.042221802407371	
480	 0.014327321160663606	 4.041586797543365	
481	 0.014325979930760555	 4.040956239109347	
482	 0.014324645609058776	 4.040328967510419	
483	 0.014323316969846794	 4.039704405982939	
484	 0.014321994690774071	 4.039082872549915	
485	 0.014320675328446136	 4.038462748252045	
486	 0.014319358816452136	 4.037844001626469	
487	 0.014318044913223263	 4.037226518903687	
488	 0.014316733388689797	 4.0366101917460595	
489	 0.014315423214692249	 4.035994536829268	
490	 0.014313954051239008	 4.035304216939749	
491	 0.014312590936141359	 4.0346637685267694	
492	 0.014311173555608573	 4.033997867068408	
493	 0.014309690198623133	 4.033301016207218	
494	 0.014308153143752257	 4.0325789899768285	
495	 0.014306588783967655	 4.031844190450592	
496	 0.014305008285717277	 4.03110186487778	
497	 0.014303404178236835	 4.0303485064710465	
498	 0.014301811338693148	 4.02960049570709	
499	 0.014300273495118311	 4.0288783642034804	
500	 0.014298775738507127	 4.028175106262755	
501	 0.014297301429015603	 4.027482905663633	
502	 0.014295843788789868	 4.026798578203748	
503	 0.014294401450717285	 4.026121480526939	
504	 0.014292975820102674	 4.025452270831691	
505	 0.014291565510629765	 4.024790296864439	
506	 0.01429016752825001	 4.024134151992454	
507	 0.01428877973457149	 4.0234828315257625	
508	 0.014287397551456768	 4.0228341861295895	
509	 0.014286023402727594	 4.022189352662701	
510	 0.014284655053428068	 4.021547281725582	
511	 0.014283291947315037	 4.020907711817018	
512	 0.01428193173475734	 4.020269540125931	
513	 0.014280572728995753	 4.019631975092551	
514	 0.014279073768573616	 4.01892879853001	
515	 0.014277659398595712	 4.018265349270007	
516	 0.01427619006043164	 4.0175761620665185	
517	 0.014274659691599119	 4.016858398945341	
518	 0.014273077541591512	 4.0161164037031165	
519	 0.01427143768395413	 4.0153474026573	
520	 0.01426976747629674	 4.014564229709392	
521	 0.014268361446249	 4.013904979006632	
522	 0.014266999737964137	 4.013266550900362	
523	 0.014265635954852281	 4.012627190739514	
524	 0.014264268944862072	 4.011986358665635	
525	 0.014262898554327972	 4.011343982940964	
526	 0.014261524843094807	 4.010700091921101	
527	 0.014260052915019337	 4.010010210225189	
528	 0.014258577562631467	 4.009318771217018	
529	 0.014257115072365961	 4.008633407246723	
530	 0.014255664436989815	 4.007953645109863	
531	 0.014254223919350988	 4.007278669737163	
532	 0.014252790132081474	 4.006606893131504	
533	 0.014251359317487474	 4.005936554233261	
534	 0.014249931753682435	 4.005267783047826	
535	 0.014248506698368982	 4.0046002315621205	
536	 0.014247083804780913	 4.003933737120008	
537	 0.014245661037436892	 4.003267346180573	
538	 0.014243948630431788	 4.002465353636237	
539	 0.014242556749736469	 4.001813524458062	
540	 0.014241166897996177	 4.001162687829512	
541	 0.014239775745470026	 4.0005112844751345	
542	 0.014238367022034947	 3.999851696822447	
543	 0.014236625837497525	 3.9990365054899293	
544	 0.014234786698844157	 3.998175525977519	
545	 0.01423294424390749	 3.997313068327681	
546	 0.014231168197997704	 3.996481767356572	
547	 0.014229494847155235	 3.995698597401494	
548	 0.014227894389138443	 3.994949600551173	
549	 0.014226329146401689	 3.994217138392974	
550	 0.014224790024828095	 3.993496952133334	
551	 0.014223272050805922	 3.9927867121245204	
552	 0.014221770820549765	 3.992084356001439	
553	 0.014220282404087695	 3.9913880436530182	
554	 0.014218796820968719	 3.9906931052494174	
555	 0.014217317884072841	 3.9900013239500867	
556	 0.014215844598475648	 3.989312233776561	
557	 0.014214379200574074	 3.9886268800897846	
558	 0.014212916637752508	 3.987942899310007	
559	 0.01421146092366335	 3.987262167994239	
560	 0.014210011047808434	 3.986584212999955	
561	 0.014208555813621139	 3.985903798844942	
562	 0.014206468639243781	 3.9849279937236015	
563	 0.014205077703800792	 3.9842777504168594	
564	 0.014203680070356084	 3.983624418638669	
565	 0.014202252151495374	 3.9829569740288546	
566	 0.014200807765575463	 3.982281877820776	
567	 0.014199336341698319	 3.9815941913229036	
568	 0.014197860363898354	 3.980904424225361	
569	 0.014196155348564946	 3.9801076807720386	
570	 0.01419446987912845	 3.979320133698684	
571	 0.014192834926940488	 3.9785562507194467	
572	 0.014191242896091562	 3.9778124778363626	
573	 0.014189676437522676	 3.9770807062293083	
574	 0.014188110372632727	 3.976349172362792	
575	 0.014186528495991124	 3.975610307221588	
576	 0.014184932106842615	 3.9748647192396134	
577	 0.01418333244386004	 3.974117658334527	
578	 0.01418175207871605	 3.9733796648976494	
579	 0.014180225226047616	 3.972666712602176	
580	 0.0141787201956462	 3.9719640001333274	
581	 0.01417728798437447	 3.9712953337574137	
582	 0.014175879130739349	 3.970637616458731	
583	 0.014174461553053333	 3.96997587035598	
584	 0.014173023267121991	 3.9693045024303846	
585	 0.014171587600566625	 3.968634402480863	
586	 0.014169513986155726	 3.9676666191088907	
587	 0.014168056102565912	 3.9669862620086476	
588	 0.014166571316445614	 3.966293398153731	
589	 0.014165067151498815	 3.9655915406831745	
590	 0.01416375225888071	 3.9649780401559758	
591	 0.01416245359185599	 3.96437214740908	
592	 0.014161146658922022	 3.9637624355971024	
593	 0.014159851541549482	 3.9631582729992623	
594	 0.014158564588880464	 3.962557955665429	
595	 0.014157297206580871	 3.961966802758969	
596	 0.014156030556730325	 3.961376026742175	
597	 0.014154741677119758	 3.9607749187535153	
598	 0.014153420584174244	 3.960158824969878	
599	 0.014152089383860126	 3.9595380563766347	
600	 0.014150779459973497	 3.95892724745764	
601	 0.014149478937154576	 3.9583208594835586	
602	 0.014148175190227276	 3.957713005515142	
603	 0.01414687342777217	 3.9571061140353545	
604	 0.014145579076895223	 3.956502714800582	
605	 0.014144291303459835	 3.955902418358132	
606	 0.014143006244422225	 3.955303423553963	
607	 0.01414172210089021	 3.9547048917314287	
608	 0.014140436050512918	 3.954105507452307	
609	 0.014139150811419775	 3.953506537591651	
610	 0.014137104043916509	 3.952552741715669	
611	 0.014135673707216823	 3.951886257906051	
612	 0.014134208712893233	 3.951203671535217	
613	 0.014132702175371766	 3.9505017780875242	
614	 0.014131148029768545	 3.9497777563783094	
615	 0.014129564205206772	 3.9490399629010695	
616	 0.014127988932807523	 3.948306207966792	
617	 0.01412641830909171	 3.9475746726680403	
618	 0.014124881455220466	 3.946858918531307	
619	 0.014123425766036625	 3.9461810128461003	
620	 0.014122028000467836	 3.945530125675406	
621	 0.014120661232089974	 3.9448937142670943	
622	 0.014119307628095483	 3.9442634730936526	
623	 0.014117960141200132	 3.9436361200623016	
624	 0.014116608424202173	 3.943006837716225	
625	 0.01411527507973089	 3.942386147924962	
626	 0.014113961413399857	 3.941774656797856	
627	 0.01411267886732225	 3.9411776882664022	
628	 0.01411134091332683	 3.940554968341633	
629	 0.014109957154592909	 3.9399109710593185	
630	 0.014108536386404033	 3.9392497934917166	
631	 0.014107119894783018	 3.938590650281033	
632	 0.014105715096262898	 3.9379369918567373	
633	 0.01410432473933274	 3.9372900958930974	
634	 0.014102246165708068	 3.9363230703572936	
635	 0.014100841826850934	 3.935669776326492	
636	 0.014099425145728343	 3.935010784660038	
637	 0.01409797759420131	 3.9343374787304874	
638	 0.014096490641553647	 3.9336458939728733	
639	 0.01409498279279069	 3.932944640051013	
640	 0.014093465044720322	 3.932238832770949	
641	 0.014091954723242964	 3.9315365294228464	
642	 0.014090467969473924	 3.9308452341292766	
643	 0.014089047028301414	 3.930184585136999	
644	 0.014087673275543194	 3.92954591804315	
645	 0.014086325326539455	 3.928919287647741	
646	 0.014084994378755725	 3.9283005999486176	
647	 0.014083677511279785	 3.927688495802179	
648	 0.014082371563714113	 3.9270815051115298	
649	 0.014081072358574405	 3.926477685464999	
650	 0.014079771310818442	 3.92587304666191	
651	 0.014078478605398787	 3.9252723217005636	
652	 0.014077191132190114	 3.9246740647157536	
653	 0.014075911703218142	 3.9240795818236625	
654	 0.01407463948241269	 3.92348848390356	
655	 0.014073378035989915	 3.922902427133714	
656	 0.014072126378420941	 3.922320952790738	
657	 0.014070878913285999	 3.9217414604050957	
658	 0.014069178281112085	 3.920951510816153	
659	 0.014067892128024931	 3.920354130486056	
660	 0.014066705779244562	 3.919803138605587	
661	 0.014065521016456974	 3.9192529142455257	
662	 0.01406432766025946	 3.918698730190702	
663	 0.014063123295602402	 3.918139465687214	
664	 0.01406190620259432	 3.917574323023358	
665	 0.014060678375988322	 3.9170042293823264	
666	 0.014059450360713642	 3.9164340813353515	
667	 0.014058237322111361	 3.915870919313915	
668	 0.014057046252875538	 3.9153179882510574	
669	 0.014055679548587526	 3.914683560462473	
670	 0.014054284676875866	 3.9140360996849273	
671	 0.014052873079573449	 3.9133809189638424	
672	 0.014051459569125513	 3.91272489423536	
673	 0.014050055992897407	 3.912073523611563	
674	 0.014048672369755011	 3.9114314552595624	
675	 0.014047326355312978	 3.9108068796241673	
676	 0.01404600374213095	 3.910193201469102	
677	 0.014044714063621833	 3.909594841740317	
678	 0.014043465445473215	 3.909015567290301	
679	 0.014042240291472054	 3.908447211992302	
680	 0.014041030699941438	 3.9078861086354553	
681	 0.014039818723811846	 3.907323931434016	
682	 0.014037845603240083	 3.9064087652897657	
683	 0.014036574160149841	 3.905819094265213	
684	 0.014035244818641697	 3.905202609136753	
685	 0.014033864553045788	 3.904562549038315	
686	 0.014032455853149916	 3.9039093465895753	
687	 0.014031030322017489	 3.9032483841373673	
688	 0.014029575797233747	 3.9025740246168414	
689	 0.014028129605699326	 3.901903574838723	
690	 0.014026714822184268	 3.9012477303051254	
691	 0.01402565128448924	 3.90075474017817	
692	 0.014024561381847612	 3.900249554752191	
693	 0.014023316254445082	 3.8996724524640145	
694	 0.014022083700574752	 3.899101211507817	
695	 0.014020869375541907	 3.8985384516465507	
696	 0.014019662527363091	 3.897979189008573	
697	 0.014018454108956902	 3.89741923087218	
698	 0.014017236212319891	 3.8968549132619783	
699	 0.014016025208348085	 3.896293821807141	
700	 0.014014818052213659	 3.8957345453258005	
701	 0.014013615011323132	 3.895177207390811	
702	 0.014012406792433041	 3.894617502724541	
703	 0.014011202890990957	 3.8940598301067855	
704	 0.014010006085286375	 3.893505476047032	
705	 0.014008807902654982	 3.892950515826167	
706	 0.014007128328752883	 3.892172643692518	
707	 0.01400593430481767	 3.8916196853304887	
708	 0.01400472689572941	 3.891060560194654	
709	 0.014003503898946588	 3.890494249493787	
710	 0.014002272923912339	 3.8899242777451803	
711	 0.014001027496525055	 3.8893476481959923	
712	 0.013999772598409142	 3.888766668309916	
713	 0.013998531411456135	 3.8881920704279658	
714	 0.01399730618382072	 3.88762489409984	
715	 0.013996100769241536	 3.887066921832239	
716	 0.013994899430438813	 3.8865108680674467	
717	 0.013993699721976055	 3.8859556006805294	
718	 0.013992500266420703	 3.8854004820732753	
719	 0.013991297338095033	 3.88484378809796	
720	 0.013990091271151639	 3.8842856736584355	
721	 0.013988885104169907	 3.883727545004859	
722	 0.01398767936435591	 3.8831696460787333	
723	 0.01398647786126857	 3.8826137393879137	
724	 0.013985304712992605	 3.8820709825065687	
725	 0.013984147904534392	 3.8815358149600763	
726	 0.013983002812530064	 3.881006096794318	
727	 0.013981868875142436	 3.8804815672383586	
728	 0.013980745302203858	 3.879961859974788	
729	 0.013979620153323102	 3.8794414516634266	
730	 0.013978089711488818	 3.878733630473272	
731	 0.013976970605332624	 3.878216082542742	
732	 0.01397584015921225	 3.877693318317138	
733	 0.013974689431521246	 3.8771612040208994	
734	 0.013973515705037695	 3.876618484818573	
735	 0.013972332285691443	 3.876071314502652	
736	 0.013971140286589257	 3.875520208449649	
737	 0.013969918641535465	 3.87495542848193	
738	 0.013968697297375314	 3.8743908205335504	
739	 0.01396750376810884	 3.873839102761501	
740	 0.01396634302579701	 3.8733025711484492	
741	 0.013965202917914402	 3.87277560635635	
742	 0.013964072844170375	 3.8722533077064445	
743	 0.013962951778826402	 3.8717352004101677	
744	 0.013961842371326551	 3.8712225081590512	
745	 0.013960746506922674	 3.870716101263406	
746	 0.013959663643019047	 3.8702157280235503	
747	 0.013958591230366751	 3.8697202096337677	
748	 0.013957532895891193	 3.869231221080069	
749	 0.013956481134757752	 3.8687452941346523	
750	 0.013955433625339228	 3.868261355799842	
751	 0.01395438716620854	 3.867777926866563	
752	 0.013953339812078018	 3.8672941086725405	
753	 0.01395227958197848	 3.866804367169579	
754	 0.013950934639589307	 3.8661831470593597	
755	 0.013949816768592454	 3.8656668401256606	
756	 0.013948635424056811	 3.8651212468797214	
757	 0.01394738141413563	 3.864542127490057	
758	 0.013946049579343964	 3.8639271054920274	
759	 0.013944659789047867	 3.863285362229909	
760	 0.013943318343513117	 3.8626659828644767	
761	 0.01394199459439311	 3.862054813323641	
762	 0.013940720428577994	 3.8614665727295345	
763	 0.013939516590038415	 3.860910832862525	
764	 0.01393835542937012	 3.860374825116593	
765	 0.01393720943393994	 3.8598458470405856	
766	 0.013936078230458462	 3.8593237251921906	
767	 0.013934963593079809	 3.8588092772821643	
768	 0.013933863376818253	 3.8583015121733735	
769	 0.013932776911806888	 3.8578001196868272	
770	 0.013931703734184913	 3.857304884783062	
771	 0.013930644737527174	 3.856816218840956	
772	 0.013929608447033587	 3.856338054459277	
773	 0.013928598097972545	 3.855871882785592	
774	 0.013927600897841438	 3.8554118000888056	
775	 0.013926606588480562	 3.854953072984648	
776	 0.013925590506032261	 3.8544843233684776	
777	 0.013924515394910172	 3.853988366863217	
778	 0.013922600554234315	 3.853105100289093	
779	 0.013921442211352197	 3.852570825930598	
780	 0.013920230118501216	 3.8520117916534042	
781	 0.01391897971867273	 3.8514351236644724	
782	 0.013917706428667864	 3.850847934516037	
783	 0.013916414329866164	 3.85025210813143	
784	 0.01391510422420752	 3.8496480158867183	
785	 0.013913790540794621	 3.849042312003708	
786	 0.01391249385602189	 3.848444483121229	
787	 0.01391124664038121	 3.8478694967373843	
788	 0.013910035078941771	 3.847310980417682	
789	 0.01390884741524358	 3.8467635121672914	
790	 0.013907673520095929	 3.846222421324806	
791	 0.013906497560147762	 3.845680409268057	
792	 0.01390532014654682	 3.8451377578192987	
793	 0.013904153591588678	 3.8446001411574384	
794	 0.013903003754432349	 3.8440702584615747	
795	 0.01390186675626864	 3.843546321122236	
796	 0.013900737511252547	 3.8430259847672157	
797	 0.013899623423104364	 3.8425126600464408	
798	 0.013898522473006495	 3.8420054157292984	
799	 0.013897435780074883	 3.841504766430976	
800	 0.01389635575876347	 3.841007216666555	
801	 0.013895247337405	 3.8404966102273	
802	 0.01389329336450192	 3.839596557332622	
803	 0.013892186690273773	 3.8390868306104404	
804	 0.013891060026803298	 3.838567924784958	
805	 0.013889909519417775	 3.838038066154894	
806	 0.013888732152330219	 3.8374958677559485	
807	 0.01388751177641837	 3.836933895372077	
808	 0.01388629781301793	 3.836374908555876	
809	 0.013885101918805003	 3.835824273809271	
810	 0.013883953987077046	 3.8352957525367595	
811	 0.013882860425125225	 3.834792290843295	
812	 0.013881810669465975	 3.8343090218675204	
813	 0.013880803595491417	 3.833845424869985	
814	 0.013879926802540719	 3.83344181977106	
815	 0.01387895096607158	 3.832992642971126	
816	 0.013877969099380038	 3.832540711713951	
817	 0.013876989046102297	 3.832089636387133	
818	 0.013876013296992498	 3.83164056317684	
819	 0.013875044903907369	 3.8311948962757594	
820	 0.013874077484707372	 3.8307496982738836	
821	 0.013873113902797263	 3.8303062867317257	
822	 0.013872147450216974	 3.8298615748164355	
823	 0.013871176254119365	 3.8294147009845276	
824	 0.013870205069333032	 3.828967853215099	
825	 0.013869192980909687	 3.8285022076388113	
826	 0.013867396465667928	 3.827675715715256	
827	 0.013866315402597505	 3.827178403988037	
828	 0.01386512573076279	 3.8266311598201503	
829	 0.013863819682741503	 3.8260304191289953	
830	 0.013862398031264132	 3.825376547396881	
831	 0.01386092643220852	 3.8246997499556397	
832	 0.013859423057995023	 3.824008388388345	
833	 0.013857904078712568	 3.823309901242842	
834	 0.013856447793306286	 3.8226402911604582	
835	 0.013855132882561736	 3.822035726427619	
836	 0.013853943352935093	 3.8214888419074953	
837	 0.013852835289574697	 3.8209794395462584	
838	 0.013851766632363895	 3.8204881788351743	
839	 0.013850712756448955	 3.820003737816416	
840	 0.013849670059651008	 3.819524459747973	
841	 0.013848639094654938	 3.8190505978806932	
842	 0.013847619269003159	 3.8185818791215036	
843	 0.013846610568563043	 3.818118296221923	
844	 0.013845604006701628	 3.817655718621589	
845	 0.013844601045305327	 3.817194817956872	
846	 0.013843594832916648	 3.8167324456993503	
847	 0.013842598495598721	 3.8162746332857336	
848	 0.013841606809782254	 3.815818980029239	
849	 0.013840561882536554	 3.815338887299167	
850	 0.013838516789136926	 3.8143993372862854	
851	 0.01383744774104637	 3.8139082356043628	
852	 0.013836314494789632	 3.8133876700441123	
853	 0.013835113687494145	 3.812836100806311	
854	 0.013833860580003986	 3.8122605424442715	
855	 0.013832572866514849	 3.811669125587684	
856	 0.013831205242865978	 3.8110410480437307	
857	 0.013829816767982504	 3.8104034369784023	
858	 0.013828468219580758	 3.809784201678066	
859	 0.013827325330545728	 3.8092594339108143	
860	 0.013826264070081588	 3.8087721725265085	
861	 0.013825458214785964	 3.8084021931430705	
862	 0.013824661811478739	 3.8080365674236973	
863	 0.013823883248785357	 3.8076791458353263	
864	 0.013823102379751845	 3.8073206789346634	
865	 0.013822155761036393	 3.80688614084033	
866	 0.013821245283409967	 3.806468211754561	
867	 0.013820323631733633	 3.806045172229177	
868	 0.013819363917592283	 3.805604681962791	
869	 0.013818414430124923	 3.8051689056109232	
870	 0.013817479090838828	 3.80473964221969	
871	 0.013816554001288712	 3.8043151018831485	
872	 0.01381563918104673	 3.8038952929532766	
873	 0.013814654773815284	 3.8034435714118926	
874	 0.01381372156454698	 3.803015363236534	
875	 0.013812690750512958	 3.8025423909969156	
876	 0.013811572049047907	 3.8020291196658684	
877	 0.013810383429502433	 3.801483799593267	
878	 0.013809147352706504	 3.8009167400630997	
879	 0.013807887929500195	 3.800339004994099	
880	 0.013806619966889184	 3.7997573881322504	
881	 0.013805349283023571	 3.799174558748775	
882	 0.01380410805027272	 3.798605272348408	
883	 0.013802971093102419	 3.7980838414680065	
884	 0.013801956060855151	 3.797618351942787	
885	 0.013801007192665807	 3.7971832256153406	
886	 0.013800086503961117	 3.7967610407324814	
887	 0.01379918034238817	 3.7963455356496394	
888	 0.013798281266789248	 3.79593329769749	
889	 0.013797386310085518	 3.7955229660967538	
890	 0.013796498730312782	 3.7951160342937533	
891	 0.013795620371723088	 3.7947133473403394	
892	 0.013794758624546839	 3.794318292565191	
893	 0.013793902040329108	 3.7939256209737797	
894	 0.013793047446716548	 3.7935338781062065	
895	 0.013792192290545513	 3.793141893560493	
896	 0.01379133642677244	 3.7927496008883343	
897	 0.013790441353742642	 3.792339353671153	
898	 0.013789560316628886	 3.7919355570027644	
899	 0.013788647231292054	 3.791517090151227	
900	 0.013787698984801323	 3.7910825285032583	
901	 0.013786710193199412	 3.7906294070942064	
902	 0.013785682723905299	 3.7901585842858427	
903	 0.013784632824451071	 3.7896775073491313	
904	 0.013783580969654425	 3.789195558945279	
905	 0.013782521013221898	 3.7887099232625543	
906	 0.013781462305819682	 3.788224884696863	
907	 0.013780416563030497	 3.7877458101535932	
908	 0.013779368873332993	 3.7872658679986726	
909	 0.013778322375527329	 3.7867864961298725	
910	 0.013777291819353017	 3.7863144504046056	
911	 0.01377627745032839	 3.78584984218232	
912	 0.013775283654335717	 3.7853946790773816	
913	 0.013774301425704993	 3.7849448353871655	
914	 0.01377334417423455	 3.7845064513794027	
915	 0.013772411183857382	 3.784079197556165	
916	 0.013771493577755398	 3.7836590076320644	
917	 0.013770676996541283	 3.7832850946911596	
918	 0.013769771913666963	 3.782870674067596	
919	 0.013768851016829942	 3.782449031162613	
920	 0.013767916259730239	 3.7820210614080496	
921	 0.013766922509637949	 3.7815661035090558	
922	 0.013765950768437119	 3.781121242875016	
923	 0.01376495249390876	 3.7806642571515083	
924	 0.01376392211239132	 3.78019259680316	
925	 0.013762863035466184	 3.7797078255737535	
926	 0.013761779888891898	 3.779212062667931	
927	 0.013760676645950862	 3.7787071282714306	
928	 0.013759589446871792	 3.7782095632628945	
929	 0.013758495030225571	 3.777708721549904	
930	 0.013757410433395002	 3.777212399915929	
931	 0.013756365521978514	 3.77673426336874	
932	 0.01375535889314854	 3.7762736672840034	
933	 0.013754372203054182	 3.7758222162339385	
934	 0.013753400968556791	 3.7753778578364368	
935	 0.013752447520829087	 3.77494165757506	
936	 0.013751508032818391	 3.774511863573751	
937	 0.013750575303943479	 3.7740851810846703	
938	 0.013749658283705198	 3.7736657034168433	
939	 0.013748743086852293	 3.773247078425431	
940	 0.013747850240670358	 3.7728386948736468	
941	 0.013746961141608064	 3.772432042806329	
942	 0.01374607342410967	 3.7720260401249366	
943	 0.013745183716469754	 3.771619144779061	
944	 0.01374429397524169	 3.771212251631265	
945	 0.013743348342014787	 3.7707798174116607	
946	 0.013742442726315553	 3.770365701638722	
947	 0.013741529217609922	 3.7699479950195918	
948	 0.013740599800307708	 3.7695230331098744	
949	 0.013739641908687834	 3.769085071804167	
950	 0.013738663754415728	 3.7686378671390552	
951	 0.013737670298886798	 3.768183688582777	
952	 0.01373668968390829	 3.767735401820384	
953	 0.013735712106203956	 3.7672885247785315	
954	 0.013734737859633006	 3.766843191581502	
955	 0.013733771493668542	 3.7664014814547633	
956	 0.013732808728964091	 3.765961438009486	
957	 0.013731850822529727	 3.7655236355071153	
958	 0.01373089980982544	 3.765089003862366	
959	 0.013729959466591635	 3.7646592681086752	
960	 0.01372902037605834	 3.7642301244192904	
961	 0.013728080915174525	 3.763800831068491	
962	 0.013727147502653494	 3.7633743209563946	
963	 0.01372622529780343	 3.762952951023745	
964	 0.013725305710094213	 3.762532795696648	
965	 0.013724396419613925	 3.7621173635776555	
966	 0.013723484100945132	 3.761700566395539	
967	 0.013722570685942145	 3.7612832868528367	
968	 0.01372166674385054	 3.7608703530929	
969	 0.013720696827768412	 3.760427301632861	
970	 0.013719789040069671	 3.7600126489365553	
971	 0.013718851062270311	 3.759584225437364	
972	 0.01371788915626249	 3.7591448929554874	
973	 0.013716904125970123	 3.7586950201749785	
974	 0.013715898861577251	 3.7582359284917	
975	 0.01371487147415648	 3.7577667566752635	
976	 0.013713851764918857	 3.757301114383883	
977	 0.013712805398080318	 3.7568233231010857	
978	 0.013711740224442482	 3.7563369692350252	
979	 0.013710701040268836	 3.755862506323288	
980	 0.013709713431384175	 3.755411613488328	
981	 0.013708765247565414	 3.754978740541303	
982	 0.013707844198713636	 3.7545582745913886	
983	 0.0137069375006884	 3.7541443783013206	
984	 0.013706035673181342	 3.753732723447085	
985	 0.01370513953009627	 3.753323681232724	
986	 0.013704251039789568	 3.7529181497120945	
987	 0.013703372380018274	 3.752517122357126	
988	 0.013702517979160327	 3.752127183403268	
989	 0.013701669751768002	 3.751740077983568	
990	 0.01370082935884823	 3.751356563736376	
991	 0.01369999481868645	 3.750975735920938	
992	 0.013699164495927124	 3.7505968479915524	
993	 0.013698316988435892	 3.7502101342159495	
994	 0.013697466350253054	 3.749822007958821	
995	 0.013696563362592073	 3.74941001344464	
996	 0.013695601906065061	 3.748971362000607	
997	 0.01369458003329145	 3.7485051689715116	
998	 0.013693510003833172	 3.7480170310272136	
999	 0.013692403155609382	 3.747512123444821	
1000	 0.013691252113934621	 3.746987085131115	
1001	 0.013690071871302537	 3.746448757593374	
1002	 0.013688896932071301	 3.7459128797524945	
1003	 0.013687802438765512	 3.7454137200658724	
1004	 0.013686779036989843	 3.744947006783656	
1005	 0.013685786221492061	 3.744494264333464	
1006	 0.013684807331960301	 3.744047893821082	
1007	 0.013683843514009739	 3.7436084166984522	
1008	 0.013682902302455495	 3.7431792674483124	
1009	 0.013681985895631767	 3.7427614469247725	
1010	 0.013681094519180054	 3.7423550564840693	
1011	 0.013680227027194172	 3.74195957223907	
1012	 0.013679404040182329	 3.741584392991253	
1013	 0.013678583650475543	 3.741210412766369	
1014	 0.013677762002720724	 3.74083587403913	
1015	 0.013676934463075949	 3.7404586647221696	
1016	 0.013676090700648631	 3.7400740763983347	
1017	 0.013675127324670416	 3.7396349873588575	
1018	 0.01367422295820254	 3.73922281253338	
1019	 0.013673248542800264	 3.7387787324851294	
1020	 0.013672225784419139	 3.7383126433026206	
1021	 0.013671162734507575	 3.7378282171881834	
1022	 0.013670065467183861	 3.737328224720457	
1023	 0.013668941678389083	 3.736816174930589	
1024	 0.013667817014348185	 3.7363037544357818	
1025	 0.013666695918356883	 3.735792987594586	
1026	 0.013665594294673554	 3.7352911194671554	
1027	 0.013664547748673284	 3.7348143681327706	
1028	 0.013663584167905883	 3.7343754329202077	
1029	 0.013662665485273546	 3.7339569691504635	
1030	 0.01366176589746191	 3.7335472213284078	
1031	 0.01366087763845748	 3.733142651244763	
1032	 0.013659994999982206	 3.732740658481196	
1033	 0.013659117215256627	 3.7323408935043365	
1034	 0.013658246057610663	 3.731944163597288	
1035	 0.013657379158454686	 3.7315493897754055	
1036	 0.013656511414857332	 3.731154248136179	
1037	 0.013655632565790872	 3.730754066495554	
1038	 0.013654737254090643	 3.7303464062923855	
1039	 0.013653834140401873	 3.7299352116806537	
1040	 0.013652928845541515	 3.7295230421619805	
1041	 0.013651896516869008	 3.7290530579586085	
1042	 0.013650958566457217	 3.728626061515998	
1043	 0.013649976840486867	 3.728179157455472	
1044	 0.013648944382336433	 3.7277091820661217	
1045	 0.01364791820683653	 3.7272420900259653	
1046	 0.013646941456636903	 3.726797517020983	
1047	 0.01364600708992549	 3.7263722549358755	
1048	 0.01364500917220893	 3.725918090063029	
1049	 0.013644021452045543	 3.7254685880291176	
1050	 0.013643058704442077	 3.7250304716465723	
1051	 0.013642149585224096	 3.7246167787886333	
1052	 0.013641296477220346	 3.7242285904353385	
1053	 0.013640479275243634	 3.72385675552013	
1054	 0.01363967570905138	 3.723491139501773	
1055	 0.01363888476702196	 3.7231312813968374	
1056	 0.013638094441134792	 3.7227717175166415	
1057	 0.013637308425900573	 3.722414128573332	
1058	 0.013636516458816623	 3.72205384579823	
1059	 0.013635725737710207	 3.7216941437612134	
1060	 0.013634933060403162	 3.721333565798295	
1061	 0.013634136335139494	 3.7209711605577396	
1062	 0.01363333967981752	 3.7206088012476823	
1063	 0.013632544301906952	 3.7202470370511698	
1064	 0.013631750218967264	 3.719885875886844	
1065	 0.01363095058701207	 3.7195222051174777	
1066	 0.013630143914197678	 3.7191553465923732	
1067	 0.013629250441723261	 3.718749030226901	
1068	 0.013628251132120775	 3.718294604308465	
1069	 0.013627225091577214	 3.7178280458783375	
1070	 0.013626192578203382	 3.717358567780701	
1071	 0.013625163622106104	 3.7168907307501504	
1072	 0.013624129291078152	 3.716420473629654	
1073	 0.013623131648986571	 3.71596691963054	
1074	 0.013622173419114912	 3.71553130429753	
1075	 0.013621266383154036	 3.7151189807518903	
1076	 0.013620376218750087	 3.714714344533369	
1077	 0.013619466852728352	 3.714300998165121	
1078	 0.013618543690037838	 3.71388139943119	
1079	 0.01361762290298089	 3.713462899366222	
1080	 0.013616708728824891	 3.7130474235436637	
1081	 0.013615809229308698	 3.7126386352326195	
1082	 0.013614928653067132	 3.7122384642692907	
1083	 0.013614071022793627	 3.7118487375068048	
1084	 0.013613231566851455	 3.71146728542563	
1085	 0.01361240131228457	 3.7110900299097844	
1086	 0.013611578331083413	 3.7107160944433515	
1087	 0.01361076070729538	 3.7103446081338256	
1088	 0.013609946868302322	 3.7099748562148083	
1089	 0.013609077364431694	 3.7095798303278156	
1090	 0.013608239399816131	 3.709199149018331	
1091	 0.013607368080017692	 3.708803331261503	
1092	 0.013606463744437325	 3.7083925331689724	
1093	 0.013605526793734729	 3.707966938723559	
1094	 0.013604562065987235	 3.70752874742857	
1095	 0.013603582489265239	 3.7070838327409956	
1096	 0.01360260821868712	 3.7066413492396535	
1097	 0.013601645901875438	 3.7062043155090296	
1098	 0.013600698092341981	 3.705773890371049	
1099	 0.01359976590112252	 3.705350577423639	
1100	 0.013598847580330824	 3.704933582024465	
1101	 0.0135979314265714	 3.704517589347561	
1102	 0.013597022079301926	 3.704104705731202	
1103	 0.013596122177974995	 3.7036961291102273	
1104	 0.013595234931347793	 3.7032933156738332	
1105	 0.013594361678481768	 3.7028968725723854	
1106	 0.013593501146097241	 3.7025062209778485	
1107	 0.013592651318113151	 3.702120444986614	
1108	 0.013591814390787996	 3.701740540912377	
1109	 0.013590983345249677	 3.701363322172087	
1110	 0.013590156410192915	 3.7009879844777855	
1111	 0.013589332660031216	 3.7006141075136143	
1112	 0.013588511233824065	 3.7002413003716503	
1113	 0.013587637905515879	 3.6998449537583227	
1114	 0.013586795409468791	 3.699462615986216	
1115	 0.013585919778938013	 3.699065258021288	
1116	 0.013585007647376728	 3.698651354176377	
1117	 0.013584060939297662	 3.6982217799144737	
1118	 0.013583080704677704	 3.6977770138219026	
1119	 0.013582075349934343	 3.6973208720941044	
1120	 0.013581060633152656	 3.6968605055192754	
1121	 0.013580038844484717	 3.6963969536730747	
1122	 0.01357903087421196	 3.6959396935596196	
1123	 0.013578059819405085	 3.695499201341942	
1124	 0.013577110054643004	 3.6950683870811134	
1125	 0.013576165761097199	 3.694640074487083	
1126	 0.013575217552476492	 3.6942100060778285	
1127	 0.013574290672582678	 3.693789630856696	
1128	 0.013573375267804968	 3.693374478818088	
1129	 0.013572468946277626	 3.6929634645802603	
1130	 0.013571570220119004	 3.6925559128881837	
1131	 0.013570683652051826	 3.69215389224015	
1132	 0.013569805362904816	 3.6917556429922156	
1133	 0.013568927895942438	 3.6913577837132765	
1134	 0.01356805159545514	 3.6909604704528736	
1135	 0.013567185862755621	 3.690567965409365	
1136	 0.01356632173128282	 3.6901762029791754	
1137	 0.013565382137290671	 3.689750247758162	
1138	 0.013564510277691533	 3.6893550168166103	
1139	 0.013563737317808137	 3.6890046332055833	
1140	 0.013562959667543735	 3.6886521368721605	
1141	 0.01356217958977861	 3.6882985537285715	
1142	 0.013561398139945549	 3.687944362266447	
1143	 0.013560625678526866	 3.687594258167672	
1144	 0.013559853014885721	 3.687244075715659	
1145	 0.013559053010537997	 3.6868815160727344	
1146	 0.013558231592110842	 3.686509266469769	
1147	 0.013557422140660488	 3.686142454757466	
1148	 0.013556633449848053	 3.6857850649968653	
1149	 0.01355575263963003	 3.6853859483519327	
1150	 0.013554882506562114	 3.6849916867601964	
1151	 0.01355401307245961	 3.6845977587250998	
1152	 0.01355314655050697	 3.6842051669040536	
1153	 0.013552295010823097	 3.683819379344569	
1154	 0.013551440978378897	 3.6834324786782946	
1155	 0.013550588937001824	 3.6830464962195473	
1156	 0.013549732445536497	 3.6826585141371764	
1157	 0.013548886357404805	 3.682275260713862	
1158	 0.013548052982310788	 3.681897781525711	
1159	 0.013547234062308771	 3.6815268648841877	
1160	 0.013546427796254102	 3.6811616942473426	
1161	 0.013545516544554596	 3.6807489913952196	
1162	 0.013544724358293622	 3.6803902279218943	
1163	 0.013543932044722198	 3.6800314207842035	
1164	 0.013543125479386306	 3.6796661739651175	
1165	 0.013542293643167636	 3.6792894986138935	
1166	 0.013541435836022197	 3.678901079159807	
1167	 0.013540551588456236	 3.6785007045176186	
1168	 0.013539652536858019	 3.6780936446919137	
1169	 0.01353874221482515	 3.677681500358132	
1170	 0.013537840585746587	 3.6772733099319277	
1171	 0.013536974236489812	 3.6768811086523305	
1172	 0.013536153231725747	 3.6765094505271954	
1173	 0.013535364733820141	 3.676152521978994	
1174	 0.013534589371009995	 3.6758015527982657	
1175	 0.01353381961630199	 3.6754531353924547	
1176	 0.01353307118558698	 3.675114382624913	
1177	 0.013532341638959394	 3.6747841891446096	
1178	 0.013531610431645283	 3.674453255943831	
1179	 0.01353087728951726	 3.674121459044888	
1180	 0.01353014220121532	 3.6737887934019837	
1181	 0.01352940504338657	 3.6734552032904815	
1182	 0.01352866598196247	 3.6731207638984373	
1183	 0.01352792535323047	 3.672785627488346	
1184	 0.013527182990044101	 3.672449718508024	
1185	 0.013526438942768547	 3.672113059832125	
1186	 0.013525684430455865	 3.671771678653581	
1187	 0.013524892144735928	 3.671413220457364	
1188	 0.013524143797549315	 3.6710746544697037	
1189	 0.013523394566889632	 3.6707357012940327	
1190	 0.013522644010416555	 3.670396160870482	
1191	 0.01352189207239092	 3.670056008051706	
1192	 0.013521138776526543	 3.6697152536342217	
1193	 0.013520384163250345	 3.669373915972855	
1194	 0.013519628275916764	 3.669032014743974	
1195	 0.013518871157667898	 3.6686895695250987	
1196	 0.013517974421664629	 3.668283991618231	
1197	 0.013517097759131597	 3.667887509926826	
1198	 0.01351621264670256	 3.6674872240543785	
1199	 0.013515335216764852	 3.667090429782589	
1200	 0.013514457003085987	 3.66669329828096	
1201	 0.01351358278309442	 3.666297989826679	
1202	 0.013512831897122836	 3.6659584646760455	
1203	 0.013512081779197683	 3.665619299368321	
1204	 0.01351133085871742	 3.665279783758191	
1205	 0.013510578837111493	 3.6649397829002552	
1206	 0.013509759634177328	 3.664569422659068	
1207	 0.013508929253582174	 3.664194024295938	
1208	 0.013508175630344873	 3.66385333970626	
1209	 0.013507422093404303	 3.663512706796892	
1210	 0.013506667740447488	 3.663171717700047	
1211	 0.013505907619599286	 3.662828134193445	
1212	 0.013505117865976855	 3.662471169981367	
1213	 0.013504019995018293	 3.6619749615790536	
1214	 0.013502868377655708	 3.661454490135818	
1215	 0.013501684495491585	 3.660919467519548	
1216	 0.01350051046777005	 3.6603889292294975	
1217	 0.013499325915885452	 3.6598536662851147	
1218	 0.013498159741735447	 3.6593267382663464	
1219	 0.01349708080183978	 3.658839253492169	
1220	 0.013496108019028345	 3.6583997547000795	
1221	 0.013495210595816477	 3.6579943217557083	
1222	 0.013494332871221978	 3.657597805530992	
1223	 0.013493444427611596	 3.6571964644501582	
1224	 0.013492724249711537	 3.6568711478089653	
1225	 0.013492011863639478	 3.6565493622579015	
1226	 0.013491298245449616	 3.656227031514087	
1227	 0.013490583500882716	 3.6559042033956	
1228	 0.013489855990542423	 3.6555756210798482	
1229	 0.013489139573416716	 3.6552520605937135	
1230	 0.013488423010927123	 3.6549284459154943	
1231	 0.013487712611652524	 3.6546076259882287	
1232	 0.013487000453248988	 3.6542860229361436	
1233	 0.013486203731594964	 3.6539262454495978	
1234	 0.013485473021680896	 3.6535962894980223	
1235	 0.013484699853703618	 3.6532471743598167	
1236	 0.013483641991410264	 3.6527695303860104	
1237	 0.013482554540712342	 3.6522785527516453	
1238	 0.013481461353038703	 3.6517850115150807	
1239	 0.013480348659372548	 3.6512826913095453	
1240	 0.013479227175185935	 3.650776430635118	
1241	 0.013478105999215097	 3.6502703371640832	
1242	 0.013477011164074282	 3.649776160901902	
1243	 0.013476002294936264	 3.6493208108489115	
1244	 0.013535707568071634	 3.6763077107091235	
1245	 0.013562375388082597	 3.688387301272423	
1246	 0.013559565705680477	 3.6871138663786263	
1247	 0.013556828240868025	 3.685873331904915	
1248	 0.013554148828171755	 3.684659266567836	
1249	 0.013551521486146289	 3.6834689502625	
1250	 0.01354894461804527	 3.6823016505854342	
1251	 0.013546413949948512	 3.681155423163292	
1252	 0.013543954087792165	 3.6800414030200157	
1253	 0.013541549542183017	 3.6789525649467967	
1254	 0.013539193256203412	 3.6778857050677343	
1255	 0.01353689444259939	 3.676844986341849	
1256	 0.013534649258516267	 3.675828660493371	
1257	 0.013532445873171898	 3.674831364919229	
1258	 0.013530229807641628	 3.6738284392284477	
1259	 0.013527952910532853	 3.6727980970196064	
1260	 0.013525624237991243	 3.6717444449536094	
1261	 0.013523279384846034	 3.67068359385938	
1262	 0.013521241649764669	 3.6697617877384365	
1263	 0.013519236933416898	 3.668855008606768	
1264	 0.013517261197169462	 3.6679614255415203	
1265	 0.013515309739209863	 3.6670789084948727	
1266	 0.013513384172056452	 3.6662081834329174	
1267	 0.013511489248552678	 3.6653513959153883	
1268	 0.01350962002211924	 3.6645063057802862	
1269	 0.013507775865289938	 3.6636726261735917	
1270	 0.013505956207217921	 3.662850095979223	
1271	 0.013504160499224156	 3.66203846423339	
1272	 0.013502388207384863	 3.6612374867672255	
1273	 0.013500638810642448	 3.66044692534738	
1274	 0.013498911800147442	 3.6596665473734644	
1275	 0.013497206678882802	 3.6588961257033605	
1276	 0.013495522961358322	 3.658135438510449	
1277	 0.01349386017332695	 3.6573842691509335	
1278	 0.013492217851511805	 3.656642406036194	
1279	 0.01349058299084987	 3.655903973033535	
1280	 0.013488963806292865	 3.6551726794061534	
1281	 0.013487380547105972	 3.654457667812737	
1282	 0.013485816244828551	 3.653751272253087	
1283	 0.013484270287553357	 3.6530532144549235	
1284	 0.013482741977884313	 3.6523631776563024	
1285	 0.013481220695964337	 3.6516763656933917	
1286	 0.013479359366500113	 3.6508361030116676	
1287	 0.013477316062503472	 3.649913780363259	
1288	 0.013475252049725373	 3.648982204661825	
1289	 0.013709305021080377	 3.7552251600933766	
1290	 0.014158648923131949	 3.9625972934599445	
1291	 0.014383793101500385	 4.068171900865077	
1292	 0.014633624346201255	 4.18661881033937	
1293	 0.015012752272788322	 4.368953748987277	
1294	 0.014975041853585528	 4.350678497963461	
1295	 0.01493829059313512	 4.332897570298713	
1296	 0.014902447750132003	 4.315584219089412	
1297	 0.014867495205500724	 4.29872762686838	
1298	 0.014833401787389454	 4.282310799315728	
1299	 0.014800140888714215	 4.266319073158259	
1300	 0.01476765773425733	 4.250724391703038	
1301	 0.014735917846089755	 4.235508614375008	
1302	 0.014705014826776991	 4.22071500066879	
1303	 0.014674835192798812	 4.206287669412879	
1304	 0.014645359486823047	 4.192215930508738	
1305	 0.01461656970459202	 4.178489867016458	
1306	 0.014588448530761628	 4.165099964339803	
1307	 0.014560967993067034	 4.1520317136127	
1308	 0.014534100922127455	 4.139271080048313	
1309	 0.01450759512286103	 4.126697434573128	
1310	 0.014481625875237023	 4.1143931588706195	
1311	 0.014456238999905856	 4.102379022331795	
1312	 0.014431630257176732	 4.090746548344351	
1313	 0.01440759793311527	 4.0793993010816845	
1314	 0.014384131791166484	 4.068331554927064	
1315	 0.014361247023112861	 4.0575495995150295	
1316	 0.014338880402179434	 4.047022826622126	
1317	 0.014317004777200533	 4.0367377227640935	
1318	 0.014295513409921357	 4.026643479639289	
1319	 0.014274550386250102	 4.016807135261063	
1320	 0.014254084847644828	 4.007213508084919	
1321	 0.014234107974242719	 3.997857804677604	
1322	 0.014214609534710924	 3.9887346022162147	
1323	 0.014195580733463354	 3.9798391809486926	
1324	 0.014177075574259446	 3.9711961682133423	
1325	 0.014158987107281449	 3.962755041358094	
1326	 0.014141303940426722	 3.954509997394532	
1327	 0.014124016017958894	 3.9464558839969444	
1328	 0.014107113761194282	 3.938587796203101	
1329	 0.014090587884814832	 3.9309009893136215	
1330	 0.014074429351278835	 3.9233908564199957	
1331	 0.01405862935561644	 3.916052920186034	
1332	 0.014043160689085508	 3.9088741861320484	
1333	 0.014027850600881898	 3.9017742343982733	
1334	 0.014324737926213738	 4.040372365032754	
1335	 0.014801568196119939	 4.267004826152298	
1336	 0.015298262650247484	 4.50831000152497	
1337	 0.015758698061707616	 4.736717392286344	
1338	 0.016158151450895105	 4.938514964575106	
1339	 0.01647419528103104	 5.100553017007117	
1340	 0.016675652233751205	 5.204930869888233	
1341	 0.016765798531529496	 5.251910564303708	
1342	 0.01675235460138545	 5.244893556369674	
1343	 0.016674296747336403	 5.20422574785146	
1344	 0.01659437490323421	 5.1627181073819655	
1345	 0.016516500312137295	 5.122401702330534	
1346	 0.01644064676869424	 5.083253256028983	
1347	 0.016366740037682913	 5.0452252103524495	
1348	 0.01629474500642119	 5.008290723706985	
1349	 0.016224586734892656	 4.972403029960385	
1350	 0.016156221477245186	 4.937531887571358	
1351	 0.016089595850726588	 4.903642595295756	
1352	 0.016024645445188144	 4.870695339484546	
1353	 0.015961311662412634	 4.838653758657319	
1354	 0.01589953451362206	 4.8074812558346895	
1355	 0.015839260696497	 4.7771450497969346	
1356	 0.01578053996230886	 4.747664436839908	
1357	 0.015723271306700648	 4.718983191654829	
1358	 0.015667414373810324	 4.691075971961421	
1359	 0.015612926818200817	 4.6639167536151085	
1360	 0.01555976404884541	 4.637478703975602	
1361	 0.015507687824731328	 4.611639317312725	
1362	 0.01545685989221221	 4.586475034096208	
1363	 0.015688212250701265	 4.701459262064416	
1364	 0.015886520663369506	 4.8009247986900805	
1365	 0.015962061411005878	 4.839032573666125	
1366	 0.01594040048186946	 4.82809303832389	
1367	 0.01587896781669857	 4.797121270010713	
1368	 0.015819065926636205	 4.76699807594491	
1369	 0.01576064846445305	 4.737694512742277	
1370	 0.015703673817066197	 4.709184361776251	
1371	 0.0156481023904876	 4.68144273457291	
1372	 0.015593895983061457	 4.654445738126119	
1373	 0.015541017613697191	 4.628170371364973	
1374	 0.015489431450549393	 4.602594473295236	
1375	 0.015439102763074064	 4.57769668385234	
1376	 0.015389997880643175	 4.553456408938744	
1377	 0.015342084153979885	 4.529853787711977	
1378	 0.015295329918520765	 4.506869661622817	
1379	 0.01524970445943453	 4.484485545019105	
1380	 0.015205177978167379	 4.462683597204425	
1381	 0.015161721560420184	 4.44144659586161	
1382	 0.01511930714547513	 4.420757911760112	
1383	 0.015077907496796895	 4.400601484672692	
1384	 0.01503749617383997	 4.380961800432612	
1385	 0.014998047354873185	 4.3618237962999284	
1386	 0.014959535929441463	 4.343172898039925	
1387	 0.014921937897223063	 4.324995204856625	
1388	 0.014885224848522161	 4.307274818453597	
1389	 0.01484929974828221	 4.2899629357669635	
1390	 0.014814165898382269	 4.273059331598708	
1391	 0.014779885404431942	 4.256592034024413	
1392	 0.014746437110153292	 4.240549023681887	
1393	 0.014713818523674784	 4.224927317670301	
1394	 0.014682002937245395	 4.20971241015156	
1395	 0.014650930924276686	 4.194874295951231	
1396	 0.01462058310765076	 4.1804022512943275	
1397	 0.014590941148520354	 4.166286130390167	
1398	 0.014561987318452376	 4.152516156003052	
1399	 0.014533704397735998	 4.139082866706866	
1400	 0.014506075641450707	 4.12597709681595	
1401	 0.014479084760802063	 4.113189963824448	
1402	 0.014452715908225625	 4.1007128578398175	
1403	 0.014426953663711209	 4.08853743178226	
1404	 0.014401783021766616	 4.076655592062754	
1405	 0.014377189377937883	 4.065059489219054	
1406	 0.014376101903852542	 4.064547041424704	
1407	 0.01470535153499577	 4.220876075002216	
1408	 0.014971897949827272	 4.349156281043645	
1409	 0.015279252334711108	 4.4989768185504895	
1410	 0.015590657099984808	 4.652834620352002	
1411	 0.015941737454770708	 4.828767970135324	
1412	 0.01622967352010123	 4.97500157477766	
1413	 0.016468721038737807	 5.097728542150167	
1414	 0.016473607806495167	 5.100249875301047	
1415	 0.016394695471328907	 5.059595995823125	
1416	 0.016317948421796548	 5.02018255358313	
1417	 0.016244451205512003	 4.982553720925106	
1418	 0.01617039114187779	 4.944751358471262	
1419	 0.0160955252208489	 4.906654798924519	
1420	 0.016023708818798624	 4.87022086898604	
1421	 0.01595264390685808	 4.834275184121925	
1422	 0.01588216076587295	 4.798729056192564	
1423	 0.015813715582480993	 4.764311212210306	
1424	 0.015751312747489282	 4.733018199086358	
1425	 0.015690060374366058	 4.70238237758271	
1426	 0.015630289183798874	 4.672564143663011	
1427	 0.015567949644870606	 4.641545516238649	
1428	 0.01550510231473827	 4.610357933844625	
1429	 0.015441317713143991	 4.578791291336431	
1430	 0.015377818772084589	 4.547452248515745	
1431	 0.015311014083891298	 4.514574698373438	
1432	 0.015240556573886304	 4.480002905470725	
1433	 0.015170566706664569	 4.445765903481279	
1434	 0.01510354014855752	 4.413077021409005	
1435	 0.015042680634358542	 4.383479455118542	
1436	 0.014989295084264337	 4.357582306852298	
1437	 0.014942049654926634	 4.334714935296198	
1438	 0.01489601332997602	 4.312479104428582	
1439	 0.014847947487307861	 4.289311841836513	
1440	 0.014799558087613426	 4.266039077758896	
1441	 0.01475264793288649	 4.2435261264943875	
1442	 0.014706524213682789	 4.221437079723628	
1443	 0.014661447438939847	 4.1998940010544965	
1444	 0.014618722365191636	 4.179515565048607	
1445	 0.014577776122132187	 4.160022795685942	
1446	 0.014538497044831442	 4.141357962736861	
1447	 0.014500807090229027	 4.123479834014366	
1448	 0.014464118959705384	 4.106106646446364	
1449	 0.014429876628732253	 4.08991811815189	
1450	 0.014398707858110184	 4.075204904696167	
1451	 0.014369018575019635	 4.061209813819232	
1452	 0.014338204768663527	 4.04670501225558	
1453	 0.014307468593751073	 4.032257441614331	
1454	 0.014277568682459598	 4.018222797858724	
1455	 0.014246570403963914	 4.003693267071528	
1456	 0.014211166228821	 3.9871243663658733	
1457	 0.0141755673455774	 3.970492066777151	
1458	 0.014141060610799129	 3.954396589190938	
1459	 0.014108352010015894	 3.939163994196746	
1460	 0.014078951905228737	 3.9254922616047767	
1461	 0.01405110546554203	 3.912560558013338	
1462	 0.0140249030926113	 3.9004079397504685	
1463	 0.014000750223643572	 3.8892192762472315	
1464	 0.013978822265624502	 3.8790724264099814	
1465	 0.013958347816416937	 3.8696077414543684	
1466	 0.013938635379307231	 3.8605040511373487	
1467	 0.013919395427947307	 3.851626839493398	
1468	 0.013899574811209247	 3.842490262364747	
1469	 0.01388007133078588	 3.8335083478046794	
1470	 0.013862371818814532	 3.825364491711359	
1471	 0.013846113985252165	 3.817890082591628	
1472	 0.013829881124291659	 3.8104329895369653	
1473	 0.01381376887785017	 3.8030370727403175	
1474	 0.013799357132973429	 3.7964265985580465	
1475	 0.013786034221874443	 3.7903196504676386	
1476	 0.013773977690269243	 3.784796574853755	
1477	 0.013761207810349835	 3.7789502292682307	
1478	 0.013749182285300598	 3.7734479721723044	
1479	 0.013727856963187445	 3.763698497501658	
1480	 0.013703582195758514	 3.7526128823829947	
1481	 0.013677736059696058	 3.7408240484524615	
1482	 0.013651241667238065	 3.7287549394309787	
1483	 0.01362566632869871	 3.7171192941770883	
1484	 0.013600173585422691	 3.705535706633789	
1485	 0.013576372788203417	 3.6947339761262508	
1486	 0.013554646375466982	 3.6848846975050473	
1487	 0.013534722806861929	 3.6758619517890985	
1488	 0.013516473987097375	 3.667605411592258	
1489	 0.01349979769121937	 3.6600668434479715	
1490	 0.01348461389551874	 3.653208361750938	
1491	 0.013470352770714816	 3.6467713350400324	
1492	 0.013457464137260237	 3.640957715118476	
1493	 0.013445522280159744	 3.6355744653438995	
1494	 0.013436645049076707	 3.631574777980595	
1495	 0.013430183028003232	 3.628664384990484	
1496	 0.013423618820269566	 3.6257089244090617	
1497	 0.013417368795450519	 3.6228958164162557	
1498	 0.01341226379146581	 3.62059872521898	
1499	 0.013408449443343578	 3.6188827689683913	
1500	 0.013404559517412831	 3.617133147752816	
1501	 0.013400798974393249	 3.615442042481437	
1502	 0.013397851441001132	 3.6141167664248415	
1503	 0.013400486790277825	 3.6153016684120187	
1504	 0.013398741147599825	 3.614516777666211	
1505	 0.0133963129758504	 3.613425115740731	
1506	 0.013393465881385664	 3.6121452817752435	
1507	 0.013390753086603892	 3.6109259873123705	
1508	 0.013390331900068721	 3.6107366953124047	
1509	 0.01338974018953732	 3.6104707721729645	
1510	 0.013388629498702977	 3.609971633049076	
1511	 0.013386201819570702	 3.608880741820186	
1512	 0.013380369471435505	 3.6062604825283797	
1513	 0.013367937788910328	 3.6006779262233124	
1514	 0.013341250200442127	 3.5887053179008763	
1515	 0.013300118865319488	 3.5702841937153993	
1516	 0.01325058168393629	 3.5481487841731	
1517	 0.013200664673193972	 3.525899385631261	
1518	 0.013149717014080698	 3.5032483645853794	
1519	 0.013098731654478777	 3.480639078156194	
1520	 0.013049227088630789	 3.4587425095787165	
1521	 0.013002907399222212	 3.4383047415967165	
1522	 0.0129589199006516	 3.418940890852354	
1523	 0.012907212200885608	 3.396234480397098	
1524	 0.012842722021637607	 3.36799977666932	
1525	 0.012774839941868182	 3.3383819928056555	
1526	 0.012709440714312006	 3.309946564888275	
1527	 0.012647341009441412	 3.2830358936674395	
1528	 0.012587479330812829	 3.2571783094536806	
1529	 0.01252610318078178	 3.230751524580486	
1530	 0.012465672644347175	 3.2048160956079554	
1531	 0.012416615985094779	 3.183823613494595	
1532	 0.012383367740240113	 3.1696273093557408	
1533	 0.012355120755874032	 3.1575863845273693	
1534	 0.012329182824560282	 3.1465458972939016	
1535	 0.012305117315020434	 3.136316245111198	
1536	 0.01228215575202986	 3.1265682789724525	
1537	 0.012260283598206847	 3.117294095310757	
1538	 0.012238304295303848	 3.1079855831195826	
1539	 0.012215853339724293	 3.0984888195833755	
1540	 0.012196595799963385	 3.0903521372040483	
1541	 0.012178267435272096	 3.082615999894338	
1542	 0.012159752583171382	 3.074809025834204	
1543	 0.012140004550922009	 3.066490798697712	
1544	 0.012118116198416773	 3.057281564886115	
1545	 0.012095626773000343	 3.0478309811661073	
1546	 0.012068639936813693	 3.036505933577331	
1547	 0.012033565154461936	 3.0218119864892077	
1548	 0.011998200840890089	 3.007025624818105	
1549	 0.011966090357083481	 2.993624881720661	
1550	 0.011936201206929318	 2.9811726965399403	
1551	 0.011909387709367817	 2.970019539485486	
1552	 0.011882502370222618	 2.958853295038854	
1553	 0.011854480136146291	 2.9472327791260255	
1554	 0.01182359061817321	 2.9344444349607293	
1555	 0.011799087611018968	 2.924315950606266	
1556	 0.011784918291187597	 2.918465359904533	
1557	 0.011774398092148855	 2.914124543554933	
1558	 0.011763667662449927	 2.9096996452510346	
1559	 0.011750661916227865	 2.9043400827435395	
1560	 0.011738953911811865	 2.8995186902725107	
1561	 0.011732136756998052	 2.8967128409926777	
1562	 0.011728431232545366	 2.8951881528114733	
1563	 0.011728575265159021	 2.895247410981559	
1564	 0.01173094051429045	 2.8962205956456297	
1565	 0.011731920387661087	 2.896623804074004	
1566	 0.011723718710541646	 2.893249585727466	
1567	 0.011707414299889498	 2.8865465280020484	
1568	 0.01168767921918205	 2.8784413774126496	
1569	 0.011671995250063833	 2.8720065115549542	
1570	 0.011660952200940542	 2.8674791928142374	
1571	 0.011683069850863972	 2.8765496342661865	
1572	 0.011750909008320884	 2.9044418705556	
1573	 0.011739365817898556	 2.899688260090389	
1574	 0.011734513268199081	 2.897690857681234	
1575	 0.011733808049749783	 2.8974006220788553	
1576	 0.011731812822739432	 2.8965795410505573	
1577	 0.011725962794006983	 2.894172658569795	
1578	 0.011716933163165147	 2.8904591607872137	
1579	 0.011712289419023386	 2.8885501317368143	
1580	 0.011710805390822268	 2.887940158649453	
1581	 0.01170845322067021	 2.886973462848977	
1582	 0.011708032551374533	 2.8868005896655813	
1583	 0.011706469577687624	 2.886158325111913	
1584	 0.011705337699777461	 2.885693244166109	
1585	 0.011705444118663689	 2.885736969686829	
1586	 0.011707613128144044	 2.886628232672573	
1587	 0.011711458709300921	 2.888208682702439	
1588	 0.01171862818274964	 2.891156103845139	
1589	 0.011725262943962707	 2.8938847722497396	
1590	 0.011731271233649605	 2.8963566809577004	
1591	 0.011736476786493684	 2.8984990131088892	
1592	 0.01174110964244912	 2.900406186144524	
1593	 0.011745774283394997	 2.9023269508034564	
1594	 0.011746455437411341	 2.902607472947896	
1595	 0.011749382567353549	 2.903813086988865	
1596	 0.011757527448276345	 2.9071688202803783	
1597	 0.01177453285360453	 2.9141801321238296	
1598	 0.011798521536801275	 2.9240821255505267	
1599	 0.011826679422923482	 2.93572220743402	
1600	 0.011852861173590978	 2.9465619719373968	
1601	 0.011878756875450888	 2.9572990201433265	
1602	 0.01190362320234598	 2.9676239592863425	
1603	 0.011930787942843897	 2.978919685567906	
1604	 0.011964724056725471	 2.9930552115179503	
1605	 0.011998449721749564	 3.0071295843348342	
1606	 0.012034471947187918	 3.0221915118586393	
1607	 0.01206795986845326	 3.036220760208714	
1608	 0.012097463369630908	 3.0486023232284536	
1609	 0.012122324701325543	 3.0590513762398235	
1610	 0.012142318675414267	 3.0674650833884356	
1611	 0.012155240473342882	 3.072907649441812	
1612	 0.012165610926562962	 3.0772783989678834	
1613	 0.012172319994059782	 3.0801073380690354	
1614	 0.012177838109892123	 3.082434880844844	
1615	 0.012183567588058821	 3.0848523204518106	
1616	 0.01218956669016529	 3.0873843348799785	
1617	 0.012196787584510762	 3.090433127684523	
1618	 0.012204508082433294	 3.093694193541813	
1619	 0.012210799456022318	 3.0963526279067826	
1620	 0.012213267879956781	 3.0973959155818678	
1621	 0.012209440704443455	 3.095778406977105	
1622	 0.012196696389796828	 3.090394616114619	
1623	 0.012177963004669511	 3.082487569635044	
1624	 0.012167675938871051	 3.0781490193514225	
1625	 0.012158723659771074	 3.0743754021920475	
1626	 0.01215292032728946	 3.0719301367744567	
1627	 0.012153206678446812	 3.0720507741240453	
1628	 0.012173950574778753	 3.080795044260762	
1629	 0.012193065345225079	 3.088861380304971	
1630	 0.012199215037494587	 3.0914583127641757	
1631	 0.012202209926921705	 3.092723330420606	
1632	 0.01220197715954191	 3.092625003897121	
1633	 0.012198131443166147	 3.0910006620740065	
1634	 0.012193683721440926	 3.0891224727986	
1635	 0.012181358865672032	 3.0839203040856926	
1636	 0.012167113715873324	 3.0779119733284586	
1637	 0.012150089787253725	 3.0707377558598696	
1638	 0.012133118375222293	 3.063592337187923	
1639	 0.012118209786695755	 3.0573209173250473	
1640	 0.012101445720557595	 3.050275116944437	
1641	 0.012074503205085713	 3.038965024802079	
1642	 0.012033935756759416	 3.0219670945760324	
1643	 0.011965392349760677	 2.993333846609939	
1644	 0.011879865043805001	 2.9577588447880734	
1645	 0.011785360878144318	 2.918648035597839	
1646	 0.011691798498696861	 2.8801324028251445	
1647	 0.011601410280793392	 2.843118052555111	
1648	 0.011516234453615931	 2.808413679680799	
1649	 0.011434654315302422	 2.775334384917775	
1650	 0.011358668184817709	 2.7446645402560073	
1651	 0.01130049356762867	 2.721276078631792	
1652	 0.011266430649816537	 2.7076186462341916	
1653	 0.011247308903710956	 2.699963885329544	
1654	 0.011240279333349566	 2.6971520080008995	
1655	 0.011242872637530018	 2.6981892113882044	
1656	 0.01125537612956129	 2.7031922761990077	
1657	 0.011271988123483996	 2.709845023256294	
1658	 0.011286851764066505	 2.715803135746255	
1659	 0.011299184090798864	 2.720750539591127	
1660	 0.01131169541988288	 2.7257734343887763	
1661	 0.011320361409090693	 2.7292547213803586	
1662	 0.011327841161570784	 2.732260904194619	
1663	 0.011332209167489865	 2.734017059015267	
1664	 0.011332395637807156	 2.7340920393680586	
1665	 0.01133347356372138	 2.734525493187471	
1666	 0.011329410138493961	 2.7328916587166425	
1667	 0.011320066436494624	 2.7291361962542613	
1668	 0.011425720227627306	 2.7717213005350074	
1669	 0.01138189630682166	 2.754025504323519	
1670	 0.011332836896244675	 2.7342694741721565	
1671	 0.011280244586711664	 2.713153992629556	
1672	 0.011217843146690026	 2.6881852180807337	
1673	 0.011148777386667868	 2.660657604862459	
1674	 0.01107940366606582	 2.633121461352626	
1675	 0.011025564005385385	 2.611830212113304	
1676	 0.010993403416222543	 2.5991451013537676	
1677	 0.010972671163483787	 2.590980773207329	
1678	 0.010964390218806679	 2.5877226223889878	
1679	 0.01096364305485292	 2.587428730205788	
1680	 0.010960978920581439	 2.586380918640747	
1681	 0.010954447799545365	 2.583812928487082	
1682	 0.010944539446899076	 2.5799189835318144	
1683	 0.010937598995273221	 2.5771928116127887	
1684	 0.01094028772552666	 2.5782487935323726	
1685	 0.010947512091620794	 2.5810869749469174	
1686	 0.010957573518849746	 2.5850418116811746	
1687	 0.010968884345302295	 2.589490640098756	
1688	 0.0109815427535687	 2.59447313365562	
1689	 0.010998505703351725	 2.6011559490801504	
1690	 0.011011003818154659	 2.606084172821385	
1691	 0.011018075453117959	 2.608874294000151	
1692	 0.011022135125609126	 2.610476581681725	
1693	 0.011026767289131047	 2.6123053030273864	
1694	 0.011032224805659147	 2.6144605208568557	
1695	 0.011036673448124529	 2.6162178520040924	
1696	 0.011033853936180834	 2.615104015582674	
1697	 0.01102924362123325	 2.613283138681578	
1698	 0.011025603510759466	 2.611845809418614	
1699	 0.011026731402565756	 2.612291133482699	
1700	 0.011042026663686874	 2.6183331394916913	
1701	 0.011068809696315027	 2.628926542864638	
1702	 0.011092291685818323	 2.638228366502217	
1703	 0.011105559451787251	 2.6434898808074516	
1704	 0.011108835107109196	 2.6447895321314165	
1705	 0.01111011944061874	 2.6452991749356336	
1706	 0.011113994739814748	 2.646837189849193	
1707	 0.011122976373018897	 2.6504031630058287	
1708	 0.011137116757459528	 2.6560212034878727	
1709	 0.011153390722080663	 2.662492813408836	
1710	 0.011167656258906408	 2.6681709193270766	
1711	 0.01118022497286771	 2.6731776482300185	
1712	 0.011191573859176997	 2.6777016855689686	
1713	 0.011207140707906788	 2.6839121168916362	
1714	 0.011223288827044715	 2.6903605272343487	
1715	 0.011236806067572032	 2.6957631100097985	
1716	 0.011246994303537173	 2.699838018007987	
1717	 0.011247408984331008	 2.7000039267390847	
1718	 0.011238817340767617	 2.696567347965987	
1719	 0.011221989673499229	 2.68984150875893	
1720	 0.01119591001279686	 2.6794310260951457	
1721	 0.01116740760956348	 2.668071908098181	
1722	 0.011137072031077293	 2.6560034259871763	
1723	 0.011112978099079072	 2.646433674503371	
1724	 0.01110327835116438	 2.642584980643337	
1725	 0.011096599597137715	 2.639936268020506	
1726	 0.011092447119966405	 2.6382899817670658	
1727	 0.01109182477616201	 2.6380432834657213	
1728	 0.011092785788400741	 2.6384242344738995	
1729	 0.01109036368172592	 2.637464139036593	
1730	 0.011083282701552039	 2.634658121005376	
1731	 0.01107203995874424	 2.6302053537674377	
1732	 0.01105843408298899	 2.6248206810930816	
1733	 0.011042097296330034	 2.6183610540811477	
1734	 0.011024284238072156	 2.6113249612248315	
1735	 0.011007252098476082	 2.6046044126742576	
1736	 0.010991576503302805	 2.598425253194716	
1737	 0.010979661768173634	 2.5937325140630203	
1738	 0.010965611895961557	 2.588203190081573	
1739	 0.0109517448214582	 2.5827504353621125	
1740	 0.010935589824580644	 2.5764038354086285	
1741	 0.010913482773562147	 2.5677290553723693	
1742	 0.010889706176063859	 2.5584122139942482	
1743	 0.01086320207380125	 2.5480425751921243	
1744	 0.010828411609159946	 2.534456507808601	
1745	 0.010791276160173285	 2.5199867727507606	
1746	 0.01075466980918825	 2.505755651907809	
1747	 0.010725986010019856	 2.4946270483562873	
1748	 0.010716157300790894	 2.4908183116697598	
1749	 0.010713339252969937	 2.489726715492039	
1750	 0.01071639343993971	 2.4909097909845603	
1751	 0.010724640492194529	 2.4941055073682596	
1752	 0.010733725785428118	 2.497627937476714	
1753	 0.01074069351757486	 2.50033072185742	
1754	 0.010745145393655916	 2.5020582174412502	
1755	 0.010746974412450941	 2.5027680839267603	
1756	 0.010749034777946618	 2.5035678356109656	
1757	 0.01075021437750737	 2.504025755105951	
1758	 0.01075072474596808	 2.5042238900685474	
1759	 0.010750570939093984	 2.5041641785884914	
1760	 0.010749665270546554	 2.503812588107123	
1761	 0.010750647171420404	 2.5041937737162563	
1762	 0.010750131806635742	 2.5039937000770074	
1763	 0.010749919927164111	 2.50391144660854	
1764	 0.010748788978322422	 2.503472420634146	
1765	 0.010748377758172006	 2.5033127956477057	
1766	 0.010750655729851753	 2.5041970963032356	
1767	 0.010754532399128628	 2.505702292983543	
1768	 0.010754531722470234	 2.505702030225419	
1769	 0.010754111709004801	 2.505538933880014	
1770	 0.010756419863374044	 2.506435270793027	
1771	 0.010772550176222374	 2.512702813275256	
1772	 0.01081837823939583	 2.5305437633584438	
1773	 0.010862519037325524	 2.547775562216914	
1774	 0.010906543670248268	 2.5650085732924848	
1775	 0.010948914792268487	 2.5816381880094212	
1776	 0.010990037064124837	 2.597818738608372	
1777	 0.011030146999439274	 2.613639894407455	
1778	 0.011069641833455723	 2.629255949292389	
1779	 0.011109136442116752	 2.6449091028562868	
1780	 0.011117512300196574	 2.6482335362368667	
1781	 0.011120331202118656	 2.649352752677411	
1782	 0.011125024411502761	 2.651216563520433	
1783	 0.011132331677871072	 2.6541195364689534	
1784	 0.011139762762781476	 2.6570730021635547	
1785	 0.011153305602499226	 2.6624589478183958	
1786	 0.011173911056718404	 2.670662039629689	
1787	 0.011210023756427778	 2.6850629475041594	
1788	 0.011244838536884226	 2.6989755877534147	
1789	 0.011252725953313796	 2.7021315425556254	
1790	 0.01125758346061505	 2.7040758880596316	
1791	 0.011261759145524028	 2.705747763279375	
1792	 0.011263400288727986	 2.7064049630403475	
1793	 0.01126242213479593	 2.706013251248966	
1794	 0.0112600469597794	 2.705062182411596	
1795	 0.011264546749318387	 2.7068641038304073	
1796	 0.011280732776887837	 2.7133496967538866	
1797	 0.011300307236302888	 2.7212012948491813	
1798	 0.01131543738120579	 2.727276430926648	
1799	 0.011324172669490006	 2.730786337342971	
1800	 0.011325620938237387	 2.7313684374253158	
1801	 0.011326098963158712	 2.731560580025263	
1802	 0.011329758192975525	 2.7330315902338826	
1803	 0.011338725366551512	 2.7366377327698865	
1804	 0.011353586097617758	 2.7426181524366937	
1805	 0.011388168157930917	 2.7565552541874654	
1806	 0.0114216553911121	 2.7700780404749574	
1807	 0.011454450651491675	 2.783347038215991	
1808	 0.011486119224221955	 2.7961842369287813	
1809	 0.0115061279361558	 2.804307161147614	
1810	 0.011538003926624634	 2.817267297213208	
1811	 0.011568541953754681	 2.8297058533459474	
1812	 0.01159660658848848	 2.8411562825510495	
1813	 0.011594815549232383	 2.8404249823469088	
1814	 0.011585027590610636	 2.836429786077411	
1815	 0.011574671159676714	 2.8322050033084114	
1816	 0.011560711581613934	 2.826514346250332	
1817	 0.011550762709256167	 2.8224614580362988	
1818	 0.011541480609255542	 2.8186822918267813	
1819	 0.011534546429918918	 2.8158603930585713	
1820	 0.011526714194505414	 2.81267438578822	
1821	 0.011512318042090481	 2.8068220632437053	
1822	 0.011496465018789101	 2.8003831358831	
1823	 0.011483049127087783	 2.7949387056671497	
1824	 0.011472036670066525	 2.790472803836864	
1825	 0.011460383200403395	 2.7857500623767177	
1826	 0.01144637027235449	 2.780075353541556	
1827	 0.011432938784835861	 2.7746404515971412	
1828	 0.011441171516456376	 2.7779712301977746	
1829	 0.011453339819862327	 2.7828971796018114	
1830	 0.011465500334773986	 2.787823462933459	
1831	 0.011478473139750842	 2.7930826502726545	
1832	 0.011495161702485608	 2.7998540388856084	
1833	 0.011514413366388134	 2.807673551079976	
1834	 0.011533999953073984	 2.8156380496528857	
1835	 0.011554214358138758	 2.8238672982893838	
1836	 0.011574688033319446	 2.8322118846613717	
1837	 0.011590589156840832	 2.8386996003117826	
1838	 0.01159263777972008	 2.8395358775545003	
1839	 0.011573803414256095	 2.8318511312672165	
1840	 0.011552918257517444	 2.8233393698080707	
1841	 0.011529641514666306	 2.81386499617922	
1842	 0.01150754475043634	 2.804882701638278	
1843	 0.011497083996902765	 2.8006344315316185	
1844	 0.011496114054437886	 2.80024065373062	
1845	 0.011494399853184406	 2.799544775479202	
1846	 0.011488837506864639	 2.797287223137786	
1847	 0.011479301494080245	 2.793418600552939	
1848	 0.011469274087622494	 2.7893529369540304	
1849	 0.01146058138433183	 2.7858303526054953	
1850	 0.011455251631437303	 2.7836714328104684	
1851	 0.011455084126439027	 2.783603592513164	
1852	 0.011456787524996986	 2.7842935076224182	
1853	 0.011459935542919422	 2.7855687063660834	
1854	 0.01146508717124507	 2.787656031201924	
1855	 0.011472749105753624	 2.7907616327547764	
1856	 0.01148080424411913	 2.7940281023720592	
1857	 0.011488634107533056	 2.797204684616749	
1858	 0.0114975697277667	 2.8008316371505644	
1859	 0.01150500887042425	 2.8038526059282334	
1860	 0.011520475970149196	 2.8101378247650275	
1861	 0.011548989078566768	 2.821739175569236	
1862	 0.01158949284237121	 2.8382521094951154	
1863	 0.01165570156753295	 2.8653275929161	
1864	 0.011717211160542895	 2.8905734606657094	
1865	 0.01177854579991489	 2.915835651010056	
1866	 0.011809865877296316	 2.928769494450016	
1867	 0.011883792153131345	 2.9593885942499347	
1868	 0.011963691272005902	 2.9926246273093144	
1869	 0.012037860919129027	 3.023610087272865	
1870	 0.012106034176600597	 3.0522029612814023	
1871	 0.012169723684606936	 3.0790124573317326	
1872	 0.012228818422179915	 3.1039716366310937	
1873	 0.012279876640096285	 3.125601380537399	
1874	 0.012329053991328985	 3.146491098006019	
1875	 0.012379163557731549	 3.167834019102678	
1876	 0.012423197704571358	 3.186636878163978	
1877	 0.012471260541727362	 3.20721078643878	
1878	 0.012545402711911968	 3.2390520585510427	
1879	 0.012699528830308348	 3.3056453951710663	
1880	 0.012861845243968958	 3.376362356291662	
1881	 0.012974358351702648	 3.425732108803082	
1882	 0.01295109836576949	 3.4155023345989832	
1883	 0.012904110475081068	 3.3948743436355997	
1884	 0.012849595170527051	 3.371004447747335	
1885	 0.012795410125872287	 3.347345964685837	
1886	 0.012732584240170293	 3.319998190293792	
1887	 0.012654849629272262	 3.286285054426957	
1888	 0.012591102627346036	 3.2587410866259603	
1889	 0.01251521790836968	 3.226073636868454	
1890	 0.012431150877943619	 3.1900376777622266	
1891	 0.012358877529517056	 3.1591867384494914	
1892	 0.012299775576791848	 3.134047411803325	
1893	 0.012245671069145252	 3.1111042641660314	
1894	 0.012193590791216707	 3.089083234982077	
1895	 0.012145020144830153	 3.0686026033112355	
1896	 0.01210086085170284	 3.050029418728611	
1897	 0.012056707734671882	 3.031503953152906	
1898	 0.012011469010014066	 3.0125698490721664	
1899	 0.011972348961583515	 2.996234921129047	
1900	 0.011940795261048654	 2.9830852851818555	
1901	 0.011919342766037488	 2.9741584242954815	
1902	 0.011904210103200478	 2.967867824764983	
1903	 0.011893626469351656	 2.9634714086502516	
1904	 0.01188664540819545	 2.960572919666823	
1905	 0.011876804632729568	 2.956489023881035	
1906	 0.0118681094492163	 2.9528824224201067	
1907	 0.01186774739435942	 2.952732286944892	
1908	 0.011874827216572478	 2.955668673502568	
1909	 0.011885461027582075	 2.960081285485694	
1910	 0.01188972979824431	 2.9618533974840515	
1911	 0.011883134772802707	 2.959115756541079	
1912	 0.011869013677641886	 2.953257397620881	
1913	 0.011851009108128358	 2.945794654896423	
1914	 0.01183360326470208	 2.938587261062171	
1915	 0.011819746436179487	 2.9328544898757456	
1916	 0.011820458886021045	 2.933149131517772	
1917	 0.011829720467205887	 2.9369804397880306	
1918	 0.011845606322994246	 2.94355671933086	
1919	 0.01186911763959879	 2.9533005109077224	
1920	 0.01189208785933681	 2.9628324907979855	
1921	 0.011914526853585655	 2.972155886947149	
1922	 0.011920755621684848	 2.974746015775431	
1923	 0.011919644095535184	 2.974283740099918	
1924	 0.01191484964143845	 2.972290090693056	
1925	 0.011907777233978055	 2.9693501896855716	
1926	 0.011900223642088316	 2.9662115523429837	
1927	 0.011892992273715347	 2.9632080480966927	
1928	 0.011887361680576613	 2.9608702588425655	
1929	 0.011884449922032457	 2.9596616033019565	
1930	 0.011886205702154025	 2.9603903946983365	
1931	 0.011890068493543321	 2.961994019595823	
1932	 0.01188991217142587	 2.961929116248393	
1933	 0.011883087868199754	 2.959096289740765	
1934	 0.011867279119172637	 2.9525381089722775	
1935	 0.011844813716929477	 2.943228464166433	
1936	 0.011813791107012818	 2.930392059680924	
1937	 0.011779832845542529	 2.916366694241543	
1938	 0.011744582738725409	 2.901836258692601	
1939	 0.01171258950846957	 2.888673482344803	
1940	 0.011697534996394249	 2.882487982089339	
1941	 0.011684201532977398	 2.8770140448648203	
1942	 0.011668757786659635	 2.8706789527146155	
1943	 0.01165698736647352	 2.865854426734417	
1944	 0.011649581203703706	 2.8628204111207554	
1945	 0.01164286448298103	 2.8600699446627167	
1946	 0.011634237196957685	 2.856538662131805	
1947	 0.01162335896969495	 2.8520885221020946	
1948	 0.0116150224593863	 2.8486800437307287	
1949	 0.011607870785725113	 2.8457572988599886	
1950	 0.01160193603433038	 2.8433327968428146	
1951	 0.011596653978969312	 2.8411756336064253	
1952	 0.011594511835148506	 2.840300980153092	
1953	 0.011597653905251555	 2.8415839479137786	
1954	 0.011603556922676134	 2.843994890307569	
1955	 0.011631163886204936	 2.8552811297600287	
1956	 0.01165882670783442	 2.866608132310395	
1957	 0.011685996219968022	 2.8777505955569556	
1958	 0.01171218265296305	 2.8885062464681703	
1959	 0.011737523886235288	 2.898930020909176	
1960	 0.011763082495662963	 2.9094584178536755	
1961	 0.011788042725755378	 2.919755053455746	
1962	 0.011812176858335709	 2.9297247370570396	
1963	 0.011835143859871283	 2.9392249042347585	
1964	 0.011837231259066838	 2.940088954624097	
1965	 0.011831598032011564	 2.9377573900772505	
1966	 0.01182448683394816	 2.9348151573475043	
1967	 0.011813170578515261	 2.9301355289974333	
1968	 0.011799554744308681	 2.924508912328202	
1969	 0.011785884502359513	 2.9188641649462936	
1970	 0.011774727281697515	 2.9142603336926745	
1971	 0.011766277696695429	 2.910775695338232	
1972	 0.011761684200730833	 2.9088820213522415	
1973	 0.011760855250327513	 2.9085403381043053	
1974	 0.01176368064609303	 2.9097049976797607	
1975	 0.011769696638455625	 2.912185477982099	
1976	 0.011776067243414541	 2.9148130917756743	
1977	 0.011780101530847232	 2.9164775603918676	
1978	 0.011783723369140917	 2.9179721842698982	
1979	 0.011795277965021514	 2.922742466018894	
1980	 0.011800495482516072	 2.924897524503997	
1981	 0.011809762163846134	 2.928726627479999	
1982	 0.011819923550215274	 2.9329277362707304	
1983	 0.011831660003736299	 2.9377830358395114	
1984	 0.01182843951769088	 2.9364504205188737	
1985	 0.011825342984515394	 2.935169324134197	
1986	 0.011819344060341647	 2.932688088055765	
1987	 0.011815967028078096	 2.9312916711631165	
1988	 0.011822649915033168	 2.934055330390831	
1989	 0.011826134865687232	 2.935496919594328	
1990	 0.011823565364956977	 2.9344339891622298	
1991	 0.01181633073794813	 2.9314420539247377	
1992	 0.01180798397339348	 2.92799170266802	
1993	 0.011802356935970582	 2.9256665383822393	
1994	 0.011794471368687992	 2.9224093638477715	
1995	 0.011780440026171079	 2.916617234268953	
1996	 0.011764147495435731	 2.9098974561282103	
1997	 0.011745696089242905	 2.90229474851437	
1998	 0.011726401336048421	 2.894353060559063	
1999	 0.011706991856258595	 2.886372935937792	
2000	 0.011688474591041133	 2.87876785842453	
2001	 0.011674684197131132	 2.873109331644878	
2002	 0.01166396914279456	 2.8687157647926096	
2003	 0.011655883273158491	 2.865402041294454	
2004	 0.011648916932518443	 2.8625483479840668	
2005	 0.01163832578980035	 2.8582119693158408	
2006	 0.01161626682613479	 2.8491887139068335	
2007	 0.01158857051005121	 2.8378756561214975	
2008	 0.011559291382650175	 2.8259356551756825	
2009	 0.011525232713391185	 2.8120719091715873	
2010	 0.011488385570174285	 2.797103830612623	
2011	 0.011462525580400503	 2.7866180535815364	
2012	 0.011454307846301642	 2.7832892041095523	
2013	 0.011447201585497509	 2.7804118749415156	
2014	 0.011440744943479183	 2.7777986090739715	
2015	 0.011446333895147534	 2.7800606281647258	
2016	 0.011450876724471877	 2.7818997922394115	
2017	 0.011451741574994444	 2.782249982027971	
2018	 0.011448350947739014	 2.7808771716860448	
2019	 0.011441871879724445	 2.7782546552394614	
2020	 0.011435914268629931	 2.775844081163534	
2021	 0.011427506149049924	 2.7724434044455677	
2022	 0.01141663350568951	 2.7680484199643502	
2023	 0.011404715253097558	 2.763233979850943	
2024	 0.011395016527421111	 2.759318603615172	
2025	 0.011386856382807094	 2.7560260731229134	
2026	 0.011373799229381233	 2.7507609239179014	
2027	 0.01135459875891182	 2.7430258688175106	
2028	 0.01133503532712671	 2.7351535557120488	
2029	 0.011316267581770166	 2.7276099342827296	
2030	 0.011291747704474577	 2.717766826632303	
2031	 0.011273126638842912	 2.710301213713672	
2032	 0.01125972118358732	 2.704931745365535	
2033	 0.011244119719349159	 2.698688044030819	
2034	 0.011226564738649874	 2.6916694484843027	
2035	 0.011221184325028064	 2.6895197880438175	
2036	 0.011229918425275496	 2.6930097092680985	
2037	 0.0112463100651653	 2.6995642714914623	
2038	 0.011258119680063797	 2.7042905583318575	
2039	 0.011261058103559178	 2.7054670487917845	
2040	 0.011262362401764437	 2.705989331277598	
2041	 0.011263048164876447	 2.7062639488137448	
2042	 0.011264129964888455	 2.706697184124509	
2043	 0.011266891436620977	 2.707803213998876	
2044	 0.011276152356078732	 2.7115137342829723	
2045	 0.011287349184738062	 2.7160026180720584	
2046	 0.011298085114294764	 2.720309513060251	
2047	 0.011310204370152161	 2.7251746315546193	
2048	 0.011321689858580291	 2.7297885410370615	
2049	 0.011336408056538095	 2.735705645933231	
2050	 0.011348386118469847	 2.740524925431857	
2051	 0.01135819249302127	 2.7444729690614467	
2052	 0.011370501250994801	 2.74943168862611	
2053	 0.011378796505979765	 2.7527755433728154	
2054	 0.011373850994318327	 2.7507817895904494	
2055	 0.011362483119769454	 2.746201089070069	
2056	 0.011337539778013285	 2.736160840065253	
2057	 0.011306477930207537	 2.723678330230603	
2058	 0.011271970643841254	 2.709838019597033	
2059	 0.011247064870837507	 2.6998662508367746	
2060	 0.011240623238159499	 2.69728954506455	
2061	 0.011250767292741843	 2.7013476952382924	
2062	 0.01128627196338033	 2.7155706236764896	
2063	 0.011320677345874183	 2.729381672565697	
2064	 0.011353603999844955	 2.7426253599977626	
2065	 0.01137135137388439	 2.7497743022322982	
2066	 0.011385399707018592	 2.75543848553895	
2067	 0.01139369435215696	 2.7587850133848	
2068	 0.011384161632595735	 2.75493911582816	
2069	 0.011362315648031338	 2.746133628931705	
2070	 0.011343457835393842	 2.7385416584911018	
2071	 0.011339536082782736	 2.7369638554797637	
2072	 0.011336778145246236	 2.7358544974302252	
2073	 0.011336712050454402	 2.73582791354255	
2074	 0.011346492996024153	 2.7397630166904636	
2075	 0.011341620802153896	 2.737802536354111	
2076	 0.011326368066773555	 2.731668748873499	
2077	 0.011305674430678892	 2.723355738994852	
2078	 0.011269311717897745	 2.7087727382485123	
2079	 0.011226341611830951	 2.691580287986151	
2080	 0.011188317495546803	 2.6764032794696933	
2081	 0.01115331765728718	 2.662463743913646	
2082	 0.011124594937627998	 2.651045985078503	
2083	 0.011102294115522557	 2.6421945780088523	
2084	 0.011102538965050462	 2.642291696803127	
2085	 0.011112816287029858	 2.6463694518779937	
2086	 0.011124178584906384	 2.65088062228745	
2087	 0.011137705314648938	 2.656255143136902	
2088	 0.011162829282086648	 2.6662490980713613	
2089	 0.011190941699374686	 2.677449605519323	
2090	 0.011211638998342868	 2.685707792185788	
2091	 0.011225874706595244	 2.691393718524513	
2092	 0.011233831604152044	 2.694573901798711	
2093	 0.011234460936988298	 2.694825495312882	
2094	 0.011240258999673212	 2.6971438760880835	
2095	 0.011246680666415203	 2.6997125383269585	
2096	 0.011251142686109078	 2.7014979189607335	
2097	 0.011253798296911087	 2.702560728264897	
2098	 0.011275738832822693	 2.7113480069074547	
2099	 0.011256696565085681	 2.7037208429701303	
2100	 0.011225219791601508	 2.6911320314446	
2101	 0.011181980735720763	 2.6738773526503414	
2102	 0.011124860960390136	 2.6511516434868776	
2103	 0.011058908524510002	 2.6250083721827258	
2104	 0.010982098634924779	 2.594692022690754	
2105	 0.010901013516157522	 2.5628412971647045	
2106	 0.010823720711222269	 2.532626882746431	
2107	 0.010755655975172976	 2.506138612141701	
2108	 0.010711784502672109	 2.489124550906091	
2109	 0.010683950151851366	 2.4783539928140557	
2110	 0.010667442361542698	 2.471975098510078	
2111	 0.01065817248232314	 2.468395941234841	
2112	 0.010652455199510203	 2.4661894975973997	
2113	 0.01065400540624255	 2.4667876834836853	
2114	 0.010668239440242085	 2.472282952336824	
2115	 0.010691120506579463	 2.481126789426266	
2116	 0.010706666931577334	 2.4871428949137306	
2117	 0.010719782894869889	 2.492222999669027	
2118	 0.010731663456032303	 2.4968281838591633	
2119	 0.01074303338974148	 2.5012386208812343	
2120	 0.010753871163136296	 2.505445528901287	
2121	 0.010760918042248421	 2.508182439127746	
2122	 0.010766095686657201	 2.510194126148903	
2123	 0.010758504405982016	 2.507244881655975	
2124	 0.010741310543704072	 2.5005701227438863	
2125	 0.010717223511826527	 2.4912313680129783	
2126	 0.010688307876333757	 2.480038989468081	
2127	 0.010656585647563761	 2.4677834625488684	
2128	 0.01062281040571622	 2.454761484429623	
2129	 0.010590156184106228	 2.442197928654198	
2130	 0.010559428857784705	 2.430399297033102	
2131	 0.010534440756614095	 2.4208212623129	
2132	 0.010528243369545739	 2.4184481219141563	
2133	 0.010524967585663717	 2.4171941153632837	
2134	 0.010520818227054269	 2.4156060681752907	
2135	 0.010521400434253297	 2.415828865989874	
2136	 0.010528869814715852	 2.4186879617336565	
2137	 0.01054636756405874	 2.4253909660485315	
2138	 0.010572876503668562	 2.43556009089131	
2139	 0.010620082661504236	 2.453711010963368	
2140	 0.010666354691987762	 2.4715550352025026	
2141	 0.01069208937659086	 2.4815015493271058	
2142	 0.010713950459307677	 2.4899634555115733	
2143	 0.01073691087628283	 2.498863289627367	
2144	 0.01076066070032212	 2.5080824700618223	
2145	 0.010784616122149895	 2.5173952110502342	
2146	 0.010805387383966077	 2.5254812719790305	
2147	 0.010810291665685893	 2.5273919770969173	
2148	 0.010816004843451821	 2.529618556432492	
2149	 0.010821904229109901	 2.531918528969427	
2150	 0.01082646886733457	 2.5336987019591497	
2151	 0.01082556136230476	 2.5333447422797453	
2152	 0.010822675984490009	 2.532219472339284	
2153	 0.010820207549755288	 2.5312569649635797	
2154	 0.010820750396462695	 2.5314686225622176	
2155	 0.010829223650449872	 2.534773287845558	
2156	 0.010871660111740112	 2.5513499231582233	
2157	 0.010913472896023065	 2.567725182053929	
2158	 0.010953679067937028	 2.5835107358310268	
2159	 0.010994494096852402	 2.599574894090692	
2160	 0.011033778327203102	 2.615074149183803	
2161	 0.011072463284251714	 2.6303729602203387	
2162	 0.011110379643292267	 2.6454024320450316	
2163	 0.011147344006420474	 2.660087501899682	
2164	 0.011183176268762815	 2.6743538369045123	
2165	 0.011201999232000525	 2.68186027638579	
2166	 0.011214727719418881	 2.6869410587957527	
2167	 0.011220981463103203	 2.6894387511619304	
2168	 0.011223957142503096	 2.690627538275	
2169	 0.011225200638600346	 2.691124378554268	
2170	 0.011220047216854287	 2.6890655621290236	
2171	 0.011199237867973715	 2.6807585409107832	
2172	 0.011167680431125756	 2.668180544691874	
2173	 0.01113597363548859	 2.6555668590376675	
2174	 0.011115066728786134	 2.6472627001431293	
2175	 0.01110710707549561	 2.644103885241883	
2176	 0.01110271578000397	 2.642361830785562	
2177	 0.011107714613915505	 2.644344935705388	
2178	 0.011115697914930354	 2.647513253019617	
2179	 0.011126677230191007	 2.65187307103657	
2180	 0.011135008777552408	 2.655183391481428	
2181	 0.01113913379555085	 2.6568229698498635	
2182	 0.011140590411253912	 2.6574020302467583	
2183	 0.01114276778958637	 2.6582677154483165	
2184	 0.011152532737166857	 2.6621514642849893	
2185	 0.011168953350124232	 2.668687439979044	
2186	 0.011187505066560419	 2.6760793798643574	
2187	 0.011207100229877042	 2.683895960623274	
2188	 0.01121420698210287	 2.686733122581017	
2189	 0.011222698367451598	 2.69012463064637	
2190	 0.011228552018365996	 2.692463608859113	
2191	 0.011231806871838007	 2.693764521814222	
2192	 0.011233935237166821	 2.6946153313669283	
2193	 0.011236249224331044	 2.695540464793438	
2194	 0.011228691999757357	 2.692519552013038	
2195	 0.01120792205077532	 2.6842239871508107	
2196	 0.011174571872665422	 2.6709252794278258	
2197	 0.011137438802098037	 2.6561492087354828	
2198	 0.011106420530049168	 2.6438314980715583	
2199	 0.011079884621777149	 2.6333119699709173	
2200	 0.01105843385555148	 2.6248205911191196	
2201	 0.011038457927949854	 2.6169229013423556	
2202	 0.01101974928973714	 2.609534882817037	
2203	 0.011006137465126261	 2.6041648417260945	
2204	 0.011004871890494768	 2.603665780990788	
2205	 0.011004053165988927	 2.603342949409565	
2206	 0.011000329727316365	 2.6018749608553966	
2207	 0.010995259753879659	 2.599876625267998	
2208	 0.010992115239510405	 2.598637520081832	
2209	 0.010993865070040685	 2.5993270168186755	
2210	 0.01099868743957996	 2.601227584095503	
2211	 0.011004444241295139	 2.603497152469499	
2212	 0.011012616524150549	 2.6067203625858495	
2213	 0.011023076815807309	 2.610848307938189	
2214	 0.011037215506357301	 2.616432011588946	
2215	 0.011056195246040151	 2.623935060083073	
2216	 0.011077706719476735	 2.632449337579843	
2217	 0.011103779035337396	 2.6427835887062585	
2218	 0.011127387703217218	 2.652155294313744	
2219	 0.011153687256719653	 2.662610793725596	
2220	 0.011190956143732993	 2.6774553652458244	
2221	 0.01122778556965533	 2.6921573081143744	
2222	 0.011263128608318906	 2.7062961635545735	
2223	 0.011297515117285713	 2.7200807807581957	
2224	 0.011331582218954906	 2.733764966895387	
2225	 0.011365092822143144	 2.747252402134309	
2226	 0.011397796796305265	 2.7604407712976493	
2227	 0.01142951607723622	 2.7732561712857806	
2228	 0.011451446687074039	 2.7821305759004535	
2229	 0.011471372861244541	 2.790203699522568	
2230	 0.011490182100595572	 2.797832877646738	
2231	 0.011508687679689667	 2.805347018555711	
2232	 0.011529004187094816	 2.813605762808418	
2233	 0.011552110235936094	 2.823010265953793	
2234	 0.011578135504405073	 2.833617961137027	
2235	 0.011605827469871004	 2.844922457294677	
2236	 0.011633314743029559	 2.8561611906479056	
2237	 0.011660389134081413	 2.8672484288527085	
2238	 0.011687250309315172	 2.878265326378821	
2239	 0.011714871753538803	 2.889611659309542	
2240	 0.011744622675673331	 2.90185270466	
2241	 0.011773168706107931	 2.913617446246877	
2242	 0.01180010365282222	 2.92473565997065	
2243	 0.011828586061019278	 2.9365110539037387	
2244	 0.011857332090936682	 2.948414617635491	
2245	 0.011880413354744376	 2.9579863721316477	
2246	 0.011898571965247714	 2.965525431307413	
2247	 0.011908824455446802	 2.9697854316232766	
2248	 0.011906540346449397	 2.968836152377777	
2249	 0.011890097851616257	 2.9620062088314696	
2250	 0.011862691211945098	 2.950635928322429	
2251	 0.011833311970948618	 2.938466702532035	
2252	 0.011815395798644952	 2.9310554917215454	
2253	 0.01179803003496566	 2.9238791097502257	
2254	 0.011780991850753446	 2.9168449402818983	
2255	 0.011765945973275745	 2.9106389254638483	
2256	 0.01175282551209778	 2.905231408967691	
2257	 0.011738464760100887	 2.8993173258183047	
2258	 0.011721133603649271	 2.8921863835874335	
2259	 0.011701952283916772	 2.8843023787228144	
2260	 0.011684577812383088	 2.877168466022432	
2261	 0.011666319569219647	 2.8696792958968604	
2262	 0.011647229465316216	 2.861857264680086	
2263	 0.011628120330820437	 2.8540359909353166	
2264	 0.01161056814616209	 2.846859514739511	
2265	 0.011594265874097218	 2.840200559298091	
2266	 0.01157297516191072	 2.8315133812486257	
2267	 0.011543996118769956	 2.8197062703899802	
2268	 0.011507271234378743	 2.8047715898420646	
2269	 0.011458103721214974	 2.784826643825406	
2270	 0.011410556178523995	 2.7655930331661196	
2271	 0.011362087227174347	 2.746041618638951	
2272	 0.011306619740950312	 2.7237352663906083	
2273	 0.011253336332430502	 2.702375832175188	
2274	 0.011207010386720532	 2.6838601010587197	
2275	 0.011174304782918068	 2.6708188814553298	
2276	 0.011158164024040828	 2.6643921902286882	
2277	 0.01115109634260845	 2.6615800341895635	
2278	 0.011147325285409201	 2.6600800562546025	
2279	 0.011143216952866351	 2.6584463084621714	
2280	 0.011138118782476693	 2.656419493213727	
2281	 0.011132337220448527	 2.6541217388625413	
2282	 0.011126324777547103	 2.651733069700601	
2283	 0.011122772917964976	 2.650322364094258	
2284	 0.011122671045872484	 2.6502819075967756	
2285	 0.01112529028928083	 2.6513221670616742	
2286	 0.011128147885173648	 2.6524572769181542	
2287	 0.011130840331763672	 2.6535269630834772	
2288	 0.011132864813186236	 2.654331385984538	
2289	 0.011134255283703364	 2.65488394264913	
2290	 0.011132955147648062	 2.654367282442131	
2291	 0.011133675151489716	 2.6546533993229056	
2292	 0.011138308701907868	 2.656494985996133	
2293	 0.011142228158147143	 2.658053157494183	
2294	 0.011139412561144077	 2.656933785918563	
2295	 0.011137527912480596	 2.6561846284741955	
2296	 0.011130759025013258	 2.653494658075836	
2297	 0.011120872902873408	 2.649567851140299	
2298	 0.011111087254230883	 2.645683243847153	
2299	 0.011110484299956489	 2.6454439637586575	
2300	 0.01112430784786494	 2.6509319612090367	
2301	 0.011145611562107695	 2.6593985164458034	
2302	 0.011166790259398096	 2.667826087949176	
2303	 0.011186796070617889	 2.675796729811129	
2304	 0.01120685071503155	 2.683796370943172	
2305	 0.011226204150187826	 2.6915253595045994	
2306	 0.011244379824628137	 2.6987920907735687	
2307	 0.011261957352735037	 2.7058271324461876	
2308	 0.011281573415047876	 2.7136867023367404	
2309	 0.011301573602541635	 2.7217095651261776	
2310	 0.011321832060811474	 2.7298456855757376	
2311	 0.011343228004956919	 2.7384491828714896	
2312	 0.011366554569718761	 2.747841334368224	
2313	 0.011391224971821445	 2.7577885561811275	
2314	 0.011416585548449206	 2.768029040670488	
2315	 0.011438248639476116	 2.7767885167135278	
2316	 0.011453623690379222	 2.7830121371891194	
2317	 0.011456039336919285	 2.7839904660331807	
2318	 0.011454487733735275	 2.7833620560850876	
2319	 0.011452831391277151	 2.782691288632979	
2320	 0.011447655448553362	 2.7805956087706054	
2321	 0.011442678883291979	 2.778581250128955	
2322	 0.011439451728079333	 2.7772753103141037	
2323	 0.01144226325784539	 2.7784130443118853	
2324	 0.011454852007711713	 2.7835095844506212	
2325	 0.011466613048427091	 2.7882744026348965	
2326	 0.011475294878160451	 2.7917938133566476	
2327	 0.011485745907567988	 2.7960327713766455	
2328	 0.011502599421074216	 2.8028740076361727	
2329	 0.011525046937314074	 2.811996362919598	
2330	 0.01155314265615	 2.8234307691673273	
2331	 0.011580706833587393	 2.8346668784290694	
2332	 0.011599166730542074	 2.842201746279152	
2333	 0.011613346599410053	 2.8479950458784087	
2334	 0.011627304491533827	 2.853702262558886	
2335	 0.011643395033740792	 2.860287164307286	
2336	 0.01166230356380461	 2.8680330576151314	
2337	 0.011681610351556345	 2.8759507409635154	
2338	 0.011695915618118412	 2.881822938412005	
2339	 0.011694478389120395	 2.881232750923585	
2340	 0.011717754241676589	 2.8907967561444066	
2341	 0.011777401340925848	 2.9153634724271225	
2342	 0.0118143442509169	 2.9306207406899634	
2343	 0.011819676721625497	 2.9328256592740907	
2344	 0.011794555212856132	 2.922443988483194	
2345	 0.011784120253816336	 2.9181359852758546	
2346	 0.01179054349851938	 2.920787478205749	
2347	 0.011818670743363152	 2.932409647450893	
2348	 0.011870660439062845	 2.9539403433421962	
2349	 0.011929993364623507	 2.9785890379237405	
2350	 0.011987310577103184	 3.0024780827993034	
2351	 0.012043214978940344	 3.025851763112817	
2352	 0.012092846795021994	 3.0466635821227266	
2353	 0.012136983052384314	 3.0652188841880346	
2354	 0.01217769239104494	 3.08237340755463	
2355	 0.012213395738356553	 3.097449959193987	
2356	 0.012251741881708775	 3.1136752477747103	
2357	 0.012283044340350852	 3.1269452892075718	
2358	 0.012309812471980137	 3.1383109937840556	
2359	 0.012331845289891336	 3.1476784638920985	
2360	 0.012349594637411913	 3.1552328941393917	
2361	 0.012358302863420876	 3.1589419145207316	
2362	 0.012365062077318209	 3.1618220101692263	
2363	 0.012366192281834484	 3.1623036918581318	
2364	 0.012362092719196275	 3.1605566397436005	
2365	 0.01235482267930856	 3.157459420310914	
2366	 0.012337381719496297	 3.150034087030494	
2367	 0.012308429416762594	 3.1377233467549983	
2368	 0.012262726221080515	 3.118329264339936	
2369	 0.01221472746308593	 3.0980128794389294	
2370	 0.012165495044803045	 3.0772295455089367	
2371	 0.012137753405704707	 3.065543148119349	
2372	 0.012129094483577857	 3.0618991477451485	
2373	 0.012126225060079305	 3.0606919687972822	
2374	 0.012126182299546803	 3.060673980695197	
2375	 0.012128219343756288	 3.061530952434429	
2376	 0.012131690318854109	 3.0629913909780866	
2377	 0.012137676292771587	 3.065510688443707	
2378	 0.012147160676614806	 3.069504046483259	
2379	 0.01216146909105028	 3.075532475623268	
2380	 0.012173082336297334	 3.080428852365484	
2381	 0.012184574713752297	 3.0852773354861474	
2382	 0.012195706815736757	 3.0899767308746195	
2383	 0.012206704089540898	 3.094622017624104	
2384	 0.012218866414798479	 3.099762676149269	
2385	 0.012232384444513796	 3.105480355310099	
2386	 0.01224346948230836	 3.110172104047512	
2387	 0.012246418437573629	 3.111420728162853	
2388	 0.012239333653734816	 3.108421280851963	
2389	 0.012216901214883143	 3.098931812554673	
2390	 0.012195375972494015	 3.089837024788862	
2391	 0.012164393186556606	 3.076765039355767	
2392	 0.012132427701776189	 3.063301686197036	
2393	 0.012088786156273075	 3.044958715376583	
2394	 0.012035213393280269	 3.022501847882641	
2395	 0.011992925874816693	 3.004822567640554	
2396	 0.011982515532328306	 3.0004766473349447	
2397	 0.011983843195773634	 3.0010307561222067	
2398	 0.01198615076098116	 3.001993930529325	
2399	 0.011986274147112964	 3.0020454352057304	
2400	 0.011980710992541317	 2.9997235767925505	
2401	 0.011974538747441315	 2.9971483471251963	
2402	 0.011972125581249092	 2.9961417486866937	
2403	 0.011973312369607735	 2.9966367740711375	
2404	 0.011973629115502742	 2.996768898574031	
2405	 0.011976991378304921	 2.998171545952048	
2406	 0.011983301911061747	 3.000804842561694	
2407	 0.011992220833996259	 3.0045281606048873	
2408	 0.012002311191422215	 3.0087427351458937	
2409	 0.012013386833784346	 3.013371566934522	
2410	 0.012025034699773594	 3.0182426177679536	
2411	 0.012034634022780094	 3.022259348331512	
2412	 0.01204138923172037	 3.025087271615355	
2413	 0.012044094648796515	 3.0262201331032497	
2414	 0.012043661684353568	 3.0260388229464255	
2415	 0.012040899742067606	 3.0248823217233434	
2416	 0.012048247486113002	 3.0279594148332367	
2417	 0.012064261887110479	 3.0346702715657314	
2418	 0.012079817709481992	 3.0411946489552877	
2419	 0.012094213179123833	 3.0472373468644736	
2420	 0.012096516524949424	 3.048204653416942	
2421	 0.012100017217602657	 3.0496750294749724	
2422	 0.012099967737306263	 3.0496542445708457	
2423	 0.012095887575327894	 3.0479405093371534	
2424	 0.012091264391345937	 3.045999161598587	
2425	 0.01208576690386795	 3.043691324065019	
2426	 0.01208106394899031	 3.0417175855522407	
2427	 0.012078670432661679	 3.040713270048326	
2428	 0.012079522221013448	 3.0410706638307237	
2429	 0.012081964411766205	 3.0420954525901283	
2430	 0.012085569355414962	 3.0436084065250246	
2431	 0.0120913009025708	 3.046014491298424	
2432	 0.012094014332768743	 3.047153845674037	
2433	 0.012098418295050088	 3.049003407924335	
2434	 0.012107817775173804	 3.052952473482746	
2435	 0.012123456929051674	 3.0595275844891945	
2436	 0.01214563714236459	 3.0688624289132056	
2437	 0.012169296030920844	 3.07883212790149	
2438	 0.012189358249460705	 3.087296345301911	
2439	 0.012202308635267545	 3.092765027570697	
2440	 0.012189623049954653	 3.087408126346265	
2441	 0.012171425711915474	 3.079730195839806	
2442	 0.01215853682513508	 3.074296666286987	
2443	 0.012154278941546416	 3.0725025264404	
2444	 0.012155158162489039	 3.072872968504259	
2445	 0.012154162515053588	 3.0724534738182916	
2446	 0.012154316141426818	 3.072518199500024	
2447	 0.012160893136621607	 3.0752897227983285	
2448	 0.012172676932509154	 3.0802578735303556	
2449	 0.01218631559957629	 3.0860120583495627	
2450	 0.012199976826330033	 3.091780066724169	
2451	 0.012213604590676094	 3.097538238395766	
2452	 0.01222706000320924	 3.1032277897596763	
2453	 0.012239940324329608	 3.108678078457439	
2454	 0.01225317713296228	 3.114283199532257	
2455	 0.012266748481643323	 3.1200341739869852	
2456	 0.012280330554646342	 3.125793941297145	
2457	 0.012296927080614532	 3.1328378188801027	
2458	 0.012313613974843957	 3.139926443019644	
2459	 0.012329203271712136	 3.146554594536622	
2460	 0.012339585109620018	 3.150971774801984	
2461	 0.012314997433626913	 3.1405144265726967	
2462	 0.01225528651466332	 3.1151767893984115	
2463	 0.012185159808311327	 3.0855242607883993	
2464	 0.012073535770403534	 3.03855922182029	
2465	 0.011944925778477205	 2.984805313900657	
2466	 0.011815709789959057	 2.9311853130345877	
2467	 0.011714566047920592	 2.8894859838926794	
2468	 0.011645505333458149	 2.861151234714734	
2469	 0.011601664891502465	 2.843222047612812	
2470	 0.011576927157709674	 2.833125096262223	
2471	 0.011562099247843929	 2.8270798269318216	
2472	 0.011551630189382102	 2.822814752240873	
2473	 0.011544237024472208	 2.8198043427324357	
2474	 0.011540945453196337	 2.818464467146686	
2475	 0.011542864173339227	 2.8192454754058125	
2476	 0.01155439939119391	 2.8239426692848424	
2477	 0.011566594733978263	 2.828912069931145	
2478	 0.011579138951837714	 2.8340272770136834	
2479	 0.011591948855320127	 2.839254637737164	
2480	 0.011610640533860702	 2.8468890967022857	
2481	 0.011629826352821905	 2.8547339091674737	
2482	 0.011654169823837848	 2.8647000380684347	
2483	 0.011678232837393195	 2.874564997635045	
2484	 0.011680532103368443	 2.8755083228992238	
2485	 0.011669913037171952	 2.8711526482061775	
2486	 0.01165187093214999	 2.8637582861504285	
2487	 0.011627183404840105	 2.853652731994488	
2488	 0.011584631746013305	 2.8362682596863165	
2489	 0.011541358557238654	 2.8186326123766845	
2490	 0.01149718823656883	 2.800676752129359	
2491	 0.011466393299856171	 2.788185344747355	
2492	 0.011447815066241958	 2.780660226704645	
2493	 0.01142368863604867	 2.7708999559739933	
2494	 0.011395913549396475	 2.7596806382477164	
2495	 0.011369338527080544	 2.7489631192792676	
2496	 0.011347396783099251	 2.740126745546088	
2497	 0.011332147276287799	 2.7339921725328957	
2498	 0.011323473448223549	 2.7305053183468555	
2499	 0.011319901449716868	 2.729069902591577	
2500	 0.0113208488459864	 2.7294505865261964	
2501	 0.011323050366801304	 2.7303352863492973	
2502	 0.01132669917335579	 2.7318018427760706	
2503	 0.011329592103374194	 2.7329648153593475	
2504	 0.01133234924980746	 2.734073386517757	
2505	 0.011327380066230592	 2.73207554735869	
2506	 0.011317841158633669	 2.728242107213789	
2507	 0.01130829255786946	 2.724406928248879	
2508	 0.011304097430790342	 2.7227226451101494	
2509	 0.01130504615601244	 2.7231035081742125	
2510	 0.01130814607802524	 2.7243481116802273	
2511	 0.011308546458819138	 2.7245088791962173	
2512	 0.011289882279009969	 2.7170185645102642	
2513	 0.011237109938579251	 2.6958846112665595	
2514	 0.0111737003616622	 2.6705781102354433	
2515	 0.011125348232104053	 2.651345181496106	
2516	 0.011105508727998271	 2.643469757610099	
2517	 0.01109687412526357	 2.6400451215971206	
2518	 0.011081376889485047	 2.6339030986943737	
2519	 0.011052306075429098	 2.6223968976514214	
2520	 0.011032168160115515	 2.614438147418036	
2521	 0.01102390817141017	 2.6111764979060754	
2522	 0.01101801897094179	 2.608852004165853	
2523	 0.011012156829902583	 2.60653901336081	
2524	 0.011018864065046341	 2.6091855156954646	
2525	 0.011024660779350898	 2.611473615295183	
2526	 0.011030334618096252	 2.613713989882211	
2527	 0.011037292111775924	 2.616462277878051	
2528	 0.011044982685884174	 2.6195014850265763	
2529	 0.011046977130823652	 2.620289892168993	
2530	 0.011053250219887506	 2.6227702725204387	
2531	 0.011060039503882312	 2.6254558140979034	
2532	 0.011065600495756429	 2.627656316379294	
2533	 0.011044360644450562	 2.6192556105096356	
2534	 0.01100288743808319	 2.6028833184123057	
2535	 0.010953282363542644	 2.5833547946653876	
2536	 0.010898925857691739	 2.562023331054381	
2537	 0.010843816770985474	 2.5404688123602783	
2538	 0.010792646400679713	 2.5205200946131043	
2539	 0.010775508891455064	 2.5138531216317	
2540	 0.010764188767971944	 2.509453149784536	
2541	 0.010741714798858458	 2.5007269752741847	
2542	 0.010709130675552453	 2.488096841548065	
2543	 0.010671807898752607	 2.473661377648639	
2544	 0.010638030888317829	 2.4606263002900155	
2545	 0.010610222624376312	 2.44991534159149	
2546	 0.010594063416418794	 2.4436998593120323	
2547	 0.010594733813383137	 2.443957595407425	
2548	 0.01061711139490785	 2.4525669599774873	
2549	 0.010651145710127966	 2.4656842437116278	
2550	 0.010690367411017603	 2.4808355069396617	
2551	 0.010731690060980317	 2.49683850037707	
2552	 0.010772157657556704	 2.512550223164238	
2553	 0.010811972583802166	 2.5280469947541038	
2554	 0.010851263505191399	 2.5433771558298486	
2555	 0.01088408747880853	 2.5562125110527076	
2556	 0.01090857459620631	 2.5658046803501304	
2557	 0.010923845488632558	 2.571793915047019	
2558	 0.010930528297962337	 2.574416665570655	
2559	 0.010928254689722765	 2.5735242401024783	
2560	 0.01089034364825843	 2.558661830229091	
2561	 0.010840300821778042	 2.5390961108956103	
2562	 0.010800272555929104	 2.5234891539640723	
2563	 0.010836262777710463	 2.537519938638835	
2564	 0.010874022661796079	 2.5522740580898753	
2565	 0.010911898484070981	 2.567107831547581	
2566	 0.010917042506909194	 2.5691250998645243	
2567	 0.010905933969854785	 2.5647695948036793	
2568	 0.010896110400533404	 2.5609203713249964	
2569	 0.010900998077815314	 2.562835247879741	
2570	 0.01091362058070684	 2.567783094476445	
2571	 0.010934034976266237	 2.575793332246474	
2572	 0.010940754059244816	 2.5784319607792	
2573	 0.010954493522396627	 2.583830902838801	
2574	 0.010971914206850245	 2.590682879322527	
2575	 0.010992176768201994	 2.5986617633782574	
2576	 0.01101065308990231	 2.6059458236969126	
2577	 0.011024609150583063	 2.611453232664336	
2578	 0.011036572363632653	 2.6161779157186316	
2579	 0.011033971571168462	 2.6151504830006664	
2580	 0.011010461289286679	 2.605870166799455	
2581	 0.010950123127367616	 2.5821130598498794	
2582	 0.010854315890118257	 2.544569658127586	
2583	 0.010738108039494584	 2.4993276780689873	
2584	 0.010609367734328095	 2.449586358234635	
2585	 0.01048775267578262	 2.402966107071998	
2586	 0.0103783992705458	 2.361352779115685	
2587	 0.010286558130427906	 2.3266285755048295	
2588	 0.010210568747560617	 2.298053523781537	
2589	 0.010138554952509721	 2.271103966158649	
2590	 0.010096055889359792	 2.2552593571901363	
2591	 0.010074599649466992	 2.2472768507846146	
2592	 0.01006533807015364	 2.2438347033766046	
2593	 0.01006420963264063	 2.2434154539004063	
2594	 0.010067950945057821	 2.244805587587677	
2595	 0.010075731806424949	 2.2476977716344964	
2596	 0.01008061197982275	 2.249512515872486	
2597	 0.010088780208485465	 2.2525512690594947	
2598	 0.010100690836364227	 2.2569852138416295	
2599	 0.010117690913600057	 2.2633198374329124	
2600	 0.010136381653859725	 2.270292635135598	
2601	 0.010146716517276035	 2.274151858672727	
2602	 0.010165955839848645	 2.2813431487362963	
2603	 0.01018677861703436	 2.2891365340457686	
2604	 0.010203384150684492	 2.295359139862193	
2605	 0.010213577477921097	 2.2991822402924647	
2606	 0.01021324522414231	 2.299057585357147	
2607	 0.010197546426324236	 2.293170794288651	
2608	 0.010162097583383618	 2.2799002784493245	
2609	 0.01012550890523048	 2.2662353861945395	
2610	 0.010076633742731949	 2.248033122084616	
2611	 0.010044105976615288	 2.2359515765670626	
2612	 0.010036471579764613	 2.233119763824269	
2613	 0.010040709521541633	 2.2346915584949807	
2614	 0.010052879150950732	 2.239207566346679	
2615	 0.010077144925270844	 2.2482231946062075	
2616	 0.010109901148902409	 2.2604163086847686	
2617	 0.010146914809670376	 2.2742259302461805	
2618	 0.010187654867283567	 2.2894647231699263	
2619	 0.010231076592041357	 2.30575137597031	
2620	 0.010276609984870549	 2.3228796413395654	
2621	 0.010327364407144437	 2.342031611709746	
2622	 0.01038104637245562	 2.362356670741751	
2623	 0.010438297985656701	 2.3841106131808742	
2624	 0.010499026351648701	 2.4072727123514914	
2625	 0.010547164126063028	 2.4256962880653794	
2626	 0.010595209142751397	 2.4441403437761164	
2627	 0.010641764660922603	 2.4620658671300406	
2628	 0.010684961880238767	 2.4787451559138067	
2629	 0.010722228479261145	 2.4931706875731647	
2630	 0.010752193827023505	 2.504794250909864	
2631	 0.01077200401004692	 2.5124904942993527	
2632	 0.010775397222527662	 2.5138097024430492	
2633	 0.010784036179680849	 2.517169593651018	
2634	 0.010795898246934464	 2.5217859514273164	
2635	 0.01081347941649713	 2.528634232774965	
2636	 0.010837454989832788	 2.5379852548090622	
2637	 0.010863438840867908	 2.5481351349096495	
2638	 0.010892022184591817	 2.559319144579568	
2639	 0.01092264656142234	 2.5713234944883854	
2640	 0.010954393177014693	 2.583791455600917	
2641	 0.010986953682999932	 2.5966041057414713	
2642	 0.011018530097288003	 2.6090537152017714	
2643	 0.011050278436809129	 2.621595112030474	
2644	 0.011082082226407499	 2.634182520728359	
2645	 0.011115507202279993	 2.6474375475645036	
2646	 0.011148278910630844	 2.6604593388334905	
2647	 0.011180493070569423	 2.673284485452883	
2648	 0.011213068210662149	 2.68627842088153	
2649	 0.01124819274998722	 2.7003175129624344	
2650	 0.011283928811547756	 2.714631052435761	
2651	 0.011312510038171611	 2.7261006058265997	
2652	 0.011330983850607818	 2.7335243753640053	
2653	 0.011339378469616418	 2.7369004520128204	
2654	 0.011334986192912946	 2.735133795528773	
2655	 0.011318899846632263	 2.7286674603053043	
2656	 0.011295510628652902	 2.719276466937008	
2657	 0.011265332159522141	 2.7071786671746403	
2658	 0.011233157513884212	 2.6943044256638915	
2659	 0.011216486729945288	 2.6876434989005853	
2660	 0.011215862509677151	 2.6873942154925072	
2661	 0.011224067518945235	 2.6906716378239275	
2662	 0.011234453187839912	 2.6948223973155754	
2663	 0.011240168382033774	 2.6971076360936013	
2664	 0.011243082514400595	 2.6982731595406464	
2665	 0.011256180670902522	 2.703514327002916	
2666	 0.011281949788160208	 2.713837592942531	
2667	 0.01131495653405874	 2.7270832752593313	
2668	 0.011351230357187428	 2.741669781066547	
2669	 0.01138521675733281	 2.7553646916277477	
2670	 0.01141742122952984	 2.7683667432072356	
2671	 0.011453523108083665	 2.782971404675478	
2672	 0.011616918407639487	 2.849455080805403	
2673	 0.011755939577111808	 2.90651448744995	
2674	 0.011791556708186135	 2.9212058155619074	
2675	 0.011808234577823897	 2.928095272829467	
2676	 0.011805198205897682	 2.9268404953344644	
2677	 0.011794427081973985	 2.9223910750889006	
2678	 0.01177965626262838	 2.9162938327158163	
2679	 0.0117656923078612	 2.910534340712037	
2680	 0.011747044843666758	 2.902850219029224	
2681	 0.011731707822156724	 2.8965363335149306	
2682	 0.011716767841074442	 2.8903911887195752	
2683	 0.01170330595060808	 2.8848584874404644	
2684	 0.011699571833845287	 2.883324554387389	
2685	 0.011701656033245305	 2.8841806797554232	
2686	 0.011708590094898984	 2.8870297119251176	
2687	 0.011720114931448396	 2.8917674672639566	
2688	 0.011734039276769873	 2.897495783244742	
2689	 0.011750437138545655	 2.9042474884320955	
2690	 0.011768813787071161	 2.911821412708544	
2691	 0.011787926266195813	 2.919706977582636	
2692	 0.01180558916229021	 2.9270020455845103	
2693	 0.011822244066527078	 2.9338874649862348	
2694	 0.011837803002396506	 2.940325637690074	
2695	 0.01185188908021767	 2.9461592203682847	
2696	 0.011876055746640059	 2.9561783304697817	
2697	 0.011955724698385038	 2.9893040701874543	
2698	 0.011972541016836834	 2.996315028735837	
2699	 0.011989622040877905	 3.0034430706430184	
2700	 0.01201333257922448	 3.01334888544536	
2701	 0.012024621861850876	 3.018069918231239	
2702	 0.012025650198379123	 3.018500102238797	
2703	 0.012014008043272989	 3.013631272669698	
2704	 0.011991261450411548	 3.00412756506198	
2705	 0.0119572067049013	 2.9899216754590983	
2706	 0.01191341560563285	 2.971693887979832	
2707	 0.011863853680503751	 2.9511178500989077	
2708	 0.011830236547218558	 2.9371939893457015	
2709	 0.011801522913374312	 2.925321972386025	
2710	 0.011772038157574286	 2.9131511486036565	
2711	 0.011746735170816702	 2.9027226797185017	
2712	 0.011732125100779209	 2.896708044380273	
2713	 0.01172664695806256	 2.8944541034638176	
2714	 0.011726471986132582	 2.894382124135649	
2715	 0.011730012012774885	 2.895838546957073	
2716	 0.011735155498542085	 2.8979551803820423	
2717	 0.011743979900136519	 2.9015880153132954	
2718	 0.011755525267303777	 2.9063437676044575	
2719	 0.011769426791717216	 2.9120741981744063	
2720	 0.01178130765294839	 2.916975256738111	
2721	 0.011780480112967466	 2.9166337755262646	
2722	 0.011784897711656738	 2.918456865910841	
2723	 0.011781781903377865	 2.917170961574297	
2724	 0.011773907138128564	 2.9139220305455193	
2725	 0.011767476462940366	 2.911269969205536	
2726	 0.011759541273886131	 2.9079987659323194	
2727	 0.011687234221143155	 2.8782587228856693	
2728	 0.01153167627182075	 2.814692698806065	
2729	 0.011316193302837998	 2.7275800947164393	
2730	 0.011110519698860354	 2.6454580114385307	
2731	 0.010939404032056866	 2.5779017093827745	
2732	 0.010825624436125812	 2.5333693427042894	
2733	 0.010751800917689909	 2.5046417014134645	
2734	 0.01069919669539766	 2.48425135958566	
2735	 0.01066038396467048	 2.4692496197310856	
2736	 0.010639942703760223	 2.4613633641965107	
2737	 0.010637617950011344	 2.460467111413688	
2738	 0.010654258253483857	 2.4668852563950034	
2739	 0.010684323913310131	 2.4784984967962536	
2740	 0.010719473563713822	 2.4921031410839025	
2741	 0.01075215563098609	 2.504779420897315	
2742	 0.01078244586377377	 2.5165509480286663	
2743	 0.010809456955638994	 2.5270667337636294	
2744	 0.01086711226342617	 2.549571363995718	
2745	 0.01089174537434336	 2.5592107411146623	
2746	 0.010908464778564752	 2.5657616301681117	
2747	 0.010922405041040919	 2.571228733807708	
2748	 0.01093136866100793	 2.574746552046055	
2749	 0.010930274382470602	 2.574316993777725	
2750	 0.010921872318624275	 2.5710197247554545	
2751	 0.010909223678235692	 2.566059136256339	
2752	 0.01089180375928096	 2.5592336054676315	
2753	 0.010868045097116641	 2.5499361334116384	
2754	 0.010844019095075198	 2.5405478130245136	
2755	 0.010837003911827977	 2.537809196647411	
2756	 0.010852877693776903	 2.544007757347682	
2757	 0.010857108621857858	 2.545660915277865	
2758	 0.010871703876539606	 2.551367040977475	
2759	 0.010886984196092435	 2.557346472574059	
2760	 0.010894667971368758	 2.5603553710493645	
2761	 0.010868955554326189	 2.5502921729975916	
2762	 0.01083224839820414	 2.5359533914664083	
2763	 0.010796566628784128	 2.5220461661100466	
2764	 0.010772836333157003	 2.5128140580114193	
2765	 0.010755707918328921	 2.5061587840026904	
2766	 0.010736030185937918	 2.498521685382273	
2767	 0.010715487660100265	 2.490558902986754	
2768	 0.010698439726809093	 2.483958431691163	
2769	 0.010654106870440574	 2.466826837995534	
2770	 0.010616205502129954	 2.452218199154301	
2771	 0.010562554253757166	 2.4315983375104815	
2772	 0.010495323635501283	 2.4058579145468233	
2773	 0.010431514152429665	 2.38152878983622	
2774	 0.010370578669468592	 2.3583878775943274	
2775	 0.010309212902589193	 2.335174991966453	
2776	 0.010247583255303205	 2.3119548167216863	
2777	 0.010186222749789713	 2.28892835032702	
2778	 0.010125272575286138	 2.266147230112564	
2779	 0.010053891750715487	 2.239583494667055	
2780	 0.010005298524894533	 2.221571703470919	
2781	 0.009974294203587497	 2.210109917878564	
2782	 0.009977062228339807	 2.2111322466652115	
2783	 0.0099926018322063	 2.2168750786305007	
2784	 0.010010418898731723	 2.2234669022970794	
2785	 0.01003030986071673	 2.230835255700113	
2786	 0.010056860768885147	 2.240685890099844	
2787	 0.010077229838903572	 2.2482547685847933	
2788	 0.01010164786523928	 2.257341636366528	
2789	 0.010130355944849748	 2.2680437373374054	
2790	 0.010173477364520142	 2.284157019295333	
2791	 0.010212446052493437	 2.2987577632996947	
2792	 0.01024120287460397	 2.3095561877242936	
2793	 0.010264535573113496	 2.318332678353565	
2794	 0.01028647616231117	 2.3265976761418443	
2795	 0.010314494806753094	 2.3371693693860363	
2796	 0.010347758221303719	 2.349744839790634	
2797	 0.010383059314312342	 2.3631201766229704	
2798	 0.010421182684513416	 2.3775989409624536	
2799	 0.010461834019148747	 2.3930767413256464	
2800	 0.010499621961528028	 2.4075003243341953	
2801	 0.010534166889163947	 2.420716371694847	
2802	 0.010566451630790057	 2.433093875557769	
2803	 0.010594786370612258	 2.4439778016491864	
2804	 0.010622143455661271	 2.4545046206650163	
2805	 0.010653403377330232	 2.4665553687380974	
2806	 0.010686169134088716	 2.4792119470556444	
2807	 0.010718595771881247	 2.4917630298432667	
2808	 0.010749404007900781	 2.503711166747288	
2809	 0.010779686917226286	 2.515477840028176	
2810	 0.01080967718876655	 2.527152545596775	
2811	 0.010840157073650878	 2.539039994879504	
2812	 0.010872275754399283	 2.5515907250050827	
2813	 0.010905299895861368	 2.564521072273572	
2814	 0.010938954136830908	 2.5777250133200202	
2815	 0.010972785373758622	 2.591025720885137	
2816	 0.011006353356255182	 2.604249979036285	
2817	 0.01104010828825435	 2.61757502759327	
2818	 0.011071436379796344	 2.629966387305014	
2819	 0.011096363695629918	 2.639842731778832	
2820	 0.011119520689740694	 2.6490309275761215	
2821	 0.01114432554382316	 2.6588871188195013	
2822	 0.011177496619591413	 2.6720904936453733	
2823	 0.011210064991006255	 2.6850794086013856	
2824	 0.011242102842459372	 2.6978813118243052	
2825	 0.011274328150677575	 2.710782679471426	
2826	 0.011305163059300221	 2.723150440143939	
2827	 0.011335053007472127	 2.7351606661861054	
2828	 0.011364562344274033	 2.747038687216721	
2829	 0.011393374691204853	 2.758656014020552	
2830	 0.011423738182023739	 2.770919985572574	
2831	 0.011449712988084428	 2.7814286073074044	
2832	 0.011480062547610878	 2.7937272703314733	
2833	 0.011534571611988221	 2.815870638981344	
2834	 0.011638417856373732	 2.85824965321194	
2835	 0.011789535224756714	 2.920371202592751	
2836	 0.011840913310425303	 2.941613337129346	
2837	 0.011868597028084604	 2.9530846145204963	
2838	 0.011887279787480968	 2.960836262754815	
2839	 0.011902559319678995	 2.967181921656318	
2840	 0.011927552576853202	 2.9775734453105045	
2841	 0.01198887572868898	 3.0031314873343105	
2842	 0.012014936628276494	 3.014019497938813	
2843	 0.012034170881652673	 3.0220655029898866	
2844	 0.012023868601502088	 3.017754822400613	
2845	 0.011979978072277804	 2.9994177361009102	
2846	 0.011919063640131629	 2.9740423443235695	
2847	 0.011845582423357124	 2.9435468211615574	
2848	 0.011746024047453238	 2.902429810787847	
2849	 0.011640018995418394	 2.858905049423419	
2850	 0.011566187106354006	 2.828745911958338	
2851	 0.011502645732059318	 2.802892815563242	
2852	 0.011458245901228391	 2.7848842374634897	
2853	 0.01143073417843563	 2.7737487886243097	
2854	 0.011408593829895427	 2.764800383141589	
2855	 0.01138532349710053	 2.7554077456911226	
2856	 0.011353055605343403	 2.742404575999513	
2857	 0.011313931764711528	 2.7266716450171296	
2858	 0.011277149745337705	 2.7119134738283983	
2859	 0.011244312253314029	 2.6987650608905476	
2860	 0.011217980815075138	 2.688240201857756	
2861	 0.01119720007454268	 2.679945613449884	
2862	 0.0111817690372418	 2.6737929829532883	
2863	 0.011169425760944962	 2.668875570797116	
2864	 0.011155493265303256	 2.663329383816758	
2865	 0.011121590978384204	 2.6498529952344323	
2866	 0.011083512500518922	 2.634749165917334	
2867	 0.011031568707792339	 2.614201384856609	
2868	 0.010983936708511019	 2.595415852306646	
2869	 0.010941991609401616	 2.5789180727923866	
2870	 0.01090084500480475	 2.5627752688044416	
2871	 0.010860104768733914	 2.5468318647828956	
2872	 0.010809239810486065	 2.5269821262728365	
2873	 0.010756203492232119	 2.5063512408784536	
2874	 0.010700978926447925	 2.484941092947646	
2875	 0.01066327023828537	 2.4703639593943456	
2876	 0.010653479881012087	 2.4665848899799983	
2877	 0.010647876362153773	 2.464422977992629	
2878	 0.010645227802112796	 2.463401392279894	
2879	 0.010644203223644377	 2.46300624384704	
2880	 0.010647369333278102	 2.4642273969309305	
2881	 0.010656711691652918	 2.4678321102044753	
2882	 0.01066702709677688	 2.471814717854422	
2883	 0.010667038016204364	 2.4718189350261057	
2884	 0.010664914427236565	 2.470998841845309	
2885	 0.010667620933467976	 2.472044066590828	
2886	 0.010675672424541859	 2.47515451454197	
2887	 0.01068719763227809	 2.4796096491024504	
2888	 0.010702307648856494	 2.4854553657686176	
2889	 0.010708558900434265	 2.4878754406722083	
2890	 0.01070023284756863	 2.4846523469379447	
2891	 0.010662243510236754	 2.46996753464172	
2892	 0.010610031026690725	 2.449841608409742	
2893	 0.01055904884426363	 2.4302535231269027	
2894	 0.010511572872374681	 2.4120691771802387	
2895	 0.010471031063372568	 2.3965840424709173	
2896	 0.01044286932371091	 2.385851025663122	
2897	 0.010421049296068068	 2.37754822009214	
2898	 0.010398221733245413	 2.3688744306417826	
2899	 0.010388364708800448	 2.365132977737441	
2900	 0.010393368720975734	 2.3670320662456237	
2901	 0.010399845991457605	 2.369491180983778	
2902	 0.010405492512014704	 2.3716357322814003	
2903	 0.010412723280536725	 2.3743831147959114	
2904	 0.010423047621705926	 2.3783081274538422	
2905	 0.010437496900347067	 2.38380567407853	
2906	 0.01045917341915328	 2.3920625022993613	
2907	 0.010487126249582252	 2.4027268993337585	
2908	 0.010520023231140709	 2.4153018541018048	
2909	 0.010552074328782413	 2.4275787069786476	
2910	 0.010583150361871466	 2.439505832479536	
2911	 0.010618933028394674	 2.4532683330481593	
2912	 0.010674367398751139	 2.474650251402592	
2913	 0.01073393611078873	 2.4977095056010645	
2914	 0.010800808635195351	 2.5236979160715634	
2915	 0.010868515428050436	 2.5501200565754707	
2916	 0.010921257685475	 2.5707785871767803	
2917	 0.010956581160737396	 2.5846516386550653	
2918	 0.010969114716168822	 2.589581282464938	
2919	 0.01095462294349482	 2.5838817805218923	
2920	 0.010918522164535987	 2.5697054764160137	
2921	 0.010881358748911251	 2.555144494619596	
2922	 0.010850400879401574	 2.5430401866850247	
2923	 0.010830992285757936	 2.5354632932321244	
2924	 0.010837181911609279	 2.537878670332036	
2925	 0.010858332299128104	 2.546139124921775	
2926	 0.010868297939410304	 2.5500350068666053	
2927	 0.01087498884792214	 2.552652029961752	
2928	 0.010895508844573845	 2.560684735472022	
2929	 0.010925023255318904	 2.5722560664106764	
2930	 0.010958325260476529	 2.5853373953662286	
2931	 0.011016543115491322	 2.608269607193678	
2932	 0.011184444667817112	 2.6748593993137018	
2933	 0.011329783879178672	 2.7330419172059286	
2934	 0.01142738743949876	 2.772395404125368	
2935	 0.011509025313621945	 2.80548418878661	
2936	 0.011593160089190936	 2.839749107534859	
2937	 0.011648018806431994	 2.862180522190063	
2938	 0.011678381049161149	 2.8746258010928796	
2939	 0.011684272214661031	 2.877043051640337	
2940	 0.01166953997266116	 2.8709996745235213	
2941	 0.011641606675227185	 2.8595549956982516	
2942	 0.01161103699633342	 2.8470511172693054	
2943	 0.011577629397180567	 2.833411524095298	
2944	 0.011540568965398484	 2.81831122927632	
2945	 0.011504328020769871	 2.803576064866624	
2946	 0.011469992096713948	 2.7896439787040235	
2947	 0.011474307947172328	 2.7913936451597507	
2948	 0.011501579677330937	 2.802459879683633	
2949	 0.011533031060314445	 2.8152438564065645	
2950	 0.01156568969066803	 2.828543159687935	
2951	 0.0115992025588505	 2.8422163782764307	
2952	 0.011633836139187129	 2.8563745453897433	
2953	 0.011666755737981994	 2.869858112654793	
2954	 0.011696787034673925	 2.8821808027395046	
2955	 0.011725155712424622	 2.893840663108269	
2956	 0.011839463675018393	 2.941013145134893	
2957	 0.011966422158964724	 2.993763230938972	
2958	 0.012099873959159872	 3.049614851878573	
2959	 0.012248254537231213	 3.1121982567205104	
2960	 0.012405343184579252	 3.179007520559082	
2961	 0.01251355681956866	 3.225360031274812	
2962	 0.012527511314009773	 3.2313568603577902	
2963	 0.01254127314477993	 3.2372752569172714	
2964	 0.012544853981524055	 3.238815937476852	
2965	 0.012545285387093331	 3.239001572592242	
2966	 0.012549083459925585	 3.240636078427737	
2967	 0.012552723242001592	 3.242202773117599	
2968	 0.012556211272343036	 3.2437044325404294	
2969	 0.012559016174587153	 3.2449121948593485	
2970	 0.012561051462204126	 3.245788681556416	
2971	 0.01254811778721294	 3.2402204685851035	
2972	 0.012550942321887857	 3.241436162432353	
2973	 0.012553584875321294	 3.2425736957987588	
2974	 0.012556305733943441	 3.243745103816404	
2975	 0.012559315417307535	 3.2450410563417003	
2976	 0.012562507561332011	 3.2464158016536904	
2977	 0.01256539991439432	 3.2476616385544705	
2978	 0.01256727326862278	 3.2484686592955208	
2979	 0.012568308942468492	 3.248914850814228	
2980	 0.012503489017964085	 3.221036243875655	
2981	 0.01240730881660388	 3.17984709010715	
2982	 0.012299842586948115	 3.1340758694212294	
2983	 0.012194912447053652	 3.089641294876512	
2984	 0.012088498611567591	 3.044838003668555	
2985	 0.011963950477511167	 2.992732691835984	
2986	 0.011858206168355093	 2.9487768697203647	
2987	 0.011752302908937348	 2.905016104626568	
2988	 0.01164474170660587	 2.8608385526837945	
2989	 0.011539037592876281	 2.8176879651652658	
2990	 0.011442032349588032	 2.7783195962786	
2991	 0.011358989367608588	 2.744793890415672	
2992	 0.011245906087165039	 2.699402655294451	
2993	 0.011125319880257141	 2.6513339203551403	
2994	 0.011004264058621177	 2.6034261050350906	
2995	 0.010901454669989083	 2.5630141591509963	
2996	 0.0108276335107542	 2.5341529838625956	
2997	 0.010761957321820658	 2.5085861820486484	
2998	 0.010716634157986028	 2.491003045528228	
2999	 0.010703335630302086	 2.4858532680851764	
3000	 0.010710226273448675	 2.4885210973702407	
3001	 0.010736049566651954	 2.4985292026182524	
3002	 0.010773619237962632	 2.5131184256817143	
3003	 0.010811869281632486	 2.5280067381611055	
3004	 0.010848618610358634	 2.542344032124318	
3005	 0.010889229851007058	 2.558225704818319	
3006	 0.010925324104159868	 2.5723741237275894	
3007	 0.010952167602965454	 2.5829166118010805	
3008	 0.010966984758220694	 2.588743271625527	
3009	 0.010957312491584268	 2.584939179312177	
3010	 0.010931996204960394	 2.574992906916594	
3011	 0.010895017942442993	 2.560492450324689	
3012	 0.010852384532196903	 2.5438150914150333	
3013	 0.010807727066561254	 2.5263927387677825	
3014	 0.010763332745454516	 2.5091205513409713	
3015	 0.01072110345171404	 2.4927347104802258	
3016	 0.010688360430211166	 2.4800593132150133	
3017	 0.010653813291660687	 2.466713548136185	
3018	 0.010617800110339208	 2.452832122690179	
3019	 0.01058238977245039	 2.439213635635873	
3020	 0.010560443466000784	 2.4307885198005272	
3021	 0.010549065016613351	 2.426424961052758	
3022	 0.010541448636378879	 2.42350588290136	
3023	 0.010542236953638881	 2.423807950673159	
3024	 0.01055253041443763	 2.427753585671103	
3025	 0.010571658684952806	 2.435092549130252	
3026	 0.01059653514048522	 2.444650174793884	
3027	 0.010625021406867859	 2.455613088478904	
3028	 0.010659316788474432	 2.4688376526304627	
3029	 0.010694023014450821	 2.482249550088165	
3030	 0.010727812030133803	 2.49533490832313	
3031	 0.010760463362563406	 2.5080058117658375	
3032	 0.010789915109050134	 2.5194570722503293	
3033	 0.010799363239154104	 2.523135060026747	
3034	 0.01078155284620245	 2.516203583710568	
3035	 0.010782534965708765	 2.516585607786366	
3036	 0.010770579782980851	 2.511936867933778	
3037	 0.010742116123449042	 2.500882694627333	
3038	 0.010699100352072022	 2.4842140763630476	
3039	 0.010648228102125951	 2.464558661639014	
3040	 0.010616446757737945	 2.452311078522221	
3041	 0.01058734182865088	 2.4411163260682174	
3042	 0.010565711189113867	 2.4328097180359616	
3043	 0.01055857202366112	 2.4300706187884256	
3044	 0.010568966586130806	 2.434059133040484	
3045	 0.010592706164840234	 2.443178093218517	
3046	 0.010621811597034852	 2.4543768153162855	
3047	 0.01065192472576202	 2.4659848144131438	
3048	 0.010681423101565942	 2.477377070845774	
3049	 0.010711266039087902	 2.48892375964751	
3050	 0.010740619390519235	 2.5003019618076436	
3051	 0.010769948456745681	 2.511691474047184	
3052	 0.010801521083699408	 2.5239753712756254	
3053	 0.01083383963281128	 2.5365742989393594	
3054	 0.010865801251899782	 2.5490587495819046	
3055	 0.010897075582993866	 2.5612984616582337	
3056	 0.010926025448050127	 2.572649349350554	
3057	 0.01095301590288084	 2.5832500533310143	
3058	 0.010977994086379778	 2.593075951413997	
3059	 0.011007748017613972	 2.604799994726513	
3060	 0.011036707685630377	 2.6162313785537132	
3061	 0.011064636332562144	 2.6272747410752046	
3062	 0.011091763425723815	 2.638018964531688	
3063	 0.011113485384056545	 2.6466350181429563	
3064	 0.011133042236968399	 2.6544018895526222	
3065	 0.011150994426230333	 2.6615394914240187	
3066	 0.011167607332782516	 2.6681514370132566	
3067	 0.011181775451539831	 2.6737955392733554	
3068	 0.01119947140192156	 2.6808517098216558	
3069	 0.011223522836185731	 2.690454019338322	
3070	 0.011243960371556071	 2.698624302869014	
3071	 0.011263749017731271	 2.7065446206365515	
3072	 0.011283247270482081	 2.7143577883799885	
3073	 0.011302729865799424	 2.7221736774998972	
3074	 0.011322211097532177	 2.7299980053442923	
3075	 0.011340194458187134	 2.7372287082546958	
3076	 0.01136201999967807	 2.7460145389403445	
3077	 0.011381644686593159	 2.753924032740708	
3078	 0.011398690722369154	 2.7608016150801027	
3079	 0.011413364259654774	 2.7667274573682508	
3080	 0.011433080073116393	 2.77469760018637	
3081	 0.011474266262770946	 2.79137674400505	
3082	 0.011470147991180835	 2.7897071714286374	
3083	 0.011481981200775747	 2.794505502484842	
3084	 0.011493533049753691	 2.7991929238460105	
3085	 0.011502956454182938	 2.803019008074409	
3086	 0.011510910351997132	 2.806250070914643	
3087	 0.011517208472992533	 2.808809573910429	
3088	 0.011510934380433177	 2.806259834093692	
3089	 0.011493096575256174	 2.799015757426481	
3090	 0.011466048609361084	 2.7880456537199056	
3091	 0.011440472686399713	 2.777688437148787	
3092	 0.011422606839080307	 2.7704626400529397	
3093	 0.011417770588954672	 2.768507925828987	
3094	 0.011428032167142162	 2.7726561043627336	
3095	 0.011442825395944165	 2.7786405455453975	
3096	 0.011458575726391834	 2.7850178433865245	
3097	 0.01147462632235199	 2.7915227333622767	
3098	 0.011488436343226684	 2.797124433697322	
3099	 0.011500059242313298	 2.8018424615410433	
3100	 0.01150842902604153	 2.805241937387922	
3101	 0.0115196534541723	 2.809803445025878	
3102	 0.011533004411839895	 2.815233014807901	
3103	 0.011547091345184102	 2.8209664361715654	
3104	 0.01155884776527568	 2.825754903305876	
3105	 0.011553256438163852	 2.823477113944543	
3106	 0.01152268434229439	 2.811035679251543	
3107	 0.011519582206703861	 2.8097744813407077	
3108	 0.011509432086582743	 2.8056494516308454	
3109	 0.01148352957945463	 2.7951336094233312	
3110	 0.011454842380078658	 2.7835056852875772	
3111	 0.011426254004939572	 2.771937115520208	
3112	 0.011391448714813844	 2.7578788361854523	
3113	 0.011352222409211856	 2.7420691442788403	
3114	 0.011306604307786733	 2.7237290700452	
3115	 0.01127321669026081	 2.7103372976273485	
3116	 0.011273814532855085	 2.7105768600890294	
3117	 0.011285392134050987	 2.7152178091240122	
3118	 0.011312154605022023	 2.7259578528959674	
3119	 0.011326278658059841	 2.7316328099704257	
3120	 0.011337811127493595	 2.7362699851060883	
3121	 0.011349728051424656	 2.7410650529924188	
3122	 0.011363813287017422	 2.7467369240117088	
3123	 0.011377444365667441	 2.7522303786087767	
3124	 0.011394089295991219	 2.758944396532281	
3125	 0.011406450026260066	 2.7639345420146983	
3126	 0.0114164466742356	 2.7679729225640792	
3127	 0.011426260390159426	 2.771939697210759	
3128	 0.011433708551102447	 2.774951814026284	
3129	 0.011420897026508782	 2.7697715054226157	
3130	 0.011383845470139937	 2.754811599447469	
3131	 0.011377336819458118	 2.752187019279818	
3132	 0.011363446276407684	 2.746589075938283	
3133	 0.011327823260052418	 2.732253707825912	
3134	 0.01127924995000427	 2.7127552833025494	
3135	 0.011231568665256667	 2.6936693059229073	
3136	 0.011177548525224854	 2.672111174597632	
3137	 0.011119508006133856	 2.649025891499635	
3138	 0.011059499846744602	 2.6252423092960826	
3139	 0.011021533116454046	 2.6102389534648354	
3140	 0.011003627107696484	 2.603174956531586	
3141	 0.010978290561593313	 2.59319266819319	
3142	 0.010958418677380267	 2.5853741276976043	
3143	 0.01095897043617374	 2.5855910882665842	
3144	 0.0109706481457252	 2.5901846622904032	
3145	 0.010967212012656432	 2.588832677460095	
3146	 0.010977316832188996	 2.5928093369142466	
3147	 0.010988576132235741	 2.5972432070242117	
3148	 0.011014742292219958	 2.6075590429966202	
3149	 0.011018381196836208	 2.608994952444315	
3150	 0.010896500824963518	 2.5610733093585005	
3151	 0.010770754982293644	 2.512004968879153	
3152	 0.010651803285424399	 2.465937957640295	
3153	 0.010534493833329444	 2.4208415907859235	
3154	 0.010423352179867671	 2.3784239509366594	
3155	 0.010379038436340323	 2.361595161855318	
3156	 0.010354386448033614	 2.3522539125154287	
3157	 0.010298314267519159	 2.3310619636798413	
3158	 0.010230288365167874	 2.3054553158070017	
3159	 0.010153668657943317	 2.2767493876650335	
3160	 0.010070441508917415	 2.245731180209518	
3161	 0.009991323396920628	 2.216402393854006	
3162	 0.00991412965020263	 2.187935794291305	
3163	 0.009847601412518175	 2.1635205262849486	
3164	 0.00981606474749702	 2.1519851688943197	
3165	 0.009812506132008639	 2.150685061623862	
3166	 0.00981986915419639	 2.153375421274649	
3167	 0.009832640122796853	 2.158044969225294	
3168	 0.00984974848950672	 2.1643067723522362	
3169	 0.009873102007875586	 2.172866062613779	
3170	 0.009902622949132729	 2.1837051015419386	
3171	 0.00993743018966928	 2.196512780556633	
3172	 0.009990120030307829	 2.2159575015783273	
3173	 0.010041745041171035	 2.2350756858185434	
3174	 0.01009397185503623	 2.2544835237759036	
3175	 0.010129913104625998	 2.2678784969506114	
3176	 0.010163050673489351	 2.2802566711316508	
3177	 0.010160863472665692	 2.2794388357458657	
3178	 0.010121023987352379	 2.2645626506999674	
3179	 0.010096921995475863	 2.2555818180598286	
3180	 0.01006960768569055	 2.2454212813277903	
3181	 0.010038003418647893	 2.2336878508738893	
3182	 0.009999695984403617	 2.2194987814607976	
3183	 0.009952089745301885	 2.2019158763448976	
3184	 0.009904895700250478	 2.184540469086079	
3185	 0.00986717710474395	 2.170693249128559	
3186	 0.009840630506505214	 2.160968612259743	
3187	 0.009830854089948429	 2.157391684895588	
3188	 0.009861707230718749	 2.168688078458963	
3189	 0.009914434723526173	 2.1880480058039753	
3190	 0.00996829721488164	 2.207895668016272	
3191	 0.010012827945395337	 2.224358783920243	
3192	 0.010054410049056162	 2.239775923029536	
3193	 0.01009374733546771	 2.254399947174887	
3194	 0.01012811114279649	 2.2672061667075947	
3195	 0.010159240797259092	 2.278832162823999	
3196	 0.010193438824967899	 2.2916315078940306	
3197	 0.010226896331418092	 2.3041814322138054	
3198	 0.010263322371381228	 2.3178760097932782	
3199	 0.010304401588665633	 2.333358895992428	
3200	 0.010342826345740916	 2.3478786049809965	
3201	 0.010372872272293932	 2.3592572607529165	
3202	 0.01038331769017538	 2.363218185353855	
3203	 0.010428353514326	 2.3803262813785206	
3204	 0.01045928952948745	 2.3921067607687987	
3205	 0.010486654168808012	 2.4025466363891645	
3206	 0.010513342450761968	 2.4127459843924997	
3207	 0.010540927661388312	 2.4233062637284712	
3208	 0.010554778677717336	 2.4286157196251694	
3209	 0.01056547212252589	 2.432717974861352	
3210	 0.010571443396995166	 2.4350099000779624	
3211	 0.010568522083976099	 2.4338885188571977	
3212	 0.010568025175329898	 2.433697795044785	
3213	 0.010562334269081779	 2.431513933895509	
3214	 0.010554544594874555	 2.428525950954768	
3215	 0.010544517279584286	 2.4246818118027966	
3216	 0.010535650702069934	 2.421284690461301	
3217	 0.010532684371717968	 2.4201486024011354	
3218	 0.010540042988326621	 2.4229673033977552	
3219	 0.010557631986537768	 2.4297100446508733	
3220	 0.010573919172245445	 2.4359604180005006	
3221	 0.010593007189041095	 2.4432938116333633	
3222	 0.010614124574989128	 2.4514171354746987	
3223	 0.010637634978238475	 2.4604736757616106	
3224	 0.01065152865345391	 2.465831994427303	
3225	 0.010629505574448849	 2.4573406033678618	
3226	 0.010538388319842414	 2.422333372107378	
3227	 0.010441642709922254	 2.3853839759964792	
3228	 0.010362675081394703	 2.3553930285310756	
3229	 0.01027085223467042	 2.3207109523193035	
3230	 0.01015041751772568	 2.275534516191297	
3231	 0.010005477260639217	 2.2216378478636885	
3232	 0.009844709478494125	 2.162461698883249	
3233	 0.009700520185415298	 2.1099327966374672	
3234	 0.009579156172598613	 2.066120624473804	
3235	 0.009488736389475397	 2.0337187178622034	
3236	 0.009454427103849845	 2.021477659641207	
3237	 0.00946065248105346	 2.0236965888842207	
3238	 0.009492436538021565	 2.0350406429922834	
3239	 0.00952249337650706	 2.0457915576050794	
3240	 0.00954717060922488	 2.054635192257114	
3241	 0.00957055862156506	 2.0630308842381124	
3242	 0.009595144615293452	 2.0718713792205423	
3243	 0.009623119069152326	 2.081948659789496	
3244	 0.009655186223807802	 2.09352430711423	
3245	 0.009690232759771173	 2.1062048001949507	
3246	 0.009727724371583115	 2.1198038556944785	
3247	 0.009767889952722356	 2.134411637470026	
3248	 0.00980839969937571	 2.149185205019065	
3249	 0.009835316126508013	 2.1590239298014007	
3250	 0.009828878637412337	 2.156669207925464	
3251	 0.009831553256514872	 2.157647412404289	
3252	 0.00980270951210743	 2.147107580798748	
3253	 0.009774699505489755	 2.1368921742024334	
3254	 0.009769912568679899	 2.1351483016880484	
3255	 0.009805038738725617	 2.147957940286481	
3256	 0.009714643024633722	 2.1150549790351842	
3257	 0.009606178417522862	 2.0758437669212038	
3258	 0.009485547788551542	 2.032579825264847	
3259	 0.009371714160832973	 1.9920885536914332	
3260	 0.009292721399391052	 1.9641822327604737	
3261	 0.009257199295057264	 1.9516844683463637	
3262	 0.009253010178390468	 1.950212712805093	
3263	 0.00927285764036024	 1.95718962091635	
3264	 0.009315043516395994	 1.9720521560652606	
3265	 0.009377051830677536	 1.9939799062925367	
3266	 0.009452671481712926	 2.020852074185648	
3267	 0.009538727608894737	 2.0516077383395586	
3268	 0.009666812981161576	 2.0977276902639193	
3269	 0.00987456006983658	 2.1734009045351264	
3270	 0.010115848699012843	 2.2626330424269474	
3271	 0.010445636854477018	 2.3869049345056865	
3272	 0.011092582876569924	 2.638343797176221	
3273	 0.011590386433250346	 2.838616850992137	
3274	 0.011715309286175521	 2.889791532547424	
3275	 0.01171841566913389	 2.8910687207041414	
3276	 0.01168575585933855	 2.8776519456873118	
3277	 0.011633332974020217	 2.856168650641945	
3278	 0.011560671168368597	 2.826497878336021	
3279	 0.01147086234924268	 2.7899967479276704	
3280	 0.011369125323969827	 2.748877203430052	
3281	 0.011254957064963402	 2.703024534414691	
3282	 0.011138300562758685	 2.656491750674939	
3283	 0.01103457921185194	 2.6153905145835097	
3284	 0.01095047693180161	 2.5822521104764085	
3285	 0.010879310561985841	 2.554342957896672	
3286	 0.01081728290684889	 2.530116759523291	
3287	 0.010770653901631467	 2.5119656781745623	
3288	 0.01074263992261249	 2.501085941600885	
3289	 0.010728751469081785	 2.495699114808392	
3290	 0.010724700306281497	 2.4941286911945113	
3291	 0.010727701900842088	 2.495292214229669	
3292	 0.01073986103212678	 2.5000077391188613	
3293	 0.010752796310400823	 2.5050281760527318	
3294	 0.010763828900524932	 2.5093133249675676	
3295	 0.010774919936765352	 2.513624127247919	
3296	 0.010775249396519158	 2.513752225094815	
3297	 0.010750583726108782	 2.5041691427895074	
3298	 0.010691166371074689	 2.481144529348919	
3299	 0.010644073933066265	 2.462956382245513	
3300	 0.01059446760104607	 2.443855247985688	
3301	 0.010535877494650842	 2.421371559537198	
3302	 0.010474984724183824	 2.398092406015968	
3303	 0.010412472080482918	 2.3742876481964075	
3304	 0.01036779629532888	 2.357333399216843	
3305	 0.010315654434414004	 2.3376073206812387	
3306	 0.010286833090693255	 2.326732227944964	
3307	 0.010274152144177923	 2.3219537826916317	
3308	 0.01027016507173646	 2.3204521826563784	
3309	 0.010229938813801541	 2.3053240282276737	
3310	 0.01013951908034545	 2.2714639293501557	
3311	 0.010107812881517053	 2.2596381888708437	
3312	 0.010103646276373812	 2.258085969401969	
3313	 0.010082915746409285	 2.250369399454601	
3314	 0.010057362084132316	 2.2408720496929737	
3315	 0.010015368436993603	 2.225299484314327	
3316	 0.009967441799868285	 2.2075798980914287	
3317	 0.009886303877694238	 2.177710652625716	
3318	 0.009776353618587424	 2.1374948970297045	
3319	 0.00965261510230541	 2.0925952334488387	
3320	 0.009530321926419876	 2.048595439800892	
3321	 0.009340142457184784	 1.9809161086171247	
3322	 0.009133082125201203	 1.9082672111679029	
3323	 0.009001598079726803	 1.8627001364341556	
3324	 0.008892764565213646	 1.825316757668362	
3325	 0.008775664181512226	 1.7854330766988584	
3326	 0.008639583362564925	 1.7395286357562025	
3327	 0.008490563267531228	 1.6898095262613448	
3328	 0.008369808216721265	 1.6499448499731044	
3329	 0.008249340513780715	 1.6105552742428209	
3330	 0.008140433363433341	 1.5752740758797321	
3331	 0.008043429302494349	 1.5441127115998268	
3332	 0.007975339134073028	 1.5223885744543066	
3333	 0.007942409259848876	 1.5119265251426475	
3334	 0.0079287861256664	 1.5076068032878007	
3335	 0.007938707862945931	 1.51075237034236	
3336	 0.00797148112590878	 1.5211613663629469	
3337	 0.008010224189857213	 1.533503254819397	
3338	 0.008038527109145842	 1.5425445576685888	
3339	 0.008059587201812431	 1.549285944640064	
3340	 0.008084008450443323	 1.5571179626660558	
3341	 0.008109814495409843	 1.565411249171714	
3342	 0.00813799215309214	 1.5744868141605528	
3343	 0.008169065762038458	 1.584519434608979	
3344	 0.008199326243537742	 1.5943140065376122	
3345	 0.008203896915647688	 1.5957955186182893	
3346	 0.00818483073766033	 1.5896191560471145	
3347	 0.008180050388534442	 1.588072095941846	
3348	 0.00817817318118578	 1.5874647417859173	
3349	 0.008172461441831987	 1.5856173296571185	
3350	 0.008160999571496167	 1.5819126843606517	
3351	 0.008148375440043739	 1.5778363914821236	
3352	 0.008138563074178604	 1.574670915416009	
3353	 0.008132413529288653	 1.57268836431609	
3354	 0.008132022935325627	 1.5725624745163724	
3355	 0.008136090323727517	 1.5738736055760094	
3356	 0.008165704412036442	 1.5834329387134383	
3357	 0.008246318606952123	 1.6095720938984268	
3358	 0.008328976171523055	 1.6365512719729927	
3359	 0.008412240849725193	 1.6639096762849706	
3360	 0.008492517555341358	 1.6904578200237164	
3361	 0.008551765574912166	 1.7101592828176897	
3362	 0.00862569082405958	 1.7348691686047255	
3363	 0.00872184803324775	 1.7672219982559692	
3364	 0.008773984788671607	 1.7848636511848641	
3365	 0.008869681230941456	 1.8174268359714942	
3366	 0.009042211992051748	 1.8767282491249455	
3367	 0.009188048608301762	 1.9274467572260108	
3368	 0.009344155984234461	 1.9823350018794337	
3369	 0.00949761139808011	 2.0368900038091478	
3370	 0.009622822023364877	 2.081841551807952	
3371	 0.009757805554979909	 2.130740280278606	
3372	 0.00986292781803457	 2.1691354625184807	
3373	 0.009898633964498083	 2.1822392278937004	
3374	 0.009893586740851099	 2.18038503647263	
3375	 0.009871418317810287	 2.17224852197411	
3376	 0.009843175833828407	 2.1619002677854144	
3377	 0.009823701055777054	 2.154776084190029	
3378	 0.00981982309332927	 2.1533585870068834	
3379	 0.009782079249396662	 2.1395817172909912	
3380	 0.00977033191914977	 2.135301047554133	
3381	 0.009753489629879354	 2.1291697837991417	
3382	 0.009729022926153741	 2.120275497941569	
3383	 0.009701011243661314	 2.1101108141323235	
3384	 0.009673431745694565	 2.1001220564747722	
3385	 0.009648097678657947	 2.0909632638865943	
3386	 0.009627088300723114	 2.083380086269513	
3387	 0.009611432749518038	 2.077736500322199	
3388	 0.009604276355844581	 2.0751587698801854	
3389	 0.009600466726431684	 2.0737870648411243	
3390	 0.009597513055127498	 2.0727238079997656	
3391	 0.009594896191826434	 2.0717819768804526	
3392	 0.009586791616728398	 2.06886615854433	
3393	 0.009556498762392281	 2.057982116348586	
3394	 0.009499688747741574	 2.037632583719002	
3395	 0.00946765216087191	 2.0261926678460633	
3396	 0.009411309617223626	 2.006135910797742	
3397	 0.00935125345167382	 1.9848451483438203	
3398	 0.009304802102655227	 1.9684398631474707	
3399	 0.009266398099783139	 1.9549178275443522	
3400	 0.009234345274357283	 1.943660601371223	
3401	 0.009205358150040196	 1.9335024803248395	
3402	 0.00918289303226806	 1.9256445538078468	
3403	 0.009176597271938002	 1.923444697736449	
3404	 0.009236677703862661	 1.9444788930997436	
3405	 0.009291845262232779	 1.9638735971301267	
3406	 0.009295965195822329	 1.965325089333725	
3407	 0.009293151376884959	 1.9643337074368346	
3408	 0.009285043812507974	 1.9614783197250962	
3409	 0.009277810542272372	 1.958932250570362	
3410	 0.009277450956233807	 1.9588057128877558	
3411	 0.009282571055407194	 1.9606077747639654	
3412	 0.009284074100252742	 1.9611369098573423	
3413	 0.009288138577205791	 1.9625680629691586	
3414	 0.009299873494389363	 1.9667024169285359	
3415	 0.009322233179188543	 1.9745896352620842	
3416	 0.009347783871750346	 1.983617910524297	
3417	 0.009365953748051922	 1.990048211714141	
3418	 0.009346963165564088	 1.983327659938575	
3419	 0.009338191805587212	 1.9802266458699291	
3420	 0.009275596241650802	 1.9581530940753498	
3421	 0.009162314639793034	 1.9184578096746987	
3422	 0.00903053715342581	 1.872691429333479	
3423	 0.0088825884457844	 1.821836858324769	
3424	 0.008732400936872602	 1.7707871532291803	
3425	 0.008587395343076856	 1.7220510108184042	
3426	 0.008462270159464455	 1.6804350327544724	
3427	 0.008372695315575341	 1.6508935179827704	
3428	 0.008323759479242477	 1.6348432585510972	
3429	 0.008292345323212854	 1.6245729421487443	
3430	 0.008259472967440326	 1.613853630254133	
3431	 0.00823097010886347	 1.604582153319702	
3432	 0.008209495207369664	 1.5976108674474185	
3433	 0.00819497310320568	 1.592903515786086	
3434	 0.008179543536001853	 1.5879080990427592	
3435	 0.008169501218353869	 1.5846602098364846	
3436	 0.008173567411029295	 1.5859749785414796	
3437	 0.008187589335900804	 1.590512192889627	
3438	 0.00821063744526358	 1.5979813604475823	
3439	 0.00824132919487807	 1.6079493094297082	
3440	 0.008267344125723481	 1.6164177430448539	
3441	 0.008269004393220541	 1.6169588006170037	
3442	 0.008247616197153826	 1.6099942367202822	
3443	 0.00826679829760213	 1.6162398812411063	
3444	 0.008276733642208512	 1.6194786063482376	
3445	 0.008275751741485964	 1.619158410725366	
3446	 0.008270148918614348	 1.6173318273447885	
3447	 0.008265525531574683	 1.6158251721912713	
3448	 0.008279503666653643	 1.6203820415991885	
3449	 0.008312358693431632	 1.6311129755664349	
3450	 0.008385507755040683	 1.65510617193386	
3451	 0.008458280703668542	 1.6791148653950956	
3452	 0.008530091445087692	 1.7029414962574987	
3453	 0.008599666505468655	 1.7261542401531282	
3454	 0.008609134583362927	 1.7293228436440193	
3455	 0.008606781722629617	 1.7285352141223196	
3456	 0.008610728709727785	 1.729856565367475	
3457	 0.008617637223732596	 1.732170332783011	
3458	 0.008624085666857266	 1.734331131505873	
3459	 0.008637785433526621	 1.7389253404429434	
3460	 0.008663337819067059	 1.7475073030716324	
3461	 0.008688579100564146	 1.7560013634105431	
3462	 0.008718611257549481	 1.7661290736126871	
3463	 0.008755808558233444	 1.7787053536258368	
3464	 0.008794032566534639	 1.7916659189613788	
3465	 0.008807402751580307	 1.7962082118464013	
3466	 0.008797045423299784	 1.792689084230971	
3467	 0.008831019838402775	 1.8042429512480964	
3468	 0.008854535873100013	 1.812257557794452	
3469	 0.008869697989090231	 1.817432558974703	
3470	 0.008931073107276545	 1.8384408324908812	
3471	 0.008992340564610424	 1.8595084693483164	
3472	 0.009053638582777596	 1.880682598182193	
3473	 0.009115018919273894	 1.9019811451489819	
3474	 0.00917447815807064	 1.9227044660993708	
3475	 0.009229992381597246	 1.9421338342752834	
3476	 0.00922245477213291	 1.9394911702937714	
3477	 0.009258001179809485	 1.9519662438515653	
3478	 0.009247258003259854	 1.9481925341239323	
3479	 0.009154457293996872	 1.915716566954303	
3480	 0.00903047769875285	 1.872670880535135	
3481	 0.008930740539244439	 1.8383267366344989	
3482	 0.008850615813756384	 1.8109205577822332	
3483	 0.008782600951099886	 1.7877858712420873	
3484	 0.008736451195384914	 1.7721562411039653	
3485	 0.0087017154016793	 1.760428436710861	
3486	 0.00867045722613516	 1.7499014194807745	
3487	 0.00864825720727523	 1.7424403213223645	
3488	 0.008611258178544218	 1.7300338488301257	
3489	 0.00851515334545684	 1.6979740119532525	
3490	 0.008278270399314688	 1.6199797902272621	
3491	 0.008068906173421939	 1.5522727220127963	
3492	 0.007868156394386087	 1.488441908729644	
3493	 0.007713706670637366	 1.4400650705557723	
3494	 0.007588794184599802	 1.4014089093084583	
3495	 0.007463088498636465	 1.3629331954716888	
3496	 0.007315203640847953	 1.3182191533653456	
3497	 0.007183195820463096	 1.278811185812649	
3498	 0.007064276521529971	 1.2437212879724513	
3499	 0.006956893880571288	 1.212371954034359	
3500	 0.006865850645760292	 1.1860440973235724	
3501	 0.006798815151762518	 1.166806856913006	
3502	 0.006739816794797759	 1.1499803047753838	
3503	 0.006692445239498996	 1.136540615860043	
3504	 0.006662571660004473	 1.1280977644343666	
3505	 0.0066503472008174955	 1.1246501594447893	
3506	 0.006652509090930927	 1.1252595595859927	
3507	 0.006666790205421488	 1.1292884798297067	
3508	 0.0066952888566098444	 1.1373455892161994	
3509	 0.006732958272852182	 1.1480305758397658	
3510	 0.0067771123504034025	 1.1606057707827024	
3511	 0.0068249852335818045	 1.1743019357398043	
3512	 0.0068647742337374276	 1.1857342048152686	
3513	 0.006872123510828672	 1.1878506615592543	
3514	 0.006857771183723019	 1.1837188600845636	
3515	 0.0068723313508854585	 1.1879105376265424	
3516	 0.006879322607669568	 1.1899253326787915	
3517	 0.0068826610738310446	 1.190887919709201	
3518	 0.006884616179205046	 1.1914517839378873	
3519	 0.0068813223545328445	 1.1905018865416852	
3520	 0.006876391538407966	 1.1890804679540008	
3521	 0.006872003477434592	 1.1878160820205823	
3522	 0.006868149571165795	 1.1867060524985167	
3523	 0.006871457462614531	 1.1876587897042474	
3524	 0.006885234608502246	 1.191630164918645	
3525	 0.006927307037890104	 1.2037906857800078	
3526	 0.006989655569602377	 1.2219024692305993	
3527	 0.0070852961408970115	 1.249895184740654	
3528	 0.007179334946727963	 1.2776658172777866	
3529	 0.007247364471724815	 1.2979075369317379	
3530	 0.007308037595500566	 1.3160676221714953	
3531	 0.007369175423411417	 1.3344687507581259	
3532	 0.007440895051962862	 1.3561848294633243	
3533	 0.007533728550200693	 1.3845018166184546	
3534	 0.007588348503362859	 1.401271740079307	
3535	 0.007626630723155856	 1.4130735945636956	
3536	 0.007654082526197055	 1.421560947110258	
3537	 0.0076578141606064905	 1.4227162364093269	
3538	 0.007644755291356226	 1.4186749390798206	
3539	 0.007676909031768688	 1.4286337555394448	
3540	 0.0077158681898674124	 1.4407376868939927	
3541	 0.00776019057709467	 1.4545575029017013	
3542	 0.007805711917754994	 1.4688060345971252	
3543	 0.007841162273153499	 1.4799407188729057	
3544	 0.007878806042281727	 1.491801131240478	
3545	 0.007903866658148722	 1.4997179566659053	
3546	 0.007917879564099683	 1.5041520361432243	
3547	 0.00792474278072267	 1.5063256618044456	
3548	 0.007927791767572395	 1.5072916986520248	
3549	 0.007944075717446042	 1.5124552768882418	
3550	 0.007964222759626756	 1.518853598894537	
3551	 0.007986398301938386	 1.5259086194908034	
3552	 0.008017058102622843	 1.5356843855056834	
3553	 0.008069880819483536	 1.5525852338900654	
3554	 0.008172678176901225	 1.585687415012702	
3555	 0.008291414795377441	 1.624269117006794	
3556	 0.008355749508661591	 1.6453284353359774	
3557	 0.008429707684332481	 1.669671784590152	
3558	 0.008514442856904818	 1.6977378922000583	
3559	 0.008598259117585983	 1.7256834397195173	
3560	 0.00867345377747241	 1.7509094927110704	
3561	 0.008730123272513442	 1.7700174320986857	
3562	 0.008774517166087877	 1.785044154559436	
3563	 0.008877004069133148	 1.8199283134838036	
3564	 0.008973003161400062	 1.8528486749159818	
3565	 0.009058616900159449	 1.8824064632619268	
3566	 0.009143289818059196	 1.9118231961376682	
3567	 0.009221511266991018	 1.9391604814961783	
3568	 0.009284518350650571	 1.9612933156441708	
3569	 0.00934334325916923	 1.9820476481871514	
3570	 0.009400935226216106	 2.0024515510833827	
3571	 0.009457176646396458	 2.0224575670011684	
3572	 0.009512760631129354	 2.0423078089744537	
3573	 0.009564772001632397	 2.060952362328977	
3574	 0.009570611840637294	 2.0630500041239865	
3575	 0.009564882186461973	 2.060991932283662	
3576	 0.00954993667929001	 2.0556274257993046	
3577	 0.009521256610827495	 2.0453487367410994	
3578	 0.009487519719317642	 2.033284122040071	
3579	 0.009454232741547938	 2.0214083981981323	
3580	 0.009419599435815355	 2.0090819027095783	
3581	 0.009384167931099219	 1.9965025453494556	
3582	 0.009332860385572411	 1.97834273177891	
3583	 0.009268164338765811	 1.9555389015604172	
3584	 0.009183028465207074	 1.9256918876532565	
3585	 0.009067649734787846	 1.8855359177062672	
3586	 0.008924716570456896	 1.8362605524694724	
3587	 0.008816668386564098	 1.7993587519352245	
3588	 0.008690024926082241	 1.756488403615134	
3589	 0.00854837335448975	 1.7090288203217459	
3590	 0.00838855044548449	 1.6561072213949182	
3591	 0.008224059172449854	 1.6023373670203156	
3592	 0.008056131462673337	 1.5481789477393206	
3593	 0.007894794805620654	 1.4968501589955872	
3594	 0.007746514998738288	 1.4502877993809953	
3595	 0.007616322158804951	 1.4098917185487234	
3596	 0.007518200245041368	 1.3797489260773899	
3597	 0.007463728252340417	 1.3631279241631977	
3598	 0.007424934906433962	 1.3513401103247733	
3599	 0.007396532807277603	 1.3427357843043033	
3600	 0.00737956615898819	 1.3376062858969264	
3601	 0.0073728327628535964	 1.3355727667640342	
3602	 0.00737499433789656	 1.336225438307548	
3603	 0.0073882796900240225	 1.3402396522339246	
3604	 0.007413435069185544	 1.3478536225195734	
3605	 0.007449002473534283	 1.3586485014939313	
3606	 0.007489352511606909	 1.3709366000039374	
3607	 0.00753814427816535	 1.3858545725872429	
3608	 0.0075943500532842	 1.4031193136278606	
3609	 0.007623573381606162	 1.4121296060038966	
3610	 0.007620612953544915	 1.411215781050144	
3611	 0.007692421074294811	 1.433448182456454	
3612	 0.007772163527106496	 1.4582997433123064	
3613	 0.007851302904370434	 1.4831319978204256	
3614	 0.007927969630853064	 1.5073480602592293	
3615	 0.00796244445349985	 1.5182884075997258	
3616	 0.008041405082971303	 1.5434651103565589	
3617	 0.008120999895656476	 1.5690113726626995	
3618	 0.008211846056434395	 1.5983734195089854	
3619	 0.00821601899113541	 1.5997273655019864	
3620	 0.008146924725864466	 1.5773682299043832	
3621	 0.0080578376534983	 1.5487254621555553	
3622	 0.0080348063608973	 1.541354759605392	
3623	 0.008073708231310803	 1.5538127039995349	
3624	 0.008155099768865331	 1.580007132772098	
3625	 0.00821429740090515	 1.5991687245838737	
3626	 0.008260262422199398	 1.6141107299960236	
3627	 0.00831167996610228	 1.6308910067161466	
3628	 0.008367020649504028	 1.6490290939141328	
3629	 0.00842376327208852	 1.6677098968264445	
3630	 0.008486035180741883	 1.6883078112298677	
3631	 0.008548956110374827	 1.7092230033148288	
3632	 0.008602073332694731	 1.7269594928125502	
3633	 0.008623315377998764	 1.7340729599492497	
3634	 0.008612186762194853	 1.7303447865307742	
3635	 0.008631506787767914	 1.736819196706474	
3636	 0.00861581652281226	 1.7315604320397295	
3637	 0.008555805245110014	 1.7115058989397223	
3638	 0.008479012270354804	 1.6859797583235365	
3639	 0.008393155139831266	 1.657622632762358	
3640	 0.008293444808122557	 1.6249319624877476	
3641	 0.008190611227498139	 1.591490695540151	
3642	 0.008086196021763114	 1.5578202986137457	
3643	 0.007987774790650447	 1.5263469724210563	
3644	 0.00792290094707891	 1.505742217770244	
3645	 0.007907158001665988	 1.5007589602491722	
3646	 0.007905560074185105	 1.500253523184133	
3647	 0.007898353934904652	 1.4979750106444525	
3648	 0.007884549880277952	 1.4936141695061453	
3649	 0.007865753060709229	 1.487684243241914	
3650	 0.007845345250339905	 1.4812567778100283	
3651	 0.007825454136091597	 1.4750027637150487	
3652	 0.007802975624151211	 1.4679479845453463	
3653	 0.007787638939618341	 1.4631424028873052	
3654	 0.007776337138029874	 1.4596051424036938	
3655	 0.0077647409407954745	 1.455979302018547	
3656	 0.00774469112944784	 1.4497187418153277	
3657	 0.0076886690701397685	 1.4322830899997014	
3658	 0.007593730873577507	 1.4029286544782602	
3659	 0.007527902060563764	 1.382717683288076	
3660	 0.007430807831988588	 1.3531220366436747	
3661	 0.007299899759028714	 1.3136260257043928	
3662	 0.00715526744017939	 1.2705351995187837	
3663	 0.006997635037765503	 1.2242282494664147	
3664	 0.006831237219170709	 1.1760953365259212	
3665	 0.006656993542141031	 1.1265240712945872	
3666	 0.006493215318502588	 1.0807118766160944	
3667	 0.006350631162081232	 1.0414499420798904	
3668	 0.006270372406851949	 1.0196062171914408	
3669	 0.006239889142802631	 1.0113582934926069	
3670	 0.006204689721631778	 1.001867674649335	
3671	 0.006173862017697841	 0.9935852027140756	
3672	 0.006170977839192336	 0.9928117185181526	
3673	 0.0061854130489168305	 0.9966853934300164	
3674	 0.006208215524474537	 1.0028167032880106	
3675	 0.00623950180594093	 1.0112536633640776	
3676	 0.0063069359265930285	 1.0295346035144173	
3677	 0.006410039628573529	 1.0577380010245263	
3678	 0.006511019423673001	 1.08565516169587	
3679	 0.006576375570893046	 1.1038784683709728	
3680	 0.006636428411993346	 1.1207298516651767	
3681	 0.0066696574169616205	 1.1300980581073687	
3682	 0.0066590677510509864	 1.1271091424505881	
3683	 0.006694345585242909	 1.1370785419513663	
3684	 0.006723651102534676	 1.1453868662078277	
3685	 0.0067452643706372275	 1.1515298752333616	
3686	 0.006766598379867182	 1.157606395132724	
3687	 0.006856890285482351	 1.1834654514125234	
3688	 0.0068626552714520705	 1.1851242630432761	
3689	 0.00684737406928507	 1.18072929798409	
3690	 0.006816433114462593	 1.1718505080380446	
3691	 0.006781382308510805	 1.161824770480577	
3692	 0.006764021777836779	 1.1568718280185981	
3693	 0.00675465039144718	 1.154201699305689	
3694	 0.006727312729289007	 1.146426663488365	
3695	 0.006689577633683854	 1.13572908264549	
3696	 0.006647115067494543	 1.1237393222031222	
3697	 0.0066129699493155236	 1.114135036846954	
3698	 0.006582378981478541	 1.105558484959263	
3699	 0.006558764348329521	 1.098955977175293	
3700	 0.006595502583632429	 1.1092346001319462	
3701	 0.006639199550581336	 1.1215099223604397	
3702	 0.006711370546907371	 1.1419022957304876	
3703	 0.006768507941082722	 1.1581509149647014	
3704	 0.006830177093544339	 1.1757911592425512	
3705	 0.00686988258711922	 1.1872051567262796	
3706	 0.006860402416984899	 1.1844759181931155	
3707	 0.006852508200343687	 1.18220517614916	
3708	 0.0068444705898257074	 1.1798949784693287	
3709	 0.00687616200259876	 1.1890143156440796	
3710	 0.006968591325234205	 1.2157713640370336	
3711	 0.007056619894715488	 1.2414754177552128	
3712	 0.007036644446118434	 1.235623791543137	
3713	 0.0069942239534797924	 1.223233802260161	
3714	 0.0069341045986898	 1.2057600697860227	
3715	 0.006845092488240996	 1.1800736621311756	
3716	 0.00675106737267882	 1.1531814651372707	
3717	 0.006684356979273696	 1.134252231438125	
3718	 0.006644403307565398	 1.1229753574803585	
3719	 0.0066321957542618964	 1.11953878497095	
3720	 0.006662519892808551	 1.1280831558843647	
3721	 0.006728136406269598	 1.1466606161895514	
3722	 0.0068056712263649954	 1.1687685721548706	
3723	 0.006884117998560727	 1.1913080954869684	
3724	 0.006938319510604675	 1.2069818574683406	
3725	 0.0069981070928095595	 1.2243658950452387	
3726	 0.007064835414282742	 1.2438852880516391	
3727	 0.007138502027071359	 1.2655774518182923	
3728	 0.007210537169961743	 1.2869340249424326	
3729	 0.007266750027557297	 1.3036988573619315	
3730	 0.007312609178343259	 1.3174400304159657	
3731	 0.007378297153511678	 1.3372229452944322	
3732	 0.007440383540825801	 1.3560294521546785	
3733	 0.007494810491622932	 1.372602156111799	
3734	 0.007538325251068097	 1.385910024814073	
3735	 0.00757226018071234	 1.3963237649207731	
3736	 0.00758548241405678	 1.400389759787277	
3737	 0.007597997503460306	 1.4042426546737026	
3738	 0.007611721680212239	 1.4084726454711225	
3739	 0.007628013079767996	 1.4135004955361274	
3740	 0.007653911778112396	 1.4215080936160234	
3741	 0.007700599422050077	 1.4359890799012287	
3742	 0.007758952350064614	 1.4541707047074681	
3743	 0.00782516729527916	 1.4749126548186473	
3744	 0.007896903033914878	 1.4975164171286621	
3745	 0.007973548324042882	 1.5218188798369883	
3746	 0.00805306573771114	 1.5471971512897034	
3747	 0.008133484323077835	 1.5730335055703768	
3748	 0.00821152828463448	 1.5982703343960596	
3749	 0.008288718271997154	 1.6233888078889678	
3750	 0.008364512626884897	 1.6482053460932369	
3751	 0.008438963903734597	 1.6727285343960996	
3752	 0.00858360829978906	 1.7207854887448737	
3753	 0.008653040179651659	 1.7440467298022353	
3754	 0.008672400171048075	 1.7505550213092937	
3755	 0.00872827973864153	 1.7693945204293642	
3756	 0.008777849673133354	 1.7861742120442217	
3757	 0.008820177344503563	 1.800552459030151	
3758	 0.00885291751622749	 1.8117055430173983	
3759	 0.008873714309836158	 1.8188043632532325	
3760	 0.008851279024522847	 1.811146728863663	
3761	 0.008814194908252332	 1.798517493379267	
3762	 0.00876622340116261	 1.7822329701378132	
3763	 0.008714661505299644	 1.7647957728108568	
3764	 0.008665155411016146	 1.7481183988169449	
3765	 0.00863870252456529	 1.7392330599962966	
3766	 0.008629112758633352	 1.7360163991901398	
3767	 0.008626432263332555	 1.735117716231519	
3768	 0.008629914779892413	 1.7362853270302248	
3769	 0.008642148227187856	 1.7403894212772526	
3770	 0.008665242457813065	 1.748147667116161	
3771	 0.008696944873048847	 1.7588202021900692	
3772	 0.008741216842581591	 1.7737676900360946	
3773	 0.008791086389229335	 1.7906656239825305	
3774	 0.008840574794938483	 1.8074977055332564	
3775	 0.008887380526206606	 1.8234752618694172	
3776	 0.008921094887129766	 1.835018784816955	
3777	 0.008931163865803952	 1.838471969986132	
3778	 0.008918292341583351	 1.834058105803989	
3779	 0.008939713056742049	 1.8414059777457858	
3780	 0.00895712455398133	 1.8473872371401308	
3781	 0.0089541188480885	 1.8463541523316642	
3782	 0.008944304762012944	 1.8429825833578126	
3783	 0.008929842664452145	 1.8380187121741867	
3784	 0.008910046834726565	 1.8312328120151447	
3785	 0.008845864959897748	 1.8093007308645068	
3786	 0.008760218431770566	 1.7801986827685992	
3787	 0.008699546003047042	 1.7596970189225296	
3788	 0.008677927044574643	 1.7524147816146154	
3789	 0.008676056671566661	 1.7517853237186005	
3790	 0.008686083597890923	 1.755160856484757	
3791	 0.008694872818833122	 1.758121857074743	
3792	 0.008694563228354636	 1.7580175252196033	
3793	 0.008686095640475594	 1.7551649121451232	
3794	 0.008676375795635911	 1.751892715770137	
3795	 0.0086801840764292	 1.7531744866417565	
3796	 0.008748431489673095	 1.776208354868045	
3797	 0.008795726823343146	 1.7922412593218215	
3798	 0.00883725007891195	 1.8063649241309034	
3799	 0.008881662394586745	 1.821520311035961	
3800	 0.008911883204047592	 1.8318618866690235	
3801	 0.00891044083793014	 1.8313677761821618	
3802	 0.008880235477399424	 1.82103259838932	
3803	 0.008918306842328973	 1.8340630759678285	
3804	 0.008996512882348704	 1.8609466674073234	
3805	 0.009071514861940596	 1.8868756385321908	
3806	 0.009088027617714814	 1.8926035348557406	
3807	 0.009068154212733938	 1.8857107570076936	
3808	 0.00901419338343387	 1.867046071195953	
3809	 0.008952533706901342	 1.845809419910484	
3810	 0.008887326545386707	 1.8234568026451043	
3811	 0.008921793663389662	 1.8352583482820908	
3812	 0.009550098344128403	 2.0556854234876614	
3813	 0.009573860290582591	 2.0642172009877453	
3814	 0.009549267990084752	 2.0553875387311407	
3815	 0.009534759537760045	 2.0501855017366575	
3816	 0.009522267489656	 2.0457106765198834	
3817	 0.00950857375776104	 2.0408098860022417	
3818	 0.009492789315870746	 2.035166695306267	
3819	 0.009476842491249974	 2.029471799139922	
3820	 0.009451267550003603	 2.0203518632398825	
3821	 0.00940219947618424	 2.0029003916741117	
3822	 0.009347891814363081	 1.9836560867250297	
3823	 0.00929820111877533	 1.9661130060429868	
3824	 0.009245588979600008	 1.9476065254923114	
3825	 0.00914418631489912	 1.9121356291722655	
3826	 0.009006957248193587	 1.864548790541911	
3827	 0.008919143687449832	 1.8343499156803602	
3828	 0.008839568627451028	 1.8071548589666326	
3829	 0.008768344301475616	 1.7829516839104569	
3830	 0.008699244574159232	 1.7595954010931039	
3831	 0.008626568144758573	 1.7351632683787495	
3832	 0.008551521937943105	 1.7100780804695122	
3833	 0.00847216865288177	 1.6837123762998045	
3834	 0.008390568842897541	 1.656771410566416	
3835	 0.008316756268254212	 1.6325514373536767	
3836	 0.008259029310685695	 1.613709152866998	
3837	 0.008236775436095252	 1.606468790854587	
3838	 0.008223019592105295	 1.6019998029277274	
3839	 0.00821391280722132	 1.5990439379745816	
3840	 0.008201897861129378	 1.5951474885505785	
3841	 0.008183348713260508	 1.5891394653735804	
3842	 0.008171348016227755	 1.585257302108445	
3843	 0.008178197405478836	 1.5874725787539534	
3844	 0.0081908688858945	 1.591574137672633	
3845	 0.008221313457055167	 1.6014458622602084	
3846	 0.00826702403760009	 1.6163134392046037	
3847	 0.008307094382218006	 1.6293916684070202	
3848	 0.008335367601712204	 1.6386448823421482	
3849	 0.00832921618533444	 1.6366298728064428	
3850	 0.008280909308531488	 1.6208405646060398	
3851	 0.008286229340702821	 1.6225764388683832	
3852	 0.008352821210049526	 1.6443675300899505	
3853	 0.008420695640435492	 1.6666978197484028	
3854	 0.008488014797673613	 1.6889642745723157	
3855	 0.00855422887244912	 1.7109803677690543	
3856	 0.008619434504652773	 1.7327724725249476	
3857	 0.008682675977730371	 1.754013400461771	
3858	 0.008742841881774979	 1.7743173123379212	
3859	 0.008742813085174906	 1.7743075721316588	
3860	 0.008718300424384139	 1.7660241324031691	
3861	 0.008680996229396479	 1.75344788527313	
3862	 0.008632659976264995	 1.7372059521060967	
3863	 0.00859030794913348	 1.7230245740156367	
3864	 0.00856655810528119	 1.7150924096635427	
3865	 0.008562878705624086	 1.7138648441245496	
3866	 0.008572920292134228	 1.7172158683741587	
3867	 0.008590231823760747	 1.7229991256651531	
3868	 0.008607307312667612	 1.728711145035707	
3869	 0.008631348237612546	 1.736766024980655	
3870	 0.008657170962262865	 1.7454345703926228	
3871	 0.008679836008178038	 1.753057320113251	
3872	 0.008676047628078372	 1.7517822804303962	
3873	 0.008634524898581474	 1.7378314810947488	
3874	 0.008555553978401647	 1.7114221273111034	
3875	 0.008521117059704486	 1.6999564768663677	
3876	 0.00847280423500566	 1.6839229017454023	
3877	 0.008399840703038172	 1.6598238477068796	
3878	 0.008311148453519579	 1.6307171909498512	
3879	 0.008212887282963073	 1.5987112118347284	
3880	 0.008142709262432612	 1.5760081684100622	
3881	 0.008087960808726098	 1.5583869888399802	
3882	 0.008054697018738994	 1.5477195369785184	
3883	 0.008003923084678045	 1.5314932754130803	
3884	 0.007970109047322637	 1.5207250122416525	
3885	 0.007986178012941025	 1.5258384715182667	
3886	 0.008041806568972007	 1.54359354768414	
3887	 0.008087981524554604	 1.5583936413831723	
3888	 0.00813374862023165	 1.5731186992309465	
3889	 0.008177194410571726	 1.5871481059024894	
3890	 0.008220459949239946	 1.6011687777316257	
3891	 0.008270702432945008	 1.6175122425393562	
3892	 0.00833661510701706	 1.6390536465905716	
3893	 0.008403598819989958	 1.6610617168891795	
3894	 0.008472347155583761	 1.6837715011299055	
3895	 0.008544973258859114	 1.707896033468477	
3896	 0.008602493093130475	 1.7270999475285993	
3897	 0.00863630056866623	 1.73842715696864	
3898	 0.00862894215892063	 1.7359591971046888	
3899	 0.008646635993549173	 1.7418959550651822	
3900	 0.008636339174847367	 1.73844010891359	
3901	 0.008615978748038378	 1.7316147709687781	
3902	 0.008606932921025929	 1.728585824073709	
3903	 0.008611435318372593	 1.7300931626559064	
3904	 0.008659968508615501	 1.7463747274193795	
3905	 0.008697401911045176	 1.7589742527894296	
3906	 0.008735031259281639	 1.7716762192886222	
3907	 0.008802518848898511	 1.794548455704678	
3908	 0.008848739442052514	 1.810280730371606	
3909	 0.008912607195246643	 1.8321099239931837	
3910	 0.008984138139532062	 1.856682389980801	
3911	 0.009052672648587484	 1.8803481928489203	
3912	 0.00911874521546088	 1.9032772314757547	
3913	 0.009184708021842663	 1.9262789317820004	
3914	 0.009250570627390244	 1.9493558339527826	
3915	 0.009314530531950799	 1.9718711561037632	
3916	 0.009373434565757866	 1.992698084422346	
3917	 0.009431383279684447	 2.01327255832815	
3918	 0.009486530005634028	 2.0329306227058717	
3919	 0.009540881024228991	 2.0523797308937617	
3920	 0.00966361979013434	 2.0965729305602414	
3921	 0.009709841056952356	 2.113312806233308	
3922	 0.009710414890226511	 2.1135209649952724	
3923	 0.0097493596925017	 2.1276673990079	
3924	 0.009784807218919939	 2.1405762666298584	
3925	 0.009815360264143506	 2.1517277674645667	
3926	 0.009843611324228925	 2.162059684609486	
3927	 0.009890186386958025	 2.179136208735305	
3928	 0.009936455051273208	 2.1961535606094205	
3929	 0.009981903053943076	 2.2129205881601735	
3930	 0.010026455050464216	 2.2294065286630564	
3931	 0.010068369168134337	 2.2449610052596802	
3932	 0.010080546884016429	 2.249488305451507	
3933	 0.010097067830105597	 2.2556361157165967	
3934	 0.0101189383619136	 2.263784945293914	
3935	 0.010147258706814374	 2.2743543943577587	
3936	 0.010179653354074518	 2.2864685501865853	
3937	 0.010211420561605952	 2.2983730568639444	
3938	 0.010252580717479365	 2.31383424925604	
3939	 0.010292750525403738	 2.3289633852890033	
3940	 0.010323903147320923	 2.3407235215490547	
3941	 0.010362524380288675	 2.355335939248137	
3942	 0.010394100903856191	 2.367309990420149	
3943	 0.010422742078552592	 2.3781919316458313	
3944	 0.010449339549607426	 2.3883152562879917	
3945	 0.010423217739141358	 2.378372822844151	
3946	 0.010351131246192753	 2.3510215428863646	
3947	 0.010324416031620291	 2.3409173339419165	
3948	 0.01028686748172453	 2.3267451925456477	
3949	 0.010236919977391354	 2.3079466416388246	
3950	 0.010179761812454684	 2.286509152020353	
3951	 0.010114236083848692	 2.2620319126928434	
3952	 0.010040943595657225	 2.234778386275733	
3953	 0.009958949792027884	 2.204446118173061	
3954	 0.009875145181073504	 2.173615548090552	
3955	 0.009801282851445766	 2.1465867987107905	
3956	 0.009753594774790406	 2.1292080388545953	
3957	 0.009719526366025721	 2.1168272634184264	
3958	 0.009687789805312846	 2.1053199005693886	
3959	 0.009651235952348675	 2.092096946172319	
3960	 0.009609843225299963	 2.0771638436905246	
3961	 0.009573705276064489	 2.0641614968973094	
3962	 0.009547845385672235	 2.0548772276822898	
3963	 0.009534571961995635	 2.0501182805708944	
3964	 0.009533103241107926	 2.0495919683705464	
3965	 0.009548224244801179	 2.055013125584237	
3966	 0.009571606357840611	 2.0634073149245977	
3967	 0.009595489287275305	 2.07199542191674	
3968	 0.009602453285800975	 2.074502305288693	
3969	 0.009588152223464708	 2.069355555225247	
3970	 0.009551898412142816	 2.0563312468657555	
3971	 0.00956235766406437	 2.0600853934081393	
3972	 0.009569435839354198	 2.0626275215424306	
3973	 0.00955934706410703	 2.059004515953302	
3974	 0.009538161080293222	 2.0514046589387815	
3975	 0.009510396536738401	 2.0414619611976232	
3976	 0.009472048294785838	 2.027760954038991	
3977	 0.009446981465111704	 2.018825067937412	
3978	 0.009439567533078832	 2.0161851566061757	
3979	 0.009440191591902802	 2.0164073147118406	
3980	 0.009465177471654828	 2.025310055456594	
3981	 0.009503713201835205	 2.0390714934485485	
3982	 0.00954879819018325	 2.0552190083563886	
3983	 0.009598249420911994	 2.0729888631097584	
3984	 0.009645797002174628	 2.090132314653678	
3985	 0.00969500727979183	 2.1079346809838375	
3986	 0.009743841287616536	 2.125660580937336	
3987	 0.0097926390975641	 2.143432600548825	
3988	 0.009836755498577958	 2.159550567735327	
3989	 0.00988101576044928	 2.1757695942345516	
3990	 0.009924273474034523	 2.19166811112722	
3991	 0.00996555428686415	 2.2068832009813333	
3992	 0.010003890079947142	 2.2210505105233795	
3993	 0.010025797491619953	 2.2291628509914054	
3994	 0.010010278707277017	 2.223415004767857	
3995	 0.010043319030917859	 2.235659609894775	
3996	 0.010086613223944977	 2.2517449452383405	
3997	 0.010128477337879907	 2.2673427913532187	
3998	 0.010169635613051878	 2.2827196118992097	
3999	 0.01020934840352188	 2.297595778436088	
4000	 0.010247945492857432	 2.312091025540433	
4001	 0.010286175969792956	 2.3264845145482282	
4002	 0.010323240759700961	 2.340473223268701	
4003	 0.01032518561151556	 2.341208160346773	
4004	 0.010322326585962768	 2.3401277994417757	
4005	 0.010333973523089414	 2.3445301614461793	
4006	 0.010354517171332593	 2.3523034077522307	
4007	 0.010374699638496737	 2.3599500100754387	
4008	 0.01039337149361214	 2.3670331186666496	
4009	 0.01040919265032658	 2.373041467496603	
4010	 0.010413688219094896	 2.3747498463622496	
4011	 0.010409015775740767	 2.3729742627409283	
4012	 0.010414635494861714	 2.3751098870995304	
4013	 0.010420922313214473	 2.377499935346094	
4014	 0.01042576513565674	 2.37934167788022	
4015	 0.010427243185130353	 2.379903898950875	
4016	 0.010407501771054928	 2.3723990370518995	
4017	 0.010344906630887751	 2.348665718077536	
4018	 0.0102496263832493	 2.3127231171260925	
4019	 0.010204546056151042	 2.2957947945962354	
4020	 0.010150991990533717	 2.275749163743518	
4021	 0.010093424194417161	 2.254279661257758	
4022	 0.010035161375788937	 2.232633916606899	
4023	 0.009976774167482078	 2.211025846854167	
4024	 0.009925896498582928	 2.192265522626113	
4025	 0.009867376993399575	 2.170766539236541	
4026	 0.009812435619870078	 2.150659303841264	
4027	 0.009750323665008822	 2.1280180340819257	
4028	 0.009681258122725276	 2.102954691213663	
4029	 0.009616605799235064	 2.079600627950022	
4030	 0.009550042701843297	 2.055665461596842	
4031	 0.009489209079928701	 2.0338875733954214	
4032	 0.009445019244221142	 2.0181262368769604	
4033	 0.009419991490317563	 2.009221271787581	
4034	 0.009411866768516875	 2.006333854073596	
4035	 0.009415741572635734	 2.0077107005731096	
4036	 0.009429703497907468	 2.0126749687566483	
4037	 0.009458623238632913	 2.0229731931572608	
4038	 0.00948891626905298	 2.033782974183336	
4039	 0.009527886305566844	 2.0477229305015427	
4040	 0.009560839504331974	 2.0595403093603855	
4041	 0.009553168194400313	 2.0567868646079686	
4042	 0.009521187732246129	 2.0453240760642184	
4043	 0.00957270857925364	 2.063803350682274	
4044	 0.00959034248495607	 2.070143467708407	
4045	 0.009577469946544438	 2.0655144921008946	
4046	 0.009540261270933778	 2.0521575394007465	
4047	 0.009479778394274541	 2.0305197831546478	
4048	 0.00939403761213095	 2.0000034330052587	
4049	 0.009302524435365073	 1.9676368574872893	
4050	 0.009217864046689053	 1.9378823806142433	
4051	 0.009144535244490293	 1.9122572381681948	
4052	 0.009085322789341215	 1.891664816343377	
4053	 0.009055031890892073	 1.881165001788769	
4054	 0.009040683263004202	 1.8761994612382948	
4055	 0.009033019970830315	 1.8735496243096352	
4056	 0.009024676119757595	 1.870666165384059	
4057	 0.009017288227747776	 1.868114548785477	
4058	 0.009009581212157742	 1.8654541987708244	
4059	 0.00900330208616078	 1.8632878567603934	
4060	 0.009035768717713001	 1.8744999222279128	
4061	 0.009071456071930484	 1.886855258033468	
4062	 0.009091505310930625	 1.8938107520638685	
4063	 0.009103217987838795	 1.8978788568370533	
4064	 0.009108089622380086	 1.8995719250495207	
4065	 0.00910678781996948	 1.89911944276954	
4066	 0.009121100751781607	 1.904096720079346	
4067	 0.009177683590929197	 1.923824206046342	
4068	 0.009184040243238998	 1.9260455190489985	
4069	 0.009143081770466159	 1.9117506935692354	
4070	 0.009084530446510511	 1.8913898667502211	
4071	 0.009116723591710774	 1.90257402322894	
4072	 0.00924697138262865	 1.9480918941280079	
4073	 0.009689297369168173	 2.1058659605896937	
4074	 0.01032699943194003	 2.3418936653498057	
4075	 0.010799020909846814	 2.5230017598911223	
4076	 0.011023195483607735	 2.6108951528047837	
4077	 0.011127340616307881	 2.652136589471381	
4078	 0.01128309341560542	 2.7142961017522294	
4079	 0.011661554731306607	 2.8677261384918182	
4080	 0.012219156576292195	 3.0998853605916894	
4081	 0.012717301211777172	 3.313359144902503	
4082	 0.012859115093860196	 3.375167954861328	
4083	 0.012846050173301227	 3.3694545801877043	
4084	 0.012910660292980516	 3.397746757906841	
4085	 0.012871718764030605	 3.380683290351993	
4086	 0.012837405371479399	 3.3656762809937275	
4087	 0.012807364185129606	 3.352559661292301	
4088	 0.012766422112134385	 3.3347164859187832	
4089	 0.012712870811373643	 3.3114355445620047	
4090	 0.012645627015989548	 3.2822943876310884	
4091	 0.01259481255393243	 3.2603415391981874	
4092	 0.012528216175103241	 3.2316598868182647	
4093	 0.012442628356646146	 3.1949480378935275	
4094	 0.012344577081467838	 3.1530966008916765	
4095	 0.012239809639353534	 3.1086227600948115	
4096	 0.012102410434310068	 3.050680401929405	
4097	 0.011971973880159283	 2.9960784744800577	
4098	 0.011850866811077502	 2.945735704049526	
4099	 0.01174642857472953	 2.9025964097861974	
4100	 0.01166408189744022	 2.8687619843467322	
4101	 0.011597802400462301	 2.84164458710448	
4102	 0.011545463128695145	 2.820303509027179	
4103	 0.011508083038108123	 2.805101378073826	
4104	 0.011484901281312535	 2.7956900937627247	
4105	 0.01147185770952597	 2.7904002532312795	
4106	 0.011465240714284338	 2.787718253012627	
4107	 0.01146504231136956	 2.7876378522822236	
4108	 0.011464221219998584	 2.787305123354026	
4109	 0.011473140259094659	 2.7909202155164827	
4110	 0.011479875283303865	 2.793651317993172	
4111	 0.011486113217500291	 2.7961817997990632	
4112	 0.01149001973266005	 2.797766984259889	
4113	 0.011475800864165348	 2.7919989830095564	
4114	 0.011447147221364322	 2.780389867460609	
4115	 0.011432858819115972	 2.774608107098491	
4116	 0.01140432526239736	 2.763076497726635	
4117	 0.011355328424617988	 2.7433196609075243	
4118	 0.011298954318441629	 2.720658328061761	
4119	 0.011237183347056971	 2.695913963596688	
4120	 0.011196207977665221	 2.679549876549557	
4121	 0.011160457519879334	 2.665305003342572	
4122	 0.011132352213176912	 2.6541276963632603	
4123	 0.011108064698636615	 2.6444838413394636	
4124	 0.011094833616188546	 2.639236079073136	
4125	 0.01108790725986808	 2.636490584215044	
4126	 0.011073204134343007	 2.630666293850451	
4127	 0.011068602703584429	 2.628844606127312	
4128	 0.011078298740587099	 2.632683816517574	
4129	 0.011097294632298053	 2.640211860980247	
4130	 0.011119663028566358	 2.6490874440349974	
4131	 0.011143615934164694	 2.658604952508921	
4132	 0.01116300707119302	 2.666319873521613	
4133	 0.011182260178973122	 2.6739887227831995	
4134	 0.011200265927104413	 2.681168697187668	
4135	 0.011218341535094555	 2.6883842730097633	
4136	 0.011232851997218981	 2.694182295051973	
4137	 0.011226293651450234	 2.6915611233826415	
4138	 0.011203797474889945	 2.6825778408914918	
4139	 0.0111960334167789	 2.6794802484856866	
4140	 0.011157936144286302	 2.664301500741352	
4141	 0.011105643671819904	 2.6435232928067656	
4142	 0.011048236369502923	 2.6207877200233933	
4143	 0.01098743166779916	 2.596792382875477	
4144	 0.010938817982326423	 2.577671539680256	
4145	 0.010902547998199731	 2.563442589644629	
4146	 0.010880224017322016	 2.5547004167469853	
4147	 0.01088387308893018	 2.5561285930558952	
4148	 0.0109110424862372	 2.566772206895083	
4149	 0.010921303903242715	 2.5707967193703753	
4150	 0.010934012348227091	 2.5757844478909924	
4151	 0.010947529491222392	 2.5810938121029263	
4152	 0.010961440355458367	 2.586562390131063	
4153	 0.010975623635084647	 2.5921428243827527	
4154	 0.010988572530362534	 2.597241788135542	
4155	 0.010998327652631475	 2.6010857675476893	
4156	 0.01101445033286595	 2.6074438497239587	
4157	 0.011027981759770482	 2.612784845895062	
4158	 0.011039445826829367	 2.6173132536212598	
4159	 0.011051308983427146	 2.6220026070356903	
4160	 0.011055043977321969	 2.6234796970592815	
4161	 0.011026355809241736	 2.612142835083387	
4162	 0.010957568822424048	 2.585039965096095	
4163	 0.010929749673372909	 2.5741110297605654	
4164	 0.010880836590389652	 2.554940143741272	
4165	 0.010808073895496175	 2.526527863614152	
4166	 0.010719673550007757	 2.4921806308299677	
4167	 0.010615514180459949	 2.4519520596845292	
4168	 0.01051026055941143	 2.411567308436962	
4169	 0.0104051627352968	 2.371510461583488	
4170	 0.010304549539334587	 2.33341473356482	
4171	 0.010208876891919683	 2.2974189264069516	
4172	 0.010138128990382458	 2.2709449377874256	
4173	 0.010087918855872863	 2.2522307503475347	
4174	 0.010050306341414362	 2.2382525226871928	
4175	 0.010022464095415557	 2.227927727394883	
4176	 0.010003148386053777	 2.2207760674691515	
4177	 0.00999290640205732	 2.216987695308253	
4178	 0.009988085262707082	 2.215205316355489	
4179	 0.009987984013645548	 2.2151678906468204	
4180	 0.00999691334226864	 2.218469500513575	
4181	 0.010010434663362936	 2.2234727382423554	
4182	 0.010027312469623803	 2.229724286426695	
4183	 0.01004485067561137	 2.236227883230549	
4184	 0.010048563034493486	 2.2376054884297827	
4185	 0.01002335217995962	 2.228256762683524	
4186	 0.00998734405422005	 2.2149313418612073	
4187	 0.00999341655993945	 2.217176334620409	
4188	 0.01001121715357728	 2.2237624178035262	
4189	 0.010039819961229214	 2.2343615960539034	
4190	 0.010065610796418807	 2.2439360343305994	
4191	 0.010091038140515811	 2.2533915568148166	
4192	 0.010121216701663605	 2.2646345170120976	
4193	 0.01014713962929691	 2.2743099121608803	
4194	 0.010167882249280866	 2.282063703796495	
4195	 0.010193768838167255	 2.291755162076562	
4196	 0.010217653249148223	 2.300711607661604	
4197	 0.010238445699411423	 2.308519968374459	
4198	 0.010252863848512605	 2.3139407467208026	
4199	 0.010262011045983205	 2.3173824463838004	
4200	 0.01026849392514036	 2.319822915680193	
4201	 0.010271387955735702	 2.3209127004850227	
4202	 0.010272596317603756	 2.3213677854248806	
4203	 0.010275149499000581	 2.3223294644194317	
4204	 0.010285096394496835	 2.326077572365658	
4205	 0.010294722528691657	 2.32970711534518	
4206	 0.010306131512284603	 2.33401181415137	
4207	 0.010320081376664493	 2.3392795256048946	
4208	 0.010323690174098236	 2.3406430435882277	
4209	 0.010299218496104049	 2.3314030995357533	
4210	 0.010250012950796887	 2.312868493960592	
4211	 0.01024835286289076	 2.3122442089401414	
4212	 0.010248511807978714	 2.3123039781804726	
4213	 0.010247872785745495	 2.312063685903826	
4214	 0.010253496120092366	 2.314178577676613	
4215	 0.010264759326629203	 2.318416906690526	
4216	 0.010256829023620592	 2.3154324214913644	
4217	 0.01024776428041777	 2.3120228855107774	
4218	 0.010238975128053704	 2.3087189272292887	
4219	 0.010232340667157716	 2.306226197778837	
4220	 0.010267663034394168	 2.3195100708077048	
4221	 0.010304454409362918	 2.3333788308156573	
4222	 0.010325780824619523	 2.341433102962117	
4223	 0.010321319725571038	 2.3397473772305153	
4224	 0.010307879538592574	 2.3346716389540814	
4225	 0.010301271716670415	 2.332177786613025	
4226	 0.01030479387689335	 2.3335069493645357	
4227	 0.010317641182838094	 2.3383577231943504	
4228	 0.010335635118257304	 2.3451584884507324	
4229	 0.01035656983544902	 2.3530806543350935	
4230	 0.010376960094236875	 2.3608070549630815	
4231	 0.0103966616706317	 2.368282116605	
4232	 0.010402811022536831	 2.370617204493114	
4233	 0.01038119952251683	 2.3624147568657174	
4234	 0.010349278379727695	 2.3503201913546623	
4235	 0.010351049252658536	 2.3509905047238435	
4236	 0.010341875306899407	 2.3475187975755407	
4237	 0.010322098922356469	 2.3400417791031107	
4238	 0.010303784636510823	 2.3331260598825496	
4239	 0.010292399853095303	 2.32883114112849	
4240	 0.01027265564459471	 2.3213901296675097	
4241	 0.010229077259960096	 2.3050004510211823	
4242	 0.010186671694034102	 2.2890964885941982	
4243	 0.010156190157745985	 2.277691788966085	
4244	 0.010137869943621777	 2.270848227648268	
4245	 0.010125712889172443	 2.2663114776344986	
4246	 0.010125870370371094	 2.2663702230124234	
4247	 0.010133438600976602	 2.269194126016668	
4248	 0.01014749649074437	 2.2744432211640904	
4249	 0.010166971367404389	 2.2817229857812533	
4250	 0.010191330877276717	 2.2908417341258116	
4251	 0.010218634634420085	 2.3010799174093135	
4252	 0.010244489266907195	 2.3107915438358306	
4253	 0.01027321435806758	 2.3216005613708175	
4254	 0.010304702769483996	 2.333472564211882	
4255	 0.010338418649440517	 2.3462112229466783	
4256	 0.010370711294216028	 2.3584381451091128	
4257	 0.010395722650369208	 2.3679256242981666	
4258	 0.010401857557214072	 2.3702550856650455	
4259	 0.010418324018488889	 2.376512029809268	
4260	 0.01044156713942152	 2.3853552027099325	
4261	 0.010464383983785746	 2.3940489667861855	
4262	 0.01048810009629992	 2.403098777526151	
4263	 0.010505845101287525	 2.409879008513086	
4264	 0.010531852528839461	 2.4198300494869036	
4265	 0.010555164119905234	 2.428763536138725	
4266	 0.01057499781037775	 2.4363745831262924	
4267	 0.010588032535929902	 2.4413817583660156	
4268	 0.010594583983175617	 2.4438999917976227	
4269	 0.010600343723927631	 2.446114768248546	
4270	 0.010610427288966757	 2.4499941043346993	
4271	 0.010626865063087437	 2.4563232938241892	
4272	 0.010647590219304027	 2.4643126006314366	
4273	 0.01066813454769125	 2.4722424390580082	
4274	 0.01068745018443917	 2.479707310455459	
4275	 0.010705093376310365	 2.4865337004908747	
4276	 0.010719441289976482	 2.4920906358986734	
4277	 0.01073214659559685	 2.4970155320413507	
4278	 0.010743299710671925	 2.5013419650170867	
4279	 0.010825124268624229	 2.533174267044112	
4280	 0.01094150776445348	 2.578728013228966	
4281	 0.010963436752365174	 2.5873475847882923	
4282	 0.010960332106769803	 2.58612655054616	
4283	 0.010887966546456806	 2.557731073389342	
4284	 0.01088233796676278	 2.5555277369169107	
4285	 0.01086488652957704	 2.548701111359039	
4286	 0.010810361742292633	 2.527419283087948	
4287	 0.010712966868731522	 2.489582483424146	
4288	 0.010615740754254229	 2.452039282973101	
4289	 0.010494557975477995	 2.4055653994394652	
4290	 0.010372866130663684	 2.359254932615554	
4291	 0.010296906463872478	 2.3305308851770996	
4292	 0.0102628975442244	 2.3177161065551597	
4293	 0.010248995610799175	 2.3124859097641015	
4294	 0.010245421254181042	 2.3111419262972386	
4295	 0.010243425331270758	 2.3103915811018894	
4296	 0.010237341527712338	 2.308105043613309	
4297	 0.01022501001259348	 2.303473144082081	
4298	 0.010210618103160032	 2.298072037603622	
4299	 0.01019951992921581	 2.2939104936468504	
4300	 0.010199315646643762	 2.293833920956759	
4301	 0.010201215365973551	 2.2945460457265296	
4302	 0.010202610270488327	 2.2950689929779347	
4303	 0.010200751518049698	 2.294372160516168	
4304	 0.010182991218738318	 2.287718225468724	
4305	 0.010121797362280673	 2.2648510603490366	
4306	 0.01001786011550744	 2.2262222645978356	
4307	 0.009864350724456121	 2.169657049559735	
4308	 0.009778571770837146	 2.1383032501699297	
4309	 0.009685663613227407	 2.1045498613210762	
4310	 0.009585831122415431	 2.0685207061943585	
4311	 0.009484768233615205	 2.0323014255588854	
4312	 0.009388016929527922	 1.9978675368604963	
4313	 0.009290262231761432	 1.9633159943604228	
4314	 0.009194038672100845	 1.929541514295079	
4315	 0.009107726112687193	 1.899445571509349	
4316	 0.009063983878901788	 1.88426561951599	
4317	 0.009040876716890186	 1.876266373707734	
4318	 0.009033981992272382	 1.8738821928381684	
4319	 0.009037627443473561	 1.875142630908724	
4320	 0.009047449442693237	 1.8785403369261209	
4321	 0.009059839304107881	 1.8828298473579168	
4322	 0.00907399849621698	 1.887736710570696	
4323	 0.009089569765498304	 1.8931388250851797	
4324	 0.009111415920344725	 1.9007282801216672	
4325	 0.009137327299721974	 1.9097457522756291	
4326	 0.009172604105531407	 1.9220499322617008	
4327	 0.009215114481727493	 1.936919069291301	
4328	 0.0092515166561418	 1.9496881034607336	
4329	 0.009245496793619024	 1.9475741602527372	
4330	 0.009205952775199566	 1.9337106442291214	
4331	 0.009128488809975537	 1.9066679329999343	
4332	 0.00911592949928374	 1.9022978319447688	
4333	 0.009090697965060438	 1.893530469357008	
4334	 0.009059839598955982	 1.8828299494842338	
4335	 0.00903013355582865	 1.872551939199714	
4336	 0.009007815920321125	 1.8648450591022603	
4337	 0.008991697541878702	 1.859286858948143	
4338	 0.008976819827872178	 1.8541623763027435	
4339	 0.008971486523739587	 1.852326749739831	
4340	 0.008988439185415078	 1.8581640662243144	
4341	 0.009046730103574256	 1.8782914137818698	
4342	 0.009105735399337813	 1.89875367247265	
4343	 0.009162898080741989	 1.9186614209977062	
4344	 0.009219826778346507	 1.9385701417250139	
4345	 0.009256105838672955	 1.9513002632631373	
4346	 0.009287364269237791	 1.962295387260653	
4347	 0.00931300189440023	 1.9713318354179155	
4348	 0.009323314831014024	 1.9749715003236792	
4349	 0.009332218818736157	 1.978116075650078	
4350	 0.009341389315012423	 1.9813568639683017	
4351	 0.009352439027333157	 1.985264572248459	
4352	 0.00936143430634831	 1.988448008039142	
4353	 0.009331907780795333	 1.9780061942582974	
4354	 0.009266122310325692	 1.954820857040019	
4355	 0.009172389383326712	 1.9219749438189657	
4356	 0.009145259793798067	 1.912509768087967	
4357	 0.009116026599126845	 1.9023316031356032	
4358	 0.009079446478745671	 1.8896260677837073	
4359	 0.009045086285731498	 1.8777226296477274	
4360	 0.008986689192566047	 1.8575611505005272	
4361	 0.008927788199203562	 1.8373139860635461	
4362	 0.008877797827415141	 1.8201995435475955	
4363	 0.008820853214477556	 1.8007824185838	
4364	 0.008785960664133641	 1.788925854981919	
4365	 0.008791383881381596	 1.7907666192702274	
4366	 0.008803292943982263	 1.7948114849355337	
4367	 0.008816081496031549	 1.7991591294440772	
4368	 0.00882768365105887	 1.803107081215134	
4369	 0.008846471707298775	 1.8095075720685443	
4370	 0.008862371087385357	 1.8149310678023836	
4371	 0.008873444297587902	 1.8187121255766923	
4372	 0.008903811021264398	 1.8290972897481896	
4373	 0.0089303536823262	 1.8381940191694326	
4374	 0.008959049270552643	 1.8480488987938295	
4375	 0.008988653710504028	 1.8582379807966223	
4376	 0.008999225023045534	 1.8618817809009693	
4377	 0.008970453129693936	 1.8519711583649137	
4378	 0.008909921593076683	 1.8311899118395778	
4379	 0.008829682083930401	 1.80378745229024	
4380	 0.008830411997941908	 1.804035978794734	
4381	 0.008844562934733237	 1.8088569002330683	
4382	 0.008899686186633513	 1.8276852429489436	
4383	 0.0089562470983436	 1.8470856248306702	
4384	 0.0090114243605137	 1.8660902888803381	
4385	 0.009065724587350112	 1.8848687698691653	
4386	 0.009119032504678985	 1.9033771715364047	
4387	 0.009171623146686772	 1.9217073569425698	
4388	 0.009223786836350093	 1.9399580834304218	
4389	 0.009277646567389096	 1.958874547697238	
4390	 0.009263572747675013	 1.9539244948299608	
4391	 0.009206000880449034	 1.9337274851068371	
4392	 0.00915879703947525	 1.9172304080087128	
4393	 0.009137693753498818	 1.9098734050119226	
4394	 0.009138085860005299	 1.9100099975556624	
4395	 0.009153031222586832	 1.915219212373234	
4396	 0.009208728326777608	 1.9346824163584524	
4397	 0.009227260968307768	 1.941176042428211	
4398	 0.009238521689186542	 1.9451259203204623	
4399	 0.00925422901776847	 1.9506408798504253	
4400	 0.009254563781739958	 1.9507584859309466	
4401	 0.009211702349994981	 1.93572389382183	
4402	 0.009139282075672696	 1.9104267302670865	
4403	 0.009050461181509234	 1.879582674998508	
4404	 0.009047144812737894	 1.8784349198801644	
4405	 0.009100992174901665	 1.8971055077834886	
4406	 0.00915523460625194	 1.9159876829916749	
4407	 0.009202893028199445	 1.9326395963315826	
4408	 0.009254300313287106	 1.950665926473268	
4409	 0.00930240101545759	 1.9675933487804818	
4410	 0.00934881363913993	 1.9839821216343938	
4411	 0.009394521925874937	 2.0001752877207286	
4412	 0.009439082019829527	 2.0160123259794087	
4413	 0.009484643291758216	 2.0322568069323217	
4414	 0.009531189333758825	 2.048906205908396	
4415	 0.009577911900765648	 2.0656733504937663	
4416	 0.009552298536106835	 2.0564748132478825	
4417	 0.009522275032900745	 2.0457133774347653	
4418	 0.009501972059958808	 2.038448912941863	
4419	 0.009495542842312792	 2.036150674994425	
4420	 0.009509867849299802	 2.041272821643617	
4421	 0.009527243091263453	 2.047492537492234	
4422	 0.00954484318137109	 2.0538004551446987	
4423	 0.009558179802154603	 2.0585855020133135	
4424	 0.009546221265836189	 2.0542946917810143	
4425	 0.009491221406503237	 2.0346064839123335	
4426	 0.009396635841302736	 2.00092546223054	
4427	 0.00924167576200116	 1.9462328374850355	
4428	 0.009117796259520366	 1.9029471305792975	
4429	 0.008973190439581141	 1.852913127611381	
4430	 0.008811305006277815	 1.7975348036665841	
4431	 0.008645323805708972	 1.7414554024102784	
4432	 0.008529357375098462	 1.7026972545643524	
4433	 0.008413717473866435	 1.6643964892910599	
4434	 0.008294129626780104	 1.6251555958068793	
4435	 0.008170538113455953	 1.5849954395895671	
4436	 0.008069816300766874	 1.5525645457407018	
4437	 0.008005877926170399	 1.5321167343291182	
4438	 0.007925774691049107	 1.5066525831349329	
4439	 0.007824099160909485	 1.4745771277605686	
4440	 0.007732170087095934	 1.4458145177390123	
4441	 0.007659233151255957	 1.4231556450288627	
4442	 0.007602005683949772	 1.4054775080411812	
4443	 0.007557179845835118	 1.3916921560724809	
4444	 0.0075298729621265225	 1.383321091392318	
4445	 0.007507471075842965	 1.3764687712393242	
4446	 0.007492839440749328	 1.3720005773025394	
4447	 0.007488969187741702	 1.3708196553704473	
4448	 0.007475550032617008	 1.366728248452467	
4449	 0.007406646774732238	 1.3457972581382922	
4450	 0.007280195529286695	 1.3077216768370024	
4451	 0.007079334167068548	 1.2481427874988822	
4452	 0.006916603781358802	 1.2006923573216912	
4453	 0.006755531864001216	 1.1544527464402456	
4454	 0.0065908308248356015	 1.107925411835931	
4455	 0.006422205642844238	 1.0610860289950121	
4456	 0.006269645016537909	 1.0194090935971358	
4457	 0.006121443872187524	 0.9795652487547007	
4458	 0.005979724408626511	 0.9420606523458449	
4459	 0.005861210366631751	 0.9111483612853072	
4460	 0.005773370551289899	 0.8885038303315085	
4461	 0.005714499193837273	 0.8734550155019521	
4462	 0.005674818650500241	 0.8633698841375028	
4463	 0.005644440613618638	 0.8556807530803677	
4464	 0.005637087008486425	 0.8538235848656511	
4465	 0.0056519963477764815	 0.8575906502565348	
4466	 0.005681135686991493	 0.8649722738258664	
4467	 0.005716913140061116	 0.8740700505328447	
4468	 0.0057639504418885296	 0.8860889353136998	
4469	 0.005814290103311479	 0.8990242609844707	
4470	 0.005870282484371514	 0.9135000681723134	
4471	 0.005925397709583536	 0.927839289359774	
4472	 0.005945775878140769	 0.9331636386964111	
4473	 0.005914959639403447	 0.9251167819169226	
4474	 0.00584904462739836	 0.907998522039541	
4475	 0.005761626632838077	 0.8854936188496991	
4476	 0.005732518910612046	 0.8780503292635351	
4477	 0.005696319602734309	 0.8688287103198402	
4478	 0.005653285019135079	 0.8579165635654196	
4479	 0.005607935073999852	 0.8464770961570887	
4480	 0.005557457384281686	 0.8338165005043037	
4481	 0.005512784547023044	 0.8226755985676258	
4482	 0.005473061394285021	 0.8128195045257294	
4483	 0.005440098572471697	 0.8046768954299767	
4484	 0.005411030982365236	 0.7975237364030755	
4485	 0.005409976030622825	 0.7972646069877721	
4486	 0.005411600498780673	 0.7976636415942727	
4487	 0.005415399334760394	 0.7985970999836345	
4488	 0.005430187198007994	 0.8022349637187475	
4489	 0.005444711247217659	 0.8058143631011816	
4490	 0.0054639456438773555	 0.8105644152243852	
4491	 0.005507175908209311	 0.8212811050637386	
4492	 0.005552368158925047	 0.8325442806341309	
4493	 0.005602799969196941	 0.8451856458406727	
4494	 0.005654320301761352	 0.8581784291080793	
4495	 0.005703086896925998	 0.8705496892267208	
4496	 0.005738962459050297	 0.8796958767940126	
4497	 0.0057348971582524355	 0.8786575404862595	
4498	 0.005700062144488385	 0.869780301293839	
4499	 0.005650116513347108	 0.8571153168240556	
4500	 0.005677416565162648	 0.8640287314873607	
4501	 0.005717116538784186	 0.8741218811962992	
4502	 0.0057575718020683436	 0.8844552302604518	
4503	 0.005830209158194384	 0.9031304297731828	
4504	 0.0058246360337500585	 0.9016920438891649	
4505	 0.005813853714365173	 0.8989118040242166	
4506	 0.005806413898669587	 0.8969954374249128	
4507	 0.005775859274304077	 0.8891422666453986	
4508	 0.0057434754836921086	 0.8808491426724713	
4509	 0.00573734543640037	 0.879282807195149	
4510	 0.005739891588407791	 0.8799332586608416	
4511	 0.0057376780038952985	 0.8793677554619694	
4512	 0.005706931922441122	 0.8715281178154736	
4513	 0.005657205573815116	 0.8589084017204331	
4514	 0.0056392672929421505	 0.8543740518831296	
4515	 0.005659209898194401	 0.859415641065931	
4516	 0.005678853042289368	 0.8643931173454894	
4517	 0.005691091814054577	 0.8675001731870989	
4518	 0.0057104076705590595	 0.8724129561094885	
4519	 0.0057421266949732545	 0.8805044076232935	
4520	 0.005771590547896984	 0.8880473155808023	
4521	 0.0057743006321554265	 0.8887424040784487	
4522	 0.005759079765972073	 0.8848413429722004	
4523	 0.005734843620888629	 0.8786438695459541	
4524	 0.005758451268662308	 0.8846804086459176	
4525	 0.005782076769709584	 0.890738052687696	
4526	 0.005804091785728112	 0.8963976367087505	
4527	 0.005825907760067698	 0.9020201871269441	
4528	 0.00586420833432578	 0.911925236960146	
4529	 0.005914118268195929	 0.9248974708354707	
4530	 0.005971364314670412	 0.9398665588332468	
4531	 0.006033018926862347	 0.9560957689548234	
4532	 0.006108808918882882	 0.9761977851106135	
4533	 0.006207111507550184	 1.0025195000687641	
4534	 0.00630769190808271	 1.02974028717477	
4535	 0.006408273833119498	 1.0572524144676885	
4536	 0.006508416529375982	 1.0849319085799185	
4537	 0.00660825938407705	 1.1128126457530658	
4538	 0.006706825105555258	 1.1406136175576649	
4539	 0.006804154336950939	 1.16833443399405	
4540	 0.006895927559833235	 1.1947161499258456	
4541	 0.006987780725744715	 1.2213562640845332	
4542	 0.007077860014282287	 1.2477096428442382	
4543	 0.007166864881081087	 1.2739692468860404	
4544	 0.007243553368329623	 1.2967702056209707	
4545	 0.007294212981731049	 1.3119208975750982	
4546	 0.0073227505554707166	 1.3204865562301833	
4547	 0.00733824816945716	 1.3251475607901109	
4548	 0.007402692657112192	 1.3446000241340008	
4549	 0.007462793795090445	 1.3628434971386214	
4550	 0.007566967475122497	 1.394697520259843	
4551	 0.007684062827715936	 1.4308532531219909	
4552	 0.00771308515585021	 1.439871692340498	
4553	 0.007742447895879011	 1.4490189627239392	
4554	 0.007783450161662793	 1.4618309913487764	
4555	 0.00798866031338792	 1.526629000255409	
4556	 0.008752710483903463	 1.7776565429231839	
4557	 0.010455812564328537	 2.3907815671576444	
4558	 0.012812535228316706	 3.3548159886728945	
4559	 0.015118350272345352	 4.420291618873895	
4560	 0.0173515503669538	 5.561270999665832	
4561	 0.0199828849830934	 7.036778776006425	
4562	 0.023060879056688705	 8.934495069908227	
4563	 0.026317836810672048	 11.13509430277409	
4564	 0.026940424066905295	 11.57757570147564	
4565	 0.026967730551300577	 11.59714045729096	
4566	 0.02668886122131443	 11.397956337859846	
4567	 0.02633817636689036	 11.149440797030964	
4568	 0.026001219146855114	 10.912722276795456	
4569	 0.025614695908640787	 10.643690984905135	
4570	 0.02520062964872181	 10.358476932285592	
4571	 0.02476082629515418	 10.058938179940203	
4572	 0.024414936655382347	 9.82583770137082	
4573	 0.024082183039686338	 9.603657685991173	
4574	 0.023760168511915362	 9.390587794574012	
4575	 0.02344824530975199	 9.186022359790904	
4576	 0.023145077897831497	 8.988929921438308	
4577	 0.02285229222037194	 8.800213288215875	
4578	 0.022568283534275087	 8.618687463040516	
4579	 0.02227007931584501	 8.429720780601262	
4580	 0.021975986882445953	 8.245004467086321	
4581	 0.021696553558584755	 8.071015312533099	
4582	 0.02142670012970313	 7.90440290973357	
4583	 0.021168316170315737	 7.746177406586184	
4584	 0.020923771084716675	 7.597607434925527	
4585	 0.02069199356118156	 7.45785853186542	
4586	 0.020469794557004675	 7.324861036031262	
4587	 0.020256003627343932	 7.197801410356018	
4588	 0.0200458818992752	 7.07379053516105	
4589	 0.019842921663726733	 6.954826171914449	
4590	 0.019646691356763744	 6.840575190211071	
4591	 0.0194557540457485	 6.73013375716821	
4592	 0.01926751116167347	 6.621955867707399	
4593	 0.019054991460250068	 6.500670908454074	
4594	 0.018820923940661396	 6.368128466921915	
4595	 0.01856412777805396	 6.223974887593244	
4596	 0.018414321211026544	 6.14049111792408	
4597	 0.018263992714113688	 6.05717040903776	
4598	 0.01815358832938023	 5.996268266217137	
4599	 0.017989162053104215	 5.906023084591429	
4600	 0.017836762354085274	 5.822868201461218	
4601	 0.01765987728008247	 5.726945525661558	
4602	 0.017486838082000352	 5.633726132980749	
4603	 0.017315788733762674	 5.542181113645484	
4604	 0.017162481741547178	 5.460642317377409	
4605	 0.017032031022610073	 5.391641189149603	
4606	 0.016907005136446475	 5.325839294984643	
4607	 0.016784006894925783	 5.2614203321260185	
4608	 0.016664170740130588	 5.198959422883018	
4609	 0.016549107629508116	 5.139267429296428	
4610	 0.016440538405582607	 5.083197415167248	
4611	 0.016338451360422453	 5.030699765960686	
4612	 0.016242362388297016	 4.981485951408545	
4613	 0.016148711545577135	 4.933707274100473	
4614	 0.01605635031264826	 4.886767101342061	
4615	 0.015964783534774322	 4.840408042872825	
4616	 0.015916727019276097	 4.816148431633745	
4617	 0.01582672538988861	 4.770845599715874	
4618	 0.01568458583233552	 4.69964812044474	
4619	 0.015513878964490921	 4.614708236333647	
4620	 0.015410691269667539	 4.56366527658429	
4621	 0.015302350979997045	 4.510318192493586	
4622	 0.015197581902269814	 4.458968498958208	
4623	 0.015097846497053903	 4.410304673018576	
4624	 0.014999293344957029	 4.362427757109997	
4625	 0.01490616582461059	 4.317378890476138	
4626	 0.014839105103440046	 4.285055337433627	
4627	 0.014774312924711002	 4.253917589333356	
4628	 0.014711670380520011	 4.223899337634171	
4629	 0.014608320541120125	 4.174560244468353	
4630	 0.014503916711201593	 4.124953703231849	
4631	 0.014407272722787096	 4.0792458342778355	
4632	 0.014319930620901894	 4.038112738973541	
4633	 0.014247509670909703	 4.00413321147953	
4634	 0.014190044482679643	 3.9772526337986833	
4635	 0.014135795630975714	 3.9519430680992484	
4636	 0.014080717217530972	 3.9263126362860445	
4637	 0.01402428356522857	 3.900120786971107	
4638	 0.0139697477504113	 3.87487642625745	
4639	 0.013918382668952786	 3.8511597843520646	
4640	 0.013929875606161444	 3.856461324554743	
4641	 0.014083072386587488	 3.9274072355453553	
4642	 0.01425880306791234	 4.009424453488851	
4643	 0.014321901659744935	 4.039039145025583	
4644	 0.01435213047667864	 4.053257607852005	
4645	 0.014314632107936764	 4.035622811443884	
4646	 0.014262626731016399	 4.011216569629859	
4647	 0.014210459299989155	 3.9867938086447867	
4648	 0.01416322864817238	 3.964733745266379	
4649	 0.014116832425711115	 3.943111117267257	
4650	 0.014014985209728652	 3.895811987631537	
4651	 0.013899494100551026	 3.842453075457687	
4652	 0.013855747971886883	 3.822318525130476	
4653	 0.013815782608464989	 3.803961110244589	
4654	 0.01377805640132293	 3.786664664528848	
4655	 0.013728851918706103	 3.764153145189765	
4656	 0.013677845663142027	 3.740874008999032	
4657	 0.013629446641119179	 3.718838252523395	
4658	 0.01358444769022732	 3.6983972679725876	
4659	 0.01354257822137498	 3.679418360702252	
4660	 0.013511724144054717	 3.6654575993014786	
4661	 0.013482182188910685	 3.652110444156707	
4662	 0.013452673988716059	 3.638797989394047	
4663	 0.01342388963456204	 3.62583083644253	
4664	 0.013396031991064487	 3.6132987985983847	
4665	 0.01331246122363299	 3.575807873199205	
4666	 0.013177091056547185	 3.515411439826414	
4667	 0.013011558449729682	 3.442118189259032	
4668	 0.012930561801466973	 3.4064804998343186	
4669	 0.012872509962497423	 3.381029637032579	
4670	 0.012806811892868022	 3.3523187105763546	
4671	 0.012747894664253924	 3.32665446557465	
4672	 0.012654922150551216	 3.2863164424003943	
4673	 0.012574519434037248	 3.251590984051631	
4674	 0.012503853860322276	 3.221192891070624	
4675	 0.012446845355577598	 3.196752937161059	
4676	 0.012395643261454632	 3.1748657446688626	
4677	 0.012386773664582693	 3.1710804009459204	
4678	 0.012378869688927222	 3.167708684809464	
4679	 0.01231631189225292	 3.1410731251799078	
4680	 0.012268846312069237	 3.1209235261712704	
4681	 0.012241346600644541	 3.1092733738126515	
4682	 0.012220094967428041	 3.1002821391241664	
4683	 0.012198015981112253	 3.090951898845989	
4684	 0.012179659037697025	 3.0832031030157943	
4685	 0.012159964382031131	 3.0748982881803832	
4686	 0.012137184301113945	 3.0653035942588103	
4687	 0.01210929529671233	 3.053573420296055	
4688	 0.012061753626431335	 3.0336187890050446	
4689	 0.011962812840538812	 2.9922584149030356	
4690	 0.01182903101879623	 2.936695161540322	
4691	 0.011676232072425262	 2.873744239824098	
4692	 0.011585543529456252	 2.836640323057501	
4693	 0.011497996499684566	 2.8010049101562333	
4694	 0.011405290193952216	 2.7634661532352744	
4695	 0.011306891905720179	 2.723844540241823	
4696	 0.011236062229421803	 2.695465699401188	
4697	 0.01117919520844649	 2.672767301878171	
4698	 0.011149178741047074	 2.66081724559533	
4699	 0.011136243018494304	 2.6556739250165196	
4700	 0.011107686371430052	 2.644333729858419	
4701	 0.011090269353804133	 2.6374267513528915	
4702	 0.011070216436806241	 2.629483419075805	
4703	 0.011047583073875565	 2.6205294411824562	
4704	 0.011028868863295621	 2.613135147646594	
4705	 0.011012419209939736	 2.606642521578345	
4706	 0.01100097198219281	 2.6021281501452487	
4707	 0.010998255198120288	 2.601057208662807	
4708	 0.011006997788330947	 2.604504119367762	
4709	 0.011017695760655677	 2.608724455592949	
4710	 0.011031133809616366	 2.6140296207579308	
4711	 0.011045865463684048	 2.6198504367377526	
4712	 0.011055942374992318	 2.6238350389132252	
4713	 0.011051428946233075	 2.6220500439393932	
4714	 0.01101746440164804	 2.6086331558496836	
4715	 0.01095797416901812	 2.585199345046609	
4716	 0.010909994606415705	 2.5663613719236062	
4717	 0.010884096685623762	 2.556216114873877	
4718	 0.010850770437019383	 2.543184545490051	
4719	 0.010835202139447211	 2.5371060039664175	
4720	 0.010788979737836619	 2.5190930657534616	
4721	 0.010747083377058913	 2.502810377080525	
4722	 0.010724188617939698	 2.4939303645527304	
4723	 0.010716950813468934	 2.491125720479105	
4724	 0.010717029711207627	 2.49115628649113	
4725	 0.01071926747177687	 2.4920232865604386	
4726	 0.010722356882324546	 2.493220448999841	
4727	 0.010726775125633562	 2.4949329405803495	
4728	 0.010733466648119383	 2.497527440627449	
4729	 0.01074410128325084	 2.501653020442126	
4730	 0.010758463123567213	 2.5072288470556687	
4731	 0.010775094456821677	 2.5136919823836172	
4732	 0.010800034338429666	 2.5233963885804074	
4733	 0.010825298655932123	 2.533242281015135	
4734	 0.01085044302247302	 2.543056648697845	
4735	 0.010874658782563862	 2.5525229059239214	
4736	 0.010894188827069225	 2.560167701004488	
4737	 0.010879031676574436	 2.5542338267626206	
4738	 0.010832176380714662	 2.5359252913304013	
4739	 0.010751104696705668	 2.50437139840645	
4740	 0.01073199784489137	 2.4969578500261367	
4741	 0.010710528081495613	 2.488637973635307	
4742	 0.010690225837930863	 2.4807807507938566	
4743	 0.010670661887845491	 2.4732186626825476	
4744	 0.010664211945973187	 2.4707275797413257	
4745	 0.010658665180953372	 2.4685861230008688	
4746	 0.010655264436897054	 2.4672735545296933	
4747	 0.010654198513332708	 2.4668622027296476	
4748	 0.01066684702540662	 2.4717451732420663	
4749	 0.010682403000131156	 2.4777558675110316	
4750	 0.01069786338968594	 2.4837354129168228	
4751	 0.01071498279510567	 2.490363333063529	
4752	 0.010734416767155818	 2.4978959171659425	
4753	 0.010754374549397601	 2.5056409975093503	
4754	 0.010774479706265416	 2.5134529645011274	
4755	 0.010795019126037505	 2.5214437080894574	
4756	 0.010816825229605573	 2.5299383474176507	
4757	 0.010839283638542644	 2.538699036242329	
4758	 0.010862500587161742	 2.5477683498245236	
4759	 0.010883532127388578	 2.5559951337567597	
4760	 0.010907079596544841	 2.5652186426023666	
4761	 0.010917573505536984	 2.5693333711705524	
4762	 0.01087655413032464	 2.5532644157240347	
4763	 0.010806641522517969	 2.525969828574293	
4764	 0.010774662416125388	 2.5135240019970655	
4765	 0.010732431865613677	 2.497126154516839	
4766	 0.01068856076756173	 2.48013678871114	
4767	 0.01064632955470655	 2.4638263326937877	
4768	 0.01062628715471306	 2.4561006655983224	
4769	 0.010608894447070229	 2.4494042329029524	
4770	 0.010594743977551719	 2.4439615031357658	
4771	 0.010587747329803594	 2.441272154940357	
4772	 0.010602971389841325	 2.447125443570313	
4773	 0.010623602909662922	 2.4550667169855283	
4774	 0.010645176142875011	 2.4633814682922326	
4775	 0.010667045745859055	 2.471821920283339	
4776	 0.010690527892526908	 2.480897576870374	
4777	 0.010714880544519521	 2.4903237249270522	
4778	 0.010740839415674275	 2.5003873282505693	
4779	 0.010768388611948206	 2.511085209967921	
4780	 0.01079845657610544	 2.5227820192571415	
4781	 0.01082857777968196	 2.5345213301990595	
4782	 0.010858786628902897	 2.546316684869473	
4783	 0.010888727989632639	 2.55802920256149	
4784	 0.010916709415385013	 2.5689944562566955	
4785	 0.010930447395519903	 2.574384908020218	
4786	 0.01092481301769502	 2.572173567496352	
4787	 0.010908317690532524	 2.5657039698800124	
4788	 0.010929290613273641	 2.5739308403453918	
4789	 0.010946518844403999	 2.580696691459066	
4790	 0.01096104879480211	 2.586408398202013	
4791	 0.010967335054492164	 2.5888810847666335	
4792	 0.010977426544299286	 2.5928525265108733	
4793	 0.010983493881760415	 2.5952414606543166	
4794	 0.010989146965902412	 2.5974680798857586	
4795	 0.011001199977282253	 2.6022180325877287	
4796	 0.01102560290801165	 2.6118455714445914	
4797	 0.011054801413572053	 2.6233837594914444	
4798	 0.011086472670022461	 2.6359220790547506	
4799	 0.011119092223651204	 2.648860805533456	
4800	 0.01115032003929391	 2.661271223678716	
4801	 0.011179956085622618	 2.6730704980887503	
4802	 0.011207754019454862	 2.6841569168165527	
4803	 0.011235210966383068	 2.6951253529452264	
4804	 0.011257378147010109	 2.7039936945475227	
4805	 0.011277949706885934	 2.712234104165991	
4806	 0.01136338514287363	 2.746564448961628	
4807	 0.011450322952874048	 2.7816755718156396	
4808	 0.011514998019910544	 2.8079111582079763	
4809	 0.011685073624711695	 2.877371947311638	
4810	 0.011806485620188085	 2.927372491661704	
4811	 0.01196065665361442	 2.991359590504895	
4812	 0.011966791430992236	 2.9939172068413114	
4813	 0.011975341205322407	 2.99748310449203	
4814	 0.011981026130289106	 2.9998550846278107	
4815	 0.011986737994990376	 3.0022390608962755	
4816	 0.012005549341415381	 3.0100957573908858	
4817	 0.012209049486102732	 3.0956130824023	
4818	 0.01221198784701909	 3.096854887807968	
4819	 0.012212886675485672	 3.0972347890514396	
4820	 0.01221345570954173	 3.0974753081432205	
4821	 0.012205913391685818	 3.0942879309697777	
4822	 0.012200324069795857	 3.0919267351191193	
4823	 0.012466192648642651	 3.2050389130143704	
4824	 0.013430528737520396	 3.628820063506264	
4825	 0.014202781640778697	 3.983204465203674	
4826	 0.014828137079993526	 4.279777951906094	
4827	 0.015529428118561707	 4.622419479871189	
4828	 0.0162139549499515	 4.966973618794775	
4829	 0.016892262059043164	 5.318101236615275	
4830	 0.017466540075460325	 5.622831352378719	
4831	 0.01797459877920864	 5.898056452686444	
4832	 0.01869489662536174	 6.297217543797778	
4833	 0.019053194651764045	 6.499649295688933	
4834	 0.019068314355909423	 6.508247920815657	
4835	 0.019013052512628976	 6.476842398476573	
4836	 0.01888593019567882	 6.404829163104932	
4837	 0.018690597371551227	 6.294804116783969	
4838	 0.018465545226838048	 6.168986347090366	
4839	 0.01822590424081283	 6.036131931524844	
4840	 0.018005103272296322	 5.914748432280564	
4841	 0.017790343179324725	 5.797633969903453	
4842	 0.017595301550893547	 5.692085833409677	
4843	 0.01741136729357801	 5.593260480857183	
4844	 0.017254535893753746	 5.509544820890413	
4845	 0.01711403502311809	 5.434975750023102	
4846	 0.016966897516676818	 5.357320693378863	
4847	 0.016842053482454395	 5.291782513724471	
4848	 0.016729401275135277	 5.232921830192218	
4849	 0.01662527903910933	 5.178752493192457	
4850	 0.016526147737272887	 5.127389402226417	
4851	 0.01643188428202938	 5.078738629794836	
4852	 0.016328598153573286	 5.025644354116354	
4853	 0.016231994603973354	 4.976187462916329	
4854	 0.016140743328850578	 4.929650564235655	
4855	 0.01603828214315331	 4.8776054289555715	
4856	 0.015907501981154835	 4.811497080800469	
4857	 0.015754015526203573	 4.734371846314996	
4858	 0.01557216568493491	 4.643640708473707	
4859	 0.015370857257079632	 4.544021725171013	
4860	 0.015222251495027962	 4.471038450494723	
4861	 0.015082000002154101	 4.4025923792433925	
4862	 0.014952084684930521	 4.339567987882481	
4863	 0.014834538547233217	 4.282857772443911	
4864	 0.014722577489015738	 4.229119899683993	
4865	 0.014615150360428219	 4.177813634111339	
4866	 0.01450891862632973	 4.127324906414391	
4867	 0.014420696949750102	 4.085582648711304	
4868	 0.01435642070756397	 4.055277185324516	
4869	 0.014305570085164908	 4.031365723567736	
4870	 0.014249719821224603	 4.005168502801899	
4871	 0.014194919971234447	 3.979530436199763	
4872	 0.014141906405022341	 3.9547907925873096	
4873	 0.014091851570588954	 3.931488565005586	
4874	 0.014041433537896983	 3.908072972873933	
4875	 0.01399012345238611	 3.884300565293932	
4876	 0.013939076830954938	 3.8607078305150133	
4877	 0.013889479023055897	 3.837839811401196	
4878	 0.01384006777769723	 3.8151118788161402	
4879	 0.013788751852654072	 3.7915650371662224	
4880	 0.01378894735349986	 3.791654634068923	
4881	 0.013738966770819615	 3.768776401656195	
4882	 0.013628887896015714	 3.7185841636714914	
4883	 0.013486113856677672	 3.6538856613094235	
4884	 0.013408319285864487	 3.6188242209192394	
4885	 0.013309209493108667	 3.574352267474515	
4886	 0.013201556331688027	 3.526296331416455	
4887	 0.013094120722344645	 3.4785972637566624	
4888	 0.013001617823154227	 3.4377364316550967	
4889	 0.012910781529436298	 3.3977999351591563	
4890	 0.012816192420344267	 3.356412130446082	
4891	 0.012747029541311143	 3.326278207367212	
4892	 0.012717585145348998	 3.3134824389990634	
4893	 0.012704950597381227	 3.3079978433076502	
4894	 0.012691326741128744	 3.3020878667539657	
4895	 0.012678992992381467	 3.2967411802223663	
4896	 0.012645023292455324	 3.282033221349332	
4897	 0.012611829366408683	 3.2676865741956367	
4898	 0.012578757767057948	 3.253417809829094	
4899	 0.012549396875627459	 3.2407709720356705	
4900	 0.012517311009083728	 3.2269729251741732	
4901	 0.012479001075410045	 3.210529170445589	
4902	 0.012435160056280403	 3.191752563875961	
4903	 0.012393248750383837	 3.1738436433970736	
4904	 0.01234501283536996	 3.1532821061416345	
4905	 0.012263684629614274	 3.118735469722487	
4906	 0.012170927584718	 3.0795201305497955	
4907	 0.012064153110764256	 3.034624668644322	
4908	 0.01201135826982263	 3.0125235583789025	
4909	 0.011951246243308044	 2.9874380474703863	
4910	 0.011889875260373134	 2.961913791239105	
4911	 0.011833318386779668	 2.9384693578479997	
4912	 0.011791791568896192	 2.921302789049528	
4913	 0.011754197177320055	 2.9057965439798923	
4914	 0.011722835768765165	 2.892886432069876	
4915	 0.011701564656452723	 2.884143142832872	
4916	 0.011695482371349061	 2.8816450237304716	
4917	 0.011686651670858703	 2.8780196154762536	
4918	 0.011678886592585999	 2.8748332027204726	
4919	 0.011672117872524467	 2.872056799120923	
4920	 0.011666078628894018	 2.8695805191432617	
4921	 0.01166109196032234	 2.867536472116055	
4922	 0.011656834589833617	 2.8657918271273823	
4923	 0.011653931348631635	 2.864602339807801	
4924	 0.011649462990546484	 2.862771994230808	
4925	 0.011645588915815366	 2.8611854599844597	
4926	 0.011641308461855859	 2.859432911997655	
4927	 0.011636671196147206	 2.8575347591864944	
4928	 0.01163934168387724	 2.858627797323342	
4929	 0.011627189423869715	 2.853655194073029	
4930	 0.011569345571372198	 2.830033473735204	
4931	 0.011484161865818384	 2.795390115533547	
4932	 0.011497306204918475	 2.8007246467881144	
4933	 0.011600542632914337	 2.842763675545253	
4934	 0.011614377580422384	 2.8484164454692364	
4935	 0.013138525398789984	 3.498280465029039	
4936	 0.013063708763513485	 3.4651422386978274	
4937	 0.012965819489674613	 3.4219752838218374	
4938	 0.012879682566026486	 3.384170087639232	
4939	 0.012797299639960968	 3.3481698497907053	
4940	 0.012735875608723092	 3.3214286774827615	
4941	 0.0126646800852134	 3.290540872792182	
4942	 0.012588336471791913	 3.2575479789617288	
4943	 0.012513106700433794	 3.22516667046881	
4944	 0.012440213961946698	 3.1939148469366785	
4945	 0.012376167414743035	 3.166556264768209	
4946	 0.01232843587133708	 3.146228185627071	
4947	 0.012297014117187234	 3.1328747755533852	
4948	 0.012269484505501194	 3.121194101385441	
4949	 0.012253147119864553	 3.114270485930349	
4950	 0.012243587925842467	 3.110222250639827	
4951	 0.012236545009628497	 3.107240984797424	
4952	 0.012230870806937641	 3.1048399271780847	
4953	 0.01219377299828199	 3.0891601682393155	
4954	 0.012118617358799712	 3.0574922975193215	
4955	 0.012002767683378459	 3.00893346011651	
4956	 0.011950824313935774	 2.9872622676115563	
4957	 0.011864525813874024	 2.9513965091667997	
4958	 0.01175039204435216	 2.904228912594004	
4959	 0.011614998278448713	 2.848670159446995	
4960	 0.011458799980472596	 2.785108685928916	
4961	 0.011290787790521745	 2.7173817742855975	
4962	 0.011138379026130378	 2.6565229400213894	
4963	 0.010986143238376964	 2.5962848859115266	
4964	 0.010883008141055698	 2.555790040255921	
4965	 0.010813696494272475	 2.5287188361275397	
4966	 0.010775287815305875	 2.513767162943246	
4967	 0.010753261345641491	 2.5052087404288153	
4968	 0.01074648391928226	 2.5025777091097874	
4969	 0.01074778301920605	 2.503081940623708	
4970	 0.01075385742315407	 2.505440193650094	
4971	 0.010764504754351222	 2.509575927387037	
4972	 0.010758070226082644	 2.5070762428679734	
4973	 0.010762897188576863	 2.508951327118136	
4974	 0.010776845556087962	 2.514372867772607	
4975	 0.010798497538547773	 2.522797968981518	
4976	 0.010817644824479593	 2.5302578461040723	
4977	 0.010805256034347812	 2.525430106197078	
4978	 0.010761331133279813	 2.5083429150469687	
4979	 0.010681505264898323	 2.4774088316070633	
4980	 0.010666825855776538	 2.4717369974590016	
4981	 0.010638755265646229	 2.4609055597351963	
4982	 0.010603276492409124	 2.4472428055484645	
4983	 0.010565718723539428	 2.432812609437489	
4984	 0.010529253307508866	 2.4188347898800644	
4985	 0.010498724123481096	 2.407157219318253	
4986	 0.010473518837983375	 2.397533110596921	
4987	 0.010451760008748158	 2.3892373665332802	
4988	 0.010497355304454939	 2.4066341685549193	
4989	 0.010765407276354732	 2.509926618670502	
4990	 0.011345423943711222	 2.7393328018210457	
4991	 0.011751490025374562	 2.9046812219779525	
4992	 0.01216160184890969	 3.0755884313896122	
4993	 0.01273100001182687	 3.319309744414724	
4994	 0.013904934937523098	 3.8449602276763097	
4995	 0.015951911124546476	 4.833905086943073	
4996	 0.02031953188990188	 7.235464456981512	
4997	 0.025877406777612272	 10.826252981109	
4998	 0.03236299427745236	 15.716581080798463	
4999	 0.03653026178844412	 19.23231473295668	
5000	 0.04004399192457401	 22.413302805038647	
5001	 0.04117092248690369	 23.47440429196468	
5002	 0.040912611235282656	 23.2294493550964	
5003	 0.0400607844289539	 22.428970078129034	
5004	 0.0391050214274419	 21.544237613242274	
5005	 0.03816413165300263	 20.687240285916268	
5006	 0.03723219088031835	 19.85216627729621	
5007	 0.03632522233895019	 19.052737558242164	
5008	 0.03547673958674381	 18.31680618845928	
5009	 0.03465850530659617	 17.61813629600818	
5010	 0.033890797024546435	 16.972528791210056	
5011	 0.0331764893105057	 16.380517930252413	
5012	 0.03250006479719251	 15.827681221308957	
5013	 0.031875788875393385	 15.324223805971235	
5014	 0.03127979220361441	 14.849665883524716	
5015	 0.030708568939166465	 14.40045497593074	
5016	 0.030159705192417112	 13.974042830848319	
5017	 0.029632027124673575	 13.568937879977085	
5018	 0.029122386822278478	 13.18221913577951	
5019	 0.028630071280146534	 12.812905766826281	
5020	 0.028065860932800446	 12.394838283738567	
5021	 0.02753545558317943	 12.006894481849997	
5022	 0.027049197624959623	 11.655589087537528	
5023	 0.026591135347468448	 11.328481964806407	
5024	 0.026149108291943536	 11.01636684134865	
5025	 0.025703037865409936	 10.704942610006611	
5026	 0.025259784153551058	 10.399033451602376	
5027	 0.0248262964362415	 10.103305329140332	
5028	 0.02442341185621047	 9.83152312695936	
5029	 0.024037228922363776	 9.573797763865073	
5030	 0.023676044628603794	 9.33524026104364	
5031	 0.0233398012130882	 9.115325285696597	
5032	 0.022994671681380374	 8.891784700551552	
5033	 0.022659175324607022	 8.676616777226277	
5034	 0.0223298486618156	 8.467461216804542	
5035	 0.022009613663150615	 8.266042153083562	
5036	 0.021726004685761666	 8.089283039857873	
5037	 0.021453194672235835	 7.9206995431209375	
5038	 0.021189434593572795	 7.7590615558847995	
5039	 0.02093204375205602	 7.6026145598864066	
5040	 0.02067850935413832	 7.449760273779881	
5041	 0.02042858985324634	 7.300303211948308	
5042	 0.020182714874683264	 7.154449536977652	
5043	 0.01994344043653107	 7.013643988428578	
5044	 0.01971826009532135	 6.882156879158521	
5045	 0.019502302591469053	 6.75699193962558	
5046	 0.01929331617243836	 6.63674379370843	
5047	 0.019089565692944382	 6.520341311469589	
5048	 0.01888911650761237	 6.406630233271232	
5049	 0.018659912866091727	 6.277589825563749	
5050	 0.01839973102988117	 6.13238445528572	
5051	 0.0181250476856296	 5.980564515568218	
5052	 0.017947144457689784	 5.883049656715032	
5053	 0.017759422433157063	 5.7808492750420415	
5054	 0.017502179770700902	 5.641966249133254	
5055	 0.017239241850552325	 5.5014079925785655	
5056	 0.01697034264006139	 5.35913381998392	
5057	 0.016705941151120052	 5.220697085016717	
5058	 0.016459468929385684	 5.092956272252346	
5059	 0.016270454621514066	 4.995853907391101	
5060	 0.016116442580064654	 4.917287020561021	
5061	 0.015975555257715154	 4.845852449082675	
5062	 0.015842719611317446	 4.778883866283355	
5063	 0.01571369363549637	 4.714193296594827	
5064	 0.015593285930390827	 4.654142262540965	
5065	 0.015482498776764966	 4.5991616460515	
5066	 0.015381893922554188	 4.549460898047225	
5067	 0.01528841672073646	 4.503475141074887	
5068	 0.015199668306069036	 4.459988796639037	
5069	 0.015114056392066684	 4.4181994146204975	
5070	 0.015030090795223373	 4.377366636873147	
5071	 0.014948843988047735	 4.33800051321174	
5072	 0.014874337649868846	 4.302025460650495	
5073	 0.014778009425331981	 4.255691605320328	
5074	 0.014640605202531024	 4.189947996016944	
5075	 0.014472311957682301	 4.109983789491067	
5076	 0.014391310610327949	 4.071716149764743	
5077	 0.014340740131652017	 4.047897684909171	
5078	 0.014292633535246794	 4.0252916044585865	
5079	 0.014245701123701597	 4.003286121041754	
5080	 0.01419965876428764	 3.9817448750819393	
5081	 0.014152821159097438	 3.9598792947812114	
5082	 0.014030358311584041	 3.9029368149817354	
5083	 0.013886008874238296	 3.83624186736052	
5084	 0.013787978799410237	 3.791210759647601	
5085	 0.01370274204208554	 3.7522294416373856	
5086	 0.013628172625365212	 3.718258905097777	
5087	 0.013563496379872145	 3.6888954184812386	
5088	 0.013510793773549305	 3.6650369577744137	
5089	 0.013468938834494685	 3.6461333757935592	
5090	 0.013439781080302641	 3.632987533652211	
5091	 0.013411191887827592	 3.6201164763336955	
5092	 0.013368138369686594	 3.600767971324406	
5093	 0.013322564790347824	 3.580332149612397	
5094	 0.013276811750029972	 3.559862681795501	
5095	 0.01323299315483184	 3.5403027007408823	
5096	 0.013193672121830327	 3.5227870828855288	
5097	 0.013116941146429832	 3.488707293770515	
5098	 0.013008373197875683	 3.440713909788043	
5099	 0.012870387317217123	 3.3801004823014997	
5100	 0.012797801831391833	 3.3483888340359464	
5101	 0.012706029450997351	 3.308466026480872	
5102	 0.012611620823255211	 3.2675965198655743	
5103	 0.012526084129427021	 3.2307433349941297	
5104	 0.012419572798457925	 3.185087339384003	
5105	 0.012302871537884057	 3.1353623006896294	
5106	 0.01223080499700848	 3.104812083844549	
5107	 0.012186345997734336	 3.0860248881995034	
5108	 0.012147710119037022	 3.0697354505141163	
5109	 0.01212069380108055	 3.0583654814103407	
5110	 0.012099199594371496	 3.0493315824446903	
5111	 0.012080993253853207	 3.0416879200880067	
5112	 0.01206660132601568	 3.0356511140807116	
5113	 0.012054389645642727	 3.030532592668798	
5114	 0.012043695738301774	 3.0260530833750194	
5115	 0.01203310371502279	 3.021618864807304	
5116	 0.012007758708975044	 3.0110190548422064	
5117	 0.011990175699849318	 3.003674230111835	
5118	 0.011979369346939888	 2.9991637302589287	
5119	 0.011973103171060817	 2.9965495121689467	
5120	 0.011968026200803847	 2.994432093636475	
5121	 0.011935914900627453	 2.981053518239296	
5122	 0.011864644848121313	 2.9514458605473113	
5123	 0.011748736383302483	 2.9035469221791823	
5124	 0.011701781814174186	 2.884232349966851	
5125	 0.011647773876913443	 2.862080215062692	
5126	 0.011585416923069825	 2.8365886587467486	
5127	 0.0115179380320713	 2.8091061208555885	
5128	 0.011455278528944918	 2.783682326486803	
5129	 0.01139018908776958	 2.7573705937297373	
5130	 0.011322995790315954	 2.7303133529392007	
5131	 0.011275235441550036	 2.711146268669131	
5132	 0.011240445951571516	 2.6972186428947897	
5133	 0.011215023234671094	 2.6870590641929017	
5134	 0.011196250555457046	 2.679566859898098	
5135	 0.011183523216764172	 2.6744921207116144	
5136	 0.01117167864752344	 2.669772823459165	
5137	 0.011156710615721438	 2.663813797339393	
5138	 0.01113778777413264	 2.6562879197819473	
5139	 0.011119834026694607	 2.6491553404744472	
5140	 0.011108168053111675	 2.6445248505963015	
5141	 0.011113271292048373	 2.6465500433356484	
5142	 0.011127311361653042	 2.65212496835495	
5143	 0.011142132586421997	 2.6580151588108754	
5144	 0.011159329630017957	 2.664856086677771	
5145	 0.011175305416866217	 2.6712175030945504	
5146	 0.01119094744489504	 2.6774518965603353	
5147	 0.011202067349870042	 2.6818874565011233	
5148	 0.011207513857985548	 2.684061056625554	
5149	 0.011203990492515156	 2.6826548665277987	
5150	 0.011195421292167721	 2.6792360926832504	
5151	 0.011186258283468767	 2.6755823422381364	
5152	 0.011197706578931394	 2.6801476616811297	
5153	 0.011205427251460044	 2.683228247522538	
5154	 0.011229529987930097	 2.692854461259761	
5155	 0.011445301655145174	 2.7796427937222576	
5156	 0.0114946473281514	 2.799645233416963	
5157	 0.011511524014738837	 2.8064994172104534	
5158	 0.011528361117011512	 2.813344203350512	
5159	 0.011549050633600079	 2.8217642416242743	
5160	 0.011573246493076604	 2.83162402462545	
5161	 0.011599856397725363	 2.8424834061844892	
5162	 0.011620869464195625	 2.8510704883377214	
5163	 0.011625047126427056	 2.852778942938328	
5164	 0.011625403993202383	 2.8529249025530143	
5165	 0.011610007564573378	 2.846630431585122	
5166	 0.011592458036214226	 2.839462499734101	
5167	 0.011576723407704683	 2.8330419933429174	
5168	 0.011562011494143688	 2.827044065535508	
5169	 0.011521361741633986	 2.810497937743192	
5170	 0.011452235353267011	 2.782449927501526	
5171	 0.011365582675900567	 2.747449756622511	
5172	 0.011330478570625004	 2.7333212193337384	
5173	 0.011298135241169233	 2.7203296286836456	
5174	 0.011268591881285647	 2.708484369221376	
5175	 0.011241383184972904	 2.6975934788032885	
5176	 0.011230819031190902	 2.6933696711154016	
5177	 0.011215135119529982	 2.687103742689132	
5178	 0.011201671401563364	 2.681729468358889	
5179	 0.011207646457029478	 2.684113983221358	
5180	 0.01123231458781377	 2.693967470444232	
5181	 0.011233474514109817	 2.6944311491821757	
5182	 0.011233556113840316	 2.6944637697496456	
5183	 0.011233856764801615	 2.694583960296217	
5184	 0.011237841400384715	 2.6961770914834844	
5185	 0.011253250265371597	 2.702341385361652	
5186	 0.011274237263548401	 2.7107462582925295	
5187	 0.011297297451337868	 2.7199934363063707	
5188	 0.011316181305007937	 2.7275752749226543	
5189	 0.01137027159500702	 2.7493391363886324	
5190	 0.011503041788791172	 2.8030536651241516	
5191	 0.011667379207395731	 2.8701137250786375	
5192	 0.011853372810454255	 2.9467739589271975	
5193	 0.011996628175524549	 3.0063687432165587	
5194	 0.011999187678529175	 3.007437843208619	
5195	 0.011964156197665079	 2.9928184590692406	
5196	 0.011974048823670166	 2.996943975412541	
5197	 0.011970472581556731	 2.9954523147992784	
5198	 0.01195550089901013	 2.989210809396101	
5199	 0.011932666044241036	 2.9797012778108205	
5200	 0.011904086197301824	 2.967816339471005	
5201	 0.011870948532642239	 2.9540598281475674	
5202	 0.011835947946255655	 2.9395577327829434	
5203	 0.01182492568177128	 2.934996694919263	
5204	 0.011825815633699919	 2.9353648538921044	
5205	 0.011824360148464068	 2.934762752374058	
5206	 0.01184084938945276	 2.941586870921029	
5207	 0.011926226589233284	 2.977021770355901	
5208	 0.01196525422217424	 2.9932762554647776	
5209	 0.012024272074812572	 3.017923597413578	
5210	 0.012135343305720706	 3.06452871320922	
5211	 0.012182502593209825	 3.0844029096532495	
5212	 0.012199068061390515	 3.0913962365469	
5213	 0.012208431430791472	 3.0953519062115893	
5214	 0.012227544807199054	 3.10343286455515	
5215	 0.012315191498497064	 3.140596909568068	
5216	 0.01236869891412015	 3.1633720978155933	
5217	 0.01238118108077708	 3.1686945410740783	
5218	 0.012345063404005882	 3.1533036340512774	
5219	 0.012279940285872412	 3.1256283802208706	
5220	 0.012269655218215781	 3.1212664801378844	
5221	 0.012244902045202174	 3.1107786438479503	
5222	 0.012209104079707234	 3.0956361528480385	
5223	 0.012167265100431488	 3.0779757997882475	
5224	 0.01213570420655633	 3.064680611389247	
5225	 0.012104737040847802	 3.051657919015342	
5226	 0.01207323573525774	 3.0384333726042105	
5227	 0.012039472732754658	 3.0242848629493166	
5228	 0.012018311007562395	 3.015430435752423	
5229	 0.011995766092833655	 3.0060086869940355	
5230	 0.011985892396073372	 3.001886083241281	
5231	 0.011983677124490222	 3.000961442975763	
5232	 0.011981377570814772	 3.0000017444303886	
5233	 0.011979058582473296	 2.999034059345774	
5234	 0.011979742162687169	 2.9993192959143813	
5235	 0.011982635410039138	 3.000526677379472	
5236	 0.011984256675906897	 3.00120333304486	
5237	 0.011985237452373482	 3.0016127020441323	
5238	 0.011985659904803419	 3.001789037512826	
5239	 0.011984918990913553	 3.0014797760868763	
5240	 0.012021684894101669	 3.016841431598692	
5241	 0.01205970120335059	 3.0327585055761532	
5242	 0.012039773078689694	 3.0244106075504895	
5243	 0.011973799703319533	 2.9968400569903917	
5244	 0.011983060913279022	 3.0007042605920544	
5245	 0.011993237560865264	 3.0049527234501814	
5246	 0.01200381260108886	 3.0093700509625565	
5247	 0.0120144924451957	 3.013833790208279	
5248	 0.012025526185488413	 3.0184482226272507	
5249	 0.012039504123142314	 3.0242980049363517	
5250	 0.012063495722672091	 3.0343490739593033	
5251	 0.012115712092706378	 3.0562707446836037	
5252	 0.012221678059345882	 3.1009515615727103	
5253	 0.012399099326386718	 3.1763412041862638	
5254	 0.012653546245975913	 3.2857209568518964	
5255	 0.01298923785670331	 3.432282552404092	
5256	 0.013450433547335564	 3.6377880215357012	
5257	 0.013955710437090336	 3.868389237563577	
5258	 0.01441263480959553	 4.081776498729616	
5259	 0.014736935425046055	 4.235996092622231	
5260	 0.014778820287162426	 4.256080791813508	
5261	 0.014837478326127163	 4.284272431274125	
5262	 0.01496251550403797	 4.344614750563699	
5263	 0.015217176633454682	 4.46855443560239	
5264	 0.015687846784783785	 4.70127672482426	
5265	 0.01620576124570069	 4.962790899130747	
5266	 0.016632877236648035	 5.182697808295031	
5267	 0.01708618041371607	 5.4202405752104195	
5268	 0.01763535811433946	 5.713699404011746	
5269	 0.018166328523820267	 6.0032835453151545	
5270	 0.01842913246242772	 6.148724993677333	
5271	 0.018393575702804917	 6.128965689483464	
5272	 0.01827103739199795	 6.061064802147592	
5273	 0.018085993970015986	 5.959102919243122	
5274	 0.01789791741347822	 5.856179989469322	
5275	 0.01774580522963534	 5.773463629461709	
5276	 0.01761263383403316	 5.701433900328082	
5277	 0.017481130461391697	 5.630661764161289	
5278	 0.017350659678013594	 5.560795222985709	
5279	 0.017222838492421868	 5.492686327082334	
5280	 0.01709817707837738	 5.426584886261372	
5281	 0.01697596441724528	 5.362093020000927	
5282	 0.016854236635180934	 5.298163974165311	
5283	 0.016729430563635843	 5.2329370991709565	
5284	 0.016598232519433438	 5.164718516990873	
5285	 0.01647536169173221	 5.101154915908933	
5286	 0.016359121283564183	 5.041311545039137	
5287	 0.016248901235682643	 4.984828809476929	
5288	 0.01614207912451093	 4.93033053988812	
5289	 0.016010067574790815	 4.863312666317209	
5290	 0.015856793829941488	 4.785961667423247	
5291	 0.015685005302500023	 4.699857602093933	
5292	 0.015608880292362015	 4.661902287294194	
5293	 0.015535558197516054	 4.625460966053786	
5294	 0.01546445404864095	 4.59023130725562	
5295	 0.015395457932864664	 4.556149180573616	
5296	 0.015329280836841265	 4.523555097646601	
5297	 0.015260120518324156	 4.489591796949751	
5298	 0.01521021895321743	 4.465149726689528	
5299	 0.015096417083389135	 4.409608773461798	
5300	 0.015001563361579855	 4.363528173738075	
5301	 0.01491186404489986	 4.320129934457762	
5302	 0.014831314122662868	 4.28130635341309	
5303	 0.014754540854224665	 4.244433647723137	
5304	 0.014686265222098024	 4.2117494539373626	
5305	 0.014632088870382367	 4.185886680582346	
5306	 0.014572063872536675	 4.15730633372693	
5307	 0.01451246848521459	 4.129008079852148	
5308	 0.01445054617356397	 4.099686866874255	
5309	 0.014390090840608665	 4.071140986056501	
5310	 0.014330569364879881	 4.043114053429378	
5311	 0.014271956618972789	 4.015590747637802	
5312	 0.014219838028708182	 3.991180164975368	
5313	 0.014165923118062904	 3.9659909366174855	
5314	 0.014073499477762631	 3.922958846376018	
5315	 0.013934943123009136	 3.858799829815795	
5316	 0.01390839482022926	 3.8465548911063636	
5317	 0.013877432587968832	 3.8322937765279432	
5318	 0.01377766130370721	 3.7864836898160887	
5319	 0.013678206556637146	 3.741038516992834	
5320	 0.013591379044272458	 3.7015429314549966	
5321	 0.013506552925535894	 3.663119819191689	
5322	 0.013389752774519426	 3.610476427961607	
5323	 0.013289177560267502	 3.565390395890833	
5324	 0.013210022891555847	 3.530066339061941	
5325	 0.013141984524879169	 3.4998156519206782	
5326	 0.013080967360977566	 3.472775322066334	
5327	 0.013027623133081345	 3.4492041061254675	
5328	 0.012983062170181622	 3.42956320609405	
5329	 0.01294370648744256	 3.412253939057239	
5330	 0.012904144318110673	 3.3948891829554144	
5331	 0.012859253309395764	 3.3752284181091863	
5332	 0.012813581547309522	 3.3552726122287986	
5333	 0.012766787860215229	 3.3348757158360915	
5334	 0.012719554875077867	 3.3143378165125466	
5335	 0.012675316986941897	 3.2951483003986652	
5336	 0.012630226197051413	 3.2756347076370282	
5337	 0.012555420762568126	 3.243364079574441	
5338	 0.012455257928898412	 3.200354783792866	
5339	 0.012329249846923348	 3.146574405444937	
5340	 0.012260598333930495	 3.117427470720409	
5341	 0.01217938021780104	 3.0830854681123916	
5342	 0.012091868485216133	 3.0462528020239437	
5343	 0.012001878446102824	 3.00856193612215	
5344	 0.011899359372409	 2.965852519224232	
5345	 0.011798805659849596	 2.924199485706392	
5346	 0.011708643447266411	 2.8870516374377355	
5347	 0.011648736398482545	 2.862474409102096	
5348	 0.011614192197340379	 2.8483406707945065	
5349	 0.011597943194235695	 2.8417020818305243	
5350	 0.011615088573831457	 2.8487070689701737	
5351	 0.011648944204287902	 2.862559517380041	
5352	 0.011648818038255026	 2.8625078451042847	
5353	 0.011713186390186838	 2.8889188345327357	
5354	 0.01198861178743049	 3.0030212956720237	
5355	 0.012006717294903513	 3.01058383249465	
5356	 0.012158855007287325	 3.07443075518228	
5357	 0.012175351682596772	 3.0813860180769232	
5358	 0.012154492696072272	 3.072592585967856	
5359	 0.012134885970917844	 3.0643362316296425	
5360	 0.012114079682944675	 3.055584464740058	
5361	 0.012142818355426436	 3.0676754731907323	
5362	 0.012163574740438709	 3.0764200283213423	
5363	 0.012161793306035833	 3.075669128874969	
5364	 0.012127276726224361	 3.061134387214087	
5365	 0.012063443127676054	 3.0343270251616663	
5366	 0.011988787082456554	 3.0030944786325606	
5367	 0.011911278364211122	 2.9708054151754673	
5368	 0.011817848979784136	 2.9320698332072226	
5369	 0.011726872384133256	 2.894546839491811	
5370	 0.011635850147042852	 2.8571987350871972	
5371	 0.011567951428368339	 2.829465116481545	
5372	 0.01153484151164256	 2.815980455000163	
5373	 0.011516495481394716	 2.8085197733184786	
5374	 0.011506817084196583	 2.804587102030666	
5375	 0.011504123056570644	 2.803492816586867	
5376	 0.011504069464526282	 2.8034710497998123	
5377	 0.01150610379881204	 2.804297356447747	
5378	 0.011509055409914997	 2.8054964161104707	
5379	 0.011511340773493623	 2.806424960848503	
5380	 0.011513022425647947	 2.807108295727503	
5381	 0.011513747046095235	 2.807402763833265	
5382	 0.011513155323677096	 2.807162301325361	
5383	 0.01151158504702354	 2.8065242166163853	
5384	 0.011508233464404058	 2.805162489156527	
5385	 0.011473761000870122	 2.7911718862265626	
5386	 0.011399384980879052	 2.7610818737190748	
5387	 0.011294704221397311	 2.7189529177322482	
5388	 0.011243980436777497	 2.698632329181897	
5389	 0.011164159839315721	 2.666778793227905	
5390	 0.011070835799180655	 2.62972861655014	
5391	 0.010973248242623999	 2.5912078870289537	
5392	 0.010870822464231222	 2.5510223011579574	
5393	 0.010766373365001951	 2.510302031645747	
5394	 0.01066224902626014	 2.4699696643375044	
5395	 0.010595313311992111	 2.4441803941225793	
5396	 0.010551112482499875	 2.427209919045617	
5397	 0.010524783749555207	 2.4171237485634407	
5398	 0.010511796607571391	 2.4121547445523843	
5399	 0.010507919956845914	 2.4106722938968055	
5400	 0.010509345624040356	 2.4112174337926042	
5401	 0.010514048084163287	 2.4130158878117185	
5402	 0.010521252538391588	 2.415772268736812	
5403	 0.010530276837588332	 2.419226686993219	
5404	 0.010541133409565326	 2.42338509836019	
5405	 0.010555672724768055	 2.428958590864516	
5406	 0.010572493723486747	 2.4354131310607716	
5407	 0.010590501809958432	 2.4423307715050364	
5408	 0.01060701937784576	 2.448682742093517	
5409	 0.010598141699040331	 2.445267935234882	
5410	 0.010556821138891056	 2.4293990414768265	
5411	 0.010485323272101619	 2.402038465705155	
5412	 0.010480524580661177	 2.4002065586008423	
5413	 0.010464539173086767	 2.3941081409371225	
5414	 0.01042919966059321	 2.380648185609553	
5415	 0.010383264525222573	 2.3631980183621786	
5416	 0.010334480876009274	 2.3447220082201286	
5417	 0.010286912747829896	 2.326762256834609	
5418	 0.01023681440426489	 2.3079069721051497	
5419	 0.010204538862317852	 2.295792097177389	
5420	 0.010211536792741848	 2.2984166589470365	
5421	 0.010246135148354445	 2.3114103305979543	
5422	 0.010289680724177084	 2.327805815883959	
5423	 0.01033208443053966	 2.3438158888314518	
5424	 0.0103540893279132	 2.3521414166689913	
5425	 0.01037128417684767	 2.3586552843665296	
5426	 0.01038222373380099	 2.3628032301853406	
5427	 0.01038984561286762	 2.3656949368098057	
5428	 0.010392755005442537	 2.3667991203175722	
5429	 0.010393436819373025	 2.367057914689059	
5430	 0.010394653555826172	 2.3675197763569087	
5431	 0.010401846115771654	 2.3702507404271893	
5432	 0.01041253991042163	 2.3743134262783916	
5433	 0.010393313457826734	 2.3670110898234724	
5434	 0.010350258595908867	 2.350691214745784	
5435	 0.010256283038957158	 2.3152270025526276	
5436	 0.010237886145959997	 2.3083096960958946	
5437	 0.010199834105044546	 2.2940282604037137	
5438	 0.010127964831229042	 2.2671515798772774	
5439	 0.010022523927123248	 2.227949894429611	
5440	 0.009903120314511639	 2.1838879011739265	
5441	 0.009775464546745691	 2.137170930141394	
5442	 0.009655417772494967	 2.09360798523096	
5443	 0.009593253950179079	 2.071191007740704	
5444	 0.00953788474139037	 2.051305604653334	
5445	 0.009478790846799564	 2.0301672494122327	
5446	 0.009430902865135296	 2.013101641546523	
5447	 0.009398149503823923	 2.001462691468062	
5448	 0.009330231828898557	 1.9774141672663583	
5449	 0.009280380900263362	 1.959836850154646	
5450	 0.009243055544946345	 1.9467171494550528	
5451	 0.009211498639588043	 1.935652549029379	
5452	 0.00917472507384266	 1.9227907108441982	
5453	 0.009150377317606359	 1.9142937778702693	
5454	 0.009132532004138834	 1.9080756444193956	
5455	 0.009122125787508817	 1.9044533729899986	
5456	 0.009113594530432962	 1.9014858052377	
5457	 0.009065690072620904	 1.884856809866778	
5458	 0.008986147467242071	 1.8573745286211385	
5459	 0.008882250823971496	 1.8217214482590447	
5460	 0.008838971809611232	 1.8069515085485295	
5461	 0.008792033756793053	 1.7909872526928923	
5462	 0.00873992099965752	 1.7733294576236982	
5463	 0.008683798100025116	 1.7543912222175215	
5464	 0.00861760439604506	 1.7321593353613354	
5465	 0.008556379913380895	 1.711697497923859	
5466	 0.008502543096224169	 1.6937851455240818	
5467	 0.008460039320185032	 1.6796967653279706	
5468	 0.008452389641266107	 1.6771661884844724	
5469	 0.008472657599047091	 1.683874330218289	
5470	 0.008507907639737425	 1.6955666311431552	
5471	 0.008554326200703882	 1.711012813195984	
5472	 0.008604174684329504	 1.7276626652733207	
5473	 0.008654391872343866	 1.7445008164429212	
5474	 0.008703535424810461	 1.7610421555205782	
5475	 0.008751997697618284	 1.7774152738881064	
5476	 0.008802546757047162	 1.7945579383271812	
5477	 0.008852292949445022	 1.8114925238836987	
5478	 0.00890010817200087	 1.8278296803673582	
5479	 0.008945510732096715	 1.8433967541270166	
5480	 0.008990907222918353	 1.8590144990667836	
5481	 0.009003426635345677	 1.863330817304518	
5482	 0.008962027894531405	 1.8490730500215924	
5483	 0.008895756195744738	 1.8263403024507743	
5484	 0.008897254175836665	 1.826852901738788	
5485	 0.008887542431073179	 1.8235306271353444	
5486	 0.008874783568786003	 1.819169646396944	
5487	 0.008866256650574595	 1.8162574735396977	
5488	 0.008871518960832329	 1.8180544741392055	
5489	 0.00887669688786498	 1.8198233528772607	
5490	 0.00887877040676399	 1.8205318994551087	
5491	 0.008877067472289309	 1.8199499779764785	
5492	 0.008887181087400506	 1.8234070623574323	
5493	 0.008903773199693077	 1.8290843403801271	
5494	 0.008927967378721298	 1.837375444218876	
5495	 0.008955598521252202	 1.8468626987748709	
5496	 0.00898469722380547	 1.8568749633512573	
5497	 0.009011126808649142	 1.8659875946943776	
5498	 0.009041519237401636	 1.8764886176755415	
5499	 0.009078737298778124	 1.8893800817782673	
5500	 0.009118122667616534	 1.9030606713122273	
5501	 0.009181509009125814	 1.9251608640599074	
5502	 0.009244181169754704	 1.9471122861170111	
5503	 0.009289329339766506	 1.9629874244338028	
5504	 0.009324905931133555	 1.9755332740778453	
5505	 0.009338234414722597	 1.9802417051510934	
5506	 0.009296837916886375	 1.9656326124080126	
5507	 0.009214881907249959	 1.936837595506815	
5508	 0.00918786731704237	 1.9273833729016747	
5509	 0.00917236937292329	 1.9219679555515294	
5510	 0.009159934315117184	 1.9176272049683514	
5511	 0.009137856946752794	 1.9099302538404328	
5512	 0.009120937175159018	 1.904039807385528	
5513	 0.009131876125395292	 1.9078472600939538	
5514	 0.010525563052202475	 2.4174220472383134	
5515	 0.010724679570534279	 2.4941206540485985	
5516	 0.010894411888141211	 2.5602550683245844	
5517	 0.01117501913401978	 2.6711034544262886	
5518	 0.011237587895544538	 2.696075724328997	
5519	 0.011394770342318476	 2.759219247573585	
5520	 0.011374081405958332	 2.7508746658472347	
5521	 0.011345452518136817	 2.7393443005726468	
5522	 0.011336262650671683	 2.7356471638656936	
5523	 0.011347517813023384	 2.7401754554715945	
5524	 0.011373470473046796	 2.7506284086303734	
5525	 0.011400072297842189	 2.7613593414000395	
5526	 0.011425047486275385	 2.77144930966691	
5527	 0.011448507098868833	 2.7809403888091198	
5528	 0.011464525353419866	 2.787428364773763	
5529	 0.011450964517329201	 2.7819353399623195	
5530	 0.011408124224074678	 2.7646107090885956	
5531	 0.011346139274297222	 2.7396206667391927	
5532	 0.011332258687627118	 2.73403697115173	
5533	 0.011311545237937294	 2.72571311921191	
5534	 0.011275624957927376	 2.7113023700707544	
5535	 0.011227011577753871	 2.6918480069821924	
5536	 0.011170927293845391	 2.6694735699146506	
5537	 0.011114245190920854	 2.6469366002917387	
5538	 0.01105932903638128	 2.625174732960457	
5539	 0.01102162519522702	 2.610275298721403	
5540	 0.010999646540675376	 2.6016056462894697	
5541	 0.010989657880483382	 2.597669354968982	
5542	 0.010984753027507024	 2.5957373429532526	
5543	 0.01098324044884918	 2.595141657175408	
5544	 0.01099057748106556	 2.5980316478488854	
5545	 0.01101421310514167	 2.607350252447782	
5546	 0.01104289033587995	 2.618674477869827	
5547	 0.011078100640495374	 2.6326053550424153	
5548	 0.01111087118050174	 2.645597494822193	
5549	 0.011146638069728234	 2.6598067453758723	
5550	 0.011182089910853057	 2.6739208634067193	
5551	 0.011217065661913939	 2.68787470461725	
5552	 0.011252989375660239	 2.7022369699558566	
5553	 0.011257686566244823	 2.70411716487236	
5554	 0.011213505010610999	 2.6864528277269932	
5555	 0.011142453672843356	 2.658142821501222	
5556	 0.011115208795714964	 2.6473190935793416	
5557	 0.011075063816542796	 2.631402677690281	
5558	 0.01101973553362352	 2.6095294536185945	
5559	 0.010956127559099789	 2.584473300476464	
5560	 0.010894817894758017	 2.560414093798988	
5561	 0.010840544624659292	 2.5391912871578723	
5562	 0.010803219155371751	 2.524636715733936	
5563	 0.010798359387586016	 2.522744176701899	
5564	 0.010807730913416143	 2.5263942374898467	
5565	 0.0108184254421155	 2.530562165488436	
5566	 0.010831106289427213	 2.5355077725567137	
5567	 0.010841513305691424	 2.539569456918442	
5568	 0.010848717390652931	 2.542382613726722	
5569	 0.010853237993985167	 2.544148521345024	
5570	 0.01085351732075647	 2.5442576523541525	
5571	 0.010845992773318212	 2.541318518685753	
5572	 0.010848102262843351	 2.5421423609493647	
5573	 0.010832688309767054	 2.5361250410139378	
5574	 0.01080805251984486	 2.52651953555873	
5575	 0.010781077871513119	 2.516018836750932	
5576	 0.010743996751554566	 2.5016124553638637	
5577	 0.010674496256865547	 2.4747000404652506	
5578	 0.010561267184198508	 2.431104531908068	
5579	 0.010425977739237025	 2.3794225448463933	
5580	 0.01035450908328537	 2.352300345395358	
5581	 0.01028451600529149	 2.3258588084267613	
5582	 0.010210075148588106	 2.2978683727209566	
5583	 0.0101283360289836	 2.267290069671126	
5584	 0.010069540402601418	 2.2453962756293833	
5585	 0.010009404751767684	 2.223091485763153	
5586	 0.009946217253133868	 2.199750805066834	
5587	 0.009900051494950737	 2.1827600974453145	
5588	 0.009887649498908377	 2.178204687376109	
5589	 0.009884675346430987	 2.177112809524038	
5590	 0.009887589059115767	 2.178182496397465	
5591	 0.009896193360213258	 2.1813425478243427	
5592	 0.00990839410630711	 2.185826585495844	
5593	 0.009921703041577213	 2.190722105947973	
5594	 0.009938209589385348	 2.196799911495119	
5595	 0.009959245881889919	 2.20455535335502	
5596	 0.009977721337594283	 2.2113757067448936	
5597	 0.0099961904178397	 2.218202126794903	
5598	 0.010016228213443399	 2.2256178807950726	
5599	 0.010038202943126436	 2.233761849380359	
5600	 0.010055735404349482	 2.240268017094596	
5601	 0.010064515451479763	 2.2435290719727745	
5602	 0.010060539341486166	 2.2420520438211717	
5603	 0.010051120423278551	 2.238554697553235	
5604	 0.010055687367804586	 2.2402501807455715	
5605	 0.010056690805632897	 2.240622776946793	
5606	 0.010057545644898984	 2.2409402151308035	
5607	 0.010057268717286806	 2.2408373781582833	
5608	 0.010104313558739692	 2.258334528862204	
5609	 0.010150410024278786	 2.2755317163733215	
5610	 0.010194931949664138	 2.2921909950183474	
5611	 0.01021774864636696	 2.3007474088001167	
5612	 0.010263103192105959	 2.317793511042034	
5613	 0.01030919468099606	 2.335168112911778	
5614	 0.0103533628274316	 2.3518663575674577	
5615	 0.010396386094096257	 2.3681774937246103	
5616	 0.010438784956624583	 2.3842959899394036	
5617	 0.010480672614925414	 2.4002630625290062	
5618	 0.010521779993272867	 2.4159741192553197	
5619	 0.010563026399688657	 2.4317794941923196	
5620	 0.010601241277463546	 2.4464599741812503	
5621	 0.010636554873861448	 2.460057311528276	
5622	 0.010668231444746441	 2.4722798641792525	
5623	 0.010700654879185803	 2.4848156791521525	
5624	 0.010730752661051024	 2.4964750180066178	
5625	 0.010750080359721985	 2.5039737278346896	
5626	 0.010761612046581534	 2.508452045446754	
5627	 0.010768306167393955	 2.5110531679140995	
5628	 0.010784655837791524	 2.5174106620852457	
5629	 0.010808137767977401	 2.5265527487020645	
5630	 0.010834881195111156	 2.536980754532252	
5631	 0.01086222253105987	 2.547659655316993	
5632	 0.010878747352705557	 2.554122569416296	
5633	 0.010882844727448042	 2.5557260798791783	
5634	 0.010897332051124297	 2.561398931516155	
5635	 0.010917088710356636	 2.5691432217755805	
5636	 0.010935976312496272	 2.576555596873525	
5637	 0.010954536408649213	 2.5838477621256803	
5638	 0.010970975223101132	 2.5903133692441127	
5639	 0.01098741661284014	 2.5967864526777995	
5640	 0.011004848296149566	 2.603656477271197	
5641	 0.011024199415933881	 2.6112914749089127	
5642	 0.011046366151632797	 2.62004836107496	
5643	 0.011068883311453512	 2.628955683188645	
5644	 0.011090800972314529	 2.6376374656946795	
5645	 0.01111402373599219	 2.6468486990963713	
5646	 0.01113811426693801	 2.6564176983020964	
5647	 0.011164021938840401	 2.666723893060122	
5648	 0.011190787480106925	 2.6773881104828363	
5649	 0.011217273662805071	 2.6879577750337	
5650	 0.011240274152825832	 2.6971499361873454	
5651	 0.011260074903583855	 2.7050733709071477	
5652	 0.011284673943749431	 2.7149298259643886	
5653	 0.011308685191139934	 2.724564586176609	
5654	 0.011337144569872913	 2.736001878407235	
5655	 0.011396931040431735	 2.760091316728566	
5656	 0.011430388540150759	 2.77360900406106	
5657	 0.01145265095506945	 2.7826182214572217	
5658	 0.011471495436533726	 2.7902533900649367	
5659	 0.011487628426786595	 2.79679659827321	
5660	 0.011566382832976613	 2.8288256939414493	
5661	 0.011810880536461987	 2.9291888878548717	
5662	 0.01182908874817597	 2.936719048234237	
5663	 0.01184507877910263	 2.943338237153823	
5664	 0.01185863328007892	 2.9489538881039783	
5665	 0.01186889943771504	 2.953210022324192	
5666	 0.011880445490014433	 2.957999707214326	
5667	 0.01196927085205041	 2.9949511367344637	
5668	 0.012091486441684165	 3.046092392720185	
5669	 0.012225701661926207	 3.1026532326816665	
5670	 0.012357652133303249	 3.1586646943411245	
5671	 0.012471042488146006	 3.207117326262894	
5672	 0.01257852245415071	 3.253316373417596	
5673	 0.012661518642215494	 3.289171974973327	
5674	 0.012688546263490011	 3.3008822256699664	
5675	 0.012687372180040351	 3.3003731850000317	
5676	 0.012685932104235966	 3.2997488624218705	
5677	 0.012677842159167277	 3.296242470209141	
5678	 0.012665194797790519	 3.2907637637648053	
5679	 0.012649437922618165	 3.283943149150259	
5680	 0.012628591574724466	 3.274928175736405	
5681	 0.01260586094226832	 3.265109646590671	
5682	 0.01258207523089885	 3.2548480046803494	
5683	 0.012559623622601138	 3.2451737794744764	
5684	 0.01254620865363985	 3.2393988712671278	
5685	 0.012537888423383247	 3.235819225974149	
5686	 0.012530624798219323	 3.2326954624896906	
5687	 0.012523395132609487	 3.2295875019885463	
5688	 0.012516121114473176	 3.226461681715818	
5689	 0.012509631373055117	 3.2236739060416277	
5690	 0.012503036447091984	 3.220841934165808	
5691	 0.012500343523849733	 3.2196858340158663	
5692	 0.012495622629025515	 3.2176595050831094	
5693	 0.01249362979865427	 3.216804284433671	
5694	 0.012493427472246485	 3.2167174613949756	
5695	 0.012495161647602261	 3.2174616673999945	
5696	 0.012496903458688173	 3.2182092195274525	
5697	 0.012500868979307213	 3.219911404509807	
5698	 0.012505321386141273	 3.221823012621242	
5699	 0.012510458799313649	 3.224029287050048	
5700	 0.012498882311415905	 3.2190585896995065	
5701	 0.012499868725143574	 3.2194820151754215	
5702	 0.012502519028165859	 3.2206197879171894	
5703	 0.012504737259349615	 3.221572196218206	
5704	 0.012506809915216435	 3.2224622028456538	
5705	 0.012499242529418659	 3.2192132133912557	
5706	 0.01249086105232978	 3.215616231370585	
5707	 0.01247881392992607	 3.2104489245685044	
5708	 0.012476506616784329	 3.2094596405867306	
5709	 0.012476627181810362	 3.209511331048307	
5710	 0.012477600208832294	 3.209928514099204	
5711	 0.012479691338947102	 3.2108251546177247	
5712	 0.012482100491600336	 3.211858281890904	
5713	 0.012483681057183478	 3.212536154835736	
5714	 0.012483924677009758	 3.212640643592889	
5715	 0.012483246280091564	 3.2123496819375594	
5716	 0.012481008037619966	 3.2113897836868466	
5717	 0.012479195438608317	 3.2106125120466293	
5718	 0.01253208364597861	 3.233322751448037	
5719	 0.012599123342102185	 3.26220159667492	
5720	 0.012668286988402208	 3.2921029321288384	
5721	 0.012723521605939416	 3.316060682455469	
5722	 0.012686953014356517	 3.3001914573304063	
5723	 0.012581808767933163	 3.254733120302676	
5724	 0.012423997879750747	 3.1869789697012965	
5725	 0.012336454128175297	 3.1496393691564486	
5726	 0.012233244700061072	 3.1058443575670815	
5727	 0.012122993125205136	 3.0593325077638567	
5728	 0.012012848079680779	 3.0131463401311693	
5729	 0.011902929267689025	 2.9673356301138156	
5730	 0.011798439815577315	 2.9240483700473754	
5731	 0.01173641808269056	 2.898474850174415	
5732	 0.011702636986636056	 2.8845836605909905	
5733	 0.011676992852043577	 2.8740563173155658	
5734	 0.01165430240879301	 2.8647543559037647	
5735	 0.011636792817718837	 2.8575845356035527	
5736	 0.011624606322674291	 2.852598656963891	
5737	 0.01161820465257323	 2.8499809277210724	
5738	 0.011609966619132448	 2.846613699410959	
5739	 0.01159703178247742	 2.841329904798234	
5740	 0.011585670776972538	 2.8366922493735864	
5741	 0.011577924130004432	 2.8335317424977307	
5742	 0.011573974956507452	 2.8319210858737813	
5743	 0.011571260587784767	 2.8308142524945734	
5744	 0.011571234880737212	 2.8308037708041582	
5745	 0.011555499884537964	 2.8243909586722924	
5746	 0.011498803372982295	 2.8013325192510052	
5747	 0.011395535638173943	 2.7595281124101487	
5748	 0.01124304373971172	 2.6982576500659907	
5749	 0.011155128416071412	 2.6631842082422477	
5750	 0.011034474243470897	 2.6153490491090348	
5751	 0.010897214981600052	 2.5613530700338667	
5752	 0.01073263601031847	 2.49720531928897	
5753	 0.010562345895445736	 2.4315183946639363	
5754	 0.010405603700423753	 2.371677969484953	
5755	 0.010313630645302885	 2.336843026812659	
5756	 0.010260603405216095	 2.3168526780898286	
5757	 0.01022699568566594	 2.304218740853533	
5758	 0.01020396842837344	 2.295578209782626	
5759	 0.010191484815865912	 2.2908994058084793	
5760	 0.010188396767288659	 2.2897426077179532	
5761	 0.010195521040897987	 2.292411747779977	
5762	 0.010209077964133407	 2.2974943428226653	
5763	 0.010225011363011287	 2.3034736511152096	
5764	 0.010245312350798407	 2.3111009827584135	
5765	 0.010264594997919726	 2.3183550477267443	
5766	 0.010283045746762693	 2.3253046661946777	
5767	 0.010302988884442872	 2.332825758883488	
5768	 0.010328628087621404	 2.3425092586387417	
5769	 0.010342484571004439	 2.3477492984894237	
5770	 0.010312138589790723	 2.336279608766175	
5771	 0.01024915409815865	 2.31254550937248	
5772	 0.010140160838238101	 2.2717035463456847	
5773	 0.010081653220919229	 2.249899788247142	
5774	 0.010016424346206695	 2.2256905161598874	
5775	 0.009949404577276057	 2.2009258024858185	
5776	 0.0098779721111881	 2.174652705090482	
5777	 0.009804710129555106	 2.1478379627234823	
5778	 0.009732066580218064	 2.12138113450399	
5779	 0.009677953504329255	 2.10175844999405	
5780	 0.009668199139011248	 2.0982290483111927	
5781	 0.009677121396644792	 2.1014572776382656	
5782	 0.009701226024813776	 2.1101886780727948	
5783	 0.009733067655492108	 2.1217448350942116	
5784	 0.009785611667477587	 2.140869583715158	
5785	 0.009837557246398329	 2.1598439337746216	
5786	 0.009888421710109575	 2.1784882191777517	
5787	 0.009920883881313835	 2.1904206618810687	
5788	 0.009949356893991547	 2.200908222337721	
5789	 0.009979997218533829	 2.212216448215744	
5790	 0.010014601625743889	 2.225015530518715	
5791	 0.0100495962635039	 2.2379889658379364	
5792	 0.0100875585110043	 2.2520966675001977	
5793	 0.01010929517284211	 2.260190501860718	
5794	 0.010089374814073912	 2.2527725389352278	
5795	 0.010036896288761704	 2.233277262640083	
5796	 0.009970038636016594	 2.2085385561624933	
5797	 0.010016532649350183	 2.2257306253079205	
5798	 0.010061555519436313	 2.242429492199796	
5799	 0.010104610347741651	 2.258445084848894	
5800	 0.01011019469769201	 2.2605256979662545	
5801	 0.01010914652130173	 2.260135110733526	
5802	 0.010108712467440453	 2.259973374967953	
5803	 0.010109971711126386	 2.260442603101595	
5804	 0.01012194077819378	 2.2649045451214453	
5805	 0.010151077072326656	 2.2757809546200938	
5806	 0.010178455895546916	 2.2860202959076017	
5807	 0.010201975792972363	 2.2948311225621776	
5808	 0.010223182788764492	 2.3027871284054275	
5809	 0.010244568447666177	 2.3108213111730014	
5810	 0.010268172064889928	 2.3197017276739773	
5811	 0.0102941933683752	 2.32950753615487	
5812	 0.010337297001145508	 2.3457869916183802	
5813	 0.01037884901955389	 2.3615233306916488	
5814	 0.010419682096860597	 2.3770283684288636	
5815	 0.010459799564788673	 2.3923011778497947	
5816	 0.010499825406355436	 2.4075780726336475	
5817	 0.010524660537064582	 2.417076587075833	
5818	 0.010496805964908226	 2.4064242686605946	
5819	 0.010439220941632322	 2.384461962604804	
5820	 0.01035715804764733	 2.3533034013401863	
5821	 0.010393918070033883	 2.367240588586628	
5822	 0.010432051031843591	 2.3817330771680623	
5823	 0.01046977672637967	 2.3961055789261825	
5824	 0.01050628208016937	 2.4100460712013123	
5825	 0.010540644007206947	 2.42319758025349	
5826	 0.010530134960374086	 2.419172362431959	
5827	 0.010503532215398749	 2.408994839420825	
5828	 0.010478428854028684	 2.3994066874561017	
5829	 0.010458968046324218	 2.391984219913769	
5830	 0.010444228050545738	 2.386368421840977	
5831	 0.010465801417328691	 2.3945894602236897	
5832	 0.010461456995869582	 2.3929330069988475	
5833	 0.010470107574803678	 2.396231776476458	
5834	 0.010490298441552557	 2.4039383337586417	
5835	 0.010517551258295857	 2.414356023976691	
5836	 0.010550198788202998	 2.4268596141453433	
5837	 0.010582596085286871	 2.4392928937815808	
5838	 0.010615533044599468	 2.4519593216962665	
5839	 0.010650844730366564	 2.4655681194177004	
5840	 0.010686451811232575	 2.4793212507613474	
5841	 0.010722388354871588	 2.493232645956707	
5842	 0.010717464924455527	 2.4913248964704002	
5843	 0.010669094214039186	 2.4726131066448445	
5844	 0.010569155042651383	 2.434131470141405	
5845	 0.010544001127261754	 2.424484002095163	
5846	 0.010513622535635384	 2.4128531148726244	
5847	 0.010477802325655764	 2.3991675825249446	
5848	 0.010438243747320216	 2.3840899664608397	
5849	 0.010398522102350484	 2.3689884795567924	
5850	 0.010360909401715836	 2.3547241804197263	
5851	 0.010305986145381736	 2.333956946090051	
5852	 0.01025691641967204	 2.315465303685481	
5853	 0.010232673467967024	 2.3063512135321536	
5854	 0.01023160726523961	 2.3059507068360103	
5855	 0.010245412084993131	 2.311138479019383	
5856	 0.010269226630142334	 2.3200988059088132	
5857	 0.010299028535609352	 2.331331432000417	
5858	 0.010332514856048648	 2.343978626589862	
5859	 0.010369483929754114	 2.357972965031664	
5860	 0.01040636958260686	 2.3719689137552296	
5861	 0.010443555005316858	 2.3861121240766505	
5862	 0.010480542733101745	 2.400213487266757	
5863	 0.010516173533410868	 2.4138289410321514	
5864	 0.01055015938726383	 2.4268445085170183	
5865	 0.010601113090862318	 2.4464106714444407	
5866	 0.010610646101394313	 2.4500783128257124	
5867	 0.010559104589968078	 2.4302749070657788	
5868	 0.010469186564360427	 2.395880476396352	
5869	 0.010445209047899194	 2.3867420084748745	
5870	 0.010412622844758246	 2.374344944786109	
5871	 0.01037097017658672	 2.3585362681020334	
5872	 0.010319775323899055	 2.339163903795265	
5873	 0.010264772138969327	 2.318421729722639	
5874	 0.010208631273969376	 2.297326803507731	
5875	 0.010161375853558943	 2.279630414040644	
5876	 0.010144944702419667	 2.273490044987892	
5877	 0.010142863624563132	 2.2727128128453757	
5878	 0.010149365687663338	 2.275141528590409	
5879	 0.01016282871491537	 2.2801736713102465	
5880	 0.010183200574787514	 2.2877966161434866	
5881	 0.010208195697049085	 2.2971634371244023	
5882	 0.010235105891379338	 2.307265029329626	
5883	 0.010263578471443931	 2.3179724069616574	
5884	 0.010292382705103605	 2.328824674422398	
5885	 0.010321726077891023	 2.3399009064104663	
5886	 0.010351639658498507	 2.351214002986369	
5887	 0.010382077082054724	 2.362747605045493	
5888	 0.010413294811563322	 2.3746003263761732	
5889	 0.010430948131234491	 2.3813134213909715	
5890	 0.010402971065873179	 2.3706779898954817	
5891	 0.010327101853502723	 2.3419323763686597	
5892	 0.01020575748608517	 2.296249053671273	
5893	 0.010133913706796454	 2.269371447231282	
5894	 0.010045411080671987	 2.236435820074364	
5895	 0.009944383554503227	 2.1990749313407907	
5896	 0.00984011918425691	 2.160781474489349	
5897	 0.009735871818232699	 2.12276374803934	
5898	 0.009632388092469182	 2.0852919669715466	
5899	 0.009539163187085229	 2.0517638823637268	
5900	 0.009482069016684547	 2.0313375815846397	
5901	 0.009446693065990433	 2.0187223505680336	
5902	 0.009426783886929224	 2.01163647349328	
5903	 0.009425545141827685	 2.0111959210375168	
5904	 0.009440148892933736	 2.0163921140345193	
5905	 0.009464729571681514	 2.025150325750236	
5906	 0.009495083333644154	 2.035986455175902	
5907	 0.00952972623272064	 2.048382031485256	
5908	 0.009582296042352948	 2.0672494745043375	
5909	 0.00962155758970392	 2.0813856503356805	
5910	 0.009660310743859896	 2.0953765422685082	
5911	 0.009699310800504566	 2.109494398353353	
5912	 0.009739153410072872	 2.123956386794542	
5913	 0.009756092368698016	 2.130116823607306	
5914	 0.009730387899953443	 2.1207713092664857	
5915	 0.00965641051466527	 2.0939667620709543	
5916	 0.009539866521897828	 2.0520160205586166	
5917	 0.00947931410746925	 2.0303540394503234	
5918	 0.009410847672899366	 2.005971798332194	
5919	 0.009335902838360912	 1.979417727036156	
5920	 0.009252564748065925	 1.9500562466163267	
5921	 0.009165495993776087	 1.919568154968688	
5922	 0.009077185716440022	 1.8888419449458398	
5923	 0.008997842684309403	 1.8614051436502763	
5924	 0.00896182085072057	 1.849001854047659	
5925	 0.00894869732249323	 1.844491315790985	
5926	 0.008949680134133147	 1.8448289541148082	
5927	 0.008961039687436162	 1.8487332459864427	
5928	 0.008983415145475397	 1.8564333706716143	
5929	 0.00901521550576671	 1.8673989261387418	
5930	 0.009057622852367076	 1.8820621992380588	
5931	 0.00910850682931082	 1.899716947534302	
5932	 0.009163506992480565	 1.9188739304262072	
5933	 0.009210867533961803	 1.9354315257621058	
5934	 0.009261803386391564	 1.953302528494584	
5935	 0.0093213650096882	 1.974283159112141	
5936	 0.009413788917910686	 2.007016810321137	
5937	 0.009529028880151157	 2.048132214999646	
5938	 0.009615842980174785	 2.0793257012443247	
5939	 0.009632617958752606	 2.0853749062735916	
5940	 0.009555426452379803	 2.0575972626584216	
5941	 0.009503627469253968	 2.0390408362494306	
5942	 0.009443486202752963	 2.017580322369859	
5943	 0.009361434184893712	 1.9884479650424982	
5944	 0.009285021044797651	 1.9614703035479357	
5945	 0.00920231249520738	 1.932436410686201	
5946	 0.009120478520420985	 1.9038802327307112	
5947	 0.00905254330713256	 1.8803034167880859	
5948	 0.009027019128240218	 1.8714756803058472	
5949	 0.009020397054311144	 1.8691880998318149	
5950	 0.009021443829648314	 1.8695496315316293	
5951	 0.009028402285970613	 1.871953630303281	
5952	 0.009039435345162865	 1.8757678502298765	
5953	 0.009060710421253995	 1.8831315852209831	
5954	 0.009094930675771487	 1.8950001054219219	
5955	 0.009137378479646133	 1.9097635803964876	
5956	 0.009180146579928624	 1.9246847684584092	
5957	 0.009223111139499762	 1.9397212335730505	
5958	 0.009267595241498285	 1.9553387775973323	
5959	 0.009314344041586835	 1.9718053570252643	
5960	 0.009363216026988199	 1.9890788023352144	
5961	 0.00939335602554824	 1.999761587664483	
5962	 0.009381325793561789	 1.9954948619836503	
5963	 0.00932806390561536	 1.9766484574286998	
5964	 0.009210450574344008	 1.9352855053847078	
5965	 0.009142963676587589	 1.9117095394872172	
5966	 0.009061355174104294	 1.8833549273946464	
5967	 0.008970130950202583	 1.8518603018351631	
5968	 0.008884712174312793	 1.8225628845421404	
5969	 0.008795522588891578	 1.7921719009115913	
5970	 0.008708099893408053	 1.7625816882751406	
5971	 0.008632634383205435	 1.7371973683533124	
5972	 0.008604348848983779	 1.7277209508947546	
5973	 0.008595712343594186	 1.7248316215961272	
5974	 0.008594247810017809	 1.724341856029302	
5975	 0.008592545474275383	 1.7237726351929727	
5976	 0.008597981570063166	 1.7255906003815829	
5977	 0.008618751751832203	 1.7325437212352184	
5978	 0.008654941989473643	 1.744685635921495	
5979	 0.00870064187169743	 1.7600664783877742	
5980	 0.008740159766152406	 1.7734102012052895	
5981	 0.008785346024724722	 1.7887172800497693	
5982	 0.00883415721863605	 1.8053113945671424	
5983	 0.00888442755113718	 1.8224655754253847	
5984	 0.008936954657421985	 1.84045911466271	
5985	 0.00897003494159636	 1.851827267406204	
5986	 0.008971802561695885	 1.8524355040012388	
5987	 0.008941458377157523	 1.842005186499252	
5988	 0.00889739519900089	 1.8269011619347308	
5989	 0.008917653205160749	 1.8338390456803433	
5990	 0.00908380002378396	 1.891136418112943	
5991	 0.009203435779327857	 1.9328295661123231	
5992	 0.009244217673395703	 1.9471251008055397	
5993	 0.009267600598084194	 1.95534066121113	
5994	 0.009295185901699468	 1.9650505036288581	
5995	 0.009318073410592135	 1.9731213507837024	
5996	 0.009319386397287932	 1.9735847519699259	
5997	 0.009347542342682043	 1.9835324896969293	
5998	 0.009381976923217444	 1.9957257028355502	
5999	 0.009386770617129765	 1.9974255093779465	
6000	 0.009415986873934825	 2.007797876981556	
6001	 0.00946612518884636	 2.025648046164209	
6002	 0.009498770746802455	 2.0373044171125185	
6003	 0.009541598793720435	 2.0526370747898923	
6004	 0.009576874009992478	 2.065300293211762	
6005	 0.009612042263643832	 2.077956106241777	
6006	 0.009647397027795959	 2.0907101915888537	
6007	 0.009685619710820126	 2.104533962450807	
6008	 0.009724785801840349	 2.11873670576816	
6009	 0.009731731849057353	 2.1212595289124048	
6010	 0.009686524723419476	 2.104861714508347	
6011	 0.009620579151482126	 2.0810328941728566	
6012	 0.009544135548507342	 2.053546687961372	
6013	 0.009537677779369716	 2.0512314199164114	
6014	 0.009518038389464302	 2.044196640328986	
6015	 0.009490689860093632	 2.034416577271972	
6016	 0.009463632945516682	 2.0247592691357608	
6017	 0.009427908605909861	 2.012036506656097	
6018	 0.009385327408194121	 1.9969136978223199	
6019	 0.009338636104190827	 1.980383675893383	
6020	 0.009323555194002261	 1.975056361795443	
6021	 0.00932398781562372	 1.9752091049074953	
6022	 0.009326001787721888	 1.975920228108026	
6023	 0.009321456865448483	 1.9743155845984828	
6024	 0.009312684142804397	 1.9712197364549653	
6025	 0.009306413268875031	 1.9690079688823188	
6026	 0.009300149680526781	 1.9667997625754674	
6027	 0.009291704302634703	 1.9638239432983229	
6028	 0.009340883255005235	 1.9811779706351975	
6029	 0.009372936946312615	 1.9925217727120683	
6030	 0.009390876414601713	 1.9988818533822974	
6031	 0.009398572637013231	 2.00161288025457	
6032	 0.009401476297250796	 2.002643640007305	
6033	 0.009374095419188048	 1.9929322412661494	
6034	 0.009320766712040454	 1.9740719626302845	
6035	 0.009260908566283067	 1.9529880112568008	
6036	 0.009206523302922253	 1.9339103806293128	
6037	 0.009193997550180955	 1.9295271306391566	
6038	 0.009177163365122915	 1.9236424600973128	
6039	 0.0091539628263461	 1.9155441112887504	
6040	 0.009198391734443494	 1.9310643742601081	
6041	 0.009260164271527867	 1.9527264170907932	
6042	 0.009323802021026834	 1.9751435069485714	
6043	 0.009385930288207302	 1.9971274934421541	
6044	 0.009450262792713868	 2.0199939057285046	
6045	 0.00951530859581478	 2.0432196005077876	
6046	 0.009579861719405731	 2.0663742620894987	
6047	 0.0096438364753129	 2.089424323578336	
6048	 0.009706960868293691	 2.112268137960961	
6049	 0.009766929099330903	 2.1340617172342338	
6050	 0.00982520010200726	 2.155324124968169	
6051	 0.009881652800970402	 2.176003389898271	
6052	 0.009932691738840949	 2.194767457867552	
6053	 0.009982933749401922	 2.213301431654613	
6054	 0.010032654098942446	 2.2317042911133096	
6055	 0.010080487187628495	 2.249466103272895	
6056	 0.010128620286877705	 2.267396125448377	
6057	 0.010198930859849714	 2.2936896913614624	
6058	 0.010222395414884896	 2.3024915407651507	
6059	 0.010206200129056174	 2.2964150438324253	
6060	 0.010176054884435693	 2.2851216120286275	
6061	 0.010176068834650847	 2.285126833101212	
6062	 0.01017105453519456	 2.283250465406769	
6063	 0.010160764700217073	 2.2794019056453303	
6064	 0.01016236182057561	 2.279999083455572	
6065	 0.010163672437583864	 2.2804891818023316	
6066	 0.01016832487248642	 2.282229275640593	
6067	 0.010182528300324758	 2.287544895448595	
6068	 0.010202687151484665	 2.295097816914386	
6069	 0.010226254658636065	 2.3039404826726844	
6070	 0.010252458752292134	 2.3137883736343867	
6071	 0.010281660081316554	 2.324782455545466	
6072	 0.010312785621086088	 2.336523928865913	
6073	 0.010347366024384597	 2.3495964097274555	
6074	 0.010381975013800986	 2.3627088907737948	
6075	 0.010418581210697544	 2.3766098103170186	
6076	 0.010458273215953613	 2.3917193775842867	
6077	 0.01049486600494582	 2.4056830782531184	
6078	 0.010529640399986476	 2.418982999855708	
6079	 0.010564298848902944	 2.4322677444401966	
6080	 0.010598568371689855	 2.4454320116329713	
6081	 0.010632459178261288	 2.458478737648938	
6082	 0.010660856986302893	 2.4694322313151424	
6083	 0.010688204507450021	 2.4799990146285196	
6084	 0.010716438159324769	 2.4909271152379198	
6085	 0.010743163109637108	 2.50128895764476	
6086	 0.010772930081281462	 2.5128505034254687	
6087	 0.010801312009319247	 2.523893948301725	
6088	 0.01083420704171217	 2.5367176723172755	
6089	 0.010881581775252776	 2.555231779739526	
6090	 0.010940217836061129	 2.5782213426933276	
6091	 0.01107969217950224	 2.6332357420995045	
6092	 0.011119448306190972	 2.649002187451562	
6093	 0.011147716084477491	 2.660235485012778	
6094	 0.01121933163448217	 2.688779733414197	
6095	 0.01126858224084682	 2.708480507311698	
6096	 0.011338371160161587	 2.736495252839836	
6097	 0.011419918614872192	 2.769376046222112	
6098	 0.011526124502973597	 2.8124345686765952	
6099	 0.011633983689901815	 2.8564349241393265	
6100	 0.011803705783355654	 2.9262238321519662	
6101	 0.012330845395556114	 3.1472531070584	
6102	 0.01288978896458238	 3.388597049318304	
6103	 0.012991325036352927	 3.4332017972528632	
6104	 0.013066084485236712	 3.4661925673674996	
6105	 0.013131707579207804	 3.4952554528878146	
6106	 0.013127608802987972	 3.4934373624312913	
6107	 0.01312704162963298	 3.4931858116622325	
6108	 0.01313299856332123	 3.495828171896696	
6109	 0.013179523391031437	 3.5164930116923734	
6110	 0.013397486250413948	 3.6139525822099268	
6111	 0.013447361906587447	 3.6364035398548404	
6112	 0.01349414483518408	 3.6575128616003787	
6113	 0.013506711730693767	 3.6631916022000666	
6114	 0.013517772574492479	 3.668192702168849	
6115	 0.013766895385524808	 3.781553685875485	
6116	 0.014805297521568674	 4.26879679687413	
6117	 0.01644139152487543	 5.083637044807785	
6118	 0.01779004321600557	 5.797471047455667	
6119	 0.018134320808514456	 5.985665004863302	
6120	 0.018296772055875085	 6.0752997798624815	
6121	 0.018289762842508685	 6.0714213512504775	
6122	 0.018083381424284246	 5.957668321170185	
6123	 0.017877826146661186	 5.8452276869486335	
6124	 0.01767987773774814	 5.737759565222275	
6125	 0.017484921948277502	 5.632697304109178	
6126	 0.01729533609340142	 5.531275112948513	
6127	 0.01711318299331499	 5.434524786387769	
6128	 0.016938045577882817	 5.342145903965209	
6129	 0.016756516221626404	 5.2470652971087866	
6130	 0.016559909246765245	 5.144859319584899	
6131	 0.01637476635904288	 5.049349552157265	
6132	 0.016192943663751912	 4.956250611179163	
6133	 0.01604212371902389	 4.879552768365739	
6134	 0.015895231138832767	 4.805312793287071	
6135	 0.01575087448420139	 4.732798715911386	
6136	 0.01559535011578148	 4.655169140007694	
6137	 0.015448940180869588	 4.582559043128771	
6138	 0.015325106323903336	 4.521502171911309	
6139	 0.015230783338610793	 4.47521581403741	
6140	 0.015138822220023856	 4.430272074899494	
6141	 0.015050521688863465	 4.387288292324381	
6142	 0.01496561323807421	 4.346113984849527	
6143	 0.01488275888293143	 4.30608560733471	
6144	 0.014803168519012911	 4.267773757244938	
6145	 0.014727664868269638	 4.2315557973093005	
6146	 0.014655543319468183	 4.197075572270437	
6147	 0.014587289935986328	 4.164548667961167	
6148	 0.014517537975124915	 4.131412265609439	
6149	 0.014449615068539543	 4.099246611651679	
6150	 0.014385480522544842	 4.068967354849144	
6151	 0.014324850361320227	 4.0404252200876485	
6152	 0.014266744945704832	 4.013147097711969	
6153	 0.014213609748658469	 3.9882670330677557	
6154	 0.014125508688524387	 3.947151031661757	
6155	 0.014009472731253456	 3.8932584394548555	
6156	 0.013864058265350894	 3.826140156750391	
6157	 0.01378056202530165	 3.7878124477190847	
6158	 0.01370271083044441	 3.752215197146575	
6159	 0.01363047610029806	 3.719306416377552	
6160	 0.013550282837203576	 3.6829078341897143	
6161	 0.013469941807390003	 3.6465859063363317	
6162	 0.013392520110984496	 3.611720176515017	
6163	 0.013334816659112172	 3.585821483653951	
6164	 0.013282874653516987	 3.5625724675282395	
6165	 0.013236501068290872	 3.5418669944598427	
6166	 0.013197378580049445	 3.5244366471201247	
6167	 0.013163632745800166	 3.5094294176357264	
6168	 0.013134468382298835	 3.4964802730713727	
6169	 0.013109307319636616	 3.4853240074673533	
6170	 0.013086643309916572	 3.475287132507216	
6171	 0.013066312882315809	 3.466293550549274	
6172	 0.013044300136384118	 3.456566274125466	
6173	 0.013022681850938793	 3.447023952006416	
6174	 0.013033807556101305	 3.4519335260564734	
6175	 0.013074158140802594	 3.469762957127622	
6176	 0.013109235461109056	 3.48529216624855	
6177	 0.013136542926825635	 3.497400750105506	
6178	 0.013118094855120112	 3.489218727785795	
6179	 0.01309909915124994	 3.4808018338105624	
6180	 0.013049981298221502	 3.4590756924065134	
6181	 0.013030332024669156	 3.4503995362115396	
6182	 0.01301149277378029	 3.442089232440815	
6183	 0.012988199875626659	 3.4318254368699876	
6184	 0.012971238543539649	 3.424359302272251	
6185	 0.012969899533522965	 3.423770166339953	
6186	 0.013614265639175036	 3.7119371741949254	
6187	 0.013750695244896359	 3.774140047721036	
6188	 0.014518700753945254	 4.131963787837689	
6189	 0.015647589504834535	 4.681187004035344	
6190	 0.015858526359638723	 4.786833231035547	
6191	 0.01577886982052858	 4.746827013762978	
6192	 0.01569710151745896	 4.705900007964403	
6193	 0.015617982840570852	 4.666434262884101	
6194	 0.015540707635755475	 4.6280165181636175	
6195	 0.015462684745427583	 4.589356052597147	
6196	 0.015389975821718022	 4.55344553127793	
6197	 0.01531858700095332	 4.518296870298675	
6198	 0.01524868151855504	 4.483984195301542	
6199	 0.015180364692773767	 4.4505524671008985	
6200	 0.015113440455231763	 4.417899330301014	
6201	 0.015049341805928172	 4.386715072845765	
6202	 0.014976715575693765	 4.351488968494594	
6203	 0.014864037488975948	 4.297061505683491	
6204	 0.01471424897450796	 4.225133319171038	
6205	 0.014597638214788607	 4.169473743248014	
6206	 0.014474034359851541	 4.110799061882212	
6207	 0.014353289128132983	 4.053802990203296	
6208	 0.014243920607826527	 4.0024522300008325	
6209	 0.014138064119212389	 3.9530001263819576	
6210	 0.014042368241200004	 3.9085065669890815	
6211	 0.013976053363015667	 3.877791910263255	
6212	 0.0139275623019001	 3.8553939933476795	
6213	 0.013877580329000022	 3.8323617753022132	
6214	 0.013843404198428022	 3.8166448483294775	
6215	 0.01381008408288765	 3.8013464689764884	
6216	 0.01377808945397736	 3.786679804474937	
6217	 0.013747231567691101	 3.772555727197348	
6218	 0.013716892633274712	 3.7586897714778775	
6219	 0.01368723396036056	 3.7451544676705897	
6220	 0.013654209396098512	 3.730106066285126	
6221	 0.013622103482994967	 3.7154995118428955	
6222	 0.013591066532292853	 3.7014010807961784	
6223	 0.013560709618878118	 3.6876323019624198	
6224	 0.013530370694517633	 3.6738921972004928	
6225	 0.013500398431664272	 3.660338302182489	
6226	 0.013455652916379358	 3.6401410329267576	
6227	 0.013402940025482252	 3.6164048281559413	
6228	 0.013338316518825145	 3.5873901803953503	
6229	 0.013306846656056217	 3.5732947150360803	
6230	 0.013277474640504161	 3.56015891736509	
6231	 0.013247170838574964	 3.5466266939649405	
6232	 0.013227740831154761	 3.5379610340686343	
6233	 0.013209014524918707	 3.529617246911807	
6234	 0.013189709627785992	 3.5210239112164996	
6235	 0.013171669360738205	 3.513001085210662	
6236	 0.013154664377411118	 3.5054453720689067	
6237	 0.013137666456537286	 3.497899301576443	
6238	 0.013120564142044206	 3.490313452650917	
6239	 0.013093879507181426	 3.478490461974899	
6240	 0.013067584871414503	 3.466855967649438	
6241	 0.013042789532907842	 3.455899150118207	
6242	 0.013021519023777314	 3.446510978588329	
6243	 0.01300480581243108	 3.439141431499106	
6244	 0.01299163187815952	 3.4333369461737395	
6245	 0.01297778104557388	 3.4272384470488064	
6246	 0.012962303683911063	 3.4204289214853127	
6247	 0.012944574562635872	 3.4126353546919557	
6248	 0.01292537896936408	 3.4042051594686273	
6249	 0.0129144337076559	 3.3994020252373915	
6250	 0.012902028017746599	 3.3939612882332018	
6251	 0.012843880612800918	 3.3685061921724233	
6252	 0.012743504238319948	 3.324745162949048	
6253	 0.012677570010830384	 3.2961245399814736	
6254	 0.012600681373509169	 3.2628739744151702	
6255	 0.012518606276844148	 3.227529479501409	
6256	 0.0124275825880949	 3.188511687396008	
6257	 0.012334482114724354	 3.148800284146531	
6258	 0.012270969416661906	 3.121823696285735	
6259	 0.012228633877292828	 3.1038935670534316	
6260	 0.012195930434550244	 3.0900711604368567	
6261	 0.012170042461013667	 3.0791468790494942	
6262	 0.0121456189895535	 3.0688547844052056	
6263	 0.012121722417812819	 3.0587980714569887	
6264	 0.012100692434563125	 3.0499586696507897	
6265	 0.012082494787788237	 3.042318026508148	
6266	 0.012062281833968617	 3.0338402056344935	
6267	 0.01204233036050637	 3.025481338948138	
6268	 0.012033005347722161	 3.021577696752858	
6269	 0.012021243789716302	 3.0166569419700116	
6270	 0.012001902228533088	 3.008571872200353	
6271	 0.011976370992087428	 2.997912717429568	
6272	 0.011949923047693385	 2.9868868052323294	
6273	 0.011926054608586983	 2.976950221088236	
6274	 0.011911963799149338	 2.971090345813363	
6275	 0.01190629212031552	 2.968732996524281	
6276	 0.011896765617122426	 2.9647751311537416	
6277	 0.01189168055076195	 2.9626633624783896	
6278	 0.011884074913839887	 2.959505953737243	
6279	 0.011878944440781521	 2.9573768467057366	
6280	 0.011859488024989175	 2.9493081537581385	
6281	 0.011844429069659922	 2.9430691690570834	
6282	 0.011834917434494758	 2.93913118464991	
6283	 0.011835190545145079	 2.939244227855642	
6284	 0.011843982304296476	 2.9428841531272028	
6285	 0.011854416559238256	 2.947206435272586	
6286	 0.01186502129213672	 2.95160193571795	
6287	 0.01188938885068483	 2.9617118429587186	
6288	 0.011899932056805172	 2.9660904206459042	
6289	 0.01190892896003544	 2.9698288667966173	
6290	 0.01191779613152952	 2.973515248859479	
6291	 0.011932004853557776	 2.9794261067904344	
6292	 0.012054190118624176	 3.030448989680677	
6293	 0.012081662370605059	 3.041968703005003	
6294	 0.012175612917812242	 3.081496209595888	
6295	 0.012295178794558766	 3.13209551458064	
6296	 0.012422728823935088	 3.1864364287621356	
6297	 0.012552803962275724	 3.2422375214948462	
6298	 0.012570988796216378	 3.2500695056796203	
6299	 0.012530344241642115	 3.2325748317390435	
6300	 0.012463872595876418	 3.204044838038133	
6301	 0.012429704885513088	 3.189419259359735	
6302	 0.012369388723594311	 3.163666141759959	
6303	 0.01229287214353712	 3.1311162419142855	
6304	 0.01224223038175432	 3.109647513370433	
6305	 0.0121896528782248	 3.08742071794684	
6306	 0.012146525955486745	 3.069236735025544	
6307	 0.012126709593944506	 3.060895800939993	
6308	 0.012215608513046436	 3.0983853218804134	
6309	 0.012207527035949696	 3.0949697453000655	
6310	 0.012202286344155705	 3.0927556111655443	
6311	 0.012202819446801393	 3.092980812159693	
6312	 0.012198984417198853	 3.091360909155903	
6313	 0.012194981673064414	 3.089670526184673	
6314	 0.012190586619771794	 3.0878148946905006	
6315	 0.012184973149077327	 3.0854454848205837	
6316	 0.012177703635882126	 3.082378151310216	
6317	 0.01217126792588802	 3.0796636552519177	
6318	 0.012164528161049785	 3.07682193852745	
6319	 0.01217482685443824	 3.0811646452910453	
6320	 0.012227549658780656	 3.1034349168286597	
6321	 0.012286318488543044	 3.128334601666443	
6322	 0.01228947788771961	 3.129675456935163	
6323	 0.012299561960631682	 3.1339566947960713	
6324	 0.012313022973262488	 3.139675274975269	
6325	 0.012367304884744967	 3.1627779005889716	
6326	 0.012374878670402486	 3.166006722022338	
6327	 0.012489522494156429	 3.2150419267362507	
6328	 0.01247199428336882	 3.207525284219482	
6329	 0.012623528161032571	 3.2727400061702294	
6330	 0.012590977466919742	 3.2586870982284637	
6331	 0.012569943856967613	 3.2496192585347736	
6332	 0.012578607074186364	 3.253352850458236	
6333	 0.012566709928358883	 3.248225969969471	
6334	 0.01257922018596622	 3.253617148584019	
6335	 0.012648209641726669	 3.283411706029279	
6336	 0.012860062164961297	 3.3755822657064467	
6337	 0.01330790871581577	 3.5737700534825136	
6338	 0.014048269048977637	 3.9112443027613324	
6339	 0.01489123173296353	 4.310172186208253	
6340	 0.014822605997957457	 4.277117597540062	
6341	 0.014760193668176717	 4.247144232207346	
6342	 0.014723579905763314	 4.2295998243475585	
6343	 0.014721609881711974	 4.228656661316786	
6344	 0.014740417220953868	 4.237664240820814	
6345	 0.014801609676342085	 4.267024756075834	
6346	 0.014870568402544939	 4.3002086819133325	
6347	 0.014868277735088786	 4.299104729234976	
6348	 0.014753991911955621	 4.244170460933721	
6349	 0.014716408339153558	 4.226166790176729	
6350	 0.014645329925411982	 4.192201827323001	
6351	 0.014600705796081862	 4.170934150218083	
6352	 0.014571473699920418	 4.157025717421877	
6353	 0.014589490748901184	 4.165595909939063	
6354	 0.014616676079305448	 4.178540549991261	
6355	 0.014721456101228875	 4.228583041356607	
6356	 0.014741539736427885	 4.23820210036257	
6357	 0.014973384050745837	 4.349875795586904	
6358	 0.014936518732311495	 4.332041047942507	
6359	 0.014897697945109397	 4.313291977562562	
6360	 0.014848522432797584	 4.289588664871108	
6361	 0.014819519914201702	 4.275633532472326	
6362	 0.014790438167325615	 4.2616585478473645	
6363	 0.01473989857318561	 4.237415737076471	
6364	 0.014730503228807035	 4.23291508187751	
6365	 0.014727515557619598	 4.2314842976048	
6366	 0.014725920609227889	 4.230720562154066	
6367	 0.01468807832427136	 4.212616096592715	
6368	 0.014650604345735436	 4.194718453095431	
6369	 0.01461043931108653	 4.175569413689864	
6370	 0.014550481137501165	 4.147049066042048	
6371	 0.014456957154121937	 4.102718689928663	
6372	 0.014342462350927721	 4.048707922784111	
6373	 0.014299506982116576	 4.0285184488876	
6374	 0.01425670870386055	 4.00844297988452	
6375	 0.014213160736770659	 3.9880570511696387	
6376	 0.0141441308471399	 3.955827624090702	
6377	 0.014079435086343064	 3.9257167983738093	
6378	 0.014021112693582714	 3.898651210967424	
6379	 0.013987301422527838	 3.882994778018257	
6380	 0.01395699050492359	 3.8689806265448428	
6381	 0.013924357827552152	 3.853915682050733	
6382	 0.01388292867066689	 3.8348237094292204	
6383	 0.013843374368784663	 3.8166311415524388	
6384	 0.013798871194362695	 3.7962037852059196	
6385	 0.013753352403822808	 3.7753556390889966	
6386	 0.013708402517476084	 3.75481314919199	
6387	 0.013664909760615556	 3.734979278986768	
6388	 0.013622292851383725	 3.71558559759527	
6389	 0.013581662478259737	 3.6971335536918737	
6390	 0.013543540321852518	 3.6798540303279528	
6391	 0.013507287156550436	 3.66345171054989	
6392	 0.013474012468784718	 3.6484227754108596	
6393	 0.013465216342048171	 3.6444540238059324	
6394	 0.013415707134894506	 3.6221480574665854	
6395	 0.013364425030174978	 3.599101117952729	
6396	 0.01333594420575108	 3.5863268392983896	
6397	 0.01341459590867821	 3.621648032296091	
6398	 0.013565597660571863	 3.68984795127087	
6399	 0.013974089593966477	 3.8768838414323503	
6400	 0.014485974914917458	 4.116452717012773	
6401	 0.014855737404897602	 4.29306311552303	
6402	 0.016252164855690122	 4.986497607053609	
6403	 0.016577382709235103	 5.153910307373823	
6404	 0.016554067248103932	 5.14183467270439	
6405	 0.016463652238922287	 5.095113816294385	
6406	 0.016377846275543863	 5.050932531487699	
6407	 0.016289919087954557	 5.005818841253924	
6408	 0.016218864309960185	 4.969480422630618	
6409	 0.016133805620834787	 4.926119585186615	
6410	 0.016052060544751518	 4.884591302850475	
6411	 0.015973549575235925	 4.844838521402627	
6412	 0.015898309845988598	 4.806864108256967	
6413	 0.01582733237627634	 4.771150555972445	
6414	 0.015759672291755438	 4.737205455818851	
6415	 0.015694926100142215	 4.7048130956842265	
6416	 0.01563269159515712	 4.6737611780613495	
6417	 0.015571359446158412	 4.643240012913618	
6418	 0.015492245140871753	 4.6039880105275675	
6419	 0.015358317957840921	 4.537845171747264	
6420	 0.015200965550855056	 4.460623225155415	
6421	 0.015097504755725046	 4.410138294764108	
6422	 0.015007338348355036	 4.366328165347696	
6423	 0.014969305715918976	 4.347901332189051	
6424	 0.01484692920392582	 4.288821579335654	
6425	 0.014728015227181186	 4.231723573967814	
6426	 0.014616200670593913	 4.178314040098164	
6427	 0.014531244750894777	 4.137915452961576	
6428	 0.014453228050575632	 4.100955046867325	
6429	 0.014375722101466837	 4.06436807414984	
6430	 0.014303641743059124	 4.030460073656454	
6431	 0.014241036302398447	 4.001101534994763	
6432	 0.014188349646490449	 3.976460937510932	
6433	 0.014141677763535466	 3.954684226995644	
6434	 0.014103979226919472	 3.937129344785489	
6435	 0.014067174796333962	 3.9200209668022605	
6436	 0.014031145623832508	 3.9033018433685163	
6437	 0.013994538948919936	 3.8863440211721865	
6438	 0.013955167881144068	 3.868138588627418	
6439	 0.013914851814851241	 3.8495316338021026	
6440	 0.013876398517115559	 3.831817852176277	
6441	 0.013843973400535541	 3.816906401537412	
6442	 0.013791276095004038	 3.792721947905116	
6443	 0.013703163512229196	 3.7524217959475705	
6444	 0.013584516427045935	 3.698428457621313	
6445	 0.01350528485579693	 3.662546647284187	
6446	 0.01341471220965771	 3.6217003636563576	
6447	 0.013323011627774588	 3.5805322917917004	
6448	 0.013234488799010463	 3.5409696237553074	
6449	 0.013162328622538898	 3.5088499705224883	
6450	 0.013090816206429242	 3.4771342518131885	
6451	 0.013039974132746896	 3.4546559294995096	
6452	 0.01299112936945461	 3.433115616593523	
6453	 0.012940190197246789	 3.410709122850302	
6454	 0.012942746669714011	 3.4118322333588744	
6455	 0.012900340285759215	 3.393221372610139	
6456	 0.012888837672362164	 3.388180250833176	
6457	 0.012926847702597952	 3.4048498934506854	
6458	 0.012906634156303111	 3.3959809857352377	
6459	 0.01288255451195106	 3.385427866551154	
6460	 0.01287824132859722	 3.3835389630439394	
6461	 0.01287050471997039	 3.380151870849462	
6462	 0.012873782972149334	 3.381586926073917	
6463	 0.01294632840636593	 3.4134060121074232	
6464	 0.0134078988859091	 3.6186351172231763	
6465	 0.013591104218191602	 3.701418186487744	
6466	 0.013870619035910827	 3.8291583190950016	
6467	 0.013974716599028282	 3.8771737663600074	
6468	 0.014206803285033716	 3.9850844423904053	
6469	 0.01437959438542606	 4.066192886874174	
6470	 0.014693055307301021	 4.214995405666811	
6471	 0.015260071461794188	 4.4895677425789415	
6472	 0.015549265590463764	 4.6322648902858505	
6473	 0.016091140292858613	 4.9044271224125175	
6474	 0.017147842339678886	 5.452881415143575	
6475	 0.017897957074835907	 5.856201618077039	
6476	 0.018235851801237723	 6.041623722189223	
6477	 0.018702668401217586	 6.30158124312996	
6478	 0.019488442883006208	 6.748990512492173	
6479	 0.01997582523902421	 7.0326358968358935	
6480	 0.0200521550404987	 7.077480363322462	
6481	 0.019917035846014113	 6.998174352672687	
6482	 0.019729615247215466	 6.888763525011869	
6483	 0.0195426917305085	 6.780330845375278	
6484	 0.019355648834725424	 6.6725188134920375	
6485	 0.019175789062944943	 6.569500089240293	
6486	 0.0190024130827179	 6.4708029459974075	
6487	 0.018834932323972244	 6.376030072890117	
6488	 0.018672724029785936	 6.284774713937239	
6489	 0.01851218910630918	 6.194979592471585	
6490	 0.018333559529240727	 6.0956717413712465	
6491	 0.018137253839925704	 5.987278620113511	
6492	 0.01792654060553221	 5.871797440132165	
6493	 0.01777257244520589	 5.787985111337607	
6494	 0.017615469534190166	 5.702963902865112	
6495	 0.017452895822641888	 5.615512658689911	
6496	 0.01729289081858463	 5.529971789494862	
6497	 0.017139102179256172	 5.448250029675783	
6498	 0.016995728268832992	 5.372501533397452	
6499	 0.01687289261210611	 5.307941821332981	
6500	 0.016757121478367863	 5.247381180179729	
6501	 0.01664704622816347	 5.1900581755694795	
6502	 0.016541770141587395	 5.135470271960174	
6503	 0.016440020935634497	 5.082930759838393	
6504	 0.016341467797283772	 5.032247823946181	
6505	 0.01624567613621351	 4.9831799282327	
6506	 0.016152691356362946	 4.9357339408866	
6507	 0.016063056480418107	 4.890169290266136	
6508	 0.015973081452973357	 4.84460188493427	
6509	 0.015886716982592204	 4.801023678921848	
6510	 0.015803060239006506	 4.758962061415858	
6511	 0.01572099249905767	 4.717843359361101	
6512	 0.015641532979110796	 4.67816757502365	
6513	 0.015567884178202087	 4.64151298507658	
6514	 0.015484330155391648	 4.600068383669591	
6515	 0.01536738129197176	 4.542309212757035	
6516	 0.015225812461653087	 4.472781782196475	
6517	 0.015126598828689572	 4.424311860770859	
6518	 0.015012785061998626	 4.3689696526498185	
6519	 0.014893215435428276	 4.311129178774731	
6520	 0.01476866319195959	 4.251206754428039	
6521	 0.014647873262271082	 4.19341527428024	
6522	 0.01453809946932202	 4.141169212427025	
6523	 0.014456866883889745	 4.102675993922631	
6524	 0.014383035673789714	 4.067814868008588	
6525	 0.014311479268939322	 4.0341414909416065	
6526	 0.014244971452399202	 4.002944376644726	
6527	 0.014182875725194333	 3.973904375802706	
6528	 0.014125648827753216	 3.947216298046508	
6529	 0.014073356666589262	 3.922892499402191	
6530	 0.01402657984196021	 3.901185160462475	
6531	 0.013984854424824254	 3.8818626648108245	
6532	 0.013942015101522135	 3.8620642810860253	
6533	 0.013904106772913847	 3.8445785650050746	
6534	 0.013869456437424514	 3.82862341755548	
6535	 0.013835925849871613	 3.81320914949678	
6536	 0.01380342660297021	 3.7982927437987626	
6537	 0.01377465976786038	 3.7851089474063433	
6538	 0.013725361578065679	 3.762558320976317	
6539	 0.013639806794143932	 3.723550781162209	
6540	 0.01352396335712885	 3.670993021783975	
6541	 0.013460251271862836	 3.6422145814044167	
6542	 0.013386482521445742	 3.6090068700385687	
6543	 0.013300557985829615	 3.5704806584094873	
6544	 0.01321435674689968	 3.5319967507872314	
6545	 0.013129148755500855	 3.494120393398278	
6546	 0.013050180175679535	 3.459163551494807	
6547	 0.012994351493571558	 3.434534897759551	
6548	 0.012948867262942459	 3.414521735746493	
6549	 0.012909063598872414	 3.397046440177779	
6550	 0.012873457884363003	 3.381444607979696	
6551	 0.01284332458155724	 3.368263149367911	
6552	 0.01281961809504139	 3.357907504441535	
6553	 0.012802738664071446	 3.3505418809836223	
6554	 0.012792069505546653	 3.3458895519723124	
6555	 0.012786325438645035	 3.3433858996612447	
6556	 0.012782210502017631	 3.3415927932616087	
6557	 0.01277935669681489	 3.340349457822941	
6558	 0.01277576349435444	 3.338784247719987	
6559	 0.01277099748931898	 3.3367086139467523	
6560	 0.01276504718789483	 3.3341179342536225	
6561	 0.012754958230888958	 3.329727180181582	
6562	 0.012703437568806802	 3.30734128866582	
6563	 0.012607480490059539	 3.265808822367879	
6564	 0.012473802636259742	 3.2083004366423684	
6565	 0.012388761012220754	 3.171928399026365	
6566	 0.012289751418136612	 3.1297915545963524	
6567	 0.012183967244620595	 3.085020975889242	
6568	 0.012094708536640165	 3.047445365430846	
6569	 0.012006879027253774	 3.010651421185931	
6570	 0.011929489563909792	 2.9783793990589524	
6571	 0.01188216836551908	 2.958714679222779	
6572	 0.01183833732161094	 2.940546835283657	
6573	 0.011799048605844733	 2.924299838721003	
6574	 0.011765500819981194	 2.910455392386056	
6575	 0.011742691902725257	 2.9010576583051795	
6576	 0.011732609632625124	 2.8969074351706103	
6577	 0.011730831275136156	 2.896175646179717	
6578	 0.011735454905945603	 2.8980784107637945	
6579	 0.011744782773762995	 2.901918633156005	
6580	 0.011754355572462015	 2.905861806642609	
6581	 0.011764804493273372	 2.91016831183997	
6582	 0.01177494088153348	 2.9143484446213344	
6583	 0.011784998356727921	 2.918498406242425	
6584	 0.011796150490112794	 2.9231028120580236	
6585	 0.0118105906256673	 2.9290690553372456	
6586	 0.011816092082909698	 2.9313433771130195	
6587	 0.01177480260607916	 2.9142914052298217	
6588	 0.011700193651435634	 2.8835799673938602	
6589	 0.01166068168426242	 2.867368324945977	
6590	 0.011603170020469632	 2.843836844564089	
6591	 0.011543000223959226	 2.8193008576165655	
6592	 0.011482697878974218	 2.794796219275937	
6593	 0.011422688210233681	 2.7704955333435417	
6594	 0.011382015416708182	 2.7540735386171495	
6595	 0.011447729542512153	 2.780625604109225	
6596	 0.011424834811885564	 2.7713633271455715	
6597	 0.011402421678432658	 2.7623078631165945	
6598	 0.011383305661798479	 2.754593886434868	
6599	 0.01137109949879654	 2.749672790619551	
6600	 0.011367210285034174	 2.748105535843925	
6601	 0.011369844765027962	 2.749167125592454	
6602	 0.011377053026558727	 2.752072604009628	
6603	 0.011387577044361932	 2.7563167889957625	
6604	 0.011399936989309266	 2.761304716892207	
6605	 0.011415075040035154	 2.7674186791433284	
6606	 0.011431352919376534	 2.7739990296083437	
6607	 0.0114490038898686	 2.781141516363336	
6608	 0.0114675725074429	 2.7886632575970034	
6609	 0.011484094538385904	 2.7953628016738645	
6610	 0.011487893110806145	 2.7969039997639595	
6611	 0.011482681552303708	 2.7947895963121425	
6612	 0.011476707197267942	 2.7923665024166	
6613	 0.011488683684521573	 2.7972248026427775	
6614	 0.011503668397205576	 2.8033081556228754	
6615	 0.011519635310147632	 2.8097960690637946	
6616	 0.011532696676791751	 2.815107817861407	
6617	 0.01154788719586578	 2.8212904888661696	
6618	 0.011569566154478782	 2.8301234041377668	
6619	 0.01159639736776906	 2.8410708516418617	
6620	 0.011624099881457031	 2.852391531303562	
6621	 0.011651887079069447	 2.863764900380884	
6622	 0.011677518012956141	 2.8742717501592234	
6623	 0.011702599545179212	 2.8845682790293274	
6624	 0.01172727771388952	 2.8947135874879075	
6625	 0.011752811967670179	 2.905225828794462	
6626	 0.011778073238071077	 2.915640678689579	
6627	 0.011801850461717578	 2.9254572929483658	
6628	 0.011792648364206843	 2.92165656892788	
6629	 0.011763235746837013	 2.9095215928838134	
6630	 0.011732904468675252	 2.897028766503679	
6631	 0.011700783661839088	 2.88382232389219	
6632	 0.011671802274987795	 2.8719273730402586	
6633	 0.011629534746463246	 2.8546146107965966	
6634	 0.011576070117601152	 2.832775544392238	
6635	 0.01151713862248601	 2.808781182138342	
6636	 0.011448388730783054	 2.780892467938567	
6637	 0.01140048466300694	 2.761525817263752	
6638	 0.011351586974454937	 2.7418133392233712	
6639	 0.01129907619297483	 2.7207072382155335	
6640	 0.011235185224061917	 2.6951150610854646	
6641	 0.011171461211967474	 2.6696862205724745	
6642	 0.011112071402897253	 2.646073818062211	
6643	 0.011080915059531881	 2.633720149340361	
6644	 0.011059425312361376	 2.6252128217696	
6645	 0.011037727483806666	 2.6166342931183837	
6646	 0.011013962370681933	 2.60725132760255	
6647	 0.010987677404948798	 2.5968891803095757	
6648	 0.010962812890657177	 2.587102206065264	
6649	 0.010944296658150122	 2.5798235979632547	
6650	 0.010933197428734342	 2.575464497516514	
6651	 0.010930606190977526	 2.574447241944657	
6652	 0.010930595143365657	 2.574442905270822	
6653	 0.010939653483098406	 2.5779996832078558	
6654	 0.010955794454583853	 2.584342340122963	
6655	 0.011033979246129033	 2.615153514725821	
6656	 0.011059476172308255	 2.6252329431269583	
6657	 0.011069765124693055	 2.6293047562648906	
6658	 0.011071629159370383	 2.6300427108468423	
6659	 0.011069844178258795	 2.6293360511792887	
6660	 0.011052345419954092	 2.622412456558617	
6661	 0.011055688386125232	 2.6237345771339298	
6662	 0.011055116365707794	 2.6235083280135334	
6663	 0.011053768641983082	 2.6229752986879182	
6664	 0.011043195465298836	 2.618795074615307	
6665	 0.01103829789143703	 2.6168596676922937	
6666	 0.01104356517029092	 2.618941196635215	
6667	 0.011059002227366724	 2.625045442067388	
6668	 0.011076317384320463	 2.631899103130921	
6669	 0.011094770497751493	 2.6392110547921375	
6670	 0.011111761458044557	 2.645950809293227	
6671	 0.011128631899978512	 2.652649559170582	
6672	 0.011146527383314163	 2.6597627256014125	
6673	 0.011165428905985215	 2.6672840481932107	
6674	 0.011188244054997612	 2.6763739995091886	
6675	 0.011210457143796359	 2.685235960423466	
6676	 0.011231467888073507	 2.6936290236908644	
6677	 0.011253807458995542	 2.7025643953373684	
6678	 0.011275370512441112	 2.711200398862468	
6679	 0.011298031496829088	 2.72028799674875	
6680	 0.011322551805891607	 2.7301349253715834	
6681	 0.011346378996043446	 2.739717138801861	
6682	 0.011368753499310177	 2.7487273693899215	
6683	 0.011387120048300768	 2.7561324347266543	
6684	 0.011403821199340483	 2.7628729573689275	
6685	 0.011422226775177893	 2.7703090059512885	
6686	 0.01144057757325004	 2.777730880599289	
6687	 0.011460278372661597	 2.7857075939018032	
6688	 0.011485588038937098	 2.7959687204148773	
6689	 0.01150802768809778	 2.805078892118976	
6690	 0.01152868148592218	 2.8134745075567484	
6691	 0.011550708344817856	 2.822439317897886	
6692	 0.011575803355161576	 2.8326667463426687	
6693	 0.011602847719359157	 2.8437051904148585	
6694	 0.011627884074600242	 2.8539393460248603	
6695	 0.011651348131230442	 2.863544135552925	
6696	 0.011673528245915542	 2.8726352196612805	
6697	 0.01169463980374166	 2.8812990322370866	
6698	 0.011714807891757125	 2.8895854055844366	
6699	 0.011733525980580669	 2.8972845385883397	
6700	 0.01174678634502283	 2.90274375575116	
6701	 0.011757536396429949	 2.907172507818691	
6702	 0.011763798201890467	 2.9097534595289876	
6703	 0.01176568351507988	 2.9105307155272016	
6704	 0.011763355121585968	 2.909570803349383	
6705	 0.01175666563296511	 2.906813674552576	
6706	 0.011727791811654925	 2.894925086918122	
6707	 0.011680908212625	 2.875662641911402	
6708	 0.011617370917161822	 2.8496400728222366	
6709	 0.011588674803629517	 2.837918222932563	
6710	 0.011554349757527865	 2.8239224515273844	
6711	 0.011520321737708585	 2.8100751230036667	
6712	 0.011489702230880874	 2.7976381350739845	
6713	 0.011461820736819795	 2.786332472308595	
6714	 0.011442233514040211	 2.778401006992748	
6715	 0.01143970101793767	 2.777376182222762	
6716	 0.011438738997050332	 2.776986921029539	
6717	 0.011435691411737253	 2.775753924843493	
6718	 0.011432729646472127	 2.774555859723811	
6719	 0.011430296590754433	 2.773571817954214	
6720	 0.01142995221647023	 2.773432548133059	
6721	 0.011431829452123687	 2.7741917626639268	
6722	 0.01143526065740186	 2.775579667339599	
6723	 0.0114401149826577	 2.7775436909161275	
6724	 0.011446733710390263	 2.780222473806964	
6725	 0.011455265692395824	 2.783677127593646	
6726	 0.011466235273529666	 2.7881213018450492	
6727	 0.011478992944409737	 2.793293462180065	
6728	 0.01152551585554195	 2.8121870511139826	
6729	 0.011546680308620307	 2.8207990770566904	
6730	 0.011551180708892893	 2.8226316924074224	
6731	 0.011529721274911333	 2.8138974393791836	
6732	 0.011484405933191673	 2.7954891313729338	
6733	 0.011464612606267261	 2.7874637219111404	
6734	 0.011420989150971611	 2.7698087419020236	
6735	 0.011375865170560542	 2.7515937230889875	
6736	 0.0113914810547187	 2.7578918853924788	
6737	 0.011357778063430524	 2.744306073818712	
6738	 0.011916303868210245	 2.972894736688383	
6739	 0.012006063437100404	 3.0103105885056065	
6740	 0.012215213804038533	 3.0982184660332264	
6741	 0.012635909763604552	 3.278091786923176	
6742	 0.01348510339388407	 3.6534293866381478	
6743	 0.014564976128458227	 4.1539367417445225	
6744	 0.015314530877473927	 4.5163030884498765	
6745	 0.01586011875555633	 4.787634355159826	
6746	 0.016496954569667637	 5.1123025446473305	
6747	 0.017651867406198323	 5.7226169587995654	
6748	 0.017918192221969248	 5.867240657688368	
6749	 0.01801730258977539	 5.921429148294894	
6750	 0.01798545936976992	 5.903997176548733	
6751	 0.017900369323232683	 5.857517154402162	
6752	 0.017773793652610507	 5.788647976565455	
6753	 0.01764826356916105	 5.720669858346698	
6754	 0.01752624186577914	 5.654899850737866	
6755	 0.01741266290290871	 5.593954171372721	
6756	 0.017299938211269926	 5.533728359848401	
6757	 0.017200771580315667	 5.480962083388438	
6758	 0.017104721226027516	 5.430046941800856	
6759	 0.017013900355875224	 5.38207887693995	
6760	 0.01691640052976002	 5.330772913018955	
6761	 0.016825174495577522	 5.282946488496139	
6762	 0.016734528371209614	 5.235595011506338	
6763	 0.01664211779727917	 5.187497529241459	
6764	 0.01655240505532689	 5.140974216050053	
6765	 0.01646538003169193	 5.096005032961433	
6766	 0.016380994524192814	 5.052550836496481	
6767	 0.016298998183718633	 5.010469647203616	
6768	 0.01621905199440265	 4.969576267582348	
6769	 0.016154097638294968	 4.936450151242317	
6770	 0.016076941262231713	 4.897216360832725	
6771	 0.01599966523550495	 4.858047346992347	
6772	 0.01592261766637664	 4.819119491625934	
6773	 0.01584531232798792	 4.780187405917856	
6774	 0.015766047416804357	 4.740399721604837	
6775	 0.01568472737260959	 4.699718804649287	
6776	 0.015603685012823844	 4.659316451765174	
6777	 0.01552421550463797	 4.619833830659708	
6778	 0.01543346678305169	 4.574911907651657	
6779	 0.015332293285734103	 4.525036779589252	
6780	 0.015227608528298213	 4.473661180265282	
6781	 0.015152426819117309	 4.43690954944493	
6782	 0.015065632880628496	 4.394632372233511	
6783	 0.014968405974303108	 4.347465784334628	
6784	 0.014865787290779304	 4.297904625755512	
6785	 0.014769410242371052	 4.2515651618729455	
6786	 0.014700753899021122	 4.21867687231365	
6787	 0.015051582173278786	 4.387803530293388	
6788	 0.014999346170231216	 4.362453363506648	
6789	 0.01499561205552098	 4.360643445788139	
6790	 0.014929067492378757	 4.328439839617522	
6791	 0.014864054750371386	 4.2970698225474475	
6792	 0.014801238578204713	 4.26684645658226	
6793	 0.014741341265568482	 4.2381069999577194	
6794	 0.014684077765954567	 4.210703969187075	
6795	 0.014627825917528299	 4.183854331824299	
6796	 0.014583953157938433	 4.162961085546858	
6797	 0.014535426231906881	 4.139900173334213	
6798	 0.014481359289690283	 4.114266926380243	
6799	 0.01442769613104821	 4.088888124617858	
6800	 0.014375265790642761	 4.0641530593829085	
6801	 0.014329172191581887	 4.042457095650563	
6802	 0.01428749531694705	 4.02288006516998	
6803	 0.014228598271420935	 3.9952790028432985	
6804	 0.014154146808099717	 3.9604974959009716	
6805	 0.014125545472472712	 3.947168162835439	
6806	 0.014110199838262436	 3.940023912287434	
6807	 0.014086584112560533	 3.9290395881983797	
6808	 0.014058613046183997	 3.9160453484929674	
6809	 0.014039446306650077	 3.907151191594223	
6810	 0.01426160874333111	 4.01073941676528	
6811	 0.014405197994420183	 4.078266824006571	
6812	 0.014383016803269194	 4.067805973067804	
6813	 0.01433515547459893	 4.0452707649650845	
6814	 0.014280903181597004	 4.019787000164378	
6815	 0.014326771286441276	 4.041328277947456	
6816	 0.014402716115885802	 4.07709581365481	
6817	 0.014379135290541465	 4.065976521419377	
6818	 0.014330244877877912	 4.042961474232847	
6819	 0.014289077351161453	 4.023622505635581	
6820	 0.014249787380273323	 4.005200150886332	
6821	 0.014215252250635281	 3.989035192239299	
6822	 0.014181308695769914	 3.9731726253146293	
6823	 0.014141748512457381	 3.954717201644154	
6824	 0.014102830305213003	 3.9365948229951675	
6825	 0.014071245314393304	 3.921911663334479	
6826	 0.014045992549777842	 3.9101880085031624	
6827	 0.01400308509867649	 3.8903003309084325	
6828	 0.013952722707449704	 3.8670090526760204	
6829	 0.013935817731883576	 3.859203492650237	
6830	 0.013893790253608472	 3.8398254299257193	
6831	 0.013829076332828403	 3.8100634341241624	
6832	 0.013760118580996024	 3.778451722284986	
6833	 0.013695014340363531	 3.7487033032590227	
6834	 0.01365156955809653	 3.728904209667912	
6835	 0.013595644120288344	 3.703479086874667	
6836	 0.013544266226058605	 3.68018275644369	
6837	 0.013503266884590715	 3.6616345912965302	
6838	 0.013473384116831471	 3.6481392100480297	
6839	 0.013446127273409696	 3.6358471126181735	
6840	 0.013415723395230861	 3.6221553744333006	
6841	 0.013386490395427272	 3.6090104080925918	
6842	 0.013362287898012287	 3.59814193655261	
6843	 0.013341870708479798	 3.5889835095976137	
6844	 0.013324033342658631	 3.5809899431536425	
6845	 0.01330599812946786	 3.5729149642701072	
6846	 0.013286621804746308	 3.564247651229741	
6847	 0.01326918363964833	 3.5564545060633614	
6848	 0.013292785389001787	 3.567003799215584	
6849	 0.013333696621974814	 3.585319521899127	
6850	 0.013344544704192059	 3.590182437875671	
6851	 0.013281972029488543	 3.5621689917801356	
6852	 0.01320827533823576	 3.5292880528613457	
6853	 0.013157905161283812	 3.506884826469823	
6854	 0.013091163113115138	 3.477287826624185	
6855	 0.013009219682189608	 3.441087076296917	
6856	 0.012948174870120283	 3.4142174429521304	
6857	 0.013008106931330091	 3.440596531447396	
6858	 0.014510609665932464	 4.128126682343021	
6859	 0.01443435596600029	 4.0920343314670795	
6860	 0.014445260225118104	 4.097187758224575	
6861	 0.014351223099652394	 4.052830521976376	
6862	 0.014247551178541864	 4.004152653736892	
6863	 0.014148608552820482	 3.957915050685833	
6864	 0.014052697878450208	 3.9132996039331633	
6865	 0.013958152868729024	 3.8695176678080823	
6866	 0.013863728093641461	 3.825988292461746	
6867	 0.013770604831621668	 3.7832520510497214	
6868	 0.013680246296907832	 3.741968357001096	
6869	 0.013595140547455434	 3.70325046604912	
6870	 0.013515981347762815	 3.6673826236151643	
6871	 0.013460674742672105	 3.642405561956449	
6872	 0.013409565515798137	 3.619384821480508	
6873	 0.013336685827969862	 3.586659242829922	
6874	 0.013243269762618233	 3.5448861585552818	
6875	 0.013150760216830468	 3.5037115805067267	
6876	 0.013073365406635094	 3.4694123234544034	
6877	 0.013058885329746747	 3.4630101454763764	
6878	 0.01304933138163968	 3.4587885817358197	
6879	 0.01302419006479238	 3.4476893359413454	
6880	 0.012989325781302498	 3.432321274556484	
6881	 0.01295491871631026	 3.4171816901253886	
6882	 0.012925523229029404	 3.404268483379049	
6883	 0.012906217219284153	 3.3957981476013916	
6884	 0.012888853783100618	 3.3881873094097505	
6885	 0.013005205515254924	 3.4393176033754473	
6886	 0.012990507396560453	 3.4328416770052113	
6887	 0.013004628398822186	 3.439063236339683	
6888	 0.012994100879709817	 3.4344244989552584	
6889	 0.012985669068262151	 3.4307109990163798	
6890	 0.012979959899973099	 3.4281975056428653	
6891	 0.012977334353967843	 3.427041841651198	
6892	 0.012972513251350097	 3.4249201842727923	
6893	 0.012968544494934309	 3.4231740194545974	
6894	 0.012966220565396308	 3.422151707348238	
6895	 0.013068126580448858	 3.4670954984129883	
6896	 0.013174198754850219	 3.514125510266607	
6897	 0.013275349712419325	 3.559209354503233	
6898	 0.013371517059624343	 3.602284874562342	
6899	 0.013420663201728935	 3.6243785049764745	
6900	 0.013401632342874061	 3.6158167785830044	
6901	 0.013388646143645945	 3.6099791130027254	
6902	 0.013370106990107879	 3.6016517759246933	
6903	 0.013345462503956617	 3.590593984842425	
6904	 0.013333735498886088	 3.5853369447099657	
6905	 0.013324486815343033	 3.5811930722791603	
6906	 0.013344906806207375	 3.5903448043561847	
6907	 0.013345587251148592	 3.5906499236946297	
6908	 0.013377690146321584	 3.605057015595526	
6909	 0.013428783417222114	 3.6280341452092575	
6910	 0.013457501222001558	 3.640974437449132	
6911	 0.013477558333037785	 3.6500231334738524	
6912	 0.013464082118518163	 3.6439423957540233	
6913	 0.013471927194390243	 3.6474817577631953	
6914	 0.013576484585346675	 3.6947846845449477	
6915	 0.013876876784733379	 3.8320379687827137	
6916	 0.014154508985611531	 3.9606663999192975	
6917	 0.014971747949032863	 4.349083658908421	
6918	 0.01590890845685569	 4.812206122900977	
6919	 0.016357687641301688	 5.040575235507289	
6920	 0.016391263711457292	 5.057830983169816	
6921	 0.016385841738357245	 5.055042871957988	
6922	 0.016392984226223793	 5.058715842478073	
6923	 0.016632903732028907	 5.182711567953421	
6924	 0.016643747843433386	 5.1883443902572886	
6925	 0.017372280222254663	 5.572348803911607	
6926	 0.01903910521832401	 6.491640682345789	
6927	 0.0203080964354002	 7.228679088892633	
6928	 0.020159484602257104	 7.140730203425988	
6929	 0.019948255789340626	 7.016466628158329	
6930	 0.01974703066367835	 6.898901075447668	
6931	 0.019560249619326477	 6.79048672578521	
6932	 0.01938391721572925	 6.688768429315944	
6933	 0.019214717178956092	 6.5917426574546365	
6934	 0.019050619188222564	 6.498185074435019	
6935	 0.018889767063925558	 6.406997986627243	
6936	 0.018733094153514214	 6.318676335027972	
6937	 0.018579330383326657	 6.232472141118379	
6938	 0.01842745912521674	 6.147794530370155	
6939	 0.018277986236647246	 6.064907198171773	
6940	 0.01812825777267488	 5.982329960673538	
6941	 0.017981914418025408	 5.902057831217713	
6942	 0.017840212301716292	 5.824745399902512	
6943	 0.01770216771021213	 5.74982113458671	
6944	 0.017567421057097386	 5.677061526377008	
6945	 0.017489651691667298	 5.635236979439478	
6946	 0.017410999253908484	 5.593063432649176	
6947	 0.017292922719902758	 5.52998879200181	
6948	 0.01719828026139259	 5.479639064705186	
6949	 0.017088011884820543	 5.421208937598528	
6950	 0.016975709546805953	 5.361958846753512	
6951	 0.016860291630673513	 5.301336687869	
6952	 0.01674547998151253	 5.24130682503655	
6953	 0.01664337713295848	 5.188151789472996	
6954	 0.016549378493647494	 5.139407623244755	
6955	 0.016457613400439604	 5.091999399270808	
6956	 0.016363531569118957	 5.043576909321247	
6957	 0.016267371628221623	 4.99427628181138	
6958	 0.016171688366301035	 4.945412507573804	
6959	 0.016078691239062092	 4.898104830636599	
6960	 0.0159889943752747	 4.852648482084266	
6961	 0.01590302110737261	 4.809238430893265	
6962	 0.015819716068828052	 4.767324609029502	
6963	 0.015737727538588573	 4.726216591007122	
6964	 0.015657993534847946	 4.686375663016614	
6965	 0.01564924594343615	 4.68201294301496	
6966	 0.015665222027489375	 4.689981983381806	
6967	 0.015683884351567985	 4.699297812223019	
6968	 0.015702184401796944	 4.708439980829895	
6969	 0.015725662571392036	 4.720179392041824	
6970	 0.01572506741153776	 4.7198816593998165	
6971	 0.01565155959763132	 4.6831666826011356	
6972	 0.015586412753592542	 4.650723692678079	
6973	 0.015546763042747944	 4.63102240480934	
6974	 0.015482262489170215	 4.599044662424752	
6975	 0.015408076832689879	 4.562374966683376	
6976	 0.015408942930983303	 4.562802398267172	
6977	 0.015327403995508347	 4.5226320657951575	
6978	 0.015255713872821736	 4.487431248798814	
6979	 0.015294905881355948	 4.506661421309908	
6980	 0.01542990654188613	 4.573153117543168	
6981	 0.015403928823730867	 4.560328088483864	
6982	 0.015403902447326796	 4.560315073948299	
6983	 0.01563515281304455	 4.674987640804417	
6984	 0.015746830452411365	 4.730773648413523	
6985	 0.016034898857911064	 4.875890659890466	
6986	 0.016091294721063472	 4.904505569753257	
6987	 0.016252926034510028	 4.986886855260844	
6988	 0.01624409444192701	 4.982371342678723	
6989	 0.01624936011798298	 4.985063437776898	
6990	 0.016433279950990507	 5.07945760176699	
6991	 0.016476078188793604	 5.101524661508317	
6992	 0.016486187761439085	 5.106742810851134	
6993	 0.016507903801420556	 5.117958959203733	
6994	 0.016471336769130877	 5.099078069070709	
6995	 0.016375453640441844	 5.049702775779906	
6996	 0.01629800591300319	 5.0099612681657515	
6997	 0.01622376928518803	 4.9719854927589875	
6998	 0.016147521408381455	 4.933101276910517	
6999	 0.016077330133273997	 4.897413786548841	
7000	 0.016010600119427468	 4.863582284145803	
7001	 0.015942327645010267	 4.8290659224865315	
7002	 0.01598354314958591	 4.849891390228677	
7003	 0.016627289597411433	 5.1797963457014315	
7004	 0.018605914937249116	 6.247342295327867	
7005	 0.019424737753835186	 6.712261336933633	
7006	 0.01954733415187468	 6.783015535697543	
7007	 0.019594775531235942	 6.810475023970257	
7008	 0.019531170017074224	 6.773669729926839	
7009	 0.019429755375217447	 6.715151336126571	
7010	 0.019287729964912004	 6.633541419587964	
7011	 0.019106137977991523	 6.529778248801124	
7012	 0.01891134549240849	 6.419200853254387	
7013	 0.018723181650071852	 6.313104835706202	
7014	 0.01854177099949253	 6.211487348555255	
7015	 0.018366920278396343	 6.114169649234609	
7016	 0.018198768599272188	 6.021161205576271	
7017	 0.01803755848681078	 5.9325285532287415	
7018	 0.01786685428517201	 5.839250085853408	
7019	 0.017687784082998783	 5.7420366941621666	
7020	 0.017534976833518335	 5.659597908066337	
7021	 0.017470640415876974	 5.6250314949206865	
7022	 0.017337631743657045	 5.553837990738772	
7023	 0.017215752324738258	 5.488920323965583	
7024	 0.01708230201021195	 5.418190156987351	
7025	 0.01695971674437665	 5.353542329001545	
7026	 0.01685630666312022	 5.299248547803569	
7027	 0.016755877217773624	 5.246731809698515	
7028	 0.016659346334981097	 5.19645110064096	
7029	 0.016563902412892594	 5.14692715793335	
7030	 0.01647031614647304	 5.098551484900826	
7031	 0.016379102052966336	 5.0515780181856815	
7032	 0.01627899499729055	 5.000225218813478	
7033	 0.01617747114236573	 4.948360212751835	
7034	 0.01607697680191896	 4.897234403823953	
7035	 0.01597816228171075	 4.8471704982936314	
7036	 0.01588099047849715	 4.798139741533271	
7037	 0.015787252665481474	 4.751030838420637	
7038	 0.01569693263399327	 4.705815624460923	
7039	 0.015610066026235455	 4.662492540548015	
7040	 0.01552633990801387	 4.620887543406951	
7041	 0.015447968300500424	 4.58207857804736	
7042	 0.01535810316245401	 4.537739398047727	
7043	 0.015264363796969039	 4.4916726405746985	
7044	 0.015215167648653095	 4.467571241512487	
7045	 0.015184510468957572	 4.452578403720168	
7046	 0.015093187548725571	 4.408036659940599	
7047	 0.014992869021338302	 4.359314094171223	
7048	 0.01490118987722983	 4.314977126012899	
7049	 0.014803551912089362	 4.267957980083681	
7050	 0.014725196495257723	 4.2303738409167355	
7051	 0.014650188284189552	 4.194519912420735	
7052	 0.014581694656558335	 4.161886666296888	
7053	 0.014552539006980303	 4.148026638299944	
7054	 0.014643025384019726	 4.191102432962074	
7055	 0.01543807397003039	 4.577188299614264	
7056	 0.017464839340092738	 5.621918880330494	
7057	 0.020690728874857033	 7.457098845152996	
7058	 0.024819166992491808	 10.098470130041466	
7059	 0.029286808476072273	 13.306494592870486	
7060	 0.03225012009006655	 15.625328034122084	
7061	 0.03490690005194794	 17.829084945090447	
7062	 0.03676076332591873	 19.434995808713378	
7063	 0.0368498795607545	 19.513583804882614	
7064	 0.03621351675081005	 18.95518757511465	
7065	 0.03551269641624755	 18.347757771984806	
7066	 0.034803443067179515	 17.741102316928423	
7067	 0.03409227240252061	 17.141026766410278	
7068	 0.033414708106687584	 16.577016490125217	
7069	 0.03276478618982969	 16.04313164074812	
7070	 0.03213990691179835	 15.53643148821715	
7071	 0.031537549874051336	 15.054170618305893	
7072	 0.030953331722751797	 14.592260923966776	
7073	 0.030390925441971608	 14.15305274349385	
7074	 0.02985691317700806	 13.741002712192735	
7075	 0.02934404320350397	 13.349863925706684	
7076	 0.028850524797078454	 12.977761215712718	
7077	 0.02838105561038588	 12.627706844177867	
7078	 0.027932024246153216	 12.296483571789778	
7079	 0.027497768641908997	 11.979517859978108	
7080	 0.027076792346559745	 11.675413587888606	
7081	 0.02666921206889187	 11.383973899460274	
7082	 0.026335967134202144	 11.147882158345162	
7083	 0.026065428440296228	 10.957673682712732	
7084	 0.025812629119017955	 10.781122623033262	
7085	 0.025583456248064212	 10.622064721208506	
7086	 0.025360670731817702	 10.468347781136016	
7087	 0.0251372450020238	 10.315090597055516	
7088	 0.02490967153115789	 10.159919134622186	
7089	 0.024689567576251095	 10.01073709473538	
7090	 0.024465316398439397	 9.859653311728703	
7091	 0.02419893605024449	 9.681382295412707	
7092	 0.023898997757359326	 9.482213526383205	
7093	 0.023593016698063785	 9.280742187379134	
7094	 0.023288397478211827	 9.081890432794115	
7095	 0.022989721556691396	 8.888594665553539	
7096	 0.02269533045488527	 8.699703159482693	
7097	 0.022411283855120777	 8.518990693200195	
7098	 0.022143442611343503	 8.34998095510121	
7099	 0.021886249511950947	 8.188967736494234	
7100	 0.021638311491025432	 8.034938010174944	
7101	 0.02139768185087007	 7.886569349730384	
7102	 0.021166303351722263	 7.74494985219175	
7103	 0.02094462996354542	 7.61023503667935	
7104	 0.0206975640087538	 7.461205022516039	
7105	 0.02044306657231829	 7.308927514291047	
7106	 0.02020119705316815	 7.165372264078386	
7107	 0.019954860235895287	 7.020338728823968	
7108	 0.019713373699233053	 6.879314660292741	
7109	 0.019472010650930332	 6.739508841196208	
7110	 0.019231995108217	 6.601624474961896	
7111	 0.019007623305192616	 6.473760237442947	
7112	 0.0187960440760176	 6.35410432814698	
7113	 0.018585744374655457	 6.236058529984657	
7114	 0.01836041156886817	 6.110558932006084	
7115	 0.018134388524607775	 5.985702257095211	
7116	 0.01793542094368596	 5.876646131400825	
7117	 0.017790302452751733	 5.797611849514834	
7118	 0.017655562550091087	 5.724613666202269	
7119	 0.01752984388058456	 5.656836986732048	
7120	 0.017344046923983194	 5.557263416902539	
7121	 0.017165130250098325	 5.462046863840032	
7122	 0.01700162686776691	 5.375609559264323	
7123	 0.01686525383583523	 5.303937364608327	
7124	 0.01673852018136758	 5.237676651993684	
7125	 0.016612766878598615	 5.172258253761797	
7126	 0.01649021915638918	 5.1088242476993075	
7127	 0.016374511360920968	 5.049218500112429	
7128	 0.016266238290901357	 4.993696381917413	
7129	 0.016163025934230097	 4.940998244669008	
7130	 0.01606327818831391	 4.89028178381439	
7131	 0.015967439301894787	 4.841750133241614	
7132	 0.015875778235983972	 4.795515395166277	
7133	 0.015786679395569554	 4.750743307913067	
7134	 0.015699960641471576	 4.707328676029915	
7135	 0.015615456932017123	 4.665176487270627	
7136	 0.015533740219866103	 4.624558878882946	
7137	 0.01545729215720066	 4.586688810921178	
7138	 0.015383886602600693	 4.550443223053158	
7139	 0.015302504778706682	 4.510393745529299	
7140	 0.015231746328697466	 4.4756874115027765	
7141	 0.015161926785559847	 4.44154679343338	
7142	 0.015093361151626482	 4.40812116284221	
7143	 0.01502652759387511	 4.375637194437233	
7144	 0.014960598046769073	 4.343686847624221	
7145	 0.014902783129998605	 4.3157460908102605	
7146	 0.014854516042231862	 4.292474875530636	
7147	 0.014807898544357675	 4.270046787283988	
7148	 0.014762918629066996	 4.248451127222577	
7149	 0.014718891893407823	 4.227355543198901	
7150	 0.014675940961146206	 4.206815931630362	
7151	 0.014634270477548384	 4.186926907340415	
7152	 0.01458442882084252	 4.163187383092988	
7153	 0.014533647193121618	 4.13905571438078	
7154	 0.014484688461406627	 4.1158434531884	
7155	 0.014437593425447795	 4.093564105945759	
7156	 0.01439550278549011	 4.073693153475205	
7157	 0.014357309903636107	 4.055695814622251	
7158	 0.014317231542710607	 4.036844285756367	
7159	 0.014274407511911317	 4.016740128276228	
7160	 0.014230838994028893	 3.9963276868322954	
7161	 0.014190705517879022	 3.97756143536914	
7162	 0.014149476932691779	 3.9583199249018493	
7163	 0.014088774997353348	 3.9300581127839616	
7164	 0.014040056813396366	 3.907434367141722	
7165	 0.013988413733429603	 3.88350943672912	
7166	 0.0139256350868333	 3.8545048893643474	
7167	 0.01384802278925525	 3.818767337004139	
7168	 0.013768107273588839	 3.7821085137336254	
7169	 0.013690685078563167	 3.746728447369319	
7170	 0.013642646206013576	 3.72484276279491	
7171	 0.01360806584237264	 3.709120305071172	
7172	 0.01357649899002906	 3.694791218172799	
7173	 0.013545851157867281	 3.6809005344969137	
7174	 0.013516300323421552	 3.667526874454289	
7175	 0.013488677333737082	 3.65504330212884	
7176	 0.013461709856666046	 3.64287240353812	
7177	 0.013435622540101434	 3.631114193809743	
7178	 0.013410325347580911	 3.619726639113312	
7179	 0.013385967034561524	 3.608775246854083	
7180	 0.013363183063826323	 3.598543689805902	
7181	 0.013340322107783888	 3.5882892432234	
7182	 0.013318281547341927	 3.5784138766973266	
7183	 0.013297413896136276	 3.56907407245135	
7184	 0.013276863829301015	 3.559885954864791	
7185	 0.0132590505932783	 3.551929165596502	
7186	 0.013238650554002253	 3.542825657245621	
7187	 0.01320900762754697	 3.529614175136093	
7188	 0.01324557076622006	 3.5459127514797695	
7189	 0.013223270747318208	 3.5359686050386063	
7190	 0.013184225440043459	 3.518584221453045	
7191	 0.013120731413291554	 3.4903876150572963	
7192	 0.013060401083601686	 3.463680094701279	
7193	 0.012984893065918556	 3.4303693163595574	
7194	 0.012920987607769913	 3.4022777623691933	
7195	 0.01286609618914165	 3.378222420193994	
7196	 0.012820142344138285	 3.3581363729304394	
7197	 0.012870294004530571	 3.380059638478286	
7198	 0.012815045999847164	 3.355911754983	
7199	 0.012755653205627401	 3.3300295617159796	
7200	 0.012708116813064187	 3.309371940831269	
7201	 0.012637353461466785	 3.2787160335384544	
7202	 0.01257161860096271	 3.250340890243034	
7203	 0.012514668639545848	 3.2258376633837447	
7204	 0.012474850896891904	 3.208749808999019	
7205	 0.012445269605098003	 3.1960784593775613	
7206	 0.012426712053302503	 3.1881394447751927	
7207	 0.012415065677918046	 3.183161100835168	
7208	 0.012408128243285426	 3.1801971134884486	
7209	 0.012403482920909294	 3.178213038092944	
7210	 0.012388932966790762	 3.1720017760313914	
7211	 0.012355801105077046	 3.157876183504185	
7212	 0.012332133251927228	 3.1478009677202907	
7213	 0.012301557580540287	 3.134804221539533	
7214	 0.012265188385939785	 3.1193728542736507	
7215	 0.012224679961814157	 3.1022210975866336	
7216	 0.012191973665215126	 3.088400469739614	
7217	 0.012169802469750902	 3.079045679253266	
7218	 0.012527478697738115	 3.2313428385888114	
7219	 0.012792004038871718	 3.3458610129505506	
7220	 0.015530205887616933	 4.622805331690034	
7221	 0.02167574105287041	 8.05811584942047	
7222	 0.02457669575769195	 9.934577576240093	
7223	 0.026878376897947812	 11.533168817798034	
7224	 0.027339186718157937	 11.864594555278165	
7225	 0.027214661296658428	 11.774662635294742	
7226	 0.026988242420698284	 11.611845645762411	
7227	 0.027123403516232124	 11.708930414748103	
7228	 0.027303245767112027	 11.83861000269109	
7229	 0.026894514545040146	 11.544711891661013	
7230	 0.02650026691361267	 11.264035149320641	
7231	 0.026119827021062615	 10.995814655320862	
7232	 0.025752583112766098	 10.739356164938727	
7233	 0.02539796275806894	 10.494015952073346	
7234	 0.02551906000258266	 10.577540700007578	
7235	 0.025953937499530462	 10.879668783831134	
7236	 0.025717299708873733	 10.714844192625861	
7237	 0.025475236775594767	 10.547283800951492	
7238	 0.025293651839883535	 10.422281775272996	
7239	 0.025804930021651372	 10.775763704888158	
7240	 0.0264360015976298	 11.218544949724395	
7241	 0.02684328468157281	 11.508083703438858	
7242	 0.026443520164019678	 11.223863162638668	
7243	 0.026064910368215944	 10.957310696979734	
7244	 0.02569876553327529	 10.701977167005081	
7245	 0.025340645968214892	 10.454575076840513	
7246	 0.024992889665490448	 10.21655247221421	
7247	 0.024656581836870237	 9.988456126224134	
7248	 0.024331016253299247	 9.769612344513327	
7249	 0.02401440695156229	 9.558652938755326	
7250	 0.023704056746275334	 9.353655707943778	
7251	 0.023400082286914328	 9.15459686555341	
7252	 0.023103804396246843	 8.962229929347494	
7253	 0.022816010178315565	 8.77693913118639	
7254	 0.02253780401352668	 8.599296298055135	
7255	 0.022268148397794518	 8.428502656697027	
7256	 0.022006709854509574	 8.264224617847834	
7257	 0.021752383435908695	 8.10565907774073	
7258	 0.0214962315241366	 7.94719985952845	
7259	 0.021231043798252823	 7.784471991465247	
7260	 0.02098632445530352	 7.635501289417618	
7261	 0.02074367786551162	 7.488931344971673	
7262	 0.02049446066701221	 7.339577711160279	
7263	 0.020242702581910597	 7.1899257760181845	
7264	 0.019991479262487885	 7.041823485713522	
7265	 0.01975088700343585	 6.901146665240769	
7266	 0.019545047511360335	 6.781693129173313	
7267	 0.01935590996892722	 6.672668849856537	
7268	 0.01917667271362678	 6.570004651910764	
7269	 0.01900473467539563	 6.4721206015018	
7270	 0.01884025340285768	 6.379032521855914	
7271	 0.018684310970065156	 6.291275851699097	
7272	 0.018536197292099228	 6.2083756767354625	
7273	 0.018394258048203133	 6.129344637303383	
7274	 0.01825710095675922	 6.053361521380996	
7275	 0.018123706425875026	 5.979826927382014	
7276	 0.01799379385450889	 5.9085577471918524	
7277	 0.017866851990372794	 5.839248835875307	
7278	 0.017743628960082962	 5.772283622946036	
7279	 0.01762379522491816	 5.707456979591247	
7280	 0.01750745095811336	 5.64479854844112	
7281	 0.017396084077200755	 5.585080193159495	
7282	 0.017290980627544413	 5.528953749410602	
7283	 0.017173677950219023	 5.466580831564253	
7284	 0.017079429530212253	 5.4166717462500165	
7285	 0.016987984244633995	 5.368422227713729	
7286	 0.01689912140865039	 5.32170087816022	
7287	 0.016813229234450233	 5.276696801972062	
7288	 0.016734028143040373	 5.235334176945832	
7289	 0.01667319223559942	 5.203651210727327	
7290	 0.01662792222279111	 5.180124812964971	
7291	 0.01729364053766746	 5.530371374246743	
7292	 0.017190160918426144	 5.475328162063178	
7293	 0.01708751623795623	 5.420946865056153	
7294	 0.016986658087911402	 5.367723774828201	
7295	 0.01688869522567757	 5.316229822972679	
7296	 0.016793966173293273	 5.266624722401172	
7297	 0.016701928182424264	 5.218607128294377	
7298	 0.016614907291208774	 5.173368970028113	
7299	 0.01653524597589991	 5.132094952627158	
7300	 0.016460221808900447	 5.093344543276002	
7301	 0.016386900071830267	 5.0555870446187825	
7302	 0.01631643767412583	 5.019407946910089	
7303	 0.01624807723512657	 4.984407505884468	
7304	 0.016199552345152177	 4.959622320240775	
7305	 0.016151706317029068	 4.935232291436516	
7306	 0.016092287818061764	 4.905010060954126	
7307	 0.016033819008733755	 4.87534340476793	
7308	 0.01600366952880831	 4.860073917443312	
7309	 0.01608636872386351	 4.902003480297438	
7310	 0.01648451376104535	 5.105878612665652	
7311	 0.016424416528605355	 5.074892345201628	
7312	 0.016972915865766318	 5.360488237529839	
7313	 0.017101564005714307	 5.428376564809261	
7314	 0.017117513470116003	 5.436816983048751	
7315	 0.017079573566152376	 5.41674788048693	
7316	 0.017163295915758325	 5.46107407160748	
7317	 0.017090874302335753	 5.422722535744278	
7318	 0.017018890000066872	 5.384709792756836	
7319	 0.01694634802936896	 5.346510846126639	
7320	 0.016871551390811652	 5.307238628729897	
7321	 0.016844035264791665	 5.292820349605623	
7322	 0.016845023586410858	 5.2933379523261825	
7323	 0.016838526586359717	 5.289935721478022	
7324	 0.016825326090113543	 5.283025820831069	
7325	 0.016807799063274554	 5.2738567484999574	
7326	 0.01678531616071706	 5.262104393726543	
7327	 0.01673401702883199	 5.235328381710157	
7328	 0.016681448636719387	 5.207946581241536	
7329	 0.0166155509893405	 5.173703020537411	
7330	 0.016535514453596967	 5.132233833787762	
7331	 0.016440708640006803	 5.083285139197368	
7332	 0.01634970138498215	 5.036474332503037	
7333	 0.016252484580978242	 4.98666110525555	
7334	 0.01614948823275097	 4.934102765776056	
7335	 0.016045032829008186	 4.881027636860685	
7336	 0.0159430119613265	 4.829411402765946	
7337	 0.015854227165541097	 4.78467060203185	
7338	 0.015780637744144455	 4.7477134673022565	
7339	 0.015716804323354882	 4.715748771268135	
7340	 0.015656003100575407	 4.6853828232194745	
7341	 0.01559557319184156	 4.655280119854722	
7342	 0.01553717605741247	 4.626263813245918	
7343	 0.015480892572624458	 4.598366453888046	
7344	 0.015426668720008373	 4.571553840251963	
7345	 0.015373769276212186	 4.545456595673552	
7346	 0.01532191433889228	 4.519932681429004	
7347	 0.01527522656128135	 4.4970013433340466	
7348	 0.015511729400856952	 4.613642615148408	
7349	 0.015966507427533527	 4.841279194126708	
7350	 0.017147351042149275	 5.452621036264178	
7351	 0.018609563308836088	 6.2493841295102905	
7352	 0.018481752182194968	 6.178013044537263	
7353	 0.018812833770667534	 6.3635668896223585	
7354	 0.021702966795159328	 8.074991860413157	
7355	 0.025465473870071167	 10.540547914544032	
7356	 0.030139529494244203	 13.958466131420991	
7357	 0.0363227919866949	 19.050613055026318	
7358	 0.04372676886816611	 25.95309928553093	
7359	 0.050687103359649904	 33.1975503661204	
7360	 0.052783307546804444	 35.51713434426057	
7361	 0.05628913476100969	 39.5352544574241	
7362	 0.060122565144944684	 44.12378427722943	
7363	 0.06267026104601629	 47.28384185853918	
7364	 0.06375350647225964	 48.653831145916186	
7365	 0.06350916497874602	 48.34344414518232	
7366	 0.06320622851711818	 47.95972802608526	
7367	 0.0636847571501907	 48.5664185573187	
7368	 0.06432925756184991	 49.38834598385344	
7369	 0.06474716586961274	 49.92424684385415	
7370	 0.06651269377031009	 52.21370108489422	
7371	 0.0652350537037645	 50.552808759593894	
7372	 0.06380041493397572	 48.71350985239598	
7373	 0.06184462640868937	 46.25019135662169	
7374	 0.05980620973765627	 43.73750944071462	
7375	 0.05787957431961799	 41.41450395940487	
7376	 0.05607565010103222	 39.28566526935961	
7377	 0.05439120123991301	 37.33859746079161	
7378	 0.05280635884310162	 35.54298958782456	
7379	 0.0512732015244217	 33.83978873740311	
7380	 0.04982417046590022	 32.260942015560175	
7381	 0.04845216511106509	 30.793961619524985	
7382	 0.0471542508555944	 29.431450467111883	
7383	 0.0459081886105942	 28.14668019882163	
7384	 0.04472131347981854	 26.94435761965704	
7385	 0.04358818027000837	 25.816150284903674	
7386	 0.04251278574671894	 24.763357266378836	
7387	 0.04148793552297893	 23.776428778469107	
7388	 0.040509731893309385	 22.84945599741281	
7389	 0.03957596127308628	 21.978398184833903	
7390	 0.0386842296534306	 21.159245204111176	
7391	 0.03783242083899479	 20.388430887141897	
7392	 0.03701825985790581	 19.662417625589338	
7393	 0.03623899503065617	 18.977419551275613	
7394	 0.035492776618357744	 18.330608258176248	
7395	 0.0347777383375536	 17.719269325751952	
7396	 0.034092616406962095	 17.141315033552978	
7397	 0.03343614514031367	 16.594745112649456	
7398	 0.032805280483813315	 16.076191670849084	
7399	 0.03219860742080497	 15.583753319378921	
7400	 0.031614884668529276	 15.115746028312458	
7401	 0.031055348264821054	 14.672504673786973	
7402	 0.030521127117698416	 14.2542551855212	
7403	 0.02999431150477179	 13.846555342241613	
7404	 0.029497592741960878	 13.466494004077083	
7405	 0.029008657051735862	 13.096531429356927	
7406	 0.02853519070552718	 12.74221363751857	
7407	 0.028071811991314314	 12.399218909572797	
7408	 0.02761954884031942	 12.068071751205713	
7409	 0.02718677326276197	 11.754559499915104	
7410	 0.026784106169156136	 11.465830386692113	
7411	 0.027073017722630717	 11.672701040611338	
7412	 0.02667907390062483	 11.390990771720281	
7413	 0.02630110291791089	 11.123296601983139	
7414	 0.025939994805597243	 10.869929431378843	
7415	 0.02559629843873248	 10.63095284814426	
7416	 0.025267948409803117	 10.404635869524721	
7417	 0.024952340917477733	 10.188941663769471	
7418	 0.024648028673203006	 9.982681939737121	
7419	 0.02435433751285352	 9.785224273050707	
7420	 0.02407193606611343	 9.596848054981121	
7421	 0.023799673390176634	 9.416624337598057	
7422	 0.02353727761977742	 9.244227672868586	
7423	 0.02328441605208511	 9.079302819853064	
7424	 0.023040438087407994	 8.921299867981373	
7425	 0.022805535995641446	 8.77022475279846	
7426	 0.02257914762986531	 8.625603457065806	
7427	 0.022360905079734553	 8.48709793058192	
7428	 0.022152192072438764	 8.355480510638188	
7429	 0.02196422935464089	 8.237653748289963	
7430	 0.02178211022947375	 8.124129467530688	
7431	 0.021590135123200203	 8.005144652095044	
7432	 0.021393342246666718	 7.88390377470673	
7433	 0.02119851032276274	 7.764601203052831	
7434	 0.021013563691886512	 7.652025955155147	
7435	 0.020891184735408044	 7.5778970186644905	
7436	 0.0207251925699068	 7.47781197442464	
7437	 0.020653197831100808	 7.434568347744961	
7438	 0.020509587819395575	 7.348608950275459	
7439	 0.020513875079274192	 7.351169345589566	
7440	 0.020674532556422466	 7.447372586326146	
7441	 0.020547109353317102	 7.371029292969621	
7442	 0.02038309515989872	 7.273226906258488	
7443	 0.02022277075899249	 7.178130473009861	
7444	 0.020107867181339042	 7.110283707084955	
7445	 0.01998570127266902	 7.038431735335846	
7446	 0.019878195275875806	 6.975443698340661	
7447	 0.01979373408199113	 6.926116661561033	
7448	 0.019710751970838658	 6.877789900561472	
7449	 0.019623164672174447	 6.826928125017222	
7450	 0.019550569163000957	 6.784886578660667	
7451	 0.0194258431794256	 6.71289798612941	
7452	 0.019302551128845147	 6.642039221548039	
7453	 0.019183452375230888	 6.573876339999803	
7454	 0.019071048450234482	 6.509803294635264	
7455	 0.018961878481992715	 6.447814210485474	
7456	 0.018855784023234536	 6.387798995615824	
7457	 0.018749365007012662	 6.327825919797627	
7458	 0.018649063642078478	 6.271507823434588	
7459	 0.01855443618344292	 6.218560346113308	
7460	 0.018461175667879755	 6.166553561871362	
7461	 0.018368958139839034	 6.11530033157052	
7462	 0.018280063492340765	 6.066056015488435	
7463	 0.018193606747065046	 6.018315096742043	
7464	 0.01811181154789076	 5.97328726529882	
7465	 0.018030814365729814	 5.928832126847973	
7466	 0.017951828652571836	 5.88560900058659	
7467	 0.01787473225597959	 5.843541850717272	
7468	 0.017798574874674285	 5.802105657765065	
7469	 0.017765555898510404	 5.784177153574677	
7470	 0.017781954078853135	 5.793078194146686	
7471	 0.017802932610235588	 5.804473460221178	
7472	 0.01781990479200681	 5.813699082701154	
7473	 0.01784252227988246	 5.826002449163618	
7474	 0.01786066587094764	 5.835879643064697	
7475	 0.017795971369976803	 5.800691211862285	
7476	 0.01773639860649183	 5.768363907828	
7477	 0.017694407960740077	 5.745621022618289	
7478	 0.017638108914933198	 5.715184872844696	
7479	 0.017569577646288612	 5.67822310747166	
7480	 0.017497397134577437	 5.639396948809929	
7481	 0.01742261646971104	 5.5992846221246495	
7482	 0.017355538672519294	 5.563401620748681	
7483	 0.017290022660504934	 5.528443227214693	
7484	 0.017227101589501064	 5.494952483442546	
7485	 0.017169496668026252	 5.46436276058418	
7486	 0.01711701975730932	 5.436555632749044	
7487	 0.017068159103250196	 5.4107157731133615	
7488	 0.01702195253888522	 5.386324848333392	
7489	 0.01697697474920205	 5.362624909409804	
7490	 0.016932490966139545	 5.339226411036967	
7491	 0.016889921175397386	 5.316873013390254	
7492	 0.016847251139116892	 5.2945046380399585	
7493	 0.016804742053168155	 5.272258159668297	
7494	 0.016852689079937963	 5.2973532036885125	
7495	 0.016907552362999435	 5.326126599181841	
7496	 0.016958067542492915	 5.352674705833344	
7497	 0.01700725301341621	 5.378574696908508	
7498	 0.017045301151809633	 5.398644303369628	
7499	 0.017011462026935438	 5.380793393552722	
7500	 0.016981413124669005	 5.364961742806789	
7501	 0.016959426817087092	 5.353389798036973	
7502	 0.01693002825415513	 5.337932218763812	
7503	 0.01689385766008665	 5.3189384873266015	
7504	 0.016831402205851012	 5.286205961304981	
7505	 0.016771093082558877	 5.254675064841235	
7506	 0.016715195499308572	 5.225518031541242	
7507	 0.016670458950087588	 5.202229538636568	
7508	 0.016625909130608085	 5.179079618443057	
7509	 0.016561040934298502	 5.145445323780965	
7510	 0.01648426217534974	 5.105748737286242	
7511	 0.016409851163780492	 5.0673937727942855	
7512	 0.016337233057002996	 5.03007457753727	
7513	 0.016261687608832762	 4.991368184812224	
7514	 0.016183518535492953	 4.951443555001408	
7515	 0.01610680814714764	 4.912388727949277	
7516	 0.016034691342240733	 4.875785491432293	
7517	 0.015968669520252415	 4.842371873809449	
7518	 0.015909448725907587	 4.81247849812158	
7519	 0.015858586920883173	 4.786863698026394	
7520	 0.015815701762533618	 4.765308571750283	
7521	 0.015778956709282383	 4.74687057905478	
7522	 0.01574316520434195	 4.728938558098823	
7523	 0.015691902734155154	 4.703302686267416	
7524	 0.015650078135892524	 4.682427915609773	
7525	 0.015601283292277742	 4.658121242439861	
7526	 0.01553780699071405	 4.626576922848378	
7527	 0.015465066499063724	 4.590534295235699	
7528	 0.015466214009482225	 4.591102006580192	
7529	 0.01540612851178797	 4.561413501695789	
7530	 0.015369997140113572	 4.5435979451552875	
7531	 0.015348538036686529	 4.533030153663191	
7532	 0.015332597459900883	 4.525186399345892	
7533	 0.015320772816284382	 4.519371450731132	
7534	 0.015312593442415496	 4.515350869169299	
7535	 0.015306941384675912	 4.512573429393139	
7536	 0.015302026766914957	 4.510158925698905	
7537	 0.015298327586038236	 4.5083418952434275	
7538	 0.015295142738654345	 4.50677773903114	
7539	 0.015293218212516467	 4.505832662553883	
7540	 0.015293360857537712	 4.505902708481569	
7541	 0.015293985038010627	 4.506209217819448	
7542	 0.015294762942153818	 4.506591226197661	
7543	 0.015295629241896464	 4.507016658587249	
7544	 0.015297795488375288	 4.5080805539998074	
7545	 0.015303105926358362	 4.5106890619009885	
7546	 0.015311367319922747	 4.514748290480083	
7547	 0.015316645423333877	 4.517342446603851	
7548	 0.015314638485923557	 4.516355978688084	
7549	 0.015306855982046291	 4.512531467502473	
7550	 0.015294506536189275	 4.506465310503796	
7551	 0.015275803620577929	 4.497284489064521	
7552	 0.015251940330740043	 4.48558143757665	
7553	 0.015236521144396524	 4.478026037580826	
7554	 0.0152282219756215	 4.473961554891122	
7555	 0.015224670369687327	 4.472222622061431	
7556	 0.01522948042272987	 4.474577779061627	
7557	 0.015234068834171902	 4.476824875389951	
7558	 0.01523984921964489	 4.479656363005264	
7559	 0.015246849795447935	 4.483086512380173	
7560	 0.015255584399563905	 4.4873677752369	
7561	 0.015265542805699089	 4.4922508781908626	
7562	 0.015275805885977836	 4.497285600642525	
7563	 0.015286122605653483	 4.50234891005737	
7564	 0.015295187491248623	 4.506799716617511	
7565	 0.015303807424124204	 4.511033685476544	
7566	 0.015309733047064846	 4.5139451760441265	
7567	 0.015309069409728883	 4.51361906767266	
7568	 0.015301060140363677	 4.5096840923500725	
7569	 0.015289515185189275	 4.504014441069513	
7570	 0.01527649724764575	 4.497624840549484	
7571	 0.015250157343177976	 4.484707513332367	
7572	 0.015225064874550514	 4.472415765686204	
7573	 0.015188781248596944	 4.454665812023245	
7574	 0.01514413106688091	 4.432861706686577	
7575	 0.015088215610910746	 4.4056167958514925	
7576	 0.01502025476834259	 4.372593267729397	
7577	 0.014967853047709805	 4.3471981317145225	
7578	 0.014932173483965193	 4.329940829778434	
7579	 0.014911343967706584	 4.3198788173021345	
7580	 0.014898253706960032	 4.313560161384138	
7581	 0.014886720389592135	 4.307996106642591	
7582	 0.014873988715340888	 4.301857261173823	
7583	 0.014858345302958454	 4.294319254907038	
7584	 0.01484040682727083	 4.285681848905927	
7585	 0.014821666026948415	 4.276665553596679	
7586	 0.01480289278453697	 4.267641267022501	
7587	 0.014780210039780098	 4.25674785958466	
7588	 0.014749384470085173	 4.241961710336687	
7589	 0.014703584032129804	 4.220030565162082	
7590	 0.01465093129306934	 4.194874471939915	
7591	 0.014600942713845001	 4.171046949985858	
7592	 0.014559910661371932	 4.151529232313533	
7593	 0.01452956734077831	 4.137119385099909	
7594	 0.01450782873226042	 4.126808185812445	
7595	 0.014476107765591795	 4.111780562172522	
7596	 0.014452220038572654	 4.100478369524129	
7597	 0.014434334987381883	 4.0920244193304445	
7598	 0.014421358419272527	 4.085894992575269	
7599	 0.014407142072574482	 4.07918418107268	
7600	 0.014366478708999403	 4.060013452705427	
7601	 0.014330649736722045	 4.043151845965014	
7602	 0.014322673819291327	 4.039402090156421	
7603	 0.014329093749418405	 4.04242021302428	
7604	 0.01434395873321395	 4.049411965711936	
7605	 0.014361847114945588	 4.057832181323096	
7606	 0.014379975792333242	 4.066372642496767	
7607	 0.014396943674854555	 4.0743727565735	
7608	 0.014412176396481933	 4.081560123761818	
7609	 0.014426274095352165	 4.0882164588413055	
7610	 0.014439300487694456	 4.094370824436724	
7611	 0.014451316194790108	 4.1000509709875015	
7612	 0.014464477842069733	 4.106276448406337	
7613	 0.014476265178212632	 4.111855081340143	
7614	 0.014487318862357743	 4.117089248463652	
7615	 0.014500533660133283	 4.123350246238998	
7616	 0.014516959584237918	 4.131137937704042	
7617	 0.014535937920596266	 4.1401430701158635	
7618	 0.014560341927412686	 4.1517341822034615	
7619	 0.014571416279390258	 4.156998415412489	
7620	 0.014582969256141063	 4.162493007980272	
7621	 0.014586589947674974	 4.16421560532314	
7622	 0.014580147592344717	 4.1611507575240685	
7623	 0.014560840727193793	 4.151971231095039	
7624	 0.014509320111495562	 4.127515257725383	
7625	 0.014482171323216187	 4.114651441979258	
7626	 0.014475370120179224	 4.111431367877019	
7627	 0.014483295477352219	 4.115183777222692	
7628	 0.014497563026752236	 4.121942467544404	
7629	 0.014513702884494462	 4.12959343732287	
7630	 0.014530327454444054	 4.137480113416325	
7631	 0.014546704258146878	 4.145255133525195	
7632	 0.014562693799178905	 4.1528519297781985	
7633	 0.014577747055087978	 4.160008971047998	
7634	 0.014592145720909794	 4.166859400623631	
7635	 0.014606790202584416	 4.173831405572587	
7636	 0.014621886803404333	 4.181023536894473	
7637	 0.014636180835860999	 4.187837883015836	
7638	 0.014649044958915053	 4.193974347660598	
7639	 0.014660391664028856	 4.199389953927029	
7640	 0.014671714058783496	 4.204796743326744	
7641	 0.01468391697100097	 4.210627122064091	
7642	 0.014696169852181437	 4.216484626214498	
7643	 0.014706479988824558	 4.2214159221899	
7644	 0.014726194384891185	 4.230851654751127	
7645	 0.014742989561449406	 4.2388968325050325	
7646	 0.014758114891003317	 4.246147355947019	
7647	 0.014770325220869523	 4.252004151534137	
7648	 0.014775910502733226	 4.254684258961789	
7649	 0.014783598651794787	 4.258374535753247	
7650	 0.014812818367691638	 4.272411539024068	
7651	 0.014841063912210342	 4.285998113658973	
7652	 0.014868620337817605	 4.299269834249259	
7653	 0.01489539981464167	 4.312183081629568	
7654	 0.01491291267829209	 4.320636280577578	
7655	 0.014930239713218394	 4.329006298326794	
7656	 0.014947652293863056	 4.337424166236	
7657	 0.01496436838485134	 4.345511478746252	
7658	 0.01498119412457539	 4.353657924081163	
7659	 0.014998315553820914	 4.3619537958367305	
7660	 0.01501431501576069	 4.369711747758839	
7661	 0.015029966283703261	 4.377306199106844	
7662	 0.01504489810264738	 4.384556468865876	
7663	 0.015060551151967647	 4.392162090099813	
7664	 0.015082271849548247	 4.402724638499064	
7665	 0.015101574257349482	 4.412119712414269	
7666	 0.015122751825013955	 4.422436697989888	
7667	 0.015134707849587932	 4.4282655197393614	
7668	 0.015147011540307417	 4.4342670420637935	
7669	 0.015155837138202096	 4.438574014665864	
7670	 0.015162561624802555	 4.44185674827358	
7671	 0.015167844025395737	 4.444436170756105	
7672	 0.01517870701032544	 4.449742502571768	
7673	 0.015197129023486683	 4.458747043533911	
7674	 0.015216774073896183	 4.4683574166369695	
7675	 0.015234860403184882	 4.477212578467814	
7676	 0.015254053763502539	 4.4866174164347274	
7677	 0.015273551344835502	 4.496179405147746	
7678	 0.015292632920800716	 4.505545259247639	
7679	 0.015308374273109245	 4.5132774908021585	
7680	 0.015315800070512246	 4.516926920681667	
7681	 0.015299411347328653	 4.5088742063493905	
7682	 0.015253056696690545	 4.4861286545701855	
7683	 0.01520361900075636	 4.4619210296594956	
7684	 0.01516453870590999	 4.442822096672327	
7685	 0.015119628238573218	 4.420914387724773	
7686	 0.015051398593915261	 4.3877143362477335	
7687	 0.014971321341512783	 4.348877121660357	
7688	 0.014902945328649877	 4.315824377164408	
7689	 0.01484419643998839	 4.28750597419394	
7690	 0.014774745787538929	 4.254125312561024	
7691	 0.014684947343723272	 4.2111195675081134	
7692	 0.014585417255479493	 4.163657648518159	
7693	 0.014477094937034717	 4.11224789826885	
7694	 0.014366417177587618	 4.059984471119424	
7695	 0.014255778631289151	 4.0080071544455596	
7696	 0.014141429777369017	 3.954568646503139	
7697	 0.014034770921194031	 3.9049828475361306	
7698	 0.013957682281357086	 3.8693002410345056	
7699	 0.013894572117466463	 3.840185576075606	
7700	 0.013841104617506672	 3.8155882443364817	
7701	 0.013796702785355983	 3.7952095865782147	
7702	 0.013762099649695592	 3.779358416465162	
7703	 0.013737934230424305	 3.768304348158724	
7704	 0.013723231429462862	 3.7615851354770604	
7705	 0.013717189770818504	 3.7588254746993073	
7706	 0.013718360261915225	 3.7593600590379204	
7707	 0.013726668660439544	 3.763155528045287	
7708	 0.013760617479489071	 3.7786800496114394	
7709	 0.013780711977204792	 3.7878811425159555	
7710	 0.013798693033213204	 3.796122095780053	
7711	 0.013818740765004722	 3.8053186778729997	
7712	 0.013841522131237525	 3.815780073498647	
7713	 0.013862558922469412	 3.82545054515483	
7714	 0.01387346014632263	 3.8304656152711356	
7715	 0.013872694580089703	 3.830113333389019	
7716	 0.013882730561212643	 3.8347325049439003	
7717	 0.013893647339482885	 3.839759601546981	
7718	 0.013904339058216737	 3.844685613002253	
7719	 0.013912312186836967	 3.848360728579381	
7720	 0.013916824483356594	 3.850441238489538	
7721	 0.013921499732335354	 3.8525973562238724	
7722	 0.013942771829375556	 3.8624136548394854	
7723	 0.013964687745111415	 3.8725374997635345	
7724	 0.013984063137434201	 3.8814966008117	
7725	 0.014003461507820395	 3.8904746208032983	
7726	 0.014024490405696565	 3.9002166572011263	
7727	 0.014045047564790983	 3.9097495695576048	
7728	 0.014065469723030721	 3.9192290933876843	
7729	 0.0140868877313143	 3.929180731793404	
7730	 0.01410939443978601	 3.939649097269954	
7731	 0.014133192839442553	 3.9507303722247564	
7732	 0.014159629745308544	 3.963054810401148	
7733	 0.01418486763091383	 3.97483460715726	
7734	 0.014211489824744725	 3.987275682469999	
7735	 0.014242217580788192	 4.001654695284569	
7736	 0.014272127731190262	 4.0156709888410775	
7737	 0.014299915242798082	 4.028710145629512	
7738	 0.01431813846008106	 4.037270480990205	
7739	 0.014318883021056708	 4.037620392184027	
7740	 0.014318268235674596	 4.037331468987743	
7741	 0.014317781576906887	 4.037102765759953	
7742	 0.014331780030870673	 4.043683349084113	
7743	 0.014344912103811442	 4.049860548968917	
7744	 0.014357621507077993	 4.05584252013629	
7745	 0.014435796459429577	 4.092714969691497	
7746	 0.014563170062924484	 4.153078292931837	
7747	 0.014575148445258606	 4.158773115030697	
7748	 0.014588511220759954	 4.165129795074632	
7749	 0.014597780536508653	 4.16954149491608	
7750	 0.014607651600810975	 4.174241648753503	
7751	 0.014619551416284838	 4.179910617521249	
7752	 0.014634992200619833	 4.187271059722043	
7753	 0.014667675259587537	 4.202867774052543	
7754	 0.014699539662278794	 4.218096138896529	
7755	 0.014730603753949151	 4.232963226347018	
7756	 0.014760885613546906	 4.247476074929796	
7757	 0.014790402839793257	 4.261641582634358	
7758	 0.014819172657119635	 4.275466553105923	
7759	 0.014847211942032732	 4.288957704116636	
7760	 0.014874537232281207	 4.302121668011109	
7761	 0.014901164732388533	 4.314964990588939	
7762	 0.014927110318472757	 4.327494129812714	
7763	 0.014952257180100004	 4.339651427461855	
7764	 0.014976886313715538	 4.35157164877673	
7765	 0.01500088091112856	 4.363197336373251	
7766	 0.015024251524370945	 4.374532619936591	
7767	 0.015047012162662115	 4.385583356253562	
7768	 0.01506917668267277	 4.396355380750149	
7769	 0.015090759246480834	 4.406854728111744	
7770	 0.015111779638249107	 4.417090221185235	
7771	 0.01513216684831342	 4.4270264694376	
7772	 0.015151975413268685	 4.4366892517268	
7773	 0.015171285417296246	 4.446116941749492	
7774	 0.015190113070198059	 4.455316840070523	
7775	 0.015208471555996186	 4.464294808968596	
7776	 0.015226364508022467	 4.473052070212516	
7777	 0.015243790676569962	 4.481587472957185	
7778	 0.015260748295583132	 4.489899625698296	
7779	 0.015277248138659234	 4.497993302131758	
7780	 0.015356684964752657	 4.5370410464536395	
7781	 0.015488432000310531	 4.602099515897938	
7782	 0.015528675376639055	 4.6220460562996655	
7783	 0.015543583506243798	 4.629443994678417	
7784	 0.015552900341354786	 4.634069738746171	
7785	 0.015561944046213281	 4.638561642794365	
7786	 0.0155707202575122	 4.6429223500383765	
7787	 0.015620574768816068	 4.667725053973249	
7788	 0.015885210079563283	 4.800264716955325	
7789	 0.016351741287468077	 5.03752168535117	
7790	 0.016861151383983006	 5.301787245440788	
7791	 0.017548503904441796	 5.666876452710454	
7792	 0.018321721378781342	 6.089113099897798	
7793	 0.0188489980449729	 6.38396796382393	
7794	 0.01949747322005769	 6.754203437267305	
7795	 0.021236614979938295	 7.787876793533534	
7796	 0.021504437219968982	 7.952256606499116	
7797	 0.02173124748381106	 8.09253673585369	
7798	 0.021885431595196406	 8.188457689423064	
7799	 0.021996208915882484	 8.257653265134332	
7800	 0.022057588255064094	 8.296093268024839	
7801	 0.02206211451217763	 8.298930751066655	
7802	 0.02201588605363653	 8.269968677348949	
7803	 0.021928762147929024	 8.21549580573724	
7804	 0.021816294846940313	 8.145390455990995	
7805	 0.0216746581410777	 8.057444893247348	
7806	 0.021513076657573873	 7.957582036484286	
7807	 0.021356379830384426	 7.861214451509788	
7808	 0.021204393848004193	 7.768193236385582	
7809	 0.021056949667598416	 7.678375526943956	
7810	 0.021206825324431338	 7.769677905146674	
7811	 0.02165402479486862	 8.044665046199263	
7812	 0.021762764401769056	 8.112107256567942	
7813	 0.021619620175407753	 8.023373620855201	
7814	 0.021490361914962217	 7.943583511601859	
7815	 0.021368295732373466	 7.868526152778635	
7816	 0.021246555650843362	 7.793953468108594	
7817	 0.02112198819517958	 7.717943161784682	
7818	 0.020996646945685135	 7.641761740173737	
7819	 0.02087512667358628	 7.568191556806487	
7820	 0.020755674528054817	 7.496151175278499	
7821	 0.02063909435887075	 7.4261088539496525	
7822	 0.020521363696862055	 7.3556424801770985	
7823	 0.02040519086761648	 7.286372207761207	
7824	 0.020296480937610013	 7.221789497100791	
7825	 0.02019425850919008	 7.161270893413271	
7826	 0.02009352311122686	 7.101832110060563	
7827	 0.019996238365084226	 7.044617627760587	
7828	 0.019897316722804304	 6.9866304398669445	
7829	 0.019796051491442385	 6.927468206661922	
7830	 0.01969199623621204	 6.866885777259612	
7831	 0.019586963305097824	 6.805950186907832	
7832	 0.019499717334568383	 6.755499142552048	
7833	 0.01939482192311012	 6.695041046836987	
7834	 0.01942430244166342	 6.712010633657736	
7835	 0.019994871208063765	 7.043814903537016	
7836	 0.02244883782060588	 8.542795706336543	
7837	 0.022803766911714065	 8.769090900732678	
7838	 0.024607864829716938	 9.95558544839075	
7839	 0.025847455491435408	 10.805376656758707	
7840	 0.02580550983067386	 10.77616724094434	
7841	 0.025646629880772914	 10.665816080767922	
7842	 0.025510065181295585	 10.571327572166561	
7843	 0.025529414201894356	 10.584694619246406	
7844	 0.025695608250151453	 10.699785895204585	
7845	 0.025490113377106775	 10.557551175521615	
7846	 0.025222597195167024	 10.373530553226516	
7847	 0.0249269812191049	 10.171688710582867	
7848	 0.02465939505508746	 9.99035560385631	
7849	 0.024400637263309044	 9.816248211419976	
7850	 0.024150423624688198	 9.649056258826427	
7851	 0.02390839773590877	 9.488430264706503	
7852	 0.02367417847466114	 9.334013948542374	
7853	 0.02344753186769006	 9.185556537567079	
7854	 0.023228113763075445	 9.042742358145983	
7855	 0.023015633305939996	 8.905298184973532	
7856	 0.022809828205996363	 8.77297598617465	
7857	 0.02261032942512216	 8.645465853884224	
7858	 0.022416496548782784	 8.522293369647503	
7859	 0.022228464747555583	 8.403483735825523	
7860	 0.022047027929363847	 8.289474573372187	
7861	 0.021871141074268075	 8.179548272974058	
7862	 0.02170060091200183	 8.073524795778978	
7863	 0.021535221521339618	 7.97123884864089	
7864	 0.021374838456036365	 7.872541981265302	
7865	 0.02121928404135905	 7.777287025574095	
7866	 0.021068409648364653	 7.685341556330588	
7867	 0.020922065508189123	 7.596575279619378	
7868	 0.020780081248417404	 7.510848213841264	
7869	 0.020642295906206778	 7.428028856503709	
7870	 0.020508553249346285	 7.3479911479289	
7871	 0.020378720703773015	 7.270625556493814	
7872	 0.02025276557914414	 7.1958838236500275	
7873	 0.020130453734722227	 7.123599964906724	
7874	 0.0200116631213069	 7.0536767855455205	
7875	 0.019896277539544045	 6.9860222956380635	
7876	 0.019784185512303862	 6.920548917053972	
7877	 0.019675279890071406	 6.857173137840069	
7878	 0.019569398353285528	 6.795780969879636	
7879	 0.019466483923772496	 6.736321026035146	
7880	 0.019366461447792742	 6.678732399890575	
7881	 0.019269111647953224	 6.622872665149127	
7882	 0.01917416145045286	 6.568570766518985	
7883	 0.019081413449074804	 6.515701093678608	
7884	 0.018991941458749034	 6.464860949103638	
7885	 0.0189048953336174	 6.415552235965697	
7886	 0.018820203906789165	 6.367722428608732	
7887	 0.018737811202870082	 6.321328327052293	
7888	 0.018657675277332315	 6.27633525531126	
7889	 0.018579734396272394	 6.232698020956216	
7890	 0.018503965168318495	 6.1903934624871635	
7891	 0.018430292310611832	 6.149369963187992	
7892	 0.018358630924942033	 6.109571265520945	
7893	 0.018288913446186918	 6.07095141959392	
7894	 0.018221081336821335	 6.033470050162703	
7895	 0.018155077639951334	 5.997088172981966	
7896	 0.018090845613221575	 5.961767414428852	
7897	 0.018028335092650196	 5.927473478642152	
7898	 0.017967492339713637	 5.894170537729516	
7899	 0.01790826201205832	 5.861822312755711	
7900	 0.017850604534712832	 5.830401523199041	
7901	 0.017794475582984717	 5.799878635129606	
7902	 0.017739824706428764	 5.770221130382599	
7903	 0.017686602227105552	 5.741397259555218	
7904	 0.017634772930765534	 5.713383417038939	
7905	 0.01758428650037916	 5.686148118700271	
7906	 0.0175348105724412	 5.6595084708347505	
7907	 0.017485781339036163	 5.63315872713131	
7908	 0.017439115694080007	 5.608124952631634	
7909	 0.01739366096829941	 5.583783672525918	
7910	 0.017349371087410397	 5.5601069291674925	
7911	 0.017306135244156917	 5.537032494110684	
7912	 0.017263964940606443	 5.514563715530987	
7913	 0.01722279598227899	 5.492663731630706	
7914	 0.017182704894578085	 5.4713706390232195	
7915	 0.01714367276034485	 5.450671770887014	
7916	 0.01710567017432603	 5.430549037979302	
7917	 0.01706864263368505	 5.410971245934643	
7918	 0.017032542790323325	 5.391911199570413	
7919	 0.016997324582415534	 5.373342574700718	
7920	 0.016962954842172476	 5.355246012807318	
7921	 0.016929408781215356	 5.337606696149686	
7922	 0.016896669558528723	 5.320414087209604	
7923	 0.016864719876297878	 5.3036574935313245	
7924	 0.016833564189402767	 5.287337693085149	
7925	 0.016803166114279997	 5.271434136613463	
7926	 0.016773503230329282	 5.255933693799505	
7927	 0.016744551646951777	 5.240822555414787	
7928	 0.016716307614802053	 5.226097495144371	
7929	 0.016688623245618588	 5.211680303381769	
7930	 0.016661003125311838	 5.197312450496991	
7931	 0.01663321536125907	 5.182873405249808	
7932	 0.016607565715866694	 5.169559631523395	
7933	 0.01658267087579089	 5.156650751444634	
7934	 0.016558262797005913	 5.144006811727154	
7935	 0.016534435097584017	 5.1316755015051925	
7936	 0.016511169577099968	 5.119646555669004	
7937	 0.01648846857073218	 5.107920366648348	
7938	 0.016466361475766057	 5.0965113015994215	
7939	 0.01644484798712166	 5.085418385396119	
7940	 0.01642388479168909	 5.074618517261783	
7941	 0.016403446833411384	 5.06409808560399	
7942	 0.0163835128017666	 5.0538454645938184	
7943	 0.016364061684424735	 5.043849232991759	
7944	 0.01634507186737005	 5.03409770950183	
7945	 0.01632653555461364	 5.0245863481722255	
7946	 0.01630843183743197	 5.0153039069191365	
7947	 0.01629075135755867	 5.006245103020901	
7948	 0.01627349394301012	 4.997409380380142	
7949	 0.01625663557742059	 4.9887839985921	
7950	 0.016240165510373335	 4.980363041776372	
7951	 0.01622407369166123	 4.9721409759482915	
7952	 0.016208348314932012	 4.964111393185852	
7953	 0.01619294403262342	 4.956250799349567	
7954	 0.016177054327775647	 4.948147722698897	
7955	 0.016159990798178727	 4.939451951786004	
7956	 0.01614548537246813	 4.9320646318266395	
7957	 0.016131317046969008	 4.924853260464913	
7958	 0.016117463484247745	 4.917806178233161	
7959	 0.016103918980312232	 4.910920212085192	
7960	 0.016090675382682166	 4.904190957657877	
7961	 0.01607774565400928	 4.89762474555054	
7962	 0.01606513860652913	 4.891225792091474	
7963	 0.01605284488912505	 4.884989098520291	
7964	 0.01604085356900774	 4.878908880170362	
7965	 0.016029158481491466	 4.872981785121138	
7966	 0.016017745134419812	 4.8672002556922	
7967	 0.016006601903900006	 4.861558205166662	
7968	 0.01599571675803778	 4.856049355969396	
7969	 0.015985077169523045	 4.850667195278686	
7970	 0.015974668856089145	 4.84540433820559	
7971	 0.015964483602679498	 4.840256481716437	
7972	 0.015954498537184576	 4.83521192966087	
7973	 0.01594472201924077	 4.8302747766880545	
7974	 0.01593515548024036	 4.825445616517923	
7975	 0.015925797123314014	 4.820723415789221	
7976	 0.015916642619592785	 4.816105868372732	
7977	 0.015907668838934286	 4.811581196094699	
7978	 0.015898583084609983	 4.80700179883113	
7979	 0.01588954047889594	 4.80244588126439	
7980	 0.015881114845890082	 4.798202367107444	
7981	 0.015872838628366116	 4.794035566032586	
7982	 0.015864729262902125	 4.789954174085921	
7983	 0.01585677489796594	 4.785952143884612	
7984	 0.01584900097980252	 4.78204219371205	
7985	 0.015841419472858543	 4.778230249470401	
7986	 0.01583404171080568	 4.774521914610272	
7987	 0.015826828749406146	 4.770897528058676	
7988	 0.015819761520964083	 4.767347437641302	
7989	 0.015812836123008815	 4.763869618653174	
7990	 0.015806049018665273	 4.7604622334766535	
7991	 0.01579939107190862	 4.7571206379495345	
7992	 0.01579283603902835	 4.7538316114585095	
7993	 0.01578635145400232	 4.7505788279551195	
7994	 0.015780011410039818	 4.747399409914317	
7995	 0.01577379006201559	 4.7442803434857	
7996	 0.01576767705145716	 4.741216390658748	
7997	 0.01576167054901949	 4.738206592890052	
7998	 0.015755760801864117	 4.735246024399827	
7999	 0.015749946369590775	 4.7323339276056	
8000	 0.01574423836283678	 4.72947582997007	
8001	 0.015738512052945148	 4.726609261673692	
8002	 0.01573202187592981	 4.723361145021568	
8003	 0.01572499213749369	 4.719844003598007	
8004	 0.015719672799740066	 4.717183311928457	
8005	 0.015714457591557335	 4.714575287719751	
8006	 0.015709327028466374	 4.712010155863341	
8007	 0.015704276291635812	 4.709485480284918	
8008	 0.015699323695910487	 4.7070103873808735	
8009	 0.01569445698444853	 4.7045787227351745	
8010	 0.01568971909605266	 4.702211907716986	
8011	 0.01568511049944582	 4.699910137595323	
8012	 0.015680603201085736	 4.697659397097882	
8013	 0.015676182564576757	 4.695452350509112	
8014	 0.01567183915787842	 4.693284265741005	
8015	 0.01566757638467655	 4.691156820007271	
8016	 0.015663393270652227	 4.689069505319921	
8017	 0.01565929383903628	 4.687024307490119	
8018	 0.01565527104973919	 4.685017693314578	
8019	 0.015651330610948123	 4.683052489766331	
8020	 0.0156474821893073	 4.681133496017084	
8021	 0.015643707958056106	 4.67925180246661	
8022	 0.01563999306238834	 4.677399986996507	
8023	 0.01563632584023734	 4.675572223596361	
8024	 0.015632705015110077	 4.67376786508138	
8025	 0.015629026583510824	 4.671935084926617	
8026	 0.015624432768875937	 4.6696466185678895	
8027	 0.01561926250603111	 4.667071523779649	
8028	 0.015615752354836759	 4.665323585995644	
8029	 0.015612289861950844	 4.663599637061461	
8030	 0.015608870887675713	 4.661897605801036	
8031	 0.015605493389712366	 4.660216466267846	
8032	 0.015602173800907873	 4.658564387191878	
8033	 0.015598925425431244	 4.656947976100114	
8034	 0.015595771225232962	 4.655378641916168	
8035	 0.015592704217714897	 4.6538528922851645	
8036	 0.015589703772276234	 4.6523604490018196	
8037	 0.01558675788411135	 4.650895329191832	
8038	 0.015583859627139814	 4.649454078610198	
8039	 0.01558100468077178	 4.648034540303098	
8040	 0.015578193369432562	 4.646636867671761	
8041	 0.015575426361797658	 4.645261385276763	
8042	 0.015572703920176643	 4.643908215674882	
8043	 0.015570024675061312	 4.642576670544703	
8044	 0.015567395835748383	 4.641270324811652	
8045	 0.015564805862807115	 4.639983436707947	
8046	 0.015562252094270429	 4.638714677373047	
8047	 0.015559731653236222	 4.637462611846036	
8048	 0.015557241710523894	 4.636225829560393	
8049	 0.01555471874894277	 4.63497278102917	
8050	 0.015551773905310077	 4.63351037285612	
8051	 0.01554843913030907	 4.631854547805087	
8052	 0.015545960396687524	 4.630623928728907	
8053	 0.01554346412601135	 4.629384735211311	
8054	 0.015540955354876328	 4.6281394699087475	
8055	 0.015538445173843087	 4.626893638903497	
8056	 0.015535964109485703	 4.625662390671572	
8057	 0.015533516271105392	 4.624447759556236	
8058	 0.015531159259566772	 4.623278317812323	
8059	 0.015528882870430428	 4.622148989540744	
8060	 0.015526682070239703	 4.621057266255454	
8061	 0.0155244886084223	 4.619969285867344	
8062	 0.015522319735145998	 4.6188936024164	
8063	 0.01552017669132086	 4.617830827861215	
8064	 0.015518060048296978	 4.616781241973224	
8065	 0.015515970005645488	 4.615744940134232	
8066	 0.015513904558795961	 4.614720925005889	
8067	 0.015511862098429956	 4.613708395576849	
8068	 0.015509840993770023	 4.61270654051431	
8069	 0.015507841469291904	 4.6117154683208	
8070	 0.015505860604559791	 4.610733728901731	
8071	 0.01550389755216441	 4.609760899965469	
8072	 0.015501951058502477	 4.608796358110887	
8073	 0.015499958496915446	 4.607809071942542	
8074	 0.015497396330825947	 4.606539679121638	
8075	 0.015494286316960386	 4.604999050015575	
8076	 0.0154922725341276	 4.604001578422845	
8077	 0.015490220033832222	 4.602985018149954	
8078	 0.015488135462682495	 4.601952665766497	
8079	 0.01548603319448585	 4.6009116429970796	
8080	 0.015483945221895808	 4.599877792524314	
8081	 0.015481893183900794	 4.5988618254605536	
8082	 0.015479932810223869	 4.597891325381377	
8083	 0.015478052100107904	 4.596960340448357	
8084	 0.01547621268078545	 4.596049868138455	
8085	 0.015474398419333308	 4.595151919090237	
8086	 0.015472601372761819	 4.594262559547537	
8087	 0.015470815365019498	 4.593378731355266	
8088	 0.01546904102288353	 4.592500743387693	
8089	 0.015467281514367845	 4.5916301617552495	
8090	 0.015465537014348121	 4.590767071307094	
8091	 0.015463813243473104	 4.589914300341425	
8092	 0.015462103800743808	 4.589068680270956	
8093	 0.015460406798346177	 4.588229275777506	
8094	 0.01545872122889539	 4.587395587274594	
8095	 0.015457046636205046	 4.58656738792445	
8096	 0.01545538278995836	 4.58574456265807	
8097	 0.015453669400700816	 4.584897298501487	
8098	 0.01545123930707435	 4.583695734287116	
8099	 0.015448169404572032	 4.582177995506792	
8100	 0.015446419424918442	 4.581312907519262	
8101	 0.015444644445349012	 4.580435527773381	
8102	 0.01544284573632151	 4.5795464870316565	
8103	 0.01544103138487723	 4.578649784709523	
8104	 0.015439221895171433	 4.577755555150121	
8105	 0.01543743200168533	 4.576871078559195	
8106	 0.015435726850649168	 4.5760285410702	
8107	 0.01543409587858714	 4.575222714441577	
8108	 0.01543251215968041	 4.574440288858999	
8109	 0.015430946660687778	 4.573666917308883	
8110	 0.015429386646731035	 4.572896307449558	
8111	 0.015427827766391476	 4.572126309454389	
8112	 0.015426271166034447	 4.571357489393913	
8113	 0.015424719708062322	 4.5705912606685715	
8114	 0.015423176457650416	 4.569829136435629	
8115	 0.015421642665984224	 4.569071733713956	
8116	 0.015420113343421665	 4.568316587881877	
8117	 0.01541859383333573	 4.567566336682507	
8118	 0.015417083075061122	 4.566820455515315	
8119	 0.015415579119221534	 4.56607798119645	
8120	 0.015414081096974511	 4.565338484183028	
8121	 0.01541256219463544	 4.564588728652398	
8122	 0.015410594349494036	 4.5636174407133545	
8123	 0.015407952604186531	 4.562313659498326	
8124	 0.015406353702557073	 4.561524625570793	
8125	 0.015404729782055666	 4.5607233010836685	
8126	 0.015403083760952932	 4.559911128510681	
8127	 0.01540142513006974	 4.559092792600016	
8128	 0.015399767759014863	 4.5582751369477625	
8129	 0.01539812054072319	 4.557462548235751	
8130	 0.015396533887249183	 4.556679891526305	
8131	 0.015395034737059094	 4.555940447413057	
8132	 0.015393611561140242	 4.555238521430407	
8133	 0.015392185799442867	 4.554535363493202	
8134	 0.015390756195432495	 4.553830354198148	
8135	 0.015389322511321668	 4.553123376644606	
8136	 0.015387884724398082	 4.552414420009964	
8137	 0.015386425336294765	 4.5516948572357645	
8138	 0.015384964347277564	 4.550974550691754	
8139	 0.015383503228596667	 4.550254225825941	
8140	 0.01538204237815184	 4.549534078796057	
8141	 0.01538058111881188	 4.548813775808663	
8142	 0.015379120611991828	 4.548093889348944	
8143	 0.01537765630174183	 4.547372173925357	
8144	 0.015376188152335529	 4.546648612289561	
8145	 0.015374716184198781	 4.545923214870023	
8146	 0.015373051273672203	 4.545102789729299	
8147	 0.015370256688936719	 4.543725823311546	
8148	 0.01536860913843098	 4.542914109444415	
8149	 0.015366926846285676	 4.542085338951491	
8150	 0.015365232086102312	 4.5412504873173765	
8151	 0.015363538753271391	 4.5404164001165634	
8152	 0.015361872575936112	 4.539595748753102	
8153	 0.015360274710023065	 4.5388087989232115	
8154	 0.015358655837967432	 4.538011559211115	
8155	 0.015357100396218116	 4.537245609549048	
8156	 0.015355579962106502	 4.536496948761133	
8157	 0.01535407090948346	 4.5357539410749474	
8158	 0.0153525689231801	 4.53501446095188	
8159	 0.015351065800665498	 4.534274469715967	
8160	 0.015349560756589114	 4.533533580886036	
8161	 0.015348057299027945	 4.5327935214027075	
8162	 0.015346558028690827	 4.532055571157982	
8163	 0.015345061777446337	 4.5313191548452325	
8164	 0.015343561946803785	 4.530581024885839	
8165	 0.015342060103657651	 4.52984195268517	
8166	 0.01534055715019956	 4.529102382372821	
8167	 0.015339053504463311	 4.5283625197424895	
8168	 0.015337549648475262	 4.5276226020183445	
8169	 0.015336052656595019	 4.52688610956321	
8170	 0.01533419707197952	 4.525973262602965	
8171	 0.015331003079505984	 4.524402164057665	
8172	 0.01532938605696572	 4.5236068472062	
8173	 0.015327756781278718	 4.522805560328115	
8174	 0.015326131414683293	 4.522006252539161	
8175	 0.015324509369300842	 4.521208634362712	
8176	 0.01532292239605797	 4.52042831689052	
8177	 0.01532145113640258	 4.519704944114655	
8178	 0.015319976522578813	 4.5189799686636025	
8179	 0.015318496973786212	 4.518252613750459	
8180	 0.015317012223985123	 4.517522749071351	
8181	 0.01531552228154974	 4.51679037923958	
8182	 0.015314027213801203	 4.516055537841237	
8183	 0.015312527099797767	 4.515318264223885	
8184	 0.015311022019934388	 4.514578598383515	
8185	 0.015309512053644277	 4.513836579834796	
8186	 0.015307996143189463	 4.513091689317132	
8187	 0.01530647150633737	 4.512342560408507	
8188	 0.015304928828049003	 4.511584617487453	
8189	 0.015303343357342422	 4.510805703024552	
8190	 0.015301745287407567	 4.51002065321734	
8191	 0.01530013597292287	 4.509230134774646	
8192	 0.015298518233839273	 4.5084355339145175	
8193	 0.01529685939365471	 4.507620803188725	
8194	 0.015294327169599288	 4.506377228098316	
8195	 0.01529070887106894	 4.5046005200795385	
8196	 0.015288927406875026	 4.503725863346049	
8197	 0.015287108446246606	 4.502832866851882	
8198	 0.015285247686383509	 4.501919422828121	
8199	 0.015283359767386073	 4.500992722189341	
8200	 0.015281480784995425	 4.5000704839292	
8201	 0.015400670713170217	 4.558720597553031	
8202	 0.015447352669880274	 4.581774241327126	
8203	 0.01544152454880773	 4.578893512919465	
8204	 0.01543585154857957	 4.576090153850153	
8205	 0.015430305644445978	 4.573350264217065	
8206	 0.015424870146854428	 4.570665556612233	
8207	 0.015419531043312895	 4.568029074024451	
8208	 0.015414276507318043	 4.565434945564215	
8209	 0.015409100227769097	 4.562880028142764	
8210	 0.015403999923417165	 4.560363170269284	
8211	 0.015398976662421796	 4.557884874116206	
8212	 0.015394035507770992	 4.555447612037485	
8213	 0.015389177492624223	 4.553051867546132	
8214	 0.015384402615434353	 4.5506976140507005	
8215	 0.015379710976241537	 4.548384875470248	
8216	 0.01537510160129223	 4.546113146956355	
8217	 0.015370538271284151	 4.5438645588818485	
8218	 0.01536509202287619	 4.5411814938632356	
8219	 0.015357999206146685	 4.537688206226045	
8220	 0.015353526182777815	 4.535485747588714	
8221	 0.015349102190793178	 4.533307852088829	
8222	 0.01534470666443765	 4.531144384400191	
8223	 0.015340337765882605	 4.5289944322196956	
8224	 0.0156610736301718	 4.687912197714295	
8225	 0.015893849808927444	 4.804616826686721	
8226	 0.01603987034557385	 4.878410469501869	
8227	 0.016030461301063125	 4.873641914186234	
8228	 0.01600906758322248	 4.862806404618282	
8229	 0.0159881850919612	 4.8522391274690015	
8230	 0.01596777393703399	 4.841919251472123	
8231	 0.0159478233978158	 4.831840757993349	
8232	 0.01592832710691596	 4.821999856033312	
8233	 0.015909275391041713	 4.812391111133308	
8234	 0.015890658489696178	 4.8030090727442225	
8235	 0.01587246401480749	 4.793846994784431	
8236	 0.015854672178626027	 4.784894439384987	
8237	 0.01583728566066841	 4.776152301392822	
8238	 0.01582030466001104	 4.767620235914672	
8239	 0.015803722236516493	 4.759294324595455	
8240	 0.015731526995871596	 4.723113510743464	
8241	 0.015662770966221616	 4.688759015969185	
8242	 0.015599759424764187	 4.657362957753971	
8243	 0.015529694561290325	 4.622551660860439	
8244	 0.015470376323040031	 4.593161476374838	
8245	 0.015414793613390267	 4.565690211143397	
8246	 0.015371861427784149	 4.544516500531261	
8247	 0.015346628315617788	 4.532090165749663	
8248	 0.016014804317697803	 4.865711004470431	
8249	 0.016827683219759283	 5.284259413395249	
8250	 0.01678497740984854	 5.261927400690373	
8251	 0.016743401490542632	 5.240222596319154	
8252	 0.01670287725196571	 5.219101374111637	
8253	 0.016663364270904178	 5.198540086770477	
8254	 0.01662483229653163	 5.178520562397019	
8255	 0.016587253791818544	 5.159026190497344	
8256	 0.016550602447485463	 5.140041136739025	
8257	 0.016514852654284054	 5.121550060580615	
8258	 0.01647998013208291	 5.103538432731553	
8259	 0.016445960797017236	 5.085991942086429	
8260	 0.016412771455611656	 5.068896848224061	
8261	 0.016380389598414712	 5.052239868337771	
8262	 0.016348793369983936	 5.036008155836851	
8263	 0.016317961541756385	 5.020189280798406	
8264	 0.016287873482647132	 5.004771209596752	
8265	 0.016258509091163872	 4.989742265180724	
8266	 0.01622982912895889	 4.975081074917235	
8267	 0.016201477999821894	 4.9606049500997855	
8268	 0.016174037726298315	 4.94660998272048	
8269	 0.016147207204086366	 4.932941294508615	
8270	 0.0161209886760583	 4.9195990031370105	
8271	 0.016095390382258642	 4.906586290797843	
8272	 0.016070398475545984	 4.893895134624428	
8273	 0.016046199557735435	 4.881619198255104	
8274	 0.01602257127559879	 4.869644644135561	
8275	 0.015999495976928783	 4.857961692775499	
8276	 0.015976958576453645	 4.8465619157803745	
8277	 0.01595488052265679	 4.835404873722815	
8278	 0.015933292983631688	 4.824505658536826	
8279	 0.01591222654074412	 4.813879023518213	
8280	 0.015891648109182862	 4.80350760988224	
8281	 0.015871590054416605	 4.79340707616254	
8282	 0.015852002545385505	 4.783551702038443	
8283	 0.01583286209331395	 4.773929102216468	
8284	 0.01581415683289276	 4.764532778717583	
8285	 0.015795875436761843	 4.755356534096381	
8286	 0.015778006932480163	 4.746394377619458	
8287	 0.015760540656467075	 4.737640500567573	
8288	 0.01574346623703116	 4.72908926626819	
8289	 0.01572677358401005	 4.7207352035313646	
8290	 0.015710452880088675	 4.712573001002055	
8291	 0.015694494572701116	 4.704597501874278	
8292	 0.01567883147044203	 4.696774793199136	
8293	 0.01566343602476966	 4.689090837139833	
8294	 0.0156483754287282	 4.681578876780464	
8295	 0.015633529238850884	 4.674178574353104	
8296	 0.015619038131172788	 4.6669597847760524	
8297	 0.015604893936461299	 4.659918115544851	
8298	 0.01559111044819791	 4.653060115947731	
8299	 0.01557768832906497	 4.646385799423584	
8300	 0.015564592708944187	 4.639877532626717	
8301	 0.015551812908943216	 4.6335297408385046	
8302	 0.015539305937152125	 4.627320830274637	
8303	 0.015527064285259079	 4.6212468594535245	
8304	 0.015515081108488581	 4.6153042281665755	
8305	 0.015503349840437917	 4.6094894853786	
8306	 0.015491864108544732	 4.603799286656673	
8307	 0.015480617711861867	 4.598230382596283	
8308	 0.01546960461260327	 4.592779614115822	
8309	 0.015458818930835932	 4.587443909339154	
8310	 0.015448254939974126	 4.582220280901092	
8311	 0.01543790706252424	 4.577105823400743	
8312	 0.015427768317802047	 4.57209694626786	
8313	 0.01541782972174638	 4.5671890786830645	
8314	 0.01540798957905819	 4.56233190668765	
8315	 0.015398454293569275	 4.557627187060991	
8316	 0.015389061267512626	 4.552994556964341	
8317	 0.015379826413348879	 4.548441774427101	
8318	 0.015370816105087259	 4.544001449205771	
8319	 0.015362018620342283	 4.539667678424336	
8320	 0.015353393684737015	 4.535420513795969	
8321	 0.01534493644690202	 4.5312574725531	
8322	 0.015336637596568944	 4.527173883560829	
8323	 0.015328437852954508	 4.523140508273642	
8324	 0.015320442380556704	 4.51920899688762	
8325	 0.015312616251176282	 4.515362078854252	
8326	 0.015304938180458185	 4.511589212324675	
8327	 0.015297404179565549	 4.507888365459096	
8328	 0.015290010605961487	 4.504257680351055	
8329	 0.015282753961907983	 4.500695373737415	
8330	 0.015275630850246255	 4.497199715084397	
8331	 0.015268637962873713	 4.493769020760496	
8332	 0.015261765908270311	 4.490398627045826	
8333	 0.015255000819634818	 4.487081682801572	
8334	 0.015248319847792844	 4.483806943565807	
8335	 0.015241750534494709	 4.480587867339644	
8336	 0.01523527126158374	 4.477413818352162	
8337	 0.015228873343232623	 4.474280506025078	
8338	 0.015222144900593074	 4.470986269569023	
8339	 0.015214409810811626	 4.4672003793118495	
8340	 0.01520839794829235	 4.464258797683834	
8341	 0.015202476986081384	 4.461362450842516	
8342	 0.015196630163985219	 4.458503108864225	
8343	 0.015190856475058754	 4.455680251697849	
8344	 0.015185191375687381	 4.452911180985026	
8345	 0.015179628107534458	 4.450192554993158	
8346	 0.015174180833482572	 4.4475312558678475	
8347	 0.01516884418922662	 4.444924623169297	
8348	 0.01516361338274934	 4.442370279151781	
8349	 0.01515846633729377	 4.4398574112289895	
8350	 0.015153424386300733	 4.4373964035251685	
8351	 0.015148466182694425	 4.434976805753173	
8352	 0.015143578840208763	 4.432592304775159	
8353	 0.015138762440197663	 4.4302429180137315	
8354	 0.015134013128604785	 4.427926744132303	
8355	 0.015129342458150391	 4.425649395002563	
8356	 0.01512476346006868	 4.423417198899005	
8357	 0.015120244202874748	 4.421214567330086	
8358	 0.015115788649729582	 4.419043413961642	
8359	 0.015111399977510504	 4.41690526815169	
8360	 0.0151070737229462	 4.414797937151831	
8361	 0.015102817965499421	 4.412725338003375	
8362	 0.015098146284685584	 4.410450628000103	
8363	 0.01509261227030329	 4.407756642200948	
8364	 0.015088528613925296	 4.405769120123308	
8365	 0.01508451832569992	 4.403817655415018	
8366	 0.015080570848458498	 4.401897093204225	
8367	 0.01507667937422643	 4.400004106104969	
8368	 0.015072843216460775	 4.398138346204103	
8369	 0.015069069856707886	 4.396303437656239	
8370	 0.015065367113906157	 4.394503166446302	
8371	 0.01506173703256296	 4.3927385095205125	
8372	 0.015058161076804409	 4.3910004413555965	
8373	 0.01505462881354812	 4.389283879746878	
8374	 0.015051138994077985	 4.387588208059714	
8375	 0.015047690556876594	 4.3859129010889095	
8376	 0.015044282500231076	 4.384257463102833	
8377	 0.015040913854745552	 4.382621414463651	
8378	 0.015037583676811482	 4.381004288436682	
8379	 0.015034291046689796	 4.379405630242116	
8380	 0.015031035067624859	 4.377824996608912	
8381	 0.01502781486519876	 4.376261955446185	
8382	 0.015024628600794641	 4.374715607079396	
8383	 0.015021467292667763	 4.3731815864638905	
8384	 0.015018269677776648	 4.371630166971184	
8385	 0.015015103214058214	 4.370094078401929	
8386	 0.01501138485612652	 4.368290535178866	
8387	 0.01500826708504589	 4.3667785286664955	
8388	 0.01500515456947886	 4.36526927974472	
8389	 0.015002044869747731	 4.363761604624047	
8390	 0.01499893850644686	 4.362255755100332	
8391	 0.014995835801990815	 4.360751886780323	
8392	 0.01499277524548048	 4.3592686506156	
8393	 0.014989744400635165	 4.357800012512701	
8394	 0.014986784620273556	 4.356366000741534	
8395	 0.01498390584660482	 4.354971417775525	
8396	 0.014981076226833456	 4.353600820812486	
8397	 0.014978278806021032	 4.352245989858714	
8398	 0.014975506510644443	 4.350903493927169	
8399	 0.014972754648532597	 4.349571056738022	
8400	 0.014970023359309059	 4.348248742257498	
8401	 0.01496732132241565	 4.346940748126502	
8402	 0.014964649524999976	 4.345647547012149	
8403	 0.014962005779662321	 4.344368075141944	
8404	 0.014959396943016115	 4.343105645485081	
8405	 0.014956816986850086	 4.341857335580374	
8406	 0.014954267327929996	 4.340623825999454	
8407	 0.014951743519627624	 4.339402960864754	
8408	 0.014949246909451439	 4.3381953876962465	
8409	 0.014946775165298791	 4.3369999742914915	
8410	 0.014943886348661383	 4.335603018497297	
8411	 0.014941405674663805	 4.334403573420948	
8412	 0.014938906746070884	 4.333195436180931	
8413	 0.014936386127047	 4.33197694892014	
8414	 0.014933854359948776	 4.330753210580147	
8415	 0.014931319212320155	 4.32952797682705	
8416	 0.014928811702892144	 4.328316237001164	
8417	 0.01492632580906782	 4.3271150767233255	
8418	 0.014923899937725102	 4.32594304730408	
8419	 0.014921531747745275	 4.324799008422135	
8420	 0.01491921139476778	 4.3236781963127155	
8421	 0.014916920204895314	 4.322571585032898	
8422	 0.01491465462679105	 4.321477455279358	
8423	 0.014912409347686223	 4.320393237958829	
8424	 0.0149101809298573	 4.3193172703399565	
8425	 0.014907967940522621	 4.3182488582943845	
8426	 0.01490577099634867	 4.317188297293319	
8427	 0.014903587219056566	 4.316134195791612	
8428	 0.014901426179692707	 4.315091171168613	
8429	 0.014899279189989859	 4.314055027462951	
8430	 0.014897147189900989	 4.313026216284498	
8431	 0.014895028949257995	 4.3120041420262565	
8432	 0.014892921858399006	 4.310987543792641	
8433	 0.014890826186984809	 4.3099765501497345	
8434	 0.014888535727468406	 4.308871695330493	
8435	 0.014886418835180396	 4.307850665333609	
8436	 0.014884257160268886	 4.306808135443597	
8437	 0.014882058119134308	 4.305747688184619	
8438	 0.014879851123397854	 4.304683509991467	
8439	 0.014877636227289574	 4.303615628152033	
8440	 0.014875436857521046	 4.302555336994417	
8441	 0.01487324203651931	 4.301497342927505	
8442	 0.014871086231132225	 4.300458257313273	
8443	 0.014868990904883396	 4.29944841852122	
8444	 0.014866940712946659	 4.2984604239541016	
8445	 0.014864921988566938	 4.297487682458105	
8446	 0.014862919444186608	 4.296522824456908	
8447	 0.014860924562650599	 4.295561744702599	
8448	 0.014858937355043192	 4.294604447547352	
8449	 0.014856959715796616	 4.293651844489034	
8450	 0.014854991618392878	 4.292703921532787	
8451	 0.014853030277738643	 4.291759336217436	
8452	 0.014851087874068717	 4.290823952939891	
8453	 0.014849161389917794	 4.289896316417703	
8454	 0.014847247603608454	 4.288974873570514	
8455	 0.01484534783493072	 4.288060258191889	
8456	 0.014843456741727	 4.287149896983506	
8457	 0.014841570333193594	 4.286241867979178	
8458	 0.014839626157430081	 4.28530611303618	
8459	 0.014837719224776036	 4.284388363038599	
8460	 0.014835759757182479	 4.283445411444523	
8461	 0.014833773164909234	 4.282489491438937	
8462	 0.014831776605752047	 4.281528861496621	
8463	 0.014829782075720612	 4.280569293927436	
8464	 0.014827790542135766	 4.279611253787782	
8465	 0.014825797206694887	 4.278652432749691	
8466	 0.014823833169939852	 4.2777077888251105	
8467	 0.014821917843154002	 4.276786653319797	
8468	 0.01482009899028432	 4.275911988339981	
8469	 0.014818230696849462	 4.275013622478854	
8470	 0.014816373831689465	 4.274120826701618	
8471	 0.014814525359504133	 4.273232140419575	
8472	 0.014812684728515841	 4.272347297384887	
8473	 0.014810852326922135	 4.2714664832582026	
8474	 0.014809026732603696	 4.270589013551888	
8475	 0.01480720751843442	 4.269714682189862	
8476	 0.014805406165225014	 4.268849005531869	
8477	 0.014803613124787082	 4.267987393473043	
8478	 0.014801826939501151	 4.26712914470141	
8479	 0.01480004650541528	 4.266273728047977	
8480	 0.014798269869460827	 4.265420204603784	
8481	 0.01479649581564538	 4.2645679898219075	
8482	 0.014794724150209469	 4.263716990341188	
8483	 0.014792954832723982	 4.262867186472252	
8484	 0.014791187829872902	 4.262018561948266	
8485	 0.014789423110578678	 4.261171101582751	
8486	 0.014787654000578155	 4.260321600358669	
8487	 0.014785871612737745	 4.259465791821411	
8488	 0.014783967716589755	 4.258551717376399	
8489	 0.014782048783476257	 4.257630502980224	
8490	 0.01478029990362666	 4.256790994798428	
8491	 0.014778555546051399	 4.255953723390876	
8492	 0.014776813642189277	 4.255117695479423	
8493	 0.014775073741134123	 4.254282694401791	
8494	 0.014773335728991342	 4.253448665281133	
8495	 0.014771599566082315	 4.2526155888681965	
8496	 0.01476986522896983	 4.251783453712231	
8497	 0.014768132699694876	 4.250952250994343	
8498	 0.014766401960762161	 4.25012197212098	
8499	 0.014764672995379566	 4.2492926088387	
8500	 0.01476294578735285	 4.248464153183523	
8501	 0.014761220321017092	 4.24763659744794	
8502	 0.014759496581198208	 4.246809934162355	
8503	 0.014757774553188817	 4.245984156083407	
8504	 0.014756054222730108	 4.245159256185188	
8505	 0.014754335575996208	 4.244335227651661	
8506	 0.01475261859957967	 4.243512063869615	
8507	 0.014750903280477583	 4.242689758421927	
8508	 0.014749186418963238	 4.241866777390243	
8509	 0.014747329416896427	 4.240976691597003	
8510	 0.014745385000736548	 4.240044787142027	
8511	 0.0147433973709332	 4.239092256264558	
8512	 0.014741428947000463	 4.238149013776851	
8513	 0.01473948250730092	 4.237216388402751	
8514	 0.014737616217656676	 4.236322243566849	
8515	 0.014735817365484604	 4.235460479662509	
8516	 0.014734064402998969	 4.234620767287588	
8517	 0.014732350366235538	 4.233799765693836	
8518	 0.014730649412971069	 4.232985093878003	
8519	 0.014728925481215467	 4.232159480498181	
8520	 0.014727198087425657	 4.2313322737187775	
8521	 0.014725476903128077	 4.230508104846544	
8522	 0.014723764359148538	 4.2296881370256605	
8523	 0.014722060319195904	 4.228872304047516	
8524	 0.014720379472273164	 4.228067636728929	
8525	 0.01471871361852638	 4.227270207487595	
8526	 0.014717065069312193	 4.226481121002549	
8527	 0.01471541742013064	 4.225692524199228	
8528	 0.014713770420824536	 4.224904297266695	
8529	 0.014712124028822982	 4.224116419766064	
8530	 0.0147104782452103	 4.2233288921533285	
8531	 0.014708833080464187	 4.222541719378687	
8532	 0.014707188546925865	 4.221754907282415	
8533	 0.014705544657132818	 4.220968461796942	
8534	 0.014703901423446644	 4.220182388768793	
8535	 0.0147021179629525	 4.219329301772138	
8536	 0.014700207002558127	 4.218415303999399	
8537	 0.01469831169076521	 4.2175088690699845	
8538	 0.014696489994551315	 4.216637714308909	
8539	 0.014694724591888733	 4.215793548414391	
8540	 0.014692996037111203	 4.214967067648541	
8541	 0.014691285279193752	 4.214149159986767	
8542	 0.014689582118029173	 4.213334947377808	
8543	 0.014687882641232728	 4.212522558845139	
8544	 0.014686189103931427	 4.211713071861107	
8545	 0.014684503798747845	 4.210907581488682	
8546	 0.014682828224428212	 4.210106803069901	
8547	 0.014681162090627597	 4.209310596801943	
8548	 0.014679506683426342	 4.208519576181336	
8549	 0.01467785899538521	 4.207732303139508	
8550	 0.014676218872809853	 4.206948703422986	
8551	 0.01467458559582872	 4.206168432332127	
8552	 0.014672958690783734	 4.205391262883936	
8553	 0.014671337498958069	 4.204616879772601	
8554	 0.014669400193110423	 4.2036915755495	
8555	 0.014667809942008005	 4.202932093963191	
8556	 0.014666224187324014	 4.202174814462774	
8557	 0.014664639292092737	 4.20141799993511	
8558	 0.014663054519999845	 4.200661298728789	
8559	 0.014661469732557683	 4.199904644714755	
8560	 0.01465971297899452	 4.19906594949385	
8561	 0.01465790110741626	 4.198201010458649	
8562	 0.014656147371060302	 4.197363891504294	
8563	 0.014654444652768986	 4.196551189125614	
8564	 0.014652773657155112	 4.195753689088452	
8565	 0.014651117608877667	 4.194963382640711	
8566	 0.014649475478548628	 4.194179776978401	
8567	 0.014647859162318026	 4.193408546689315	
8568	 0.014646286575006382	 4.192658236239737	
8569	 0.014644724108804814	 4.191912807947162	
8570	 0.014643161673975228	 4.191167447638717	
8571	 0.014641599044540578	 4.1904220475221345	
8572	 0.014640036197724408	 4.189676596755529	
8573	 0.014638473153775594	 4.188931105020254	
8574	 0.014636909941861204	 4.188185586247985	
8575	 0.014635346592573309	 4.187440055045971	
8576	 0.014633783136278443	 4.186694525909767	
8577	 0.014632219602758612	 4.185949013052104	
8578	 0.014630656021140545	 4.185203530369256	
8579	 0.01462909241989022	 4.184458091438541	
8580	 0.014627528826756412	 4.183712709491528	
8581	 0.014625937999117112	 4.182954399069666	
8582	 0.01462424750882379	 4.182148642045104	
8583	 0.014622524888242403	 4.181327634280536	
8584	 0.014620825976986294	 4.180517989626078	
8585	 0.014619136707863899	 4.179713002276231	
8586	 0.01461758452681776	 4.17897339616739	
8587	 0.014616034487499424	 4.17823486282757	
8588	 0.014614484826747227	 4.177496562053399	
8589	 0.01461293519514971	 4.176758327356946	
8590	 0.014611385538478442	 4.1760201329057685	
8591	 0.01460983586679923	 4.175281983498683	
8592	 0.014608286203902077	 4.174543890469655	
8593	 0.014606736576161823	 4.1738058663804525	
8594	 0.014605187010072022	 4.17306792384582	
8595	 0.014603637531699515	 4.172330075273748	
8596	 0.01460208648390663	 4.1715915316259435	
8597	 0.014600518868445253	 4.170845152290313	
8598	 0.014598888607759512	 4.170069002727687	
8599	 0.014597255465231235	 4.16929153908385	
8600	 0.01459562237061727	 4.168514156233563	
8601	 0.014593995884705968	 4.1677399768799654	
8602	 0.014591911725826485	 4.166748037129473	
8603	 0.014590247921369025	 4.16595622970085	
8604	 0.014588542638979985	 4.165144745315992	
8605	 0.014586792188009515	 4.164311832548777	
8606	 0.014585020772712303	 4.1634690122112215	
8607	 0.014583238746907907	 4.1626212123629465	
8608	 0.014581533416789222	 4.161809965201498	
8609	 0.014579859799168565	 4.161013865572646	
8610	 0.014578210315052065	 4.160229305279957	
8611	 0.014576590236735782	 4.159458789161383	
8612	 0.014574987981279673	 4.158696805821334	
8613	 0.014573399489787524	 4.15794142332318	
8614	 0.014571821088297328	 4.157190893335949	
8615	 0.014570250002860238	 4.156443895951803	
8616	 0.014568683663576306	 4.155699208654436	
8617	 0.014567120988138726	 4.1549563164528776	
8618	 0.014565566423918382	 4.154217333018702	
8619	 0.014564025535358132	 4.153484902384066	
8620	 0.01456249306066248	 4.152756522349189	
8621	 0.014560970829227169	 4.1520330614887015	
8622	 0.014559456208643583	 4.151313267829396	
8623	 0.014557946921328592	 4.150596058356173	
8624	 0.014556439902575841	 4.149879976355382	
8625	 0.014554934390806788	 4.149164659767791	
8626	 0.014553137286573925	 4.14831086289457	
8627	 0.014551571240304558	 4.147566898025775	
8628	 0.014549957793289109	 4.146800470814083	
8629	 0.014548298237848716	 4.146012200070132	
8630	 0.014546602903900894	 4.145206996821829	
8631	 0.014544886743560586	 4.144391965741166	
8632	 0.014543165500504026	 4.1435745851932175	
8633	 0.014541442426725998	 4.1427563998697625	
8634	 0.014539765194585256	 4.141960044089636	
8635	 0.014538138354595524	 4.141187673189539	
8636	 0.014536533116099502	 4.140425614453532	
8637	 0.01453493635351045	 4.139667635161324	
8638	 0.014533343022875364	 4.138911340341211	
8639	 0.014531755631254006	 4.13815791951591	
8640	 0.01453017710423887	 4.137408760489105	
8641	 0.01452860705116659	 4.136663676962399	
8642	 0.014527044265947331	 4.135922095768925	
8643	 0.01452548705053028	 4.13518321048691	
8644	 0.014523936372006137	 4.134447479378746	
8645	 0.014522390514594372	 4.133714087805763	
8646	 0.014520848040588093	 4.132982353272977	
8647	 0.014519308535590242	 4.1322520788762045	
8648	 0.014517771802902668	 4.1315231710234315	
8649	 0.014516238006087272	 4.1307957070110914	
8650	 0.014514153274890737	 4.1298070226588095	
8651	 0.014512552084397471	 4.129047721897968	
8652	 0.014510890347777994	 4.128259768605806	
8653	 0.01450917877701991	 4.127448248117529	
8654	 0.014507419533454611	 4.126614190655775	
8655	 0.014505631725754484	 4.125766660012628	
8656	 0.01450384534412736	 4.12491987496783	
8657	 0.014502095408024137	 4.124090433334558	
8658	 0.014500485593434927	 4.123327465972405	
8659	 0.014498895685675618	 4.122573988823133	
8660	 0.014497345870804187	 4.121839565209085	
8661	 0.014495813228837745	 4.12111333093478	
8662	 0.014494291380524925	 4.120392261824592	
8663	 0.014492779448482644	 4.119675941135732	
8664	 0.01449127711191119	 4.118964215917566	
8665	 0.014489786383539217	 4.1182580386520895	
8666	 0.014488310818476558	 4.117559092138725	
8667	 0.014486850375257055	 4.116867355276412	
8668	 0.014485393606621743	 4.116177405188913	
8669	 0.014483940845773645	 4.115489399322455	
8670	 0.01448259326831062	 4.114851247866293	
8671	 0.014481244862900962	 4.1142127439533285	
8672	 0.014479894305097007	 4.113573260556923	
8673	 0.014478541378786723	 4.112932695549843	
8674	 0.014477170918028737	 4.112283869255082	
8675	 0.014475813426635373	 4.111641223498451	
8676	 0.014474266917353951	 4.110909144330436	
8677	 0.014472630845029004	 4.1101347249987725	
8678	 0.014470964537328754	 4.1093460540276245	
8679	 0.01446925032761673	 4.108534773993704	
8680	 0.014467505604926396	 4.10770911894839	
8681	 0.014465820038471277	 4.106911521445785	
8682	 0.01446427097544741	 4.106178570983345	
8683	 0.014462814091852764	 4.105489283640343	
8684	 0.014461436496199286	 4.10483755194363	
8685	 0.014460069965201822	 4.10419109575561	
8686	 0.014458716441496421	 4.103550832992521	
8687	 0.014457364616696333	 4.102911413750944	
8688	 0.014456012467690491	 4.102271881030615	
8689	 0.01445466752459176	 4.101635796084281	
8690	 0.014453330129632095	 4.101003320121097	
8691	 0.01445199064561956	 4.1003698953170415	
8692	 0.014450648784064494	 4.099735385446039	
8693	 0.014449302257003003	 4.09909870893686	
8694	 0.014447942874137342	 4.098455993957271	
8695	 0.014446544797977278	 4.097795026874306	
8696	 0.01444511097569805	 4.097117204425704	
8697	 0.014443657720074447	 4.096430240862708	
8698	 0.01444165409376927	 4.095483188989842	
8699	 0.014440138666875438	 4.094766951981204	
8700	 0.014438588338864597	 4.0940342714924505	
8701	 0.014437022769098157	 4.093294441015793	
8702	 0.014435482028557413	 4.092566396132504	
8703	 0.014433975855123161	 4.091854735288216	
8704	 0.014432440993380079	 4.091129570263422	
8705	 0.014430920218884246	 4.090411111644223	
8706	 0.014429450079480238	 4.089716622513223	
8707	 0.014428039162056368	 4.089050154013611	
8708	 0.014426641884422801	 4.0883901712981485	
8709	 0.014425202847709689	 4.087710508862885	
8710	 0.014423772785172003	 4.087035129742287	
8711	 0.014422351282738125	 4.086363837562153	
8712	 0.014420936964527124	 4.085695981843091	
8713	 0.01441952797119453	 4.085030684005256	
8714	 0.014418122906672003	 4.084367284428066	
8715	 0.01441672142413432	 4.083705619014204	
8716	 0.014415328741916554	 4.083048150868457	
8717	 0.014413938768143848	 4.0823920035673575	
8718	 0.014412551517406233	 4.081737183752357	
8719	 0.01441116682752651	 4.081083614632717	
8720	 0.014409784240490182	 4.080431079816909	
8721	 0.014408403412252165	 4.079779416753622	
8722	 0.01440688584103431	 4.079063267727099	
8723	 0.01440548546538579	 4.078402468457165	
8724	 0.014404067002544827	 4.077733177988516	
8725	 0.014402632987326098	 4.077056593916906	
8726	 0.014401187133358044	 4.0763744696599185	
8727	 0.014399724871073844	 4.075684650730443	
8728	 0.014398267714575792	 4.074997286897956	
8729	 0.014396814133109295	 4.074311655668264	
8730	 0.01439537158638165	 4.0736312749735015	
8731	 0.01439394825341593	 4.072960001044539	
8732	 0.014392538001184736	 4.072294939909243	
8733	 0.014391138417342445	 4.071634952832486	
8734	 0.01438974659421731	 4.070978667829666	
8735	 0.014388360162368044	 4.070324967041664	
8736	 0.014386978688601506	 4.069673645749607	
8737	 0.014385601925556444	 4.06902458689408	
8738	 0.014384229433398885	 4.0683775827165505	
8739	 0.014382860667802838	 4.06773237625879	
8740	 0.01438149923078907	 4.067090664941204	
8741	 0.014380139198511688	 4.066449656178864	
8742	 0.014378778699894738	 4.065808468057953	
8743	 0.014377416063669528	 4.065166313045248	
8744	 0.014376050114794007	 4.064522637636009	
8745	 0.014374681284062373	 4.063877645111775	
8746	 0.014373169815101625	 4.063165489075168	
8747	 0.014371760259575013	 4.062501396391708	
8748	 0.014370315886770542	 4.061820945069666	
8749	 0.01436883303302736	 4.061122412614964	
8750	 0.014367315836579462	 4.0604077519766175	
8751	 0.014365774464958393	 4.05968175537743	
8752	 0.014364237120118254	 4.058957707144887	
8753	 0.014362706393511655	 4.058236827249332	
8754	 0.014361201272008382	 4.057528055752357	
8755	 0.014359741536639612	 4.056840704183683	
8756	 0.014358308076966338	 4.056165770489267	
8757	 0.01435689763503426	 4.055501718368603	
8758	 0.01435550838846034	 4.0548476877786594	
8759	 0.014354144381141453	 4.054205580396344	
8760	 0.014352807414750333	 4.053576242024102	
