Time	  Pressure(m)	  Flow(cms)	
0	 0.01616930579067942	 4.944198220775317	
1	 0.015990525033340846	 4.853422762858139	
2	 0.01581643662723369	 4.765677604936805	
3	 0.015673803044237326	 4.694264523158625	
4	 0.015550245478720474	 4.6327514295899865	
5	 0.015439759878025905	 4.578021412957195	
6	 0.01533923674525951	 4.528452680027101	
7	 0.015247488357033665	 4.483399447711697	
8	 0.015165803819456421	 4.443439857052811	
9	 0.01509541689950801	 4.409121867397604	
10	 0.015035065847263862	 4.379781795223343	
11	 0.014984791759481524	 4.355400567261201	
12	 0.014940233581209963	 4.333836893895113	
13	 0.014898483383959141	 4.313670994356461	
14	 0.014851383645215025	 4.290966379132836	
15	 0.014802047078214893	 4.26723491598919	
16	 0.01473866947859122	 4.236826854687292	
17	 0.014676952843795277	 4.20729936478726	
18	 0.014617826446375307	 4.179088666120769	
19	 0.014558884733487428	 4.15104169846531	
20	 0.014497240963293724	 4.12178985370923	
21	 0.014438724218641437	 4.09409848578118	
22	 0.014384940758670743	 4.068712902207322	
23	 0.014335716237840957	 4.04553450687007	
24	 0.014289578055637221	 4.023857495070698	
25	 0.014244375566134334	 4.002665299647767	
26	 0.014199865427444346	 3.981841460027022	
27	 0.014156069067487202	 3.9613939879598097	
28	 0.01411176297169977	 3.9407514014575757	
29	 0.014071979521835727	 3.9222527308506683	
30	 0.014038713766399653	 3.9068114232408435	
31	 0.01401035615602183	 3.8936676236899026	
32	 0.013982038932539433	 3.8805602295015746	
33	 0.013952470882997205	 3.866892731104555	
34	 0.013923445747724004	 3.8534949562445386	
35	 0.013896508641700432	 3.8410776459968354	
36	 0.013858570053069334	 3.82361613648181	
37	 0.013814560430662126	 3.803400280663961	
38	 0.013769240395820063	 3.7826273103893495	
39	 0.01372383885739361	 3.7618626363944667	
40	 0.013671620628293376	 3.7380368738394756	
41	 0.013623211934548594	 3.7160034187124396	
42	 0.013589505954508238	 3.7006927597340042	
43	 0.013558142216303913	 3.686468764135545	
44	 0.01352610949250907	 3.6719639975914165	
45	 0.0134947994221637	 3.657808569978441	
46	 0.013465962993743518	 3.6447908407821226	
47	 0.013442461696418637	 3.634195302877204	
48	 0.013426821523891715	 3.627150785297849	
49	 0.013417446198731623	 3.6229306499427105	
50	 0.01341311605223281	 3.6209821752281868	
51	 0.013413284953447516	 3.6210581693586743	
52	 0.013422363156406636	 3.625143685658498	
53	 0.013434919913933408	 3.630797712831725	
54	 0.013449913060144637	 3.6375534073330313	
55	 0.01345771525143308	 3.641070948657193	
56	 0.013459078225701556	 3.64168557175078	
57	 0.013457582707403002	 3.6410111811280665	
58	 0.013455761133057053	 3.640189825929398	
59	 0.013452354889704051	 3.638654136003079	
60	 0.01344162796248157	 3.633819641362187	
61	 0.013425753380619906	 3.6266698804709474	
62	 0.01339977425654823	 3.6149812846871834	
63	 0.013370901770069664	 3.6020086139294283	
64	 0.013346320823753774	 3.5909788777064686	
65	 0.013322221164285485	 3.5801782397008814	
66	 0.013311459216409584	 3.5753593090854316	
67	 0.01330474435961876	 3.572353879924036	
68	 0.013296701876050076	 3.5687555635178914	
69	 0.013284909090952646	 3.563481934418222	
70	 0.013269249238201702	 3.5564838093801696	
71	 0.013247543470796607	 3.5467929684336688	
72	 0.013223480367045239	 3.53606202780122	
73	 0.013200033067784204	 3.5256182202930586	
74	 0.013178231520195677	 3.5159185465166423	
75	 0.013156366792889736	 3.5062015020777912	
76	 0.013131335135617922	 3.495090232793197	
77	 0.01310805739946925	 3.484770172164862	
78	 0.013082513052845404	 3.4734592740313923	
79	 0.013055590656061607	 3.461554108894269	
80	 0.01302950868574061	 3.450036180361367	
81	 0.013006879454894467	 3.4400554434488355	
82	 0.012990958421667404	 3.4330403240705825	
83	 0.012970937723312256	 3.424226944238071	
84	 0.012956538631702036	 3.4178938746966807	
85	 0.012943900489634626	 3.4123391784297494	
86	 0.012931083600531242	 3.406709611076626	
87	 0.012919205346240172	 3.4014956407869406	
88	 0.012909140350535163	 3.3970801025057304	
89	 0.012895955934932651	 3.391299538618848	
90	 0.012892592305713511	 3.3898254224326734	
91	 0.01289878086308236	 3.3925377662063396	
92	 0.012910508085628485	 3.3976799965389954	
93	 0.01292140873509725	 3.402462578957323	
94	 0.012928775438189433	 3.405696191112248	
95	 0.012934037456397086	 3.4080067046647717	
96	 0.012935249851690379	 3.4085391473768802	
97	 0.012938876743463725	 3.4101321533260704	
98	 0.012947089839851742	 3.413740615673655	
99	 0.012954796131632813	 3.4171277990379973	
100	 0.01295862623822568	 3.4188117639781286	
101	 0.012961290074677407	 3.419983156075489	
102	 0.012965002037030205	 3.421615717404441	
103	 0.012981466876583756	 3.428860888969656	
104	 0.012999834111997493	 3.4369504207024533	
105	 0.013017732951503588	 3.444840989737544	
106	 0.013030590936282789	 3.450513802221393	
107	 0.013053569044447743	 3.4606608061749187	
108	 0.013066560935379787	 3.466403225735204	
109	 0.013062391829449585	 3.464560064754578	
110	 0.013048247759243027	 3.4583098960320457	
111	 0.013030498359384928	 3.450472944889479	
112	 0.013010138752095085	 3.44149225997015	
113	 0.013007557141046278	 3.4403541723422038	
114	 0.013029596447317613	 3.45007491056256	
115	 0.013016317362401202	 3.4442166743492795	
116	 0.012999811395122083	 3.436940410737666	
117	 0.012983556396524217	 3.429780797543246	
118	 0.012968269381939625	 3.4230529890392063	
119	 0.012954053644284801	 3.41680139152328	
120	 0.012944229798067716	 3.412483869694234	
121	 0.012941922065056349	 3.4114699515505076	
122	 0.012946467103179173	 3.413466959918515	
123	 0.01295596517371763	 3.417641751081598	
124	 0.012964114331984404	 3.4212252667376712	
125	 0.01297179770991702	 3.4246053355884	
126	 0.012984815172625919	 3.4303350198087674	
127	 0.013005453056156207	 3.439426710606906	
128	 0.013028891310320518	 3.4497637303473185	
129	 0.013056398277251087	 3.4619110035210072	
130	 0.013078496372737065	 3.4716820483545776	
131	 0.013103501341236785	 3.482751696580887	
132	 0.013127829988845032	 3.4935354639830667	
133	 0.013185812365215809	 3.5192901097035953	
134	 0.013230569117361745	 3.5392219043958635	
135	 0.01324382714028579	 3.5451348217295546	
136	 0.013250215342413826	 3.5479852916966226	
137	 0.013252809524227334	 3.5491430992417374	
138	 0.013263544460036764	 3.5539358074670244	
139	 0.013275156829112547	 3.5591231660964233	
140	 0.013281834727062805	 3.562107618770536	
141	 0.013283322520413534	 3.562772672208968	
142	 0.013282649364248111	 3.5624717608125374	
143	 0.013273832191078876	 3.5585312844385433	
144	 0.01324851970069317	 3.5472285926422154	
145	 0.013216353677938344	 3.532886377798735	
146	 0.013186121100564977	 3.519427446424661	
147	 0.01315912870075041	 3.507428345737691	
148	 0.013134178625055134	 3.4963517152687387	
149	 0.01311326366138393	 3.487077280881058	
150	 0.013097173869799722	 3.4799492058557764	
151	 0.013082944258388024	 3.4736500874401894	
152	 0.013070270416428187	 3.4680435162839043	
153	 0.01305768539670413	 3.462479822900338	
154	 0.013042759159834435	 3.455885737062557	
155	 0.013015146565093996	 3.4437003533616535	
156	 0.01298616778802628	 3.430930598185605	
157	 0.012956798661326529	 3.41800820044777	
158	 0.012926050252584314	 3.404499828502777	
159	 0.012895588258004194	 3.3911383911043433	
160	 0.012867988463699876	 3.379050544699293	
161	 0.012843283688365154	 3.368245275116726	
162	 0.012832947648229728	 3.363728650052923	
163	 0.012830328366094827	 3.3625844656770867	
164	 0.012827184831564333	 3.361211477034276	
165	 0.012820908421427111	 3.3584708262177063	
166	 0.012810707519338814	 3.354018418737309	
167	 0.012797282979425307	 3.348162584940497	
168	 0.012782955870282558	 3.3419175630703184	
169	 0.012767567388708028	 3.3352150968898733	
170	 0.012755388475546123	 3.329914377114598	
171	 0.012746931739059707	 3.326235672403213	
172	 0.012740306069955581	 3.323354623755383	
173	 0.01273996619040076	 3.3232068603971916	
174	 0.012736029309696905	 3.3214954846778477	
175	 0.012731175794359811	 3.319386130055991	
176	 0.012735637852729855	 3.3213253362488584	
177	 0.0127439853232925	 3.324954355155662	
178	 0.012750986519909496	 3.3279993107717396	
179	 0.012750279515834321	 3.327691770438331	
180	 0.01273672701198974	 3.321798752579753	
181	 0.012728712537950037	 3.318315795319395	
182	 0.012731438326167318	 3.3195002135788156	
183	 0.012741665202009825	 3.3239455355683574	
184	 0.012749267417034017	 3.3272515364642103	
185	 0.012750130210792984	 3.3276268255590975	
186	 0.012749806340130808	 3.3274859496673175	
187	 0.012757703355983608	 3.330921640301972	
188	 0.012764404269579602	 3.3338380646134973	
189	 0.012771628738832521	 3.336983498556005	
190	 0.012778904943939857	 3.3401526567468505	
191	 0.012790290364100594	 3.3451140018298946	
192	 0.012799966248562727	 3.3493327095207173	
193	 0.01280938383358857	 3.35344084024594	
194	 0.012813961546302344	 3.355438453555353	
195	 0.012815884503733672	 3.356277731874823	
196	 0.012814784313782728	 3.3557975416639962	
197	 0.012807757955819477	 3.352731457409109	
198	 0.012796876601471146	 3.3479853852097103	
199	 0.01278171113891477	 3.3413752192074955	
200	 0.01276744575421301	 3.335162140323774	
201	 0.012758487853214174	 3.3312630225882085	
202	 0.012755347486839054	 3.3298965429865577	
203	 0.012749507933449162	 3.327356152101849	
204	 0.012738629175426208	 3.322625615801028	
205	 0.012729060944055211	 3.318467176436015	
206	 0.012723857510858841	 3.316206592124858	
207	 0.012721953586026246	 3.3153796032512006	
208	 0.012726814420940124	 3.3174911192770087	
209	 0.012736991057544446	 3.321913527259113	
210	 0.01275460691163351	 3.3295743263511497	
211	 0.012765822322284116	 3.334455371546408	
212	 0.012774137681448503	 3.338076135016624	
213	 0.012783537561853572	 3.342171024891396	
214	 0.012796072075846257	 3.347634585600425	
215	 0.012812306581751871	 3.35471620844792	
216	 0.012830195698911034	 3.362526516644009	
217	 0.012850682269732799	 3.371479783033845	
218	 0.012873509559758469	 3.381467230459056	
219	 0.012897634207282096	 3.3920351401731565	
220	 0.012918160924214928	 3.4010373436063452	
221	 0.012942267659148705	 3.4116217829850584	
222	 0.01297048118004201	 3.424026073458202	
223	 0.012996183987116555	 3.4353421791492593	
224	 0.013014207745881377	 3.4432863569585623	
225	 0.01302589849052155	 3.448443110095032	
226	 0.01303588580261798	 3.4528509287527838	
227	 0.013048099548812428	 3.458244426748655	
228	 0.01305796010088016	 3.462601228329137	
229	 0.013064644109977144	 3.465555748871994	
230	 0.01307005573857467	 3.467948579704161	
231	 0.013073004165779625	 3.4692525479753935	
232	 0.01307692847673108	 3.4709884137116807	
233	 0.013082168254696382	 3.4733066999041364	
234	 0.013094934263099297	 3.4789574813066872	
235	 0.013109366674043998	 3.485350308075535	
236	 0.01312265096879601	 3.4912387260812476	
237	 0.013132134422684434	 3.495444809215504	
238	 0.013135411979855804	 3.4968989360319345	
239	 0.01313601399300191	 3.497166052547986	
240	 0.013134701032138802	 3.4965834951629446	
241	 0.01313156256587529	 3.495191122998701	
242	 0.013129342339950875	 3.4942062596784305	
243	 0.013128709234724674	 3.4939254427838415	
244	 0.01312615065689373	 3.4927906651389904	
245	 0.013124690694159585	 3.492143210135974	
246	 0.01312399974212697	 3.491836807854121	
247	 0.0131229542244132	 3.4913731940725996	
248	 0.013123167226606083	 3.4914676436095644	
249	 0.013124437797555252	 3.492031062034374	
250	 0.013129746443879294	 3.494385506656479	
251	 0.013143638114534388	 3.500549622967193	
252	 0.013163084344029222	 3.5091857474905526	
253	 0.013194593572447575	 3.523197146875597	
254	 0.013210168486072451	 3.530131183788131	
255	 0.013219741371414167	 3.534395790429169	
256	 0.013228755802468465	 3.5384134949043182	
257	 0.013239557345216068	 3.5432301139428612	
258	 0.013249917188848772	 3.547852232660517	
259	 0.013248290707628308	 3.5471264068778754	
260	 0.013243776960671238	 3.545112434787531	
261	 0.013240429111452571	 3.5436189658378003	
262	 0.01323872211360033	 3.5428575743502444	
263	 0.013237668595713965	 3.542387694555889	
264	 0.01323680364299703	 3.542001935398972	
265	 0.013237199559068016	 3.5421785074160113	
266	 0.013241052929253368	 3.5438972306493235	
267	 0.013249790993497905	 3.5477959151971024	
268	 0.013262947904927002	 3.553669402210323	
269	 0.013275215209663785	 3.559149252903988	
270	 0.013279835108698857	 3.5612138544056755	
271	 0.013275114285086244	 3.559104155741243	
272	 0.01330717601387941	 3.573442120642272	
273	 0.01333846969998978	 3.58745884507137	
274	 0.013368976672499509	 3.601144313555903	
275	 0.013398764664333374	 3.614527351007488	
276	 0.013427758061937585	 3.62757245914458	
277	 0.013456026875616445	 3.64030964570023	
278	 0.013483514903398996	 3.652712149529384	
279	 0.013510278135668853	 3.6648038345547476	
280	 0.013536371832418605	 3.676608406735528	
281	 0.013561827597618058	 3.688139011901676	
282	 0.013586766937091967	 3.699449695056139	
283	 0.013611280366195945	 3.710580712759619	
284	 0.013635193300828895	 3.7214519440341194	
285	 0.013658516120908397	 3.7320671500806055	
286	 0.013681261116142948	 3.7424310089253843	
287	 0.013703440780886957	 3.752548340445986	
288	 0.013725061827727082	 3.7624213701312224	
289	 0.01374612909079186	 3.7720514990871368	
290	 0.013766648676285879	 3.7814407411830735	
291	 0.013786658199005888	 3.790605580951924	
292	 0.013806166634378838	 3.79954945228861	
293	 0.013825188686319816	 3.8082784520808404	
294	 0.013843727975377315	 3.8167936257113326	
295	 0.013861798011003673	 3.825100588611307	
296	 0.013879408228623817	 3.833203117962007	
297	 0.01389656752347893	 3.8411047714914974	
298	 0.013913094599660647	 3.8487214478219967	
299	 0.013929393567891569	 3.8562389080553308	
300	 0.013945272637266795	 3.863568342987829	
301	 0.013960739155960867	 3.8707127044200718	
302	 0.013975801971461647	 3.877675659241571	
303	 0.013990466751697567	 3.88445942600989	
304	 0.014004740927480601	 3.8910670578117683	
305	 0.014018631987267263	 3.8975016542828276	
306	 0.014032150968219038	 3.903767979732206	
307	 0.01404532633428134	 3.9098789065001434	
308	 0.014058013468864814	 3.915766997351584	
309	 0.014070327162821156	 3.921485163409931	
310	 0.014082309278344715	 3.9270525564645777	
311	 0.014093977644698356	 3.9324772044761303	
312	 0.014105334318329886	 3.937759821822557	
313	 0.014116384616892108	 3.9429026496724022	
314	 0.014127251023448714	 3.9479625118007795	
315	 0.01413783208454365	 3.952891998889017	
316	 0.014148135877574616	 3.9576946771146586	
317	 0.01415815373384443	 3.962366314164171	
318	 0.014167809018731567	 3.9668709589080935	
319	 0.014177209695435521	 3.9712587837573974	
320	 0.014186356119841148	 3.975529796848299	
321	 0.01419525088124251	 3.9796850545050257	
322	 0.01420345612640359	 3.9835197387359234	
323	 0.014211779927714671	 3.987411338947321	
324	 0.01421979290624911	 3.991159056943899	
325	 0.014227511173494321	 3.9947702681545696	
326	 0.014234962018087946	 3.9982575972210506	
327	 0.014242176208650295	 4.001635321329563	
328	 0.01424919447464043	 4.004922407234071	
329	 0.01425602267309305	 4.0081215088771565	
330	 0.014262684823264225	 4.0112437994087555	
331	 0.01426918567111959	 4.014291431231416	
332	 0.014275499377616071	 4.017252216385642	
333	 0.014281633056215477	 4.020129414371721	
334	 0.014287589449028425	 4.022924239334975	
335	 0.014293371726456785	 4.025638110000414	
336	 0.014298984691996496	 4.028273215518128	
337	 0.014304431102498103	 4.0308307881317935	
338	 0.014309713728361087	 4.033312069622386	
339	 0.014314838841029775	 4.035719949905199	
340	 0.014319814398073005	 4.038058115848538	
341	 0.01432463403155597	 4.040323525036351	
342	 0.014329300919939543	 4.042517622573561	
343	 0.014333816496768235	 4.0446410358075875	
344	 0.014338183046780893	 4.046694794564644	
345	 0.014342410619967666	 4.048683584413787	
346	 0.014346368235349951	 4.0505457314182065	
347	 0.014350299018738941	 4.052395592386463	
348	 0.01435407026478759	 4.05417069123701	
349	 0.0143576855700507	 4.0558726817842325	
350	 0.014361153631148857	 4.057505622170524	
351	 0.014364484319047001	 4.059074127732165	
352	 0.01436768490549101	 4.060581593669141	
353	 0.014370761708852393	 4.062030969239226	
354	 0.014373762044888803	 4.063444522941003	
355	 0.014376605804441668	 4.064784490072946	
356	 0.014379340346235916	 4.066073160935088	
357	 0.014381970903754905	 4.0673129827094945	
358	 0.0143845052341548	 4.0685075941744975	
359	 0.014386939798911164	 4.069655311091037	
360	 0.014389275167896702	 4.070756386229838	
361	 0.014391525968149244	 4.071817701818927	
362	 0.01439369569010087	 4.072840891466301	
363	 0.014395845517988066	 4.073854800962324	
364	 0.014397907717641807	 4.074827477777851	
365	 0.014399878410234553	 4.075757080288453	
366	 0.014401759474959128	 4.076644483233156	
367	 0.014403553301644615	 4.077490803120599	
368	 0.014405261150861649	 4.078296624499012	
369	 0.014406884681444377	 4.079062720530359	
370	 0.01440820508952938	 4.079685824467368	
371	 0.014409656403464201	 4.0803707471264365	
372	 0.014411025280827565	 4.081016807409609	
373	 0.014412315899532615	 4.081625969926696	
374	 0.014413531871631493	 4.082199933069456	
375	 0.014414675812762465	 4.082739925625231	
376	 0.014415740248657575	 4.083242413732196	
377	 0.01441672598525112	 4.083707772330912	
378	 0.014417512011849062	 4.084078864591714	
379	 0.014418239236444462	 4.08442220775821	
380	 0.014418913636121085	 4.084740621113869	
381	 0.014419555429141279	 4.085043648672153	
382	 0.014420260917242632	 4.085376760732149	
383	 0.014420914978726914	 4.085685600265002	
384	 0.014421418531014842	 4.085923377627615	
385	 0.01442187025370124	 4.086136685765038	
386	 0.014422277177972183	 4.086328843439587	
387	 0.014422642990762364	 4.08650159054647	
388	 0.014422972071693994	 4.086656994330571	
389	 0.01442326212349996	 4.086793969125775	
390	 0.014423513975571685	 4.086912905871832	
391	 0.01442376374195871	 4.087030859023933	
392	 0.01442396581305012	 4.087126288882809	
393	 0.014424103508244985	 4.087191317166163	
394	 0.014424031006642263	 4.0871570773230586	
395	 0.014424039571683705	 4.087161122271457	
396	 0.014423951583861219	 4.087119568993418	
397	 0.014423828202743606	 4.087061301102511	
398	 0.01442353937390978	 4.086924900274034	
399	 0.014423175521409275	 4.086753071744109	
400	 0.01442279104467655	 4.086571506606752	
401	 0.014422351164201576	 4.086363781586137	
402	 0.01442198155572995	 4.086189244421288	
403	 0.01442160247634096	 4.086010237980738	
404	 0.014421206024170468	 4.0858230312323585	
405	 0.014420802797559851	 4.085632629078004	
406	 0.014420409382229035	 4.08544686319542	
407	 0.014419980124053128	 4.085244176616446	
408	 0.014419506596244771	 4.085020591524804	
409	 0.014419005274138101	 4.084783888164931	
410	 0.014418471078787753	 4.0845316694702865	
411	 0.014417914299726785	 4.084268794576242	
412	 0.014417366555383285	 4.084010191892462	
413	 0.014416787678613725	 4.0837368979941635	
414	 0.01441620071374674	 4.083459793088433	
415	 0.014415605705851113	 4.083178898762306	
416	 0.014414987000738098	 4.082886825531457	
417	 0.014414341114059702	 4.082581929566417	
418	 0.01441366858986492	 4.082264468828045	
419	 0.014412970049895267	 4.0819347379649	
420	 0.014412246120869996	 4.081593033982208	
421	 0.014411497413080282	 4.0812396461346685	
422	 0.014410697575166326	 4.080862138542305	
423	 0.014409814299304751	 4.080445266127685	
424	 0.014408923885278884	 4.080025042014622	
425	 0.014407868893086857	 4.079527168897587	
426	 0.014406782797950164	 4.079014643032158	
427	 0.014405706891294836	 4.078506950485115	
428	 0.014404626825284005	 4.077997320670236	
429	 0.014403537702146425	 4.077483443040056	
430	 0.01440243343128324	 4.076962444751787	
431	 0.014401319001801511	 4.076436680595732	
432	 0.014400201091183182	 4.075909301363665	
433	 0.01439907775844881	 4.0753793917169805	
434	 0.014397952589345186	 4.074848643427221	
435	 0.014396827352158319	 4.074317890675248	
436	 0.014395687116746459	 4.073780091758781	
437	 0.014394539828819585	 4.073238995142484	
438	 0.014393400482995847	 4.072701672721404	
439	 0.014392249604523934	 4.072158940219921	
440	 0.01439106607070369	 4.071600838249735	
441	 0.014389864101946275	 4.0710340744991464	
442	 0.014388177136334395	 4.070238673645803	
443	 0.014386903022668582	 4.069637972854007	
444	 0.014385589654612167	 4.069018802086925	
445	 0.014384239399206107	 4.068382280532337	
446	 0.014382862796835276	 4.067733379806787	
447	 0.014381465337557275	 4.067074689933298	
448	 0.014380053504757738	 4.066409268456223	
449	 0.014378640390356343	 4.065743286549714	
450	 0.014377241636206553	 4.065084115407891	
451	 0.014375889637717224	 4.06444701877928	
452	 0.014374553980281644	 4.0638176616993675	
453	 0.014373220011552442	 4.063189139242654	
454	 0.01437188103086008	 4.062558294419471	
455	 0.014370545808358148	 4.06192925923946	
456	 0.01436921271793441	 4.061301267369991	
457	 0.01436788226685144	 4.06067455756488	
458	 0.014366536398249486	 4.060040624690257	
459	 0.014365202984191543	 4.059412597214499	
460	 0.014363867401719658	 4.058783587389959	
461	 0.014362544425764205	 4.0581605532068314	
462	 0.01436124325605966	 4.057547825643554	
463	 0.014359955305814359	 4.056941359638911	
464	 0.014358645823515113	 4.056324791863811	
465	 0.014357307659573253	 4.055694758106335	
466	 0.014355656677253066	 4.054917497281096	
467	 0.014354260841786643	 4.0542604027368485	
468	 0.014352823980854915	 4.0535840398009695	
469	 0.014351343077100419	 4.052886992147937	
470	 0.014349819790158815	 4.052170045150449	
471	 0.01434826207052386	 4.051436944603803	
472	 0.014346690496210984	 4.050697377477969	
473	 0.014345108079645121	 4.0499527626641445	
474	 0.014343527534267837	 4.049209083008531	
475	 0.014341975871238085	 4.048479046242967	
476	 0.01434044355881396	 4.047758165351842	
477	 0.014338924447398161	 4.047043545602398	
478	 0.014337418701227332	 4.046335262932664	
479	 0.014335927018160412	 4.045633644253092	
480	 0.014334447685577649	 4.044937882735158	
481	 0.014332978143757481	 4.044246773413872	
482	 0.014331515938574546	 4.043559161316472	
483	 0.014330059790537345	 4.042874444112054	
484	 0.01432861045849703	 4.042192978018	
485	 0.014327164543894141	 4.041513164569202	
486	 0.01432572193792898	 4.040834952294628	
487	 0.014324282399806834	 4.040158227689118	
488	 0.014322845707288824	 4.039482886000674	
489	 0.014321410831100086	 4.038808443182841	
490	 0.014319817571171595	 4.038059607157143	
491	 0.014318330758833125	 4.0373608518570885	
492	 0.014316790231426346	 4.036636903178424	
493	 0.014315184429026736	 4.035882334734536	
494	 0.014313525322723314	 4.035102777990926	
495	 0.014311839329143173	 4.034310649554495	
496	 0.014310137700053075	 4.033511238180551	
497	 0.014308413027374857	 4.032701065781075	
498	 0.01430670025964883	 4.031896550211966	
499	 0.014305043146382417	 4.031118237582546	
500	 0.014303426346217292	 4.030358917131797	
501	 0.014301833655098989	 4.029610975294219	
502	 0.014300258107195601	 4.0288711386952105	
503	 0.014298698336630595	 4.0281387642528586	
504	 0.014297155746173327	 4.0274145089377456	
505	 0.01429562895212772	 4.026697721427368	
506	 0.0142941149659097	 4.025986997231027	
507	 0.014292611587174736	 4.025281302258185	
508	 0.014291114345064842	 4.024578537035584	
509	 0.014289625613865776	 4.023879815271007	
510	 0.014288143222453122	 4.023184117243172	
511	 0.014286666551529785	 4.022491151725439	
512	 0.014285193286659106	 4.021799832168099	
513	 0.014283721727449872	 4.021109360428277	
514	 0.014282111033768995	 4.020353659625662	
515	 0.014280585219529972	 4.019637834727447	
516	 0.014279005043044525	 4.018896559911758	
517	 0.014277364455304045	 4.018127003502573	
518	 0.014275672695634135	 4.017333505428677	
519	 0.014273923826499075	 4.016513286793329	
520	 0.014272145153462059	 4.0156791588609	
521	 0.014270630821105636	 4.014969050961927	
522	 0.014269160999827996	 4.014279863449432	
523	 0.014267689587709393	 4.0135899774068475	
524	 0.014266215435287445	 4.012898854108531	
525	 0.014264738387576918	 4.012206421167782	
526	 0.01426325850206046	 4.011512705812118	
527	 0.014261681048453611	 4.010773306992316	
528	 0.01426010067941498	 4.010032596295471	
529	 0.014258533612352495	 4.009298174200163	
530	 0.014256978838976305	 4.008569566844376	
531	 0.014255434626496479	 4.007845961031123	
532	 0.014253897592603877	 4.0071257709377885	
533	 0.014252363980533332	 4.0064072357664795	
534	 0.014250834066081413	 4.005690484377666	
535	 0.014249307105769545	 4.004975168125462	
536	 0.014247782750446653	 4.004261123170121	
537	 0.014246258966614531	 4.003547396814393	
538	 0.014244446581123178	 4.002698558354295	
539	 0.01424295449798115	 4.001999788898962	
540	 0.014241464874019947	 4.0013022198018655	
541	 0.014239974383337586	 4.000604293515434	
542	 0.014238466834548387	 3.999898429262987	
543	 0.014236627697729737	 3.9990373763817786	
544	 0.014234691391310141	 3.99813091046301	
545	 0.014232752175990486	 3.997223165150942	
546	 0.01423087964048579	 3.996346710858893	
547	 0.01422911001031483	 3.995518492839618	
548	 0.014227413537773058	 3.9947245783428307	
549	 0.014225752616956548	 3.993947362465588	
550	 0.014224118170843918	 3.9931825942890335	
551	 0.014222505232949989	 3.992427947381769	
552	 0.014220909280741814	 3.9916813037395458	
553	 0.01421932663621501	 3.990940941070556	
554	 0.01421774721037541	 3.9902021388731757	
555	 0.014216174699283714	 3.989466625515973	
556	 0.014214608314711916	 3.9887340316468873	
557	 0.014213050188803021	 3.988005353724459	
558	 0.014211495268761943	 3.9872782281566823	
559	 0.014209947557073258	 3.9865545260906456	
560	 0.014208406045428548	 3.9858337753654096	
561	 0.014206859553464471	 3.9851107484189954	
562	 0.014204670840497586	 3.984087555407798	
563	 0.014203187837305753	 3.9833943316779172	
564	 0.014201697250092425	 3.982697611452111	
565	 0.014200178288027795	 3.981987678594828	
566	 0.014198644450731247	 3.9812708447189804	
567	 0.014197084458764104	 3.9805418404938373	
568	 0.014195522369510823	 3.979811909688354	
569	 0.014193731304972161	 3.978975049537957	
570	 0.0141919588315019	 3.97814694521644	
571	 0.01419023689545281	 3.9773425181384567	
572	 0.014188558026220969	 3.976558272993417	
573	 0.014186904978096163	 3.975786150026481	
574	 0.014185252633323566	 3.975014415526178	
575	 0.014183584821298736	 3.974235517752571	
576	 0.01418190284045859	 3.97345006472806	
577	 0.01418021765337584	 3.9726631767279508	
578	 0.0141785518891864	 3.9718854193981428	
579	 0.01417693986597481	 3.9711328121169083	
580	 0.014175349969065464	 3.9703905908499006	
581	 0.014173833184907341	 3.969682552980811	
582	 0.01417234006349619	 3.9689856102643457	
583	 0.014170838527125732	 3.968284789069761	
584	 0.014169316604688077	 3.9675745034789567	
585	 0.01416779785330731	 3.966865748529936	
586	 0.014165643010146077	 3.96586023585905	
587	 0.014164102670892754	 3.9651415311298694	
588	 0.014162535766764607	 3.964410484992666	
589	 0.014160949811611631	 3.9636706054205	
590	 0.014159553292580927	 3.9630191472976524	
591	 0.014158173238713562	 3.962375412039661	
592	 0.014156785185990586	 3.9617279878572003	
593	 0.014155409230194201	 3.9610862477648294	
594	 0.014154041666475457	 3.960448462908007	
595	 0.014152693716993939	 3.9598198656602728	
596	 0.014151346751800818	 3.9591917672897154	
597	 0.014149978024682984	 3.958553562022241	
598	 0.014148577857053726	 3.9579007393669348	
599	 0.014147167478980642	 3.95724319967278	
600	 0.014145778595373124	 3.9565957237313287	
601	 0.01414439934593795	 3.9559527810309065	
602	 0.014143017068741947	 3.9553084688603426	
603	 0.014141637028753781	 3.9546652413836774	
604	 0.014140264723487788	 3.954025660504257	
605	 0.014138899159429447	 3.953389262528049	
606	 0.01413753646038261	 3.952754240588115	
607	 0.014136174873551573	 3.952119777698873	
608	 0.014134811657077972	 3.951484596252524	
609	 0.014133449449205068	 3.950849925549774	
610	 0.014131327901445003	 3.9498615495421254	
611	 0.014129821351754815	 3.9491597458068615	
612	 0.014128280439139516	 3.9484419862177655	
613	 0.01412669829960685	 3.947705077363734	
614	 0.014125068876202046	 3.9469462027381126	
615	 0.01412341006310352	 3.946173700338672	
616	 0.014121760014178513	 3.9454053393853283	
617	 0.014120114830394007	 3.9446393035165532	
618	 0.014118503575643676	 3.943889123467975	
619	 0.014116973550469375	 3.943176815723393	
620	 0.01411550155574236	 3.942491572799861	
621	 0.014114060715756403	 3.9418208791657805	
622	 0.014112633211061227	 3.9411564379608057	
623	 0.014111212041930287	 3.9404949901912993	
624	 0.014109786864565243	 3.9398317214861485	
625	 0.014108380229275932	 3.9391771259415824	
626	 0.01410699343902309	 3.938531808127892	
627	 0.014105637911701526	 3.937901078826337	
628	 0.014104227279739564	 3.9372447521404754	
629	 0.014102771123339547	 3.93656729013761	
630	 0.014101278219595424	 3.9358727802173026	
631	 0.0140997897741668	 3.9351803931359814	
632	 0.01409831318674319	 3.9344935702434713	
633	 0.014096851204948559	 3.9338135882885155	
634	 0.014094702838023054	 3.932814447233549	
635	 0.014093227246993422	 3.932128252891796	
636	 0.014091739509534521	 3.931436458582706	
637	 0.014090221133914126	 3.9307304678063724	
638	 0.014088663603212672	 3.930006324002637	
639	 0.014087085384696609	 3.929272616235682	
640	 0.01408549745106677	 3.9285344472540307	
641	 0.014083916749942617	 3.9277996954827565	
642	 0.01408236007634264	 3.9270761660686007	
643	 0.014080869252509988	 3.9263832930807823	
644	 0.014079425682356914	 3.9257124282436684	
645	 0.014078008019709364	 3.925053647929981	
646	 0.014076607475761229	 3.9244028660121577	
647	 0.014075221132572402	 3.9237587251819415	
648	 0.014073845833670474	 3.9231197576832604	
649	 0.014072477283712437	 3.922483967081146	
650	 0.014071107156275908	 3.9218474849164195	
651	 0.014069745499035374	 3.921214978449327	
652	 0.014068389200420061	 3.920585001696332	
653	 0.01406704106421863	 3.9199588563640257	
654	 0.014065700253272091	 3.9193361529435484	
655	 0.01406437032519324	 3.9187185428679627	
656	 0.01406305029406674	 3.9181055673730443	
657	 0.014061734575487426	 3.917494632640703	
658	 0.014059966663238133	 3.9166737883773743	
659	 0.014058612568012833	 3.9160451265009484	
660	 0.014057362287230016	 3.915464698098407	
661	 0.014056113280360182	 3.9148848954577007	
662	 0.014054844714853791	 3.914296048641056	
663	 0.01405356930885785	 3.913704062302189	
664	 0.014052283021551296	 3.913107061621296	
665	 0.014050986965781538	 3.912505563979024	
666	 0.014049691290023333	 3.9119042796700585	
667	 0.014048410963398024	 3.911310154745818	
668	 0.014047152743506361	 3.910726323434635	
669	 0.014045719395284007	 3.910061272650841	
670	 0.014044258109212976	 3.9093833057244143	
671	 0.014042780230599822	 3.9086976884811806	
672	 0.014041300540237271	 3.908011278921659	
673	 0.014039830858813706	 3.9073295601150515	
674	 0.014038381183910984	 3.9066571680354523	
675	 0.014036969135653686	 3.9060022725484953	
676	 0.014035580533522463	 3.905358293997529	
677	 0.014034224890261245	 3.904729641435063	
678	 0.014032910316035211	 3.904120072480715	
679	 0.01403161924764285	 3.903521440249921	
680	 0.014030343798610425	 3.902930086334442	
681	 0.014029066065362207	 3.902337709290531	
682	 0.014027029107961407	 3.90139341847323	
683	 0.014025692174157828	 3.9007736936323725	
684	 0.014024297533950235	 3.900127261421842	
685	 0.014022852151882413	 3.8994573549815827	
686	 0.014021378474064674	 3.8987743814042375	
687	 0.014019888079272765	 3.898083709042863	
688	 0.014018368825948762	 3.897379713561714	
689	 0.014016857973618197	 3.8966796613954915	
690	 0.01401537855629118	 3.895994223355995	
691	 0.014014249780526409	 3.8954712756787946	
692	 0.014013095218122688	 3.8949364104239623	
693	 0.014011785370605509	 3.894329642998423	
694	 0.014010488164338551	 3.893728768712136	
695	 0.014009209236262019	 3.893136397309124	
696	 0.01400793785633408	 3.892547557775666	
697	 0.014006664996388354	 3.891958068462486	
698	 0.014005382765347978	 3.8913642752977906	
699	 0.014004107503799944	 3.8907737456075564	
700	 0.014002836173706418	 3.8901850721221938	
701	 0.014001568893859282	 3.8895983095123547	
702	 0.014000296688478162	 3.889009301944286	
703	 0.013999028888538533	 3.8884223695100015	
704	 0.013997768266266574	 3.887838795137146	
705	 0.013996506375447335	 3.887254668610419	
706	 0.013994764340677528	 3.886448342176177	
707	 0.013993506780452325	 3.885866303501109	
708	 0.013992235958409231	 3.8852781622603323	
709	 0.013990949680340387	 3.8846829041749933	
710	 0.013989655542978707	 3.884084045818691	
711	 0.013988347086284098	 3.883478598778468	
712	 0.013987029283531764	 3.882868865304585	
713	 0.013985725273786236	 3.88226555140731	
714	 0.01398443730274799	 3.8816696947988025	
715	 0.01398316904110582	 3.8810829921365952	
716	 0.013981905140569803	 3.8804983422304753	
717	 0.013980642985597834	 3.879914534939295	
718	 0.013979381201636887	 3.87933093437891	
719	 0.013978116071458222	 3.878745821381352	
720	 0.01397684793030391	 3.878159351260643	
721	 0.013975579812862739	 3.8775729275785795	
722	 0.01397431224727671	 3.876986794544182	
723	 0.013973049037699985	 3.876402711025897	
724	 0.013971814258280351	 3.875831807080351	
725	 0.01397059591963472	 3.875268537542204	
726	 0.0139693894095944	 3.8747107689461076	
727	 0.013968194169589342	 3.874158242144132	
728	 0.013967009413138881	 3.8736105927080113	
729	 0.013965823231907868	 3.8730623156968873	
730	 0.01396423286345269	 3.872327263871075	
731	 0.013963052988627732	 3.8717819740083086	
732	 0.013961861940971768	 3.8712315516749927	
733	 0.013960650800568039	 3.870671875920446	
734	 0.013959416857399869	 3.8701016961503756	
735	 0.01395817312198434	 3.869527025584849	
736	 0.013956920959554104	 3.868948495783296	
737	 0.013955639664578832	 3.8683565418485313	
738	 0.01395435883421501	 3.8677648387741788	
739	 0.01395310593007545	 3.8671860717617568	
740	 0.013951885784894149	 3.8666224707334345	
741	 0.013950686415750682	 3.8660684984528166	
742	 0.013949497346557899	 3.8655193149212312	
743	 0.013948317441554926	 3.864974394810512	
744	 0.013947149346264861	 3.8644349590949902	
745	 0.01394599480524008	 3.8639018124432214	
746	 0.013944853438280079	 3.863374778264264	
747	 0.0139437227016661	 3.8628526810786727	
748	 0.01394260622330396	 3.8623371950762446	
749	 0.013941496503550905	 3.8618248568405638	
750	 0.01394039121013544	 3.861314589192015	
751	 0.01393928717306823	 3.860804928471888	
752	 0.013938182436398383	 3.8602949717276758	
753	 0.013937065027171678	 3.8597791926238214	
754	 0.01393566322161637	 3.8591321794855338	
755	 0.01393448858925222	 3.858590053129715	
756	 0.013933250712932162	 3.8580187708536027	
757	 0.013931940406264743	 3.857414098697428	
758	 0.01393055251098348	 3.856773662777057	
759	 0.013929106887052315	 3.856106633545682	
760	 0.01392770978525445	 3.8554620368948562	
761	 0.013926330572904396	 3.8548257363817062	
762	 0.013925001124147489	 3.854212434098094	
763	 0.013923742174655088	 3.8536316905715142	
764	 0.013922526089722975	 3.8530707533680815	
765	 0.013921325371764768	 3.852516936455676	
766	 0.013920139594298532	 3.8519700419197043	
767	 0.01391897064197486	 3.8514309377368043	
768	 0.013917816317205203	 3.8508986091923223	
769	 0.01391667595091813	 3.8503727466444895	
770	 0.013915549080157939	 3.8498531355716277	
771	 0.013914436598838778	 3.8493401871260917	
772	 0.01391334702888935	 3.8488378292705643	
773	 0.013912283604948143	 3.848347551600877	
774	 0.013911233540784334	 3.8478634577958095	
775	 0.013910186584760793	 3.847380821137476	
776	 0.013909118084373968	 3.846888277704116	
777	 0.013907990804164007	 3.8463686660549707	
778	 0.013906024377716826	 3.845462323230987	
779	 0.013904814322171576	 3.8449046407101712	
780	 0.0139035507587355	 3.844322332352315	
781	 0.013902249122519866	 3.843722515190025	
782	 0.013900924821842015	 3.8431122922617167	
783	 0.013899581935912704	 3.842493545032107	
784	 0.013898221263449943	 3.841866643137969	
785	 0.013896857226347353	 3.841238232122578	
786	 0.013895510393794028	 3.8406177875767775	
787	 0.013894213221575663	 3.84002025792775	
788	 0.013892951901535212	 3.8394392788942704	
789	 0.013891714683254959	 3.8388694355802246	
790	 0.013890491442378711	 3.838306063300913	
791	 0.013889266352876212	 3.83774187277259	
792	 0.013888040025560612	 3.8371771454193846	
793	 0.013886824766708486	 3.836617547920612	
794	 0.013885626432357343	 3.8360657757156003	
795	 0.013884441145220701	 3.8355200423192293	
796	 0.01388326382160702	 3.8349780062571655	
797	 0.013882101861621782	 3.8344430736065886	
798	 0.013880953247022161	 3.833914314121051	
799	 0.013879819096082744	 3.8333922415350283	
800	 0.013878691826296023	 3.8328733646633206	
801	 0.013877536386519252	 3.8323415504380947	
802	 0.01387553596767345	 3.8314208875190623	
803	 0.013874382675222235	 3.830890142091542	
804	 0.013873209612867001	 3.8303503287215577	
805	 0.013872012927124497	 3.8297996758255164	
806	 0.013870789602438498	 3.8292367977980613	
807	 0.01386952349587687	 3.8286542697589026	
808	 0.013868264004676957	 3.828074820581047	
809	 0.013867022672651191	 3.8275037601501416	
810	 0.013865829478913447	 3.8269548773034185	
811	 0.01386469085927572	 3.8264311285309254	
812	 0.013863596255357716	 3.8259276533936464	
813	 0.013862544537844228	 3.8254439292943765	
814	 0.013861623302252919	 3.82502023879699	
815	 0.013860603228370648	 3.824551112941629	
816	 0.013859577342606927	 3.824079337450331	
817	 0.013858553474950651	 3.823608513240188	
818	 0.01385753411540203	 3.8231397851135975	
819	 0.013856522315851268	 3.8226745560021165	
820	 0.013855511700360205	 3.822209893932569	
821	 0.01385450512439373	 3.8217471116197563	
822	 0.013853495879310212	 3.8212831246602947	
823	 0.013852482108054585	 3.820817079539574	
824	 0.013851468535148665	 3.8203511483336507	
825	 0.01385041424875661	 3.8198665255866535	
826	 0.013848575734835403	 3.819021476609162	
827	 0.013847452853154469	 3.8185053954571484	
828	 0.01384622156739922	 3.8179395234042306	
829	 0.013844874116233606	 3.8173203027074663	
830	 0.013843411366220177	 3.8166481419463425	
831	 0.013841898985628376	 3.815953224798048	
832	 0.013840354762395575	 3.8152437286400214	
833	 0.013838795190553355	 3.814527234097264	
834	 0.013837298684043627	 3.8138397634771666	
835	 0.013835943673918506	 3.8132173367392554	
836	 0.013834714160081049	 3.812652592149186	
837	 0.013833566266818349	 3.8121253680074325	
838	 0.01383245795618802	 3.811616351730842	
839	 0.013831364611599251	 3.8111142355819054	
840	 0.013830282633597063	 3.8106173655624125	
841	 0.01382921257389311	 3.810125994195785	
842	 0.01382815384027886	 3.809639848714518	
843	 0.013827106418830929	 3.8091589219301074	
844	 0.013826061327361932	 3.808679089168334	
845	 0.013825020029119936	 3.808201022038375	
846	 0.013823975671977972	 3.807721574657129	
847	 0.013822941379031742	 3.807246771383102	
848	 0.013821911963690207	 3.80677423074255	
849	 0.013820829484037369	 3.8062773568797983	
850	 0.013818747468439129	 3.805321754456787	
851	 0.013817641236048502	 3.804814055542618	
852	 0.01381647101786308	 3.804277020213474	
853	 0.01381523346601396	 3.8037091171785917	
854	 0.013813943843312993	 3.8031173553140274	
855	 0.013812619817482424	 3.802509845395834	
856	 0.013811215880771556	 3.8018657119435715	
857	 0.013809791512722705	 3.8012122490949696	
858	 0.013808407240321847	 3.8005772241341127	
859	 0.013807228717301879	 3.80003661866072	
860	 0.013806131975579942	 3.7995335550795764	
861	 0.013805290741559659	 3.799147708175446	
862	 0.013804459168389278	 3.79876630779673	
863	 0.013803645607774365	 3.7983931836849028	
864	 0.013802829951062408	 3.7980191129552456	
865	 0.013801848790857283	 3.797569159705668	
866	 0.013800903928379448	 3.7971358724967703	
867	 0.013799948090171602	 3.7966975722503102	
868	 0.013798954400937214	 3.796241936846923	
869	 0.013797971065154159	 3.7957910703348987	
870	 0.01379700212128539	 3.7953468235715357	
871	 0.013796043614561281	 3.794907382552066	
872	 0.013795095563696905	 3.794472755191681	
873	 0.013794078156940537	 3.7940063542531304	
874	 0.013793112107784795	 3.7935635179588503	
875	 0.013792048693253444	 3.793076073348286	
876	 0.013790897618441532	 3.79254847553216	
877	 0.0137896768404866	 3.7919889611957105	
878	 0.01378840880822008	 3.7914078239403417	
879	 0.013787117619898665	 3.7908161109100798	
880	 0.013785818075527728	 3.79022060585354	
881	 0.013784515989497113	 3.789623973636168	
882	 0.01378324351951157	 3.789040948162265	
883	 0.01378207545522261	 3.7885057913018767	
884	 0.0137810294385771	 3.788026577089233	
885	 0.01378004973777703	 3.7875777663113483	
886	 0.013779098387213487	 3.787141963418979	
887	 0.013778161741016171	 3.786712916026145	
888	 0.013777232361150058	 3.786287216323561	
889	 0.013776307281214957	 3.7858635052030607	
890	 0.013775389756893705	 3.785443273489872	
891	 0.013774481592837307	 3.785027347209852	
892	 0.013773590251669516	 3.7846191433510024	
893	 0.013772704252201064	 3.784213403260864	
894	 0.013771820422725935	 3.7838086742475427	
895	 0.01377093621024728	 3.7834037871737176	
896	 0.013770051468279216	 3.7829986749896767	
897	 0.013769127713389522	 3.782575717797917	
898	 0.013768218161722879	 3.7821592822807477	
899	 0.013767276752107014	 3.781728280011264	
900	 0.013766300372375325	 3.781281288251946	
901	 0.01376528363923536	 3.780815844953956	
902	 0.013764228416113715	 3.780332805827345	
903	 0.013763150939960445	 3.7798396056226085	
904	 0.013762071674586498	 3.7793456122304576	
905	 0.01376098447646825	 3.7788480140328393	
906	 0.013759898691196839	 3.778351088636148	
907	 0.013758826029170595	 3.777860194951863	
908	 0.013757751584341135	 3.7773685109613884	
909	 0.01375667849170823	 3.776877471309285	
910	 0.01375562149440488	 3.7763938217304154	
911	 0.013754580837738523	 3.775917673330257	
912	 0.013753560903620121	 3.7754510297545085	
913	 0.013752552690391696	 3.7749897714319354	
914	 0.013751569542747819	 3.774540002342721	
915	 0.013750610862083193	 3.7741014470178977	
916	 0.013749667722147148	 3.773670020800846	
917	 0.013748825753400057	 3.7732848906013055	
918	 0.013747895450084868	 3.772859373017553	
919	 0.013746949489602905	 3.772426713581837	
920	 0.013745989827795912	 3.7719878077726365	
921	 0.013744971358703182	 3.7715220285200424	
922	 0.013743975034617082	 3.7710663991670255	
923	 0.013742952340394193	 3.770598733377487	
924	 0.013741897703497784	 3.770116484885751	
925	 0.013740814532505361	 3.7696212144354444	
926	 0.013739707449441666	 3.7691150372951774	
927	 0.013738580424312148	 3.7685997702330645	
928	 0.013737469578795762	 3.768091927938154	
929	 0.013736351662330075	 3.767580880674253	
930	 0.013735243703313978	 3.767074412742172	
931	 0.013734175552768188	 3.7665861677609302	
932	 0.013733145808721405	 3.766115502117187	
933	 0.013732136136183378	 3.765654033412082	
934	 0.013731142054016337	 3.7651997123514525	
935	 0.013730165892011077	 3.7647536026021533	
936	 0.013729203824749795	 3.764313954892678	
937	 0.013728248654805108	 3.7638774794527134	
938	 0.013727309326923941	 3.7634482629627852	
939	 0.01372637196198639	 3.7630199629387406	
940	 0.013725457076552806	 3.762601953033986	
941	 0.013724549350493831	 3.7621872325951027	
942	 0.013723637245971415	 3.761770530149008	
943	 0.013722725935006643	 3.761354208685082	
944	 0.013721814514061981	 3.7609378554127235	
945	 0.013720847627545189	 3.76049618463522	
946	 0.013719920778143239	 3.760072822166009	
947	 0.01371898620100431	 3.7596459491583145	
948	 0.013718035848651817	 3.759211890618842	
949	 0.013717057175199927	 3.758764917812736	
950	 0.01371605837887672	 3.7583087765512433	
951	 0.013715044420297065	 3.757845733474371	
952	 0.013714043424975873	 3.7573886326966184	
953	 0.01371304559603025	 3.7569329999691727	
954	 0.01371205122645835	 3.756478968862465	
955	 0.013711064864265907	 3.756028615626313	
956	 0.013710082230586684	 3.7555799862305297	
957	 0.013709104582927595	 3.7551336545156024	
958	 0.013708133957962313	 3.754690549906957	
959	 0.0137071741431884	 3.7542524008779057	
960	 0.013706215704730906	 3.7538149005372676	
961	 0.013705257006858233	 3.753377302184137	
962	 0.01370430447831815	 3.752942540037391	
963	 0.013703363283995748	 3.7525129709492617	
964	 0.013702424843046424	 3.7520846781068555	
965	 0.013701496818701132	 3.751661158503927	
966	 0.013700565889028193	 3.7512363322188365	
967	 0.013699633981735867	 3.7508110790748126	
968	 0.013698711665592875	 3.7503902216055414	
969	 0.013697723501337793	 3.7499393382745816	
970	 0.01369679761868786	 3.7495168927076334	
971	 0.013695841625244487	 3.749080728689778	
972	 0.013694861817607167	 3.7486337207058638	
973	 0.01369385900439547	 3.7481762391926856	
974	 0.013692836075121118	 3.7477096037797977	
975	 0.013691791145291853	 3.747232956244437	
976	 0.013690754007428797	 3.746759887015282	
977	 0.013689690336465932	 3.746274740070664	
978	 0.013688607985169618	 3.7457810987051325	
979	 0.01368755175374451	 3.7452993952391616	
980	 0.01368654723987118	 3.7448413009996444	
981	 0.013685582282886582	 3.7444012672228166	
982	 0.013684644569209864	 3.7439736765885194	
983	 0.013683721321179098	 3.7435527012669456	
984	 0.013682803062455706	 3.7431340197121936	
985	 0.013681890606049308	 3.7427180022876327	
986	 0.013680985919020295	 3.7423055454256944	
987	 0.013680091178007338	 3.741897640946876	
988	 0.013679220804536568	 3.741500862479589	
989	 0.013678356721475446	 3.7411069682791243	
990	 0.013677500578176526	 3.740716709797378	
991	 0.013676650415594455	 3.7403291936394307	
992	 0.013675804589382171	 3.7399436699964057	
993	 0.013674941723826273	 3.739550396279263	
994	 0.013674075835023261	 3.7391557612675395	
995	 0.013673157738133407	 3.738737350243417	
996	 0.01367218131585049	 3.738292378712348	
997	 0.013671144619970666	 3.737819962708955	
998	 0.013670059900483453	 3.737325688206913	
999	 0.013668938489484111	 3.7368147219589503	
1000	 0.013667773014138787	 3.7362837075900925	
1001	 0.01366657845920319	 3.735739475291367	
1002	 0.013665389312355987	 3.7351977383835346	
1003	 0.013664280682161176	 3.73469271056961	
1004	 0.013663243220587306	 3.7342201278059615	
1005	 0.013662236442160731	 3.7337615446493477	
1006	 0.013661243696980484	 3.733309375634327	
1007	 0.013660266129552992	 3.732864141087215	
1008	 0.013659311271042756	 3.7324292698570125	
1009	 0.013658381318909854	 3.732005761218766	
1010	 0.013657476462557137	 3.731593699878417	
1011	 0.013656595630388575	 3.731192596361129	
1012	 0.013655759397813052	 3.730811818067438	
1013	 0.013654925876480305	 3.730432289806683	
1014	 0.013654091210641253	 3.7300522558927467	
1015	 0.013653250768772893	 3.7296696077279106	
1016	 0.013652394225282728	 3.7292796447475243	
1017	 0.013651418243495058	 3.7288353243567967	
1018	 0.01365050134903772	 3.7284179230490624	
1019	 0.013649514550161723	 3.7279687197726736	
1020	 0.013648479538901038	 3.7274975928737826	
1021	 0.013647404361797134	 3.727008208101832	
1022	 0.01364629508743293	 3.7265033303320148	
1023	 0.013645159407959408	 3.72598646282211	
1024	 0.01364402295647495	 3.7254692726641094	
1025	 0.01364289006433582	 3.7249537309195557	
1026	 0.013641776849276666	 3.7244471713633422	
1027	 0.013640718793086329	 3.7239657369494905	
1028	 0.01363974370419204	 3.723522076176257	
1029	 0.013638813660892452	 3.723098930634107	
1030	 0.013637902807160809	 3.722684534491663	
1031	 0.013637003391455483	 3.7222753602246796	
1032	 0.013636109703273482	 3.7218688094187518	
1033	 0.013635220974800109	 3.721464532466296	
1034	 0.013634338976867326	 3.7210633345615642	
1035	 0.013633461341908073	 3.7206641384335812	
1036	 0.013632582969965923	 3.720264624238692	
1037	 0.013631693605915044	 3.719860127933423	
1038	 0.013630787892670875	 3.7194482138474814	
1039	 0.013629874484979846	 3.7190328188431225	
1040	 0.013628959002646594	 3.7186164989646557	
1041	 0.01362791666409857	 3.718142513325281	
1042	 0.013626968748089828	 3.7177114857050517	
1043	 0.01362597717964967	 3.717260630244178	
1044	 0.013624935003874425	 3.716786787749649	
1045	 0.01362389920541731	 3.716315868749504	
1046	 0.013622912907638582	 3.7158674770936897	
1047	 0.013621969073550436	 3.715438410586441	
1048	 0.013620961752511434	 3.7149805048062965	
1049	 0.01361996479036711	 3.714527330177985	
1050	 0.01361899284191867	 3.714085546951425	
1051	 0.013618074646117886	 3.713668215416482	
1052	 0.013617212537729628	 3.7132763933904376	
1053	 0.013616386419291344	 3.712900944052363	
1054	 0.013615574036614153	 3.712531752069315	
1055	 0.013614774376093921	 3.71216835608566	
1056	 0.013613975435134295	 3.7118053013073977	
1057	 0.013613180906328596	 3.7114442655865503	
1058	 0.01361238052343927	 3.711080583959791	
1059	 0.013611581488961364	 3.7107175292499495	
1060	 0.01361078060320338	 3.7103536476372656	
1061	 0.0136099757709714	 3.7099879873279695	
1062	 0.01360917111111068	 3.709622419743043	
1063	 0.013608367830909407	 3.7092574933280447	
1064	 0.013607565947792995	 3.7088932159250807	
1065	 0.013606758617809788	 3.7085264785903695	
1066	 0.01360594435108074	 3.708156604866417	
1067	 0.0136050433882092	 3.707747367355603	
1068	 0.01360403669006315	 3.707290123887136	
1069	 0.013603003356955655	 3.7068208062480887	
1070	 0.013601963641900514	 3.7063486140532924	
1071	 0.013600927576314644	 3.7058781032199506	
1072	 0.013599886229779338	 3.70540521821381	
1073	 0.013598881662371637	 3.7049490578215005	
1074	 0.013597916599063635	 3.704510856859896	
1075	 0.013597002821939513	 3.7040959622415564	
1076	 0.01359610601049855	 3.7036887888559735	
1077	 0.013595190093431794	 3.703272959549929	
1078	 0.013594260475390774	 3.7028509290545175	
1079	 0.013593333327283165	 3.702430039028907	
1080	 0.01359241288639682	 3.7020122127575634	
1081	 0.01359150721237568	 3.7016011081892146	
1082	 0.013590620552734176	 3.7011986523406284	
1083	 0.01358975692953465	 3.700806669587667	
1084	 0.013588911573829422	 3.7004229941991524	
1085	 0.013588075513470419	 3.7000435532714837	
1086	 0.013587246822340748	 3.6996674721828056	
1087	 0.013586423588245593	 3.6992938827755597	
1088	 0.013585604235704568	 3.698922069829061	
1089	 0.013584729335246935	 3.6985250663679206	
1090	 0.013583886048334813	 3.6981424243134406	
1091	 0.013583009511146408	 3.6977447117065796	
1092	 0.013582100061444162	 3.6973320837381394	
1093	 0.013581158098157024	 3.6969047233945678	
1094	 0.013580188418128426	 3.696464808853405	
1095	 0.0135792039352034	 3.6960182001077997	
1096	 0.013578224835564623	 3.6955740548880653	
1097	 0.013577257768491178	 3.695135388913356	
1098	 0.013576305290213775	 3.6947033608425954	
1099	 0.013575368513312785	 3.694278474360442	
1100	 0.013574445691230293	 3.693859936366167	
1101	 0.013573525125163369	 3.693442440467144	
1102	 0.013572611495526254	 3.693028109046957	
1103	 0.013571707395402791	 3.69261811756846	
1104	 0.013570816014697168	 3.6922139119190382	
1105	 0.013569938710724063	 3.6918161067895405	
1106	 0.013569074201503887	 3.691424120090803	
1107	 0.01356822043941466	 3.691037022707625	
1108	 0.013567379683156444	 3.690655838062279	
1109	 0.013566544885671746	 3.6902773706043046	
1110	 0.013565714275771927	 3.689900817056907	
1111	 0.013564886927744844	 3.6895257575457947	
1112	 0.013564061981080164	 3.689151801821753	
1113	 0.013563185238666875	 3.6887543832400276	
1114	 0.013562339386297877	 3.6883709830385483	
1115	 0.013561460490132187	 3.687972621935217	
1116	 0.013560545184801062	 3.6875577766142857	
1117	 0.013559595394456057	 3.687127321329715	
1118	 0.013558612164659544	 3.686681732097605	
1119	 0.01355760389325899	 3.6862248166495397	
1120	 0.013556586310929169	 3.6857637047623513	
1121	 0.013555561656362512	 3.6852994114447175	
1122	 0.013554550862061778	 3.684841421439556	
1123	 0.013553577044723887	 3.6844002071978186	
1124	 0.013552624585745228	 3.6839686903807993	
1125	 0.013551677665635508	 3.6835397030201404	
1126	 0.013550726898512853	 3.6831089929354457	
1127	 0.013549797524546069	 3.6826879937048056	
1128	 0.013548879691359863	 3.6822722412518796	
1129	 0.013547971008092383	 3.681860651948919	
1130	 0.013547069986577473	 3.6814525512184795	
1131	 0.013546181189492437	 3.6810500050417043	
1132	 0.013545300737887626	 3.6806512559870055	
1133	 0.013544421178133393	 3.680252928096505	
1134	 0.013543542864613796	 3.6798551817982847	
1135	 0.013542675225751484	 3.6794622864267756	
1136	 0.013541809252982748	 3.6790701622495825	
1137	 0.013540867865806784	 3.678643908373033	
1138	 0.013539994260971995	 3.678248363564567	
1139	 0.013539219652229257	 3.6778976557587613	
1140	 0.01353844044043799	 3.6775448773964885	
1141	 0.013537658878983543	 3.677191048850942	
1142	 0.013536876027489797	 3.6768366499304506	
1143	 0.013536102225260629	 3.676486361062967	
1144	 0.01353532826685034	 3.6761360148480753	
1145	 0.013534527071704041	 3.6757733535023815	
1146	 0.01353370453769058	 3.6754010479975334	
1147	 0.013532894005580654	 3.675034189698649	
1148	 0.01353210425928604	 3.6746767534431513	
1149	 0.013531222423401703	 3.6742776542131033	
1150	 0.013530351298586834	 3.6738834195985604	
1151	 0.013529480926150752	 3.6734895423782166	
1152	 0.013528613522337066	 3.6730970253802253	
1153	 0.013527761154586721	 3.672711328835361	
1154	 0.013526906354622248	 3.672324547983794	
1155	 0.01352605359744978	 3.6719387076928007	
1156	 0.013525196444059945	 3.6715508946223983	
1157	 0.013524349750396703	 3.6711678300682604	
1158	 0.013523515815455339	 3.670790553494395	
1159	 0.013522696381854517	 3.670419852511067	
1160	 0.013521889624548755	 3.6700549007464494	
1161	 0.013520978017397179	 3.669642535660177	
1162	 0.013520185468010983	 3.6692840413622685	
1163	 0.013519392847524526	 3.668925528915041	
1164	 0.013518586036614549	 3.6685606123475694	
1165	 0.013517754019387889	 3.6681843102946545	
1166	 0.013516896095725985	 3.6677963075324747	
1167	 0.01351601179621528	 3.6673963932663725	
1168	 0.013515112749481634	 3.6669898276201844	
1169	 0.013514202488412412	 3.666578209011586	
1170	 0.013513300966701294	 3.6661705605443777	
1171	 0.013512434760799599	 3.665778898195061	
1172	 0.013511613922460178	 3.6654077646198315	
1173	 0.013510825626131037	 3.6650513587270823	
1174	 0.013510050511035772	 3.664700925873565	
1175	 0.01350928105439305	 3.664353064487642	
1176	 0.013508532964693365	 3.6640148754835873	
1177	 0.013507803797476339	 3.6636852527844	
1178	 0.013507073022833426	 3.663354915343801	
1179	 0.013506340366443844	 3.663023739244105	
1180	 0.013505605816573885	 3.6626917192742128	
1181	 0.013504869251028107	 3.662358800297537	
1182	 0.0135041308340155	 3.6620250566301547	
1183	 0.013503390899271467	 3.661690639194531	
1184	 0.013502649281093263	 3.6613554731799374	
1185	 0.013501906029474717	 3.661019581263074	
1186	 0.013501152380982803	 3.6606790033545695	
1187	 0.013500361091461521	 3.660321428896734	
1188	 0.013499613687164918	 3.659983698488525	
1189	 0.013498865447141432	 3.659645602925768	
1190	 0.013498115929791476	 3.6593069427228997	
1191	 0.013497365079233837	 3.65896769269641	
1192	 0.013496612918855835	 3.6586278634798433	
1193	 0.013495859488718395	 3.658287473238076	
1194	 0.013495104831803053	 3.657946541452823	
1195	 0.013494348990929196	 3.6576050875297623	
1196	 0.013493453792968594	 3.6572006950178997	
1197	 0.013492578576945639	 3.6568053463434658	
1198	 0.013491694946910085	 3.6564062142723666	
1199	 0.013490819034281294	 3.656010585321569	
1200	 0.013489942381281365	 3.655614639108598	
1201	 0.013489069796899136	 3.65522054754841	
1202	 0.013488320477039049	 3.654882140394294	
1203	 0.013487571968527049	 3.654544112172959	
1204	 0.0134868227018251	 3.6542057540761985	
1205	 0.013486072378303456	 3.653866931292875	
1206	 0.013485254995280997	 3.6534978408252057	
1207	 0.01348442646904721	 3.6531237338451397	
1208	 0.013483674669282799	 3.6527842846630345	
1209	 0.013482922997899296	 3.6524449060610418	
1210	 0.013482170552975896	 3.6521051908396314	
1211	 0.013481412450901373	 3.6517629342996214	
1212	 0.013480625006560023	 3.6514074443386746	
1213	 0.013479529396369967	 3.650912856634329	
1214	 0.013478380049340133	 3.650394039488238	
1215	 0.013477198472116796	 3.6498607043251563	
1216	 0.013476026769931315	 3.6493318572953903	
1217	 0.013474844572447795	 3.648798304286289	
1218	 0.013473680771673364	 3.648273084618072	
1219	 0.013472604194389396	 3.647787255567972	
1220	 0.013471633753606101	 3.64734934511471	
1221	 0.013470738643889039	 3.6469454463756787	
1222	 0.013469863238009326	 3.6465504558690025	
1223	 0.013468977166394374	 3.6461506703200146	
1224	 0.013468259405965528	 3.645826837739351	
1225	 0.0134675495050694	 3.645506562467516	
1226	 0.013466838435421156	 3.645185771189932	
1227	 0.013466126289200117	 3.6448645055459723	
1228	 0.013465414138975878	 3.6445432494225702	
1229	 0.013464690661123076	 3.6442168949222995	
1230	 0.013463976744079354	 3.643894864678392	
1231	 0.0134632680295806	 3.6435751924325555	
1232	 0.013462558779188718	 3.643255289698178	
1233	 0.013461764625857695	 3.6428971053837653	
1234	 0.013461036800925395	 3.642568849315677	
1235	 0.013460266503072988	 3.6422214504387203	
1236	 0.013459211631551794	 3.641745732354773	
1237	 0.013458127173044237	 3.6412566972638545	
1238	 0.013457036989497224	 3.640765106952887	
1239	 0.013455927337413976	 3.6402647650693623	
1240	 0.013454808926667073	 3.639760501739423	
1241	 0.01345369085134895	 3.6392564175766426	
1242	 0.013452599131734293	 3.638764242828155	
1243	 0.013451593344130599	 3.6383108319640374	
1244	 0.013502711723313783	 3.6613836927677523	
1245	 0.013529529154963787	 3.6735113673410282	
1246	 0.013526916127064064	 3.6723289697372086	
1247	 0.013524370747140236	 3.671177329306143	
1248	 0.013521879057239988	 3.6700501205228875	
1249	 0.013519435205861722	 3.668944687781709	
1250	 0.01351703769582538	 3.667860346166245	
1251	 0.01351468235784301	 3.6667952029018207	
1252	 0.013512393877563063	 3.6657604129063515	
1253	 0.013510156867742007	 3.664749009402477	
1254	 0.013507964365966055	 3.663757837337201	
1255	 0.013505825666361054	 3.6627910911418686	
1256	 0.013503737014163363	 3.6618470661366493	
1257	 0.01350168666076887	 3.660920446027846	
1258	 0.013499620250040008	 3.6599866640079215	
1259	 0.013497489729517776	 3.6590240114375328	
1260	 0.01349530421368996	 3.658036615086252	
1261	 0.013493099344985361	 3.657040583297538	
1262	 0.01349119835860777	 3.6561819150171053	
1263	 0.013489327363497719	 3.655336872435882	
1264	 0.013487482393368054	 3.6545036606563115	
1265	 0.013485658885830787	 3.6536802163140703	
1266	 0.013483858468529937	 3.652867271690992	
1267	 0.013482085853765398	 3.6520669514753625	
1268	 0.013480336247121518	 3.6512770880143863	
1269	 0.013478609085084404	 3.6504974242481745	
1270	 0.013476903858374011	 3.649727727716609	
1271	 0.013475220078214457	 3.648967775323548	
1272	 0.01347355726910643	 3.648217350068894	
1273	 0.013471914967010699	 3.6474762402241807	
1274	 0.013470292718736582	 3.646744239052381	
1275	 0.013468690081606132	 3.6460211446523614	
1276	 0.013467106623186067	 3.645306759834102	
1277	 0.013465541921040007	 3.6446008920032273	
1278	 0.01346399556248983	 3.643903353049813	
1279	 0.013462454651914235	 3.6432083247202565	
1280	 0.013460927418901031	 3.6425195179898524	
1281	 0.013459434044858483	 3.6418460325796564	
1282	 0.013457957694715257	 3.641180273615147	
1283	 0.013456497802638068	 3.6405219842795606	
1284	 0.013455053742317655	 3.6398708805817264	
1285	 0.013453614973834245	 3.6392222092174813	
1286	 0.0134518352599748	 3.6384198859982826	
1287	 0.013449871159498363	 3.637534520509542	
1288	 0.013447884663253293	 3.636639147259476	
1289	 0.013674219728579089	 3.7392213406300323	
1290	 0.014126052389497294	 3.947404249373289	
1291	 0.0143516703399919	 4.053041027626322	
1292	 0.014602276362623113	 4.171681941066167	
1293	 0.014779662688449097	 4.256485131265397	
1294	 0.014944470334581338	 4.33588540422119	
1295	 0.014907903971243315	 4.318217976053723	
1296	 0.014872250122228344	 4.301019233556661	
1297	 0.014837483590879481	 4.284274964907243	
1298	 0.014803572750754147	 4.267967993287259	
1299	 0.01477048808386889	 4.25208229207204	
1300	 0.014738175521653518	 4.236590199829363	
1301	 0.014706601546207336	 4.221474076337518	
1302	 0.014675859115058485	 4.206776830130088	
1303	 0.014645835441857404	 4.192443002195837	
1304	 0.014616511216549083	 4.178462000084872	
1305	 0.01458786857240946	 4.164823997993728	
1306	 0.014559890326309765	 4.151519568613472	
1307	 0.014532550013941603	 4.138534949081702	
1308	 0.014505820419714818	 4.125856109251023	
1309	 0.014479451201718853	 4.113363461648076	
1310	 0.014453609316999657	 4.10113534917405	
1311	 0.014428346110342789	 4.089195142049805	
1312	 0.014403857453023802	 4.0776343074298875	
1313	 0.014379941814633855	 4.066356628807498	
1314	 0.014356589057092051	 4.055356442158194	
1315	 0.01433381445929658	 4.044640077602553	
1316	 0.014311554913508351	 4.03417702901404	
1317	 0.0142897833748795	 4.023953856596752	
1318	 0.01426839318995104	 4.013919862320161	
1319	 0.014247528499132134	 4.00414203065164	
1320	 0.014227158539343473	 3.994605249742259	
1321	 0.014207274572225858	 3.9853047757977382	
1322	 0.014187866070261387	 3.9762350596854716	
1323	 0.014168925124091809	 3.9673918065793745	
1324	 0.014150505298111073	 3.9587994123489954	
1325	 0.014132499813228375	 3.9504075016849716	
1326	 0.014114897347579916	 3.9422103156312764	
1327	 0.014097687913156116	 3.9342027436618983	
1328	 0.014080861996852741	 3.92637992107228	
1329	 0.014064410376906028	 3.918737142058083	
1330	 0.014048324077379742	 3.9112698373194212	
1331	 0.014032594353025316	 3.9039735658945207	
1332	 0.01401719405225515	 3.8968353788011867	
1333	 0.014001950574896933	 3.889775027733471	
1334	 0.01429471966164883	 4.026270858983244	
1335	 0.014770848978258583	 4.2522554487446715	
1336	 0.015266242076512993	 4.492593845348144	
1337	 0.015725160404287133	 4.719928179140763	
1338	 0.016122965100553898	 4.920604277846684	
1339	 0.01643726460793513	 5.081510502132652	
1340	 0.01663705846505649	 5.184869396808029	
1341	 0.01672581983167662	 5.23105485002497	
1342	 0.01671141924066775	 5.22355061796054	
1343	 0.01663286747445404	 5.182692738567687	
1344	 0.01655348379224938	 5.141532632300265	
1345	 0.016476130286563837	 5.1015515467837185	
1346	 0.01640078141132823	 5.062726704343808	
1347	 0.016327363532306523	 5.025011046942007	
1348	 0.016255842081540073	 4.988378162759135	
1349	 0.016186142660687283	 4.952781738455772	
1350	 0.016118222028497584	 4.918191932906773	
1351	 0.01605202729233825	 4.884574438521641	
1352	 0.01598749451746214	 4.851889829498729	
1353	 0.015924565695096808	 4.820102178247343	
1354	 0.015863180853739587	 4.7891750277260465	
1355	 0.01580328758626684	 4.759076168236379	
1356	 0.015744935790107554	 4.729825006819025	
1357	 0.01568802490132809	 4.70136568735522	
1358	 0.01563251493517609	 4.673673150625828	
1359	 0.015578363933221043	 4.6467216604396135	
1360	 0.015525527618469008	 4.620484633126288	
1361	 0.015473768144348636	 4.594839987741258	
1362	 0.015423247526615901	 4.569864232267856	
1363	 0.015642459151768564	 4.678629259994041	
1364	 0.01584430640500379	 4.7796816413394945	
1365	 0.015919369654522786	 4.817481204376301	
1366	 0.015897804735144815	 4.806609576643702	
1367	 0.01583691262715163	 4.775964805995435	
1368	 0.015777535249642306	 4.7461578912168365	
1369	 0.015719626815100043	 4.71716031338307	
1370	 0.015663146224191602	 4.688946244253538	
1371	 0.015608054372226217	 4.6614911654428575	
1372	 0.015554313527666067	 4.634771537352112	
1373	 0.015501887162065568	 4.608764697014378	
1374	 0.015450739879651345	 4.583448807094834	
1375	 0.01540083737007718	 4.558802817458593	
1376	 0.015352146367671743	 4.534806430863725	
1377	 0.015304634613475074	 4.511440070867289	
1378	 0.015258270819180655	 4.48868485145106	
1379	 0.015213024632716902	 4.466522548185948	
1380	 0.015168866605339693	 4.444935570826305	
1381	 0.015125768160141202	 4.42390693724515	
1382	 0.015083701561891604	 4.4034202486298355	
1383	 0.015042639888137269	 4.383459665863899	
1384	 0.015002557001485636	 4.364009887026441	
1385	 0.014963427373317845	 4.345056053498668	
1386	 0.01492522617591009	 4.326583786970804	
1387	 0.014887929681485263	 4.308579374335109	
1388	 0.014851509771560906	 4.291027114825292	
1389	 0.014815870257488801	 4.273878717012828	
1390	 0.014781013483637563	 4.257133523915747	
1391	 0.014747002351464013	 4.240819932523084	
1392	 0.014713815942732914	 4.2249260825171975	
1393	 0.014681451988149033	 4.209449127699942	
1394	 0.014649883987145076	 4.194374707099776	
1395	 0.014619052750756244	 4.179672995816463	
1396	 0.014588939104082608	 4.165333403582375	
1397	 0.014559524903629016	 4.15134591269022	
1398	 0.014530792609968804	 4.137700869197202	
1399	 0.014502725186336982	 4.124388930464194	
1400	 0.014475306064927092	 4.11140104529203	
1401	 0.01444851912843651	 4.098728441542173	
1402	 0.01442234869536926	 4.0863626157398905	
1403	 0.014396779506550864	 4.074295323434827	
1404	 0.014371796712275094	 4.062518570032643	
1405	 0.014347385858974271	 4.051024601566025	
1406	 0.014330408163204944	 4.043038253427189	
1407	 0.014665996896052745	 4.202066275651711	
1408	 0.014934797953336791	 4.3312092835250136	
1409	 0.01524444041440953	 4.481905842842439	
1410	 0.015557138047486667	 4.636174341836089	
1411	 0.015910036200262434	 4.812774678769607	
1412	 0.016196353768900523	 4.957990311557218	
1413	 0.016427041233643143	 5.076244073080717	
1414	 0.016584387391337316	 5.157540412772222	
1415	 0.016539475268182575	 5.13428290315163	
1416	 0.01645850898207626	 5.092461230497932	
1417	 0.016380982770700443	 5.052544794423006	
1418	 0.01630300960965386	 5.012525067677616	
1419	 0.01622426289574356	 4.972237617626725	
1420	 0.01614867632935986	 4.933689342186778	
1421	 0.01607393881687885	 4.895692158257769	
1422	 0.015999884989460984	 4.858158555570263	
1423	 0.01592796772205319	 4.821818529110575	
1424	 0.015862187540209335	 4.788675227475473	
1425	 0.015797652465327383	 4.756248193158386	
1426	 0.01573470087801344	 4.724701787768321	
1427	 0.015669969843976676	 4.692351289441841	
1428	 0.015604162063277706	 4.659553869152785	
1429	 0.015537497320275187	 4.626423243440369	
1430	 0.015471196120868908	 4.593567147428499	
1431	 0.015401665082481782	 4.559211176773812	
1432	 0.015328554878752173	 4.523198062026353	
1433	 0.015255984417225003	 4.487563882883347	
1434	 0.015186446623520216	 4.4535246801264465	
1435	 0.015123142478637877	 4.422627101586054	
1436	 0.015067376300884719	 4.395479995285543	
1437	 0.01501781168449493	 4.371407975718254	
1438	 0.014969516284103071	 4.348003266774209	
1439	 0.014919249792408735	 4.323696742778413	
1440	 0.014868716551963167	 4.299316201638709	
1441	 0.014819659460597724	 4.275700634412467	
1442	 0.014771423651012867	 4.252531181828234	
1443	 0.014724283741605572	 4.229936811163888	
1444	 0.014679547872654956	 4.20853925734193	
1445	 0.014636641576564977	 4.188057604226196	
1446	 0.014595451713009442	 4.168432923442956	
1447	 0.014555898819356216	 4.149622884807855	
1448	 0.01451739398249089	 4.131343969941978	
1449	 0.014481380830836818	 4.1142771263977185	
1450	 0.014448498061697377	 4.098718481259494	
1451	 0.01441799457454458	 4.084306694711563	
1452	 0.014385599770808643	 4.069023571095854	
1453	 0.014353321700085237	 4.0538183223890805	
1454	 0.014321917849524801	 4.039046754720257	
1455	 0.01428945260782875	 4.023798619687857	
1456	 0.014252617682038879	 4.006526097636222	
1457	 0.014215622945614627	 3.989208565663105	
1458	 0.014179754593639654	 3.9724469646801257	
1459	 0.014145717891328695	 3.9565674254163437	
1460	 0.01411502188637406	 3.9422682874264683	
1461	 0.014085910866592107	 3.928726622814677	
1462	 0.014058474385388979	 3.9159809751233774	
1463	 0.014033117027297896	 3.904215922110181	
1464	 0.014009952344706273	 3.8934805844357427	
1465	 0.013988253379117806	 3.883435240193402	
1466	 0.013967340635215205	 3.8737636958106583	
1467	 0.013946928586017662	 3.864333013637112	
1468	 0.013925963663883883	 3.8546564697412533	
1469	 0.013905342969929381	 3.8451482764669738	
1470	 0.01388655261595417	 3.8364922335121365	
1471	 0.013869229625123405	 3.8285190666558746	
1472	 0.013851956660787774	 3.820575532875308	
1473	 0.013834828742249325	 3.8127052210171546	
1474	 0.01381942556363446	 3.8056329756933573	
1475	 0.01380521711582325	 3.799113939171504	
1476	 0.01379229575096597	 3.7931893166517816	
1477	 0.013778681261367078	 3.7869508891299906	
1478	 0.0137667232827762	 3.781474896255758	
1479	 0.013744572915171217	 3.771339813512333	
1480	 0.013719492659392665	 3.759877274276077	
1481	 0.013692860083961573	 3.747720555761555	
1482	 0.013665597795548502	 3.735292714322569	
1483	 0.013639272562455703	 3.7233077165207233	
1484	 0.013613047332494316	 3.711383570707665	
1485	 0.013588531050440807	 3.7002502940352544	
1486	 0.013566105745565537	 3.6900782863465835	
1487	 0.013545499465720978	 3.680741256625196	
1488	 0.0135265338126368	 3.672155984864368	
1489	 0.013509143258842728	 3.664290770297906	
1490	 0.01349324339561428	 3.657105653703432	
1491	 0.013478281550738023	 3.650349578428767	
1492	 0.013464708271122878	 3.644224838499615	
1493	 0.013452097204248354	 3.638537970188004	
1494	 0.01344256608877774	 3.6342423407898203	
1495	 0.013435465136887976	 3.631043294376927	
1496	 0.013428276604789461	 3.62780594016368	
1497	 0.013421416516336162	 3.6247175776826555	
1498	 0.013415733896909433	 3.622160100072547	
1499	 0.013411419775590298	 3.6202190007680386	
1500	 0.01340704149791226	 3.6182494604538005	
1501	 0.013402803764339204	 3.616343551328527	
1502	 0.013399389942755675	 3.614808486516729	
1503	 0.01340241620403697	 3.6161692671868053	
1504	 0.01340020713715421	 3.615175923804483	
1505	 0.013397326212786836	 3.6138806326314756	
1506	 0.01339403813983722	 3.61240251045224	
1507	 0.01339089438594426	 3.610989491738576	
1508	 0.01339005047304475	 3.6106102170230514	
1509	 0.013389045568330132	 3.6101586095067706	
1510	 0.013387531046564854	 3.609478021086092	
1511	 0.01338470871600985	 3.608209872864522	
1512	 0.013378490693665934	 3.605416578962653	
1513	 0.01336568213083212	 3.599665373956968	
1514	 0.013338626269320348	 3.587529029063009	
1515	 0.013297135015237334	 3.5689493189171726	
1516	 0.013247195632914903	 3.546637757499917	
1517	 0.013196871763253236	 3.524211069389745	
1518	 0.013145514559128645	 3.501382586152084	
1519	 0.013094121004382935	 3.478597388634289	
1520	 0.013044217150279943	 3.4565296238442937	
1521	 0.012997508133204558	 3.435925561856288	
1522	 0.012953221861731819	 3.4164357434369945	
1523	 0.012901661495270807	 3.3938005962715967	
1524	 0.012836875732292393	 3.365444851889692	
1525	 0.012768704388741342	 3.335710134058116	
1526	 0.012703022009193559	 3.3071609723180226	
1527	 0.01264064509837652	 3.280139496098786	
1528	 0.012580512004538486	 3.254174049419133	
1529	 0.012518870025129119	 3.227642812317684	
1530	 0.012458179059898765	 3.201605846657503	
1531	 0.012408867279142883	 3.180512810628747	
1532	 0.012375369137722554	 3.1662158612239484	
1533	 0.012346877429444689	 3.1540759337413373	
1534	 0.01232069986439921	 3.1429384804190326	
1535	 0.012296342757786752	 3.132589713581658	
1536	 0.01227306947131121	 3.1227141956608713	
1537	 0.012250892121313483	 3.113315323887532	
1538	 0.012228614062221112	 3.1038851845634725	
1539	 0.012205870648606726	 3.0942698715211674	
1540	 0.012186326838822011	 3.086016801984367	
1541	 0.012167718260078756	 3.078166863232166	
1542	 0.012148929111695052	 3.0702488682837368	
1543	 0.012128912551138704	 3.0618226023229127	
1544	 0.012106761278631167	 3.0525084986369424	
1545	 0.01208401544191312	 3.042956209766631	
1546	 0.012056787206704995	 3.0315372569255428	
1547	 0.012021548633022234	 3.0167844406249587	
1548	 0.011986023800176932	 3.001940934057868	
1549	 0.011954718778091839	 2.9888848961978214	
1550	 0.011924655416058609	 2.976368139286948	
1551	 0.011897671334871192	 2.9651513283050224	
1552	 0.011870618855767017	 2.953923097119551	
1553	 0.011842432821247827	 2.9422425122023923	
1554	 0.011811382688278171	 2.9293964532943435	
1555	 0.01178672221511369	 2.9192099497238426	
1556	 0.011772398575194373	 2.9132998005342015	
1557	 0.011761727193989532	 2.908899743087145	
1558	 0.011750786399189927	 2.904391362426845	
1559	 0.011737553547705903	 2.8989422305541988	
1560	 0.011725622858127943	 2.8940328230559413	
1561	 0.011718587723724366	 2.8911394674804507	
1562	 0.011714668923443647	 2.8895282757213443	
1563	 0.011714604310945315	 2.8895017136820655	
1564	 0.01171676548412975	 2.8903902196679554	
1565	 0.011717545713819593	 2.890711016154719	
1566	 0.01170914859354928	 2.8872592339856187	
1567	 0.011692652702162968	 2.8804831157623245	
1568	 0.011672730106899506	 2.8723078821808996	
1569	 0.011656863617412262	 2.865803721017622	
1570	 0.011645666649628555	 2.8612172905417226	
1571	 0.011667670486557207	 2.8702331479672067	
1572	 0.011736478143762427	 2.898499571772041	
1573	 0.011724825857504338	 2.893704980669951	
1574	 0.011719866673077207	 2.891665377762771	
1575	 0.011719057375320403	 2.891332586087779	
1576	 0.011716960686228637	 2.8904704769385448	
1577	 0.011711011472725538	 2.8880248604377643	
1578	 0.011701884598515552	 2.884274573563668	
1579	 0.011697145282424841	 2.882327929371897	
1580	 0.011695567861227676	 2.8816801301752393	
1581	 0.01169312427484943	 2.880676738124573	
1582	 0.011692614227199392	 2.8804673186111525	
1583	 0.011690963915084705	 2.8797897617692265	
1584	 0.011689746707190798	 2.8792900622857887	
1585	 0.011689769797590401	 2.879299541248215	
1586	 0.011691807460187815	 2.8801360820833115	
1587	 0.011695518924711143	 2.88166003435884	
1588	 0.01170255585505102	 2.8845503304529494	
1589	 0.01170905268140841	 2.887219817163229	
1590	 0.011714919253129633	 2.8896311865622897	
1591	 0.011719981533750272	 2.891712610910535	
1592	 0.011724470080510765	 2.893558638305236	
1593	 0.011729003429312799	 2.8954235699514848	
1594	 0.01172957851541065	 2.895660183554472	
1595	 0.011733036697804698	 2.8970831822754173	
1596	 0.011741117369029785	 2.9004093673071165	
1597	 0.011758060472581057	 2.9073884831109322	
1598	 0.01178198887368526	 2.917256371872875	
1599	 0.011810088559044012	 2.928861534390109	
1600	 0.011836213865467656	 2.939667805747882	
1601	 0.011862055056327475	 2.9503722121563243	
1602	 0.011886869145709454	 2.9606657963585916	
1603	 0.01191398344540855	 2.971929962566752	
1604	 0.01194787056391783	 2.9860318226397897	
1605	 0.011981548991660968	 3.0000732811808084	
1606	 0.012017526087949492	 3.0151022117391526	
1607	 0.01205097074699204	 3.029100181666195	
1608	 0.01208043246867129	 3.0414526045686987	
1609	 0.012105183676199366	 3.051845585913347	
1610	 0.012125059454730393	 3.0602016479426157	
1611	 0.0121378649248573	 3.0655900908840286	
1612	 0.012148121418473708	 3.0699086785956107	
1613	 0.012154719452263887	 3.0726881245399373	
1614	 0.012160129381493506	 3.074967827701395	
1615	 0.012165753483185514	 3.077338498447112	
1616	 0.012171649986891584	 3.0798247767424916	
1617	 0.012178771716329381	 3.0828287458535164	
1618	 0.012186424525026369	 3.086058031535796	
1619	 0.012193492677713124	 3.0890418088521074	
1620	 0.012195933916516702	 3.0900726308078164	
1621	 0.012192080822380219	 3.088445710597475	
1622	 0.012179311578999588	 3.083056509483137	
1623	 0.012160554059295085	 3.0751468123346926	
1624	 0.012150243665038243	 3.070802572982727	
1625	 0.012141268995096923	 3.067023135269653	
1626	 0.01213544421471687	 3.0645711841095085	
1627	 0.012135710211964627	 3.0646831390081766	
1628	 0.012156436410955939	 3.073411564656056	
1629	 0.012175534902280759	 3.081463301731522	
1630	 0.012181667528719263	 3.0840505441091226	
1631	 0.012184646142134558	 3.0853074797196975	
1632	 0.01218439795076381	 3.0852027384077747	
1633	 0.012180485762826994	 3.0835519112418894	
1634	 0.012175952086416525	 3.0816392765172025	
1635	 0.012163533766693045	 3.076402756492276	
1636	 0.012149196812475374	 3.070361623634044	
1637	 0.012132083068062596	 3.0631566606690797	
1638	 0.012115035370257852	 3.0559862369168345	
1639	 0.01210006058883285	 3.049693248225322	
1640	 0.012083235863989262	 3.0426290323089007	
1641	 0.012056244822044399	 3.031309966600497	
1642	 0.012015678512484106	 3.014329681221351	
1643	 0.0119471353150698	 2.9857255712160726	
1644	 0.011862226638121096	 2.9504433398817245	
1645	 0.011767707074731964	 2.911365058634332	
1646	 0.011674128180109863	 2.8728812780341038	
1647	 0.011583722348048057	 2.835897189181258	
1648	 0.011498527808917147	 2.8012206321868582	
1649	 0.011416927961803087	 2.768167409475997	
1650	 0.011340921219438707	 2.73752108334952	
1651	 0.011282725388134065	 2.7141485469648665	
1652	 0.011248641094529933	 2.70049690307023	
1653	 0.011229498129436492	 2.692841728431584	
1654	 0.011222447753397227	 2.6900245094455726	
1655	 0.011225020802604325	 2.6910525226079707	
1656	 0.011237443227939663	 2.6960178778190644	
1657	 0.011253954365058022	 2.702623193929597	
1658	 0.01126871962148423	 2.708535541488827	
1659	 0.011280955926407812	 2.713439154103684	
1660	 0.011293373546780302	 2.7184190540331885	
1661	 0.011301948007891754	 2.721859844180432	
1662	 0.011309338361673272	 2.724826868298108	
1663	 0.01131361899362596	 2.726546015806259	
1664	 0.011313719927136033	 2.7265865570156773	
1665	 0.011314714771381391	 2.726986161576768	
1666	 0.01131057751930286	 2.725324482631456	
1667	 0.011301236751304698	 2.72157436240175	
1668	 0.011407783017267128	 2.764472898733574	
1669	 0.011363945724054556	 2.74679027627765	
1670	 0.011314872354710353	 2.727049461088515	
1671	 0.011262265366015604	 2.7059504736889903	
1672	 0.01119984827207755	 2.6810020657772444	
1673	 0.01113076574023732	 2.6534973261800086	
1674	 0.011061374108396523	 2.625983854122458	
1675	 0.011007515689966848	 2.6047083679324423	
1676	 0.010975335895369726	 2.5920295649233975	
1677	 0.010954584248187363	 2.583866568681996	
1678	 0.010946284021891161	 2.5806044244779285	
1679	 0.010945517861242517	 2.5803033921174583	
1680	 0.010942780599356843	 2.579228008654326	
1681	 0.010936158439577563	 2.576627113602994	
1682	 0.010926150751240345	 2.5726985228285386	
1683	 0.010919112744089242	 2.569937138242843	
1684	 0.010921705889991168	 2.5709544293078457	
1685	 0.010928836707498793	 2.573752679056941	
1686	 0.010938806651057125	 2.577667089430949	
1687	 0.010950028053319181	 2.582075694785766	
1688	 0.010962599096306083	 2.5870181181206613	
1689	 0.010979478103774525	 2.59366020253566	
1690	 0.010991893117066737	 2.598550001010879	
1691	 0.010998890912006823	 2.6013077878101263	
1692	 0.011002904427845083	 2.6028900170161675	
1693	 0.011007541597069423	 2.6047185852696546	
1694	 0.011013004247946342	 2.606873323415286	
1695	 0.011018462802403546	 2.6090271575742543	
1696	 0.011015628530416485	 2.6079087228983395	
1697	 0.01101100379329108	 2.6060841630135325	
1698	 0.011007349544122884	 2.6046428431121114	
1699	 0.01100846364959678	 2.605082238133214	
1700	 0.011023745862648754	 2.611112422816337	
1701	 0.01105051664288822	 2.6216893003629784	
1702	 0.011073936231314785	 2.6309561746062884	
1703	 0.011087110525951537	 2.636174845169156	
1704	 0.011090294708683533	 2.637436800956743	
1705	 0.011091489495874551	 2.6379103815287452	
1706	 0.011095277205511284	 2.6394119496010986	
1707	 0.011104173288976163	 2.642939982815357	
1708	 0.011118230268223546	 2.648518580211477	
1709	 0.011134422981423898	 2.654950586863962	
1710	 0.011148609325441476	 2.66059075879828	
1711	 0.011161100843064556	 2.6655610689275515	
1712	 0.011172374477738998	 2.6700499747609574	
1713	 0.011187869387969975	 2.6762246257717393	
1714	 0.0112039466657773	 2.682637376946985	
1715	 0.011217478470662212	 2.688039571234662	
1716	 0.01122873299388484	 2.692535935284288	
1717	 0.011229141213321935	 2.6926990820412398	
1718	 0.011220543431811095	 2.689263774934612	
1719	 0.011203709707176391	 2.6825428165899474	
1720	 0.01117762384174382	 2.672141183348885	
1721	 0.011149115018444783	 2.6607918993523434	
1722	 0.01111877273813037	 2.648733956963493	
1723	 0.0110946719318546	 2.6391719770070368	
1724	 0.011084965370375077	 2.6353248129876743	
1725	 0.011078279960234987	 2.6326763781460496	
1726	 0.011074121071571276	 2.631029365883189	
1727	 0.011073442615590874	 2.630760721364635	
1728	 0.011074328975694775	 2.6311116907427703	
1729	 0.011071820520214156	 2.630118473574056	
1730	 0.011064655079488584	 2.627282160110144	
1731	 0.011053329651595264	 2.622801685847846	
1732	 0.011039642797631146	 2.617391086235367	
1733	 0.011023226641352557	 2.6109074525778233	
1734	 0.01100533577036636	 2.603848700751299	
1735	 0.010988227366011752	 2.5971058187172127	
1736	 0.010972477056139613	 2.590904382596574	
1737	 0.010960490897779734	 2.5861889962862343	
1738	 0.010946403005747117	 2.5806511757128723	
1739	 0.010932548954270966	 2.5752099074710806	
1740	 0.010917327747422026	 2.569236977683524	
1741	 0.010895215375316998	 2.560569783597506	
1742	 0.010871433663051246	 2.551261352533985	
1743	 0.01084492453680101	 2.540901369210447	
1744	 0.010810128929202622	 2.5273285657923563	
1745	 0.010772988154242892	 2.5128730799098418	
1746	 0.010736376288804706	 2.498655930349212	
1747	 0.010707686943193932	 2.4875378194380593	
1748	 0.010697853018312397	 2.4837313996949786	
1749	 0.010695030267507967	 2.4826392275653295	
1750	 0.010698080415262745	 2.48381939195327	
1751	 0.010706324213727914	 2.4870102082468395	
1752	 0.010715348474422653	 2.4905049859154023	
1753	 0.010722234422549314	 2.4931729908310833	
1754	 0.010726604657088856	 2.4948668590026224	
1755	 0.010728354289231797	 2.4955451315030532	
1756	 0.010730337495868148	 2.496314042013355	
1757	 0.010731442103711346	 2.4967423514194995	
1758	 0.010731879598399963	 2.496911997205933	
1759	 0.010731654985501148	 2.4968248992712327	
1760	 0.010730680527880272	 2.4964470488198427	
1761	 0.010731597409235804	 2.4968025731721024	
1762	 0.010731042098181482	 2.4965872467080654	
1763	 0.010730850591369323	 2.4965129900769503	
1764	 0.010730606509027102	 2.496418348601778	
1765	 0.010730199617177305	 2.4962605818996093	
1766	 0.010732482709471977	 2.497145871037512	
1767	 0.010736365245426989	 2.49865164684439	
1768	 0.010736371067343074	 2.4986539050485574	
1769	 0.010735958113252585	 2.49849373048629	
1770	 0.010738273894897008	 2.499392017325415	
1771	 0.010754412735221873	 2.5056558255962256	
1772	 0.010800251997196865	 2.523481148038815	
1773	 0.010844405436482046	 2.540698668911652	
1774	 0.01088844396890364	 2.5579179978057343	
1775	 0.010930830350766469	 2.5745352351576574	
1776	 0.010971969028556277	 2.5907044534813446	
1777	 0.01101209650118027	 2.6065152140749226	
1778	 0.011051610012019259	 2.6221216434504546	
1779	 0.01109112431718688	 2.6377656311956814	
1780	 0.011099434960943438	 2.641060609038821	
1781	 0.011102190572204176	 2.642153508307241	
1782	 0.011106822421173952	 2.64399094716794	
1783	 0.011114070280905709	 2.6468671738808274	
1784	 0.011121443869522565	 2.6497945780619774	
1785	 0.011134932895556084	 2.655153234319349	
1786	 0.011155568925719572	 2.6633594899209494	
1787	 0.011191714272913454	 2.67775767824047	
1788	 0.011226562339058594	 2.6916684896118683	
1789	 0.011234982370968998	 2.6950339603403983	
1790	 0.011239862217308043	 2.696985195501652	
1791	 0.011244060481545673	 2.698664348079028	
1792	 0.011245724343793327	 2.699329947962328	
1793	 0.01124476893748138	 2.69894774583865	
1794	 0.011242416470853047	 2.6980067539624235	
1795	 0.01124693904456097	 2.699815909873074	
1796	 0.011263148039768425	 2.7063039451827744	
1797	 0.011282745609244122	 2.714156654215461	
1798	 0.011297899039629408	 2.7202348428988445	
1799	 0.011306657590182586	 2.7237504627101305	
1800	 0.01130812894996597	 2.724341234223326	
1801	 0.011308574341525069	 2.7245200752626313	
1802	 0.011312188429269975	 2.7259714376298865	
1803	 0.011321111084366271	 2.7295559632278015	
1804	 0.011335944944290185	 2.7355193844747685	
1805	 0.011370557770380941	 2.7494544663450107	
1806	 0.011404076249938697	 2.7629759458967285	
1807	 0.011436853157259423	 2.7762239195840306	
1808	 0.011468495716365195	 2.7890374413931682	
1809	 0.01148848068323377	 2.7971424263804376	
1810	 0.01152039255085222	 2.8101039113577833	
1811	 0.011550966776417874	 2.822544565836934	
1812	 0.011579067601148045	 2.833998171598871	
1813	 0.011577730488416432	 2.8334527579116133	
1814	 0.011567968169810702	 2.8294719412782423	
1815	 0.011557637091706775	 2.825261637973424	
1816	 0.011543702450779651	 2.8195867204462286	
1817	 0.011533777295910975	 2.815547459810013	
1818	 0.011524519349596713	 2.811781822635846	
1819	 0.011517608943639355	 2.8089723533470976	
1820	 0.011509800006152059	 2.8057989325564847	
1821	 0.01149542657759046	 2.799961564896326	
1822	 0.011479595730847184	 2.7935379361357207	
1823	 0.011466201527185478	 2.788107625631578	
1824	 0.011455210336701948	 2.78365470819066	
1825	 0.011443577752552656	 2.7789450412040675	
1826	 0.011429585290243838	 2.7732841610663135	
1827	 0.011416173850275907	 2.767862677619651	
1828	 0.011424426595459012	 2.7711982915632265	
1829	 0.011436614947590113	 2.7761275470968747	
1830	 0.011448795560170477	 2.7810571726562583	
1831	 0.011461788507783791	 2.7863194143591556	
1832	 0.011478497368523044	 2.7930924763488334	
1833	 0.011497771838090356	 2.8009136951157143	
1834	 0.011517379304179697	 2.808879011258254	
1835	 0.011537614941172685	 2.817108999515074	
1836	 0.011558110257472255	 2.825454416035507	
1837	 0.011574033412220328	 2.8319449241611463	
1838	 0.011576104259180967	 2.8327894690267708	
1839	 0.011557291837548027	 2.825120977212427	
1840	 0.011536428108451817	 2.8166260397190532	
1841	 0.011513172211396909	 2.8071691639956806	
1842	 0.011491095674326974	 2.798203642638585	
1843	 0.011480654673644362	 2.793967435557247	
1844	 0.01147970412784207	 2.7935818999473376	
1845	 0.011478008318384775	 2.7928941427722154	
1846	 0.011472464490634356	 2.7906462453587593	
1847	 0.011462946594133487	 2.7867886411809013	
1848	 0.011452936922569988	 2.782734023612827	
1849	 0.011444261611362073	 2.779221825840208	
1850	 0.011438948976395233	 2.7770718828221863	
1851	 0.011438798428394787	 2.7770109680205173	
1852	 0.011440518424032282	 2.7777069452800967	
1853	 0.011443683294481175	 2.7789877574662523	
1854	 0.011448851779907926	 2.781079933501737	
1855	 0.01145653063835516	 2.7841894583180733	
1856	 0.011464602841335438	 2.7874597648962793	
1857	 0.011472452441398938	 2.7906413604534226	
1858	 0.011481405524337891	 2.7942719910871276	
1859	 0.011488862491266561	 2.797297361761311	
1860	 0.011504347981701565	 2.803584172253484	
1861	 0.01153288016507769	 2.815182466786709	
1862	 0.011573403736061522	 2.8316881459346805	
1863	 0.011639633231679916	 2.8587471387824324	
1864	 0.011701164624198557	 2.8839788147894105	
1865	 0.011762521757093441	 2.909227268177212	
1866	 0.011793864228997475	 2.9221586418193572	
1867	 0.011867814767523696	 2.9527602247507896	
1868	 0.011947739316632558	 2.9859771536043707	
1869	 0.012021935626115565	 3.0169463009789252	
1870	 0.012090136619477762	 3.045525667505295	
1871	 0.012153854805059927	 3.0723238314482746	
1872	 0.012212978903556363	 3.097273771468908	
1873	 0.01226406699292608	 3.1188975339052316	
1874	 0.01231327479765907	 3.1397822961109885	
1875	 0.012363415377387856	 3.16112025591438	
1876	 0.012407480948027525	 3.1799206158740834	
1877	 0.01245557565529893	 3.2004908502714997	
1878	 0.012529867719121627	 3.232369945750559	
1879	 0.012684044349988498	 3.298930527343311	
1880	 0.012846413214947441	 3.3696132883566903	
1881	 0.012958979749962702	 3.4189672075481887	
1882	 0.01293575408242686	 3.408760598135644	
1883	 0.012888799573991796	 3.3881635588678543	
1884	 0.012834316234808263	 3.364326553415845	
1885	 0.012780161706539702	 3.3407001627820168	
1886	 0.012717364729111467	 3.313386726238003	
1887	 0.012639657151193948	 3.2797122341298217	
1888	 0.012575935413729445	 3.2522012604713457	
1889	 0.0125000737363173	 3.2195700205523337	
1890	 0.012416028224086977	 3.1835724315501257	
1891	 0.012343774572846654	 3.1527549755291253	
1892	 0.012284690793805111	 3.1276438945045095	
1893	 0.012230603062190757	 3.104726648447087	
1894	 0.012178538262409918	 3.0827302556455964	
1895	 0.012129928592215363	 3.062250096597084	
1896	 0.012085713274319749	 3.04366881390211	
1897	 0.01204149158774556	 3.0251301289053734	
1898	 0.0119961849031036	 3.0061836045373225	
1899	 0.011956997569702562	 2.9898345182278034	
1900	 0.011925377359028334	 2.9766684710144777	
1901	 0.011903859304849234	 2.9677220622008944	
1902	 0.011888662127919563	 2.9614101314081718	
1903	 0.011878015091375493	 2.9569912393881963	
1904	 0.011870971850935733	 2.9540694993319416	
1905	 0.011861071831582852	 2.9499646382015645	
1906	 0.0118523166237821	 2.946336354796985	
1907	 0.0118518957872019	 2.946161999088063	
1908	 0.011858922938788534	 2.9490739408836077	
1909	 0.011869527604426309	 2.9534705268138777	
1910	 0.01187382438910193	 2.9552526755477344	
1911	 0.011867256495550708	 2.952528727846412	
1912	 0.011853161668236927	 2.9466864754315316	
1913	 0.011835182444730074	 2.9392408749885393	
1914	 0.011817801034212332	 2.9320500073242366	
1915	 0.011803967787701557	 2.9263320875659575	
1916	 0.01180470328724331	 2.926635991113629	
1917	 0.011813933932358514	 2.930451105917904	
1918	 0.011829768782352005	 2.9370004319245977	
1919	 0.011853239547831964	 2.9467187435102145	
1920	 0.011876159637902178	 2.956221431479061	
1921	 0.011898542064454396	 2.9655130108409082	
1922	 0.011904717156782709	 2.9680785190439174	
1923	 0.011903551610393895	 2.967594212381729	
1924	 0.011898704086377998	 2.965580313246637	
1925	 0.011891579514479124	 2.9626214093885275	
1926	 0.011883974637687502	 2.959464334029432	
1927	 0.011876692850379792	 2.9564426474546615	
1928	 0.011871012833069327	 2.954086496565713	
1929	 0.011868056645014821	 2.952860525592619	
1930	 0.01186976559564548	 2.9535692255957127	
1931	 0.011873615535752901	 2.955166040893856	
1932	 0.011873496534374318	 2.9551166782745684	
1933	 0.011868886274295186	 2.9532045634736233	
1934	 0.011853216899909137	 2.9467093597160314	
1935	 0.01183073834485241	 2.9374016349306613	
1936	 0.011799702442882911	 2.9245699241782677	
1937	 0.01176573069241852	 2.9105501663417304	
1938	 0.0117304668739303	 2.89602570526118	
1939	 0.011698459742834563	 2.882867783010779	
1940	 0.011683391323005443	 2.8766815543671536	
1941	 0.011670043699209447	 2.871206226448206	
1942	 0.011654586163273854	 2.8648706067459804	
1943	 0.011642744965647505	 2.8600210124369854	
1944	 0.011635249380580331	 2.856952874290114	
1945	 0.011628438958174002	 2.854166333331583	
1946	 0.011619719886589639	 2.850600440504018	
1947	 0.0116087517424023	 2.8461172632842477	
1948	 0.01160032720138321	 2.8426756886927445	
1949	 0.011593089382963197	 2.839720241729882	
1950	 0.01158707036297283	 2.83726340816453	
1951	 0.011581705900655248	 2.8350744677938606	
1952	 0.01157948341058501	 2.8341677905080798	
1953	 0.011582552204143698	 2.835419752543495	
1954	 0.011588378920750934	 2.8377974607400427	
1955	 0.011615942243926846	 2.8490560282279405	
1956	 0.011643617957318532	 2.8603784362996167	
1957	 0.011670800916032405	 2.8715167326661826	
1958	 0.01169700124021919	 2.8822687731763565	
1959	 0.011722356857490575	 2.892689463650099	
1960	 0.011747930561850415	 2.903215016002554	
1961	 0.01177290644108527	 2.9135092717060336	
1962	 0.011797056731303827	 2.9234771013954783	
1963	 0.011820040343755365	 2.932976037223487	
1964	 0.011823165374076046	 2.9342685379969593	
1965	 0.011817526119751039	 2.9319363289989875	
1966	 0.011810409207795802	 2.928994068577547	
1967	 0.011799035119204004	 2.9242942677963746	
1968	 0.01178534613060381	 2.918641948545913	
1969	 0.011771590880192525	 2.9129666761417896	
1970	 0.011760350872361106	 2.908332447513268	
1971	 0.011751820753463751	 2.9048174697616034	
1972	 0.011747149183368059	 2.902893192024498	
1973	 0.011746244398570322	 2.902520558892303	
1974	 0.011748996381796217	 2.903654015028769	
1975	 0.01175494151603941	 2.906103234787256	
1976	 0.011761243546810596	 2.9087003871808497	
1977	 0.011765213920922142	 2.9103371086938874	
1978	 0.011768855140223687	 2.9118384652818703	
1979	 0.011781301915047237	 2.916972888960065	
1980	 0.011786521780067432	 2.919127214160047	
1981	 0.011795791922834054	 2.9229547244253027	
1982	 0.011805957950660717	 2.9271544388760886	
1983	 0.011817700605101325	 2.9320084792457215	
1984	 0.011814486807056459	 2.9306796774720625	
1985	 0.011811397923739406	 2.929402750994124	
1986	 0.01180540793695019	 2.9269271595539195	
1987	 0.011802040342823365	 2.925535739974763	
1988	 0.011808734137034135	 2.9283017357544225	
1989	 0.01181223072855827	 2.929747005766898	
1990	 0.011809673586802056	 2.9286900169065597	
1991	 0.011802452070293188	 2.925705842968271	
1992	 0.01179405539660285	 2.9222375847167656	
1993	 0.01178836103732277	 2.9198864578223707	
1994	 0.0117804106362652	 2.916605106958128	
1995	 0.01176631684696834	 2.910791837201754	
1996	 0.011749964192175217	 2.9040526680374636	
1997	 0.011731454920915034	 2.89643226620398	
1998	 0.011712104509475525	 2.8884741264303537	
1999	 0.011692641542506979	 2.8804785337980134	
2000	 0.011674073237324166	 2.8728587433245396	
2001	 0.011660236405090113	 2.8671858365950853	
2002	 0.011649558024879417	 2.862810917679731	
2003	 0.011642323361389281	 2.8598484038745604	
2004	 0.011635378434730257	 2.8570056883690786	
2005	 0.011624809769117592	 2.852681864718839	
2006	 0.011602774122829753	 2.8436751279113506	
2007	 0.01157510178601842	 2.8323806220060064	
2008	 0.011545847227778077	 2.8204598890690242	
2009	 0.011511813634674089	 2.806617100005977	
2010	 0.011474991997082304	 2.791671002557502	
2011	 0.011449157243916234	 2.781203603455065	
2012	 0.011440966282989774	 2.777888177913629	
2013	 0.011433887408496742	 2.7750241619783216	
2014	 0.011427458876426818	 2.7724242896755107	
2015	 0.01143307692707317	 2.7746963276628795	
2016	 0.011437649897051781	 2.7765462663290252	
2017	 0.011438491703435638	 2.77688686247923	
2018	 0.011435055774735704	 2.7754967855725257	
2019	 0.011428528719631306	 2.7728568955999178	
2020	 0.01142252560620059	 2.770429802813584	
2021	 0.01141407439896959	 2.7670143728714316	
2022	 0.011403161004050701	 2.762606379982087	
2023	 0.011391204267855507	 2.757780202217751	
2024	 0.011381469680498921	 2.7538534584327086	
2025	 0.01137328319480398	 2.7505529215529694	
2026	 0.011360277715561206	 2.7453127721529955	
2027	 0.011341840599907145	 2.7378909667974844	
2028	 0.011322315473563235	 2.730039950512916	
2029	 0.01130358691992275	 2.722517710780862	
2030	 0.011279106924252697	 2.712697952034222	
2031	 0.011260526364445906	 2.7052541351098283	
2032	 0.011247161015844933	 2.6999047170800985	
2033	 0.011231601214875594	 2.6936823165712465	
2034	 0.011214088387287501	 2.686685767249234	
2035	 0.011208750643428777	 2.684554732831529	
2036	 0.011217527992863841	 2.6880593495704495	
2037	 0.011233963437975655	 2.69462660530223	
2038	 0.011245817442980238	 2.6993671926533116	
2039	 0.011248800812800637	 2.7005608101580867	
2040	 0.011250150559226256	 2.7011009000382495	
2041	 0.011250882249197902	 2.7013936977918966	
2042	 0.011252010428917167	 2.7018451823040572	
2043	 0.011254818705241448	 2.7029691531593705	
2044	 0.011264126940446754	 2.7066959728684945	
2045	 0.011275371580737303	 2.711200826988111	
2046	 0.011286155772623492	 2.7155240297370753	
2047	 0.011298266877528723	 2.720382453872939	
2048	 0.011309732044627385	 2.7249849574665252	
2049	 0.01132463348221804	 2.7309715456001915	
2050	 0.011336661759620097	 2.735807686210289	
2051	 0.011346518911352422	 2.73977344603811	
2052	 0.011358878999209399	 2.7447494414016465	
2053	 0.01136722597885536	 2.7481118593386737	
2054	 0.011362332331961588	 2.746140349440353	
2055	 0.011351016326611802	 2.7415836233763162	
2056	 0.011326124595494888	 2.731570883121401	
2057	 0.011295113967923263	 2.719117315571935	
2058	 0.01126065738825484	 2.705306597736679	
2059	 0.011235801832207098	 2.695361587254073	
2060	 0.011229410047429085	 2.692806524975744	
2061	 0.01123960381922389	 2.6968818593495403	
2062	 0.011275159689651404	 2.7111159109856255	
2063	 0.011309616775652608	 2.724938669138036	
2064	 0.011342595081967893	 2.7381945235563148	
2065	 0.011360392645343446	 2.7453590619930557	
2066	 0.011374490706162843	 2.751039653100384	
2067	 0.01138283496956626	 2.75440405463015	
2068	 0.011373351861503699	 2.7505805992499597	
2069	 0.011351555075234325	 2.74180049790188	
2070	 0.011332746044284006	 2.7342329412367614	
2071	 0.011328872699092735	 2.732675592682349	
2072	 0.011326163346188259	 2.731586459262139	
2073	 0.011326148203449037	 2.7315803725168286	
2074	 0.011335976776075172	 2.7355321868990936	
2075	 0.011331151915995328	 2.733591950123451	
2076	 0.011315946091317874	 2.7274807850673835	
2077	 0.011295298845975112	 2.7191914933471253	
2078	 0.011258981839008371	 2.7046357296210135	
2079	 0.011216056637466412	 2.687471739758902	
2080	 0.011178076624688138	 2.672321590846722	
2081	 0.011143120122494512	 2.6584078070730865	
2082	 0.011114440027816695	 2.6470139370662142	
2083	 0.01109218122870648	 2.638184580822529	
2084	 0.011092467658513943	 2.6382981234447724	
2085	 0.01110278622987649	 2.6423897750668757	
2086	 0.01111418946368105	 2.646914480597358	
2087	 0.01112775681785554	 2.6523019235425718	
2088	 0.011152921201652143	 2.662306012632858	
2089	 0.011181074202844147	 2.6735160731536234	
2090	 0.011201754024017933	 2.6817624354057967	
2091	 0.011215962086696882	 2.687433981121847	
2092	 0.011223895912618671	 2.690603074752981	
2093	 0.011224507066547299	 2.6908472565264225	
2094	 0.011230276995898148	 2.6931530235245935	
2095	 0.01123665885497806	 2.6957042486001397	
2096	 0.011241082216013177	 2.6974731073976193	
2097	 0.011243727150850055	 2.698531012679895	
2098	 0.011266259865143695	 2.7075502398562112	
2099	 0.011247252269648985	 2.6999412266256315	
2100	 0.011215809396631965	 2.68737300513605	
2101	 0.011172603279222364	 2.670141109605274	
2102	 0.011115515305248489	 2.6474407641081217	
2103	 0.0110495934146597	 2.6213242570742703	
2104	 0.010972812193805232	 2.591036276012338	
2105	 0.010891754764114404	 2.5592144182739838	
2106	 0.010814487775147038	 2.5290272375543905	
2107	 0.010746447951916111	 2.50256374934567	
2108	 0.010702600318879677	 2.4855686473981713	
2109	 0.01067478893757505	 2.474813129889794	
2110	 0.010658303392924078	 2.4684464721802346	
2111	 0.010649005051375959	 2.4648583802959774	
2112	 0.010643245545367833	 2.4626369196894697	
2113	 0.010644734959438145	 2.4632113148390227	
2114	 0.010658909359031741	 2.4686803779581457	
2115	 0.010681732163727257	 2.4774965416455776	
2116	 0.010697221308272295	 2.4834869632371808	
2117	 0.010710281068325047	 2.488542316722497	
2118	 0.010722106466575424	 2.4931234030467144	
2119	 0.010733422244841837	 2.4975102206159914	
2120	 0.010744207254460828	 2.5016941444136496	
2121	 0.010751205160821843	 2.504410402187908	
2122	 0.010756347105113133	 2.506407014263047	
2123	 0.010748788426150565	 2.5034722062926367	
2124	 0.010731626148871213	 2.4968137174061127	
2125	 0.010707569627085243	 2.4874923961216204	
2126	 0.010679616436613895	 2.47667873412708	
2127	 0.010647904351350605	 2.464433774712071	
2128	 0.010614138524739742	 2.4514225051548872	
2129	 0.010581492936012116	 2.4388691145465806	
2130	 0.010550773453108788	 2.427079934855412	
2131	 0.010525791982946104	 2.4175096793261	
2132	 0.010519601084893325	 2.4151403213508345	
2133	 0.010516331224920085	 2.4138892675108647	
2134	 0.010512187242603046	 2.4123041455622265	
2135	 0.010512717182616114	 2.412506830620788	
2136	 0.01052011441366816	 2.4153367453371604	
2137	 0.010537535443115455	 2.4220066466217864	
2138	 0.01056396928876699	 2.432141285479263	
2139	 0.010611105105882942	 2.4502549613773206	
2140	 0.010657306927057868	 2.468061850928327	
2141	 0.010682970834752633	 2.4779753843641825	
2142	 0.010704762337569017	 2.486405548019774	
2143	 0.010727654448530606	 2.495273818365408	
2144	 0.010751337705651936	 2.504461861227521	
2145	 0.010775232115908804	 2.5137455061243448	
2146	 0.010795972134784	 2.521814716945751	
2147	 0.01080089532680905	 2.5237316765114173	
2148	 0.010807560867955758	 2.5263279886750567	
2149	 0.01081345965210242	 2.528626529905136	
2150	 0.010818023497450533	 2.530405467798577	
2151	 0.010817114900980524	 2.5300512667579538	
2152	 0.010814227532076755	 2.5289258062541755	
2153	 0.010811757213814999	 2.5279630659074144	
2154	 0.010812297872881495	 2.5281737607566472	
2155	 0.01082076807280533	 2.5314755147415124	
2156	 0.010863203456391355	 2.5480431156863204	
2157	 0.010905015153826497	 2.564409472011921	
2158	 0.010945220068212207	 2.5801863899790143	
2159	 0.010986033961651421	 2.5962418449395077	
2160	 0.011025317096690425	 2.611732729757009	
2161	 0.011064315764257293	 2.627147878511887	
2162	 0.011102539504608523	 2.6422919108187095	
2163	 0.011139804760134738	 2.6570896976378546	
2164	 0.011175695208541971	 2.6713727904914424	
2165	 0.011194475231824009	 2.678858758718801	
2166	 0.011207099786728722	 2.6838957837467183	
2167	 0.011213250627265466	 2.686351256200872	
2168	 0.011216126915815867	 2.6874998053971004	
2169	 0.011217356918447155	 2.687991025567777	
2170	 0.011214546017763534	 2.6868685025682515	
2171	 0.011193979746084767	 2.678661143868403	
2172	 0.011162660640372052	 2.6661819647691365	
2173	 0.011131187371982492	 2.6536648517664694	
2174	 0.011110509207851891	 2.6454538481898853	
2175	 0.011102773609476153	 2.6423847691155946	
2176	 0.011098600372207262	 2.640729639610032	
2177	 0.011103811494126311	 2.642796464448528	
2178	 0.011112002860919283	 2.6460466153991704	
2179	 0.011123186952300829	 2.65048679222794	
2180	 0.011131718645816692	 2.6538759471154765	
2181	 0.011136038957651884	 2.6555928211009268	
2182	 0.011137686335814844	 2.6562475993033483	
2183	 0.011140050114793352	 2.657187235870639	
2184	 0.011149997111345936	 2.6611427683883786	
2185	 0.011166595472889503	 2.667748528582577	
2186	 0.011185320185921038	 2.6752083883197466	
2187	 0.011205084397032635	 2.6830914169074798	
2188	 0.011212357150883624	 2.685994516403978	
2189	 0.011221010726052718	 2.6894504407185393	
2190	 0.01122702285431976	 2.6918525131993882	
2191	 0.011230432575482136	 2.6932152068471193	
2192	 0.011232715109314817	 2.6941275746850564	
2193	 0.011235187898762175	 2.6951161304381843	
2194	 0.011227776317205326	 2.6921536105844237	
2195	 0.011207149283014698	 2.683915539537146	
2196	 0.011173939371730446	 2.6706733188632694	
2197	 0.011136943804087526	 2.655952459566781	
2198	 0.01110606015571606	 2.643688523908491	
2199	 0.01107965598366026	 2.6332214047455595	
2200	 0.011058332841882483	 2.6247806303744503	
2201	 0.011038481629512646	 2.616932266359231	
2202	 0.011019896030134955	 2.6095927979105706	
2203	 0.011006404216088618	 2.604270035925231	
2204	 0.011005255336356446	 2.6038169831847253	
2205	 0.011004548970734433	 2.6035384484610673	
2206	 0.01100093609410345	 2.602114002106606	
2207	 0.010995973880225994	 2.600158061788822	
2208	 0.010992934401271798	 2.59896029043741	
2209	 0.010994786595170749	 2.599690160577902	
2210	 0.010999708728956998	 2.6016301606665	
2211	 0.011005562794063112	 2.603938223905476	
2212	 0.011013829916846294	 2.60719906983451	
2213	 0.011024382637255983	 2.611363807739162	
2214	 0.011038611423477536	 2.6169835510916455	
2215	 0.011057433105624351	 2.624424707788447	
2216	 0.011078764595908125	 2.6328683314544423	
2217	 0.011105460755517847	 2.643450725971282	
2218	 0.011129151530453683	 2.6528559964962515	
2219	 0.011155531625264916	 2.6633446476465337	
2220	 0.011192886372185006	 2.6782250935851106	
2221	 0.011229800818575948	 2.6929627046407947	
2222	 0.011265227033170873	 2.7071365623456822	
2223	 0.011299694690768598	 2.7209554564620704	
2224	 0.01133384095629973	 2.7346732347751868	
2225	 0.011367428522741292	 2.748193470654391	
2226	 0.011400206919616542	 2.761413689090084	
2227	 0.01143199808951977	 2.7742599691245915	
2228	 0.011453992565922513	 2.783161521663782	
2229	 0.011473980486157167	 2.79126087551103	
2230	 0.01149284926972111	 2.79891537729538	
2231	 0.011511412455197092	 2.8064540871601658	
2232	 0.011531784645153469	 2.8147367858605294	
2233	 0.011554944578007478	 2.82416474927186	
2234	 0.011581022120504419	 2.834795503492635	
2235	 0.01160876474796874	 2.84612257757669	
2236	 0.011636301301571424	 2.8573833734808796	
2237	 0.011663423562141654	 2.8684921285961065	
2238	 0.011690331106402241	 2.8795299709459066	
2239	 0.011717997414307263	 2.890896742242449	
2240	 0.011747794790478085	 2.903159095236151	
2241	 0.0117763974324757	 2.9149493070861534	
2242	 0.011803374217142464	 2.926086837340322	
2243	 0.011831897734666114	 2.9378814168739686	
2244	 0.01186068451407678	 2.9498040905256424	
2245	 0.011883806048141944	 2.959394361313649	
2246	 0.011902004128356484	 2.966951253052841	
2247	 0.011912295489034002	 2.9712282309650275	
2248	 0.011910047510657348	 2.970293785170003	
2249	 0.011893642524878891	 2.963478076103256	
2250	 0.011866272599565065	 2.9521207564279313	
2251	 0.011836929035575608	 2.9399638470480127	
2252	 0.01181904690964002	 2.9325652043300843	
2253	 0.011801713609985122	 2.9254007548723258	
2254	 0.011784706528699705	 2.91837795754721	
2255	 0.011769690467393904	 2.9121829331312927	
2256	 0.011756598619400194	 2.9067860596399178	
2257	 0.011742265426897061	 2.90088205745778	
2258	 0.011724960930864647	 2.8937605414036716	
2259	 0.01170580546482711	 2.88588544201331	
2260	 0.011688456074791246	 2.878760257781054	
2261	 0.011670222182888962	 2.871279414700926	
2262	 0.011651155752160615	 2.8634653345250602	
2263	 0.01163206964657071	 2.8556517243163766	
2264	 0.011614543839282078	 2.848484403872029	
2265	 0.011598277138393998	 2.8418384535563788	
2266	 0.011577008922456812	 2.833158445684931	
2267	 0.011548052836794801	 2.82135793603985	
2268	 0.011511351621988138	 2.8064293688921236	
2269	 0.011462208314432351	 2.786489505570665	
2270	 0.011414685062836695	 2.7672611071183844	
2271	 0.011366240390068798	 2.747714748387538	
2272	 0.011310797080817522	 2.725412656767897	
2273	 0.011257537481917173	 2.7040574812497593	
2274	 0.01121123471838871	 2.6855463877779004	
2275	 0.01117855135802528	 2.6725107495229676	
2276	 0.01116243137099049	 2.6660906977428573	
2277	 0.011155383048110463	 2.663285527438196	
2278	 0.011151630219126516	 2.6617924165590128	
2279	 0.01114753915907888	 2.6601651177240813	
2280	 0.011142457416985265	 2.6581443101716933	
2281	 0.011136691543785169	 2.6558521947299663	
2282	 0.011130694112985543	 2.653468867174609	
2283	 0.011127156595345798	 2.652063489340034	
2284	 0.011127068418312394	 2.652028462351308	
2285	 0.011129700717083446	 2.6530741827920123	
2286	 0.01113257080268244	 2.654214555553321	
2287	 0.011135275190101107	 2.6552892707298072	
2288	 0.011137315808996004	 2.656100321549077	
2289	 0.011138730113410152	 2.6566624997080477	
2290	 0.011137441652070024	 2.6561503415440253	
2291	 0.011138173444688731	 2.656441221299947	
2292	 0.011142819050172764	 2.658288097064658	
2293	 0.011146750819578154	 2.6598515860744203	
2294	 0.011143947754883546	 2.6587368948646493	
2295	 0.0111420754005657	 2.6579924221980407	
2296	 0.011135316329308342	 2.655305620667017	
2297	 0.011125441778112165	 2.6513823374046726	
2298	 0.01111566708840371	 2.6475010160368355	
2299	 0.011115074252851895	 2.6472656868073314	
2300	 0.011128906911010563	 2.6527588139751686	
2301	 0.011150218672155944	 2.6612309012740867	
2302	 0.011171404506471574	 2.6696636354003083	
2303	 0.011191416698743696	 2.677639015386237	
2304	 0.011211477013517535	 2.685643121026868	
2305	 0.011230835501536307	 2.6933762543026045	
2306	 0.01124901569438089	 2.7006467903556195	
2307	 0.011266597252816167	 2.7076853783439243	
2308	 0.01128621686671686	 2.7155485291889274	
2309	 0.011306220156877319	 2.7235748370086426	
2310	 0.011326481326602597	 2.7317142752895185	
2311	 0.011347879618725033	 2.7403210705239145	
2312	 0.011371213581154737	 2.7497187683201982	
2313	 0.011395904234399248	 2.7596768786529027	
2314	 0.011421267650926275	 2.76992131211069	
2315	 0.011442933898166023	 2.778684458013898	
2316	 0.011458312616913763	 2.7849112625164203	
2317	 0.011460732867137858	 2.7858917234388607	
2318	 0.0114591862548949	 2.785265163678045	
2319	 0.01145753508560529	 2.7845963082423952	
2320	 0.011452364531574073	 2.7825022365793988	
2321	 0.011447393309917373	 2.780489488645586	
2322	 0.011444171302953925	 2.7791852738331393	
2323	 0.011446987526433004	 2.7803252207709765	
2324	 0.011459580599474392	 2.7854249142331127	
2325	 0.01147134495870678	 2.7901923882200896	
2326	 0.01148002942001122	 2.793713834082156	
2327	 0.011490482525463202	 2.797954799981559	
2328	 0.01150733755391701	 2.80479853099813	
2329	 0.01152978678153442	 2.813924084901607	
2330	 0.01155789136774152	 2.8253652349268377	
2331	 0.011585464590578097	 2.8366081103987257	
2332	 0.011603924579068196	 2.844145077580702	
2333	 0.011618103842015916	 2.849939712613222	
2334	 0.01163206096225444	 2.855648171011116	
2335	 0.011648150649546718	 2.8622345170975496	
2336	 0.011667064064766516	 2.8699845205352523	
2337	 0.01168638999994802	 2.8779122153964867	
2338	 0.011700695900013105	 2.8837862737597795	
2339	 0.011699259988014769	 2.883196466402026	
2340	 0.011722537106357697	 2.8927635964485843	
2341	 0.011766807880559244	 2.9109942959758444	
2342	 0.011785960014253463	 2.918895333506723	
2343	 0.011785252569437786	 2.9186033312638715	
2344	 0.011756558018064652	 2.906769328715139	
2345	 0.011743707747967501	 2.9014759483395833	
2346	 0.011748604182319365	 2.9034924694696356	
2347	 0.011775900038806764	 2.9147441146059894	
2348	 0.011827554636820366	 2.9360843051626606	
2349	 0.011886703077938031	 2.9605968591031155	
2350	 0.01194386707168069	 2.9843644097642636	
2351	 0.011999761796794958	 3.007677672295764	
2352	 0.012049562563184587	 3.0285102757063775	
2353	 0.012094031586402867	 3.0471610909251625	
2354	 0.01213515743499213	 3.064450483960132	
2355	 0.012171396392364675	 3.0797178313291944	
2356	 0.012210122759096385	 3.0960666442294316	
2357	 0.012241853268151175	 3.1094878640390666	
2358	 0.012269075980540597	 3.1210208977564293	
2359	 0.012291599530219263	 3.1305760152045274	
2360	 0.012309888996703626	 3.138343509697576	
2361	 0.012319113118403967	 3.1422638933406386	
2362	 0.012326406390099761	 3.1453650238605215	
2363	 0.012328067284233739	 3.146071414242531	
2364	 0.01232452813240203	 3.1445662636209932	
2365	 0.012317844679102092	 3.141724672405278	
2366	 0.012300984438041283	 3.1345608022800473	
2367	 0.012272604397455105	 3.122516978712076	
2368	 0.012227449821986125	 3.1033926848525737	
2369	 0.012180009640811423	 3.0833510260103565	
2370	 0.012131352277999025	 3.0628491455332183	
2371	 0.012104223628975239	 3.051442199713283	
2372	 0.012096214165975904	 3.0480776686015068	
2373	 0.012093993563313676	 3.0471451240471077	
2374	 0.01209459502654461	 3.0473976979279556	
2375	 0.012097271610357799	 3.0485217836614966	
2376	 0.012101375413273456	 3.050245581059637	
2377	 0.012107993217052016	 3.0530262024724233	
2378	 0.012118121820438177	 3.05728392885435	
2379	 0.012133131815129422	 3.063597993113908	
2380	 0.012145358035191534	 3.0687448922007965	
2381	 0.012157453547486062	 3.0738401670105353	
2382	 0.012169174404282671	 3.0787808421693885	
2383	 0.012180745622371777	 3.083661553296925	
2384	 0.012193470590370938	 3.0890324830195963	
2385	 0.012207541570911865	 3.094975887041671	
2386	 0.012219132653763915	 3.099875245730059	
2387	 0.012222552654298917	 3.1013214154864697	
2388	 0.012215924833389694	 3.0985190429809166	
2389	 0.012193932502632359	 3.0892275163623206	
2390	 0.012172844848095476	 3.0803286913803096	
2391	 0.012142280680747072	 3.067449086005436	
2392	 0.012110718087271625	 3.054171413474433	
2393	 0.012067487425011117	 3.0360226565960873	
2394	 0.01201432830211936	 3.0137651650736377	
2395	 0.01197247288023252	 2.9962866083774053	
2396	 0.011962528689440307	 2.9921399579822796	
2397	 0.011964325327815278	 2.992888972221513	
2398	 0.011967089595520416	 2.9940415352561196	
2399	 0.011967655354263619	 2.9942774505770826	
2400	 0.01196251359669582	 2.992133666170847	
2401	 0.011956753025678607	 2.9897326056343183	
2402	 0.011954749097339464	 2.988897530095724	
2403	 0.011956343569509585	 2.989561969776534	
2404	 0.011957058640520707	 2.9898599694262824	
2405	 0.011960813410160675	 2.991424932130098	
2406	 0.0119675110545032	 2.9942172784200785	
2407	 0.01197681501228341	 2.9980979641741228	
2408	 0.011987288149166926	 3.0024687202120033	
2409	 0.011998735627760892	 3.007249011326633	
2410	 0.012010746775737867	 3.012267951833597	
2411	 0.012020700620945996	 3.016429770640198	
2412	 0.012027801533770307	 3.019400149668125	
2413	 0.01203084581548682	 3.0206739596442205	
2414	 0.012030748658487208	 3.0206333032025463	
2415	 0.012028320589498723	 3.019617321454685	
2416	 0.01203601619532783	 3.022837879124833	
2417	 0.01205240254244801	 3.029700025962095	
2418	 0.01206832244333111	 3.0363727975605252	
2419	 0.012083072056376048	 3.0425602864374777	
2420	 0.012085684502493131	 3.0436567374059598	
2421	 0.012089482670362887	 3.045251120992915	
2422	 0.012089718044595096	 3.0453499366764487	
2423	 0.012085913189224572	 3.043752725390885	
2424	 0.012081561258263408	 3.0419262723483467	
2425	 0.012076330215700535	 3.039731447140897	
2426	 0.012071890778652568	 3.0378692585348537	
2427	 0.012069759128902678	 3.036975268217578	
2428	 0.012070876575568578	 3.037443899858789	
2429	 0.012073583987603347	 3.0385794466347056	
2430	 0.012077453684061734	 3.040202775205309	
2431	 0.012083443826557263	 3.042716309782173	
2432	 0.012086401890167681	 3.0439578546811052	
2433	 0.01209103991170299	 3.0459049116576646	
2434	 0.01210065537643132	 3.04994310226961	
2435	 0.01211650186244399	 3.0566027932076585	
2436	 0.012138884646855894	 3.0660193450148556	
2437	 0.01216274165140186	 3.076068860546458	
2438	 0.012182995412662675	 3.084610868327247	
2439	 0.012196136419551404	 3.0901581446291724	
2440	 0.01218364790172653	 3.084886212597495	
2441	 0.012165643300637205	 3.0772920472929757	
2442	 0.012152943961297409	 3.0719400935127523	
2443	 0.012148867380299617	 3.0702228673053504	
2444	 0.01214992119668871	 3.070666741978783	
2445	 0.01214909541106297	 3.0703189132469766	
2446	 0.012149412708556578	 3.070452560093903	
2447	 0.012156150714154731	 3.0732911816555806	
2448	 0.012168098330678096	 3.0783271141629127	
2449	 0.012181904850234118	 3.0841506831497862	
2450	 0.012195738039006795	 3.0899899157411843	
2451	 0.012209541709168133	 3.0958210910382187	
2452	 0.012223178291474339	 3.101585999480134	
2453	 0.012236240208492292	 3.1071119883203218	
2454	 0.012249657705045382	 3.1127925050913587	
2455	 0.012263408725848406	 3.1186185303694343	
2456	 0.01227716395175645	 3.1244506960588456	
2457	 0.01229393156632081	 3.1315659972872774	
2458	 0.012310782543968845	 3.1387231944253347	
2459	 0.012326521957951116	 3.1454141736562327	
2460	 0.01233704476687023	 3.1498907013134105	
2461	 0.012312577134707963	 3.139485804662089	
2462	 0.012252974220517243	 3.114197245861703	
2463	 0.012182953867747173	 3.0845933370951384	
2464	 0.012071429702820328	 3.037675879512253	
2465	 0.01194291797113056	 2.9839691738857828	
2466	 0.011813803010252713	 2.930396980648726	
2467	 0.011712768168711618	 2.888746920947951	
2468	 0.011643825139002703	 2.860463264105272	
2469	 0.011600110079313762	 2.8425870124903643	
2470	 0.011575502154908362	 2.832543904970449	
2471	 0.011560805042162198	 2.826552430453379	
2472	 0.011550465595152565	 2.822340457957932	
2473	 0.011543200909387217	 2.819382551553324	
2474	 0.011540037903276214	 2.818095082309741	
2475	 0.01154209000211496	 2.8189303413262308	
2476	 0.011553762088427861	 2.8236830750349915	
2477	 0.011566092910239596	 2.8287075161084694	
2478	 0.011578770310040185	 2.8338769017242784	
2479	 0.011591710958143051	 2.839157523488435	
2480	 0.011610535305518274	 2.8468460941198943	
2481	 0.011629865793508458	 2.8547500448042937	
2482	 0.011654346609447582	 2.864772464263144	
2483	 0.011678544654556255	 2.8746929203400016	
2484	 0.01168096536034572	 2.8756860901214436	
2485	 0.011670455729703254	 2.8713751830337784	
2486	 0.011652517173148682	 2.864023009335197	
2487	 0.011627928845672809	 2.853957660347101	
2488	 0.011585468531149291	 2.8366097184276757	
2489	 0.011542287179988968	 2.8190106031991853	
2490	 0.011498208521352065	 2.8010909943394	
2491	 0.011467508066156162	 2.788637139789323	
2492	 0.011449023597230601	 2.781149495076974	
2493	 0.011424985465467037	 2.7714242350496914	
2494	 0.011397296035348998	 2.7602386414853535	
2495	 0.011370805584139387	 2.749554337962071	
2496	 0.011348948128615937	 2.7407511291438245	
2497	 0.011333783646792826	 2.7346501883794296	
2498	 0.011325195842604361	 2.731197574347934	
2499	 0.011321710518623214	 2.7297968433287156	
2500	 0.011322744915554971	 2.730212531321591	
2501	 0.011325032994855861	 2.731132120403464	
2502	 0.011328767911709725	 2.73263346594878	
2503	 0.011331744824888787	 2.7338303488404603	
2504	 0.011334590161466894	 2.7349745266423855	
2505	 0.011329718137419047	 2.733015486187303	
2506	 0.011320250912861783	 2.729210321830093	
2507	 0.011310770011065336	 2.7254017857117074	
2508	 0.011306642795787279	 2.723744522813928	
2509	 0.011307660138383467	 2.7241529942588416	
2510	 0.011310827932911353	 2.7254250468118038	
2511	 0.011311294647832815	 2.7256124798979666	
2512	 0.01129269092256239	 2.7181452029876234	
2513	 0.011239974399536582	 2.6970300588653795	
2514	 0.011176620284116413	 2.671741341747486	
2515	 0.011128328532704406	 2.652529041248759	
2516	 0.011108557378435007	 2.644679330392308	
2517	 0.011099991547014016	 2.6412813413137024	
2518	 0.01108455699146191	 2.6351630025488197	
2519	 0.011055546022653759	 2.623678267907057	
2520	 0.011035471625830486	 2.615743053925172	
2521	 0.011027277849496269	 2.6125068973386654	
2522	 0.011021453477382148	 2.6102075185599696	
2523	 0.011015654858684193	 2.607919111437606	
2524	 0.011022428177512358	 2.6105922598000055	
2525	 0.011028289677833099	 2.612906435253406	
2526	 0.011034027986895272	 2.6151727680962478	
2527	 0.01104105030458875	 2.617947286708293	
2528	 0.011048812153361034	 2.6210153632158306	
2529	 0.01105089218641915	 2.6218377956236973	
2530	 0.011057229966742878	 2.6243443516711573	
2531	 0.01106408467376754	 2.6270564276597197	
2532	 0.011069711606969837	 2.6292835703023685	
2533	 0.011048531048888258	 2.6209042241354212	
2534	 0.011007112530214707	 2.604549370390959	
2535	 0.010957560724007255	 2.585036780885217	
2536	 0.010903256168214475	 2.5637201077198633	
2537	 0.010848199540743945	 2.542180354539561	
2538	 0.01079708288448726	 2.522247162333234	
2539	 0.010780004326516875	 2.5156012888629284	
2540	 0.010768740646654004	 2.5112220300016816	
2541	 0.010746316197016716	 2.5025126124973234	
2542	 0.010713778375077218	 2.4898968008024194	
2543	 0.01067650011850648	 2.475474357532699	
2544	 0.01064276763767953	 2.462452625106128	
2545	 0.010615003851756321	 2.451755604847617	
2546	 0.010598890581995165	 2.445555920094356	
2547	 0.010599609452896473	 2.4458323765028473	
2548	 0.01062203815190803	 2.45446406580967	
2549	 0.010656125985771123	 2.467606055904435	
2550	 0.01069540323730667	 2.4827835251492476	
2551	 0.010736782818084186	 2.4988136169510256	
2552	 0.010777311701255055	 2.5145541328829655	
2553	 0.010817203861023536	 2.530085945457493	
2554	 0.010856549195509657	 2.5454423049984367	
2555	 0.010889423906803754	 2.5583016883793017	
2556	 0.01091395881731347	 2.5679157310606104	
2557	 0.01092927644718266	 2.5739252799779964	
2558	 0.010936007117147635	 2.5765676930304564	
2559	 0.01093378331244584	 2.575694523188554	
2560	 0.010895919816156617	 2.560845716463552	
2561	 0.010845923559526835	 2.5412914896684784	
2562	 0.01080594525321974	 2.5256985883584346	
2563	 0.010842009555921682	 2.5397632000366515	
2564	 0.010879842593653084	 2.5545511533038603	
2565	 0.010917788690323582	 2.5694177740959994	
2566	 0.010922973838679247	 2.5714519041645816	
2567	 0.010911902813607809	 2.567109529142396	
2568	 0.010902116612771821	 2.563273543963195	
2569	 0.010907045708060345	 2.565205358985154	
2570	 0.01091970982111376	 2.5701713572714926	
2571	 0.010940166415096113	 2.578201145895338	
2572	 0.01094692373523432	 2.5808557851587723	
2573	 0.010960703737824398	 2.5862726981553084	
2574	 0.010978165843171248	 2.5931435686132587	
2575	 0.01099847001841473	 2.601141883232135	
2576	 0.011016999901263473	 2.608449856857116	
2577	 0.011031026780939417	 2.613987350212308	
2578	 0.011043022132737074	 2.6187265678614517	
2579	 0.011040443363120824	 2.61770743759827	
2580	 0.011016944437265964	 2.608427970255368	
2581	 0.01095661378383967	 2.5846644649551074	
2582	 0.010860815756643652	 2.5471097636027733	
2583	 0.010744619940612826	 2.501854297031057	
2584	 0.01061589356974914	 2.452098112498558	
2585	 0.010494294583305024	 2.4054647755735057	
2586	 0.010384959561933457	 2.3638410282999094	
2587	 0.010293140760416958	 2.329110552712163	
2588	 0.01021717461650066	 2.3005319874059507	
2589	 0.010145178672199353	 2.2735774336774917	
2590	 0.010102697842879878	 2.257732701335185	
2591	 0.010081261747094682	 2.249754182915801	
2592	 0.010072021895591917	 2.2463185939264823	
2593	 0.010070916965914346	 2.245907896295855	
2594	 0.010074684268137618	 2.2473083097869004	
2595	 0.010082491893413955	 2.250211737975647	
2596	 0.010087398923716467	 2.252037286745278	
2597	 0.010095595197370891	 2.2550878439895254	
2598	 0.010107534786859447	 2.259534574707418	
2599	 0.010124564543643319	 2.265883127502895	
2600	 0.01014330030051538	 2.2728758919176406	
2601	 0.010153690386353562	 2.276757507912285	
2602	 0.010172955195460371	 2.2839616263019806	
2603	 0.010193801446292575	 2.291767380311773	
2604	 0.010210429429322466	 2.2980012643172056	
2605	 0.01022064444982607	 2.301834266241578	
2606	 0.01022033418228838	 2.301717806327754	
2607	 0.010204658698072203	 2.295837031276232	
2608	 0.01016923441939349	 2.282569524484743	
2609	 0.010132669549603358	 2.2689071088155313	
2610	 0.010083817651017474	 2.250704897488699	
2611	 0.010051313215860124	 2.238626261631059	
2612	 0.010043702411082654	 2.2358018468141654	
2613	 0.01004796485532911	 2.237383489453919	
2614	 0.010060159657485516	 2.241911020801804	
2615	 0.01008445142156341	 2.2509406647355594	
2616	 0.010117235045786464	 2.2631498778412706	
2617	 0.0101542765711101	 2.2769765787094083	
2618	 0.010195045678971285	 2.2922336126418834	
2619	 0.010238496983995931	 2.3085392407797563	
2620	 0.010284060703415863	 2.3256871989492645	
2621	 0.010334849446466064	 2.344861380732004	
2622	 0.010388571048459744	 2.365211274302494	
2623	 0.010445852405441868	 2.3869870267080393	
2624	 0.010506604388260676	 2.410169296729057	
2625	 0.010554772452584262	 2.428613332325298	
2626	 0.010602844788629242	 2.447076745300928	
2627	 0.010649431386938055	 2.4650228511865584	
2628	 0.010692661264907673	 2.4817227669326307	
2629	 0.010729959262185406	 2.4961673894407164	
2630	 0.010759954759409843	 2.5078082428934465	
2631	 0.010779793937496908	 2.515519462759915	
2632	 0.010783214782508996	 2.516850055978913	
2633	 0.01079188206399947	 2.5202225956786783	
2634	 0.01080377432365872	 2.524852951010567	
2635	 0.010821384599373759	 2.531715909191461	
2636	 0.010845388496880182	 2.5410825436095315	
2637	 0.010871398967962749	 2.551247782391201	
2638	 0.010900008886050732	 2.562447659694362	
2639	 0.010930659828409555	 2.574468297038706	
2640	 0.010962432880846593	 2.5869527442939817	
2641	 0.01099501888077467	 2.599781700152341	
2642	 0.01102662165449481	 2.612247800459969	
2643	 0.01105839761594252	 2.624806254796101	
2644	 0.01109022832189087	 2.6374104880670655	
2645	 0.011123687640181996	 2.6506856390952094	
2646	 0.011156492992164027	 2.663727197013434	
2647	 0.011188740095292988	 2.676571767952947	
2648	 0.011221342069136175	 2.6895828024690247	
2649	 0.011256493186839947	 2.703639428515009	
2650	 0.011292254571562434	 2.7179701561204586	
2651	 0.011320870589917691	 2.729459323948749	
2652	 0.011339362801611711	 2.736894149235067	
2653	 0.011347772649099816	 2.7402780183992475	
2654	 0.011343395762935117	 2.7385166826112495	
2655	 0.01132732715292695	 2.7320542769329506	
2656	 0.011303957176404499	 2.722666342190582	
2657	 0.011273799234488657	 2.7105707297505717	
2658	 0.011241646187152385	 2.6976986672967778	
2659	 0.01122499917967434	 2.6910438829205052	
2660	 0.011224398548352037	 2.690803898282829	
2661	 0.011232624926034114	 2.6940915245388646	
2662	 0.011243031847167228	 2.6982528931782976	
2663	 0.011248766152286174	 2.700546941608535	
2664	 0.01125169645833458	 2.701719531867172	
2665	 0.01126480920799134	 2.706969219093659	
2666	 0.01129059307654766	 2.717303670913094	
2667	 0.011323614843614572	 2.7305621446195727	
2668	 0.011359904086748916	 2.745162289225995	
2669	 0.011393907045756315	 2.758870847348079	
2670	 0.011426126774305607	 2.7718856734629718	
2671	 0.011462562287338149	 2.78663292644174	
2672	 0.011626041771050918	 2.8531857631047357	
2673	 0.011765142877360227	 2.9103078189164417	
2674	 0.01180075777617229	 2.9250058798058323	
2675	 0.011817432991060646	 2.9318978202802968	
2676	 0.01181439406279119	 2.930641334288444	
2677	 0.011803621550744102	 2.9261890291144588	
2678	 0.011788850780855713	 2.9200886368060766	
2679	 0.011774888746033866	 2.9143269383862584	
2680	 0.011756243215349033	 2.906639606689712	
2681	 0.01174091072673426	 2.9003242896955865	
2682	 0.011725975954900979	 2.894178072469771	
2683	 0.011712519058634093	 2.8886445240227334	
2684	 0.011708790717347258	 2.887112159409186	
2685	 0.011710880938537088	 2.887971209424273	
2686	 0.011717821329159415	 2.8908243405893215	
2687	 0.01172935262606088	 2.8955672426478216	
2688	 0.011743284303672729	 2.901301585651595	
2689	 0.011759690061814659	 2.9080600887519883	
2690	 0.011778075341161823	 2.915641546383467	
2691	 0.011797195523977162	 2.9235344262580583	
2692	 0.011814865457645733	 2.9308362247488855	
2693	 0.011831527586975105	 2.9377282379126872	
2694	 0.011847094608317397	 2.9441731273069105	
2695	 0.011861188366144722	 2.950012943836359	
2696	 0.011885845083423184	 2.9602407027701196	
2697	 0.01196559428460792	 2.993418042457957	
2698	 0.011982414045661726	 3.0004342929127055	
2699	 0.011999498316619946	 3.0075676065499035	
2700	 0.012023212553702181	 3.0174804022077337	
2701	 0.012034499864384592	 3.02220319651203	
2702	 0.012035525025854501	 3.0226322870822386	
2703	 0.012023879540480701	 3.0177593981832453	
2704	 0.012001130469556958	 3.008249445175193	
2705	 0.011967073794869849	 2.994034946661223	
2706	 0.01192328107223551	 2.9757964391868574	
2707	 0.011873717913457595	 2.95520850815876	
2708	 0.011840101025260402	 2.941277020977966	
2709	 0.01181138683058523	 2.929398165549567	
2710	 0.011781900551567413	 2.91721992392112	
2711	 0.011756595829753101	 2.9067849100859666	
2712	 0.011741984459073412	 2.900766371658398	
2713	 0.011736505336743776	 2.8985107646393704	
2714	 0.011736329832825377	 2.898438526006366	
2715	 0.011739870272859037	 2.8998959350053535	
2716	 0.01174501551355089	 2.9020144766185108	
2717	 0.011753841936208547	 2.9056501781074364	
2718	 0.011765389798972813	 2.9104096200497547	
2719	 0.011779293792955144	 2.91614427299937	
2720	 0.011791186125714115	 2.9210528054662848	
2721	 0.011790395121375672	 2.9207262177719797	
2722	 0.011794814284883397	 2.922550976978944	
2723	 0.01179169978774594	 2.921264892654536	
2724	 0.011783828618682221	 2.9180156221741265	
2725	 0.011777404166646627	 2.9153646382196383	
2726	 0.011769477406240588	 2.9120950705388045	
2727	 0.011697167398863667	 2.8823370123387178	
2728	 0.011541610755914738	 2.818735266465958	
2729	 0.011326131852546616	 2.7315738001467356	
2730	 0.011120465230768891	 2.649405972105496	
2731	 0.010949360047004336	 2.5818131676357265	
2732	 0.01083559438888287	 2.5372590837758446	
2733	 0.010761786739925084	 2.5085199120210504	
2734	 0.010709199085003474	 2.4881233313579605	
2735	 0.010670403128643773	 2.4731187059162676	
2736	 0.010649978938790924	 2.4652340910973924	
2737	 0.01064767064594122	 2.464343624376467	
2738	 0.010664325871658031	 2.470771571167252	
2739	 0.010694405575189707	 2.4823975490442547	
2740	 0.010729568933694904	 2.496016050960794	
2741	 0.010762263898992775	 2.508705287173239	
2742	 0.01079256640357666	 2.520488957083579	
2743	 0.010819588479641188	 2.531015596264424	
2744	 0.010877662769243429	 2.553698184305748	
2745	 0.01090237717508761	 2.56337564918356	
2746	 0.01091909711036149	 2.569931005620269	
2747	 0.010933038144024956	 2.575401961659631	
2748	 0.010942002907138622	 2.5789225107334266	
2749	 0.010940909638779903	 2.578493070696764	
2750	 0.010932508969101555	 2.575194209686523	
2751	 0.010919862339494425	 2.5702311879515056	
2752	 0.010902444839906548	 2.5634021649157437	
2753	 0.010878688914993054	 2.554099702688429	
2754	 0.010854663927974012	 2.544705643364867	
2755	 0.010847654286603111	 2.54196739890326	
2756	 0.01086353680068432	 2.548173430886328	
2757	 0.01086776978747413	 2.5498284758904153	
2758	 0.010882365762013494	 2.5555386156445707	
2759	 0.010897647555681515	 2.561522530704023	
2760	 0.010905330211846894	 2.564532954272309	
2761	 0.010879612369634223	 2.5544610608722973	
2762	 0.010842898585713861	 2.540110304641397	
2763	 0.010807210501428143	 2.5261914899141793	
2764	 0.010783475715188869	 2.5169515615349023	
2765	 0.010766343766137849	 2.5102905294716353	
2766	 0.010746662352226865	 2.5026469635103465	
2767	 0.010726116132975406	 2.494677488094709	
2768	 0.010709077487058941	 2.488076245742543	
2769	 0.010664771092819715	 2.470943492504292	
2770	 0.010626867953553176	 2.456324407341506	
2771	 0.010573215066214227	 2.4356900773123487	
2772	 0.01050598389838915	 2.409932071941337	
2773	 0.010442175812740762	 2.385586957557534	
2774	 0.01038124316683882	 2.362431310208869	
2775	 0.010319881187319264	 2.339203897033211	
2776	 0.010258250705018306	 2.315967343035172	
2777	 0.010196892856084215	 2.2929258471048173	
2778	 0.010135942479138852	 2.2701286974885737	
2779	 0.010064562500335661	 2.2435465518075794	
2780	 0.010015970436401645	 2.225522417669389	
2781	 0.009984966417153464	 2.2140525822177946	
2782	 0.009987733418734405	 2.2150752618177774	
2783	 0.010003271629036017	 2.2208216691435596	
2784	 0.010021086581363222	 2.227417396948398	
2785	 0.010040973973287768	 2.2347896546955415	
2786	 0.010067521049947613	 2.244645836906983	
2787	 0.01008788455827011	 2.252217988212757	
2788	 0.010112297221417132	 2.261309253329866	
2789	 0.010141000385267922	 2.2720170283226198	
2790	 0.01018411964118083	 2.2881407614222935	
2791	 0.010223083470162247	 2.302749842421381	
2792	 0.010251831852159674	 2.313552579030018	
2793	 0.010275156216699425	 2.3223319949119494	
2794	 0.010297088454986903	 2.330599536607063	
2795	 0.010325099905008052	 2.3411757709016627	
2796	 0.010358356439828565	 2.3537572403104723	
2797	 0.010393650723619351	 2.3671391081097317	
2798	 0.010431767496925096	 2.381625188768208	
2799	 0.010472412562826902	 2.397111056020991	
2800	 0.010510192530914219	 2.411541293391151	
2801	 0.0105447287500516	 2.4247628574005478	
2802	 0.010577003930299598	 2.437144948715492	
2803	 0.010605327951222192	 2.4480319863881976	
2804	 0.01063267359168167	 2.4585613673851685	
2805	 0.01066392161979464	 2.470615474194509	
2806	 0.010696674861325587	 2.483275526590717	
2807	 0.01072908810759589	 2.495829629719847	
2808	 0.010759881848904527	 2.5077799210343996	
2809	 0.010790149617504538	 2.519548336215858	
2810	 0.010820124161464648	 2.5312244522401603	
2811	 0.010850586774741176	 2.543112801823723	
2812	 0.010882688919099517	 2.5556650968106553	
2813	 0.010915696677847076	 2.5685972613744505	
2814	 0.01094933414344075	 2.5818029877243696	
2815	 0.010983148497312247	 2.5951054464597694	
2816	 0.011016699261430096	 2.6083312225035358	
2817	 0.011050439714055123	 2.621658882021899	
2818	 0.011081763164732092	 2.6340561217049476	
2819	 0.011106674239157186	 2.643932155950309	
2820	 0.011129812944977665	 2.6531187706830246	
2821	 0.011154600080267025	 2.6629739860460284	
2822	 0.011187753142702466	 2.676178281325018	
2823	 0.011220303179615884	 2.6891678055908295	
2824	 0.011252322343654426	 2.701970012310014	
2825	 0.011284528574228937	 2.714871536530679	
2826	 0.01131534404520586	 2.7272389375500783	
2827	 0.011345214228220952	 2.7392484099427707	
2828	 0.01137470368806898	 2.7511255068089646	
2829	 0.011403495861904754	 2.7627415894938387	
2830	 0.011433849696263858	 2.7750089072886643	
2831	 0.011459802045828417	 2.785514624637359	
2832	 0.011490128141741562	 2.7978109795865582	
2833	 0.01154461321138511	 2.8199574905773606	
2834	 0.011648433727513261	 2.8623504499631727	
2835	 0.011799524121474876	 2.9244962626032973	
2836	 0.011850875344996724	 2.9457392394697597	
2837	 0.011878532625954293	 2.9572059732795952	
2838	 0.011897188880505352	 2.964950934627562	
2839	 0.011912442008284611	 2.9712891405687594	
2840	 0.011937968471254114	 2.981908382888085	
2841	 0.011999334680621115	 3.0074992503459956	
2842	 0.012025355872066162	 3.018376974210643	
2843	 0.012044551653833717	 3.026411515322374	
2844	 0.01203421180259778	 3.0220826300411177	
2845	 0.011990285811295406	 3.0037202038509156	
2846	 0.011929338393890203	 2.978316496148219	
2847	 0.011855826236460783	 2.947790574025407	
2848	 0.011756238394953785	 2.9066376203479902	
2849	 0.011650205497853021	 2.8630761104355362	
2850	 0.011576346827678021	 2.832888401314081	
2851	 0.01151277962460716	 2.8070096300601493	
2852	 0.011468355358986495	 2.788980552155458	
2853	 0.01144082026766312	 2.777829090170788	
2854	 0.011418657045993614	 2.768866172480695	
2855	 0.011395364262080494	 2.759458945736467	
2856	 0.011363074440095147	 2.7464392871052032	
2857	 0.011323929575769286	 2.7306886359802247	
2858	 0.011287127588907979	 2.715913750008912	
2859	 0.011254270844450595	 2.7027498653401816	
2860	 0.011227920776762986	 2.6922113407731803	
2861	 0.011207122029601968	 2.6839046616893256	
2862	 0.011191673251346968	 2.6777413200553366	
2863	 0.011179313249263896	 2.672814338172168	
2864	 0.011165374187667904	 2.667262262337107	
2865	 0.011131485654286384	 2.653783369870839	
2866	 0.011093391869646613	 2.63866450002442	
2867	 0.011041433521420422	 2.6180987295879605	
2868	 0.010993788260941832	 2.5992967497106783	
2869	 0.010951830927437822	 2.582784279412051	
2870	 0.010910672916691535	 2.56662730932466	
2871	 0.010869922177423268	 2.5506701983415963	
2872	 0.010819047731586583	 2.5308047720170626	
2873	 0.010766002900927503	 2.510158070130801	
2874	 0.010710770591432496	 2.4887318880822744	
2875	 0.010673054732525687	 2.4741430774524216	
2876	 0.010663257159436782	 2.4703589094265195	
2877	 0.010657645760576867	 2.4681926330215154	
2878	 0.010654988481307366	 2.4671670575558355	
2879	 0.010653955339138547	 2.466768362937511	
2880	 0.01065711225546283	 2.467986713338845	
2881	 0.010666199704235645	 2.4714951804981795	
2882	 0.010676264702081682	 2.4753833846743794	
2883	 0.010676029750487816	 2.475292592775791	
2884	 0.010673665046954228	 2.4743788790478374	
2885	 0.010676135006974185	 2.4753332666753862	
2886	 0.010683954473452042	 2.478355663615832	
2887	 0.010695252049635928	 2.482725032031364	
2888	 0.010710143122420896	 2.4884888972177706	
2889	 0.01071619086912774	 2.490831315820574	
2890	 0.010707648883277653	 2.487523083082536	
2891	 0.010669447050814332	 2.472749394136318	
2892	 0.01061702601287541	 2.4525340877924195	
2893	 0.010565839344856187	 2.432858899107057	
2894	 0.010518162782486707	 2.414589992526415	
2895	 0.010477424158876359	 2.3990232655943533	
2896	 0.010449070965360107	 2.388212943863291	
2897	 0.010427063194390582	 2.3798354311575802	
2898	 0.010404050122377457	 2.3710878381869236	
2899	 0.010394010756725998	 2.3672757713974337	
2900	 0.010398835987699858	 2.369107662880975	
2901	 0.010405136885193967	 2.3715006421409517	
2902	 0.010410609732000562	 2.373579925230813	
2903	 0.01041766981634524	 2.3762633195049876	
2904	 0.010427826400629414	 2.3801257573227557	
2905	 0.010442110745028451	 2.3855621823308932	
2906	 0.010463625232486014	 2.3937596610381755	
2907	 0.010491418867444965	 2.4043662737037175	
2908	 0.010524159109333015	 2.4168846616485538	
2909	 0.01055605533422858	 2.429105329303781	
2910	 0.010586978854170544	 2.4409768430235395	
2911	 0.010622611413816116	 2.4546848451688734	
2912	 0.010677898435143848	 2.476014741874944	
2913	 0.01073732906734504	 2.49902550510266	
2914	 0.010804058519459554	 2.524963646723115	
2915	 0.010871624004210139	 2.5513358003776956	
2916	 0.010924226916141125	 2.571943582177189	
2917	 0.010959412959074108	 2.585765100760859	
2918	 0.010971811331594292	 2.590642394692665	
2919	 0.010957186813655168	 2.58488976504186	
2920	 0.01092095553866483	 2.570660049945855	
2921	 0.010883664060967822	 2.556046774919024	
2922	 0.01085258047181981	 2.543891639441262	
2923	 0.010833048716949886	 2.5362656721284473	
2924	 0.01083911773431595	 2.538634275081965	
2925	 0.010860149252462028	 2.546849251467666	
2926	 0.010869997781795544	 2.55069976651807	
2927	 0.010876573474945424	 2.553271984291643	
2928	 0.010896980210848565	 2.5612611005921786	
2929	 0.010926383529206822	 2.5727898742716677	
2930	 0.010959576713146318	 2.5858294946713043	
2931	 0.011017687729408716	 2.6087212862512947	
2932	 0.011185483955901266	 2.675273670456782	
2933	 0.011330719454692294	 2.7334180699351687	
2934	 0.011428221229453327	 2.772732554920778	
2935	 0.011509759148868247	 2.8057823326173605	
2936	 0.011593796459160725	 2.840008910744288	
2937	 0.011648560231493998	 2.862402259509055	
2938	 0.011678827150023503	 2.874808815812092	
2939	 0.011684624331506362	 2.877187557217441	
2940	 0.011669799846928354	 2.8711062346330993	
2941	 0.011641776431961135	 2.8596244922734306	
2942	 0.01161111953779509	 2.847084849587616	
2943	 0.011577626617992358	 2.833410390503524	
2944	 0.011540481218976033	 2.818275515251343	
2945	 0.011504157267262984	 2.8035067115363588	
2946	 0.011469741035877574	 2.7895422109442114	
2947	 0.011473977330452747	 2.7912595960373716	
2948	 0.011501171820312529	 2.8022942517942337	
2949	 0.011532547091048508	 2.8150469621647143	
2950	 0.011565130700431248	 2.828315315870023	
2951	 0.011598569770893396	 2.841957957121962	
2952	 0.011633130251760871	 2.8560856985478846	
2953	 0.011665978301149276	 2.8695393888249408	
2954	 0.011695939690653034	 2.8818328240325237	
2955	 0.011724239954775085	 2.8934639818660126	
2956	 0.01183863432349265	 2.940669791070317	
2957	 0.01196555563748578	 2.9934019286367515	
2958	 0.0120989710433601	 3.049235581131609	
2959	 0.012247316185162933	 3.111800885393732	
2960	 0.012404370600626184	 3.17859213894305	
2961	 0.012512550559310045	 3.2249277714638853	
2962	 0.012526442362160727	 3.2308973295223837	
2963	 0.012540143367457462	 3.2367892230163515	
2964	 0.012543666586704813	 3.2383050198882515	
2965	 0.012544041946930196	 3.2384665280908584	
2966	 0.012547789465141191	 3.240079168957975	
2967	 0.012551380068002561	 3.241624586874376	
2968	 0.012554820320011558	 3.2431055693511315	
2969	 0.012557578195393554	 3.244292993208051	
2970	 0.012559567151794983	 3.2451494611628386	
2971	 0.012546579833883938	 3.2395586024861474	
2972	 0.012549360668608699	 3.2407553884789873	
2973	 0.012551955337266966	 3.2418722137583407	
2974	 0.012554629188781335	 3.2430232828141827	
2975	 0.012557592686913118	 3.244299233099313	
2976	 0.01256073941816182	 3.2456542951641194	
2977	 0.012563589707559815	 3.2468818972254203	
2978	 0.012565418550857074	 3.247669666546085	
2979	 0.01256640975449708	 3.248096656784661	
2980	 0.012501545194654625	 3.220201703364578	
2981	 0.012405320916609626	 3.178998009872236	
2982	 0.012297811125428364	 3.133213202011349	
2983	 0.012192838182847589	 3.088765469402952	
2984	 0.012086393384893347	 3.043954284595928	
2985	 0.01196182070317089	 2.991844820798814	
2986	 0.01185603387414151	 2.9478766183548695	
2987	 0.011750088297542005	 2.9041037901493474	
2988	 0.011642485193248913	 2.8599146587957245	
2989	 0.011536739661275061	 2.816752817216954	
2990	 0.0114396935658705	 2.7773731668191632	
2991	 0.011356610336716226	 2.7438358395776667	
2992	 0.011243487023179701	 2.6984349609964715	
2993	 0.011122861055377006	 2.6503573663328988	
2994	 0.011001765605385638	 2.6024410253641266	
2995	 0.010898916777061078	 2.562019773397805	
2996	 0.010825056295968567	 2.5331477567677223	
2997	 0.010759340686500475	 2.5075697121804947	
2998	 0.010713978244225245	 2.4899742177244195	
2999	 0.010700640789838812	 2.4848102263059886	
3000	 0.010707492097314994	 2.487462377755296	
3001	 0.010733276217179458	 2.497453590040792	
3002	 0.010770807206638946	 2.5120252689149347	
3003	 0.010809018918824576	 2.526896060171377	
3004	 0.010845730333670457	 2.541216032699841	
3005	 0.0108863039358721	 2.557080156881581	
3006	 0.010922360990902234	 2.571211450857414	
3007	 0.010949167953964572	 2.5817376768555844	
3008	 0.01096395415168537	 2.5875510965414414	
3009	 0.010954256439351145	 2.583737702412433	
3010	 0.010928904471877863	 2.5737792767509315	
3011	 0.01089189073470068	 2.559267666402258	
3012	 0.010849222146599493	 2.5425797649349766	
3013	 0.010804529814812365	 2.525147222943409	
3014	 0.010760100924391402	 2.507865020611313	
3015	 0.01071783736796143	 2.491469191869473	
3016	 0.010685060412815865	 2.478783252742738	
3017	 0.010650479517654464	 2.4654272156442705	
3018	 0.01061443268399575	 2.4515357370295483	
3019	 0.010578988786625677	 2.437907244791223	
3020	 0.010557009141726855	 2.429471149139784	
3021	 0.01054559739657749	 2.425095775663573	
3022	 0.010537947683107632	 2.4221645679603068	
3023	 0.010538702795598626	 2.4224538479450355	
3024	 0.010548963400178373	 2.4263860059633426	
3025	 0.010568059254877806	 2.433710875288946	
3026	 0.010592903782190922	 2.443254060174298	
3027	 0.010621358603786336	 2.454202362915354	
3028	 0.010655622969545527	 2.4674119224461637	
3029	 0.010690298602076652	 2.48080889368259	
3030	 0.010724057420866498	 2.4938795145472	
3031	 0.010756678976030718	 2.5065359012885695	
3032	 0.010786104914208733	 2.5179744389702208	
3033	 0.010795536410733934	 2.521645085697245	
3034	 0.010777735952034339	 2.5147191114939305	
3035	 0.0107786893411928	 2.5150898722055204	
3036	 0.010766705273643828	 2.5104310134101864	
3037	 0.010738212857722878	 2.499368339476407	
3038	 0.010695168414445577	 2.4826926745830256	
3039	 0.010644267488750048	 2.4630310281782797	
3040	 0.010612457541156644	 2.4507754776966566	
3041	 0.010583324026946879	 2.4395725516301385	
3042	 0.010561664828804513	 2.43125709057985	
3043	 0.010554497252852083	 2.428507795875185	
3044	 0.01056486375530159	 2.4324845166908253	
3045	 0.010588575772398221	 2.4415905271310305	
3046	 0.010617654018100919	 2.452775874677763	
3047	 0.010647740401094561	 2.4643705318332723	
3048	 0.010677212471209672	 2.4757496428243186	
3049	 0.010707029496583857	 2.48728326868963	
3050	 0.01073635745023529	 2.4986486232475746	
3051	 0.010765661618352598	 2.51002545140417	
3052	 0.010797210166258925	 2.522296718519281	
3053	 0.01082950514888782	 2.5348831050289364	
3054	 0.01086144370330201	 2.5473552147618794	
3055	 0.010892695383681981	 2.559582788126242	
3056	 0.010921624278451518	 2.5709224106487283	
3057	 0.010948595774469138	 2.5815128208611537	
3058	 0.010973559935483858	 2.5913305594024183	
3059	 0.011003293548681663	 2.6030434387312127	
3060	 0.011032233285580714	 2.6144638702002907	
3061	 0.011060142474924798	 2.6254965533678782	
3062	 0.011087250061780757	 2.636230140968915	
3063	 0.011108952370203179	 2.644836062256872	
3064	 0.011128490491134874	 2.652593381777394	
3065	 0.011146424353196337	 2.6597217509831514	
3066	 0.011163019191915414	 2.6663246986454188	
3067	 0.011177169429034186	 2.6719601313832078	
3068	 0.011194847801674285	 2.6790073547983106	
3069	 0.011218882086719617	 2.688600174475486	
3070	 0.011239302325082318	 2.6967612906260725	
3071	 0.0112590738967454	 2.704672586613193	
3072	 0.011278555412686613	 2.7124768854903896	
3073	 0.011298021549047778	 2.72028400478163	
3074	 0.011317486053499883	 2.728099441218205	
3075	 0.011335453774094149	 2.735321843791373	
3076	 0.011357263715423813	 2.744098946003834	
3077	 0.01137687321781641	 2.752000112462301	
3078	 0.011393904375666522	 2.758869769808378	
3079	 0.011408563191681244	 2.7647880081910694	
3080	 0.011428264670889726	 2.7727501213228662	
3081	 0.011469648508101	 2.789504705092427	
3082	 0.011465515814621713	 2.787829736115448	
3083	 0.011477332758362107	 2.792620179647634	
3084	 0.011488869263950811	 2.797300110106433	
3085	 0.011498278031299557	 2.8011192167185532	
3086	 0.011506217969942948	 2.8043437334063253	
3087	 0.011512503112484522	 2.8068972671031607	
3088	 0.011506216022536962	 2.8043429423564374	
3089	 0.01148836514104034	 2.7970955407366445	
3090	 0.011461303879759745	 2.786123064920965	
3091	 0.011435714600282962	 2.7757633056697073	
3092	 0.011417834967609737	 2.768533942751526	
3093	 0.011412984681891013	 2.7665741025590513	
3094	 0.011423232462613757	 2.7707155447086564	
3095	 0.011438012200645754	 2.776692852868771	
3096	 0.011453749432125787	 2.783063058786349	
3097	 0.011469787342155337	 2.7895609811282807	
3098	 0.011483585002996774	 2.7951560932850454	
3099	 0.0114951957441801	 2.7998678580140908	
3100	 0.011503553636957533	 2.8032615462488937	
3101	 0.011514766509188843	 2.8078170697300555	
3102	 0.011528106264714361	 2.813240548554853	
3103	 0.011542182403933255	 2.818967953662793	
3104	 0.011553931429487869	 2.823752052253193	
3105	 0.011548344013741378	 2.8214765016695225	
3106	 0.011517803361242215	 2.8090513796952044	
3107	 0.011514691454023703	 2.807786566764465	
3108	 0.011504531460887923	 2.8036586951032056	
3109	 0.011478619264787465	 2.7931419120797365	
3110	 0.01144992263124743	 2.7815134873171172	
3111	 0.01142132498242979	 2.7699444858400306	
3112	 0.011386510748246675	 2.7558866480129285	
3113	 0.011347275621175382	 2.740077982842648	
3114	 0.011301648784525099	 2.721739741451537	
3115	 0.011268252556184164	 2.7083484386753534	
3116	 0.011268841485941131	 2.708584360315588	
3117	 0.011280409922666537	 2.7132202713487032	
3118	 0.011307163472329618	 2.723953575680063	
3119	 0.011321278909744954	 2.729623402283817	
3120	 0.011332802982112896	 2.7342558367685044	
3121	 0.011344711915623173	 2.7390462779174682	
3122	 0.011358789377788081	 2.744713348095378	
3123	 0.011372413018815638	 2.750202186703041	
3124	 0.011389050836085003	 2.756911356815546	
3125	 0.011401404710651738	 2.761897263997029	
3126	 0.011411394792717012	 2.7659318016933794	
3127	 0.011421202315232264	 2.769894903135241	
3128	 0.011428649698835464	 2.772905816916679	
3129	 0.011415842192503552	 2.767728660990811	
3130	 0.011378827547779717	 2.752788059515653	
3131	 0.011372313684617283	 2.750162150002874	
3132	 0.011358417952491625	 2.744563765714251	
3133	 0.011322790095862095	 2.730230688285836	
3134	 0.011274212164564954	 2.7107362004170117	
3135	 0.011226526367040158	 2.6916541152732543	
3136	 0.011172500502298644	 2.6701001719591417	
3137	 0.01111445535706405	 2.647020021755733	
3138	 0.011054442419245468	 2.623241774475708	
3139	 0.011016470808478306	 2.60824107498688	
3140	 0.01099855940981017	 2.601177118486407	
3141	 0.010973216171285344	 2.591195264904239	
3142	 0.010953337999580669	 2.5833766644976692	
3143	 0.01095388342596981	 2.5835910687267414	
3144	 0.010965554866830499	 2.5881807558990806	
3145	 0.010962112476748402	 2.586826728746943	
3146	 0.01097221118868172	 2.590799752378817	
3147	 0.010983464189707323	 2.5952297676571354	
3148	 0.011009624635486008	 2.6055401539903236	
3149	 0.011013257676949328	 2.606973305575771	
3150	 0.010891371065264948	 2.559064158418711	
3151	 0.010765619063547636	 2.5100089152625964	
3152	 0.010646666768693051	 2.463956400286164	
3153	 0.010529359499281217	 2.418875448226447	
3154	 0.01041821223685002	 2.3764695326573064	
3155	 0.010373888912951637	 2.359642656290534	
3156	 0.010349227334298857	 2.3503008706992463	
3157	 0.010293145410276839	 2.329112306313517	
3158	 0.01022510957124063	 2.3035105248791012	
3159	 0.010148479690904735	 2.274810521145355	
3160	 0.010065241995350015	 2.2437990073918477	
3161	 0.009986113034926053	 2.2144763474912654	
3162	 0.009908908216307391	 2.1860156128885366	
3163	 0.009842369312984675	 2.161605042945596	
3164	 0.009810822263297726	 2.150069985299115	
3165	 0.009807253228084862	 2.148766536121585	
3166	 0.009814605757420162	 2.151452102346491	
3167	 0.009827366279190527	 2.1561161626194356	
3168	 0.009844464260369981	 2.1623719264019527	
3169	 0.009867807484355364	 2.170924384114802	
3170	 0.009897318362904906	 2.1817558564468857	
3171	 0.009932115842695426	 2.194555374757834	
3172	 0.009984795965031231	 2.213989589548258	
3173	 0.010036411665722092	 2.2330975456962507	
3174	 0.010088629565904924	 2.2524952119941157	
3175	 0.010124565673364783	 2.2658835488900553	
3176	 0.01015769679771422	 2.278254964579621	
3177	 0.010155509025666455	 2.2774372029716847	
3178	 0.010115674939602543	 2.262568267579773	
3179	 0.010091565493645784	 2.253587828954917	
3180	 0.010064243603804592	 2.243428074782183	
3181	 0.010032631523280497	 2.231695921416491	
3182	 0.00999431627005284	 2.2175090329562717	
3183	 0.009946702447966003	 2.1999296544810423	
3184	 0.009899500636327007	 2.1825576793194226	
3185	 0.00986177419360186	 2.16871262152769	
3186	 0.009835219649299714	 2.158988632525469	
3187	 0.009825435176918468	 2.1554100717619216	
3188	 0.009856280361244191	 2.1666994051871136	
3189	 0.009909000078371172	 2.186049389318429	
3190	 0.009962852491956291	 2.2058860985682185	
3191	 0.010007375191849986	 2.222340260203154	
3192	 0.010048948998543288	 2.2377487338421758	
3193	 0.010088278042510591	 2.252364405399588	
3194	 0.01012263360767927	 2.2651629324023776	
3195	 0.010153755044305988	 2.2767816716704044	
3196	 0.010187945071592975	 2.289573419895903	
3197	 0.01022139478934559	 2.3021159183251605	
3198	 0.010257813271627746	 2.3158027491753317	
3199	 0.010298885690231201	 2.3312775404482173	
3200	 0.010337311084459868	 2.3457923180382725	
3201	 0.010367366886264188	 2.357170676376794	
3202	 0.01037784273026016	 2.3611417375050063	
3203	 0.01042287621689005	 2.378242943186745	
3204	 0.010453806641761302	 2.3900171731933275	
3205	 0.010481165850551089	 2.4004513319064866	
3206	 0.010507848962986885	 2.4106451488886793	
3207	 0.010535429270925092	 2.4211998761959053	
3208	 0.010549275592062859	 2.4265056868367987	
3209	 0.010559964568505917	 2.4306048026205085	
3210	 0.010565931596679467	 2.432894301929792	
3211	 0.010563006079969002	 2.431771697650554	
3212	 0.010562504560453712	 2.4315792711051296	
3213	 0.01055680834955032	 2.42939413621239	
3214	 0.01054901292081641	 2.42640498987778	
3215	 0.010538979559882615	 2.422559878479462	
3216	 0.01053010672840583	 2.419161552514112	
3217	 0.010527133947131156	 2.4180233935247286	
3218	 0.01053448595496046	 2.4208385733527726	
3219	 0.010552068274270458	 2.427576385507527	
3220	 0.010568348881663588	 2.4338220395498067	
3221	 0.010587430344036306	 2.441150341051729	
3222	 0.010608541075959215	 2.449268255949964	
3223	 0.010632045313460122	 2.458319247325462	
3224	 0.010645946972215528	 2.4636787692354547	
3225	 0.0106239502441089	 2.4552004974832897	
3226	 0.010532867037631137	 2.4202185562695706	
3227	 0.01043611484366434	 2.383279620565585	
3228	 0.010357139675725466	 2.353296444045458	
3229	 0.010265309047369279	 2.318623845234389	
3230	 0.010144866160443126	 2.273460709532943	
3231	 0.009999917132489567	 2.2195805908688735	
3232	 0.009839139748204322	 2.1604230308193397	
3233	 0.009694939917391584	 2.10791027061695	
3234	 0.009573564529932655	 2.064110920637631	
3235	 0.009483132701667158	 2.0317173833751223	
3236	 0.0094488109452829	 2.0194767115087515	
3237	 0.009455022440335081	 2.021689815042361	
3238	 0.009486793747600166	 2.0330248218998745	
3239	 0.009516838404910966	 2.0437671223262144	
3240	 0.009541503050124417	 2.0526027468256154	
3241	 0.009564878252428508	 2.0609905194748115	
3242	 0.009589451266787768	 2.0698228513657813	
3243	 0.00961741291459693	 2.0798915352628184	
3244	 0.009649467466049883	 2.0914580610227924	
3245	 0.00968450168782147	 2.104129096455793	
3246	 0.009721981360312755	 2.117718465344086	
3247	 0.009762136479033982	 2.1323167002162213	
3248	 0.009802645448003132	 2.1470841940293077	
3249	 0.009829576828383873	 2.156924544381552	
3250	 0.009823174488571229	 2.1545835881469584	
3251	 0.00982583954444325	 2.1555579175954658	
3252	 0.009796984224683874	 2.1450179519657246	
3253	 0.009768962073052459	 2.134802105599461	
3254	 0.009764162862495108	 2.133054446895007	
3255	 0.009799276995105362	 2.1458546749891716	
3256	 0.009708869669354324	 2.1129604528183026	
3257	 0.009600392740080921	 2.0737604287154348	
3258	 0.009479750190495228	 2.0305097146571436	
3259	 0.009365904739809647	 1.99003085655071	
3260	 0.009286898017016577	 1.9621312019500583	
3261	 0.00925136050896548	 1.9496332590154744	
3262	 0.009247155958257829	 1.9481567032178515	
3263	 0.009266988120262725	 1.955125291477055	
3264	 0.009309159092204384	 1.9699763118178877	
3265	 0.009371153079845946	 1.991889781676208	
3266	 0.009446759089220817	 2.018745865477856	
3267	 0.00953280232576337	 2.0494841428338524	
3268	 0.009660875865280976	 2.095580843022216	
3269	 0.009868612153992724	 2.1712194385839645	
3270	 0.010109891741147257	 2.2604128029735087	
3271	 0.010439673275597795	 2.3846341639467905	
3272	 0.01108674064687171	 2.6360282702972877	
3273	 0.011584574362168485	 2.836244844223412	
3274	 0.011709501524482075	 2.8874042791646906	
3275	 0.011712607639792545	 2.88868093522259	
3276	 0.011679947536086059	 2.87526847936736	
3277	 0.011627524448734662	 2.853792237026632	
3278	 0.011554863459747324	 2.8241317055831874	
3279	 0.01146505568615778	 2.7876432722477436	
3280	 0.011363319253214906	 2.746537906130986	
3281	 0.011249150895395013	 2.70070088866632	
3282	 0.011132493410275661	 2.654183802612215	
3283	 0.011028770147887156	 2.6130961657200023	
3284	 0.010944664954394034	 2.5799682928103698	
3285	 0.010873494563811223	 2.552067475697879	
3286	 0.01081146209307122	 2.5278480603109896	
3287	 0.010764827662009844	 2.509701396758865	
3288	 0.010736807804598321	 2.4988233089744263	
3289	 0.010722913183880217	 2.493436043142085	
3290	 0.010718855660338585	 2.491863724887266	
3291	 0.010721850223744918	 2.493024100434487	
3292	 0.010734002943773024	 2.4977354249104535	
3293	 0.010746931866471415	 2.5027515703520162	
3294	 0.010757958154262727	 2.5070327140541577	
3295	 0.010769044397949885	 2.511340086845217	
3296	 0.010769389926177186	 2.5114743835288125	
3297	 0.010744752569781874	 2.5019057677862855	
3298	 0.010685367396050742	 2.4789019468445046	
3299	 0.010638268181522945	 2.460717779350528	
3300	 0.010588654475208657	 2.4416207736464957	
3301	 0.010530056899171454	 2.4191424731288533	
3302	 0.010469156500574868	 2.3958690095443234	
3303	 0.010406636082580788	 2.3720701554426356	
3304	 0.010361952483750223	 2.355119295818894	
3305	 0.010309802406634747	 2.3353975471632173	
3306	 0.010280971818721426	 2.3245230899874527	
3307	 0.010268281447889733	 2.3197429126796125	
3308	 0.01026428442338774	 2.3182381386211937	
3309	 0.010224047015600956	 2.3031115848483377	
3310	 0.010133616056169912	 2.269260356024845	
3311	 0.010101898284869673	 2.2574349028871485	
3312	 0.010097720214991696	 2.2558790203280714	
3313	 0.010076978186288556	 2.248161195501194	
3314	 0.01005141290630665	 2.238663266810489	
3315	 0.010009407463672923	 2.223092489621381	
3316	 0.009961468684091862	 2.2053754715158713	
3317	 0.009880318207310763	 2.1755136017955903	
3318	 0.009770354753880014	 2.1353093650916537	
3319	 0.00964660346131488	 2.0904235733378163	
3320	 0.009524303457667995	 2.046439721770585	
3321	 0.009334124004573346	 1.9787891801674176	
3322	 0.009127064268401139	 1.906172052008522	
3323	 0.008995561499445295	 1.860618686544688	
3324	 0.00888670837624258	 1.8232454195048593	
3325	 0.008769587859765062	 1.7833731449232455	
3326	 0.008633486328477618	 1.737483114608939	
3327	 0.008484444758383032	 1.6877804831578114	
3328	 0.008363667450546498	 1.6479277891287816	
3329	 0.008243176804302811	 1.608550159978946	
3330	 0.00813424603361434	 1.5732790406841632	
3331	 0.008037217719501699	 1.5421258071992194	
3332	 0.007969102663259417	 1.5204049896440885	
3333	 0.007936147716161336	 1.509940455669285	
3334	 0.007922498954522081	 1.5056148892132688	
3335	 0.007932394909854703	 1.5087506212903594	
3336	 0.007965142777963877	 1.5191460373432404	
3337	 0.008003860974039897	 1.5314734680890971	
3338	 0.008032139510581932	 1.5405021965102341	
3339	 0.008053175652421009	 1.5472323470990252	
3340	 0.008077573879499485	 1.555052830524474	
3341	 0.008103357060235454	 1.5633343709115188	
3342	 0.008131512125480527	 1.5723978448006095	
3343	 0.008162564874414798	 1.582418408941138	
3344	 0.008192810027837357	 1.5922028286794185	
3345	 0.008197371379636857	 1.5936805359512316	
3346	 0.008178303557220427	 1.5875069208181227	
3347	 0.008173503077930178	 1.585954173587194	
3348	 0.008171605826358418	 1.5853406624241777	
3349	 0.008165874321058522	 1.5834878515934934	
3350	 0.00815439293847363	 1.5797788983285497	
3351	 0.00814174945715764	 1.5756985659853722	
3352	 0.008131917961786734	 1.572528641865079	
3353	 0.008125747812781223	 1.5705405332236417	
3354	 0.008125336498772123	 1.5704080378442682	
3355	 0.008129383399996018	 1.5717118487195785	
3356	 0.008158978210148615	 1.5812597101918737	
3357	 0.008239576631226795	 1.607379451161155	
3358	 0.00832221934209751	 1.6343391338748272	
3359	 0.008405470008786567	 1.6616781969689243	
3360	 0.008485733263452176	 1.688207701016911	
3361	 0.008544965932775	 1.707893593010981	
3362	 0.008618876119736624	 1.7325853888831853	
3363	 0.008715018939570447	 1.764916413777782	
3364	 0.008767141881306508	 1.782544203130168	
3365	 0.008862825410668808	 1.8150861390814665	
3366	 0.009035344841312958	 1.8743533669321	
3367	 0.009181171601057638	 1.9250429537304767	
3368	 0.009337271424211325	 1.979901368078059	
3369	 0.009490722621191997	 2.0344282816895425	
3370	 0.009615930693021246	 2.079357312986686	
3371	 0.00975090943790877	 2.128231114231953	
3372	 0.00985602781778292	 2.16660687854863	
3373	 0.009891730466823442	 2.1797032582855804	
3374	 0.00988667984157071	 2.177848680434599	
3375	 0.009864507895974706	 2.1697146661419	
3376	 0.00983626160699102	 2.159369856726432	
3377	 0.009816782809897423	 2.1522475444584144	
3378	 0.009812900745230517	 2.1508292144234824	
3379	 0.009775152557892046	 2.1370572498806664	
3380	 0.009763400754960851	 2.1327769739575686	
3381	 0.009746553894635692	 2.126646950464225	
3382	 0.009722082540027897	 2.1177551984074503	
3383	 0.009694066110264698	 2.1075936360812584	
3384	 0.0096664820746305	 2.0976080120973406	
3385	 0.009641143251653515	 2.0884518953718496	
3386	 0.009620129130043568	 2.0808706560512307	
3387	 0.009604468561986263	 2.0752279857354416	
3388	 0.009597306934909362	 2.072649617386961	
3389	 0.00959349194845801	 2.0712766484722294	
3390	 0.009590532842123859	 2.0702119514035577	
3391	 0.00958791239676323	 2.06926928858986	
3392	 0.009579817121211077	 2.0663582290782263	
3393	 0.009549543539581755	 2.0554863886203973	
3394	 0.009492768349437223	 2.03515920362769	
3395	 0.009460726722396982	 2.0237230568166993	
3396	 0.009404378969099493	 2.0036742610434515	
3397	 0.009344317481119746	 1.9823921040177974	
3398	 0.009297860612614206	 1.9659930069501057	
3399	 0.009259451149309785	 1.952475792154675	
3400	 0.009227392706606384	 1.9412222331752143	
3401	 0.00919839982837461	 1.931067206259995	
3402	 0.009175928827143957	 1.9232111897272017	
3403	 0.009169627287667582	 1.9210104285511993	
3404	 0.00922970157536987	 1.942031851763897	
3405	 0.009284863477299229	 1.961414826699941	
3406	 0.009288977103805711	 1.9628633706230996	
3407	 0.009286156333441792	 1.961870038007082	
3408	 0.009278041173628179	 1.9590134110522113	
3409	 0.009270799054496199	 1.9564655103122393	
3410	 0.009270430481360942	 1.9563358754830718	
3411	 0.009275542196098292	 1.9581340783597074	
3412	 0.009277036883876495	 1.9586600056175212	
3413	 0.009281092997227765	 1.9600874917288305	
3414	 0.009292819564555226	 1.964216814476278	
3415	 0.009315173207949069	 1.972097917113571	
3416	 0.009340735303446262	 1.9811256706521068	
3417	 0.009358933924083225	 1.9875629161993094	
3418	 0.009339978312854175	 1.9808580876884014	
3419	 0.009331200759543799	 1.977756431628624	
3420	 0.009268598720005286	 1.9556916579300492	
3421	 0.009155310250891332	 1.9160140676416892	
3422	 0.009023525047068819	 1.8702685183928336	
3423	 0.008875567672069939	 1.8194375325358283	
3424	 0.008725370168151763	 1.7684115840879038	
3425	 0.008580353224061296	 1.7196980325120799	
3426	 0.008455215353342376	 1.6781007795789196	
3427	 0.008365626749362764	 1.6485712538742254	
3428	 0.00831667625031998	 1.6325252586828949	
3429	 0.008285246474149714	 1.6222556831923647	
3430	 0.008252356158920336	 1.6115366567304803	
3431	 0.008223836507615741	 1.6022650627083421	
3432	 0.008202344500727071	 1.5952922658076127	
3433	 0.0081878050958352	 1.590582048986603	
3434	 0.00817235808379255	 1.5855839073300433	
3435	 0.008162298282079757	 1.582332272611766	
3436	 0.008166347015642493	 1.5836406257167395	
3437	 0.008180350717320305	 1.5881692733386266	
3438	 0.008203381497556983	 1.5956284263484284	
3439	 0.00823405909007928	 1.6055859119046836	
3440	 0.00826008296435028	 1.6140522849718557	
3441	 0.008261746276086248	 1.6145940172840414	
3442	 0.008240400311689454	 1.6076472665328578	
3443	 0.00825956728434114	 1.6138843453398615	
3444	 0.008269487415758347	 1.6171162243957546	
3445	 0.008268490716691381	 1.6167913930013966	
3446	 0.008262873473876586	 1.6149611813024036	
3447	 0.00825823595181202	 1.6134508074380298	
3448	 0.00827220035849304	 1.6180005241579423	
3449	 0.008305042428664691	 1.6287209243071508	
3450	 0.0083781792197252	 1.652696067400703	
3451	 0.008450940588301144	 1.6766870017579316	
3452	 0.008522740298489402	 1.7004962360089277	
3453	 0.008592304904002819	 1.7236922002423467	
3454	 0.008601762159240547	 1.7268553749931232	
3455	 0.008599397942524581	 1.7260643963127587	
3456	 0.008603333038866467	 1.7273810128420162	
3457	 0.008610228523961544	 1.7296890935024403	
3458	 0.00861666478001792	 1.7318445716435629	
3459	 0.008630352273050488	 1.7364320310256725	
3460	 0.008655892352513067	 1.745004942015476	
3461	 0.008681121466438482	 1.7534900458878528	
3462	 0.008711141620448636	 1.763607919916658	
3463	 0.008748329913814792	 1.776173983146647	
3464	 0.008786568151540292	 1.789132012475054	
3465	 0.008799975486887735	 1.7936843570590726	
3466	 0.008789674609887473	 1.7901863716097637	
3467	 0.008823639164757693	 1.8017304407149723	
3468	 0.00884714541439072	 1.8097372510243261	
3469	 0.00886229866939914	 1.814906350321069	
3470	 0.008923665492332766	 1.8359001343893036	
3471	 0.008984925106956039	 1.8569534586868695	
3472	 0.009046215503594003	 1.8781133475291398	
3473	 0.0091075887096593	 1.899397812010592	
3474	 0.009167042245772304	 1.920107915355926	
3475	 0.009222550353133319	 1.9395246717044297	
3476	 0.00921500819585741	 1.936881835835062	
3477	 0.009250555925823821	 1.9493506705651664	
3478	 0.009239806765126613	 1.9455768854031206	
3479	 0.009146999549325083	 1.9131161861487123	
3480	 0.00902301180553479	 1.8700912260229459	
3481	 0.008923264802623903	 1.8357627440458806	
3482	 0.008843128945295936	 1.808368136397567	
3483	 0.00877510194805268	 1.78524243419078	
3484	 0.008728939153973356	 1.7696173202044037	
3485	 0.008694189775309615	 1.7578916750032585	
3486	 0.008662917528477568	 1.747366008608943	
3487	 0.00864070624901066	 1.7399054629068913	
3488	 0.008603717676697343	 1.7275097276831899	
3489	 0.008507628508184333	 1.6954739172054851	
3490	 0.008270771379994357	 1.6175347160449236	
3491	 0.008061388170750491	 1.549862984881759	
3492	 0.007860616721990846	 1.4860654987187623	
3493	 0.007706143445786475	 1.4377125535107083	
3494	 0.007581206175234718	 1.399074247830935	
3495	 0.007455474763425893	 1.3606165756532222	
3496	 0.007307562924940187	 1.3159251568784662	
3497	 0.0071755268024106976	 1.2765364936637282	
3498	 0.007056578018093209	 1.2414631388135773	
3499	 0.006949163564790251	 1.2101275265479206	
3500	 0.006858088796478322	 1.1838102333122795	
3501	 0.006791020096227783	 1.1645780745009606	
3502	 0.006731989110529959	 1.1477551707483944	
3503	 0.006684583631684667	 1.134316332320574	
3504	 0.006654676792888569	 1.1258707305606737	
3505	 0.006642419033302757	 1.1224164737674711	
3506	 0.0066445477712123975	 1.1230160509491964	
3507	 0.006658796061843486	 1.127032500284727	
3508	 0.006687262385341379	 1.1350740359309741	
3509	 0.006724899751114006	 1.145741404288614	
3510	 0.006769022865280193	 1.1582977654125124	
3511	 0.006816867784219644	 1.1719750547997965	
3512	 0.006856642967622732	 1.1833943091961576	
3513	 0.006863986089928366	 1.185507323523411	
3514	 0.006849636189424878	 1.181379485344189	
3515	 0.0068641681995587935	 1.185559745494895	
3516	 0.006871131450770427	 1.1875648783540638	
3517	 0.006874442357810911	 1.18851876017409	
3518	 0.0068763703772348524	 1.1890743692340362	
3519	 0.006873049858089186	 1.1881175396806727	
3520	 0.0068680915137598764	 1.1866893335651878	
3521	 0.006863676153253627	 1.1854181074657295	
3522	 0.006859796323683227	 1.184301515941193	
3523	 0.006863078490811751	 1.1852460763993748	
3524	 0.006876830185538253	 1.1892068903231274	
3525	 0.006918878080902293	 1.2013504436358715	
3526	 0.006981203375070881	 1.2194408329401045	
3527	 0.007076822968692835	 1.2474049677534362	
3528	 0.007170842030140586	 1.27514774982082	
3529	 0.00723885148725327	 1.2953675929307715	
3530	 0.007299504596738109	 1.3135075112681813	
3531	 0.007360623035752937	 1.3318885257613333	
3532	 0.007432325867095008	 1.353582782113571	
3533	 0.00752514430801372	 1.3818735509014481	
3534	 0.007579746653200977	 1.3986253639721828	
3535	 0.007618012787313309	 1.4104133569119892	
3536	 0.007645458143721955	 1.418892332041163	
3537	 0.007649188981532584	 1.4200465070828034	
3538	 0.007636138898923173	 1.4160109630442264	
3539	 0.007668276571215285	 1.4259573308325366	
3540	 0.007707220043116494	 1.438047331770663	
3541	 0.007751528709993564	 1.4518525660041666	
3542	 0.007797035743105242	 1.4660860402189018	
3543	 0.007832472670310514	 1.4772082697982543	
3544	 0.00787010299147325	 1.489055698346221	
3545	 0.007895150947941323	 1.496962701440432	
3546	 0.007909152969443238	 1.5013900798732978	
3547	 0.007916005426172176	 1.5035587026344048	
3548	 0.007919042221644997	 1.5045201690709193	
3549	 0.007935315143372704	 1.5096764544983734	
3550	 0.007955451129923354	 1.5160665661886696	
3551	 0.007977615590526389	 1.5231128866053336	
3552	 0.008008263927571231	 1.5328778409102732	
3553	 0.008061075299140668	 1.5497627329475785	
3554	 0.008163862426307983	 1.5828376764202738	
3555	 0.008282590180402177	 1.6213889362768064	
3556	 0.008346917041962295	 1.6424307923165753	
3557	 0.008420868311789183	 1.666754781181702	
3558	 0.008505596301590162	 1.6947989780574033	
3559	 0.008589406372400077	 1.7227231908503167	
3560	 0.008664607354148316	 1.7479341266660302	
3561	 0.00872127998249787	 1.7670301715575834	
3562	 0.008765679417797108	 1.7820486480737088	
3563	 0.00886816366917312	 1.8169086098723397	
3564	 0.008964161496772394	 1.849806793827509	
3565	 0.009049785220912428	 1.8793487104579087	
3566	 0.009134461852162457	 1.9087477025407147	
3567	 0.009212687660773584	 1.9360689906611195	
3568	 0.009275699728187934	 1.9581895056136156	
3569	 0.009334530309130215	 1.9789327399212415	
3570	 0.009392128767582351	 1.9993261528658	
3571	 0.009448377284109228	 2.019322237884526	
3572	 0.00950396878821557	 2.0391628899310135	
3573	 0.009555987791364266	 2.0577987244806115	
3574	 0.00956183556821363	 2.0598979322368054	
3575	 0.009556113083850338	 2.057843692419471	
3576	 0.009541173011532848	 2.052484416358321	
3577	 0.009512498912315896	 2.0422141618732415	
3578	 0.00947876737905898	 2.030158872218734	
3579	 0.009445485082754577	 2.0182921332077854	
3580	 0.00941085586379085	 2.0059747082192128	
3581	 0.00937542778976159	 1.99340436683416	
3582	 0.00932412309403475	 1.9752568678115765	
3583	 0.009259431526507673	 1.9524688959541665	
3584	 0.00917431644890511	 1.922647983848162	
3585	 0.009058949572007893	 1.882521681606039	
3586	 0.00891605599651545	 1.833291657887082	
3587	 0.008808005240996177	 1.7964130056892127	
3588	 0.008681357571844593	 1.7535695310546655	
3589	 0.00853969738272014	 1.7061389003436107	
3590	 0.008379866932540473	 1.6532509738919865	
3591	 0.008215366831929964	 1.5995157363815669	
3592	 0.0080474284806073	 1.5453924736061784	
3593	 0.007886079400211866	 1.4940971098559792	
3594	 0.007737785408871175	 1.4475649273569509	
3595	 0.007607576791065074	 1.4071945940011443	
3596	 0.007509437804170923	 1.3770698117421223	
3597	 0.007454947804447895	 1.360456296965342	
3598	 0.007416135890109918	 1.3486721259725143	
3599	 0.0073877148864906	 1.3400688969219805	
3600	 0.007370729167691049	 1.3349377242836622	
3601	 0.007363976682617702	 1.3329000710459993	
3602	 0.0073661192835857625	 1.333546494863703	
3603	 0.0073793858978685725	 1.3375518300210134	
3604	 0.007404522892932616	 1.345154132854965	
3605	 0.007440072751432006	 1.355935049829598	
3606	 0.007480405952307233	 1.3682082197128604	
3607	 0.007529184291691403	 1.3831102371721302	
3608	 0.007585392087586697	 1.400361967276365	
3609	 0.007614623441116193	 1.4093676620358084	
3610	 0.007611693181445964	 1.408463856464658	
3611	 0.007683895653919145	 1.4308013709684884	
3612	 0.007763624837620191	 1.455630514837912	
3613	 0.00784275078131618	 1.4804404442494052	
3614	 0.007919404956835649	 1.5046350294979987	
3615	 0.007953872597199691	 1.5155652322901587	
3616	 0.008032821108661112	 1.5407200780674333	
3617	 0.008112404740334644	 1.566244648880648	
3618	 0.008203240781779036	 1.5955828092226174	
3619	 0.008207410329994495	 1.5969347112211332	
3620	 0.008138316657045216	 1.574591453809729	
3621	 0.008049228544920305	 1.5459686438399591	
3622	 0.008026192578844054	 1.538601706561544	
3623	 0.008065084605521898	 1.5510476119186387	
3624	 0.008146465890907442	 1.577220170335689	
3625	 0.00820560145433424	 1.5963481591514652	
3626	 0.00825150661626336	 1.611260165563099	
3627	 0.008302865132304311	 1.628009328858948	
3628	 0.008358148064670529	 1.6461156757068165	
3629	 0.008414834297668186	 1.664764721261799	
3630	 0.00847705094731286	 1.6853298209901937	
3631	 0.008539919056572549	 1.7062127143673642	
3632	 0.008592996432495963	 1.7239234176437959	
3633	 0.00861421755974541	 1.7310248801873376	
3634	 0.008603084936008197	 1.7272979899707295	
3635	 0.008622357093054095	 1.7337518007078627	
3636	 0.00860661997103825	 1.7284810724041737	
3637	 0.00854656267276139	 1.708425530347524	
3638	 0.008469723814753027	 1.6829026646406688	
3639	 0.008383820705487438	 1.6545512345841307	
3640	 0.00828406417563897	 1.6218698770788744	
3641	 0.008181183915825226	 1.588438883863411	
3642	 0.008076721423540765	 1.5547793227777114	
3643	 0.007978252266527465	 1.5233154858255986	
3644	 0.00791332989605684	 1.502711818561848	
3645	 0.007897537996060596	 1.4977171058709082	
3646	 0.007895891590942714	 1.497196758526986	
3647	 0.007888637335784264	 1.4949049082459487	
3648	 0.007874785669483684	 1.4905326276006574	
3649	 0.007855941722052527	 1.4845927604281723	
3650	 0.0078354872346791	 1.4781559719451767	
3651	 0.00781554988259383	 1.471892691342853	
3652	 0.00779302557222698	 1.4648295269019305	
3653	 0.007777643524079393	 1.4600138426563711	
3654	 0.007766296864397559	 1.4564655908055988	
3655	 0.007754658731144971	 1.4528297798847263	
3656	 0.0077345788072075055	 1.446565260864421	
3657	 0.007678535317985018	 1.4291381971562997	
3658	 0.007583591759362059	 1.399808071119719	
3659	 0.007517719940823455	 1.379602019216958	
3660	 0.007420582360234679	 1.3500200940666238	
3661	 0.007289630204207361	 1.3105474383652438	
3662	 0.007144952789534829	 1.2674841072992915	
3663	 0.0069872718773178666	 1.221208036258369	
3664	 0.006820826026602041	 1.1731094612210728	
3665	 0.006646531835174367	 1.1235749947927722	
3666	 0.006482699254981343	 1.0777963466389204	
3667	 0.0063400592589030035	 1.0385620408545675	
3668	 0.006259744431084641	 1.0167275400437785	
3669	 0.006229206535207251	 1.0084742205643227	
3670	 0.006193952418744606	 0.9989797649359532	
3671	 0.00616307002958255	 0.9906922240526082	
3672	 0.006160131507854087	 0.9899050871465985	
3673	 0.006174513112211212	 0.9937598477507421	
3674	 0.0061972621972611695	 0.9998696088886568	
3675	 0.006228496927998605	 1.0082827586719512	
3676	 0.0062958813851411955	 1.0265288168738564	
3677	 0.006398938666052285	 1.0546867639458473	
3678	 0.006499874280547532	 1.0825596717820993	
3679	 0.006565189943185169	 1.1007509676315064	
3680	 0.00662521953393985	 1.117576787575552	
3681	 0.006658430379420995	 1.126929346394593	
3682	 0.006647839056707129	 1.1239433216515098	
3683	 0.0066830795162996825	 1.1338909718269783	
3684	 0.006712348559232003	 1.1421796481128463	
3685	 0.006733926589731792	 1.1483057670783716	
3686	 0.006755226608209704	 1.1543658058198178	
3687	 0.006845485489772774	 1.1801865847914985	
3688	 0.00685121973818759	 1.1818347202727555	
3689	 0.006835908272725845	 1.1774359566234076	
3690	 0.006804937055176124	 1.1685584421696864	
3691	 0.006769855896542033	 1.1585353520995858	
3692	 0.006752465070504858	 1.1535794047932075	
3693	 0.006743063301807057	 1.1509036776831585	
3694	 0.006715694911288473	 1.1431288365882923	
3695	 0.00667792873289507	 1.1324348251975505	
3696	 0.00663543469548356	 1.1204501750831535	
3697	 0.006601257838491901	 1.1108482715794672	
3698	 0.006570635009541919	 1.1022729644503118	
3699	 0.00654698852270609	 1.0956694415942814	
3700	 0.006583695446928811	 1.1059270261251333	
3701	 0.00662736227621572	 1.1181792675315614	
3702	 0.006699505279703692	 1.138539597151624	
3703	 0.006756618453553177	 1.1547622418216732	
3704	 0.006818285480856407	 1.1723813069388456	
3705	 0.0068579925217867495	 1.1837825359864984	
3706	 0.006848525034904883	 1.181060095103314	
3707	 0.0068406081776441465	 1.1787854737506223	
3708	 0.006832547955276137	 1.1764714639056544	
3709	 0.00686421775868076	 1.1855740117151956	
3710	 0.006956626889297506	 1.212294407791031	
3711	 0.007044637158251004	 1.2379638567431925	
3712	 0.00702464496379325	 1.2321139708312634	
3713	 0.00698220620729521	 1.2197327962429751	
3714	 0.00692206891261222	 1.2022739788038916	
3715	 0.006833037732741459	 1.176612022250655	
3716	 0.006738991629313161	 1.1497456581082255	
3717	 0.006672258934037362	 1.1308328163921884	
3718	 0.006632282320334936	 1.1195631395239705	
3719	 0.0066200516841658915	 1.1161242653571095	
3720	 0.00665035320626558	 1.124651852095808	
3721	 0.006715947538319449	 1.143200506725418	
3722	 0.006793461898723508	 1.1652760576270618	
3723	 0.0068718904355025276	 1.1877835169690072	
3724	 0.00692607517201718	 1.2034339283961621	
3725	 0.006985847231674521	 1.220793074478911	
3726	 0.0070525613439518155	 1.2402856070876807	
3727	 0.007126216471787512	 1.2619493796423482	
3728	 0.007198250881813271	 1.2832813474988816	
3729	 0.007254475198750776	 1.3000306269328876	
3730	 0.007300347961654927	 1.3137604528207019	
3731	 0.007366028197254718	 1.333519011519094	
3732	 0.007428107948931568	 1.3523027383766824	
3733	 0.0074825295851484435	 1.3688556549090607	
3734	 0.00752604023285386	 1.3821477657917978	
3735	 0.007559972011465781	 1.3925492468645573	
3736	 0.007573191733130421	 1.396610073563102	
3737	 0.007585704647476294	 1.400458139627257	
3738	 0.007599426962156414	 1.4046829971790828	
3739	 0.0076157168174207455	 1.4097049610439234	
3740	 0.007641614355667667	 1.4177036072566258	
3741	 0.007688301344060525	 1.4321689221154275	
3742	 0.0077466544322926986	 1.4503313071166455	
3743	 0.007812870538745825	 1.4710517916820973	
3744	 0.007884608559552694	 1.4936326961214805	
3745	 0.007961257285215004	 1.5179111419091522	
3746	 0.00804077936924742	 1.5432649500109399	
3747	 0.00812120342101245	 1.5690769098030175	
3748	 0.008199254179335853	 1.5942906524581777	
3749	 0.008276452165399148	 1.6193868148027764	
3750	 0.00835225572868843	 1.6441819963279902	
3751	 0.00842671740869407	 1.6686847617376825	
3752	 0.008571497241215711	 1.7167408162486157	
3753	 0.008640941941162071	 1.7399845624963943	
3754	 0.008660361010425962	 1.7465066496847068	
3755	 0.008716254827317464	 1.7653335751731187	
3756	 0.008765839542349604	 1.7821029035143896	
3757	 0.008808182985110964	 1.796473424966633	
3758	 0.008840939857049479	 1.807622105063425	
3759	 0.00886175397409079	 1.814720440931635	
3760	 0.008839335976485774	 1.8070755880105707	
3761	 0.008802268571434292	 1.794463417397664	
3762	 0.00875431147958449	 1.7781985072238797	
3763	 0.008702764379881281	 1.7607821457543562	
3764	 0.00865327191718819	 1.7441245761799846	
3765	 0.008626831727173555	 1.7352516316720725	
3766	 0.008617253966523925	 1.7320419416498247	
3767	 0.008614585119096137	 1.7311479835386725	
3768	 0.008618079079390162	 1.7323183591160018	
3769	 0.008630323907977591	 1.7364225192534177	
3770	 0.008653429622883357	 1.744177554223502	
3771	 0.008685143804767563	 1.7548443677406107	
3772	 0.008729427969844715	 1.7697824859753746	
3773	 0.00877931026976219	 1.7866695924295597	
3774	 0.008828812131083594	 1.8034912622202568	
3775	 0.008875633985166621	 1.8194601888965145	
3776	 0.008909381210827193	 1.8310048143411983	
3777	 0.00891949820950055	 1.834471438204076	
3778	 0.008906685201760809	 1.8300814603464708	
3779	 0.008928120953658329	 1.8374281207173673	
3780	 0.008945547504390599	 1.84340938355685	
3781	 0.00894255691880717	 1.8423823811728655	
3782	 0.008932757722713729	 1.839018825842957	
3783	 0.008918310363946193	 1.8340642830110252	
3784	 0.008898528741156765	 1.8272890952152243	
3785	 0.008834360285415946	 1.805380558225782	
3786	 0.008748725703150549	 1.7763079137233684	
3787	 0.008688063699271519	 1.7558277586000632	
3788	 0.008666454287086048	 1.7485551485533068	
3789	 0.008664593122379776	 1.747929341648222	
3790	 0.008674629212032275	 1.7513049853931644	
3791	 0.008683427800624912	 1.7542665377619535	
3792	 0.008683127733338555	 1.7541655039405684	
3793	 0.008674669649713767	 1.7513185918965866	
3794	 0.008664959105568623	 1.7480523945048665	
3795	 0.008668776561790813	 1.7493361269371082	
3796	 0.008737035106037355	 1.7723536522985952	
3797	 0.008784341161486514	 1.788376305487666	
3798	 0.008825875063564139	 1.8024914319432437	
3799	 0.00887029910421984	 1.8176378479802793	
3800	 0.008900537531665356	 1.827976646550827	
3801	 0.008899117662280095	 1.8274906552928893	
3802	 0.008868934633506305	 1.8171718760116289	
3803	 0.008907017664475625	 1.830195315165862	
3804	 0.008985236401008317	 1.8570606874127624	
3805	 0.009060252176067842	 1.882972855681399	
3806	 0.009076779075727627	 1.8887009194877078	
3807	 0.00905692002609371	 1.8818188078299347	
3808	 0.00900297400540311	 1.863174694304266	
3809	 0.008941327022032259	 1.8419600865414716	
3810	 0.008876131211402133	 1.819630073518409	
3811	 0.008910609767009822	 1.8314256433580007	
3812	 0.00953893458867881	 2.0516819348878306	
3813	 0.009562716837191716	 2.0602143603086116	
3814	 0.009538144753611616	 2.0513988065507935	
3815	 0.009523657527571073	 2.0462084140200014	
3816	 0.009511185892333967	 2.0417443686307784	
3817	 0.009497511994403532	 2.0368544731828493	
3818	 0.00948174687082555	 2.0312225610516403	
3819	 0.009465818860822454	 2.0255387958889117	
3820	 0.009440262259443891	 2.0164324721995426	
3821	 0.00939121185515183	 1.999000854347052	
3822	 0.009336920990469635	 1.9797775246957785	
3823	 0.009287248928828417	 1.9622547709620324	
3824	 0.009234657026024906	 1.9437699659651355	
3825	 0.009133292368938622	 1.9083404256467826	
3826	 0.008996113264161238	 1.8608088997461538	
3827	 0.008908310914593818	 1.8306382271386867	
3828	 0.008828745633463388	 1.8034686227881105	
3829	 0.008757530227178423	 1.7792883080654727	
3830	 0.008688438533742838	 1.7559540150091	
3831	 0.008615769571461575	 1.7315447053520374	
3832	 0.008540729987896166	 1.706482753056722	
3833	 0.00846138236356957	 1.6801412126323905	
3834	 0.008379787111758434	 1.6532247277777965	
3835	 0.008305975900641025	 1.6290260446230267	
3836	 0.008248249475868158	 1.6102002762900083	
3837	 0.008225997596691017	 1.6029668723845458	
3838	 0.008212243345865221	 1.5985023038675037	
3839	 0.008203137838981784	 1.5955494376412063	
3840	 0.008191123025246154	 1.5916564418840626	
3841	 0.008172574544551368	 1.5856539033912525	
3842	 0.00816057437675084	 1.5817753218407729	
3843	 0.008167424317561935	 1.5839888299795812	
3844	 0.008180096734764521	 1.5880870920380896	
3845	 0.0082105429712527	 1.5979507158254052	
3846	 0.008256257837611695	 1.6128067362473746	
3847	 0.008296334760542697	 1.6258757845066005	
3848	 0.00832463518568107	 1.6351299264876662	
3849	 0.008318506080799464	 1.633123948084275	
3850	 0.008270226770825265	 1.6173572023924216	
3851	 0.00827555060612288	 1.6190928240599252	
3852	 0.00834214700675533	 1.6408667497328981	
3853	 0.008410027070494467	 1.663179944929132	
3854	 0.00847735298707565	 1.6854299034890488	
3855	 0.008543574905658604	 1.7074302407865922	
3856	 0.00860878941165437	 1.729207287053654	
3857	 0.008672040153410764	 1.750433904903732	
3858	 0.008732216010594283	 1.7707246536621992	
3859	 0.008732199499751419	 1.7707190735326248	
3860	 0.008707698514778622	 1.7624462871808884	
3861	 0.00867040307098709	 1.7498832032224487	
3862	 0.008622076399887933	 1.7336577338156032	
3863	 0.00857973294671191	 1.7194908413461152	
3864	 0.008555990880362772	 1.711567790275267	
3865	 0.00855231879491539	 1.7103436725628443	
3866	 0.008562367534058318	 1.713694328738113	
3867	 0.008579686255875687	 1.7194752456160143	
3868	 0.008596769108414904	 1.725185056735645	
3869	 0.008620817554558735	 1.7332358902005693	
3870	 0.008646648072884698	 1.7419000107764642	
3871	 0.008669324674486301	 1.7495204769703114	
3872	 0.008665576524467953	 1.7482599942959005	
3873	 0.008624079571285177	 1.734329088441376	
3874	 0.008545169827240243	 1.7079615146433043	
3875	 0.008510739924791776	 1.6965074932819506	
3876	 0.008462433272581962	 1.6804890180233822	
3877	 0.008389475279736205	 1.656411541149788	
3878	 0.008300787637181726	 1.6273304669463222	
3879	 0.008202528764213915	 1.5953519959487128	
3880	 0.008132350163880805	 1.5726679411497	
3881	 0.008077602683417008	 1.5550620725046742	
3882	 0.008044339884451359	 1.5444040662322183	
3883	 0.007993565999494209	 1.528191777004419	
3884	 0.007959751189552264	 1.5174325794700227	
3885	 0.00797581940554826	 1.5225413734911977	
3886	 0.008031447219332641	 1.5402809093615761	
3887	 0.008077622654235806	 1.5550684803234458	
3888	 0.008123390673151607	 1.5697812953368708	
3889	 0.00816683806915296	 1.58379933965866	
3890	 0.008210105850994995	 1.597808929783698	
3891	 0.008260350835785935	 1.6141395244460008	
3892	 0.008326266938469962	 1.6356641445215296	
3893	 0.008393255017248328	 1.6576555087033233	
3894	 0.008462008639101109	 1.6803484792558445	
3895	 0.008534641346876466	 1.7044556641001156	
3896	 0.008592183517201415	 1.7236516149939136	
3897	 0.008626026744222273	 1.7349817750634393	
3898	 0.008618724843570572	 1.7325347060683352	
3899	 0.008636427251921854	 1.738469657938236	
3900	 0.008626138632097954	 1.7350192825336097	
3901	 0.008605786069523518	 1.7282019584901933	
3902	 0.008596747716849196	 1.7251779020363187	
3903	 0.00860125751250685	 1.7266865268613398	
3904	 0.008649798289842157	 1.7429578444555007	
3905	 0.008687239350459557	 1.7555501039545391	
3906	 0.008724877651873955	 1.7682452195886738	
3907	 0.008792376039058417	 1.7911034622727249	
3908	 0.008838606677304042	 1.806827103564465	
3909	 0.008902484761201888	 1.8286432260836214	
3910	 0.008974026403217332	 1.853200839491839	
3911	 0.009042571748700389	 1.876852697733316	
3912	 0.009108655918828071	 1.8997687726089698	
3913	 0.009174631153759834	 1.9227579054930575	
3914	 0.009240507069997341	 1.9458226573883588	
3915	 0.009304480932478902	 1.9683266246825213	
3916	 0.009363399572889087	 1.98914378884648	
3917	 0.009421363432490023	 2.009709005635194	
3918	 0.009476525925951473	 2.0293588126339803	
3919	 0.009530893274952374	 2.0488001347729083	
3920	 0.009653853229031024	 2.0930426094245504	
3921	 0.009700090075929308	 2.1097768791057776	
3922	 0.009700720783456771	 2.1100055163294726	
3923	 0.00973968134376742	 2.1241482803394347	
3924	 0.009775145052660245	 2.1370545152079283	
3925	 0.0098057144432137	 2.148204653260482	
3926	 0.009833982314150162	 2.1585359599551963	
3927	 0.009880574968834715	 2.175607828353674	
3928	 0.009926861758415555	 2.1926208514782246	
3929	 0.009972328223538553	 2.20938392724133	
3930	 0.01001689903777043	 2.2258663162865604	
3931	 0.010058832123397548	 2.241417973227931	
3932	 0.010071029010604644	 2.245949541458977	
3933	 0.010087568621693653	 2.2521004296026894	
3934	 0.010109457400777093	 2.260250952497625	
3935	 0.010137795647412049	 2.270820490887494	
3936	 0.010170208022583352	 2.2829337583754676	
3937	 0.010201993146307322	 2.2948376283274214	
3938	 0.010243169735900661	 2.310295499882228	
3939	 0.010283356257600174	 2.325421693708485	
3940	 0.010314528441381223	 2.337182071560587	
3941	 0.010353166796167467	 2.351792140711054	
3942	 0.010384763186865745	 2.3637665300935886	
3943	 0.010413424761147533	 2.3746497151005985	
3944	 0.010440054214712882	 2.3847791894747674	
3945	 0.010413996733445983	 2.374867104152745	
3946	 0.010341989476667063	 2.347561990364403	
3947	 0.010315291809674172	 2.337470366320738	
3948	 0.010277759644520918	 2.3233127641599083	
3949	 0.010227827929088643	 2.304531267126838	
3950	 0.010170684967668086	 2.2831121963931698	
3951	 0.010105173782525874	 2.258654974217291	
3952	 0.010031893062349865	 2.231422151467535	
3953	 0.009949911919502738	 2.201112855819563	
3954	 0.009866118924515783	 2.170305278901469	
3955	 0.009792267116136245	 2.143296902191502	
3956	 0.009744588582972644	 2.1259322973379837	
3957	 0.009710528871927441	 2.113562312980888	
3958	 0.009678800309615645	 2.1020649597112415	
3959	 0.009642253913478564	 2.088852894299634	
3960	 0.009600868095831263	 2.0739315658485977	
3961	 0.009564735733187028	 2.0609393375467047	
3962	 0.009538881789129441	 2.05166300760255	
3963	 0.00952561406138259	 2.046909081469583	
3964	 0.009524150760451324	 2.046385039910117	
3965	 0.00953927710497342	 2.0518047198974423	
3966	 0.009562664674631481	 2.060195630300168	
3967	 0.009586555247872556	 2.0687811437435286	
3968	 0.009593546753294413	 2.0712963695141324	
3969	 0.0095792867541292	 2.0661675663989945	
3970	 0.00954308701758971	 2.0531706929625133	
3971	 0.009553551457158012	 2.0569243932147825	
3972	 0.009560634550372564	 2.059466726574318	
3973	 0.009550550886459709	 2.055847777726431	
3974	 0.009529369907790424	 2.0482543817029693	
3975	 0.009501610101509239	 2.0383194969226417	
3976	 0.009463266190484144	 2.024628491124285	
3977	 0.009438203240144376	 2.0156995173656904	
3978	 0.009430792769718853	 2.013062473787031	
3979	 0.009431419448043356	 2.0132854261573594	
3980	 0.00945640838773709	 2.022183748763622	
3981	 0.009494947409937194	 2.0359378795962995	
3982	 0.009540035944921891	 2.0520767587979667	
3983	 0.009589492102337158	 2.069837541548236	
3984	 0.00963704523522324	 2.0869725933693393	
3985	 0.00968626144539136	 2.104766365757244	
3986	 0.009735101648624202	 2.1224838818145733	
3987	 0.009783906111178476	 2.1402477248764424	
3988	 0.009828029688163795	 2.1563587537259963	
3989	 0.00987229706334536	 2.172570817830232	
3990	 0.009915562300370693	 2.188462769036508	
3991	 0.00995685108174605	 2.2036719119175148	
3992	 0.009995195666640984	 2.217834238973345	
3993	 0.01001712111970224	 2.2259485653509956	
3994	 0.010001657528384332	 2.220224458379108	
3995	 0.010034707526252643	 2.2324656308905997	
3996	 0.010078012974951617	 2.2485459754263486	
3997	 0.0101198879631679	 2.2641390272787962	
3998	 0.010161057689644341	 2.2795114523670708	
3999	 0.010200782393896851	 2.2943837349502494	
4000	 0.01023939178817957	 2.3088755125898217	
4001	 0.010277635057501707	 2.323265825681031	
4002	 0.010314712870738001	 2.33725172211186	
4003	 0.01031667111265828	 2.337991311924418	
4004	 0.010313825130196788	 2.336916470643205	
4005	 0.010325484619720727	 2.341321160285916	
4006	 0.01034604041376008	 2.349094749538777	
4007	 0.010366234849882245	 2.356741717273805	
4008	 0.01038491859615463	 2.3638254871606885	
4009	 0.010400751224528068	 2.3698349367170137	
4010	 0.010405258720249382	 2.3715469226533323	
4011	 0.010400598164304478	 2.3697768117992206	
4012	 0.010406229561459984	 2.371915721282516	
4013	 0.010412527971812212	 2.374308889122545	
4014	 0.010417382350945205	 2.3761540360768225	
4015	 0.010418874334523369	 2.376721253433128	
4016	 0.010399154906385077	 2.3692287598360884	
4017	 0.01033661147107118	 2.3455277246194033	
4018	 0.010241402230320239	 2.3096311180850524	
4019	 0.010196331597472255	 2.292715505127019	
4020	 0.010142786219295818	 2.2726839059045276	
4021	 0.010085226676354574	 2.2512290785816753	
4022	 0.010026971763314706	 2.2295980192056923	
4023	 0.009968592107073522	 2.208004529406093	
4024	 0.009917721549879051	 2.189257106263889	
4025	 0.009859208751105356	 2.167772421358315	
4026	 0.009804273529092753	 2.1476785609128664	
4027	 0.00974216718166494	 2.1250519268622914	
4028	 0.00967310650687065	 2.1000043744238015	
4029	 0.0096084580216509	 2.076664848958803	
4030	 0.009541897818059005	 2.052744288627723	
4031	 0.009481066277699087	 2.030979567319372	
4032	 0.009436877905146789	 2.015227790562046	
4033	 0.009411851240946699	 2.0063283373726497	
4034	 0.009403727461739272	 2.0034429187457703	
4035	 0.009407603232913753	 2.0048193149797395	
4036	 0.009421565797909825	 2.009780951789162	
4037	 0.009450486446205575	 2.0200735829226972	
4038	 0.009480781190175907	 2.0308777853196673	
4039	 0.009519755153397393	 2.0448111951901287	
4040	 0.009552731052176506	 2.0566300065807916	
4041	 0.009545108613728459	 2.0538956461882303	
4042	 0.009513193051654883	 2.0424625395922282	
4043	 0.009564718568033648	 2.0609331731807705	
4044	 0.00958235640617656	 2.067271179000511	
4045	 0.00956948806706025	 2.0626462837944035	
4046	 0.009532283740476453	 2.049298326006669	
4047	 0.009471805166322149	 2.0276742071932596	
4048	 0.009386068129734375	 1.997176376618465	
4049	 0.009294557908343248	 1.964829240191573	
4050	 0.009209899640821669	 1.9350925737446212	
4051	 0.009136572165449662	 1.9094827149755362	
4052	 0.009077360329272635	 1.8889025030247226	
4053	 0.00904706787407485	 1.8784082956680226	
4054	 0.009032717581778133	 1.8734450940094916	
4055	 0.009025053967004551	 1.8707967030188097	
4056	 0.009016709814541241	 1.8679148363007625	
4057	 0.009009321683136201	 1.8653646395111076	
4058	 0.009001614466834378	 1.8627057880761877	
4059	 0.008995335210111236	 1.8605406786973304	
4060	 0.009027802179183773	 1.8717462574753416	
4061	 0.009063490757856113	 1.8840947685607903	
4062	 0.009083540987325141	 1.891046538579573	
4063	 0.009095256659777907	 1.8951133089798429	
4064	 0.00910014525752337	 1.8968112831258415	
4065	 0.009098872178786459	 1.8963690415579912	
4066	 0.009113208599211716	 1.9013516041863883	
4067	 0.009169795245928522	 1.9210690735267384	
4068	 0.009176155066275688	 1.9232902206376474	
4069	 0.00913519979960557	 1.9090047133787496	
4070	 0.009076649892212732	 1.8886561187450988	
4071	 0.009108844157207028	 1.8998342070449552	
4072	 0.00923909449138509	 1.9453269256810828	
4073	 0.00968142755421911	 2.1030160311808532	
4074	 0.010319142921389714	 2.338924999546135	
4075	 0.010791182114681764	 2.519950170236117	
4076	 0.011015376319116754	 2.6078092068596956	
4077	 0.011119542284162226	 2.6490395017357953	
4078	 0.01127531745980085	 2.7111791377556913	
4079	 0.011653803900319223	 2.864550127469587	
4080	 0.012211435481009352	 3.096621432560621	
4081	 0.012709613787379814	 3.3100216882053286	
4082	 0.012851462359339892	 3.3718208945668287	
4083	 0.012838432171596513	 3.366124965760122	
4084	 0.012903076228408356	 3.3944208649170875	
4085	 0.012864167965230829	 3.377378646535904	
4086	 0.012829887312079952	 3.362391814802992	
4087	 0.01279987930224882	 3.3492947912600863	
4088	 0.012758981563887835	 3.3314778731964716	
4089	 0.012705484708515272	 3.3082296247727974	
4090	 0.01263829805062798	 3.2791244941654223	
4091	 0.012587512055701657	 3.2571924228023024	
4092	 0.012520943327836279	 3.228533767329836	
4093	 0.012435382520457408	 3.1918477315079494	
4094	 0.01233735747854761	 3.150023771529416	
4095	 0.012232615334780216	 3.1055780508576847	
4096	 0.012095240364505978	 3.0476687055407243	
4097	 0.011964826657411306	 2.993097988712223	
4098	 0.011843741010377424	 2.942784229637204	
4099	 0.011739322916630776	 2.89967059869469	
4100	 0.011656995178893641	 2.8658576278564967	
4101	 0.011590733640061308	 2.8387585772051476	
4102	 0.01153841150451761	 2.8174331649255144	
4103	 0.011501047911903421	 2.8022439342293435	
4104	 0.01147788218442583	 2.7928429902413714	
4105	 0.011464854324224023	 2.7875616732904307	
4106	 0.011458252512286384	 2.784886915452613	
4107	 0.011458069659253606	 2.7848128462305817	
4108	 0.011457264010107476	 2.7844865071563425	
4109	 0.01146619924749724	 2.788106701754604	
4110	 0.011472951490948619	 2.790843684021535	
4111	 0.01147920691611945	 2.7933802423669096	
4112	 0.011483135988964001	 2.794973942276832	
4113	 0.011468951230320247	 2.7892220721600998	
4114	 0.011440335478129981	 2.777632914923564	
4115	 0.01142606216589498	 2.77185955105162	
4116	 0.01139754327120475	 2.7603384363394743	
4117	 0.011348560988300456	 2.74059530806689	
4118	 0.011292201056113187	 2.717948688136475	
4119	 0.01123044376089321	 2.693219677545969	
4120	 0.01118948149402382	 2.6768673703063537	
4121	 0.011153743817425786	 2.6626332974049847	
4122	 0.01112565100916783	 2.6514654434682545	
4123	 0.011101375803800346	 2.641830345276139	
4124	 0.011088156770174802	 2.63658946619119	
4125	 0.011081242418514783	 2.633849828829065	
4126	 0.01106655101438652	 2.628032513435038	
4127	 0.011061960992248454	 2.626216069812901	
4128	 0.011071668174864904	 2.630058157615641	
4129	 0.011090675142748274	 2.6375875907992716	
4130	 0.011113054709054753	 2.646464080947009	
4131	 0.011137019011858625	 2.6559823523748642	
4132	 0.01115642275966544	 2.663699249189066	
4133	 0.011175688004696241	 2.6713699205501733	
4134	 0.01119370584776294	 2.678551907352483	
4135	 0.011211793917141262	 2.685769642872147	
4136	 0.011226320393418563	 2.6915718092631447	
4137	 0.011219794356289262	 2.688964559355994	
4138	 0.011197336892511935	 2.680000190517889	
4139	 0.011189585365772619	 2.676908785951274	
4140	 0.011151500490808692	 2.6617408084821665	
4141	 0.01109922009327851	 2.640975398265156	
4142	 0.011041824652020063	 2.6182533035110485	
4143	 0.010981031476090738	 2.594271814781488	
4144	 0.010932428906014407	 2.575162777820379	
4145	 0.010896169662737494	 2.560943585428511	
4146	 0.010873856168117172	 2.5522089280483127	
4147	 0.010877515718931762	 2.553640647371314	
4148	 0.010904696793171551	 2.5642846977493767	
4149	 0.01091496853070373	 2.5683116978070206	
4150	 0.010927687291625554	 2.573301547103654	
4151	 0.010941214842285326	 2.5786129529349986	
4152	 0.010955136206577903	 2.584083557106429	
4153	 0.010969330064367903	 2.58966601511799	
4154	 0.010982289482301786	 2.5947671742398963	
4155	 0.010992055357113529	 2.5986139255389338	
4156	 0.011008188808778758	 2.6049738401772364	
4157	 0.011021731193233231	 2.61031713841676	
4158	 0.01103320634418272	 2.614848213860594	
4159	 0.01104508137492885	 2.619540494725429	
4160	 0.011048837708684908	 2.6210254670090705	
4161	 0.01102018930208561	 2.609708547211848	
4162	 0.010951466636429503	 2.5826410956431474	
4163	 0.010923658306963221	 2.5717204686998936	
4164	 0.010874755423476766	 2.5525607123016507	
4165	 0.010802002758527352	 2.5241629611320873	
4166	 0.01071361215202525	 2.489832417026314	
4167	 0.010609462148851074	 2.449622690467833	
4168	 0.010504217139244548	 2.4092566583087085	
4169	 0.010399127328943512	 2.369218288278461	
4170	 0.010298519923800781	 2.3311395493109117	
4171	 0.010202852433603627	 2.295159784360344	
4172	 0.010132110373978277	 2.2686984283346647	
4173	 0.010081905540660805	 2.2499936384085353	
4174	 0.010044297934180864	 2.236022797532645	
4175	 0.010016460312389848	 2.2257038358978485	
4176	 0.009997149092698157	 2.2185566956358627	
4177	 0.009986911005232866	 2.214771279301729	
4178	 0.009982094325310213	 2.2129912612318146	
4179	 0.009981997606072067	 2.212955524219363	
4180	 0.00999093159184945	 2.216257537109831	
4181	 0.010004457773726676	 2.221260578873304	
4182	 0.010021340633277533	 2.2275115125633516	
4183	 0.010038884598955146	 2.2340146654237074	
4184	 0.010042617367504166	 2.2353992968751872	
4185	 0.010017444920387725	 2.2260684886018707	
4186	 0.009981458553140263	 2.212756352547682	
4187	 0.00998753571859698	 2.2150021858795474	
4188	 0.010005340909651522	 2.2215873886450486	
4189	 0.010033948615165078	 2.2321842408245027	
4190	 0.010059744716881749	 2.241756906759488	
4191	 0.010085177701789579	 2.251210858401819	
4192	 0.010115362272088063	 2.262451711786899	
4193	 0.010141292019327659	 2.2721259268329916	
4194	 0.010162041766932898	 2.279879407477968	
4195	 0.010187935704874451	 2.2895699115365886	
4196	 0.010211827710245171	 2.2985257930240635	
4197	 0.010232628004517066	 2.3063341351462654	
4198	 0.010247054245546183	 2.311755903869176	
4199	 0.010256209759594154	 2.315199432792827	
4200	 0.01026270110430307	 2.317642168848519	
4201	 0.01026560375968364	 2.318734790674629	
4202	 0.01026682088697163	 2.3191930048216842	
4203	 0.010269382902652825	 2.320157649921963	
4204	 0.010279338545411638	 2.3239076519825135	
4205	 0.010288973567148921	 2.327539191716692	
4206	 0.010300391578086323	 2.3318456947361152	
4207	 0.010314351528574328	 2.3371152604473617	
4208	 0.010317984533277648	 2.3384874177378787	
4209	 0.010293552503989379	 2.3292658355859683	
4210	 0.010244402515805974	 2.310758930668554	
4211	 0.01024275149169511	 2.3101382805547157	
4212	 0.01024291918092998	 2.3102013149576375	
4213	 0.010242289118386639	 2.309964477937972	
4214	 0.010247921669861805	 2.312082067502332	
4215	 0.010259194386651078	 2.316322439780138	
4216	 0.010251274056274514	 2.313342784539592	
4217	 0.010242219475924548	 2.309938300318381	
4218	 0.010233440579688412	 2.3066393873682984	
4219	 0.010226816468124126	 2.304151442822092	
4220	 0.010262149791700004	 2.3174346662226197	
4221	 0.010298952362639202	 2.3313026940145716	
4222	 0.010320289193678082	 2.3393580368314346	
4223	 0.010315838519468651	 2.337676846263904	
4224	 0.010302408604226085	 2.3326067824230172	
4225	 0.01029581079156555	 2.3301175882986613	
4226	 0.010299342794936803	 2.3314499949789793	
4227	 0.01031219987725639	 2.336302750577598	
4228	 0.010330203609885139	 2.3431048303373334	
4229	 0.010351148250917071	 2.351027979943684	
4230	 0.01037154863144867	 2.3587555230854687	
4231	 0.010391261528171738	 2.3662322845159656	
4232	 0.01039743882385924	 2.368577173487731	
4233	 0.010375875438628977	 2.3603957955690373	
4234	 0.010344008286345015	 2.348325800404225	
4235	 0.010345789398655016	 2.3489997609452318	
4236	 0.010336625381181413	 2.3455329852995166	
4237	 0.010316859102992253	 2.3380623171340758	
4238	 0.010298555229065049	 2.3311528686345446	
4239	 0.01028718103890359	 2.3268633974758597	
4240	 0.010267446910930343	 2.319428699316141	
4241	 0.010223878334433395	 2.3030482554879814	
4242	 0.010181482040463334	 2.287153164901166	
4243	 0.01015100935593672	 2.2757556523251155	
4244	 0.010132697751135712	 2.268917633635979	
4245	 0.010120549184463893	 2.2643855928457453	
4246	 0.010120715102686736	 2.264447464469452	
4247	 0.010128291824715425	 2.26727357736805	
4248	 0.010142358304327736	 2.272524104024411	
4249	 0.0101618418978344	 2.2798046727503003	
4250	 0.010186210281162763	 2.288923680656562	
4251	 0.010213523121373	 2.2991618466239077	
4252	 0.010239387047884574	 2.3088737311120444	
4253	 0.010268121624038253	 2.319682735728374	
4254	 0.01029961972590755	 2.331554476806929	
4255	 0.010333345850341668	 2.3442928264896596	
4256	 0.010365651397554547	 2.3565206436530852	
4257	 0.010390679985479481	 2.366011579933394	
4258	 0.010396838212889292	 2.3683491420039977	
4259	 0.010413315892309708	 2.374608338310586	
4260	 0.010436570714581313	 2.383453134001371	
4261	 0.010459399502921504	 2.3921486803014087	
4262	 0.010483127099069053	 2.401200004227606	
4263	 0.010500883295624078	 2.4079823708710957	
4264	 0.0105269019180611	 2.417934567892458	
4265	 0.010550224952845383	 2.426869645230648	
4266	 0.010570070303059453	 2.434482795682893	
4267	 0.01058311680021678	 2.439492938750195	
4268	 0.010589679909490458	 2.4420148750991197	
4269	 0.01059545137409644	 2.4442334757924864	
4270	 0.01060554659904223	 2.448116104568871	
4271	 0.010621996010863674	 2.4544478364161524	
4272	 0.010642732833302781	 2.462439203779649	
4273	 0.010663288936420068	 2.470371179072117	
4274	 0.010682616160847558	 2.4778382715245626	
4275	 0.010700270863142972	 2.48466705932773	
4276	 0.01071463036821117	 2.490226816839799	
4277	 0.010727347315264844	 2.4951547531515077	
4278	 0.010738512099040531	 2.4994844235387585	
4279	 0.010820463388895073	 2.531356716548062	
4280	 0.01093687759136005	 2.5769095141992033	
4281	 0.010958817702287888	 2.5855310300792698	
4282	 0.01095572885556979	 2.5843165501217813	
4283	 0.010883394966206602	 2.5559414468597716	
4284	 0.010877777437064496	 2.5537430511798216	
4285	 0.010860337094036351	 2.546922670797986	
4286	 0.010805822777882775	 2.5256508777988382	
4287	 0.010708437946984523	 2.4878286064861284	
4288	 0.010611220784200253	 2.450299481151349	
4289	 0.010490048545563433	 2.4038428916411965	
4290	 0.010368366640034227	 2.357549535998883	
4291	 0.01029241610036208	 2.3288372681674177	
4292	 0.010258415445714413	 2.316029331530354	
4293	 0.01024452123990304	 2.3108035637949462	
4294	 0.010240954254825798	 2.309462742206944	
4295	 0.010238965524579922	 2.3087153181905453	
4296	 0.010232888845817299	 2.3064321211028895	
4297	 0.010220564435261986	 2.301804232293185	
4298	 0.010206179573960325	 2.2964073356094743	
4299	 0.010195088355320082	 2.2922496047719094	
4300	 0.010194890920968596	 2.2921756204706862	
4301	 0.010196797482392524	 2.292890103517024	
4302	 0.010198199259954067	 2.293415475851782	
4303	 0.010196348823707823	 2.292721960860509	
4304	 0.010178613553163119	 2.2860793111411786	
4305	 0.010117444982830778	 2.263228147296042	
4306	 0.010013567855260192	 2.2246327434109934	
4307	 0.009860142104034233	 2.1681144637804923	
4308	 0.009774367987801002	 2.1367713845479095	
4309	 0.009681463238044773	 2.10302895003144	
4310	 0.009581633464195716	 2.0670112430180394	
4311	 0.00948057304543985	 2.0308034747365684	
4312	 0.00938382272725886	 1.9963801420456422	
4313	 0.009286069875308773	 1.9618395950035021	
4314	 0.009189847773296421	 1.9280758391321635	
4315	 0.009103536239801728	 1.8979894424034445	
4316	 0.009059794572043877	 1.8828143535719533	
4317	 0.009036687653030012	 1.8748176599189939	
4318	 0.009029793011073456	 1.872434244424109	
4319	 0.009033438565908514	 1.8736943287326469	
4320	 0.00904326077285973	 1.87709105722775	
4321	 0.009055650970337545	 1.8813793608951088	
4322	 0.009069810670743464	 1.886284889075349	
4323	 0.009085382634799433	 1.8916855838675328	
4324	 0.009107229486637433	 1.8992729530472028	
4325	 0.00913314203867186	 1.9082880750924065	
4326	 0.00916842022578215	 1.9205889870810897	
4327	 0.009210933376481613	 1.93545458439217	
4328	 0.009247349792930395	 1.9482247643162898	
4329	 0.009241367734177485	 1.9461247244796542	
4330	 0.009201878394622758	 1.9322844817398461	
4331	 0.009124491443092578	 1.905276585748272	
4332	 0.009111933909707616	 1.900908379405336	
4333	 0.009086703314441742	 1.8921439082978877	
4334	 0.009055845860272804	 1.8814468444537897	
4335	 0.009026140805531251	 1.871172201336555	
4336	 0.009003824242925396	 1.8634679660799331	
4337	 0.008987705998966889	 1.8579114558729646	
4338	 0.008972828501142558	 1.852788565548454	
4339	 0.008967496640385842	 1.8509539798370944	
4340	 0.008984451150602276	 1.8567902038638529	
4341	 0.009042744440255449	 1.876912437131074	
4342	 0.009101752422880548	 1.8973696384701535	
4343	 0.009158918133467754	 1.917272656298682	
4344	 0.009215850409811738	 1.9371768832497327	
4345	 0.00925418614402649	 1.9506258180618337	
4346	 0.009287460485321329	 1.9623292693222427	
4347	 0.009315074056203613	 1.9720629318530443	
4348	 0.009327328836844524	 1.9763888582948925	
4349	 0.009338140111321154	 1.98020837570651	
4350	 0.009349183887078266	 1.9841130785336183	
4351	 0.009362090674346629	 1.9886803770150645	
4352	 0.009373080066545315	 1.9925724810497842	
4353	 0.009345690578878104	 1.9828776310928056	
4354	 0.009282075080666257	 1.960433183297808	
4355	 0.00919050410887622	 1.9283053487191002	
4356	 0.00916506443317194	 1.9194175180962334	
4357	 0.009137491912025862	 1.9098030939040258	
4358	 0.009102545901796355	 1.8976453301690488	
4359	 0.009069794138510112	 1.8862791586207424	
4360	 0.00901297861077027	 1.8666267445945408	
4361	 0.008955633926682	 1.8468748678952345	
4362	 0.008907174141232892	 1.8302489030063542	
4363	 0.00885173534981222	 1.8113023535019446	
4364	 0.008818319611298631	 1.7999204401350577	
4365	 0.008825198170928918	 1.8022610370390637	
4366	 0.00883853289931414	 1.8068019669289144	
4367	 0.008852716902273296	 1.8116371191208378	
4368	 0.008865687424373115	 1.8160631338730193	
4369	 0.008885817910026097	 1.8229409415223474	
4370	 0.008903030601584438	 1.8288300967054378	
4371	 0.008915393620991599	 1.8330646708553693	
4372	 0.008947023664758419	 1.8439163988342888	
4373	 0.008974806222590632	 1.8534692444255463	
4374	 0.009004717808261653	 1.863776202783635	
4375	 0.009035530065001206	 1.8744174074718072	
4376	 0.009047489000412643	 1.8785540260290208	
4377	 0.009020268729614573	 1.8691437814097502	
4378	 0.008961387551466615	 1.8488528593613611	
4379	 0.008882848411931751	 1.821925725162866	
4380	 0.008884687025394912	 1.8225542863568214	
4381	 0.008899934130376508	 1.8277701087369027	
4382	 0.008956145925398553	 1.8470508494039588	
4383	 0.009013775741398918	 1.8669019013583	
4384	 0.009070000532841172	 1.886350700170696	
4385	 0.009125325980123727	 1.905567026106872	
4386	 0.009179637625364742	 1.9245069283434284	
4387	 0.009233210537310875	 1.943262548724186	
4388	 0.009286334997387811	 1.9619329484438528	
4389	 0.00934113189401602	 1.981265864268677	
4390	 0.00932796887369611	 1.9766148948980058	
4391	 0.009271294159186202	 1.9566396543257496	
4392	 0.009224966749661914	 1.9403717024079967	
4393	 0.009204716537158545	 1.9332778772086767	
4394	 0.009205939715847085	 1.9337060723690118	
4395	 0.009221700195065286	 1.939226697026878	
4396	 0.009278227276543776	 1.9590789027040023	
4397	 0.0092975391554765	 1.9658797236856647	
4398	 0.009309561019589175	 1.9701180716364488	
4399	 0.00932603148447172	 1.9759307146438285	
4400	 0.009327353302270554	 1.976397498360114	
4401	 0.009285634616979524	 1.9616863379036606	
4402	 0.009214430018866354	 1.9366792972033744	
4403	 0.00912685685891747	 1.9060998573512067	
4404	 0.00912424019205956	 1.9051891473926679	
4405	 0.009178786888359727	 1.9242096764713232	
4406	 0.009233713211548268	 1.9434388770162236	
4407	 0.009282035528015322	 1.9604192603659618	
4408	 0.009334094405398601	 1.978778722041801	
4409	 0.009382830499729497	 1.9960283320610206	
4410	 0.009429862410930235	 2.0127314997069394	
4411	 0.00947617453087152	 2.029233397847026	
4412	 0.009521322336223268	 2.0453722685902447	
4413	 0.009567455055099896	 2.061915996104545	
4414	 0.00961456012618023	 2.0788633821557974	
4415	 0.009661824992201907	 2.095923986051766	
4416	 0.009636736409091148	 2.086861130299242	
4417	 0.009607227447509359	 2.0762215969543507	
4418	 0.009587425263472978	 2.0690940692018374	
4419	 0.009581481369521892	 2.0669565585813134	
4420	 0.009596274714037175	 2.0722780972809427	
4421	 0.009614106216282439	 2.078699810481992	
4422	 0.00963215004946397	 2.0852060787728406	
4423	 0.009645940431403797	 2.0901841139939474	
4424	 0.009634657817273438	 2.0861109765121424	
4425	 0.009580537501937145	 2.066617211397421	
4426	 0.009486936494762326	 2.0330758068071098	
4427	 0.009332987904226478	 1.9783877834817098	
4428	 0.009209557268003817	 1.9349726819409752	
4429	 0.009065402810210975	 1.8847572692202488	
4430	 0.008903980921839099	 1.8291554608423075	
4431	 0.008738475689505074	 1.7728407289907278	
4432	 0.008622987649788076	 1.7339631225676913	
4433	 0.008507832850749582	 1.6955417896768477	
4434	 0.008388736845938742	 1.656168555278302	
4435	 0.008265644104262056	 1.6158638052760481	
4436	 0.008165422316468088	 1.5833417699567864	
4437	 0.00810197781427164	 1.5628909126698105	
4438	 0.00802236803938023	 1.5373799757141695	
4439	 0.007921189989502886	 1.5052003128082523	
4440	 0.007829759487952444	 1.4763555223576992	
4441	 0.007757319628478447	 1.4536607369416794	
4442	 0.0077005865110035075	 1.4359850672024532	
4443	 0.007656251390731769	 1.4222323675186646	
4444	 0.007629429533103317	 1.4139379798009075	
4445	 0.007607507682595974	 1.407173288756756	
4446	 0.0075933498926845575	 1.4028113471708996	
4447	 0.00758996385416709	 1.4017689290796573	
4448	 0.007577233312567885	 1.397852507575828	
4449	 0.007509173462334761	 1.3769890216526501	
4450	 0.007383638452796471	 1.338836739374022	
4451	 0.007183756626139776	 1.2789775888208257	
4452	 0.0070215408615885485	 1.2312066784018527	
4453	 0.006860991078427271	 1.18464531429233	
4454	 0.006696830878300169	 1.137782201249126	
4455	 0.006528765258869454	 1.0905912436700846	
4456	 0.006376778304882942	 1.0486062637097198	
4457	 0.006229164808920107	 1.0084629618294394	
4458	 0.006088042167933771	 0.9706731195685468	
4459	 0.005970136511710333	 0.9395444962388659	
4460	 0.005882907699065233	 0.9167768555735575	
4461	 0.00582464628477367	 0.9016946887674031	
4462	 0.005785571972644884	 0.8916356360471701	
4463	 0.00575579645525498	 0.8840007408127057	
4464	 0.005749037078488261	 0.8822711931119201	
4465	 0.005764528420788816	 0.8862370275615508	
4466	 0.005794235791829498	 0.8938621013931262	
4467	 0.005830566830640806	 0.9032227739376038	
4468	 0.005878141498433493	 0.915539269640964	
4469	 0.005929002448126085	 0.928780237799824	
4470	 0.005985499056007935	 0.9435773942238321	
4471	 0.006041116064382823	 0.9582354113539036	
4472	 0.006062152045056413	 0.9638030386185569	
4473	 0.006032094515166628	 0.9558516178425694	
4474	 0.0059670338742658325	 0.9387308462438024	
4475	 0.005880538037939369	 0.9161614686246397	
4476	 0.005851925133088153	 0.9087439213332473	
4477	 0.005816216764824544	 0.8995208268382718	
4478	 0.005773675807133175	 0.8885821282580663	
4479	 0.00572882327108933	 0.877107096401798	
4480	 0.005678847647469993	 0.8643917487465763	
4481	 0.005634675921975779	 0.8532150113818702	
4482	 0.005595458727778006	 0.8433407345053755	
4483	 0.005563001258477857	 0.8352032589873317	
4484	 0.005534437272697597	 0.8280680581335428	
4485	 0.005533876838043657	 0.8279283081921348	
4486	 0.005535987226241078	 0.8284546035545971	
4487	 0.005540263492997338	 0.8295214427771038	
4488	 0.0055555182034119225	 0.8333316466038506	
4489	 0.005570499476351409	 0.8370803480479676	
4490	 0.005590180633034353	 0.8420153047301625	
4491	 0.005633841434418516	 0.8530044218787797	
4492	 0.005679448100388345	 0.8645440815416638	
4493	 0.005730279670505631	 0.8774787627544041	
4494	 0.005782184470456988	 0.8907657053096036	
4495	 0.0058313369795963575	 0.9034216244448497	
4496	 0.005867756307352607	 0.912844979923994	
4497	 0.005864316260329108	 0.9119532092070177	
4498	 0.005830138625526683	 0.9031122200372231	
4499	 0.005780959416641726	 0.8904511878280924	
4500	 0.0058086223675690675	 0.8975641297097136	
4501	 0.005848672376858969	 0.9079022112199759	
4502	 0.005889466743058381	 0.9184810622123508	
4503	 0.005962413060602361	 0.9375195854441837	
4504	 0.005957155883501848	 0.9361422745789839	
4505	 0.005946676999406467	 0.9333993623700191	
4506	 0.005939533966980364	 0.9315314754779482	
4507	 0.0059092878314787175	 0.9236387759493704	
4508	 0.005877212316023537	 0.9152980771484934	
4509	 0.005871393143970257	 0.9137881439186132	
4510	 0.005874243238214812	 0.9145275492720885	
4511	 0.005872325585492385	 0.9140300226605339	
4512	 0.0058418807885863575	 0.9061457695936982	
4513	 0.005792460862098156	 0.8934057914583319	
4514	 0.0057748249499228145	 0.8888769073908269	
4515	 0.005795058345943415	 0.894073600305395	
4516	 0.005814983600451317	 0.8992029860252198	
4517	 0.005827498495336135	 0.9024307113962492	
4518	 0.005847082377850191	 0.9074908834561848	
4519	 0.005879069621597389	 0.9157802125551028	
4520	 0.00590891424751048	 0.92354145757603	
4521	 0.005912161306835199	 0.9243874514536049	
4522	 0.0058975377830696105	 0.9205798609553406	
4523	 0.005873934810232031	 0.9144475216727546	
4524	 0.005897777653120788	 0.9206422662449889	
4525	 0.0059216263033231315	 0.9268552438945495	
4526	 0.00594385719177179	 0.9326618102296211	
4527	 0.00596588123527305	 0.9384286447011072	
4528	 0.0060043747086463	 0.9485419913663148	
4529	 0.006054464199913965	 0.9617667881769425	
4530	 0.0061118742254164145	 0.9770143234257188	
4531	 0.00617367718093673	 0.993535625632104	
4532	 0.006249596040400873	 1.013981801932202	
4533	 0.006348022152841597	 1.0407369472236343	
4534	 0.006448693331419266	 1.068389941862878	
4535	 0.00654934136469975	 1.0963257855682627	
4536	 0.006649528893673643	 1.124419526997009	
4537	 0.006749395127285183	 1.1527054309884106	
4538	 0.006847964036624369	 1.1808988548879864	
4539	 0.006945276778057587	 1.2089996616379715	
4540	 0.00703701595584224	 1.235732521003526	
4541	 0.007128815904256651	 1.262716675782144	
4542	 0.007218825282075439	 1.2894004014559002	
4543	 0.007307745956218213	 1.3159800902574437	
4544	 0.007384403465500363	 1.3390679403131682	
4545	 0.0074351696665535295	 1.3544460849746671	
4546	 0.007463948629725761	 1.3631950053667323	
4547	 0.007479748550714349	 1.3680078215171556	
4548	 0.007544070230458654	 1.3876708153346298	
4549	 0.0076040303827362345	 1.4061014489132373	
4550	 0.007708039677297299	 1.4383022257795997	
4551	 0.007824951204995415	 1.47484477312609	
4552	 0.007853796620274616	 1.4839171968830154	
4553	 0.007882979543220179	 1.4931184062731677	
4554	 0.007923791533565113	 1.506024320652488	
4555	 0.008128771875995052	 1.5715148031442094	
4556	 0.008889260719326109	 1.8241182573690942	
4557	 0.010592309792183938	 2.443025724708777	
4558	 0.012947642505276538	 3.4139834866296783	
4559	 0.015252657655933444	 4.48593305087367	
4560	 0.01748485144461531	 5.632659450041221	
4561	 0.020114847955136284	 7.114398267936783	
4562	 0.02319114404500607	 9.018767801067883	
4563	 0.02644600317805227	 11.225619729202636	
4564	 0.027066497592126208	 11.668016091624194	
4565	 0.027091781974878496	 11.686188030256188	
4566	 0.026810991643174697	 11.485018844650806	
4567	 0.026458489939025626	 11.234454945209215	
4568	 0.02611981422018215	 10.995805673887848	
4569	 0.025731224197091493	 10.72451509181238	
4570	 0.025315388487767997	 10.437213740542889	
4571	 0.02487435236451455	 10.135921076186444	
4572	 0.02452669351280162	 9.900913285551026	
4573	 0.024192254812114563	 9.676927714761248	
4574	 0.02386867778095635	 9.46217231692068	
4575	 0.023555475264821844	 9.256142568488777	
4576	 0.02325093372341969	 9.057553618981109	
4577	 0.022956848732657482	 8.867421876282835	
4578	 0.022671609787784423	 8.684553871447001	
4579	 0.02237222026963897	 8.49425695224455	
4580	 0.02207700484294783	 8.308268147300012	
4581	 0.02179650338095118	 8.133078522379957	
4582	 0.021525639273322072	 7.9653282943071435	
4583	 0.021266297704050113	 7.806027291533778	
4584	 0.021020843283856103	 7.656444534476239	
4585	 0.020788201911032218	 7.515740800512423	
4586	 0.020565183965230483	 7.381839212208467	
4587	 0.02035061682455074	 7.25392195336742	
4588	 0.02013976166664359	 7.1290905020626445	
4589	 0.019936107834283314	 7.009346672501028	
4590	 0.01973921242519702	 6.894349324841169	
4591	 0.01954764660779243	 6.783196242746082	
4592	 0.019358881194665556	 6.674376082075462	
4593	 0.01914604131900887	 6.552523236163413	
4594	 0.01891186604147085	 6.419495344872809	
4595	 0.018655137814736426	 6.274912673297914	
4596	 0.018504867247964196	 6.190896446454378	
4597	 0.01835409428820766	 6.107055226205367	
4598	 0.01824326823465456	 6.045719442950705	
4599	 0.018078448121785374	 5.9549597286286495	
4600	 0.017925679352179154	 5.871327278379855	
4601	 0.017748459091617715	 5.77490272443051	
4602	 0.01757511173248413	 5.681204309404024	
4603	 0.017403778027622257	 5.589197754400363	
4604	 0.017250205731729917	 5.50724057404156	
4605	 0.017119506677749394	 5.437872152436471	
4606	 0.016994248753286367	 5.371722075880797	
4607	 0.016871036726023032	 5.306968803605396	
4608	 0.016751003121599124	 5.244188364256475	
4609	 0.016635757492043605	 5.184193676462608	
4610	 0.016527018837274567	 5.1278398547924455	
4611	 0.01642476405132293	 5.075071311763902	
4612	 0.016328520278064376	 5.025604406413782	
4613	 0.01623472617405974	 4.977583221479899	
4614	 0.01614223321907582	 4.930408982856027	
4615	 0.01605054812935907	 4.88382428823232	
4616	 0.01600514394160548	 4.860820202040048	
4617	 0.01591499697614077	 4.815275990685709	
4618	 0.015773147537059114	 4.743958260976332	
4619	 0.015602940260576624	 4.658945814830437	
4620	 0.015499643708532877	 4.6076531064770085	
4621	 0.015391202159421039	 4.554050276678172	
4622	 0.015286346965767516	 4.502459048348925	
4623	 0.015186540690207986	 4.453570656339196	
4624	 0.015087934760686357	 4.405480120667309	
4625	 0.014994777979644722	 4.3602392119745375	
4626	 0.01492771197724002	 4.327784843566571	
4627	 0.01486292278067368	 4.296524431957819	
4628	 0.014800288525818325	 4.266390003686589	
4629	 0.014696936917663541	 4.216851431093648	
4630	 0.014592533785544141	 4.167044091887784	
4631	 0.014495895816307041	 4.1211524632646555	
4632	 0.014408564317627508	 4.07985535170899	
4633	 0.01433615818536108	 4.045742371419239	
4634	 0.014278711230258636	 4.0187587357552506	
4635	 0.014224492941953219	 3.993357947000511	
4636	 0.014169440518770521	 3.967632332636731	
4637	 0.014113036855024196	 3.941344312085849	
4638	 0.014058535497035346	 3.916009346195127	
4639	 0.014007212112881494	 3.8922114457148287	
4640	 0.014018778323937433	 3.8975694627774025	
4641	 0.01417208136156125	 3.9688648612084534	
4642	 0.014347920886808072	 4.0512763823759075	
4643	 0.014411153775679938	 4.081077454402744	
4644	 0.014441418518268478	 4.095371845527963	
4645	 0.014403970710799343	 4.077687745082855	
4646	 0.014352015093243213	 4.053203297966917	
4647	 0.014299903452499542	 4.028704609503191	
4648	 0.014252729055204057	 4.006578277601229	
4649	 0.014206396067163242	 3.9848940662184384	
4650	 0.014104605808516153	 3.937420866452673	
4651	 0.013989182242783081	 3.883865036732377	
4652	 0.013945520603349854	 3.8636828429109618	
4653	 0.013905643345721596	 3.8452867121961627	
4654	 0.013868005801758988	 3.8279560345101653	
4655	 0.013818869168566698	 3.8053776096761225	
4656	 0.013767930202313384	 3.7820274447464226	
4657	 0.013719598055865532	 3.759925414882504	
4658	 0.013674666056751161	 3.739424757231602	
4659	 0.013632864312132072	 3.7203925866004486	
4660	 0.013602048499571563	 3.7063871517200844	
4661	 0.013572547532920358	 3.6929991026750058	
4662	 0.013543083041577293	 3.6796469567359953	
4663	 0.013514347767371678	 3.666643902686506	
4664	 0.013486614461277411	 3.6541117178568014	
4665	 0.013404196368224722	 3.6169698268193597	
4666	 0.013269495255939621	 3.5565937080254484	
4667	 0.013104725741656354	 3.483294098104636	
4668	 0.013023829448488074	 3.4475302369230754	
4669	 0.0129658643346804	 3.421995009876491	
4670	 0.01290025894229512	 3.393185712594636	
4671	 0.012841443751390258	 3.367441085261286	
4672	 0.012748588202118709	 3.326956110504411	
4673	 0.012668312695806939	 3.2921140664255564	
4674	 0.01259778120773554	 3.261622435029431	
4675	 0.012540919852876262	 3.2371232664474214	
4676	 0.012489869966923887	 3.2151910050105	
4677	 0.012481157268227617	 3.211453779527219	
4678	 0.012473405109638095	 3.2081300300012705	
4679	 0.012410984530091549	 3.1814173152594103	
4680	 0.01236364984668167	 3.1612201730619893	
4681	 0.01233627621597361	 3.1495636644502873	
4682	 0.012315147220303139	 3.140578090021445	
4683	 0.01229318928299685	 3.1312508740058274	
4684	 0.012274951742631995	 3.1235124333343856	
4685	 0.012255375564849269	 3.1152145156677964	
4686	 0.01223271444070375	 3.1056199854731372	
4687	 0.012204955457084152	 3.0938832025623104	
4688	 0.012157707483358123	 3.073947174577937	
4689	 0.012059320017411284	 3.0325987403243833	
4690	 0.011926151235873582	 2.976990420943165	
4691	 0.011773996891388014	 2.913959052334678	
4692	 0.011683468654173874	 2.8767132885372613	
4693	 0.011596082595672047	 2.8409423229690005	
4694	 0.011503545771900202	 2.8032583519015284	
4695	 0.011405326030697044	 2.7634806251358017	
4696	 0.011334675128009867	 2.7350086966635327	
4697	 0.011277988337093243	 2.712249587814477	
4698	 0.011248152919110263	 2.7003015761967033	
4699	 0.011235397492745276	 2.6951999272324496	
4700	 0.011207013431112366	 2.6838613161794687	
4701	 0.011189764696439038	 2.6769802891073127	
4702	 0.011169879757453463	 2.6690563733786683	
4703	 0.01114741333663128	 2.6601150757040344	
4704	 0.011128862925627656	 2.6527413395937516	
4705	 0.01111257505468985	 2.6462737087798742	
4706	 0.011101286936665376	 2.641795098703768	
4707	 0.011098724968109406	 2.640779049041847	
4708	 0.011107616815457966	 2.644306132029157	
4709	 0.011118459265027398	 2.648609497926364	
4710	 0.011132036467232737	 2.654002232891812	
4711	 0.011146904081740103	 2.6599125390342393	
4712	 0.011157146621289261	 2.6639873031956336	
4713	 0.01115288605302712	 2.662292028808092	
4714	 0.011119266467971897	 2.648929988543681	
4715	 0.011060146397529136	 2.625498105304696	
4716	 0.011012308998654588	 2.6065990433231154	
4717	 0.010986547492338246	 2.596444112448136	
4718	 0.010953359875816448	 2.583385263793252	
4719	 0.010937928469031528	 2.577322201059209	
4720	 0.010891849806018108	 2.559251638067466	
4721	 0.010850099325957048	 2.5429223945050903	
4722	 0.010827347450548015	 2.5340413999324087	
4723	 0.010820250842254825	 2.5312738445823597	
4724	 0.010820467766931602	 2.5313584235565436	
4725	 0.01082284032206524	 2.532283557062095	
4726	 0.010826061249039988	 2.533539713681591	
4727	 0.010830607684345855	 2.5353132406184673	
4728	 0.010837423777490626	 2.5379730723073894	
4729	 0.010848178640317587	 2.542172191492325	
4730	 0.010862656537428243	 2.5478293129289487	
4731	 0.010879399959925871	 2.5543779407543847	
4732	 0.010904444998198913	 2.5641860141212893	
4733	 0.010929810172202029	 2.5741347770245793	
4734	 0.01095505135891981	 2.5840502009302386	
4735	 0.010979349621306582	 2.5936096174712926	
4736	 0.010999015007293007	 2.601356703537327	
4737	 0.010984183806345174	 2.595513165085899	
4738	 0.010937809010333846	 2.5772752874786855	
4739	 0.01085739677425839	 2.545773521193289	
4740	 0.010838395895915358	 2.538352511216594	
4741	 0.010817027012331133	 2.5300170058993463	
4742	 0.010796826596957517	 2.522147379921802	
4743	 0.010777366591206485	 2.514575477721761	
4744	 0.010771019264241522	 2.512107698136477	
4745	 0.010765575755235986	 2.509992086364673	
4746	 0.010762276524142888	 2.5087101920881536	
4747	 0.010761313185389589	 2.508335942638429	
4748	 0.010774059468377718	 2.513289579282683	
4749	 0.010789710302038687	 2.519377368316392	
4750	 0.010805262397028094	 2.5254325846988124	
4751	 0.010822469954864484	 2.532139130391847	
4752	 0.010841988128415	 2.5397548343124425	
4753	 0.010862027004553163	 2.5475832234446116	
4754	 0.010882210569709894	 2.5554778754758614	
4755	 0.010902825577206024	 2.5635513660342673	
4756	 0.010924692470865043	 2.5721262644397296	
4757	 0.010947208222221621	 2.5809675709391104	
4758	 0.010970479450576881	 2.5901182807147185	
4759	 0.01099156439024813	 2.5984204806224964	
4760	 0.011015167155406671	 2.6077266774358803	
4761	 0.011025931905444363	 2.6119754659337624	
4762	 0.010985378614742147	 2.595983728552421	
4763	 0.010916057041484855	 2.5687385929001145	
4764	 0.010884166166824938	 2.5562433119470005	
4765	 0.010842023712389322	 2.5397687270088456	
4766	 0.010798244639944329	 2.5226994973962915	
4767	 0.010756110126219947	 2.5063149815942882	
4768	 0.010736162564403946	 2.4985730314605	
4769	 0.01071886656143579	 2.4918679486058473	
4770	 0.01070481253202633	 2.486424979242419	
4771	 0.010697913138263968	 2.483754663255578	
4772	 0.010713227384131784	 2.4896833860409444	
4773	 0.010733944658594945	 2.4977128206233576	
4774	 0.010755600365578159	 2.5061170165097666	
4775	 0.010777549189454899	 2.5146464845035776	
4776	 0.010801106642083896	 2.523813970079785	
4777	 0.010825531065466168	 2.533332925761632	
4778	 0.01085155726258223	 2.5434919109117162	
4779	 0.010879169338432118	 2.554287695229827	
4780	 0.010909294764019814	 2.566087004221923	
4781	 0.010939469248059741	 2.5779273233283004	
4782	 0.010969726910878518	 2.589822164477005	
4783	 0.010999713535034452	 2.6016320552072543	
4784	 0.011027755792774338	 2.6126956184607746	
4785	 0.011041664937562224	 2.61819018427973	
4786	 0.011036329889059417	 2.616082120279449	
4787	 0.011020205575496619	 2.6097149701022273	
4788	 0.011041214904917876	 2.6180123344339012	
4789	 0.011058475579581645	 2.624837097107926	
4790	 0.011073037516726655	 2.6306003218060536	
4791	 0.011079356275513156	 2.6331026900500167	
4792	 0.011089477662757535	 2.637112966148834	
4793	 0.01109557537359711	 2.6395301673862894	
4794	 0.011101258672289158	 2.6417838884978977	
4795	 0.011113339310741977	 2.6465770403735496	
4796	 0.011137786323068643	 2.6562873430002027	
4797	 0.01116700344208622	 2.667910973271763	
4798	 0.011198685813211599	 2.680538302531057	
4799	 0.011231298810289643	 2.69356144117107	
4800	 0.011262516572858537	 2.706051068952248	
4801	 0.011292139069338653	 2.7179238219237365	
4802	 0.011319919588189935	 2.729077190815711	
4803	 0.011347356682343185	 2.7401106065985577	
4804	 0.011369501212242632	 2.7490286783034574	
4805	 0.01139289799485923	 2.758463647413361	
4806	 0.011479111378063412	 2.793341495006907	
4807	 0.011566390928639795	 2.828828993910807	
4808	 0.011631393304907704	 2.8553749952874603	
4809	 0.01180176724614554	 2.9254229137309262	
4810	 0.011923083809398572	 2.9757143853172145	
4811	 0.01207719883357007	 3.040095855355242	
4812	 0.012083130357685904	 3.0425847539369246	
4813	 0.01209147921274941	 3.0460893575269408	
4814	 0.01209699158361779	 3.0484041729779303	
4815	 0.012102569457657761	 3.050747211145873	
4816	 0.012121461167763376	 3.0586881990891612	
4817	 0.012324745703935332	 3.144658785368707	
4818	 0.012327477410452174	 3.145820529357835	
4819	 0.01232818145768447	 3.146119975374108	
4820	 0.012328573772561684	 3.146286840044915	
4821	 0.012320928107965819	 3.1430355203499363	
4822	 0.0123151923146997	 3.140597256478837	
4823	 0.012580875119292158	 3.2543305944490633	
4824	 0.013544902584836288	 3.6804709415249275	
4825	 0.014316745206211139	 4.036615745007747	
4826	 0.014941621975981527	 4.334508153243066	
4827	 0.015642359528340626	 4.678579598141972	
4828	 0.016327945821492957	 5.025309732067768	
4829	 0.01700599010240735	 5.3779090502130185	
4830	 0.017579945433139937	 5.683808727031774	
4831	 0.018087633004556652	 5.96000301451185	
4832	 0.018807489101307622	 6.360554058021616	
4833	 0.019165320363842386	 6.563523663850792	
4834	 0.01917959812495668	 6.571675166190904	
4835	 0.019123572457746357	 6.539712046942555	
4836	 0.018995620635490765	 6.466948404809136	
4837	 0.018799504053193757	 6.356053887749112	
4838	 0.0185737190175284	 6.229335217869769	
4839	 0.0183333968954072	 6.095581618889373	
4840	 0.01811195677080025	 5.9733670898626645	
4841	 0.017896597731298952	 5.855460342759882	
4842	 0.017700992108383124	 5.749184738833853	
4843	 0.01751652807880509	 5.649677173410614	
4844	 0.01735919360003046	 5.56535443221772	
4845	 0.017218217105830318	 5.490230135314872	
4846	 0.017070631108320716	 5.412021905237007	
4847	 0.016945357982801338	 5.345990262810816	
4848	 0.016832295583441233	 5.2866736052005905	
4849	 0.01672777302687615	 5.232073003298784	
4850	 0.016628262763385752	 5.180301629487107	
4851	 0.016533640276635616	 5.131264369846897	
4852	 0.01643001614102719	 5.077776329899669	
4853	 0.01633309385511178	 5.02795072383024	
4854	 0.01624154687821115	 4.981069100711979	
4855	 0.01613886138521476	 4.928692640164599	
4856	 0.01600785378196931	 4.862191926677234	
4857	 0.015854300814940214	 4.784707646690539	
4858	 0.015672539971659454	 4.6936340616696555	
4859	 0.015471435170377003	 4.593685442055281	
4860	 0.015322654161390456	 4.520296430765938	
4861	 0.015182239964403455	 4.451468819530499	
4862	 0.015052177694026014	 4.388092875567147	
4863	 0.01493449930247256	 4.331064932640863	
4864	 0.014822421357479533	 4.277028800091274	
4865	 0.014714890745549158	 4.225440459960916	
4866	 0.014608569177489854	 4.174678664810851	
4867	 0.01452026632515826	 4.132706406636992	
4868	 0.014455918809817366	 4.10222758467175	
4869	 0.014405000610316241	 4.078173688486291	
4870	 0.014349085418074316	 4.051824425270148	
4871	 0.014294224108543384	 4.026038231362866	
4872	 0.014241153701817931	 4.001156508555945	
4873	 0.014191047677071127	 3.977721278272861	
4874	 0.014140571704493277	 3.9541687294378467	
4875	 0.014089208705332982	 3.9302597526301732	
4876	 0.014038114093256655	 3.9065332903855277	
4877	 0.013988472767159046	 3.883536751997819	
4878	 0.013939022950122473	 3.8606829582456963	
4879	 0.013887674257096614	 3.8370087143969016	
4880	 0.013891085936696631	 3.838579857753251	
4881	 0.013841028807446113	 3.815553413367933	
4882	 0.01373136002055116	 3.7652993267745742	
4883	 0.013589216237846325	 3.700561267986186	
4884	 0.013511371130379446	 3.66529799156921	
4885	 0.013412214856216425	 3.6205767087161713	
4886	 0.013304528204809806	 3.572257150358023	
4887	 0.013197073515766097	 3.524300866183407	
4888	 0.013104566165067853	 3.4832234047858464	
4889	 0.013013736951506354	 3.4430787556031466	
4890	 0.012919164848119115	 3.401477869565131	
4891	 0.012850023802732138	 3.37119186443465	
4892	 0.012820617844155635	 3.3583439647031335	
4893	 0.012808039943102268	 3.3528544863023932	
4894	 0.012794469780966662	 3.3469359761840156	
4895	 0.01278216853460103	 3.3415745077098045	
4896	 0.012748221233049832	 3.326796500900037	
4897	 0.012715043759804038	 3.312378943937354	
4898	 0.012681989686000985	 3.29803992973334	
4899	 0.012652645876191006	 3.2853313040693033	
4900	 0.012620580594709503	 3.2714664758673466	
4901	 0.012582293552134848	 3.254942134164342	
4902	 0.012538478645589804	 3.236073107418369	
4903	 0.012496598344758515	 3.218078265424381	
4904	 0.012448500753099716	 3.197461568054954	
4905	 0.012367515578242224	 3.1628677046499387	
4906	 0.012275164832251712	 3.123602805981331	
4907	 0.012168881934026045	 3.0786575190115824	
4908	 0.012116141133385836	 3.056451127526552	
4909	 0.012056082591577321	 3.0312419840413596	
4910	 0.011994768446823687	 3.0055920331219363	
4911	 0.011938272188280037	 2.9820348231653306	
4912	 0.01189680977308865	 2.964793471246718	
4913	 0.011859282602548024	 2.9492230108777013	
4914	 0.011827989890116521	 2.936264386913402	
4915	 0.011806790695731732	 2.9274985632514023	
4916	 0.01180077570700144	 2.925013287212522	
4917	 0.01179200776821839	 2.921392058428033	
4918	 0.011784302677134791	 2.918211275692901	
4919	 0.011777591398882141	 2.915441884037617	
4920	 0.011771607314194923	 2.91297345400273	
4921	 0.011766673559139997	 2.910938913156448	
4922	 0.01176246710151577	 2.909204738250676	
4923	 0.011759612654468038	 2.908028185314598	
4924	 0.011755191830925639	 2.906206375249938	
4925	 0.011751352795070308	 2.904624688900676	
4926	 0.011747105686843524	 2.9028752776625906	
4927	 0.011742500565891878	 2.90097887509608	
4928	 0.011745204212118486	 2.9020921846054875	
4929	 0.011733414541517363	 2.897238677174716	
4930	 0.011676123667736562	 2.873699772513113	
4931	 0.011591700773800187	 2.83915336607151	
4932	 0.011604866406757551	 2.8445298277341826	
4933	 0.011708107722878556	 2.8868314809369684	
4934	 0.01172200364893881	 2.892544198153488	
4935	 0.013246422425133762	 3.5462927493144125	
4936	 0.013171445406286121	 3.5129015347091688	
4937	 0.013073428440947832	 3.469440203596725	
4938	 0.01298718048950709	 3.431376534055077	
4939	 0.012904696785745635	 3.39513142982818	
4940	 0.012843172905102028	 3.3681968523848207	
4941	 0.012771881357398044	 3.3370935066528298	
4942	 0.012695450290782935	 3.3038762006561404	
4943	 0.012620141872473987	 3.271276937776004	
4944	 0.012547179581178122	 3.239816700375501	
4945	 0.012483071409350056	 3.212274682302689	
4946	 0.012435283572621744	 3.1918054026147544	
4947	 0.012403808501098809	 3.178352081331001	
4948	 0.012376229315666704	 3.166582661346657	
4949	 0.012359843681148723	 3.159598363338895	
4950	 0.012350236745557769	 3.1555063222580415	
4951	 0.012343139142760603	 3.1524844854699072	
4952	 0.012337498945447568	 3.150083971590056	
4953	 0.012300669997743551	 3.1344272596032328	
4954	 0.012226025479203519	 3.102790198452671	
4955	 0.012110889365418313	 3.0542434041526723	
4956	 0.012058938078029756	 3.032438662661427	
4957	 0.011972637174328423	 2.9963551370286527	
4958	 0.011858517173265479	 2.9489057666899003	
4959	 0.011723156617637525	 2.8930183949947508	
4960	 0.01156701293025677	 2.8290825399765414	
4961	 0.011399076982247106	 2.760957539265628	
4962	 0.011246744979454685	 2.699738268444608	
4963	 0.011094618319053087	 2.639150721582763	
4964	 0.010991598093439041	 2.5984337597682017	
4965	 0.010922403215728283	 2.571228017650412	
4966	 0.010884106082476643	 2.5562197930835273	
4967	 0.010862193433194806	 2.547648280819973	
4968	 0.010855527384234372	 2.545043025264168	
4969	 0.010856934130444933	 2.5455927274503085	
4970	 0.010863112519348773	 2.548007565881317	
4971	 0.010873859862373747	 2.5522103731835584	
4972	 0.01086752564143011	 2.5497330061534873	
4973	 0.01087244924726028	 2.551658586469056	
4974	 0.010886489566810117	 2.55715282860575	
4975	 0.010908229453950416	 2.5656693803210766	
4976	 0.010927521635800547	 2.5732365317859336	
4977	 0.010915511565178452	 2.568524662983969	
4978	 0.010872166797449756	 2.5515481070320214	
4979	 0.010793129634401405	 2.520708188499596	
4980	 0.010778542014048594	 2.5150325771565694	
4981	 0.010750558600581644	 2.504159388509749	
4982	 0.010715171295974402	 2.490436352064667	
4983	 0.010677710194184025	 2.475941992751215	
4984	 0.01064134714659813	 2.4619048765492697	
4985	 0.01061092312041927	 2.450184923394846	
4986	 0.010585828227912677	 2.4405347039366427	
4987	 0.010564177795763005	 2.4322212935702687	
4988	 0.01060986205433495	 2.449776582946371	
4989	 0.010877970848104107	 2.5538187291738863	
4990	 0.011457957404359728	 2.784767374951541	
4991	 0.01186382068430539	 2.9511041705107073	
4992	 0.012274907162680088	 3.123493526828898	
4993	 0.012844086716306019	 3.3685962823701927	
4994	 0.014018127742518401	 3.897268004382596	
4995	 0.016064979138728556	 4.89114487252422	
4996	 0.020431925696955407	 7.302290132911705	
4997	 0.025988578427815965	 10.903881518218284	
4998	 0.03247238258923977	 15.805218663363688	
4999	 0.0366375804296926	 19.32657477555497	
5000	 0.04014904523881021	 22.51138868838239	
5001	 0.041273727003991595	 23.572178916935826	
5002	 0.04101293452890812	 23.324463220977623	
5003	 0.04015886191567623	 22.520563046810675	
5004	 0.039200902807109264	 21.632349871665408	
5005	 0.03825798759074418	 20.77210232235256	
5006	 0.037324185271559125	 19.933985783674718	
5007	 0.036415503607195705	 19.131724454648914	
5008	 0.03556543830134641	 18.393195714389833	
5009	 0.03474574559398778	 17.69211046789031	
5010	 0.03397668740917712	 17.044279251636105	
5011	 0.03326113873787754	 16.450234992788012	
5012	 0.03258355392716401	 15.895505217189314	
5013	 0.03195819847449603	 15.390311118673798	
5014	 0.03136120316508274	 14.914136371765894	
5015	 0.030789056608161156	 14.463416305432414	
5016	 0.03023932987775708	 14.035585080914894	
5017	 0.02971085847493637	 13.629154593136825	
5018	 0.029200487788762948	 13.24119233152214	
5019	 0.02870750039070448	 12.870711303949143	
5020	 0.028142731816476252	 12.451471251515366	
5021	 0.02761179140301331	 12.062423062204523	
5022	 0.02712505371854567	 11.710117734762536	
5023	 0.026666545264020014	 11.382076716480801	
5024	 0.02622414046201934	 11.069101096923117	
5025	 0.025777841223986103	 10.756917155752578	
5026	 0.025334445813109355	 10.450312182330784	
5027	 0.024900825238610678	 10.153906277539045	
5028	 0.02449769127367497	 9.881408315216486	
5029	 0.024111292018960655	 9.623012609919588	
5030	 0.02374992307378555	 9.383840026996365	
5031	 0.02341352911381954	 9.163366340252148	
5032	 0.023068276111397494	 8.939271992092378	
5033	 0.022732685771524895	 8.723581671578616	
5034	 0.022403291844216543	 8.513928081765906	
5035	 0.02208301394373526	 8.312037510533392	
5036	 0.02179938040603416	 8.13486780787568	
5037	 0.021526562041464053	 7.965897402935086	
5038	 0.021262810299384236	 7.803893924747971	
5039	 0.02100544461802356	 7.647099029301218	
5040	 0.020751951974746573	 7.493910570825001	
5041	 0.020502090395156665	 7.344132269617162	
5042	 0.020256288825856655	 7.197970315990872	
5043	 0.020017101755428302	 7.056872075728529	
5044	 0.019792021599121613	 6.925117985748622	
5045	 0.019576176324013674	 6.799704350775214	
5046	 0.01936731396987899	 6.6792224094225645	
5047	 0.019163700465378082	 6.562599082180644	
5048	 0.018963479560415174	 6.448721622935058	
5049	 0.018734750554078868	 6.31960753619881	
5050	 0.01847524688892476	 6.17438919340876	
5051	 0.01820143284180857	 6.022630409067225	
5052	 0.018023710743068386	 5.924939655668717	
5053	 0.01783617645050771	 5.822549421452475	
5054	 0.017579140949332644	 5.683375234755674	
5055	 0.0173164266588858	 5.542521413861294	
5056	 0.01704776738310467	 5.399946221078786	
5057	 0.016783621260486735	 5.26121885368372	
5058	 0.016537412981896128	 5.133215968745611	
5059	 0.016348666400358734	 5.035942970759857	
5060	 0.016194926049062648	 4.957261915809669	
5061	 0.016054309956254016	 4.885732170825579	
5062	 0.015921748786435125	 4.818681209409509	
5063	 0.015793000173048136	 4.753913955566193	
5064	 0.015672871940644675	 4.693799760394998	
5065	 0.015562365958689012	 4.638771244361198	
5066	 0.015462042872085044	 4.589038541483893	
5067	 0.015368847748772714	 4.5430316642047135	
5068	 0.01528038197087501	 4.4995312012791615	
5069	 0.015195054095735308	 4.457732470660305	
5070	 0.015111363228331946	 4.416887365827503	
5071	 0.015030391569949028	 4.377512633998693	
5072	 0.01495617216071399	 4.341545359347197	
5073	 0.014860416827970041	 4.295317145651084	
5074	 0.014723789034056547	 4.229699950945598	
5075	 0.01455647174261228	 4.14989510510331	
5076	 0.014475771159595132	 4.111621214635991	
5077	 0.014425529975545496	 4.0878650085967205	
5078	 0.014377748157344834	 4.065322811543769	
5079	 0.014331138960357547	 4.043381892286452	
5080	 0.01428541841282133	 4.021905468017697	
5081	 0.014238896891847878	 4.000099785543761	
5082	 0.01411675092879415	 3.943073177833061	
5083	 0.013972721009554604	 3.8762510429542356	
5084	 0.013875000739078226	 3.831174571550128	
5085	 0.01379007039556858	 3.7921693341346985	
5086	 0.013715804481889422	 3.7581928276197694	
5087	 0.013651428494854782	 3.728839991227441	
5088	 0.01359902133594835	 3.705012480347825	
5089	 0.013557255656540772	 3.6860670124814745	
5090	 0.013528164816287692	 3.672893983800855	
5091	 0.013499645524662925	 3.6599980846798648	
5092	 0.013456724919100396	 3.6406243916986223	
5093	 0.01341125351106452	 3.6201441998995647	
5094	 0.013365603555520408	 3.5996301039932184	
5095	 0.013321892205220422	 3.580030901608354	
5096	 0.013282739556490446	 3.5625120775740005	
5097	 0.013206452548407431	 3.5284763326503352	
5098	 0.013098481839663096	 3.4805284428029672	
5099	 0.012961228517262993	 3.419956085083593	
5100	 0.01288878466534078	 3.388157026978374	
5101	 0.012797156956057735	 3.3481076324765318	
5102	 0.012702898854266561	 3.3071075346594356	
5103	 0.01261752019062595	 3.2701444025042057	
5104	 0.012511180296917963	 3.22433918430762	
5105	 0.012394660938639885	 3.174446422518851	
5106	 0.012322776797711864	 3.143821552605188	
5107	 0.01227850053357403	 3.125017634203952	
5108	 0.012240046950462794	 3.108723213111768	
5109	 0.012213212730991711	 3.097372605150987	
5110	 0.012191901433381806	 3.0883699742139603	
5111	 0.012173878140050531	 3.080764493220958	
5112	 0.012159668753434173	 3.0747736961898844	
5113	 0.0121476394262354	 3.0697056770319597	
5114	 0.012137127620380734	 3.06527973598157	
5115	 0.012126717635196894	 3.0608991837538992	
5116	 0.012101558076887692	 3.0503223177481673	
5117	 0.01208415923185674	 3.043016557840969	
5118	 0.01207353498970978	 3.0385588943569575	
5119	 0.012067449029756934	 3.036006557036741	
5120	 0.012062581740115512	 3.03396592464294	
5121	 0.012030868373753336	 3.0206833994364386	
5122	 0.011960195488118877	 2.991167363865799	
5123	 0.011845073094710917	 2.943335882999675	
5124	 0.011798313031608184	 2.9239960013816626	
5125	 0.011744496391434192	 2.9018007011520166	
5126	 0.011682335013384304	 2.8762480936333934	
5127	 0.011615056980041302	 2.8486941545369096	
5128	 0.011552599174885835	 2.8232094069360527	
5129	 0.011487718141433036	 2.7968330018228733	
5130	 0.011420737109373422	 2.769706867788581	
5131	 0.011373185985988427	 2.750513739488408	
5132	 0.011338605822944535	 2.7365896458839734	
5133	 0.011313388739687819	 2.7264535323284487	
5134	 0.011294818119542561	 2.718998615363228	
5135	 0.011282289365193455	 2.7139737346233903	
5136	 0.011270640643322042	 2.7093051426148036	
5137	 0.011255866732164853	 2.7033886582689486	
5138	 0.01123713699770648	 2.6958954308253906	
5139	 0.011219374603886795	 2.6887968965595577	
5140	 0.011207896746996737	 2.6842138870094385	
5141	 0.011213181793150681	 2.686323772015941	
5142	 0.011227397118152157	 2.6920020741064055	
5143	 0.011242388921218696	 2.6979957348250596	
5144	 0.011259754181099644	 2.704944957076012	
5145	 0.011275897889592915	 2.7114117514790386	
5146	 0.011291717782901521	 2.717754823797881	
5147	 0.011303013119590885	 2.722287377533052	
5148	 0.011308610759728627	 2.724534698714155	
5149	 0.01130523672021443	 2.723180012205476	
5150	 0.011296814770756898	 2.7197997514420935	
5151	 0.01128779695227654	 2.7161821928432115	
5152	 0.01129938677489575	 2.7208318811816414	
5153	 0.011307246417108818	 2.7239868787981707	
5154	 0.011331482744052348	 2.7337249695083363	
5155	 0.01154735332574339	 2.821073107183869	
5156	 0.011596789918567354	 2.8412311424028216	
5157	 0.011613756541714475	 2.8481626012825134	
5158	 0.01163067956072709	 2.8550829744397763	
5159	 0.011651448564150188	 2.8635852745583943	
5160	 0.011675719838870002	 2.873534125423352	
5161	 0.011702400610182647	 2.8844865538355875	
5162	 0.011723481100780685	 2.8931518551189663	
5163	 0.011727725086047263	 2.8948976357047527	
5164	 0.011728149440838538	 2.8950722189380396	
5165	 0.011712834068905638	 2.8887740095258247	
5166	 0.011695429574653783	 2.8816233428368796	
5167	 0.011679777039623898	 2.8751985274666554	
5168	 0.011665170129663751	 2.869208079797067	
5169	 0.01162473929106765	 2.8526530397240477	
5170	 0.011555960883328685	 2.8245787564228704	
5171	 0.011469742510726993	 2.789542808771554	
5172	 0.011434738310963545	 2.7753683630062054	
5173	 0.011402493643573675	 2.7623369198524825	
5174	 0.011373048179237942	 2.7504581939520105	
5175	 0.011345940446752138	 2.7395406529041413	
5176	 0.011335474785950804	 2.735330294302361	
5177	 0.011319894788545982	 2.7290672260668893	
5178	 0.011306535389282035	 2.7237013996459356	
5179	 0.011312626855629474	 2.7261475239785318	
5180	 0.011337368105065063	 2.736091788866528	
5181	 0.011338627879206888	 2.736598518076796	
5182	 0.011338800475247445	 2.736667945711018	
5183	 0.011339189443247273	 2.7368244126481955	
5184	 0.011343259448822767	 2.7384618346945664	
5185	 0.011358748689656918	 2.7446969617946246	
5186	 0.011379802156620298	 2.7531810361740674	
5187	 0.011402924087488867	 2.7625107189818556	
5188	 0.011421865401067722	 2.7701629300278765	
5189	 0.01147767406662577	 2.7927585906955508	
5190	 0.011610858988735567	 2.8469783712345595	
5191	 0.011775581817250854	 2.9146128399901507	
5192	 0.011961929259589301	 2.991890073795654	
5193	 0.012105513926627806	 3.0519843532525743	
5194	 0.012108019363114684	 3.053037190347739	
5195	 0.012073326070724795	 3.0384712634381765	
5196	 0.012083143436248117	 3.042590242670276	
5197	 0.012079492503493662	 3.0410581946560526	
5198	 0.012064450819070574	 3.034749479228961	
5199	 0.012041553071852784	 3.0251558729117565	
5200	 0.012012917364506026	 3.01317530435869	
5201	 0.011979729735170053	 2.999314110204693	
5202	 0.011944684649560658	 2.984704892176009	
5203	 0.011933615599542827	 2.980096476752616	
5204	 0.011934457750451533	 2.98044699220349	
5205	 0.011932955106014475	 2.979821581282462	
5206	 0.011949393428491236	 2.9866661776977135	
5207	 0.01203470920026415	 3.0222908139507463	
5208	 0.01207367148768898	 3.03861614888268	
5209	 0.012132617674521715	 3.0633816299207783	
5210	 0.012243604136949304	 3.1102291141191367	
5211	 0.012290666413631728	 3.1301799291784898	
5212	 0.01230714032850891	 3.1371756650316214	
5213	 0.012316405050914919	 3.1411127229250106	
5214	 0.012335419202487926	 3.1491990006488675	
5215	 0.01242295783892085	 3.18653433346944	
5216	 0.012476352853040875	 3.2093937171520417	
5217	 0.012488753617815313	 3.2147120610497995	
5218	 0.01245318532674109	 3.1994672477367536	
5219	 0.012388295374947629	 3.1717297042060415	
5220	 0.012377927178421271	 3.1673067198729163	
5221	 0.012353093814738514	 3.156723059399426	
5222	 0.012317223089689758	 3.1414604446399594	
5223	 0.012275317109372514	 3.1236673883060484	
5224	 0.012243696734326237	 3.110268318232082	
5225	 0.012212678845609318	 3.0971469454633485	
5226	 0.012181133604918752	 3.0838252569544844	
5227	 0.012147328426828887	 3.069574695686105	
5228	 0.012126124972014221	 3.0606498647497005	
5229	 0.012103539924556934	 3.051154938382481	
5230	 0.01209362548346982	 3.046990559535804	
5231	 0.012091368269786441	 3.0460427763574973	
5232	 0.012089027318482411	 3.045059957117584	
5233	 0.012086667651389573	 3.0440694086814175	
5234	 0.012087311066425547	 3.0443394906757173	
5235	 0.012090154458211894	 3.0455331568539963	
5236	 0.012091726452239878	 3.0461931659885972	
5237	 0.012092658450727788	 3.046584496978052	
5238	 0.012093032908042279	 3.0467417311695093	
5239	 0.012092245402047008	 3.0464110620816007	
5240	 0.012131461078874342	 3.0628949279621667	
5241	 0.01216978663021296	 3.079039000065193	
5242	 0.01214982021532983	 3.0706242068275675	
5243	 0.012084319725424867	 3.0430839169262525	
5244	 0.012093477944265674	 3.04692860558402	
5245	 0.012103545354017572	 3.0511572195509404	
5246	 0.012114011060838972	 3.0555556167315583	
5247	 0.012124584761999412	 3.0600019737986206	
5248	 0.012135520403539463	 3.0646032508602543	
5249	 0.012149417700687766	 3.070454662816129	
5250	 0.012173352435968116	 3.0805427688671565	
5251	 0.012225531519827245	 3.102581268238901	
5252	 0.01233138126050876	 3.147481062105712	
5253	 0.012508660336988345	 3.223256864358353	
5254	 0.012762937156991803	 3.333199449041994	
5255	 0.013098421370338002	 3.4805016629969043	
5256	 0.013563660503924825	 3.68896981411039	
5257	 0.014068940193446082	 3.920840923342703	
5258	 0.014525814096541103	 4.135338386617224	
5259	 0.014850033399438077	 4.290316194635779	
5260	 0.01489183455448953	 4.310462994884764	
5261	 0.014949983696711099	 4.338551746740277	
5262	 0.015074509812165621	 4.39894887550322	
5263	 0.015329861594355189	 4.523840729853423	
5264	 0.01580034450120576	 4.757599102530814	
5265	 0.016318015528704734	 5.0202169624625235	
5266	 0.016744487423721074	 5.240789053758763	
5267	 0.017197125792174053	 5.479026025399169	
5268	 0.01774553556225155	 5.773317406459914	
5269	 0.018275700857949693	 6.063643379878635	
5270	 0.018537693824423288	 6.2092110948429635	
5271	 0.018501353093357813	 6.188937106985033	
5272	 0.018378066134404448	 6.120354812339098	
5273	 0.018192316381936576	 6.017603707621969	
5274	 0.018003576709037013	 5.913912652342287	
5275	 0.017850834668720915	 5.830526801816803	
5276	 0.017717061917636234	 5.757886346904312	
5277	 0.01758498503016282	 5.686524590842943	
5278	 0.017453968176574373	 5.616087724710965	
5279	 0.01732562815592656	 5.547430868539424	
5280	 0.017200473955741914	 5.480804022688701	
5281	 0.017077793257123854	 5.415806878257079	
5282	 0.016955621542867623	 5.351388001555673	
5283	 0.016830395828364864	 5.2856791867506985	
5284	 0.016698802550817515	 5.2169795292066565	
5285	 0.016575557460392937	 5.152964558606372	
5286	 0.01645896282151645	 5.0926952716454545	
5287	 0.01634840739456428	 5.035810000533624	
5288	 0.01624129816763049	 4.980941974246948	
5289	 0.01610918967575171	 4.913599351717	
5290	 0.01595601219232016	 4.835976507626516	
5291	 0.015784524313260273	 4.749662462398544	
5292	 0.01570813082387079	 4.711412168743456	
5293	 0.015634545518106183	 4.674685004430408	
5294	 0.015563190397260727	 4.639180827484463	
5295	 0.01549397776173513	 4.60484621011725	
5296	 0.015427847799059525	 4.572136204121099	
5297	 0.015358530957647054	 4.5379500622060585	
5298	 0.015308478694559308	 4.513328800850207	
5299	 0.015194537185509307	 4.457479732570291	
5300	 0.015099546686654176	 4.411132455047375	
5301	 0.015009717168784834	 4.367481740928854	
5302	 0.014929042249854505	 4.328427641860127	
5303	 0.014852151978809599	 4.291336372770627	
5304	 0.01478376641286867	 4.258455074576956	
5305	 0.014729486133864178	 4.232427977288359	
5306	 0.014669364004259144	 4.203674291652164	
5307	 0.014609677563625226	 4.175206582468729	
5308	 0.014547663570514917	 4.145710755850587	
5309	 0.01448712008959323	 4.116995101589795	
5310	 0.014427517248415973	 4.088803631103773	
5311	 0.014368830098958153	 4.061121030501634	
5312	 0.01431664235298223	 4.036567412564045	
5313	 0.014262834720241303	 4.011314061475319	
5314	 0.014170571641106279	 3.968160228917509	
5315	 0.014032378213830115	 3.9038733471524596	
5316	 0.014005805833804256	 3.8915601916443046	
5317	 0.013974819372687195	 3.877221289364405	
5318	 0.013875038797704076	 3.8311920861885826	
5319	 0.013775584464367217	 3.7855324491359	
5320	 0.013688764721151169	 3.745852581614936	
5321	 0.013603955509457888	 3.707253252544663	
5322	 0.01348718730594405	 3.6543704025019306	
5323	 0.013386658661804317	 3.6090860163653855	
5324	 0.013307554975980258	 3.5736117298800263	
5325	 0.013239570558526287	 3.5432360076210543	
5326	 0.01317861169377725	 3.516087597044887	
5327	 0.013125328417407713	 3.4924260176871007	
5328	 0.01308083046256635	 3.4727147485943974	
5329	 0.013041539709847378	 3.45534723284674	
5330	 0.013002045282983916	 3.4379248069729385	
5331	 0.012957226483475331	 3.418196301915543	
5332	 0.012911630365364237	 3.398172264526127	
5333	 0.012864916067791317	 3.377705999562479	
5334	 0.01281776639218163	 3.3570991668473806	
5335	 0.012773614856401454	 3.337848434584453	
5336	 0.012728660366093113	 3.3182931270854246	
5337	 0.01265415357350833	 3.2859838002593063	
5338	 0.012554444313929202	 3.2429436905912765	
5339	 0.01242905271955581	 3.189140358358089	
5340	 0.012360519397673159	 3.1598862623051547	
5341	 0.01227942162007105	 3.125408355572736	
5342	 0.012192038313395463	 3.088427763628323	
5343	 0.012102184718291966	 3.0505855746557087	
5344	 0.011999813006449854	 3.0076990647141226	
5345	 0.011899415586159296	 2.965875870895283	
5346	 0.011809416653807955	 2.9285838226593475	
5347	 0.011749674655766765	 2.903933402131732	
5348	 0.011715293423795051	 2.889785011315112	
5349	 0.01169920325562745	 2.883173164307931	
5350	 0.011716498546679029	 2.8902804698770046	
5351	 0.011750497274882853	 2.9042722607167564	
5352	 0.011750512401851664	 2.904278492063642	
5353	 0.011815011501744861	 2.9308966053348664	
5354	 0.012090532931632692	 3.045692055482853	
5355	 0.01210873129222476	 3.053336384430692	
5356	 0.012260942082268094	 3.117573143399708	
5357	 0.012277508999596948	 3.1245970511222554	
5358	 0.012256722631767988	 3.1157852252509577	
5359	 0.012237189814652934	 3.1075138831509466	
5360	 0.012216494267930342	 3.0987597712662254	
5361	 0.012245364486157586	 3.1109744490834945	
5362	 0.012266281680235755	 3.119836292444093	
5363	 0.012264696555855372	 3.119164380657256	
5364	 0.012230251827214782	 3.1045780487765966	
5365	 0.012166502760849001	 3.0776543890520696	
5366	 0.012091940518874744	 3.0462830473041205	
5367	 0.012014534357066262	 3.013851312873672	
5368	 0.011921219811620584	 2.974939077514254	
5369	 0.01183036789176078	 2.937248339601241	
5370	 0.011739479286266761	 2.8997349724313497	
5371	 0.011671718467454942	 2.871893004087644	
5372	 0.01163874389863067	 2.858383107615791	
5373	 0.01162052988832049	 2.850931636804439	
5374	 0.011610980512792872	 2.8470280341650556	
5375	 0.011608412171328708	 2.8459785102565496	
5376	 0.011608481586048965	 2.8460068737675677	
5377	 0.01161063630933839	 2.8468873703052773	
5378	 0.011613706060508912	 2.8481419679251494	
5379	 0.011616108080817013	 2.849123820237431	
5380	 0.011617904678750544	 2.8498582879585608	
5381	 0.011618743093127711	 2.850201066297082	
5382	 0.011618264190178126	 2.850005269021838	
5383	 0.011616805757062632	 2.8494090284718236	
5384	 0.011613595749482777	 2.848096880326829	
5385	 0.01157946223777582	 2.8341591534996833	
5386	 0.011505625824031727	 2.8041032037215143	
5387	 0.01140165113843218	 2.761996756579061	
5388	 0.011351064907327665	 2.741603179376296	
5389	 0.011271385419608858	 2.7096035389429605	
5390	 0.011178212441226108	 2.672375706736386	
5391	 0.011080786762436668	 2.6336693266211686	
5392	 0.010978534616038026	 2.59328874946724	
5393	 0.010874267802161849	 2.5523699548457177	
5394	 0.010770338105947496	 2.5118429279414136	
5395	 0.010703599830971123	 2.485955536749057	
5396	 0.010659597628302275	 2.468946063898631	
5397	 0.010633465065408458	 2.458866391797791	
5398	 0.01062067115539505	 2.453937628881168	
5399	 0.01061698379159047	 2.4525178326121146	
5400	 0.010618594537486972	 2.453137999771545	
5401	 0.01062347817165591	 2.4550186731888712	
5402	 0.010630859935698815	 2.4578624633636452	
5403	 0.010640057579307641	 2.461407655080606	
5404	 0.010651083410045885	 2.4656602068559614	
5405	 0.010665787277990295	 2.471335908472507	
5406	 0.010682768092816791	 2.477897006299373	
5407	 0.010700931282743591	 2.484922653571861	
5408	 0.010717627883403876	 2.49138803107447	
5409	 0.010709098196155441	 2.488084264771936	
5410	 0.010668323143726751	 2.472315281826078	
5411	 0.010597559149429397	 2.445043923670002	
5412	 0.01059291887023317	 2.443259860273865	
5413	 0.010577087014106694	 2.437176855641799	
5414	 0.010541905531035166	 2.423680954172095	
5415	 0.010496134267482185	 2.4061676263838145	
5416	 0.01044752005387265	 2.387622185819404	
5417	 0.010400125858100677	 2.369597456193953	
5418	 0.010350203250704853	 2.3506702653089886	
5419	 0.010318109865296991	 2.338534760403822	
5420	 0.010325285878692457	 2.3412460526587484	
5421	 0.010360051520762859	 2.354399238339966	
5422	 0.010403723922509307	 2.3709639376469562	
5423	 0.010446247109733103	 2.3871373520640766	
5424	 0.010468441467476646	 2.395596289922827	
5425	 0.010485773265735222	 2.402210280067632	
5426	 0.010496840751808508	 2.4064375603440875	
5427	 0.010504587423644476	 2.4093982079083793	
5428	 0.010507619307691791	 2.4105573393868234	
5429	 0.010508421702524263	 2.410864143419494	
5430	 0.010509756684613875	 2.411374622352712	
5431	 0.010517063671731193	 2.4141694803381757	
5432	 0.010527926264046568	 2.418326719024741	
5433	 0.010509100103521952	 2.411123549300752	
5434	 0.010466360966322467	 2.394802839965362	
5435	 0.010373111970715644	 2.359348125106096	
5436	 0.010354848602316898	 2.3524288979994767	
5437	 0.010316930904474544	 2.338089437263021	
5438	 0.010245208508484243	 2.311061942259487	
5439	 0.010139931497421494	 2.2716179148277833	
5440	 0.010020708302063133	 2.2272772632272084	
5441	 0.00989324957295083	 2.1802611940427616	
5442	 0.009773413797559012	 2.136423737167227	
5443	 0.009711461754355154	 2.1139007374386787	
5444	 0.009656304871747852	 2.093928581570605	
5445	 0.009597424459203233	 2.0726919187809285	
5446	 0.009549750489963744	 2.0555606306970633	
5447	 0.009517209363808789	 2.043899898117493	
5448	 0.009449510937801829	 2.0197260644884163	
5449	 0.00939988037102678	 2.002077081708249	
5450	 0.00936277473868199	 1.9889225626729314	
5451	 0.009331438822637572	 1.9778405284901466	
5452	 0.009294887928949395	 1.964945516443011	
5453	 0.009270762170389581	 1.9564525372509183	
5454	 0.009253137586976339	 1.9502574685079292	
5455	 0.00924294971783111	 1.9466800018053294	
5456	 0.009234699118417178	 1.94378473244969	
5457	 0.009187211273534262	 1.9271540093271644	
5458	 0.009108204891814426	 1.8996119926367012	
5459	 0.00900497975595706	 1.863866565899484	
5460	 0.008961944448730039	 1.8490443554550333	
5461	 0.008915249515125654	 1.833015289235273	
5462	 0.008863385050973466	 1.8152771648347925	
5463	 0.00880751684170166	 1.7962469918181139	
5464	 0.008741585921313197	 1.7738925142176718	
5465	 0.008680630560955473	 1.753324786584373	
5466	 0.008627067342442576	 1.7353306207909651	
5467	 0.008584839266445298	 1.7211968019403878	
5468	 0.008577459900288659	 1.7187316612799335	
5469	 0.008597987818986023	 1.7255926906173487	
5470	 0.008633486170745575	 1.7374830617031662	
5471	 0.008680142934022694	 1.7531606371460142	
5472	 0.008730216303228892	 1.7700488685721154	
5473	 0.0087806432968705	 1.787121753906882	
5474	 0.008829985737560036	 1.8038908408532965	
5475	 0.008878635769756966	 1.8204858890062223	
5476	 0.008929364290935523	 1.8378546100342799	
5477	 0.008979280016166269	 1.8550093735996356	
5478	 0.009027254634043382	 1.8715570558610501	
5479	 0.00907280312390066	 1.887322257281579	
5480	 0.009118369439730758	 1.9031465125464135	
5481	 0.009131266568616795	 1.907635015399663	
5482	 0.009090351927551648	 1.893410342120884	
5483	 0.00902464168273995	 1.8706542683584388	
5484	 0.009026289641593903	 1.8712236259412571	
5485	 0.009016720086529947	 1.8679183829025316	
5486	 0.009004103810890125	 1.8635644012768977	
5487	 0.00899572272662897	 1.8606742665665559	
5488	 0.009001129358241239	 1.8625384850597493	
5489	 0.009006449838593389	 1.8643737273168783	
5490	 0.009008663622403226	 1.8651375611253591	
5491	 0.009007098579501946	 1.8645975529395271	
5492	 0.00901734493348395	 1.8681341284030082	
5493	 0.009034061092371006	 1.873909538604963	
5494	 0.009058369673882887	 1.8823208401636273	
5495	 0.009086103760681455	 1.8919358355779512	
5496	 0.009115297803115794	 1.9020781347481204	
5497	 0.009141816539300534	 1.9113097964616526	
5498	 0.009172290624051347	 1.9219404540468994	
5499	 0.00920958623037502	 1.9349828238428781	
5500	 0.009249045982639478	 1.9488203873707655	
5501	 0.009312469699302143	 1.9711440847930524	
5502	 0.009375168381371224	 1.9933124419534207	
5503	 0.009420496192748283	 2.0094006910880133	
5504	 0.009456179658606012	 2.0221022293354634	
5505	 0.009469793316341001	 2.0269564475878323	
5506	 0.00942882816394427	 2.012363593069592	
5507	 0.00934738025049623	 1.9834751638875223	
5508	 0.009320419063449784	 1.9739492483328347	
5509	 0.009304961214784907	 1.9684959640081823	
5510	 0.00929256676337935	 1.9641277579356962	
5511	 0.009270537622584795	 1.9563735589232445	
5512	 0.009253667790923393	 1.9504437213595973	
5513	 0.009264648290092197	 1.9543026084841388	
5514	 0.010658546127439073	 2.4685401677844516	
5515	 0.010857434181582413	 2.5457881395968136	
5516	 0.011026914948682132	 2.612363605631707	
5517	 0.011307231150084451	 2.723980748930385	
5518	 0.01136950598713396	 2.749030602503237	
5519	 0.011526375148512654	 2.8125365007828096	
5520	 0.011505384104060946	 2.8040050194349497	
5521	 0.011476464666968163	 2.7922681541269228	
5522	 0.0114669913538305	 2.7884277217926363	
5523	 0.011477968430345837	 2.7928779664841668	
5524	 0.011503643551349862	 2.803298064560702	
5525	 0.011529968923210725	 2.813998173514928	
5526	 0.011554668979189706	 2.8240524841613484	
5527	 0.011577855251549292	 2.833503647521493	
5528	 0.011593638869983562	 2.839944572796957	
5529	 0.011580026288761107	 2.834389249996802	
5530	 0.0115372571953911	 2.816963417947076	
5531	 0.011475444868752075	 2.7918546316383894	
5532	 0.011461332096601114	 2.7861344969618997	
5533	 0.0114403909625809	 2.7776553670166555	
5534	 0.01140425479749321	 2.7630480436803135	
5535	 0.01135543882523993	 2.743364113632997	
5536	 0.011299165504601989	 2.7207430805898043	
5537	 0.011242306561235671	 2.6979627930808188	
5538	 0.011187225254384803	 2.6759678278328503	
5539	 0.011149363636459056	 2.660890789968992	
5540	 0.011127231498784968	 2.6520932437401936	
5541	 0.011117091678853738	 2.6480665490146413	
5542	 0.011112038228069863	 2.646060651756904	
5543	 0.011110378213034825	 2.645401864466713	
5544	 0.011117569047547694	 2.648256065331801	
5545	 0.011141055569502777	 2.6575869590571117	
5546	 0.011169582042572979	 2.668937808876529	
5547	 0.01120463848156857	 2.6829134595860764	
5548	 0.011237251918033432	 2.695941381770686	
5549	 0.011272859494163697	 2.7101941690501152	
5550	 0.011308149095674342	 2.7243493233623934	
5551	 0.01134295918923012	 2.7383410225382976	
5552	 0.011378722601264562	 2.7527457448711323	
5553	 0.011383397639529546	 2.7546309819830337	
5554	 0.011339338944369363	 2.7368845521788727	
5555	 0.011268500395346933	 2.708447720518645	
5556	 0.011241122279324847	 2.697489130444768	
5557	 0.011200849202483291	 2.6814014129173227	
5558	 0.01114540357012653	 2.659315803753261	
5559	 0.011081690383031336	 2.6340272889488423	
5560	 0.011020286811089249	 2.6097470327622907	
5561	 0.010965930205471744	 2.588328408456534	
5562	 0.01092852865796885	 2.573631770205902	
5563	 0.010923592654906687	 2.5716947083433945	
5564	 0.010932885817636311	 2.5753421582373464	
5565	 0.010943500321811057	 2.5795107474264034	
5566	 0.010956098913119163	 2.584462038177936	
5567	 0.0109664238027378	 2.5885225873012176	
5568	 0.010973546153119818	 2.5913251350542006	
5569	 0.010977985828230402	 2.5930727003642136	
5570	 0.010978185960942582	 2.5931514886219325	
5571	 0.010970585151871335	 2.590159874116293	
5572	 0.010972618364376064	 2.5909599941202845	
5573	 0.010957133510132642	 2.5848688071827643	
5574	 0.010932432410274676	 2.575164153550275	
5575	 0.010905397705140579	 2.5645594075646536	
5576	 0.010868326009017904	 2.5500459835230584	
5577	 0.010799017187307395	 2.523000310381254	
5578	 0.010686145039605324	 2.47920263045125	
5579	 0.010551316355211981	 2.42728808537753	
5580	 0.010479853142650685	 2.399950280795891	
5581	 0.010409870599507223	 2.3732990661563185	
5582	 0.010335451669719817	 2.345089114654052	
5583	 0.010253747459437267	 2.314273122482501	
5584	 0.010194994179096866	 2.292214314127008	
5585	 0.010134909985107186	 2.269743300875062	
5586	 0.010071782820386455	 2.246229728149617	
5587	 0.010025681777810968	 2.229119970955814	
5588	 0.010013341032446926	 2.224548758419387	
5589	 0.010010423199465714	 2.223468494395131	
5590	 0.010013391158044754	 2.2245673181625194	
5591	 0.010022045970481433	 2.2277728188529458	
5592	 0.010034293353788989	 2.232312061713008	
5593	 0.01004764534426386	 2.237264914662061	
5594	 0.010064191083135377	 2.243408562446648	
5595	 0.010085261861165132	 2.2512421685470456	
5596	 0.010103768520786737	 2.258131504036921	
5597	 0.01012226579480026	 2.265025756966165	
5598	 0.010142328036546999	 2.272512800901605	
5599	 0.010164323142048093	 2.2807325249718957	
5600	 0.010181892322944587	 2.2873067757206766	
5601	 0.010190782659217286	 2.2906363539672716	
5602	 0.010186996651620895	 2.289218194551903	
5603	 0.010177748604071645	 2.285755546317553	
5604	 0.010182331038146671	 2.2874710363896766	
5605	 0.010183348493517992	 2.287852003053706	
5606	 0.010184217264514024	 2.2881773177880804	
5607	 0.010183955161718309	 2.2880791704110313	
5608	 0.01023104776334899	 2.3057405475669217	
5609	 0.010277183566236121	 2.3230957283674187	
5610	 0.010321753551141457	 2.339911286576881	
5611	 0.01034457721946498	 2.3485410723410154	
5612	 0.010389951909318676	 2.3657352752073453	
5613	 0.010435992507958451	 2.383233058050092	
5614	 0.010480103833401441	 2.400045964410096	
5615	 0.010523064477358828	 2.416465703789165	
5616	 0.010565395213391523	 2.432688460834048	
5617	 0.010607209539475047	 2.448755908780898	
5618	 0.010648238641062235	 2.4645627270783566	
5619	 0.010689401927938732	 2.4804620971673765	
5620	 0.010727575391087091	 2.495243170242325	
5621	 0.0107635577178188	 2.5092079602518447	
5622	 0.01079517715229412	 2.521505226624086	
5623	 0.010827527583092682	 2.5341116642729453	
5624	 0.010857557396025994	 2.5458362907914123	
5625	 0.010876915073096766	 2.5534056357770436	
5626	 0.010888491906327584	 2.5579367669674515	
5627	 0.010895212808201321	 2.5605687780676947	
5628	 0.010911475155436471	 2.5669418481791797	
5629	 0.01093486400093495	 2.5761188372997474	
5630	 0.010961508056431079	 2.586589015760638	
5631	 0.010988749628620818	 2.5973115529551283	
5632	 0.011005172623261502	 2.603784367067061	
5633	 0.011009172715734117	 2.605361904051794	
5634	 0.01102355686239314	 2.6110378114423747	
5635	 0.011043207151525613	 2.618799693423938	
5636	 0.011061988546974374	 2.626226972750777	
5637	 0.011080441134043769	 2.633532413744858	
5638	 0.011096772050292199	 2.640004647480884	
5639	 0.01111310433978204	 2.646483779421167	
5640	 0.01113042514711238	 2.653362002497098	
5641	 0.011149663318742358	 2.6610099939280896	
5642	 0.011171714469468543	 2.6697870911684256	
5643	 0.011194115946817844	 2.6787154643006685	
5644	 0.011215916088784469	 2.687415612035757	
5645	 0.011239019194134914	 2.6966480673811914	
5646	 0.011262988319539384	 2.706239982981853	
5647	 0.01128876455867417	 2.7165702624217856	
5648	 0.011315399789012538	 2.7272613299948185	
5649	 0.011341806167788964	 2.7378771137711455	
5650	 0.011364715578040356	 2.747100420196169	
5651	 0.01138443992055048	 2.7550513584104164	
5652	 0.011408912537118275	 2.76492911213166	
5653	 0.011432793957394126	 2.774581871969	
5654	 0.011461126787309024	 2.7860513164204574	
5655	 0.01152078252044561	 2.8102624515926817	
5656	 0.011554104167103245	 2.823822413675146	
5657	 0.01157623012734796	 2.832840804562782	
5658	 0.011594938828475804	 2.8404753161480154	
5659	 0.011610936702316445	 2.847010130208026	
5660	 0.011689545158801794	 2.879207324117476	
5661	 0.011933863979617054	 2.9801998544357766	
5662	 0.011951895190495995	 2.98770841322282	
5663	 0.011967699358699645	 2.9942958002660442	
5664	 0.011981068761829835	 2.999872875062246	
5665	 0.011991151734222487	 3.0040817538652167	
5666	 0.012002515092505462	 3.0088279255961856	
5667	 0.012093242136379597	 3.046829587318841	
5668	 0.012215625143008259	 3.098392351964498	
5669	 0.012349985771329836	 3.155399449084305	
5670	 0.01248206034468731	 3.211841064428595	
5671	 0.012595556327106839	 3.2606624388145886	
5672	 0.01270312456446989	 3.307205471928676	
5673	 0.012786195271605546	 3.3433291727606043	
5674	 0.012813292289931987	 3.3551463750730557	
5675	 0.012811793784378241	 3.3544924305383717	
5676	 0.012810025120703302	 3.3537206551998766	
5677	 0.012801619272431711	 3.3500536443962896	
5678	 0.012788669070068127	 3.3444073219898707	
5679	 0.012772622745701461	 3.337416368244365	
5680	 0.012751497440992672	 3.3282215638656947	
5681	 0.012728499357875326	 3.318223170756636	
5682	 0.01270445563201439	 3.307783055236055	
5683	 0.01268175512963217	 3.2979382669921726	
5684	 0.012668094604888552	 3.292019608166158	
5685	 0.012659531458351409	 3.2883116453781853	
5686	 0.012652029713530355	 3.285064658178649	
5687	 0.012644566471137774	 3.281835609391544	
5688	 0.012637064782975849	 3.2785912068236645	
5689	 0.012630353506294616	 3.2756897369994316	
5690	 0.012623542871953724	 3.2727463626919917	
5691	 0.012620628657363162	 3.271487240305586	
5692	 0.012615690785088061	 3.269354214065747	
5693	 0.01261348492425006	 3.2684015221342766	
5694	 0.012613074034577074	 3.268224074762382	
5695	 0.01261460348796274	 3.2688846061023296	
5696	 0.01261614526117895	 3.2695505120978994	
5697	 0.012619915452129916	 3.271179120700768	
5698	 0.012624192401184025	 3.2730270262250016	
5699	 0.012629175874626974	 3.275180720357637	
5700	 0.01261806287130262	 3.2703788212057097	
5701	 0.012618889561435033	 3.2707359347831604	
5702	 0.012621367650834218	 3.2718065132150103	
5703	 0.012623517201697134	 3.272735270694709	
5704	 0.012625467080884552	 3.2735778471402157	
5705	 0.012617756800743252	 3.2702466088114606	
5706	 0.012609235217361495	 3.266566424143607	
5707	 0.012597052462688356	 3.261307982121185	
5708	 0.012594607369951081	 3.260253015156784	
5709	 0.01259459164266546	 3.260246229857393	
5710	 0.012595429989296516	 3.2606079296997996	
5711	 0.012597388559159175	 3.261453005974262	
5712	 0.012599655782430642	 3.2624313682378463	
5713	 0.012601096305519326	 3.263053050143643	
5714	 0.012601202294459964	 3.2630987933204394	
5715	 0.012600388889417948	 3.2627477469362876	
5716	 0.012598020816196317	 3.261725828538859	
5717	 0.012596081661693499	 3.260889101102504	
5718	 0.012651775666365703	 3.284954721170501	
5719	 0.012719033630854186	 3.314111451693383	
5720	 0.012788401553751026	 3.3442907243352913	
5721	 0.012843828751348025	 3.368483523090373	
5722	 0.012807097686348311	 3.3524433939565768	
5723	 0.012702289282335289	 3.3068430428422655	
5724	 0.012545048540745266	 3.2388996563686785	
5725	 0.0124573539368321	 3.201252442881598	
5726	 0.01235400341461809	 3.157110469149164	
5727	 0.012243628932399366	 3.1102396120604667	
5728	 0.012133379253288699	 3.06370212344245	
5729	 0.01202337427375686	 3.01754804764517	
5730	 0.011918815293817468	 2.973939066170901	
5731	 0.01185673072763293	 2.9481653993505694	
5732	 0.011822891922637609	 2.9341554304180186	
5733	 0.011797189495039466	 2.923531936145914	
5734	 0.011774443888340995	 2.9141434342559687	
5735	 0.011756881549330692	 2.9069026499624764	
5736	 0.011744647801318396	 2.9018630513771173	
5737	 0.011738208536581191	 2.8992118509400537	
5738	 0.011729930734458856	 2.8958051044882014	
5739	 0.01171695296072264	 2.890467300582677	
5740	 0.011705551141992383	 2.8857809438288826	
5741	 0.011697765409176799	 2.882582612630104	
5742	 0.01169377843809428	 2.8809453387054114	
5743	 0.011691018894105863	 2.879812333086069	
5744	 0.01169095223189222	 2.8797849653117322	
5745	 0.011675363935678406	 2.8733881401951678	
5746	 0.01161898630464636	 2.8503005042714364	
5747	 0.01151620424172253	 2.808401400287903	
5748	 0.011364366911447887	 2.746959954392043	
5749	 0.011276477518130186	 2.7116440520567595	
5750	 0.011155859759244359	 2.663475217017251	
5751	 0.01101865625454263	 2.6091035028938365	
5752	 0.01085415692365627	 2.5445075477705603	
5753	 0.010683969944165778	 2.4783616448514643	
5754	 0.010527350811601608	 2.4181064150077933	
5755	 0.010435507705931409	 2.383048539850977	
5756	 0.010382611064746115	 2.3629501476814867	
5757	 0.010349133012938204	 2.350265170304192	
5758	 0.01032623449393531	 2.3416045592307206	
5759	 0.010313877562429716	 2.336936270920149	
5760	 0.010310913070089172	 2.3358168784862334	
5761	 0.010318156164363065	 2.3385522494172726	
5762	 0.01033182664374314	 2.343718425476942	
5763	 0.010347868575352314	 2.3497866048397196	
5764	 0.010368272409238878	 2.3575138259231365	
5765	 0.010387652987856084	 2.364862919795809	
5766	 0.010406197124923154	 2.3719033990718543	
5767	 0.01042622864376067	 2.3795179815661185	
5768	 0.010451958225410972	 2.3893128864538338	
5769	 0.010466042568370323	 2.3946814204018616	
5770	 0.01043611198312444	 2.3832785318037977	
5771	 0.010373669090326094	 2.3595593221965374	
5772	 0.010265307731753178	 2.3186233499710514	
5773	 0.010206910682156409	 2.2966815097509605	
5774	 0.010141793559646155	 2.2723132109161455	
5775	 0.010074893034098755	 2.247385924248952	
5776	 0.010003588951599503	 2.2209390847756403	
5777	 0.009930464576607774	 2.193947314653194	
5778	 0.009857967146187563	 2.1673174484185815	
5779	 0.009804004185540893	 2.1475802265703776	
5780	 0.009794392021780212	 2.1440721113518935	
5781	 0.009803449513870084	 2.147377727770688	
5782	 0.009827684077861422	 2.1562323718216145	
5783	 0.009859651396636832	 2.167934633350506	
5784	 0.009912286192769574	 2.1872577861270592	
5785	 0.009964312602645615	 2.2064249327384204	
5786	 0.010015248427620672	 2.225255043325011	
5787	 0.010047847379580374	 2.2373398923540595	
5788	 0.010076398429512365	 2.247945627952573	
5789	 0.01010710628874618	 2.259374926049189	
5790	 0.010141770613150976	 2.2723046421515725	
5791	 0.01017681834009343	 2.2854073535188	
5792	 0.010214835235386056	 2.2996541500836876	
5793	 0.010236781493878095	 2.307894605948593	
5794	 0.01021725018522737	 2.3005603463062303	
5795	 0.010165261206755958	 2.281083350186145	
5796	 0.010098974128264044	 2.2563459233630954	
5797	 0.010145558367448248	 2.273719254297742	
5798	 0.010190647275050351	 2.2905856358278824	
5799	 0.010233756867215822	 2.306758208400677	
5800	 0.010239379069687192	 2.3088707327806195	
5801	 0.010238363956959122	 2.3084892502383365	
5802	 0.010237963779221584	 2.3083388691206226	
5803	 0.01023925627031076	 2.3088245830497818	
5804	 0.010251254843896176	 2.313335558642793	
5805	 0.010280404993438698	 2.3243094956784387	
5806	 0.010307791272165258	 2.3346383193730835	
5807	 0.010331314343934082	 2.343524741323767	
5808	 0.010352520545786871	 2.3515474788646675	
5809	 0.01037390277518371	 2.3596479114603413	
5810	 0.010397501580171874	 2.368601000424212	
5811	 0.01042351598951056	 2.3784862486844305	
5812	 0.0104665741247933	 2.394884128323112	
5813	 0.010508074989869004	 2.4107315723034657	
5814	 0.010548851521317001	 2.426343117018774	
5815	 0.0105889073047057	 2.4417179403304035	
5816	 0.010628866478284893	 2.4570943633982005	
5817	 0.010653910711639273	 2.466751141547878	
5818	 0.010626377100008652	 2.4561353147848877	
5819	 0.01056921977214465	 2.4341563160913458	
5820	 0.010487631619647574	 2.4029198797121216	
5821	 0.01052439101457842	 2.416973424456366	
5822	 0.010562509743085077	 2.431581259582545	
5823	 0.010600214584903624	 2.4460651019988413	
5824	 0.010636692105989408	 2.4601102109171697	
5825	 0.010671020144608741	 2.4733570572885917	
5826	 0.01066047167867199	 2.4692834816069213	
5827	 0.010633829527096152	 2.459006856019013	
5828	 0.010608684182085208	 2.4493233227219777	
5829	 0.010589181395841828	 2.441823279971781	
5830	 0.010574397024779919	 2.436143895759215	
5831	 0.010595918545613588	 2.444413095801611	
5832	 0.010591524406071732	 2.4427238278466654	
5833	 0.010599198356434303	 2.445674279476936	
5834	 0.010618425942103136	 2.4530730844709505	
5835	 0.010644727695507278	 2.4632085133613124	
5836	 0.010676437118299926	 2.4754500119938445	
5837	 0.010707904496069625	 2.487622054043527	
5838	 0.010739922962853364	 2.5000317660581435	
5839	 0.010774327008613738	 2.513393596351782	
5840	 0.010809038221089917	 2.526903580873556	
5841	 0.010844112486511208	 2.5405842795300835	
5842	 0.010838592095398121	 2.5384290948826127	
5843	 0.010789710115249219	 2.519377295624735	
5844	 0.010689451751449303	 2.4804813663342213	
5845	 0.01066351459915056	 2.4704583120760484	
5846	 0.010632365925642885	 2.4584428006962717	
5847	 0.010595795083794294	 2.444365626184816	
5848	 0.010555505599199003	 2.4288944959531995	
5849	 0.010515071131550098	 2.413407222916587	
5850	 0.010476765730320258	 2.3987720027661017	
5851	 0.010421172030415864	 2.3775948897328267	
5852	 0.010371450176112018	 2.3587182044325345	
5853	 0.010346568321458981	 2.349294524242621	
5854	 0.010344873080914266	 2.348653023007683	
5855	 0.010358057301366371	 2.353643951336584	
5856	 0.010381258200698755	 2.3624370122360734	
5857	 0.010410453019686593	 2.3735203758311125	
5858	 0.010443338609754153	 2.386029722297244	
5859	 0.010479712829316187	 2.3998967266860727	
5860	 0.010516004679312154	 2.4137643448607538	
5861	 0.010552602081129849	 2.4277810655670864	
5862	 0.01058900803015553	 2.4417566512679683	
5863	 0.010624063917444061	 2.455244280918832	
5864	 0.010657482389804981	 2.468129575243668	
5865	 0.01070918525676351	 2.4881179767166834	
5866	 0.010718168896686751	 2.4915976385099707	
5867	 0.010666376797466317	 2.4715635721622777	
5868	 0.010576312900600912	 2.436879576959677	
5869	 0.010551819152010585	 2.427480865757246	
5870	 0.010518726772520647	 2.414805782593577	
5871	 0.010476583137743483	 2.398702325503127	
5872	 0.01042491417648871	 2.379018013781177	
5873	 0.01036945321268552	 2.3579613235095653	
5874	 0.010312870774822715	 2.336556083820321	
5875	 0.010265187472178068	 2.318578078464127	
5876	 0.010248336048245042	 2.31223788604669	
5877	 0.010245841161176179	 2.311299798107417	
5878	 0.010251935282747076	 2.3135914814932437	
5879	 0.010264995409413145	 2.3185057775051234	
5880	 0.010284968472567945	 2.3260293545229405	
5881	 0.010309568570882088	 2.3353092662416617	
5882	 0.010336087615732502	 2.34532961061997	
5883	 0.010364172775425217	 2.3559604219238786	
5884	 0.010392594290938287	 2.3667381199722453	
5885	 0.010421557839231585	 2.377741595622512	
5886	 0.010451095336621606	 2.3889841355278723	
5887	 0.010481155510278565	 2.4004473849357737	
5888	 0.010511999434646714	 2.412232316677151	
5889	 0.010529353842097312	 2.418873282216127	
5890	 0.010501233402716284	 2.4081161788330068	
5891	 0.010425332407340802	 2.379177086559426	
5892	 0.010304034730395189	 2.3332204435322668	
5893	 0.010231893207989675	 2.306058115185449	
5894	 0.010143105121743441	 2.2728030007371207	
5895	 0.010041809713347677	 2.2350996769209	
5896	 0.009937295456051536	 2.1964631461994255	
5897	 0.009832815512625598	 2.1581091265257646	
5898	 0.009729115810934899	 2.120309235819439	
5899	 0.009635689400457058	 2.0864832564358715	
5900	 0.009578402114889006	 2.0658495614008636	
5901	 0.009542839083946458	 2.0530817899201463	
5902	 0.009522747181023465	 2.0458824364203663	
5903	 0.00952132694337771	 2.0453739181068276	
5904	 0.009535750227765372	 2.0505405480320054	
5905	 0.009560149895914348	 2.059292729604546	
5906	 0.009590321709958037	 2.070135993662601	
5907	 0.009624781365954679	 2.082548087037713	
5908	 0.009677163646865066	 2.1014725692314387	
5909	 0.009716237263669669	 2.1156335022071273	
5910	 0.00975480156060692	 2.1296471255181815	
5911	 0.009793611803541465	 2.1437874587086707	
5912	 0.009833268973787201	 2.158275005382087	
5913	 0.009850131997743466	 2.1644472226807414	
5914	 0.009824467128949464	 2.155056148198779	
5915	 0.009750626507916518	 2.1281281948422928	
5916	 0.009634277101662748	 2.085973589769369	
5917	 0.009573582371304346	 2.064117331797742	
5918	 0.00950498036420716	 2.0395246408045344	
5919	 0.009429911348786586	 2.012748908751226	
5920	 0.009346461898102235	 1.9831503902678123	
5921	 0.00925929461822802	 1.9524207814381023	
5922	 0.009170898190038477	 1.9214541996777987	
5923	 0.009091479304386812	 1.8938017232280397	
5924	 0.009055384698665746	 1.8812871619062688	
5925	 0.009042189247627673	 1.876720381384283	
5926	 0.009043099897145903	 1.8770354031554997	
5927	 0.00905438602668833	 1.8809413787499087	
5928	 0.009076685557765057	 1.8886684874884594	
5929	 0.0091084065817718	 1.8996821007597922	
5930	 0.009150729821971395	 1.9144166882076203	
5931	 0.009201525785007224	 1.9321610769746995	
5932	 0.009256444217929712	 1.9514191555183877	
5933	 0.009303707159446298	 1.9680538178036089	
5934	 0.009354540913251148	 1.9860082485288773	
5935	 0.009413991282079547	 2.0070887174640366	
5936	 0.009506295425170596	 2.0399949596669096	
5937	 0.009621467202598674	 2.0813530620856375	
5938	 0.009708195243535743	 2.1127158307811604	
5939	 0.009724910985473935	 2.118782162175961	
5940	 0.009647701577597792	 2.090820192257557	
5941	 0.009595793466833922	 2.0721048944153613	
5942	 0.009535550471538139	 2.050468956849054	
5943	 0.009453416389409578	 2.021117499645684	
5944	 0.009376931841634791	 1.9939373814272199	
5945	 0.009294163232471075	 1.9646901875464056	
5946	 0.009212279687297775	 1.935926098386695	
5947	 0.009144302719157473	 1.9121761980588041	
5948	 0.009118737612583267	 1.903274586671108	
5949	 0.009112074165644274	 1.9009571460476773	
5950	 0.009113079182768677	 1.901306602656629	
5951	 0.009119994807198007	 1.9037119455513805	
5952	 0.009130983736766922	 1.9075365379384324	
5953	 0.00915221195430312	 1.9149335089263868	
5954	 0.009186380877677456	 1.9268637049678976	
5955	 0.009228772403058059	 1.9417060157195596	
5956	 0.009271480176542063	 1.9567050841285394	
5957	 0.009314380565756624	 1.9718182437169207	
5958	 0.009358796471254531	 1.9875142648589976	
5959	 0.009405472774414047	 2.004062681964093	
5960	 0.00945427316798168	 2.02142280417046	
5961	 0.009484442227828356	 2.032185004785046	
5962	 0.009472574373089033	 2.027948660850653	
5963	 0.009419578713803325	 2.0090745364747553	
5964	 0.009302267044392841	 1.9675461209536644	
5965	 0.00923473825254995	 1.9437984611837973	
5966	 0.009153094257082774	 1.9152411951007533	
5967	 0.009061845999451442	 1.883524956234846	
5968	 0.00897641372370458	 1.854022577033066	
5969	 0.00888722177564308	 1.8234209759072513	
5970	 0.008799803431306234	 1.7936259077686512	
5971	 0.00872435357660899	 1.7680682018194223	
5972	 0.008696079601366797	 1.7585285658998109	
5973	 0.008687457710239418	 1.7556236495176758	
5974	 0.008686006691414005	 1.7551349562736136	
5975	 0.008684317142049668	 1.754565996147828	
5976	 0.008689764261649517	 1.75640059230671	
5977	 0.008710541597221583	 1.7634054624461206	
5978	 0.008746733183274553	 1.7756337088460827	
5979	 0.008792427954564343	 1.7911210885709725	
5980	 0.008831936647155324	 1.8045551467819039	
5981	 0.008877107879670987	 1.819963784999501	
5982	 0.008925898197151755	 1.8366657698654327	
5983	 0.008976142151061106	 1.8539290919007825	
5984	 0.009028645600686369	 1.8720377127250074	
5985	 0.009061776103849697	 1.8835007430352126	
5986	 0.009063648691242059	 1.8841494868443864	
5987	 0.009033480875234623	 1.8737089549216979	
5988	 0.008989531801979221	 1.8585405392803263	
5989	 0.009009760881264149	 1.8655162006754247	
5990	 0.009175855974566969	 1.9231857408011588	
5991	 0.009295427921352508	 1.9651357780518575	
5992	 0.009335968806583671	 1.979441038292955	
5993	 0.009359300695887703	 1.9876927371749975	
5994	 0.00938670106048271	 1.9974008409938147	
5995	 0.009409524092500832	 2.005501606809686	
5996	 0.009410776787501086	 2.0059466157348007	
5997	 0.009438864401061519	 2.0159348610405257	
5998	 0.009473227500348397	 2.0281817089007217	
5999	 0.009477951259767888	 2.0298675537027653	
6000	 0.009507094544361733	 2.040280778121607	
6001	 0.009557154416030434	 2.0582174456174154	
6002	 0.00958972027972769	 2.0699196268609894	
6003	 0.009632466590855749	 2.08532029025234	
6004	 0.009667660157200315	 2.098034098824292	
6005	 0.00970274278228065	 2.110738576134923	
6006	 0.009738008603954181	 2.123540296043558	
6007	 0.009776139434936082	 2.137416849334846	
6008	 0.009815226698233828	 2.1516789670528844	
6009	 0.009822247122442132	 2.1542445896276083	
6010	 0.00977721952290128	 2.1378104408354335	
6011	 0.009711529441319556	 2.1139252932779544	
6012	 0.009635423621017505	 2.0863873388478233	
6013	 0.009628896180658415	 2.0840321935845836	
6014	 0.00960918581404743	 2.076927017117197	
6015	 0.009581770518886954	 2.0670605204436976	
6016	 0.009554650864137525	 2.0573189208047253	
6017	 0.009518869740620613	 2.0444942322363864	
6018	 0.0094762379218783	 2.029256022207819	
6019	 0.009429502033171413	 2.0126033015786144	
6020	 0.00941437630074724	 2.0072255310527596	
6021	 0.00941476488965319	 2.0073636170819933	
6022	 0.009416732682535883	 2.0080629354898636	
6023	 0.009412142578243674	 2.0064318459334323	
6024	 0.009403325944633532	 2.003300350252484	
6025	 0.00939701229841239	 2.0010590690319763	
6026	 0.009390706743828376	 1.9988216620198973	
6027	 0.009382220782337436	 1.9958121594061677	
6028	 0.009431360308351606	 2.0132643856993995	
6029	 0.009463362745566821	 2.024662920540141	
6030	 0.009481251018696544	 2.0310455246735826	
6031	 0.009488896579268836	 2.033775940587696	
6032	 0.009491772200702594	 2.0348032747289917	
6033	 0.009464520109184072	 2.025075629142433	
6034	 0.009411383997357489	 2.0061623359282077	
6035	 0.009351735787425684	 1.985015781126186	
6036	 0.009297522065669563	 1.965873701216745	
6037	 0.009284966646468353	 1.9614511507464163	
6038	 0.009268102636526668	 1.955517203473507	
6039	 0.009244875363905945	 1.947355990376389	
6040	 0.009289267632248285	 1.9629656914665794	
6041	 0.00935099658514021	 1.9847542807349274	
6042	 0.009414580879062462	 2.007298227989641	
6043	 0.00947664942204534	 2.0294028897878937	
6044	 0.009540915939296811	 2.052392248791694	
6045	 0.009605888633711441	 2.075739400084969	
6046	 0.009670356367747561	 2.099009389540347	
6047	 0.009734239992794592	 2.1221707885844965	
6048	 0.009797267904001634	 2.145121470743952	
6049	 0.009857134513989388	 2.1670123605883753	
6050	 0.009915299082803102	 2.1883659453546738	
6051	 0.009971640719732649	 2.2091300706162627	
6052	 0.010022564508185583	 2.227964929347667	
6053	 0.0100726875835694	 2.2465660417975455	
6054	 0.010122285496217787	 2.265033104505409	
6055	 0.010169993527493482	 2.2828535117967594	
6056	 0.010217998651753147	 2.3008412331110666	
6057	 0.01029078775959655	 2.328223233419657	
6058	 0.010314090206185293	 2.3370165734570816	
6059	 0.010297886431185453	 2.3309005619903154	
6060	 0.010267737637521502	 2.3195381594980073	
6061	 0.010267590597598025	 2.319482797889081	
6062	 0.010262417007357558	 2.317535239724216	
6063	 0.010251971921019195	 2.313605261996292	
6064	 0.010253415327314002	 2.3141481866724694	
6065	 0.010254574632738888	 2.3145842861850996	
6066	 0.010259077735523064	 2.316278544098021	
6067	 0.010273132243795995	 2.3215696336876794	
6068	 0.010293142112189235	 2.3291110625058997	
6069	 0.010316560449995448	 2.337949514297978	
6070	 0.01034261507071998	 2.3477986712009367	
6071	 0.010371666230747378	 2.3588000984029374	
6072	 0.010402640749650603	 2.3705525345318965	
6073	 0.010437068802135843	 2.3836427216959586	
6074	 0.010471524193049881	 2.3967721559529047	
6075	 0.010507975364021645	 2.4106934793104005	
6076	 0.010547510695033074	 2.4258291326641706	
6077	 0.010583941007967605	 2.43980959108457	
6078	 0.010618552050583053	 2.4531216407171335	
6079	 0.010653046149941354	 2.466417523698639	
6080	 0.01068715051393998	 2.479591428717316	
6081	 0.010720875494122704	 2.492646374769944	
6082	 0.01074910746533072	 2.5035960518199616	
6083	 0.010776289193240874	 2.5141565274766795	
6084	 0.010804358531093983	 2.525080504889707	
6085	 0.010830918969565798	 2.535434688574671	
6086	 0.010860520884103263	 2.5469945073847304	
6087	 0.01088873997521127	 2.5580338954070676	
6088	 0.01092147333436575	 2.570863191168917	
6089	 0.010968683968841925	 2.5894118004476203	
6090	 0.01102714961492698	 2.6124562634465565	
6091	 0.011166441995683061	 2.6676874182353765	
6092	 0.01120601529624776	 2.683462938259281	
6093	 0.011234100653627246	 2.6946814607491194	
6094	 0.011305529884061598	 2.7232977076371596	
6095	 0.011358133542620942	 2.74444922885507	
6096	 0.01142787582824771	 2.7725928867111693	
6097	 0.011509369123797976	 2.8056238709912593	
6098	 0.011615510683280757	 2.8488796147541713	
6099	 0.011723295211519581	 2.8930753984457493	
6100	 0.011892926326993805	 2.9631806631332993	
6101	 0.012419922278712777	 3.1852367185929396	
6102	 0.01297866854978968	 3.4276290836678918	
6103	 0.013080001405983177	 3.4723479247643168	
6104	 0.013154555275760827	 3.505396916655829	
6105	 0.013220084935600514	 3.5345488824727425	
6106	 0.013215772824377614	 3.532627599972009	
6107	 0.013214786903564625	 3.53218837676616	
6108	 0.01322033434331393	 3.5346600200968825	
6109	 0.013266456091747593	 3.5552361774890677	
6110	 0.013484004591057627	 3.652933247876322	
6111	 0.013533472640220279	 3.67529608642611	
6112	 0.013579847848976	 3.696310307884249	
6113	 0.013592015083032772	 3.7018316391589505	
6114	 0.013602685716037803	 3.70667654536104	
6115	 0.013851408000398123	 3.8203233217213484	
6116	 0.014890665209775415	 4.309898895459441	
6117	 0.01652631595734942	 5.1274763888992885	
6118	 0.017874417985969754	 5.843370618390928	
6119	 0.018217921114280597	 6.031726098988856	
6120	 0.01837960586822533	 6.121209452539478	
6121	 0.01837185203965638	 6.116906119961899	
6122	 0.0181647639019634	 6.002421822946817	
6123	 0.01795853842883899	 5.8892758544663835	
6124	 0.017759954800222702	 5.7811380949185756	
6125	 0.01756439759389468	 5.675433190052019	
6126	 0.017374241967278974	 5.5733975953263934	
6127	 0.017191549070921488	 5.476065094765041	
6128	 0.017015909405438595	 5.383138137171338	
6129	 0.016833966290832565	 5.2875481914829185	
6130	 0.016636999308760426	 5.184838670492417	
6131	 0.016451506751608985	 5.088850784980071	
6132	 0.016269329068646726	 4.995277917746504	
6133	 0.016118126339048945	 4.918143269749611	
6134	 0.01597087312349791	 4.843485633599134	
6135	 0.01582617765019529	 4.770570416305634	
6136	 0.01567033754814954	 4.6925348050731825	
6137	 0.015523630867220108	 4.619543864980458	
6138	 0.0153995187984863	 4.558152318594291	
6139	 0.015304932144859978	 4.5115862470359716	
6140	 0.015212719787896527	 4.466373379167731	
6141	 0.015124181171384844	 4.423133373774356	
6142	 0.015039047345904291	 4.381715013062217	
6143	 0.014955980051260257	 4.341452415742011	
6144	 0.014876188552501482	 4.302917708842523	
6145	 0.014800494961045838	 4.266489183879863	
6146	 0.01472819405108838	 4.231809208544128	
6147	 0.014659771256494904	 4.199093770797048	
6148	 0.014589860137315003	 4.165771691246128	
6149	 0.01452178743984116	 4.133427988891538	
6150	 0.014457509687690329	 4.10298003107779	
6151	 0.014396742280563209	 4.074277765163476	
6152	 0.014338507692581609	 4.04684750480029	
6153	 0.01428529508016509	 4.021847596552461	
6154	 0.014197230522134528	 3.9806100955116115	
6155	 0.014081334839403492	 3.9265996732767072	
6156	 0.013936153387270346	 3.859358413931236	
6157	 0.013852581940691175	 3.820862973018727	
6158	 0.013774661088085735	 3.7851095520428104	
6159	 0.013702364393878667	 3.7520570905247053	
6160	 0.013622115287270514	 3.7155048779736055	
6161	 0.013541726565464297	 3.6790327210976344	
6162	 0.01346426442297927	 3.644024628114556	
6163	 0.013406524645728826	 3.618016986085419	
6164	 0.013354550357229841	 3.594670051593721	
6165	 0.013308148239355208	 3.573877258805081	
6166	 0.013269000376996519	 3.5563726419109294	
6167	 0.013235231962781762	 3.541301026757937	
6168	 0.013206047568528919	 3.528295998162992	
6169	 0.013180864231653136	 3.517089292305403	
6170	 0.013158180029103038	 3.507006924996	
6171	 0.013137831263257323	 3.4979724347724304	
6172	 0.013115802808344817	 3.4882027028687954	
6173	 0.013094171006273263	 3.478619527916804	
6174	 0.013106583219159923	 3.484117013217233	
6175	 0.013147104246284598	 3.5020883182945135	
6176	 0.013182345759789547	 3.517748184605253	
6177	 0.013209811790898175	 3.5299723201286923	
6178	 0.013191304403241613	 3.521733488225366	
6179	 0.013172284669635393	 3.5132746033734312	
6180	 0.013123263877458638	 3.4915105009151524	
6181	 0.013103572126562664	 3.48278305310554	
6182	 0.013084693873491838	 3.4744243552523297	
6183	 0.01306136648314431	 3.4641068194176023	
6184	 0.013044371640190738	 3.456597853448166	
6185	 0.013043000124136882	 3.455992149902313	
6186	 0.013687270008399258	 3.745170907027158	
6187	 0.0138235945661817	 3.8075466211968263	
6188	 0.01459208413825399	 4.166830091944819	
6189	 0.015720927968332136	 4.717811083468597	
6190	 0.015931589638032595	 4.823646084431477	
6191	 0.01585167258821562	 4.783385754946911	
6192	 0.015769661737558654	 4.742211064873719	
6193	 0.015690348737108655	 4.702526417838546	
6194	 0.015612852271837546	 4.663879639339729	
6195	 0.015534616920989522	 4.624993892406252	
6196	 0.01546170502207566	 4.588871423051265	
6197	 0.01539012390295367	 4.5535185530521	
6198	 0.015320036319434686	 4.519009366135269	
6199	 0.015251547155230704	 4.485388718314544	
6200	 0.015184460025607721	 4.452553751106582	
6201	 0.015120219652875041	 4.4212026031540965	
6202	 0.015047648220564923	 4.385892335009272	
6203	 0.014935089941810864	 4.33135041604823	
6204	 0.01478539783338382	 4.259238319559474	
6205	 0.014668683837589874	 4.20334944742235	
6206	 0.014544987819679046	 4.144439966575985	
6207	 0.01442416319480841	 4.087219505023168	
6208	 0.01431472546923424	 4.035666679354479	
6209	 0.014208812519901892	 3.9860238219159183	
6210	 0.014113070021205315	 3.941359749283273	
6211	 0.01404671584199552	 3.9105236032871904	
6212	 0.013998187410135232	 3.888032823693136	
6213	 0.013948175201644798	 3.8649087056758265	
6214	 0.013913959246990442	 3.8491200957330487	
6215	 0.01388060460189905	 3.833753822701235	
6216	 0.013848583645768768	 3.819025112606436	
6217	 0.013817734308804707	 3.8048567696981497	
6218	 0.013787498782513296	 3.7909907825051814	
6219	 0.013757856408774508	 3.777416479254878	
6220	 0.013724834741247832	 3.7623176194983756	
6221	 0.013692734966848252	 3.7476634819110957	
6222	 0.013661708426046519	 3.733521044631588	
6223	 0.013631368977657493	 3.719712486444313	
6224	 0.013601055201774064	 3.7059360607712755	
6225	 0.013571133903920462	 3.692358059990895	
6226	 0.013526504722387308	 3.6721428226038464	
6227	 0.013473931403662022	 3.648386191499487	
6228	 0.013409502678975886	 3.619356554309936	
6229	 0.013378072957356588	 3.6052289521999237	
6230	 0.013348742684615394	 3.592064991919111	
6231	 0.013318485281977528	 3.5785051110108648	
6232	 0.013299122864979234	 3.569838594251044	
6233	 0.01328046422487531	 3.561495039200029	
6234	 0.013261229335632807	 3.552901980647194	
6235	 0.013243260687737835	 3.5448821100321277	
6236	 0.013226295520502446	 3.537316773571582	
6237	 0.013209339479062977	 3.529761967922263	
6238	 0.013192281143573159	 3.522168105850314	
6239	 0.01316567530559826	 3.510337043254922	
6240	 0.013139442622821218	 3.498687509894055	
6241	 0.01311470992271038	 3.4877182871359134	
6242	 0.01309349755801822	 3.478321350698915	
6243	 0.013076844436773618	 3.470951236136651	
6244	 0.013063726204502281	 3.4651499490572344	
6245	 0.013049932547323643	 3.459054155615014	
6246	 0.01303451440975345	 3.452245542316017	
6247	 0.013016845888675466	 3.444449764297631	
6248	 0.012997712555685593	 3.4360156283653325	
6249	 0.01298683053699863	 3.431222432344194	
6250	 0.012974576583046758	 3.425828145191934	
6251	 0.012916731789075066	 3.4004102725697405	
6252	 0.012816765661791525	 3.356662342985816	
6253	 0.012750918059629947	 3.3279695306765493	
6254	 0.012674116524250023	 3.2946281848436625	
6255	 0.01259213280386224	 3.2591854705419463	
6256	 0.01250120607460402	 3.2200561180158203	
6257	 0.012408208258595439	 3.1802312933690255	
6258	 0.0123447993980284	 3.1531912429620186	
6259	 0.012302567005446133	 3.135232952615071	
6260	 0.0122699657880091	 3.121398157196351	
6261	 0.01224417816608027	 3.1104721512179365	
6262	 0.01221985508572549	 3.100180708366933	
6263	 0.012196058487925869	 3.090125235227081	
6264	 0.012175127280978977	 3.0812913645811535	
6265	 0.012157026654485354	 3.0736602793544203	
6266	 0.012136910367683296	 3.065188289809344	
6267	 0.01211705454535903	 3.056835170209795	
6268	 0.012107822794012648	 3.052954582626726	
6269	 0.012096153487277505	 3.0480521849978834	
6270	 0.012076904071877592	 3.0399721930554953	
6271	 0.01205146488329309	 3.0293071924883437	
6272	 0.01202510934499583	 3.0182738439920715	
6273	 0.012001344941050417	 3.0083390461223947	
6274	 0.011987356110446906	 3.002497090821548	
6275	 0.01198177992775676	 3.0001696557066673	
6276	 0.011972347822335696	 2.9962344459432666	
6277	 0.01196734449195376	 2.994147823411504	
6278	 0.0119598191018408	 2.991010479230942	
6279	 0.01195476665817891	 2.988904847630499	
6280	 0.011935388648116111	 2.9808344645321276	
6281	 0.011920406880622101	 2.9746009737994417	
6282	 0.011910970703393755	 2.9706775262222482	
6283	 0.011911315796518917	 2.9708209752488397	
6284	 0.011920178767337083	 2.974506102643024	
6285	 0.011930681210506063	 2.9788752702122068	
6286	 0.011941350241411809	 2.983316366859879	
6287	 0.011965772926626912	 2.9934925272531787	
6288	 0.011976382928174514	 2.9979176971460424	
6289	 0.011985427361843558	 3.001691971463514	
6290	 0.011994339884947393	 3.0054130569254833	
6291	 0.012008591864864141	 3.011367261133761	
6292	 0.012130807812089209	 3.062620043291871	
6293	 0.012158306981718431	 3.0741998067159177	
6294	 0.012253588793212014	 3.1144575816459423	
6295	 0.012373349962914433	 3.1653549043340696	
6296	 0.012501079093857326	 3.2200016054427394	
6297	 0.012631317603744627	 3.2761064796865726	
6298	 0.012649660744352679	 3.2840395616298146	
6299	 0.012608999240705458	 3.266464537365175	
6300	 0.012542605567911194	 3.2378485072218153	
6301	 0.01250839579589861	 3.223143252688601	
6302	 0.012448044398708488	 3.1972662088137884	
6303	 0.01237150187676288	 3.1645669801083103	
6304	 0.012320837758680368	 3.1429971073455474	
6305	 0.012268243139111179	 3.120667807231058	
6306	 0.012225102825807575	 3.102399947903033	
6307	 0.012205273597867548	 3.094017615039491	
6308	 0.012294149595965259	 3.1316585603340052	
6309	 0.01228604735016047	 3.128219540708559	
6310	 0.012280786784214659	 3.125987488921165	
6311	 0.01228130039905254	 3.126205387004336	
6312	 0.012277442956754876	 3.124569038260203	
6313	 0.012273418661046304	 3.1228622746298567	
6314	 0.012269003381835219	 3.1209901182543587	
6315	 0.012263371183661682	 3.118602618583631	
6316	 0.0122560846594313	 3.115514931367934	
6317	 0.012249633538881609	 3.1127822702197925	
6318	 0.012242880012186706	 3.1099225391524814	
6319	 0.01225489284222615	 3.115010011561207	
6320	 0.012307778404076024	 3.13744675288283	
6321	 0.012366702098523141	 3.162520980159845	
6322	 0.012369808388630913	 3.1638450370300806	
6323	 0.012379882787099216	 3.1681407769559744	
6324	 0.012393347955781807	 3.173885986782064	
6325	 0.012447571211895197	 3.1970636488787934	
6326	 0.012455087262629823	 3.2002816968393457	
6327	 0.012569666148073746	 3.2494996025344403	
6328	 0.01255207858346555	 3.241925266546214	
6329	 0.012703541441606455	 3.3073863609456065	
6330	 0.012670927937679502	 3.2932468490894484	
6331	 0.012649841497597637	 3.2841177723748407	
6332	 0.012658446481171474	 3.2878419543285613	
6333	 0.012646494377973537	 3.282669616482712	
6334	 0.01265894979838125	 3.2880598390658053	
6335	 0.012727880500268646	 3.317954289313039	
6336	 0.012939654788187146	 3.410473925460037	
6337	 0.013387385238072248	 3.6094125010838307	
6338	 0.014127567577683641	 3.948109951854148	
6339	 0.014971033384099485	 4.348737712525019	
6340	 0.014902156882074694	 4.315443833043198	
6341	 0.014839505998088297	 4.28524828159593	
6342	 0.01480266207470301	 4.267530412373193	
6343	 0.014800468590394692	 4.266476514255034	
6344	 0.014820127464721593	 4.275925680811014	
6345	 0.014881294874149366	 4.305379651707244	
6346	 0.014950023799814735	 4.338571143589291	
6347	 0.01494754555567221	 4.337372545230312	
6348	 0.014833156080417523	 4.282192576511909	
6349	 0.014795367771723961	 4.2640261388089105	
6350	 0.01472409657731509	 4.229847198455447	
6351	 0.014679292055602864	 4.208417022667564	
6352	 0.01464989855280646	 4.19438165753729	
6353	 0.014667730193145356	 4.202894008472111	
6354	 0.014694733421759795	 4.215797770442131	
6355	 0.014799323200025869	 4.265926232686063	
6356	 0.014819218546682658	 4.275488619058242	
6357	 0.01505085994750232	 4.3874526331707795	
6358	 0.01501379978602525	 4.369461832963938	
6359	 0.014974792147513667	 4.350557587361028	
6360	 0.01492545016175042	 4.326692004019093	
6361	 0.014896275649023603	 4.312605676555269	
6362	 0.014867028350798759	 4.298502655079116	
6363	 0.014816331187738084	 4.27410032402128	
6364	 0.014806782620908595	 4.269510482776704	
6365	 0.014803645392316846	 4.2680028984164595	
6366	 0.014801912737736282	 4.267170368538009	
6367	 0.014763939229508022	 4.248940650006139	
6368	 0.014726341809816489	 4.230922247222188	
6369	 0.014686107985621973	 4.211674300013074	
6370	 0.014626511264053649	 4.183227654753882	
6371	 0.014532978020787783	 4.138738095200703	
6372	 0.014418595766387389	 4.084590539780321	
6373	 0.01437557004609766	 4.064296424785645	
6374	 0.014332694887770349	 4.0441135666750565	
6375	 0.014289079974176182	 4.023623736648319	
6376	 0.014219974998015989	 3.991244238717352	
6377	 0.014155210885551507	 3.960993744073111	
6378	 0.014096832311603549	 3.93380480111765	
6379	 0.014062966026076939	 3.9180664376188763	
6380	 0.014032575182346022	 3.903964676852666	
6381	 0.01399986619091187	 3.888809997610863	
6382	 0.013958407260974123	 3.8696352073894773	
6383	 0.013918797290611375	 3.8513509931238157	
6384	 0.01387424145543693	 3.830825154737924	
6385	 0.01382867369126978	 3.8098785489163633	
6386	 0.013783678029134694	 3.789240029514484	
6387	 0.01374014235243533	 3.7693138790723575	
6388	 0.013697484933761776	 3.7498304870064207	
6389	 0.01365681668447022	 3.7312932558794745	
6390	 0.013618658888745668	 3.7139337588652976	
6391	 0.013582367850076398	 3.6974535806598463	
6392	 0.013549057076450786	 3.682352590213285	
6393	 0.013540255083181166	 3.6783664550750084	
6394	 0.013490787749538994	 3.655996455062526	
6395	 0.013439555048663869	 3.632885700951533	
6396	 0.01341112238974193	 3.6200852100683636	
6397	 0.013489732632505639	 3.6555199072089106	
6398	 0.013640680502828047	 3.723948314666662	
6399	 0.01404936532262525	 3.911753013784374	
6400	 0.01456111489028	 4.152101526271928	
6401	 0.014930714305694483	 4.329235646685861	
6402	 0.016327518559205178	 5.025090567266105	
6403	 0.01665264584834569	 5.1929681625811615	
6404	 0.01662924206657419	 5.180810119717028	
6405	 0.016538530197838783	 5.133793955143976	
6406	 0.01645244060869117	 5.08933223523428	
6407	 0.0163642428228264	 5.04394228631159	
6408	 0.016293794548653665	 5.0078038513783305	
6409	 0.016208682929350727	 4.964282197622205	
6410	 0.016126891644378492	 4.9226016913328206	
6411	 0.01604834076330959	 4.882704919012356	
6412	 0.015973067027443555	 4.844594592881904	
6413	 0.015902060989176042	 4.80875452447343	
6414	 0.015834377413688323	 4.774690626230311	
6415	 0.01576961247796402	 4.74218637620724	
6416	 0.01570736368223823	 4.711028687769473	
6417	 0.015646023037874567	 4.680405980641653	
6418	 0.015566708403567697	 4.640928744279001	
6419	 0.015432825342933552	 4.57459501067479	
6420	 0.015275603516395243	 4.497186303121811	
6421	 0.015171974169411318	 4.446453357847818	
6422	 0.015081640787323514	 4.402417616400289	
6423	 0.015043445559022836	 4.383850963413954	
6424	 0.014920926139603745	 4.3245064671803295	
6425	 0.014801881220019063	 4.267155225070188	
6426	 0.014689946240188824	 4.213509014196526	
6427	 0.014604877572804062	 4.17292056825029	
6428	 0.014526753537950101	 4.135784143833186	
6429	 0.014449147310592894	 4.099025448379819	
6430	 0.014376972898214905	 4.064957475940451	
6431	 0.014314278485768649	 4.035456655824687	
6432	 0.01426150693587025	 4.010691698653444	
6433	 0.0142147566220291	 3.988803392275454	
6434	 0.014176973973405008	 3.971148735304504	
6435	 0.014140089669103139	 3.953944077086726	
6436	 0.014103984692908472	 3.9371318878394885	
6437	 0.014067307553889725	 3.920082625006169	
6438	 0.014027871948206832	 3.9017841304836893	
6439	 0.01398749428464862	 3.8830840120583825	
6440	 0.01394898290269354	 3.8652817235348618	
6441	 0.013916520311031534	 3.8503009779087023	
6442	 0.013864003308955701	 3.8261148790877395	
6443	 0.01377608277831142	 3.7857606797851155	
6444	 0.013657712581907911	 3.7317012242030194	
6445	 0.013578457317903336	 3.6956795130282085	
6446	 0.01348786276931462	 3.654675437013624	
6447	 0.013396144534167572	 3.6133493923112874	
6448	 0.013307610297695036	 3.573636490076166	
6449	 0.013235442748759391	 3.5413950259367724	
6450	 0.013163928139870388	 3.5095606722336705	
6451	 0.01311308649968443	 3.486998763209785	
6452	 0.013064245012702737	 3.46537930832522	
6453	 0.013013312318527478	 3.4428915138585308	
6454	 0.013015873045229533	 3.4440207270681413	
6455	 0.012973473652633672	 3.425342793067444	
6456	 0.012961977153128166	 3.420285317130401	
6457	 0.012999988720623901	 3.4370185477628445	
6458	 0.012979777581970664	 3.428117251261032	
6459	 0.012955701584625157	 3.4175258653401412	
6460	 0.012951386103891498	 3.41562880746353	
6461	 0.012943647257128052	 3.4122279150115116	
6462	 0.012946922456060276	 3.413667059583449	
6463	 0.013019458403586856	 3.4456020247931933	
6464	 0.013480981110525328	 3.6515682049511105	
6465	 0.013665426672755927	 3.7352147580972734	
6466	 0.0139448401929433	 3.863368662306136	
6467	 0.014048855375608084	 3.9115163764463676	
6468	 0.01428084822191659	 4.01976121678982	
6469	 0.014453497231154756	 4.101082343033007	
6470	 0.014766793268604098	 4.250309686631254	
6471	 0.01533360296373578	 4.525681009141957	
6472	 0.015622572994388111	 4.668720276131335	
6473	 0.016164186613909188	 4.941589620478995	
6474	 0.01722076384726706	 5.491583632587858	
6475	 0.017970491381450085	 5.895810336855106	
6476	 0.018307984765819678	 6.081506201448878	
6477	 0.01877437733970888	 6.34190142383101	
6478	 0.01955968403411028	 6.790159483720266	
6479	 0.020046578283562	 7.074200106700024	
6480	 0.020122428611590186	 7.118867485903883	
6481	 0.019986852698054353	 7.039107583908472	
6482	 0.01979900099562461	 6.92918855067613	
6483	 0.019611671028274956	 6.820264999963979	
6484	 0.01942424581691122	 6.711978022828191	
6485	 0.019244026188892236	 6.608508943362382	
6486	 0.01907031165160934	 6.509384129396324	
6487	 0.018902508292765484	 6.41420218522988	
6488	 0.01873999666446337	 6.322557175432724	
6489	 0.018579218058982824	 6.232409342216007	
6490	 0.01840043946591099	 6.132777980771352	
6491	 0.018204091839631547	 6.024096863301404	
6492	 0.01799344120531744	 5.908364751529294	
6493	 0.01783926308448633	 5.824228884128972	
6494	 0.017681963017498116	 5.738887524024399	
6495	 0.017519207887087197	 5.651117796011776	
6496	 0.017359036618615434	 5.565270552113562	
6497	 0.01720509605814956	 5.483258907227431	
6498	 0.017061582874968836	 5.407241708546369	
6499	 0.016938617297820816	 5.342446435065876	
6500	 0.016822726291004376	 5.2816653619691705	
6501	 0.01671254067763857	 5.224134850587112	
6502	 0.016607163963403247	 5.169351205776847	
6503	 0.01650532322057305	 5.116625596025182	
6504	 0.016406687341972478	 5.065765553622683	
6505	 0.016310821168911426	 5.0165286117048105	
6506	 0.016217769598562155	 4.9689214002930395	
6507	 0.01612807529461218	 4.923203871976224	
6508	 0.01603804806894573	 4.877486784071922	
6509	 0.0159516381536352	 4.833767223843187	
6510	 0.015867938024868418	 4.791568957285938	
6511	 0.015785833124775273	 4.7503188632097055	
6512	 0.01570634237945825	 4.710518175363514	
6513	 0.0156326717227273	 4.673751275847659	
6514	 0.015549186507776423	 4.6322256246227	
6515	 0.015432444545970744	 4.5744068859558	
6516	 0.015291182274109397	 4.504832961187795	
6517	 0.01519197620680118	 4.456227652169139	
6518	 0.015078174366095385	 4.400731298481405	
6519	 0.014958624201362812	 4.34273173994353	
6520	 0.014834099758634086	 4.2826466378421255	
6521	 0.014713345046471853	 4.224700729615386	
6522	 0.014603612424188069	 4.172318119717599	
6523	 0.014522421913596577	 4.133728983722425	
6524	 0.01444863647257952	 4.098783921631422	
6525	 0.01437712897599763	 4.06503102548041	
6526	 0.014310672327035208	 4.033762394719646	
6527	 0.014248630822783964	 4.004658374509412	
6528	 0.014191460350057404	 3.977914065780788	
6529	 0.014139226501125778	 3.953541810841729	
6530	 0.014092509331434376	 3.9317944178199	
6531	 0.014050844574938152	 3.9124394828457807	
6532	 0.014008067224134599	 3.892607472836129	
6533	 0.01397022158726009	 3.8750954805580906	
6534	 0.013935630128251478	 3.8591169055362116	
6535	 0.01390215907873032	 3.8436810227918103	
6536	 0.013869720130761222	 3.828744737965157	
6537	 0.013841022647970205	 3.8155505833993706	
6538	 0.01379190384788795	 3.7930096815236567	
6539	 0.013706650881910878	 3.754013544216716	
6540	 0.013591202965675264	 3.701463008283338	
6541	 0.013527571996169385	 3.672625736817553	
6542	 0.01345388460320254	 3.6393437685830503	
6543	 0.013368046040869698	 3.6007265227855823	
6544	 0.013281935530587324	 3.562152677042287	
6545	 0.013196822617982098	 3.5241891957598095	
6546	 0.013117952490039532	 3.4891556163464883	
6547	 0.013062222311772273	 3.4644851293162398	
6548	 0.013016836109097376	 3.444445451263928	
6549	 0.012977130489732371	 3.426952115005817	
6550	 0.012941622939243379	 3.411338537420056	
6551	 0.012911587365111391	 3.3981534027066873	
6552	 0.012887977657188956	 3.387803462058189	
6553	 0.012870334840900409	 3.3800775129095677	
6554	 0.01285891541060221	 3.3750806029401437	
6555	 0.012852428020646314	 3.372243170573431	
6556	 0.012847570916500154	 3.3701194119537368	
6557	 0.012843972818697313	 3.3685464963044818	
6558	 0.012839636140141159	 3.3666510989626603	
6559	 0.012834133283399935	 3.364246623777068	
6560	 0.012827458583282212	 3.3613310335300794	
6561	 0.01281666776145104	 3.356619610214507	
6562	 0.012764496400092694	 3.333878169494742	
6563	 0.012667934950597886	 3.291950460323509	
6564	 0.012533694048786532	 3.2340152639911808	
6565	 0.01244802385798184	 3.197257415714382	
6566	 0.01234840408883445	 3.154725949386639	
6567	 0.012242026224848683	 3.1095610840645107	
6568	 0.01215218518000822	 3.071620434045847	
6569	 0.012063783107529856	 3.034469552152596	
6570	 0.011985830772280333	 3.0018603603214267	
6571	 0.011937954410242157	 2.9819025292074435	
6572	 0.011893578590312327	 2.9634515257359175	
6573	 0.01185375585235429	 2.9469326690362103	
6574	 0.011819685100261483	 2.9328291242707794	
6575	 0.011796365736707387	 2.9231917099508054	
6576	 0.011785786173180591	 2.9188235784409566	
6577	 0.011783522908988875	 2.9178894523788435	
6578	 0.011787672381672932	 2.9196021721692453	
6579	 0.01179653610817431	 2.9232620749638465	
6580	 0.01180565474902214	 2.9270291475573393	
6581	 0.011815660618374824	 2.931164982639977	
6582	 0.011825363536577604	 2.9351778261874526	
6583	 0.011834993636742045	 2.9391627253405925	
6584	 0.011845721501694792	 2.943604421424998	
6585	 0.011859740926893604	 2.94941297713517	
6586	 0.011864840978732047	 2.951527176658648	
6587	 0.011823205776221622	 2.934285249663691	
6588	 0.011748287355017999	 2.903361972064691	
6589	 0.011708399599215626	 2.8869514269920358	
6590	 0.011650517722966162	 2.863203995482766	
6591	 0.011589980565549466	 2.8384511836013777	
6592	 0.01152931340538756	 2.8137315363407653	
6593	 0.011468943150771347	 2.7892187972819267	
6594	 0.01142791473395437	 2.772608618682356	
6595	 0.01149327201334469	 2.799086967778652	
6596	 0.011470025572553048	 2.7896575482809163	
6597	 0.011447264836299464	 2.7804374799774494	
6598	 0.011427802730586143	 2.7725633289252456	
6599	 0.011415250917800825	 2.7674897445125883	
6600	 0.01141101658003997	 2.7657790159715985	
6601	 0.01141330772516545	 2.7667046164158835	
6602	 0.011420176228612333	 2.7694801676129543	
6603	 0.01143036579385681	 2.773599805003122	
6604	 0.011442397854461226	 2.77846751582844	
6605	 0.011457215297052271	 2.7844667757654715	
6606	 0.011473180196520617	 2.790936407290818	
6607	 0.011490525734547856	 2.797972335830189	
6608	 0.011508796328484314	 2.8053911589100484	
6609	 0.011525032935658342	 2.8119906691482752	
6610	 0.011528566879827585	 2.8134278933425256	
6611	 0.011523101988985698	 2.811205494128587	
6612	 0.011516878594586225	 2.8086754909594385	
6613	 0.01152859031034168	 2.8134374233079957	
6614	 0.01154331500861669	 2.8194289988717016	
6615	 0.011559026709603503	 2.825827813603884	
6616	 0.011571837664823755	 2.8310495517014473	
6617	 0.011586782191852106	 2.837145804293372	
6618	 0.011608218795500957	 2.8458994956611945	
6619	 0.011634811031063265	 2.8567734871902406	
6620	 0.011662277918491006	 2.8680225463193616	
6621	 0.011689831904407689	 2.879325037109171	
6622	 0.01171523518504757	 2.8897610686539283	
6623	 0.011740091508534566	 2.8999870155782577	
6624	 0.011764547703041955	 2.9100624456017408	
6625	 0.011789862284171015	 2.9205062296469873	
6626	 0.011814907364592642	 2.9308535507387194	
6627	 0.011838471951374743	 2.9406025703946277	
6628	 0.011829064700144557	 2.936709097867311	
6629	 0.011799450614630084	 2.924465898377834	
6630	 0.011768922650303373	 2.9118663041300223	
6631	 0.01173661010380128	 2.8985538878318957	
6632	 0.011707441760692378	 2.8865578124390088	
6633	 0.011664997615416402	 2.869137359749436	
6634	 0.011611367983801444	 2.8471863832802993	
6635	 0.011552278839106901	 2.8230789360622444	
6636	 0.011483383601876682	 2.7950743905361737	
6637	 0.011435318793233921	 2.775603185373234	
6638	 0.0113862650533995	 2.7557875391794395	
6639	 0.011333603174836419	 2.734577614049824	
6640	 0.011269566401529846	 2.7088747683301193	
6641	 0.011205701614259288	 2.683337745656026	
6642	 0.011146175702758346	 2.6596228648531395	
6643	 0.011114886318172269	 2.6471910868821285	
6644	 0.011093266303123838	 2.6386147216398603	
6645	 0.01107144112584359	 2.6299682663063892	
6646	 0.011047551653966734	 2.620517019654368	
6647	 0.011021145385563624	 2.6100859108716237	
6648	 0.010996162427930294	 2.600232370294951	
6649	 0.010977530238087603	 2.5928933471814406	
6650	 0.01096631721390017	 2.588480655260166	
6651	 0.010963613964304572	 2.587417287893894	
6652	 0.010963492655939018	 2.5873695733650925	
6653	 0.010972441834415397	 2.5908905212442828	
6654	 0.010988474663166234	 2.5972032353546717	
6655	 0.011066549935379142	 2.628032086372386	
6656	 0.011091938189274765	 2.638088239957871	
6657	 0.011102125078788425	 2.6421275309536725	
6658	 0.011103899503935658	 2.6428313762785196	
6659	 0.011102034898162395	 2.6420917618151876	
6660	 0.011084473074140276	 2.6351297527967303	
6661	 0.011087716326028904	 2.6364149173394265	
6662	 0.011087045787742136	 2.636149190617927	
6663	 0.011085600967759842	 2.6355766612519944	
6664	 0.011074932932424774	 2.63135084842356	
6665	 0.011069942120562908	 2.629374823780253	
6666	 0.011075117252927265	 2.6314238382713326	
6667	 0.011090462525188234	 2.6375033167211126	
6668	 0.011107686842702979	 2.6443339168464903	
6669	 0.011126049816252257	 2.651623851552532	
6670	 0.011142951500523347	 2.6583407606655944	
6671	 0.011159733505825095	 2.6650168316810685	
6672	 0.011177541319714447	 2.6721083036758166	
6673	 0.01119635591671492	 2.6796088863811462	
6674	 0.01121908461673422	 2.688681068677639	
6675	 0.0112412119725435	 2.6975250027713735	
6676	 0.011262137710053573	 2.705899354694933	
6677	 0.011284392887162155	 2.7148171299632278	
6678	 0.01130587229787279	 2.723435177850241	
6679	 0.01132845026722076	 2.7325057677655704	
6680	 0.01135288751277939	 2.742336903242842	
6681	 0.011376632199733897	 2.75190294500489	
6682	 0.011398925523114558	 2.7608963982945256	
6683	 0.011417214987814296	 2.7682833984575717	
6684	 0.011433838114551075	 2.7750042224644895	
6685	 0.011452165055558608	 2.782421461522702	
6686	 0.011470438011236254	 2.789824734260451	
6687	 0.011490061687702734	 2.797784010713984	
6688	 0.011515294973762653	 2.808031845332858	
6689	 0.011537658728250081	 2.8171268184962175	
6690	 0.011558237473535748	 2.8255062475343613	
6691	 0.011580189914735726	 2.834456000260909	
6692	 0.011605211239764835	 2.8446707021822992	
6693	 0.01163218168444103	 2.8556975662823794	
6694	 0.011657145246532734	 2.865919118021431	
6695	 0.011680537813180316	 2.8755106656312863	
6696	 0.011702646765700124	 2.884587677995546	
6697	 0.011723687962007656	 2.8932369385592693	
6698	 0.011743786548677308	 2.90150839676225	
6699	 0.011762436035287557	 2.909191932272422	
6700	 0.011775628116283562	 2.9146319393906674	
6701	 0.011786310936605706	 2.9190401832235633	
6702	 0.01179250702548032	 2.9215982074871643	
6703	 0.011794328235614557	 2.922350255399284	
6704	 0.011791937876774275	 2.921363199912106	
6705	 0.01178519356945721	 2.91857897918324	
6706	 0.011756280501405448	 2.906654971184551	
6707	 0.011709379700544703	 2.8873542124535576	
6708	 0.011645837293837441	 2.86128716668256	
6709	 0.011617091026475916	 2.84952564915516	
6710	 0.01158271764626788	 2.835487253512773	
6711	 0.01154864352122205	 2.8215984615255962	
6712	 0.011517979963999798	 2.809123165483371	
6713	 0.011490056400619808	 2.7977818650751107	
6714	 0.011470428159512469	 2.789820740722919	
6715	 0.011467856128109674	 2.7887782091342572	
6716	 0.011466855197516623	 2.7883725401374946	
6717	 0.011463769495312214	 2.787122078794338	
6718	 0.011460770369302433	 2.7859069169238775	
6719	 0.011458301114047357	 2.7849066029514162	
6720	 0.011457921408376799	 2.7847527940609593	
6721	 0.011459764106284683	 2.7854992548201967	
6722	 0.0114631615216034	 2.7868757277443112	
6723	 0.011467982764296959	 2.788829535429191	
6724	 0.011474569040653205	 2.7914995077841196	
6725	 0.011483069126279083	 2.794946818574224	
6726	 0.011494006680287673	 2.7993851770961014	
6727	 0.011506732722458208	 2.8045528325966704	
6728	 0.011553223281610962	 2.8234636088519593	
6729	 0.011574357270226213	 2.8320769951741336	
6730	 0.011578841223673543	 2.833905828359328	
6731	 0.011557393066585826	 2.825162218868514	
6732	 0.011512107982382284	 2.8067367058848376	
6733	 0.011492289845211336	 2.798688314881658	
6734	 0.011448642847012677	 2.7809953463368755	
6735	 0.011403496719875601	 2.7627419359302636	
6736	 0.011419090442616419	 2.769041329160026	
6737	 0.011385367165137652	 2.75542535950795	
6738	 0.011943855036697763	 2.984359397880698	
6739	 0.012033574874774008	 3.021816054688319	
6740	 0.012242679951824936	 3.109837841102313	
6741	 0.012663318725344659	 3.2899513790518164	
6742	 0.013512430651440662	 3.665777040153436	
6743	 0.014592221673563766	 4.166895548446504	
6744	 0.015341644991188041	 4.529637680148562	
6745	 0.01588708935168548	 4.801211232545395	
6746	 0.01652376766624148	 5.126158729746872	
6747	 0.017678525754592483	 5.7370283048348645	
6748	 0.017944663109299167	 5.881694081453484	
6749	 0.018043588736460586	 5.935834489819237	
6750	 0.018011566884827516	 5.918287726677933	
6751	 0.017926305492132193	 5.8716690892644685	
6752	 0.017799566629644922	 5.802644499970504	
6753	 0.017673881883849146	 5.734516812890045	
6754	 0.017551713524996668	 5.668604010428424	
6755	 0.017437994683997465	 5.607524135669533	
6756	 0.01732513739348819	 5.547168978564473	
6757	 0.017225842876662168	 5.494283344107279	
6758	 0.017129670464638442	 5.443253957701694	
6759	 0.017038733064686076	 5.395177638161232	
6760	 0.016941122220505818	 5.343763255942973	
6761	 0.01684979040326841	 5.295834708759047	
6762	 0.0167590436528157	 5.248384412118391	
6763	 0.01666653744635453	 5.20019010639682	
6764	 0.01657673381755362	 5.1535740775893295	
6765	 0.016489621843663742	 5.108515829634308	
6766	 0.01640515368962775	 5.064976354989232	
6767	 0.016323078891031993	 5.022813459407478	
6768	 0.016243058263054996	 4.981841661141823	
6769	 0.01617803298135224	 4.948646641313219	
6770	 0.016100809447245318	 4.909339883935851	
6771	 0.016023470030966536	 4.870099908256389	
6772	 0.01594636249673467	 4.831103078868628	
6773	 0.01586900097720317	 4.792103927354559	
6774	 0.015789683901035446	 4.752250331585111	
6775	 0.01570831588370122	 4.711504678855021	
6776	 0.015627229206271128	 4.671039645508475	
6777	 0.015547724795327934	 4.631499887868586	
6778	 0.0154569533649781	 4.586521260752668	
6779	 0.015355755706827207	 4.536583482823753	
6780	 0.015251049740133851	 4.485144909627918	
6781	 0.015175837890100585	 4.4483407536419435	
6782	 0.015089016599232478	 4.406006604487525	
6783	 0.01499176547155325	 4.358779328600026	
6784	 0.014889125839697788	 4.309156338441416	
6785	 0.014792730735603981	 4.262759557373768	
6786	 0.014724058608146467	 4.229829019225385	
6787	 0.015074862601354946	 4.399120458054756	
6788	 0.015022604222610281	 4.373733255444293	
6789	 0.01501884838963339	 4.371910930197224	
6790	 0.014952284627669237	 4.339664704493593	
6791	 0.01488725481534375	 4.308253867871771	
6792	 0.014824423575764056	 4.277991747894428	
6793	 0.014764513091325369	 4.249215908114966	
6794	 0.014707238195056656	 4.221778660119901	
6795	 0.014650976732134278	 4.194896155586593	
6796	 0.01460709515506579	 4.1739766381532375	
6797	 0.014558560934317729	 4.150887829777868	
6798	 0.01450448834292305	 4.125224662841191	
6799	 0.014450821131583356	 4.099816879137807	
6800	 0.01439838827966111	 4.075054157601273	
6801	 0.01435229349881942	 4.053334341318543	
6802	 0.014310622280053234	 4.033738883432183	
6803	 0.014251736056710576	 4.006113052803239	
6804	 0.014177301811708778	 3.971301789205279	
6805	 0.014148705986750276	 3.9579604775442365	
6806	 0.01413336865242228	 3.950812282538877	
6807	 0.014109762698502153	 3.9398204751353587	
6808	 0.014081801138923919	 3.9268163894446073	
6809	 0.014062644419675455	 3.9179171014546736	
6810	 0.01428480700270527	 4.021618578905097	
6811	 0.01442839286086822	 4.089217224995245	
6812	 0.0144062091642484	 4.078743956966369	
6813	 0.014358351204317617	 4.056186076022509	
6814	 0.014304101755894503	 4.030676112256447	
6815	 0.014349971044537247	 4.052241231946276	
6816	 0.01442591531265327	 4.0880470030777705	
6817	 0.01440233473046738	 4.0769158787088315	
6818	 0.014353446121381607	 4.053876889875973	
6819	 0.014312281322547433	 4.034518304793981	
6820	 0.014272995151490437	 4.0160777659719535	
6821	 0.014238463383595077	 3.999896813515335	
6822	 0.014204524217279078	 3.984019014839135	
6823	 0.01416497017671145	 3.9655462930427707	
6824	 0.014126059235547302	 3.9474074378237862	
6825	 0.01409448240688209	 3.932711937060466	
6826	 0.014069244229529303	 3.9209821429001064	
6827	 0.014026372188570767	 3.9010889038871115	
6828	 0.013976034418242468	 3.877783149581305	
6829	 0.013959141696832133	 3.8699745546904962	
6830	 0.013917127364431915	 3.850580905677336	
6831	 0.013852428513135926	 3.8207924418230377	
6832	 0.01378348730480805	 3.789152643922354	
6833	 0.013718401058151971	 3.759378691961497	
6834	 0.013674975672054874	 3.7395658687665	
6835	 0.013619071330555607	 3.7141212218939414	
6836	 0.013567715302027345	 3.6908080000846883	
6837	 0.013526738320964191	 3.6722485178410977	
6838	 0.0134968781211273	 3.6587476815384954	
6839	 0.013469644248642526	 3.6464516486980547	
6840	 0.013439263975305968	 3.632754567070733	
6841	 0.013410055215329106	 3.619605116043453	
6842	 0.01338587716965318	 3.60873486855714	
6843	 0.013365483986038592	 3.599576433312729	
6844	 0.013347670642180906	 3.5915842046892816	
6845	 0.013329659691078051	 3.583510542886304	
6846	 0.013310307949929344	 3.5748439545334123	
6847	 0.013292894560525379	 3.567052624736859	
6848	 0.013316705933563653	 3.5777083332376387	
6849	 0.013357666707681909	 3.5960682170984875	
6850	 0.01336856331451752	 3.600958741336352	
6851	 0.013306019316221017	 3.5729244460224767	
6852	 0.013232354357456072	 3.5400178697811793	
6853	 0.013182006755133318	 3.5175974118959155	
6854	 0.013115289120610094	 3.487975010166351	
6855	 0.013033372615117588	 3.451741541908521	
6856	 0.012972355674500795	 3.424850847162846	
6857	 0.013032313692614646	 3.4512741484575264	
6858	 0.01453483198359999	 4.13961809295307	
6859	 0.014458565919472586	 4.103479633422887	
6860	 0.014469458223434956	 4.108633160948802	
6861	 0.014375412405088247	 4.064222143969076	
6862	 0.014271735688896413	 4.0154871458429815	
6863	 0.014172791396854727	 3.9691962735014497	
6864	 0.014076882045166076	 3.92453044504318	
6865	 0.013982341275055933	 3.8807000835442693	
6866	 0.013887923606333641	 3.837123535749007	
6867	 0.013794810219145815	 3.794341944854694	
6868	 0.01370446420235331	 3.7530154413967143	
6869	 0.013619373402597671	 3.7142585220628948	
6870	 0.013540231209442937	 3.678355645787479	
6871	 0.013484943001245218	 3.653356963406895	
6872	 0.01343385508743215	 3.6303181084987104	
6873	 0.013361003157175583	 3.5975653721493774	
6874	 0.013267624347683346	 3.5557579882444	
6875	 0.013175161387220777	 3.514553479793272	
6876	 0.013097801582817275	 3.480227184949604	
6877	 0.013083350008173357	 3.4738296402126085	
6878	 0.013073824596172874	 3.469615425517747	
6879	 0.013048712693256387	 3.4585152754600403	
6880	 0.01301387935409737	 3.44314154888152	
6881	 0.012979504112280545	 3.4279968743166505	
6882	 0.01295014109342741	 3.415081587098109	
6883	 0.01293086760289372	 3.406614770206707	
6884	 0.01291353671533563	 3.3990085163178247	
6885	 0.013029917532317378	 3.4502166105768026	
6886	 0.013015249000198664	 3.4437455259521452	
6887	 0.013029399083528882	 3.449987811879131	
6888	 0.013018901084293145	 3.4453562038807983	
6889	 0.013010499078009198	 3.441651119445852	
6890	 0.013004819356380311	 3.439147401032445	
6891	 0.013002223463875685	 3.4380033299146304	
6892	 0.01299743219175226	 3.435892103049377	
6893	 0.012993493463011086	 3.4341569295527266	
6894	 0.01299119972461229	 3.4331466041260787	
6895	 0.013093318617911475	 3.478242124559418	
6896	 0.013199442114874442	 3.5253551599351267	
6897	 0.013300641108053098	 3.5705178481912747	
6898	 0.013396853476303922	 3.613668103517029	
6899	 0.013446042969222135	 3.635809119460975	
6900	 0.013427024992512781	 3.6272423948540498	
6901	 0.013414052609052176	 3.621403570533285	
6902	 0.013395529409751961	 3.613072866802093	
6903	 0.013370901218530233	 3.6020083662959497	
6904	 0.013359191137008045	 3.596752238805131	
6905	 0.013349959829439982	 3.5926108855535324	
6906	 0.01337039712160797	 3.6017820366862314	
6907	 0.013371095068958047	 3.602095402842175	
6908	 0.013403214544037928	 3.6165282807972052	
6909	 0.01345432315957928	 3.639541490258004	
6910	 0.013483055863983082	 3.6525048939985063	
6911	 0.013503127722987198	 3.6615716982209627	
6912	 0.013489667016706577	 3.6554902723899305	
6913	 0.013497527736646604	 3.659041183658727	
6914	 0.013602098181850233	 3.70640971474108	
6915	 0.013902495279779638	 3.8438359459710973	
6916	 0.014180391937902064	 3.972744554951838	
6917	 0.01499763102375343	 4.3616219982325815	
6918	 0.015934766674711394	 4.825249389515435	
6919	 0.016383510275815402	 5.0538441659542945	
6920	 0.016417051540040296	 5.071100131640513	
6921	 0.016411596535198456	 5.068292094756766	
6922	 0.016418707446671718	 5.071952654868495	
6923	 0.016658590604781448	 5.19605822251661	
6924	 0.01666937170058999	 5.201664067453483	
6925	 0.01739782247353381	 5.586010422274232	
6926	 0.019064556759042978	 6.506110538602069	
6927	 0.020333428648520953	 7.243713697513124	
6928	 0.020184675497924104	 7.155607923773574	
6929	 0.019973315794048253	 7.031163510956766	
6930	 0.019771969200281226	 6.913428231156818	
6931	 0.0195850751930338	 6.804856773945686	
6932	 0.019408638126833657	 6.7029917956061675	
6933	 0.019239341259272673	 6.605827774801553	
6934	 0.01907515378536126	 6.51213902024289	
6935	 0.018914219195396913	 6.420826668389324	
6936	 0.018757470638800115	 6.3323859335936765	
6937	 0.018603637190900878	 6.246067675539512	
6938	 0.018451702641626787	 6.161280700546689	
6939	 0.018302172381877174	 6.078288633762061	
6940	 0.018152392446992387	 5.995609932263207	
6941	 0.018006003226263827	 5.915241171285763	
6942	 0.017864260569605227	 5.837837356196466	
6943	 0.017726180522939304	 5.762826302549173	
6944	 0.017591403325041714	 5.689984193057245	
6945	 0.017513877862829853	 5.648252603665374	
6946	 0.01743522486500178	 5.606039732905365	
6947	 0.0173171228557248	 5.542892808575716	
6948	 0.01722245736262371	 5.492483746171137	
6949	 0.01711216990070293	 5.433988594662744	
6950	 0.016999852449929433	 5.374674526623002	
6951	 0.01688442339396309	 5.313988863952404	
6952	 0.016769604422844277	 5.2538977162218785	
6953	 0.01666749835964604	 5.200689813053568	
6954	 0.016573497688094012	 5.151897375393443	
6955	 0.016481733539897975	 5.104443460272259	
6956	 0.0163876581886006	 5.055976866611809	
6957	 0.016291506154119725	 5.006631698136901	
6958	 0.016195833606039597	 4.957724929314099	
6959	 0.01610284983885347	 4.91037682963153	
6960	 0.016013168275414238	 4.864882579542986	
6961	 0.015927212679192313	 4.821437582610999	
6962	 0.0158439275704441	 4.779491173955134	
6963	 0.015761961179971737	 4.7383522075267	
6964	 0.015682251358686748	 4.6984823622824905	
6965	 0.01567371288471125	 4.694219518993399	
6966	 0.015689739077084798	 4.702221888253345	
6967	 0.015708450379074153	 4.711571912604761	
6968	 0.01572679831578841	 4.720747576511888	
6969	 0.015750323157507604	 4.7325226161276035	
6970	 0.01574977418087599	 4.732247699637125	
6971	 0.015676284874950795	 4.695503425287614	
6972	 0.015611157679281635	 4.663035987195782	
6973	 0.015571528666480285	 4.64332411319385	
6974	 0.015507050751344646	 4.611323569356014	
6975	 0.01543288997356981	 4.5746269403865485	
6976	 0.015433780626613745	 4.575066962075683	
6977	 0.01535226927295804	 4.534866938490984	
6978	 0.015280607958806449	 4.499642110893352	
6979	 0.015319827429857382	 4.51890667168052	
6980	 0.015454851943264836	 4.585482054389296	
6981	 0.01542889882702269	 4.572655346755023	
6982	 0.015428897061884566	 4.572654474866491	
6983	 0.01566016590897892	 4.687459351468568	
6984	 0.015771859268796987	 4.743312509025247	
6985	 0.01605993554408597	 4.888585851628611	
6986	 0.016116338112553388	 4.917233897213574	
6987	 0.016277972330211905	 4.999701695643798	
6988	 0.016269144386620377	 4.995183411231271	
6989	 0.016274563712975566	 4.997956916517024	
6990	 0.016458510178769065	 5.092461847616598	
6991	 0.01650133387812322	 5.1145646117348145	
6992	 0.01651146862436862	 5.119801100097746	
6993	 0.016533209239002426	 5.131041415434794	
6994	 0.016496667799136593	 5.112154431530005	
6995	 0.016400784360938524	 5.062728221860089	
6996	 0.016323337518102266	 5.022946098027	
6997	 0.0162491043969688	 4.984932686085593	
6998	 0.016172862653319985	 4.94601103034834	
6999	 0.016102679863258227	 4.910290443133064	
7000	 0.016035960514110974	 4.8764287189742195	
7001	 0.015967700884639387	 4.841882331980634	
7002	 0.016008928299426798	 4.862735891645358	
7003	 0.016652669958605756	 5.192980693510127	
7004	 0.01863127137598276	 6.261538703942215	
7005	 0.019450050541026293	 6.726845818243554	
7006	 0.01957257195932875	 6.797617876752019	
7007	 0.01961993997731719	 6.825058433892928	
7008	 0.019556265395122483	 6.788181626998649	
7009	 0.019454786762302025	 6.729576095317055	
7010	 0.019312703275831917	 6.6478625260311555	
7011	 0.019131059918921473	 6.543980098010374	
7012	 0.018936222949144235	 6.433280884887014	
7013	 0.018748021249446856	 6.327070084349932	
7014	 0.018566578864063866	 6.225344569429595	
7015	 0.018391702203284635	 6.1279252696649955	
7016	 0.01822352998518993	 6.034821461760164	
7017	 0.018062306048257717	 5.946100488748943	
7018	 0.01789160292671702	 5.852736905262311	
7019	 0.01771253573317237	 5.755434940035117	
7020	 0.017559728055083126	 5.672918699510197	
7021	 0.01749539338716706	 5.638320646279928	
7022	 0.017362390468910957	 5.567062729749132	
7023	 0.017240520348135314	 5.5020880022482626	
7024	 0.0171070834641752	 5.43129685543022	
7025	 0.01698451507715139	 5.36659518261164	
7026	 0.016881127351878113	 5.312260052453579	
7027	 0.016780718428432644	 5.259702340055098	
7028	 0.016684210600188213	 5.209383801750173	
7029	 0.016588792174308194	 5.159823670398722	
7030	 0.01649523374713338	 5.111413788736738	
7031	 0.016404049725515624	 5.064408299079889	
7032	 0.016303984903639192	 5.013024850964201	
7033	 0.01620249739032427	 4.961125159802116	
7034	 0.016102041502650183	 4.909966015294712	
7035	 0.016003267407269393	 4.859870388701506	
7036	 0.01590613812277488	 4.810809563145899	
7037	 0.015812444792854697	 4.763673129501473	
7038	 0.01572217109953467	 4.718432867454432	
7039	 0.01563535257314579	 4.67508718998405	
7040	 0.015551677242287771	 4.633462373166901	
7041	 0.015473358145894798	 4.594637078680974	
7042	 0.015383560436927965	 4.550282428415219	
7043	 0.015289881846814485	 4.504194462305871	
7044	 0.015240741354807791	 4.4800934339242735	
7045	 0.015210139939534826	 4.465111067667651	
7046	 0.015118874822312438	 4.420547234356364	
7047	 0.015018616455683273	 4.371798406106869	
7048	 0.01492699907154576	 4.327440377588594	
7049	 0.01482942518527048	 4.2803976031546345	
7050	 0.014751135384781342	 4.242801022988655	
7051	 0.014676193634316576	 4.206936645709458	
7052	 0.014607767716528528	 4.174296950404287	
7053	 0.014578679842891826	 4.160452625382026	
7054	 0.014669230769677815	 4.203610658685697	
7055	 0.01546432097593987	 4.590165475345808	
7056	 0.01749110304011153	 5.636016384960395	
7057	 0.02071692638509673	 7.472841794838803	
7058	 0.024845201602741774	 10.116131322540957	
7059	 0.029312586303036858	 13.326020627591666	
7060	 0.03227558908280629	 15.64589984993059	
7061	 0.03493201990385134	 17.850473810682374	
7062	 0.03678551379376863	 19.456809519084743	
7063	 0.03687427627013989	 19.5351203875558	
7064	 0.03623758842423835	 18.97619189513982	
7065	 0.035536471428637195	 18.368234744611296	
7066	 0.03482694869996324	 17.761076859394894	
7067	 0.03411550593924374	 17.160500247590832	
7068	 0.033437694174429114	 16.596026471648543	
7069	 0.03278754864783067	 16.061711835764697	
7070	 0.03216246800581213	 15.554612463007446	
7071	 0.03155993024160733	 15.071979947384358	
7072	 0.030975550509043666	 14.609722689794966	
7073	 0.030413000749498008	 14.170191008139126	
7074	 0.029878861787573173	 13.757842464581403	
7075	 0.029365880883698417	 13.366426195228708	
7076	 0.028872266456419975	 12.994065305916244	
7077	 0.02840271482214666	 12.643772475570234	
7078	 0.0279536131297926	 12.312327735626928	
7079	 0.02751929917706647	 11.995155052569697	
7080	 0.027098275841144482	 11.6908570110317	
7081	 0.026690659178142433	 11.399236116056226	
7082	 0.02635753898343251	 11.163105071640269	
7083	 0.026087005301509477	 10.972795720577132	
7084	 0.025834216903355876	 10.79615437521451	
7085	 0.025605060159183814	 10.637018573157214	
7086	 0.025382295656648714	 10.483229194287734	
7087	 0.025158895675259467	 10.329902135824097	
7088	 0.024931352620355125	 10.174661869902842	
7089	 0.02471311290321005	 10.026653466211503	
7090	 0.02448884018072928	 9.875458725335463	
7091	 0.02422244572511832	 9.697063415263514	
7092	 0.023922471148626556	 9.497740856194046	
7093	 0.02361646313834067	 9.296119085062985	
7094	 0.02331182547129733	 9.09712275374626	
7095	 0.02301313911739841	 8.903689807887735	
7096	 0.022718745214579072	 8.714667434781358	
7097	 0.022434702529512143	 8.533832394729146	
7098	 0.02216687199586534	 8.364710967093455	
7099	 0.02190969561384054	 8.203593961419159	
7100	 0.021661780047003826	 8.049467529346217	
7101	 0.021421178346810125	 7.901008185154243	
7102	 0.021189832909138593	 7.75930464671585	
7103	 0.020968197338281053	 7.624512405439439	
7104	 0.020721174691670428	 7.47539599394613	
7105	 0.020466726007455565	 7.323031057082216	
7106	 0.02022491024339148	 7.179396211182263	
7107	 0.01997863209797855	 7.0342829328027205	
7108	 0.019737209062153253	 6.893183167424628	
7109	 0.019495914343664506	 6.753303432809876	
7110	 0.019255972254895434	 6.61534760399026	
7111	 0.01903167781252093	 6.487420440292613	
7112	 0.01882017993843681	 6.367708912659699	
7113	 0.018609968332781245	 6.249610820176067	
7114	 0.018384730805756776	 6.12405442937508	
7115	 0.01815880972476056	 5.999142986123974	
7116	 0.017959939206964523	 5.890041486862142	
7117	 0.01781491991329962	 5.810988828567552	
7118	 0.017680281270162475	 5.737977834980714	
7119	 0.01755466574409411	 5.670193209421651	
7120	 0.0173689760786688	 5.570582515605333	
7121	 0.017190169614722778	 5.475332778568915	
7122	 0.017026779553637687	 5.388870808421571	
7123	 0.016890521786621555	 5.317188133418394	
7124	 0.016763905244983463	 5.250922143610815	
7125	 0.016638271036657503	 5.185499233520471	
7126	 0.016515844375549937	 5.1220626548983	
7127	 0.016400259486747115	 5.062458187312141	
7128	 0.016292112286345004	 5.00694215832589	
7129	 0.01618902793582513	 4.9542532633476	
7130	 0.01608941041164441	 4.903548401559509	
7131	 0.015993703883855556	 4.855030936839738	
7132	 0.015902176560327486	 4.808812772127004	
7133	 0.015813213701423592	 4.764059206049292	
7134	 0.01572663333087725	 4.7206650369955465	
7135	 0.015642270558180477	 4.6785352470765025	
7136	 0.015560697321568284	 4.63794230557594	
7137	 0.015484394865469951	 4.600100423716634	
7138	 0.015411137886412548	 4.563885711106571	
7139	 0.015329918585885635	 4.52386876021371	
7140	 0.015259311151038383	 4.489194938519504	
7141	 0.015189643495445064	 4.455087295724027	
7142	 0.015121229885518332	 4.4216949397698775	
7143	 0.015054547661826302	 4.389244445883626	
7144	 0.014988767890801884	 4.35732687322913	
7145	 0.014931106952852631	 4.329425398377099	
7146	 0.014882986376120197	 4.306195310352468	
7147	 0.014836506692535327	 4.283804848210393	
7148	 0.01479166054457498	 4.262245582288665	
7149	 0.014747764653524552	 4.241185299598894	
7150	 0.014704939534091922	 4.220678982522749	
7151	 0.014663390534207786	 4.2008217351347765	
7152	 0.014613671495384685	 4.177109089626687	
7153	 0.01456300603859918	 4.153000333336442	
7154	 0.014514160414785452	 4.1298104085943175	
7155	 0.014467176566074795	 4.10755341534595	
7156	 0.014425194553111252	 4.087706591423958	
7157	 0.01438710883370851	 4.069735003282303	
7158	 0.0143471345112092	 4.050906321013747	
7159	 0.014304412809316948	 4.030822196774582	
7160	 0.014260945244858549	 4.0104284328905	
7161	 0.014220910933005749	 3.991682076698947	
7162	 0.014179783125318753	 3.972460286567716	
7163	 0.014119192384055975	 3.944209817060984	
7164	 0.014070569277491939	 3.9215976287568264	
7165	 0.014019020022449834	 3.8976814604295584	
7166	 0.013956334603447867	 3.8686775967537583	
7167	 0.013878815464520267	 3.8329302733726935	
7168	 0.013798992862476609	 3.7962595721739945	
7169	 0.013721663223619826	 3.760868745036283	
7170	 0.013673714995023612	 3.738991310776008	
7171	 0.013639223321074237	 3.7232853130049315	
7172	 0.01360774315498528	 3.7089737159215312	
7173	 0.013577180315685706	 3.6951002568733013	
7174	 0.013547712904202617	 3.681743746802447	
7175	 0.013520171808391272	 3.669277862821812	
7176	 0.013493284836540897	 3.6571243734430987	
7177	 0.013467277949240984	 3.6453840516993874	
7178	 0.01344206030996053	 3.6340144453459606	
7179	 0.01341778063436811	 3.623081156376243	
7180	 0.013395074141424568	 3.612868209094363	
7181	 0.013372289439089573	 3.602631679444221	
7182	 0.013350323953632734	 3.5927742029528242	
7183	 0.013329530113760351	 3.583452484367402	
7184	 0.013309052777165379	 3.574282121085917	
7185	 0.013291311098065	 3.566344468257717	
7186	 0.01327099064380897	 3.5572617423363084	
7187	 0.013241422285124737	 3.5440619923979617	
7188	 0.013278051230691172	 3.560416594680217	
7189	 0.013255816495976307	 3.550485327863813	
7190	 0.01321683676829657	 3.533101606620802	
7191	 0.01315340987776931	 3.5048882261973366	
7192	 0.01309314693126247	 3.478166110583373	
7193	 0.013017707817120434	 3.444829904359117	
7194	 0.0129538721564288	 3.41672160889564	
7195	 0.012899051111149142	 3.392656231300763	
7196	 0.012853167825613408	 3.3725666957096556	
7197	 0.012903386543696414	 3.394556924090626	
7198	 0.012848206728538465	 3.3703973889936565	
7199	 0.012788882257936712	 3.3445002416187735	
7200	 0.012741413763266263	 3.3238362140134035	
7201	 0.012670718787367733	 3.2931562506451404	
7202	 0.012605051889438123	 3.264760392422583	
7203	 0.012548168882913787	 3.240242458810154	
7204	 0.012508416083807308	 3.2231519656192935	
7205	 0.012478896839325229	 3.21048447508668	
7206	 0.012460397759305249	 3.2025562025957015	
7207	 0.01244880725616596	 3.197592780618561	
7208	 0.012441922753769624	 3.194646075713311	
7209	 0.01243733239329938	 3.192681913392341	
7210	 0.012422850079729863	 3.1864882658885634	
7211	 0.012389809347366195	 3.1723757585066292	
7212	 0.012366240816187113	 3.1623243773636607	
7213	 0.012335795144004185	 3.149358963686342	
7214	 0.01229958842313768	 3.133967932649849	
7215	 0.012259273102365286	 3.1168658933918554	
7216	 0.012226783930858597	 3.103111012035733	
7217	 0.012204845008856423	 3.093836539427959	
7218	 0.012562744260099276	 3.246517748848634	
7219	 0.012827479903272564	 3.3613403447515813	
7220	 0.015565836400555446	 4.640495466181721	
7221	 0.021711323447720237	 8.080174605138332	
7222	 0.02461209831943365	 9.958440178360243	
7223	 0.0269135009877615	 11.558298589618133	
7224	 0.027374019496585356	 11.889799662935213	
7225	 0.02724917967064988	 11.799564287881786	
7226	 0.0270224578789222	 11.636391673963288	
7227	 0.027157408074851026	 11.73340640997763	
7228	 0.02733697737110876	 11.862996586452823	
7229	 0.026927817564374495	 11.568547758304561	
7230	 0.026533164045326418	 11.287349868001083	
7231	 0.02615233996191287	 11.018636053749281	
7232	 0.02578473256657699	 10.761710433199443	
7233	 0.02542976845193498	 10.515927733497909	
7234	 0.02555035037243652	 10.599165740141636	
7235	 0.0259850459982647	 10.901411494174017	
7236	 0.025748171553446927	 10.736290155263685	
7237	 0.0255059160032358	 10.56846204033163	
7238	 0.025324146546925906	 10.443232495784043	
7239	 0.025835180754307904	 10.796825707935922	
7240	 0.026466020818419297	 11.239784888594606	
7241	 0.02687409928878157	 11.53010986749669	
7242	 0.02647413283750653	 11.245527262017363	
7243	 0.026095333974191313	 10.978635061423704	
7244	 0.02572901495753057	 10.722980487736052	
7245	 0.025370738378421565	 10.47527488311503	
7246	 0.025022836908348067	 10.2369635950345	
7247	 0.024686396399419067	 10.008594188407045	
7248	 0.02436070996686225	 9.789491913263868	
7249	 0.02404399110062808	 9.57828703604418	
7250	 0.02373354210521233	 9.373055357322622	
7251	 0.02342947896459233	 9.173772539620266	
7252	 0.023133122136817792	 8.981192423743648	
7253	 0.022845258138204403	 8.795699147918072	
7254	 0.02256699202802408	 8.617865448347176	
7255	 0.0222972849825776	 8.446891019483768	
7256	 0.022035803016498347	 8.282441664918917	
7257	 0.021781442646259443	 8.123714488066744	
7258	 0.021525270044448364	 7.965100580405777	
7259	 0.021260079200792585	 7.802223379566784	
7260	 0.021015343351274144	 7.653106081659957	
7261	 0.0207726865002071	 7.506394089219452	
7262	 0.020523465621833468	 7.356898207030258	
7263	 0.020271710245577362	 7.207105840054086	
7264	 0.020020495796137447	 7.058866425782791	
7265	 0.019779917958020747	 6.918061097125843	
7266	 0.01957409691267662	 6.798500601769271	
7267	 0.019384981414427547	 6.689380475274886	
7268	 0.01920576961759513	 6.5866275794336	
7269	 0.019033860275401458	 6.488660398889182	
7270	 0.018869410701021744	 6.395494728420821	
7271	 0.018713502659126552	 6.307666483426174	
7272	 0.018565425814442874	 6.224700223240657	
7273	 0.018423525678565592	 6.145607549426361	
7274	 0.018286410890961342	 6.069566956244701	
7275	 0.018153060506796145	 5.9959776960114555	
7276	 0.018023194341451512	 5.9246567302822	
7277	 0.017896301031467162	 5.855298551812789	
7278	 0.017773128412703388	 5.788286883929663	
7279	 0.017653346811009163	 5.723416336317385	
7280	 0.017537056155968594	 5.6607164908714145	
7281	 0.01742574377826272	 5.600959814290102	
7282	 0.017320700823722335	 5.5448016763763155	
7283	 0.017203474885443805	 5.482397822189627	
7284	 0.017109281596016025	 5.432460040056569	
7285	 0.01701789193406679	 5.384183496123512	
7286	 0.016929085622877073	 5.3374368850281675	
7287	 0.01684325158434371	 5.292409935728216	
7288	 0.016764111069811852	 5.251029594167679	
7289	 0.016703336590260187	 5.219340589893011	
7290	 0.016658124602541423	 5.195815969910523	
7291	 0.017323881254945137	 5.546498676582956	
7292	 0.01722043921462423	 5.491411095128483	
7293	 0.017117833532030436	 5.436986412728726	
7294	 0.017017015818917496	 5.383721523140837	
7295	 0.016919094731913734	 5.332188003490078	
7296	 0.016824408717977683	 5.282545749640356	
7297	 0.016732634202642246	 5.234607360394823	
7298	 0.01664587222938713	 5.189448159571482	
7299	 0.016566464928744466	 5.148254317261352	
7300	 0.01649169926554008	 5.1095885233466785	
7301	 0.01641863134983685	 5.071913476089389	
7302	 0.016348418131259167	 5.035815512586065	
7303	 0.016280294262958572	 5.000890369804649	
7304	 0.01623200101706645	 4.97619073965038	
7305	 0.016184382319583298	 4.951884029287104	
7306	 0.016125189726128003	 4.921735894095297	
7307	 0.016066944976394906	 4.892142445042133	
7308	 0.016037009613300054	 4.876960437355126	
7309	 0.016119914113098106	 4.919052479438858	
7310	 0.016518244873288748	 5.1233034932138155	
7311	 0.016458330630553773	 5.092369257309076	
7312	 0.017006987345882175	 5.378434667902948	
7313	 0.017135786087978964	 5.446493254536208	
7314	 0.017151880559261874	 5.45502178753523	
7315	 0.017114082835133656	 5.435001056483249	
7316	 0.017197938980603997	 5.479457836975555	
7317	 0.017125649905156897	 5.441124785195263	
7318	 0.01705379691953368	 5.403129727960137	
7319	 0.016981385142855306	 5.364947008925256	
7320	 0.016906717689086338	 5.325688382216281	
7321	 0.016879798890379608	 5.311563322936201	
7322	 0.016880976093896292	 5.312180721324621	
7323	 0.01687466308072902	 5.308870122262481	
7324	 0.016861642137472637	 5.302044433871126	
7325	 0.016844290544371893	 5.292954042409594	
7326	 0.01682197922803049	 5.2812744544396315	
7327	 0.016770849046784705	 5.254547631040762	
7328	 0.016718447137910306	 5.227212357912145	
7329	 0.016652714126418368	 5.193003649068357	
7330	 0.01657276339203775	 5.1515169525715665	
7331	 0.016478054322558708	 5.1025444934190585	
7332	 0.016387137134163107	 5.05570894026233	
7333	 0.016290011848425864	 5.005866349469881	
7334	 0.01618710950336917	 4.953274820328663	
7335	 0.016082750307828752	 4.900165883268453	
7336	 0.015980827450560006	 4.84851809236726	
7337	 0.015892140462355698	 4.8037556486235555	
7338	 0.015818650010656195	 4.7667891873681505	
7339	 0.015754915269988085	 4.734822504194196	
7340	 0.01569421220743603	 4.704456432559821	
7341	 0.015633880594449038	 4.674353658631582	
7342	 0.0155755816609458	 4.645338580331431	
7343	 0.015519396247870786	 4.617443816007192	
7344	 0.015465268874376808	 4.590634414954724	
7345	 0.015412465725477633	 4.5645411115305	
7346	 0.015360706912978372	 4.539021653729149	
7347	 0.015314114902579392	 4.516098636470429	
7348	 0.015550703961915624	 4.632979085112172	
7349	 0.016006021582595755	 4.8612644480740155	
7350	 0.017186949525789284	 5.4736234724201696	
7351	 0.01864861609650313	 6.271256983036892	
7352	 0.018520407304992832	 6.199563878917371	
7353	 0.018850909458918902	 6.38504696174834	
7354	 0.02174097422442178	 8.098574566027082	
7355	 0.02550329441228663	 10.566651660655419	
7356	 0.030176967368256768	 13.987375653676997	
7357	 0.03635969685662153	 19.08288381582108	
7358	 0.04376295322556703	 25.988903258627932	
7359	 0.050722448429766184	 33.23614146010866	
7360	 0.0528178048344865	 35.55583065957097	
7361	 0.056322752344524364	 39.574615052073256	
7362	 0.06015526985439665	 44.16379468995216	
7363	 0.06270205508464273	 47.32382888699225	
7364	 0.06378441839062587	 48.693155161268294	
7365	 0.0635392507559437	 48.38161920613432	
7366	 0.06323554805951416	 47.996812311558095	
7367	 0.06371468885479258	 48.60446804483932	
7368	 0.06435843678712114	 49.425688545370654	
7369	 0.06477563184726574	 49.96083405024219	
7370	 0.06654046010964507	 52.25003462747412	
7371	 0.0652621864149487	 50.58785701553985	
7372	 0.06382697780993812	 48.74731711659763	
7373	 0.061870687537874516	 46.28267872541406	
7374	 0.05983175805298477	 43.76865388750922	
7375	 0.05790482387547651	 41.44461964631267	
7376	 0.05610057301712195	 39.3147705460794	
7377	 0.05441584480722771	 37.366797340555486	
7378	 0.05283076593161469	 35.57037374375918	
7379	 0.05129733932105255	 33.866344068612726	
7380	 0.049848077148556165	 32.286745270067456	
7381	 0.04847587715454099	 30.81908285212931	
7382	 0.047177801602674624	 29.4559533139756	
7383	 0.045931609185904526	 28.170616507292007	
7384	 0.04474463240832261	 26.967777576883186	
7385	 0.04361142417057738	 25.839098963676335	
7386	 0.042535978769874104	 24.785877611181878	
7387	 0.041511099636595536	 23.7985581994252	
7388	 0.040532887412768476	 22.87122820711823	
7389	 0.03959912710982308	 21.99984417143398	
7390	 0.038707423384548356	 21.18039335341649	
7391	 0.03785565883122987	 20.40930730243368	
7392	 0.03704155734830627	 19.68304623246775	
7393	 0.03626236570290247	 18.997821624914298	
7394	 0.03551623522292062	 18.3508051011036	
7395	 0.03480129673336183	 17.7392788601217	
7396	 0.034116286364973956	 17.161154524763326	
7397	 0.03345993786777645	 16.614430789716238	
7398	 0.03282920594894447	 16.095737500864775	
7399	 0.03222267356988836	 15.60317105157731	
7400	 0.03163910061238527	 15.135047880994934	
7401	 0.03107972249235049	 14.691702897983259	
7402	 0.03054567795650744	 14.273370236800256	
7403	 0.030019069802516046	 13.865609591655879	
7404	 0.029522533367832594	 13.485476199319136	
7405	 0.029033787065306415	 13.115445957747825	
7406	 0.02856051651258848	 12.761067685057592	
7407	 0.028097340230315272	 12.418017492056746	
7408	 0.027645286315761963	 12.086820438410067	
7409	 0.027212726150932644	 11.773267238664802	
7410	 0.026810279751036278	 11.48451059400687	
7411	 0.027099401099527375	 11.691666128742236	
7412	 0.026705674533574652	 11.409926227775125	
7413	 0.026327927621072715	 11.142210926521475	
7414	 0.025967050515911014	 10.88883176731907	
7415	 0.02562359236444526	 10.649852948140095	
7416	 0.02529548740585521	 10.423542384632373	
7417	 0.024980129362162307	 10.207860392019464	
7418	 0.024676065274901928	 10.001614257278268	
7419	 0.024382613008702918	 9.804166082406116	
7420	 0.024100431650304795	 9.615789592285829	
7421	 0.023828366668728597	 9.435553336436495	
7422	 0.023566144403886023	 9.263131034392657	
7423	 0.023313432864210087	 9.098168216469492	
7424	 0.023069582546327672	 8.940115776978953	
7425	 0.022834785964981185	 8.788980320351731	
7426	 0.022608481197486232	 8.644288047549963	
7427	 0.02239030419418071	 8.505703505512011	
7428	 0.02218164485093448	 8.37400397210476	
7429	 0.021995262855152964	 8.257061335141643	
7430	 0.02181310695831195	 8.143406821511423	
7431	 0.021621084017430695	 8.024279065111712	
7432	 0.021424242266426335	 7.902891773421706	
7433	 0.021229356911754642	 7.783441176004905	
7434	 0.021044366128032555	 7.670729445269964	
7435	 0.020921962021997198	 7.596512655197736	
7436	 0.020755977910260452	 7.496333792804352	
7437	 0.020684026712504223	 7.453073427870176	
7438	 0.020540496632534475	 7.367075993213804	
7439	 0.020544886194061987	 7.369700121333669	
7440	 0.020705652998100007	 7.466065616255802	
7441	 0.0205783474359845	 7.389715902878575	
7442	 0.020414459194666	 7.29188899883046	
7443	 0.02025427351058906	 7.196776802006521	
7444	 0.020140104247723504	 7.129292615127284	
7445	 0.02001818108785627	 7.057506270750248	
7446	 0.019910942883656486	 6.994606614228226	
7447	 0.019826774747984863	 6.945396400538274	
7448	 0.019744102369485022	 6.897196092244595	
7449	 0.019656844256161342	 6.846467924122845	
7450	 0.01958458807135961	 6.804574691313063	
7451	 0.01946014216334913	 6.7326638431747625	
7452	 0.01933715282012262	 6.6618952404105745	
7453	 0.019218383532639927	 6.593839071092369	
7454	 0.01910633516203153	 6.529890566326723	
7455	 0.018997542504386285	 6.468038923370803	
7456	 0.018891852840918554	 6.408177113647401	
7457	 0.018785834274158243	 6.3483529052316	
7458	 0.018685925365526185	 6.29218186135569	
7459	 0.018591683679799825	 6.239380233519266	
7460	 0.018498792082955094	 6.187509355467753	
7461	 0.01840692544564502	 6.136381313839129	
7462	 0.018318362781453313	 6.0872528644513535	
7463	 0.018232218521947275	 6.039617651150572	
7464	 0.018150717636899856	 5.994687996928901	
7465	 0.018069998473012227	 5.950321657356986	
7466	 0.017991275978560217	 5.9071798349296465	
7467	 0.017914429518932178	 5.865187331231782	
7468	 0.0178385101227944	 5.823819173676099	
7469	 0.01780624040886945	 5.806271030964587	
7470	 0.017822915042649084	 5.815335986024138	
7471	 0.017844155803809828	 5.826891449485542	
7472	 0.01786138004547486	 5.836268569599911	
7473	 0.01788423731123468	 5.848721698262379	
7474	 0.017902607847689538	 5.85873805490823	
7475	 0.01783805376576371	 5.823570860883254	
7476	 0.017778618255804866	 5.791267043804922	
7477	 0.017736758235605218	 5.76855884458534	
7478	 0.017680585354085634	 5.738142315472428	
7479	 0.017612177035173072	 5.701187449776812	
7480	 0.017540115887530985	 5.662362650869443	
7481	 0.017465451609741972	 5.622247366081932	
7482	 0.017398487003477785	 5.586366033679116	
7483	 0.017333080868148422	 5.551408534188638	
7484	 0.017270266310267464	 5.517918828554565	
7485	 0.017212764429167852	 5.48733269154579	
7486	 0.01716038696568691	 5.4595315265563364	
7487	 0.017111622131909646	 5.433698690106328	
7488	 0.017065507114036815	 5.409314683068665	
7489	 0.017020616589821888	 5.385620300547727	
7490	 0.016976216608026017	 5.362225783898575	
7491	 0.016933727279039173	 5.339876159416424	
7492	 0.01689113382167333	 5.317509254820338	
7493	 0.016848695477071896	 5.295261168236611	
7494	 0.01689720681690744	 5.320696042906345	
7495	 0.01695217092036372	 5.349573031502819	
7496	 0.017002763603223954	 5.376208598229092	
7497	 0.01705200634506307	 5.402184252533824	
7498	 0.017090099018331903	 5.422312561938531	
7499	 0.01705622460267521	 5.4044117209994935	
7500	 0.01702614578375054	 5.388536505462868	
7501	 0.017004129776474055	 5.376928582076304	
7502	 0.016974697466997805	 5.361426063679035	
7503	 0.01693848509404985	 5.342376940046008	
7504	 0.01687598032562932	 5.309560828798969	
7505	 0.016815618174539682	 5.2779464438840495	
7506	 0.01675966896369948	 5.248710794377084	
7507	 0.01671488421663544	 5.225355843476688	
7508	 0.016670289537068846	 5.202141426442869	
7509	 0.01660537938057002	 5.168425420074058	
7510	 0.0165285605272608	 5.1286371134357935	
7511	 0.0164541110188202	 5.090193461037087	
7512	 0.016381455437646488	 5.052787778815437	
7513	 0.016305873295262195	 5.013992602066179	
7514	 0.0162276686594361	 4.973977342400394	
7515	 0.016150925015682216	 4.934834413818425	
7516	 0.016078778513421897	 4.898149141844359	
7517	 0.016012734983284028	 4.864663187572632	
7518	 0.015953495808349642	 4.834705457579248	
7519	 0.015902617844385403	 4.809035181098784	
7520	 0.015859718520101897	 4.787432994236578	
7521	 0.01582296500799059	 4.768956518630326	
7522	 0.015787172688893885	 4.750990724771099	
7523	 0.015735922561022547	 4.725313200438031	
7524	 0.01569408592676879	 4.704393343452401	
7525	 0.015645282558999	 4.680036804070423	
7526	 0.015581805834733656	 4.648432873100727	
7527	 0.015509074758655012	 4.6123267429905015	
7528	 0.015510236329241965	 4.6129025001861566	
7529	 0.015450169383106296	 4.58316674837726	
7530	 0.015414052569430988	 4.565324402057822	
7531	 0.015392595303057326	 4.554737318266216	
7532	 0.015376640296389578	 4.546871441713154	
7533	 0.015364783303055891	 4.541029423687633	
7534	 0.015356555638758967	 4.536977365642322	
7535	 0.015350846148154434	 4.534166338242041	
7536	 0.015345868294763643	 4.53171609594243	
7537	 0.015342104391918372	 4.5298637466960034	
7538	 0.015338856279946774	 4.5282654798261905	
7539	 0.015336869864036096	 4.52728815464458	
7540	 0.015336953476532878	 4.527329290651853	
7541	 0.01533752214321531	 4.5276090695044555	
7542	 0.015338247997621082	 4.527966193339161	
7543	 0.015339065258878966	 4.52836830326632	
7544	 0.01534118436708205	 4.52941101612107	
7545	 0.015346448148198964	 4.532001489182307	
7546	 0.015354667614030282	 4.536047732873079	
7547	 0.015359949229741016	 4.538648506397912	
7548	 0.01535790002979098	 4.53763936843964	
7549	 0.015350076593868747	 4.5337875069172195	
7550	 0.015337686448972815	 4.527689907735399	
7551	 0.01531894459744058	 4.51847266323806	
7552	 0.015295043352749286	 4.506728931682952	
7553	 0.015279585316698773	 4.4991402306831905	
7554	 0.01527124744428194	 4.495049103804019	
7555	 0.015267656416757872	 4.493287560329348	
7556	 0.015272425403358443	 4.4956270002783665	
7557	 0.015276972367951131	 4.497857980276769	
7558	 0.015282710552405574	 4.500674067285037	
7559	 0.015289668036227522	 4.5040894865684935	
7560	 0.015298358289121784	 4.508356975333031	
7561	 0.015308271140179634	 4.513226814129358	
7562	 0.015318487576887625	 4.5182479943293545	
7563	 0.015328756621236962	 4.523297280470485	
7564	 0.015337773229926271	 4.5277326040909305	
7565	 0.015346342828210794	 4.531949652078947	
7566	 0.015352217626746698	 4.534841512452492	
7567	 0.015351507450743382	 4.534491890219884	
7568	 0.015343455721777116	 4.530528748890945	
7569	 0.015331869086141127	 4.524828124017013	
7570	 0.015318815268986919	 4.518409085594678	
7571	 0.015292450033244646	 4.505455455126415	
7572	 0.015267312408804879	 4.4931188250844745	
7573	 0.015230985142624236	 4.475314640263317	
7574	 0.015186293089747305	 4.453449639076187	
7575	 0.015130338127673433	 4.426134829283449	
7576	 0.015062340404901864	 4.393031801533156	
7577	 0.015009903147809495	 4.367571933984021	
7578	 0.014974188678793184	 4.350265386293249	
7579	 0.01495332427697429	 4.340167619162297	
7580	 0.014940199071541274	 4.333820209733808	
7581	 0.014928630874449811	 4.328228857918521	
7582	 0.014915864485706878	 4.3220617262007694	
7583	 0.0149001912130259	 4.314495160370692	
7584	 0.014882224418357258	 4.305827879284102	
7585	 0.014863456550956717	 4.2967816026087435	
7586	 0.014844657432362877	 4.2877278934726295	
7587	 0.014821949993024951	 4.276802114458705	
7588	 0.014791101436351286	 4.2619770721459025	
7589	 0.01474528175808849	 4.239995308109547	
7590	 0.014692239137240737	 4.214605188510463	
7591	 0.014641871466646228	 4.190551993560844	
7592	 0.014600470173068007	 4.17082196810828	
7593	 0.014569769817919753	 4.156215595151797	
7594	 0.014547688742577176	 4.145722711510333	
7595	 0.014517794790547399	 4.131534074216	
7596	 0.014493640387526251	 4.120083829319967	
7597	 0.014475976734263036	 4.1117185323260825	
7598	 0.01446297530454572	 4.105565555039796	
7599	 0.01444873472346919	 4.098830374697592	
7600	 0.014408126671042194	 4.079648817520266	
7601	 0.014372290673988488	 4.062751288746036	
7602	 0.014364298431126818	 4.058986581998308	
7603	 0.014370699103212379	 4.062001475827017	
7604	 0.014385542437042091	 4.068996542662177	
7605	 0.014403410320721724	 4.077423342745048	
7606	 0.014421518203106401	 4.085970443439987	
7607	 0.014438465179476197	 4.093976068973907	
7608	 0.014453676882486069	 4.101167301474037	
7609	 0.014467753384809276	 4.107826371767999	
7610	 0.014480758435739725	 4.113982418172519	
7611	 0.014492752575250924	 4.119663209630578	
7612	 0.01450589156878014	 4.125889837239429	
7613	 0.014517655933528578	 4.131468213584968	
7614	 0.014528316611550096	 4.136525851980091	
7615	 0.014541146622394457	 4.142615946474308	
7616	 0.014557195561381853	 4.150239032511117	
7617	 0.014575806027543945	 4.159085836449012	
7618	 0.014601656969648996	 4.1713870242685145	
7619	 0.0146127520011813	 4.176671058358007	
7620	 0.014624278876600075	 4.18216359264874	
7621	 0.014627870904459035	 4.1838757771344275	
7622	 0.014621399695129409	 4.180791397616539	
7623	 0.014602064622563655	 4.171581122548695	
7624	 0.01455051888066305	 4.14706699475956	
7625	 0.014523344291903014	 4.134166576327486	
7626	 0.014516515974599646	 4.130927540808318	
7627	 0.014524412653700261	 4.134673449244864	
7628	 0.014538650430178872	 4.141430783866161	
7629	 0.014554759705250699	 4.149081664290473	
7630	 0.014571355891178505	 4.156969702422966	
7631	 0.014587705187012504	 4.1647462542988745	
7632	 0.01460366810574261	 4.172344633871251	
7633	 0.014618694936527262	 4.179502495226781	
7634	 0.014633067197192205	 4.186353150369868	
7635	 0.014647684951367769	 4.19332542478239	
7636	 0.01466275460046978	 4.20051809848685	
7637	 0.014676653030917261	 4.207156125024943	
7638	 0.014689130390040998	 4.213119005018762	
7639	 0.014700098948333077	 4.218363624854143	
7640	 0.014711051627171241	 4.223603255776319	
7641	 0.01472289458895646	 4.229271714507008	
7642	 0.014736960748083758	 4.236008224085015	
7643	 0.01474725017795211	 4.240938712979029	
7644	 0.014766964275007847	 4.250391721252988	
7645	 0.014783732727572885	 4.258438902873726	
7646	 0.014798826944255522	 4.26568782461636	
7647	 0.01481100569212435	 4.271540201340913	
7648	 0.014816559820498242	 4.2742102482627935	
7649	 0.014824216293757247	 4.2778920535648775	
7650	 0.014853396001009022	 4.291935462919458	
7651	 0.014881600960523923	 4.305527244943697	
7652	 0.014909116302977525	 4.318803264525008	
7653	 0.014935854256296848	 4.3317198558877985	
7654	 0.01495333656364668	 4.340173562794103	
7655	 0.014970628511277936	 4.348541704029727	
7656	 0.01498800700707352	 4.356958223513114	
7657	 0.015004689340449325	 4.365043709592297	
7658	 0.015021480863814425	 4.373188171385035	
7659	 0.015038566705919779	 4.381481620065123	
7660	 0.015054162656501007	 4.389057363092221	
7661	 0.01506941928535061	 4.39647334487146	
7662	 0.01508396493141406	 4.403548392842659	
7663	 0.015099240029510774	 4.410983146357462	
7664	 0.015120590553428166	 4.421383358894529	
7665	 0.015139530771579483	 4.430617668180355	
7666	 0.015162874750946605	 4.442009632626145	
7667	 0.015174852235581052	 4.447859239070793	
7668	 0.015187118826382054	 4.453853231441447	
7669	 0.01519590436626405	 4.45814821440803	
7670	 0.015202588214696847	 4.461416853422126	
7671	 0.015207829761363603	 4.463980826053126	
7672	 0.015218650080066768	 4.46927559313169	
7673	 0.015237027500766663	 4.47827407124794	
7674	 0.015256627135792953	 4.487878981214234	
7675	 0.015274667769296235	 4.496727167622621	
7676	 0.015293814434849593	 4.506125440801185	
7677	 0.015313271895930635	 4.515684309410785	
7678	 0.015332305733974982	 4.525042902696215	
7679	 0.015348000523153854	 4.53276557508656	
7680	 0.015355380852771645	 4.536398911110953	
7681	 0.015338948767305502	 4.528310986060809	
7682	 0.015292553568447277	 4.50550629440715	
7683	 0.015243077334321991	 4.481237947492142	
7684	 0.015203959426100666	 4.462087542902128	
7685	 0.015159018088865295	 4.440126757741523	
7686	 0.015090762713966473	 4.406856415756747	
7687	 0.015010330333549406	 4.367779106334374	
7688	 0.014941571077716272	 4.334483544279865	
7689	 0.01488245207229818	 4.305937657192783	
7690	 0.014812646808946495	 4.272329069152988	
7691	 0.014722505572947544	 4.229085469437871	
7692	 0.014622638194973945	 4.181381634734754	
7693	 0.014513990389706766	 4.129729778302042	
7694	 0.014402998767411761	 4.077229168697299	
7695	 0.014292057634308422	 4.025021285944436	
7696	 0.014177417269034924	 3.9713556919314668	
7697	 0.01407047728116402	 3.921554895139345	
7698	 0.01399311643746111	 3.885685647501577	
7699	 0.013929742200206187	 3.8563997694149026	
7700	 0.013876018226507171	 3.8316428318556754	
7701	 0.013831367009510806	 3.811115336788673	
7702	 0.013796521050578802	 3.7951262673302653	
7703	 0.013772118830669804	 3.7839453212420393	
7704	 0.013757184763830557	 3.7771091346950465	
7705	 0.013750916934144047	 3.774241459655646	
7706	 0.013751865968712336	 3.7746756086452957	
7707	 0.013759957263422593	 3.7783778943987874	
7708	 0.013793697006708412	 3.793831632769152	
7709	 0.013813581368082754	 3.802951034988578	
7710	 0.013831355988640942	 3.811110275612027	
7711	 0.013851200895332011	 3.820228120283977	
7712	 0.01387378290096645	 3.830614137478217	
7713	 0.013894624386490638	 3.840209652984045	
7714	 0.013905339379705221	 3.8451466218340413	
7715	 0.01390439300214458	 3.8447104730729866	
7716	 0.013914244535224224	 3.8492516322424546	
7717	 0.01392498043469159	 3.8542028899314578	
7718	 0.013935538798198081	 3.8590747530848044	
7719	 0.013943467269932975	 3.8627347440027058	
7720	 0.013948165299851312	 3.864904132853189	
7721	 0.013953021579445054	 3.867147108044369	
7722	 0.013974469411505227	 3.877059466686232	
7723	 0.013996266300953578	 3.8871435426222747	
7724	 0.01401545359908384	 3.89602899073757	
7725	 0.014034667161381159	 3.9049347314092513	
7726	 0.014055514494620476	 3.914606944752313	
7727	 0.01407589332098855	 3.924071040837482	
7728	 0.014096140343502631	 3.933482976701353	
7729	 0.01411738632463342	 3.943368978886855	
7730	 0.014139724034066941	 3.9537736764670983	
7731	 0.014163357311816028	 3.9647937737913153	
7732	 0.01418963216353942	 3.9770600244068306	
7733	 0.014214710659581938	 3.988781896425234	
7734	 0.014241176779411939	 4.001167314927075	
7735	 0.014271756074324009	 4.015496705234032	
7736	 0.014301520252475441	 4.0294638051880165	
7737	 0.014329162481646795	 4.042452530140588	
7738	 0.014347246772095378	 4.050959149160856	
7739	 0.01434785579116473	 4.051245748431831	
7740	 0.014347198357958451	 4.05093636622168	
7741	 0.014346930857230922	 4.050810485467425	
7742	 0.01436114270756247	 4.057500478375084	
7743	 0.014392450022579478	 4.072253451500578	
7744	 0.014404939425033052	 4.078144818435594	
7745	 0.014482896457179047	 4.114994820887176	
7746	 0.014610051344267988	 4.1753846179640774	
7747	 0.014621600716421658	 4.180887196919662	
7748	 0.014634427529352526	 4.187001796254749	
7749	 0.014643147589369231	 4.191160728811576	
7750	 0.014652483274297688	 4.195615107032778	
7751	 0.014663861345350178	 4.201046537036609	
7752	 0.014678793735091445	 4.208178918906122	
7753	 0.014710979788129814	 4.2235688803599025	
7754	 0.014742359681084912	 4.238594998668887	
7755	 0.014772951750515422	 4.2532644123117	
7756	 0.014802774063640022	 4.267584222221421	
7757	 0.014831844206007517	 4.281561385458771	
7758	 0.014860179386964824	 4.295202761355245	
7759	 0.014887796465448948	 4.3085151198051275	
7760	 0.014914711958558157	 4.321505141500581	
7761	 0.014940942046489493	 4.33417941659641	
7762	 0.014966502576790525	 4.3465444432091225	
7763	 0.014991276892318472	 4.358542577972006	
7764	 0.015015545581581404	 4.3703086630827475	
7765	 0.015039191972052928	 4.381785242754252	
7766	 0.015062226579847661	 4.392976471948475	
7767	 0.015084663361351986	 4.403888225850048	
7768	 0.01510651612097663	 4.414526356899326	
7769	 0.015127798955181177	 4.4248969090416574	
7770	 0.015148531506550742	 4.435008680289795	
7771	 0.015168643324496975	 4.444826524655587	
7772	 0.015188188035832112	 4.454375846886401	
7773	 0.015207245693578352	 4.463695092316267	
7774	 0.0152258323819808	 4.47279153529591	
7775	 0.015243961145353748	 4.4816710013513505	
7776	 0.015261635505677315	 4.490334680977339	
7777	 0.01527885407769181	 4.498781375574299	
7778	 0.015295615034471962	 4.507009681313102	
7779	 0.01531192900361249	 4.515024326298605	
7780	 0.015395439390565764	 4.556140034862548	
7781	 0.015525657907542038	 4.6205492579127005	
7782	 0.015565495433234332	 4.640326051818757	
7783	 0.015580075965683903	 4.64757280135366	
7784	 0.015589190644842672	 4.6521052348745755	
7785	 0.015598043917700479	 4.656509371281504	
7786	 0.015606641216291954	 4.660787766315787	
7787	 0.015656358728189972	 4.685560206097506	
7788	 0.015920215490379842	 4.8179078199395455	
7789	 0.016386436989127964	 5.055348934416236	
7790	 0.016896086839744168	 5.320108280437145	
7791	 0.017583463964438554	 5.685704826307293	
7792	 0.018356736030006548	 6.108520297778725	
7793	 0.01888274528111517	 6.403029085237164	
7794	 0.019531134389933053	 6.773649136661409	
7795	 0.021271910592048006	 7.80946138022539	
7796	 0.02153997537457082	 7.974171787113956	
7797	 0.021766997662614168	 8.11473735232618	
7798	 0.02192132709089401	 8.210853821863028	
7799	 0.02203220577473587	 8.280188337779753	
7800	 0.02209340161234451	 8.318555056020125	
7801	 0.02209770102469192	 8.321253238556496	
7802	 0.02205122304473549	 8.29210361313479	
7803	 0.021963835717105817	 8.23740769440749	
7804	 0.021851133525087846	 8.16708109792878	
7805	 0.021709267977859024	 8.078899691974316	
7806	 0.02154748956344731	 7.978808623138755	
7807	 0.02139061436462031	 7.882228374543752	
7808	 0.021238467793936202	 7.7890092642518285	
7809	 0.021090880116284003	 7.699007720641513	
7810	 0.021241247876778488	 7.790708620661732	
7811	 0.021688372806249818	 8.065943948066622	
7812	 0.02181143769804204	 8.142368216698982	
7813	 0.021668070727716215	 8.053363910558298	
7814	 0.021538610543062067	 7.973329696160346	
7815	 0.021416362260033236	 7.8980477901781585	
7816	 0.02129445865601451	 7.823262870854374	
7817	 0.021169745485686387	 7.747049148071049	
7818	 0.02104427518851747	 7.670674199176461	
7819	 0.020922641890636223	 7.596924079857378	
7820	 0.02080309225220282	 7.524715335156289	
7821	 0.0206864296068238	 7.454516541562549	
7822	 0.020568630213388596	 7.383901035955257	
7823	 0.0204524028272677	 7.314491617398853	
7824	 0.02034365170584231	 7.2497845961209775	
7825	 0.02024140071042763	 7.1891551148685275	
7826	 0.020140648880323783	 7.12961393754345	
7827	 0.020043359695407728	 7.072307205264733	
7828	 0.019944444780318215	 7.014232672214354	
7829	 0.019843198056969553	 6.95498762964705	
7830	 0.019739178453112086	 6.8943295490364225	
7831	 0.01963418509661461	 6.833319357872368	
7832	 0.01954698786612119	 6.782815265611504	
7833	 0.019441834214620618	 6.7221104254109525	
7834	 0.01947170369203399	 6.739331771541188	
7835	 0.020042312977171708	 7.071691657757475	
7836	 0.02249628990627988	 8.57291300643142	
7837	 0.022851143087783066	 8.799475766112689	
7838	 0.02465517189928409	 9.987504194378012	
7839	 0.025894649448930256	 10.83827859234447	
7840	 0.025852526094254064	 10.808909780554437	
7841	 0.025693487004269936	 10.698313772551518	
7842	 0.025556780004606674	 10.603611501309203	
7843	 0.02557599641153766	 10.616903106630446	
7844	 0.02574206111246946	 10.732044010544644	
7845	 0.02553624179462001	 10.589412995317655	
7846	 0.02526836018919098	 10.404918469823553	
7847	 0.024972362592268593	 10.20257126236788	
7848	 0.02470439493321793	 10.020759039146078	
7849	 0.024445284119276642	 9.846201791773417	
7850	 0.024194744437397428	 9.6785875263077	
7851	 0.02395241805569815	 9.517565078494783	
7852	 0.023717922654248765	 9.36277666546225	
7853	 0.023491022916405535	 9.213970077528627	
7854	 0.023271373624287765	 9.070828336308601	
7855	 0.02305868278763	 8.933076944426427	
7856	 0.022852687079447574	 8.800466717504607	
7857	 0.022653016576794322	 8.67268663617609	
7858	 0.02245903019323733	 8.549261114090191	
7859	 0.022270862054486817	 8.43021459305436	
7860	 0.022089304505295653	 8.315984159941939	
7861	 0.021913312310918805	 8.20585107073512	
7862	 0.021742681458486228	 8.09963450965638	
7863	 0.02157722540885857	 7.99716851463484	
7864	 0.02141677880035306	 7.898303815348798	
7865	 0.02126117327373336	 7.802892579637665	
7866	 0.02111025962366495	 7.710801812859339	
7867	 0.020963887581518143	 7.621900708781875	
7868	 0.020821886394865475	 7.536048839120536	
7869	 0.020684094125870717	 7.4531139130009905	
7870	 0.020550354434895206	 7.372969618668125	
7871	 0.020420533956144935	 7.295505788252594	
7872	 0.020294599399917682	 7.220673733133387	
7873	 0.02017231648803332	 7.14830715590897	
7874	 0.020053562759338714	 7.078308481760893	
7875	 0.019938221618178983	 7.010585360269443	
7876	 0.019826181208448666	 6.945049871978245	
7877	 0.01971733401860608	 6.881618181742295	
7878	 0.019611517805601664	 6.820176190897783	
7879	 0.019508674576610652	 6.760671859046781	
7880	 0.01940872904407966	 6.70304412784621	
7881	 0.019311461848291765	 6.647150329618946	
7882	 0.019216599925492985	 6.592819174817953	
7883	 0.01912394815947043	 6.539926180327441	
7884	 0.019034573718352047	 6.489065759545817	
7885	 0.01894762963828551	 6.439740917332199	
7886	 0.018863044938433358	 6.39189917162763	
7887	 0.018780763313455025	 6.345497087478414	
7888	 0.01870074216455332	 6.300499586415837	
7889	 0.01862291951450969	 6.25686129105659	
7890	 0.0185472716078356	 6.214558822299829	
7891	 0.01847372300592301	 6.1735404191814025	
7892	 0.018402188710722397	 6.1337497030341	
7893	 0.0183326010081123	 6.095140590803661	
7894	 0.018264900993819933	 6.057672462106954	
7895	 0.018199031782131316	 6.021306332067625	
7896	 0.018134936633055043	 5.986003787988608	
7897	 0.018072565053115313	 5.951730318259579	
7898	 0.018011863170435724	 5.918449984733616	
7899	 0.017952775531233114	 5.886126408929905	
7900	 0.017895262402320963	 5.854732199574609	
7901	 0.01783927933070621	 5.824237724342023	
7902	 0.017784775769939455	 5.794610378746087	
7903	 0.017731701954481253	 5.765818332189223	
7904	 0.017680022512039078	 5.737837872922544	
7905	 0.01762968708546068	 5.710637460618967	
7906	 0.017580364354201412	 5.68403446589118	
7907	 0.017531491198489246	 5.657722990129956	
7908	 0.017484979433148973	 5.63272816834336	
7909	 0.017439679317959228	 5.60842704241349	
7910	 0.01739554472917849	 5.584791596521715	
7911	 0.01735246506793507	 5.561759619733308	
7912	 0.01731045128887002	 5.539334189059591	
7913	 0.017269439911767385	 5.517478772890131	
7914	 0.017229506657330793	 5.496231122643671	
7915	 0.017190632494939587	 5.475578504859826	
7916	 0.017152787949988892	 5.455502776918639	
7917	 0.01711591851005523	 5.4359726979807625	
7918	 0.01707997689464326	 5.4169610733531375	
7919	 0.017044917046941877	 5.398441546613616	
7920	 0.01701070589377918	 5.38039478622901	
7921	 0.01697731851203222	 5.362805888214516	
7922	 0.016944737906670695	 5.345664226566763	
7923	 0.016912946686916043	 5.328959052088131	
7924	 0.01688194906720014	 5.3126910304144905	
7925	 0.016851708876465928	 5.296839696782941	
7926	 0.01682220375161776	 5.281391937242466	
7927	 0.01679341005936959	 5.266334061360564	
7928	 0.016765323602101506	 5.251662612764818	
7929	 0.016737796739470175	 5.237299368527714	
7930	 0.016710336483059304	 5.22298656083865	
7931	 0.016682711397418604	 5.208603654092263	
7932	 0.01665721808592695	 5.195344727581332	
7933	 0.016632479309161594	 5.182491157191127	
7934	 0.016608226460664694	 5.1699024275911905	
7935	 0.016584553452356637	 5.157626484615632	
7936	 0.01656144180676097	 5.145652907751519	
7937	 0.016538894359998987	 5.133982358345079	
7938	 0.016516940041147597	 5.122628999132513	
7939	 0.016495578470564362	 5.1115918236365845	
7940	 0.01647476642655505	 5.100847739717527	
7941	 0.01645447880791355	 5.090383092631751	
7942	 0.016434694465595416	 5.080186323516774	
7943	 0.016415392303224505	 5.070245951405585	
7944	 0.016396550796968883	 5.0605503240381555	
7945	 0.016378162090175268	 5.0510948614039775	
7946	 0.01636020529928345	 5.041868317167686	
7947	 0.016342671054483383	 5.0328653977074715	
7948	 0.016325559118657126	 5.024085518408279	
7949	 0.01630884553719203	 5.0155159493345565	
7950	 0.016292519558101112	 5.007150766749564	
7951	 0.01627657112840563	 4.998984428786697	
7952	 0.016260988449727853	 4.9910105230304485	
7953	 0.0162457264922832	 4.983205671863692	
7954	 0.016229981913792015	 4.975159132764814	
7955	 0.01621306820353383	 4.9665208847371165	
7956	 0.016198703456891325	 4.9591891712730884	
7957	 0.01618467506093947	 4.952033312091344	
7958	 0.016170960740687985	 4.945041658350854	
7959	 0.016157554785290643	 4.9382110307004625	
7960	 0.01614444904820709	 4.931537022120376	
7961	 0.01613165642050252	 4.925025944915597	
7962	 0.01611918565860298	 4.918682000633491	
7963	 0.016107027425304187	 4.912500190591129	
7964	 0.01609517080974153	 4.9064747322938596	
7965	 0.0160836096507396	 4.900602271918081	
7966	 0.016072329491257187	 4.894875256234787	
7967	 0.016061318734463734	 4.889287601957944	
7968	 0.0160505653791795	 4.883833036129016	
7969	 0.01604005693028716	 4.878505050518705	
7970	 0.0160297791458229	 4.873296266697746	
7971	 0.016019723830605723	 4.86820238458749	
7972	 0.016009868122176238	 4.8632116885632435	
7973	 0.016000220399395457	 4.858328294918411	
7974	 0.01599078215782592	 4.853552833688103	
7975	 0.015981551523552958	 4.84888423256857	
7976	 0.015972524173925626	 4.844320185612455	
7977	 0.01596367708235547	 4.839848941706182	
7978	 0.015954718787753116	 4.835323179692179	
7979	 0.01594580401308677	 4.830821085553725	
7980	 0.015937503519660272	 4.826630720844661	
7981	 0.015929352020336282	 4.82251698905596	
7982	 0.015921366887731603	 4.818488576320244	
7983	 0.01591353630411004	 4.814539439725871	
7984	 0.015905885612072762	 4.8106822774336235	
7985	 0.015898426717889633	 4.806923002224145	
7986	 0.01589117089763006	 4.803267204108038	
7987	 0.015884079311752113	 4.79969522957218	
7988	 0.01587713297296728	 4.796197445389369	
7989	 0.015870327979223744	 4.792771823720239	
7990	 0.01586366079156377	 4.789416522947367	
7991	 0.01585712229619402	 4.786126900252899	
7992	 0.015850686343390152	 4.782889751388098	
7993	 0.015844320549938444	 4.779688753074448	
7994	 0.015838098715200952	 4.776560971878067	
7995	 0.01583199507731264	 4.773493405315589	
7996	 0.015825999291771045	 4.770480810733081	
7997	 0.015820109516525443	 4.767522221977787	
7998	 0.015814316013864453	 4.764612709789267	
7999	 0.015808617331103347	 4.761751509558627	
8000	 0.015803024502899804	 4.7589441253700056	
8001	 0.015797413392272478	 4.756128229654118	
8002	 0.01579104162016739	 4.752931409831192	
8003	 0.015784131461534838	 4.74946544478215	
8004	 0.015778925091816116	 4.7468547263040834	
8005	 0.01577382216691134	 4.744296437137316	
8006	 0.015768803253876373	 4.741780804435589	
8007	 0.015763863527542152	 4.739305383693661	
8008	 0.01575902120913943	 4.736879278388554	
8009	 0.015754264063679222	 4.734496330451887	
8010	 0.015749634523902368	 4.732177763244055	
8011	 0.015745133417999845	 4.729923953899574	
8012	 0.015740733031035268	 4.727720992076396	
8013	 0.01573641849903227	 4.725561410336312	
8014	 0.01573218040213749	 4.723440471447924	
8015	 0.01572802211221782	 4.721359841827509	
8016	 0.01572394264081109	 4.719319005940251	
8017	 0.015719946521091634	 4.717320210588556	
8018	 0.015716026150760037	 4.715359633012271	
8019	 0.015712187160101514	 4.71344006935459	
8020	 0.01570843912313643	 4.71156628578755	
8021	 0.01570476431590077	 4.7097294018506926	
8022	 0.015701147985159387	 4.707922027611625	
8023	 0.015697578545919664	 4.706138360989266	
8024	 0.01569405461110394	 4.704377698375654	
8025	 0.015690473384422293	 4.702588681043281	
8026	 0.01568598479730915	 4.700346772255855	
8027	 0.015680922245720357	 4.697818699344477	
8028	 0.015677506565246257	 4.696113327445545	
8029	 0.015674137692640755	 4.694431568270319	
8030	 0.015670811520335	 4.692771361709145	
8031	 0.01566752601961759	 4.691131686345789	
8032	 0.01566429749286496	 4.6895206679254775	
8033	 0.015661139140660203	 4.687944880429533	
8034	 0.01565807374646357	 4.6864156747848735	
8035	 0.015655094374345674	 4.684929573448728	
8036	 0.015652180544911822	 4.6834763469569385	
8037	 0.015649320342649032	 4.682050041568135	
8038	 0.015646506892402254	 4.680647219684131	
8039	 0.015643735905983638	 4.679265735168127	
8040	 0.015641007704937284	 4.677905740809314	
8041	 0.015638322953228055	 4.676567560103107	
8042	 0.0156356819115818	 4.675251315556386	
8043	 0.015633083221402208	 4.673956322833664	
8044	 0.015630534042465262	 4.6726861422374695	
8045	 0.015628022917300415	 4.671435057730216	
8046	 0.015625547206173405	 4.670201748276408	
8047	 0.015623104054702849	 4.668984786566964	
8048	 0.015620690657360294	 4.667782770287264	
8049	 0.015618244133722096	 4.66656438149223	
8050	 0.015615378325249342	 4.665137347223786	
8051	 0.01561212494687033	 4.663517533452873	
8052	 0.015609720003002087	 4.662320288572808	
8053	 0.01560729756090478	 4.6611144569196	
8054	 0.015604862125413064	 4.659902283248926	
8055	 0.015602425227584774	 4.658689507967743	
8056	 0.015600016744555084	 4.65749099800331	
8057	 0.015597640794083621	 4.656308797763202	
8058	 0.015595354500264658	 4.655171321268193	
8059	 0.015593147601507278	 4.654073450831213	
8060	 0.015591014646843206	 4.653012463948528	
8061	 0.01558888917223298	 4.651955294092211	
8062	 0.015586787616455017	 4.650910115472516	
8063	 0.015584711204307574	 4.649877533940462	
8064	 0.015582660502380706	 4.648857827891539	
8065	 0.015580635710001666	 4.647851093067022	
8066	 0.015578634839377228	 4.6468563379113315	
8067	 0.015576656295029577	 4.645872766264809	
8068	 0.015574698361616957	 4.644899522690466	
8069	 0.015572761318159729	 4.643936743293256	
8070	 0.015570842455630268	 4.642983079177033	
8071	 0.015568940792142426	 4.64203804018586	
8072	 0.015567055083963431	 4.641101006232287	
8073	 0.015565123324382047	 4.640141167175543	
8074	 0.015562625568421229	 4.638900217558487	
8075	 0.015559583741331965	 4.637389138668862	
8076	 0.015557628701677543	 4.636418043717271	
8077	 0.015555634584849255	 4.635427622405259	
8078	 0.01555360916189679	 4.63442173887174	
8079	 0.015551565795255443	 4.6334070324696315	
8080	 0.015549536171511093	 4.632399238576943	
8081	 0.01554754176285261	 4.631409015884252	
8082	 0.015545637403252637	 4.630463581524882	
8083	 0.015543812119877317	 4.6295574776472455	
8084	 0.015542027358411245	 4.628671558170069	
8085	 0.01554026711328389	 4.627797874536487	
8086	 0.01553852350085441	 4.626932511449983	
8087	 0.01553679039585112	 4.626072427398553	
8088	 0.015535068424732335	 4.625217932077804	
8089	 0.01553336073518563	 4.624370586072948	
8090	 0.015531670254251659	 4.623531840050748	
8091	 0.015529997336072344	 4.622701867846337	
8092	 0.015528335350095799	 4.621877378371674	
8093	 0.015526687929995616	 4.621060172893945	
8094	 0.015525051458989723	 4.6202484559606205	
8095	 0.015523425516400475	 4.6194420177875966	
8096	 0.015521809799233902	 4.618640707019134	
8097	 0.015520144675557953	 4.617814951401579	
8098	 0.01551776774464384	 4.616636304016491	
8099	 0.015514755734632658	 4.61514291320418	
8100	 0.015513053115770878	 4.61429881978538	
8101	 0.015511325304242166	 4.613442299941239	
8102	 0.015509573564465086	 4.612573983189952	
8103	 0.01550780593445219	 4.611697856107744	
8104	 0.015506042763176912	 4.610824005323691	
8105	 0.015504298681125813	 4.60995968057779	
8106	 0.01550263834746501	 4.609136919724439	
8107	 0.015501051262032758	 4.608350511171936	
8108	 0.01549951070304585	 4.607587208038306	
8109	 0.015497987864357209	 4.606832734515692	
8110	 0.015496470114093608	 4.606080831170975	
8111	 0.015494953141812309	 4.605329362299521	
8112	 0.015493438090116416	 4.604578893788146	
8113	 0.015491927806142383	 4.603830835620535	
8114	 0.015490425336785345	 4.6030866963475825	
8115	 0.015488931928071553	 4.602347092289214	
8116	 0.015487442631810705	 4.60160957224792	
8117	 0.01548596275369946	 4.6008767630358065	
8118	 0.015484491245774418	 4.600148144879686	
8119	 0.015483026179487186	 4.599422762161727	
8120	 0.015481566699389883	 4.598700190770957	
8121	 0.015480086287445224	 4.597967302661717	
8122	 0.015478160367374923	 4.5970139326241135	
8123	 0.015475565533975623	 4.595729561784709	
8124	 0.015474004927937442	 4.594957174048827	
8125	 0.015472419209476522	 4.594172410660393	
8126	 0.015470811294144106	 4.593376716909533	
8127	 0.015469190596441472	 4.592574753458195	
8128	 0.015467570478070052	 4.5917731326572016	
8129	 0.015465960589986963	 4.590976629160974	
8130	 0.015464410588588174	 4.590209807250151	
8131	 0.015462947242306997	 4.589485902671606	
8132	 0.015461558838463929	 4.588799113681834	
8133	 0.015460167614121856	 4.588110970740293	
8134	 0.015458772329574398	 4.587420860957135	
8135	 0.015457372754102671	 4.586728670592523	
8136	 0.015455968869911078	 4.5860343912316015	
8137	 0.015454543513502582	 4.585329535972348	
8138	 0.0154531163411312	 4.584623826118639	
8139	 0.015451688812249906	 4.583917983442989	
8140	 0.015450261386673521	 4.5832122353140665	
8141	 0.015448833178815182	 4.582506143912142	
8142	 0.01544740540127154	 4.581800308750056	
8143	 0.015445973640246314	 4.5810925479902584	
8144	 0.015444537866030882	 4.5803828473146755	
8145	 0.01544309810317039	 4.579671219224973	
8146	 0.015441468837443137	 4.578865979358002	
8147	 0.015438723272442365	 4.577509153657138	
8148	 0.015437108794324899	 4.576711372798067	
8149	 0.015435459556640453	 4.575896473220471	
8150	 0.015433797772376056	 4.575075433000774	
8151	 0.015432137254693178	 4.5742550774286475	
8152	 0.015430503560703657	 4.57344803115486	
8153	 0.015428937371802296	 4.572674385933959	
8154	 0.015427350250179914	 4.571890454052723	
8155	 0.015425825887331069	 4.571137571423195	
8156	 0.015424336086193235	 4.570401806742283	
8157	 0.015422857423472193	 4.569671589811503	
8158	 0.01542138562201584	 4.5689448075675285	
8159	 0.015419912556615172	 4.568217447482466	
8160	 0.015418437454041022	 4.567489127913751	
8161	 0.015416963780858559	 4.566761560479132	
8162	 0.015415494100178695	 4.56603601035829	
8163	 0.01541402726216794	 4.565311909582553	
8164	 0.01541255673872505	 4.5645860356128045	
8165	 0.015411084060510052	 4.563859144283808	
8166	 0.015409610198704965	 4.5631317151149675	
8167	 0.015408135533984168	 4.562403936084576	
8168	 0.015406660608339423	 4.561676074729042	
8169	 0.015405192071352353	 4.560951412264181	
8170	 0.015403371554129262	 4.560053125994315	
8171	 0.015400220748995939	 4.558498611444954	
8172	 0.015398632992234831	 4.55771533931223	
8173	 0.015397032864330503	 4.556926018718681	
8174	 0.015395436478541151	 4.556138598550712	
8175	 0.015393843241212367	 4.555352785636646	
8176	 0.015392284780439868	 4.554584177593136	
8177	 0.015390840785861155	 4.5538720687574745	
8178	 0.015389393329343762	 4.553158297359521	
8179	 0.015387940846211099	 4.552442092219414	
8180	 0.015386483074072026	 4.551723324436214	
8181	 0.015385020022217368	 4.551001999085965	
8182	 0.015383551758201752	 4.55027814996831	
8183	 0.015382078361097645	 4.549551816553916	
8184	 0.01538059991120575	 4.548823038910651	
8185	 0.015379116487787415	 4.54809185658564	
8186	 0.015377627265944832	 4.54735786349885	
8187	 0.015376129662364627	 4.546619787090797	
8188	 0.015374615379636013	 4.545873539286307	
8189	 0.015373057127121245	 4.545105674054871	
8190	 0.015371486043970536	 4.54433153875803	
8191	 0.015369903682446106	 4.543551899472767	
8192	 0.0153683128547884	 4.542768142810027	
8193	 0.015366681338780558	 4.541964396302792	
8194	 0.015364187447343934	 4.540735920975485	
8195	 0.01536061807743968	 4.5389779029587904	
8196	 0.015358864143988989	 4.538114139738262	
8197	 0.015357072780210645	 4.537232011003933	
8198	 0.015355239362823458	 4.536329244666161	
8199	 0.015353379099147696	 4.5354133327820705	
8200	 0.015351527605303214	 4.534501812234425	
8201	 0.015440068517184461	 4.57817393757576	
8202	 0.015492545447814253	 4.604136753601258	
8203	 0.015487346213952072	 4.6015618264245175	
8204	 0.015482286734286517	 4.599056665884732	
8205	 0.015477339594403965	 4.596607657158133	
8206	 0.015472488424016767	 4.594206663438522	
8207	 0.015467720005107146	 4.591847115019738	
8208	 0.015463022713094111	 4.589523236291519	
8209	 0.015458390626621474	 4.587232077350477	
8210	 0.015453821784243206	 4.584972649018588	
8211	 0.015449317545674706	 4.582745605071987	
8212	 0.015444883229177506	 4.580553555694749	
8213	 0.015440520141980427	 4.578397127110992	
8214	 0.015436228558403325	 4.576276435008962	
8215	 0.015432008848876733	 4.574191642779354	
8216	 0.015427860310106928	 4.572142383663982	
8217	 0.015423747323663565	 4.570111048998992	
8218	 0.01541874937874257	 4.5676431342557136	
8219	 0.015412107732712264	 4.564364408240186	
8220	 0.015408055306048085	 4.562364343189502	
8221	 0.015404042247650844	 4.560384053811893	
8222	 0.015400048480376833	 4.558413625289488	
8223	 0.015396072343849284	 4.5564522337376845	
8224	 0.015683977904552657	 4.699344530476448	
8225	 0.015927090224111477	 4.8213758007173615	
8226	 0.016073342587697183	 4.895389502877584	
8227	 0.01606500131352531	 4.891156124763476	
8228	 0.01604448660689044	 4.880750698090234	
8229	 0.016024461944948578	 4.8706023815932005	
8230	 0.016004888040875877	 4.860690672765864	
8231	 0.015985754872650783	 4.851009948163253	
8232	 0.015967056589559374	 4.841556720607575	
8233	 0.01594878389433266	 4.832325783365657	
8234	 0.01593092752494196	 4.823311973079448	
8235	 0.015913475573907238	 4.814508817202268	
8236	 0.01589640878426828	 4.8059061677379935	
8237	 0.015879730182237144	 4.797505134011458	
8238	 0.01586344032171498	 4.789305586274886	
8239	 0.01584753266512277	 4.781303837403415	
8240	 0.01583199810102815	 4.773494924779486	
8241	 0.015816790334094673	 4.765855232960883	
8242	 0.015800905644195336	 4.7578807129505165	
8243	 0.015784188606115513	 4.74949410294636	
8244	 0.01576995824634159	 4.742359674703089	
8245	 0.015756026446681573	 4.735379086908518	
8246	 0.015742383220928014	 4.728547077071736	
8247	 0.015729037420245902	 4.721867824508091	
8248	 0.016117361766565048	 4.917754451028838	
8249	 0.01683806508882257	 5.289694086123576	
8250	 0.016811589900046	 5.275839343306322	
8251	 0.016771081688127746	 5.254669114720265	
8252	 0.016731597617590424	 5.234066899199219	
8253	 0.016693098922036586	 5.214010022202155	
8254	 0.016655556271548494	 5.194480896717662	
8255	 0.016618942872563908	 5.175463398569263	
8256	 0.016583233101497306	 5.1569421434242795	
8257	 0.016548401998874876	 5.138902215949824	
8258	 0.016514425926650228	 5.121329502742894	
8259	 0.016481281406379993	 5.1042100838427595	
8260	 0.01644894583595709	 5.087530597757734	
8261	 0.016417397279167575	 5.071278126456597	
8262	 0.016386614437433056	 5.055440175151765	
8263	 0.016356576621523396	 5.040004652415741	
8264	 0.016327263723738595	 5.024959850869284	
8265	 0.0162986561510759	 5.010294408193234	
8266	 0.016270715587372305	 4.9959874576721965	
8267	 0.016243090476800993	 4.98185812806217	
8268	 0.016216355305922157	 4.968199218713209	
8269	 0.016190213645368313	 4.954858040114744	
8270	 0.016164668242028255	 4.941835022264345	
8271	 0.01613972775383431	 4.9291336193375	
8272	 0.01611537837926939	 4.916745868716707	
8273	 0.016091805807656366	 4.904765198082639	
8274	 0.016068789414899743	 4.8930784870408655	
8275	 0.016046311937109346	 4.881676178994571	
8276	 0.01602435865220954	 4.870550055678243	
8277	 0.016002852101503835	 4.859660190508701	
8278	 0.015981822722644486	 4.849021371989943	
8279	 0.015961301467007177	 4.838648607448835	
8280	 0.015941255838993845	 4.828524836095503	
8281	 0.01592171842777595	 4.818665896120175	
8282	 0.015902639764326754	 4.8090462289462295	
8283	 0.015883996690894256	 4.799653620377423	
8284	 0.01586577762725712	 4.790481730922437	
8285	 0.015847971522530452	 4.781524516338199	
8286	 0.015830567672918388	 4.772776134092138	
8287	 0.015813555676029798	 4.76423091888029	
8288	 0.015796925414186057	 4.755883372854108	
8289	 0.01578066704431088	 4.747728159239202	
8290	 0.015764770989484846	 4.73976009686173	
8291	 0.015749227931073456	 4.73197415502874	
8292	 0.015733971087208056	 4.724336566270364	
8293	 0.01571897308204449	 4.716833363204476	
8294	 0.015704301211789035	 4.7094979356144595	
8295	 0.015689835474403797	 4.7022700388853655	
8296	 0.01567571641715611	 4.695219645969628	
8297	 0.015661936093057077	 4.688342481592485	
8298	 0.01564850844269609	 4.681645200720353	
8299	 0.015635434276458214	 4.675127906555982	
8300	 0.015622679002504108	 4.668773076157747	
8301	 0.01561023203449941	 4.662575181137624	
8302	 0.015598050693102324	 4.656512742401511	
8303	 0.015586127642911904	 4.650581906481192	
8304	 0.01557445620613164	 4.644779158447271	
8305	 0.015563029978796203	 4.639101130060713	
8306	 0.015551842746622383	 4.6335445573171405	
8307	 0.015540888462953295	 4.628106268957029	
8308	 0.01553016124042237	 4.6227831818343725	
8309	 0.015519655345748971	 4.617572297868867	
8310	 0.015509365195330641	 4.612470701417968	
8311	 0.015499285351088906	 4.607475556797415	
8312	 0.01548940897847004	 4.602583344221137	
8313	 0.015479727245167411	 4.597789563354186	
8314	 0.015470139326368813	 4.593044202948644	
8315	 0.015460850171141368	 4.588448579567711	
8316	 0.015451698266532104	 4.583922657976578	
8317	 0.015442699561619859	 4.57947424087738	
8318	 0.01543392041658823	 4.575136025994655	
8319	 0.015425349113718434	 4.570902103174862	
8320	 0.015416945658051701	 4.566752613353694	
8321	 0.015408705309022335	 4.5626851269218935	
8322	 0.015400618920112099	 4.55869504565548	
8323	 0.015392627382727328	 4.554753139138605	
8324	 0.015384835729283463	 4.55091114077482	
8325	 0.015377209158560922	 4.547151799343055	
8326	 0.015369726557862754	 4.543464632427778	
8327	 0.015362384033028953	 4.5398476531786125	
8328	 0.015355178032986576	 4.536299047376967	
8329	 0.015348105149051031	 4.532817074274994	
8330	 0.015341162070924343	 4.5294000447372245	
8331	 0.015334345575265295	 4.526046315452028	
8332	 0.015327646378517306	 4.522751265687847	
8333	 0.015321050778838753	 4.519508108723167	
8334	 0.015314536295752964	 4.5163057515626015	
8335	 0.015308130198748495	 4.5131575597713445	
8336	 0.015301811096095679	 4.510052980571992	
8337	 0.015295570436457122	 4.506987779231052	
8338	 0.015288999969719119	 4.503761488656879	
8339	 0.01528142915200329	 4.500045142597701	
8340	 0.015275565043297067	 4.4971674254666985	
8341	 0.015269789005832174	 4.494333647762426	
8342	 0.015264084470888091	 4.4915356511703495	
8343	 0.015258450487317873	 4.488772943216811	
8344	 0.015252922273090334	 4.486062761789345	
8345	 0.01524749316713234	 4.483401804995676	
8346	 0.01524217725922947	 4.48079694169631	
8347	 0.015236969268347306	 4.478245546392782	
8348	 0.01523186447600931	 4.475745272213791	
8349	 0.015226841019116323	 4.473285380574553	
8350	 0.01522192010041891	 4.470876224461387	
8351	 0.015217080577014397	 4.468507423757433	
8352	 0.015212309702465364	 4.466172716145769	
8353	 0.015207607593375916	 4.463872137653431	
8354	 0.015202970458661856	 4.461603813249428	
8355	 0.015198409792372292	 4.459373344385063	
8356	 0.015193938561025157	 4.457187048272997	
8357	 0.015189525112134294	 4.45502942662242	
8358	 0.015185173412416085	 4.452902401727867	
8359	 0.015180886642868168	 4.450807510699537	
8360	 0.015176660401545097	 4.448742585082384	
8361	 0.015172502751535982	 4.446711546952641	
8362	 0.015167931879087312	 4.444479075214354	
8363	 0.015162504356828763	 4.441828787319281	
8364	 0.015158513622639124	 4.439880494084102	
8365	 0.01515459439929098	 4.437967445524583	
8366	 0.015150736258194011	 4.436084534522392	
8367	 0.015146932472220636	 4.434228463672682	
8368	 0.015143182390005649	 4.432398901925124	
8369	 0.015139493455975693	 4.43059946736994	
8370	 0.01513587345516355	 4.428833942063525	
8371	 0.015132324439657858	 4.42710331054503	
8372	 0.015128827963688304	 4.425398563844443	
8373	 0.01512537377082793	 4.423714690650209	
8374	 0.015121960645746889	 4.422051089245385	
8375	 0.015118587557586455	 4.4204072482724985	
8376	 0.015115253534163396	 4.4187826853653345	
8377	 0.015111957634834599	 4.417176933900183	
8378	 0.015108698944057716	 4.415589539840269	
8379	 0.015105476569504705	 4.414020060800783	
8380	 0.015102289641193579	 4.412468065610972	
8381	 0.015099137310858428	 4.410933133993044	
8382	 0.01509601777403429	 4.409414380481004	
8383	 0.015092922130158169	 4.407907466122371	
8384	 0.01508978959595731	 4.406382803825555	
8385	 0.01508668723881435	 4.404873037213007	
8386	 0.015083037351961077	 4.403097079444635	
8387	 0.015079981757241722	 4.401610511971576	
8388	 0.015076930598743694	 4.400126303110889	
8389	 0.015073881480307501	 4.3986432866480145	
8390	 0.01507083494113007	 4.39716172439421	
8391	 0.015067791318594486	 4.39568177989546	
8392	 0.01506478865945763	 4.39422194889707	
8393	 0.015061814864880658	 4.392776342430866	
8394	 0.015058910987098547	 4.391364907184444	
8395	 0.015056086809153562	 4.389992384229382	
8396	 0.01505331073928637	 4.388643408596025	
8397	 0.015050565970412592	 4.387309806098299	
8398	 0.015047845498363334	 4.3859881686961915	
8399	 0.015045144682216507	 4.38467623792247	
8400	 0.015042463673455367	 4.3833740839292314	
8401	 0.015039811093660253	 4.382085890017998	
8402	 0.015037187932670263	 4.380812131947545	
8403	 0.015034592032652389	 4.379551757120935	
8404	 0.015032030209681593	 4.3783080697854	
8405	 0.01502949648954221	 4.377078164500457	
8406	 0.015026992285762214	 4.375862722707421	
8407	 0.01502451319771169	 4.374659604100453	
8408	 0.015022060572657696	 4.3734694583956815	
8409	 0.015019632111287932	 4.37229116583816	
8410	 0.01501679018537276	 4.37091242103305	
8411	 0.015014351899292563	 4.369729638522235	
8412	 0.015011895019230512	 4.368537965815184	
8413	 0.015009416162029653	 4.367335765191453	
8414	 0.01500692579782139	 4.366128117159416	
8415	 0.015004431640806762	 4.364918763790526	
8416	 0.015001964466449892	 4.363722625471512	
8417	 0.014999518313945363	 4.362536808454753	
8418	 0.014997131304461718	 4.361379786374336	
8419	 0.014994801112538723	 4.360250423100117	
8420	 0.01499251797657714	 4.359143979695562	
8421	 0.014990263379973837	 4.358051477137303	
8422	 0.014988033790281038	 4.356971199819848	
8423	 0.014985823939501985	 4.35590059207956	
8424	 0.014983630432034442	 4.35483800627326	
8425	 0.014981451858619826	 4.353782757510133	
8426	 0.014979288853466914	 4.352735150842545	
8427	 0.014977138556479065	 4.351693799068591	
8428	 0.014975010501116727	 4.350663316657346	
8429	 0.014972896012329739	 4.349639500368919	
8430	 0.014970796053387941	 4.348622814693614	
8431	 0.014968709404131765	 4.34761266701026	
8432	 0.014966633486834665	 4.346607807821863	
8433	 0.014964568580914299	 4.345608370926694	
8434	 0.014962311081382455	 4.344515821828579	
8435	 0.014960224533685333	 4.343506105031569	
8436	 0.014958093248660096	 4.342474835983841	
8437	 0.014955924616611624	 4.341425596303559	
8438	 0.014953747048310961	 4.340372135086229	
8439	 0.014951561395709904	 4.339314865691784	
8440	 0.01494939164826987	 4.338265392036576	
8441	 0.014947225256805525	 4.337217642921842	
8442	 0.01494509825452739	 4.33618904240079	
8443	 0.014943030847069038	 4.3351893549629485	
8444	 0.014941008282448558	 4.334211440341828	
8445	 0.014939016690203798	 4.333248587168015	
8446	 0.014937040896763395	 4.3322934566239075	
8447	 0.014935072460325266	 4.331341966326728	
8448	 0.014933111410674329	 4.3303941297381545	
8449	 0.01493115963341077	 4.329450857174334	
8450	 0.014929217112264121	 4.32851213960505	
8451	 0.0149272810897756	 4.3275766435090475	
8452	 0.014925363642123365	 4.326650202593655	
8453	 0.014923461766680322	 4.325731363981618	
8454	 0.014921572302611992	 4.324818598882554	
8455	 0.014919696560011905	 4.323912538583535	
8456	 0.014917829179425112	 4.323010592909779	
8457	 0.01491596627645532	 4.322110884922469	
8458	 0.014914042423547658	 4.32118181916597	
8459	 0.014912157835783939	 4.320271792770962	
8460	 0.014910221999769723	 4.3193370995365	
8461	 0.014908259045806206	 4.3183893953599375	
8462	 0.014906286226774373	 4.317437012191897	
8463	 0.014904315315680598	 4.316485633990765	
8464	 0.014902347256272363	 4.3155357160126915	
8465	 0.01490037730046679	 4.314584966455951	
8466	 0.014898436311266966	 4.3136482788571975	
8467	 0.014896543566830893	 4.312734951685371	
8468	 0.01489474632083486	 4.311867778050146	
8469	 0.014892899863965766	 4.310976932747345	
8470	 0.014891064733954797	 4.31009162517691	
8471	 0.01488923781695003	 4.30921035198807	
8472	 0.014887418576860992	 4.30833285364246	
8473	 0.014885607400513864	 4.307459315798356	
8474	 0.014883802880661571	 4.306589058873544	
8475	 0.014882004597939154	 4.305721879871884	
8476	 0.01488022391436762	 4.3048632564741816	
8477	 0.014878451340344614	 4.3040086114293485	
8478	 0.014876685504032343	 4.3031572824566435	
8479	 0.014874925307536367	 4.302308739543417	
8480	 0.014873168804691136	 4.301462043966175	
8481	 0.014871414787425558	 4.300616613043352	
8482	 0.014869663068143153	 4.2997723560846985	
8483	 0.01486791360961052	 4.298929254889027	
8484	 0.01486616638154371	 4.298087294609787	
8485	 0.01486442135577944	 4.297246461427102	
8486	 0.014862671902838215	 4.2964035610832925	
8487	 0.014860909192129679	 4.295554339936876	
8488	 0.014859025895084962	 4.2946470981088	
8489	 0.014857127819574033	 4.293732814601139	
8490	 0.014855398255727882	 4.292899769237839	
8491	 0.014853673126012842	 4.292068923984354	
8492	 0.014851950381855914	 4.2912392918417765	
8493	 0.014850229578297191	 4.290410658288935	
8494	 0.014848510604373397	 4.289582969684816	
8495	 0.014846793422604707	 4.288756207783416	
8496	 0.014845078011589827	 4.287930362084837	
8497	 0.014843364355144842	 4.287105424604043	
8498	 0.014841652437569927	 4.286281387591594	
8499	 0.014839942243797978	 4.285458243605084	
8500	 0.014838233759287492	 4.284635985457465	
8501	 0.014836526969959307	 4.283814606186504	
8502	 0.014834821862162577	 4.282994099038322	
8503	 0.014833118422654053	 4.2821744574573355	
8504	 0.014831416638582853	 4.281355675078855	
8505	 0.014829716497477484	 4.280537745722763	
8506	 0.014828017987233849	 4.279720663387671	
8507	 0.01482632109610379	 4.278904422245338	
8508	 0.014824623245317331	 4.278087781817977	
8509	 0.014822789266476505	 4.2772057359144915	
8510	 0.014820863964466382	 4.276279846719012	
8511	 0.014818895598581948	 4.27533333074185	
8512	 0.014816946149183368	 4.274395993626625	
8513	 0.01481501874500831	 4.273469337151435	
8514	 0.014813171163356417	 4.272581133155087	
8515	 0.014811390893960915	 4.271725358629705	
8516	 0.014809656695601761	 4.270891796358475	
8517	 0.014807961113474856	 4.270076858333942	
8518	 0.014806278488818832	 4.269268209481066	
8519	 0.014804573033597987	 4.268448651052504	
8520	 0.014802864124768706	 4.267627496118329	
8521	 0.014801161361977512	 4.266809357298221	
8522	 0.014799467157331561	 4.265995392744899	
8523	 0.014797781319809087	 4.265185509755274	
8524	 0.014796118556051114	 4.264386771744308	
8525	 0.014794470693881599	 4.263595251011535	
8526	 0.014792839860933346	 4.262811967821494	
8527	 0.014791209904679234	 4.262029163224537	
8528	 0.014789580579297334	 4.261246719084281	
8529	 0.014787951843711617	 4.260464615612486	
8530	 0.014786323699880852	 4.259682853689358	
8531	 0.014784696159006181	 4.25890143863213	
8532	 0.01478306923410781	 4.258120376629748	
8533	 0.014781442938382903	 4.257339673954287	
8534	 0.014779817284839998	 4.256559336785448	
8535	 0.014778054474841871	 4.255713227201232	
8536	 0.014776163327639173	 4.254805593422885	
8537	 0.014774287668167076	 4.253905469289175	
8538	 0.014772485056082627	 4.253040472195405	
8539	 0.014770738278697201	 4.252202334934963	
8540	 0.014769028050478295	 4.251381798681324	
8541	 0.014767335471701965	 4.250569792672635	
8542	 0.01476565042498391	 4.249761461760597	
8543	 0.014763969030304637	 4.248954944057269	
8544	 0.014762293526862058	 4.248151313124122	
8545	 0.014760626189115738	 4.247351659110162	
8546	 0.014758968503776296	 4.246556694078075	
8547	 0.014757320186277843	 4.245766280538245	
8548	 0.01475568251075154	 4.2449810284023615	
8549	 0.014754052493669453	 4.244199506120697	
8550	 0.014752429980970526	 4.243421639026643	
8551	 0.01475081426097364	 4.242647085173297	
8552	 0.014749204866170328	 4.241875619756785	
8553	 0.014747601146463622	 4.2411069305266205	
8554	 0.014745684590268359	 4.2401883667134745	
8555	 0.014744111516455407	 4.239434486027504	
8556	 0.014742542893134451	 4.238682791590169	
8557	 0.014740975121885597	 4.23793155874673	
8558	 0.014739407474936128	 4.23718043872065	
8559	 0.014737839816076749	 4.236429366244973	
8560	 0.014736102588536328	 4.235597114856397	
8561	 0.01473430979036309	 4.234738309893662	
8562	 0.014732574652544256	 4.233907192333909	
8563	 0.014730890124709971	 4.233100378991396	
8564	 0.014729237067756104	 4.2323086985829645	
8565	 0.014727598845303638	 4.231524181135526	
8566	 0.014725974438620953	 4.230746337271246	
8567	 0.014724375644734448	 4.229980813897004	
8568	 0.014722820235269407	 4.229236116727163	
8569	 0.014721274822620076	 4.228496257764544	
8570	 0.014719729448140184	 4.227756468850999	
8571	 0.01471818388903945	 4.227016643343376	
8572	 0.014716638123534671	 4.226276770835994	
8573	 0.01471509217238257	 4.225536861285475	
8574	 0.014713546065139648	 4.224796928856886	
8575	 0.014711999832751572	 4.224056988376093	
8576	 0.01471045350592161	 4.223317054548824	
8577	 0.014708907114756083	 4.222577141791077	
8578	 0.01470736068869468	 4.221837264195876	
8579	 0.014705814256505263	 4.221097435530901	
8580	 0.014704267846245747	 4.220357669220364	
8581	 0.014702694312234064	 4.219604980781427	
8582	 0.014701021546216154	 4.218804884329421	
8583	 0.014699317551990413	 4.217989913593722	
8584	 0.014697637117865692	 4.217186272647285	
8585	 0.014695966316075252	 4.216387298939287	
8586	 0.014694431372963711	 4.215653345919432	
8587	 0.014692898566641976	 4.214920465636221	
8588	 0.014691366150427243	 4.214187822824355	
8589	 0.014689833778612188	 4.213455252182479	
8590	 0.014688301397956792	 4.212722728258495	
8591	 0.014686769018897716	 4.211990256043571	
8592	 0.014685236665445885	 4.211257847015269	
8593	 0.014683704364153068	 4.210525513862258	
8594	 0.014682172141670412	 4.209793269317168	
8595	 0.014680640024209051	 4.209061125898827	
8596	 0.014679106518327576	 4.208328370011494	
8597	 0.014677556883075099	 4.2075879588581975	
8598	 0.014675944738795953	 4.206817736384431	
8599	 0.014674329750651091	 4.206046211770518	
8600	 0.014672714832479393	 4.205274777185898	
8601	 0.014671106493857123	 4.204506541860435	
8602	 0.01466904475179122	 4.203521817005468	
8603	 0.014667399476550538	 4.202736070339682	
8604	 0.01466571307959868	 4.2019307458424775	
8605	 0.014663981911318702	 4.201104105392445	
8606	 0.014662229980952055	 4.200267617187216	
8607	 0.014660467558314827	 4.199426186502909	
8608	 0.014658781244816588	 4.198621155613521	
8609	 0.014657126418779476	 4.1978312165732525	
8610	 0.014655495562548975	 4.197052777803192	
8611	 0.01465389390476727	 4.196288332215167	
8612	 0.014652309949448552	 4.1955323905090705	
8613	 0.014650739666448039	 4.194783027682766	
8614	 0.014649179411789032	 4.194038503564186	
8615	 0.014647626435643993	 4.193297505109268	
8616	 0.014646078189149087	 4.192558815528461	
8617	 0.014644533598630839	 4.19182192213629	
8618	 0.014642997077226019	 4.1910889297648835	
8619	 0.014641474077329932	 4.190362438383444	
8620	 0.01463995951044243	 4.189640019620379	
8621	 0.014638455122971754	 4.188922505561912	
8622	 0.014636958303673833	 4.188208649912659	
8623	 0.014635466792528348	 4.187497374208306	
8624	 0.014633977551008526	 4.18678722906146	
8625	 0.014632489825523669	 4.186077854940137	
8626	 0.014630713141587048	 4.1852307632567305	
8627	 0.014629165431355735	 4.184492898100629	
8628	 0.014627570718948857	 4.183732679265341	
8629	 0.014625930299909396	 4.182950729170666	
8630	 0.014624253728254493	 4.182151606367125	
8631	 0.014622556350357602	 4.181342628670706	
8632	 0.01462085440257487	 4.180531535801194	
8633	 0.014619151157109909	 4.179719887511947	
8634	 0.014617493176657736	 4.178929869927634	
8635	 0.014615885478050306	 4.178163868381944	
8636	 0.014614299230700251	 4.177408142519026	
8637	 0.014612721408872908	 4.176656485022803	
8638	 0.014611147014358195	 4.17590651419093	
8639	 0.014609578531367682	 4.1751594129130805	
8640	 0.014608018866179519	 4.174416564759556	
8641	 0.014606467628943475	 4.173677783174659	
8642	 0.014604923623657244	 4.17294249776818	
8643	 0.01460338516585178	 4.172209905721378	
8644	 0.014601853216867857	 4.171480464208408	
8645	 0.014600326071432645	 4.1707533606956435	
8646	 0.014598802303717094	 4.1700279159125	
8647	 0.01459728150202347	 4.169303933541877	
8648	 0.014595763471237262	 4.16858132041612	
8649	 0.01459424837382113	 4.167860153590067	
8650	 0.014592187386133154	 4.166879230160264	
8651	 0.014590605536104338	 4.166126414095522	
8652	 0.014588963648949342	 4.165345083391065	
8653	 0.014587271060735365	 4.164539686755875	
8654	 0.014585531476993274	 4.163711992812028	
8655	 0.014583763994287303	 4.162871091941649	
8656	 0.014581998678959365	 4.1620312900415435	
8657	 0.014580269435157044	 4.161208713924477	
8658	 0.014578677950738382	 4.160451725413201	
8659	 0.014577107654097787	 4.159704868848503	
8660	 0.014575577170504256	 4.158976999575899	
8661	 0.014574063746999103	 4.158257293863054	
8662	 0.014572561053428046	 4.157542740044499	
8663	 0.014571068217715217	 4.156832922426839	
8664	 0.01456958492190184	 4.156127688882856	
8665	 0.014568113162408884	 4.155427987593584	
8666	 0.014566656466195402	 4.154735494064746	
8667	 0.014565214798060824	 4.1540501901335345	
8668	 0.014563776802574263	 4.1533666770602276	
8669	 0.014562342818686989	 4.152685115597223	
8670	 0.01456101308507356	 4.1520531434648085	
8671	 0.014559682539365171	 4.1514208238835275	
8672	 0.014558349870158485	 4.150787533759594	
8673	 0.014557014864465943	 4.150153172075598	
8674	 0.01455566310049415	 4.1495108867883	
8675	 0.0145543235955662	 4.148874465561935	
8676	 0.014552798320848844	 4.148149829543166	
8677	 0.01455118123457939	 4.147381630474276	
8678	 0.014549533902780897	 4.146599121743318	
8679	 0.014547839113041736	 4.145794131377429	
8680	 0.014546114383496294	 4.1449749844012755	
8681	 0.014544448571659518	 4.144183881403943	
8682	 0.014542918488410835	 4.1434572898633455	
8683	 0.014541480461560383	 4.142774459654379	
8684	 0.01454012123361231	 4.142129087564725	
8685	 0.0145387732918992	 4.141489113987249	
8686	 0.014537437901188156	 4.140855138358341	
8687	 0.014536104545960066	 4.140222167807498	
8688	 0.014534771056696278	 4.139589172338917	
8689	 0.014533444623161326	 4.138959564570031	
8690	 0.014532125607171063	 4.138333515615374	
8691	 0.014530804532738651	 4.137706527625477	
8692	 0.014529481097921024	 4.137078457488601	
8693	 0.014528153069242808	 4.1364482455533125	
8694	 0.014526812458867444	 4.135812101963968	
8695	 0.014525433355874464	 4.1351577337777226	
8696	 0.014524018713180322	 4.134486545452695	
8697	 0.014522584802640848	 4.133806259822893	
8698	 0.014520605550670062	 4.132867323148647	
8699	 0.014519110188165029	 4.13215799521445	
8700	 0.014517580229828084	 4.1314323070894545	
8701	 0.01451603414067582	 4.130699019606751	
8702	 0.014514512557258252	 4.129977405670408	
8703	 0.014513025462813299	 4.1292721969259905	
8704	 0.014511509878329568	 4.1285535272229525	
8705	 0.014510008433475854	 4.127841611680452	
8706	 0.01450855746742394	 4.127153677506031	
8707	 0.014507165599748932	 4.126493806241792	
8708	 0.014505787377305042	 4.125840445639133	
8709	 0.01450436823730463	 4.125167730890201	
8710	 0.014502958045747423	 4.124499301435004	
8711	 0.014501556372388627	 4.123834952534258	
8712	 0.014500161850871385	 4.123174035861268	
8713	 0.014498772635876206	 4.122515676282382	
8714	 0.01449738734284139	 4.121859217225428	
8715	 0.014496005627940468	 4.121204495420523	
8716	 0.014494632663255224	 4.1205539610896125	
8717	 0.014493262406922124	 4.119904750979923	
8718	 0.014491894874110121	 4.119256872036299	
8719	 0.014490529904019302	 4.118610247843529	
8720	 0.014489167042347853	 4.117964662979062	
8721	 0.014487805948368246	 4.1173199558695	
8722	 0.014486309200542417	 4.116611040444247	
8723	 0.014484928772233683	 4.115957261551939	
8724	 0.014483530427759734	 4.115295039807368	
8725	 0.014482116229144134	 4.114625353279057	
8726	 0.014480690172105343	 4.113950095400706	
8727	 0.014479248439808882	 4.113267460134487	
8728	 0.014477811814855244	 4.1125872881789975	
8729	 0.014476378800517962	 4.111908870498937	
8730	 0.014474956766123807	 4.111235695200058	
8731	 0.014473553829769647	 4.110571603904667	
8732	 0.014472163901645739	 4.109913712478157	
8733	 0.014470784587321806	 4.109260886497398	
8734	 0.014469412994075033	 4.108611756017633	
8735	 0.014468046766898866	 4.107965205904714	
8736	 0.014466685476702582	 4.107321032637596	
8737	 0.01446532887915918	 4.106679120171287	
8738	 0.014463976540305125	 4.106039262767681	
8739	 0.014462627921911319	 4.105401205412601	
8740	 0.014461286593943658	 4.1047666366416244	
8741	 0.014459946679992546	 4.104132776003197	
8742	 0.014458606324782377	 4.103498745797883	
8743	 0.014457263870158478	 4.102863761778995	
8744	 0.014455918151255086	 4.102227273199295	
8745	 0.01445456959687207	 4.101589483139257	
8746	 0.014453079548649661	 4.100884820613497	
8747	 0.01445169065649778	 4.100228039674346	
8748	 0.014450267252903881	 4.099554982584645	
8749	 0.014448805709558052	 4.098863937084341	
8750	 0.014447309323864605	 4.098156465738222	
8751	 0.014445788748254813	 4.0974376077601935	
8752	 0.014444273287340534	 4.096721217963232	
8753	 0.014442764441934744	 4.096008005232943	
8754	 0.014441281039141638	 4.095306867336006	
8755	 0.014439842686567181	 4.094627068501779	
8756	 0.014438430424489163	 4.093959644562995	
8757	 0.01443704102339772	 4.0933030670157216	
8758	 0.014435672672549913	 4.092656478176005	
8759	 0.014434329381335473	 4.09202177054477	
8760	 0.014433012935634967	 4.091399785673912	
